pseudo,pseudo_text,template,stat_ids,status,weights,sources,corpus_items,local,search,note
pseudo.pseudo_adds_physical_damage,Adds # to # Physical Damage,Adds # to # Physical Damage to Attacks,crafted.stat_3032590688;explicit.stat_3032590688;fractured.stat_3032590688;implicit.stat_3032590688,text-only,-,search/item-facts/data/mod-templates.csv#L32,543,attack_minimum_added_physical_damage=not local;attack_maximum_added_physical_damage=not local,L005.1,reach: Adds # to # + Physical + Damage
pseudo.pseudo_adds_physical_damage,Adds # to # Physical Damage,Adds # to # Physical Damage,crafted.stat_1940865751;explicit.stat_1940865751;explicit.stat_960081730;fractured.stat_1940865751;fractured.stat_960081730;implicit.stat_1940865751;scourge.stat_1940865751,text-only,-,search/item-facts/data/mod-templates.csv#L28,485,global_minimum_added_physical_damage=not local;global_maximum_added_physical_damage=not local;local_minimum_added_physical_damage=local;local_maximum_added_physical_damage=local,L002.1,reach: Adds # to # + Physical + Damage
pseudo.pseudo_adds_physical_damage,Adds # to # Physical Damage,Adds # to # Physical Damage to Hits against Cursed Enemies,,text-only,-,search/item-facts/data/mod-templates.csv#L1115,15,,L138.1,"family: against, represented by `Adds # to # Physical Damage against Bleeding Enemies`; reach: Adds # to # + Physical + Damage"
pseudo.pseudo_adds_physical_damage,Adds # to # Physical Damage,Adds # to # Physical Damage to Attacks per Level,explicit.stat_3821472155,text-only,-,search/item-facts/data/mod-templates.csv#L1397,12,attack_minimum_added_physical_damage_per_level=not local;attack_maximum_added_physical_damage_per_level=not local,L043.1,represents the family `per` (2 templates); reach: Adds # to # + Physical + Damage
pseudo.pseudo_adds_physical_damage,Adds # to # Physical Damage,Adds # to # Physical Damage to Attacks per # Dexterity,explicit.stat_2066426995,text-only,-,search/item-facts/data/mod-templates.csv#L2278,6,,L043.1,"family: per, represented by `Adds # to # Physical Damage to Attacks per Level`; reach: Adds # to # + Physical + Damage"
pseudo.pseudo_adds_physical_damage,Adds # to # Physical Damage,Adds # to # Physical Damage to Attacks with this Weapon per # Player Levels,explicit.stat_1454603936,text-only,-,search/item-facts/data/mod-templates.csv#L2279,6,,L059.1,represents the family `a monster's or an enemy's` (2 templates); reach: Adds # to # + Physical + Damage
pseudo.pseudo_adds_physical_damage,Adds # to # Physical Damage,Adds # to # Physical Damage to Spells,explicit.stat_2435536961;fractured.stat_2435536961;implicit.stat_2435536961;scourge.stat_2435536961,text-only,-,search/item-facts/data/mod-templates.csv#L3415,5,spell_minimum_added_physical_damage=not local;spell_maximum_added_physical_damage=not local,L067.1,reach: Adds # to # + Physical + Damage
pseudo.pseudo_adds_physical_damage,Adds # to # Physical Damage,Adds # to # Physical Damage to Attacks against you,crafted.stat_2093523445;explicit.stat_2093523445;fractured.stat_2093523445,text-only,-,search/item-facts/data/mod-templates.csv#L2903,4,from_self_minimum_added_attack_physical_damage_taken=not local;from_self_maximum_added_attack_physical_damage_taken=not local,L059.1,"family: a monster's or an enemy's, represented by `Adds # to # Physical Damage to Attacks with this Weapon per # Player Levels`; reach: Adds # to # + Physical + Damage"
pseudo.pseudo_adds_physical_damage,Adds # to # Physical Damage,Adds # to # [Physical|Physical] Damage to [Attack|Attacks],crafted.stat_3032590688;explicit.stat_3032590688;fractured.stat_3032590688;implicit.stat_3032590688,text-only,-,search/item-facts/data/mod-templates.csv#L4075,4,attack_minimum_added_physical_damage=not local;attack_maximum_added_physical_damage=not local,L005.1,reach: Adds # to # + Physical + Damage
pseudo.pseudo_adds_physical_damage,Adds # to # Physical Damage,Gloves: Adds # to # Physical Damage to Attacks,,text-only,-,search/item-facts/data/mod-templates.csv#L3012,4,,none: no stat id displays this text,represents the family `a description` (3 templates); reach: Adds # to # + Physical + Damage
pseudo.pseudo_adds_physical_damage,Adds # to # Physical Damage,Other Jewellery: Adds # to # Physical Damage to Attacks,,text-only,-,search/item-facts/data/mod-templates.csv#L3072,4,,none: no stat id displays this text,"family: a description, represented by `Gloves: Adds # to # Physical Damage to Attacks`; reach: Adds # to # + Physical + Damage"
pseudo.pseudo_adds_physical_damage,Adds # to # Physical Damage,Quiver: Adds # to # Physical Damage to Attacks,,text-only,-,search/item-facts/data/mod-templates.csv#L3082,4,,none: no stat id displays this text,"family: a description, represented by `Gloves: Adds # to # Physical Damage to Attacks`; reach: Adds # to # + Physical + Damage"
pseudo.pseudo_adds_physical_damage,Adds # to # Physical Damage,Adds # to # Physical Damage against Bleeding Enemies,explicit.stat_1244003614,text-only,-,search/item-facts/data/mod-templates.csv#L4074,2,global_minimum_added_physical_damage_vs_bleeding_enemies=not local;global_maximum_added_physical_damage_vs_bleeding_enemies=not local;minimum_added_physical_damage_vs_bleeding_enemies=not local;maximum_added_physical_damage_vs_bleeding_enemies=not local,L138.1,represents the family `against` (2 templates); reach: Adds # to # + Physical + Damage
pseudo.pseudo_adds_physical_damage,Adds # to # Physical Damage,Adds # to # Physical Damage to Attacks while you have a Bestial Minion,explicit.stat_242822230,text-only,-,search/item-facts/data/mod-templates.csv#L4962,1,attack_minimum_added_physical_damage_if_you_have_beast_minion=not local;attack_maximum_added_physical_damage_if_you_have_beast_minion=not local,L151.1,represents the family `a minion's or ally's` (1 templates); reach: Adds # to # + Physical + Damage
pseudo.pseudo_adds_lightning_damage,Adds # to # Lightning Damage,Adds # to # Lightning Damage to Attacks,crafted.stat_1754445556;explicit.stat_1754445556;fractured.stat_1754445556;implicit.stat_1754445556,text-only,-,search/item-facts/data/mod-templates.csv#L60,272,attack_minimum_added_lightning_damage=not local;attack_maximum_added_lightning_damage=not local,L007.1,reach: Adds # to # + Lightning + Damage
pseudo.pseudo_adds_lightning_damage,Adds # to # Lightning Damage,Adds # to # Lightning Damage,crafted.stat_1334060246;crafted.stat_3336890334;enchant.stat_3336890334;explicit.stat_1334060246;explicit.stat_3336890334;fractured.stat_1334060246;fractured.stat_3336890334;implicit.stat_1334060246;implicit.stat_3336890334;scourge.stat_3336890334,text-only,-,search/item-facts/data/mod-templates.csv#L73,269,global_minimum_added_lightning_damage=not local;global_maximum_added_lightning_damage=not local;local_minimum_added_lightning_damage=local;local_maximum_added_lightning_damage=local,L003.1,reach: Adds # to # + Lightning + Damage
pseudo.pseudo_adds_lightning_damage,Adds # to # Lightning Damage,Adds # to # Lightning Damage to Spells,crafted.stat_2831165374;explicit.stat_2831165374;fractured.stat_2831165374;implicit.stat_2831165374;scourge.stat_2831165374,text-only,-,search/item-facts/data/mod-templates.csv#L191,98,spell_minimum_added_lightning_damage=not local;spell_maximum_added_lightning_damage=not local,L012.1,reach: Adds # to # + Lightning + Damage
pseudo.pseudo_adds_lightning_damage,Adds # to # Lightning Damage,Adds # to # Lightning Damage to Spells and Attacks,explicit.stat_2885144362;implicit.stat_2885144362,text-only,-,search/item-facts/data/mod-templates.csv#L5774,57,spell_and_attack_minimum_added_lightning_damage=not local;spell_and_attack_maximum_added_lightning_damage=not local,L015.1,reach: Adds # to # + Lightning + Damage
pseudo.pseudo_adds_lightning_damage,Adds # to # Lightning Damage,Adds # to # Lightning Damage to Spells during Effect,explicit.stat_4108305628,text-only,-,search/item-facts/data/mod-templates.csv#L2537,5,local_unique_flask_minimum_added_lightning_damage_to_spells_during_flask_effect=local;local_unique_flask_maximum_added_lightning_damage_to_spells_during_flask_effect=local,L066.1,represents the family `during a flask's effect` (2 templates); reach: Adds # to # + Lightning + Damage
pseudo.pseudo_adds_lightning_damage,Adds # to # Lightning Damage,Adds # to # Lightning Damage for each Shocked Enemy you've Killed Recently,explicit.stat_4222857095;fractured.stat_4222857095,text-only,-,search/item-facts/data/mod-templates.csv#L2901,4,minimum_added_lightning_damage_per_shocked_enemy_killed_recently=not local;maximum_added_lightning_damage_per_shocked_enemy_killed_recently=not local,L051.1,represents the family `if or recently` (2 templates); reach: Adds # to # + Lightning + Damage
pseudo.pseudo_adds_lightning_damage,Adds # to # Lightning Damage,Adds # to # Lightning Damage to Attacks per # Intelligence,explicit.stat_3168149399;fractured.stat_3168149399,text-only,-,search/item-facts/data/mod-templates.csv#L2902,4,,L125.1,represents the family `per` (4 templates); reach: Adds # to # + Lightning + Damage
pseudo.pseudo_adds_lightning_damage,Adds # to # Lightning Damage,Adds # to # Lightning Damage to Attacks with this Weapon per # Dexterity,explicit.stat_817611267,text-only,-,search/item-facts/data/mod-templates.csv#L3414,3,,L125.1,"family: per, represented by `Adds # to # Lightning Damage to Attacks per # Intelligence`; reach: Adds # to # + Lightning + Damage"
pseudo.pseudo_adds_lightning_damage,Adds # to # Lightning Damage,Adds # to # Lightning Damage against Shocked Enemies,explicit.stat_90012347;fractured.stat_90012347,text-only,-,search/item-facts/data/mod-templates.csv#L4071,2,global_minimum_added_lightning_damage_vs_shocked_enemies=not local;global_maximum_added_lightning_damage_vs_shocked_enemies=not local,L137.1,represents the family `against` (2 templates); reach: Adds # to # + Lightning + Damage
pseudo.pseudo_adds_lightning_damage,Adds # to # Lightning Damage,Adds # to # Lightning Damage to Hits against Ignited Enemies,explicit.stat_2870108850,text-only,-,search/item-facts/data/mod-templates.csv#L4072,2,global_minimum_added_lightning_damage_vs_ignited_enemies=not local;global_maximum_added_lightning_damage_vs_ignited_enemies=not local,L137.1,"family: against, represented by `Adds # to # Lightning Damage against Shocked Enemies`; reach: Adds # to # + Lightning + Damage"
pseudo.pseudo_adds_lightning_damage,Adds # to # Lightning Damage,Adds # to # Lightning Damage to Spells per Power Charge,explicit.stat_4085417083,text-only,-,search/item-facts/data/mod-templates.csv#L4073,2,minimum_added_lightning_damage_to_spells_per_power_charge=not local;maximum_added_lightning_damage_to_spells_per_power_charge=not local,L125.1,"family: per, represented by `Adds # to # Lightning Damage to Attacks per # Intelligence`; reach: Adds # to # + Lightning + Damage"
pseudo.pseudo_adds_lightning_damage,Adds # to # Lightning Damage,Gloves: Adds # to # Lightning Damage to Attacks,,text-only,-,search/item-facts/data/mod-templates.csv#L4239,2,,none: no stat id displays this text,represents the family `a description` (1 templates); reach: Adds # to # + Lightning + Damage
pseudo.pseudo_adds_lightning_damage,Adds # to # Lightning Damage,Adds # to # Lightning Damage if you haven't Killed Recently,enchant.stat_1293597434,text-only,-,search/item-facts/data/mod-templates.csv#L6558,1,enchantment_boots_minimum_added_lightning_damage_when_you_havent_killed_for_4_seconds=not local;enchantment_boots_maximum_added_lightning_damage_when_you_havent_killed_for_4_seconds=not local,L051.1,"family: if or recently, represented by `Adds # to # Lightning Damage for each Shocked Enemy you've Killed Recently`; reach: Adds # to # + Lightning + Damage"
pseudo.pseudo_adds_lightning_damage,Adds # to # Lightning Damage,Adds # to # Lightning Damage to Attacks during Effect,explicit.stat_4292531291,text-only,-,search/item-facts/data/mod-templates.csv#L4958,1,local_unique_flask_minimum_added_lightning_damage_to_attacks_during_flask_effect=local;local_unique_flask_maximum_added_lightning_damage_to_attacks_during_flask_effect=local,L066.1,"family: during a flask's effect, represented by `Adds # to # Lightning Damage to Spells during Effect`; reach: Adds # to # + Lightning + Damage"
pseudo.pseudo_adds_lightning_damage,Adds # to # Lightning Damage,Adds # to # Lightning Damage to Spells per # Intelligence,explicit.stat_254155233,text-only,-,search/item-facts/data/mod-templates.csv#L4959,1,,L125.1,"family: per, represented by `Adds # to # Lightning Damage to Attacks per # Intelligence`; reach: Adds # to # + Lightning + Damage"
pseudo.pseudo_adds_lightning_damage,Adds # to # Lightning Damage,Adds # to # Lightning Damage to Spells while Unarmed,explicit.stat_3597806437,text-only,-,search/item-facts/data/mod-templates.csv#L4960,1,spell_minimum_added_lightning_damage_while_unarmed=not local;spell_maximum_added_lightning_damage_while_unarmed=not local,L179.1,represents the family `while` (1 templates); reach: Adds # to # + Lightning + Damage
pseudo.pseudo_adds_lightning_damage,Adds # to # Lightning Damage,Adds # to # Lightning Damage to Unarmed Melee Hits,explicit.stat_3835522656,text-only,-,search/item-facts/data/mod-templates.csv#L4961,1,attack_minimum_added_melee_lightning_damage_while_unarmed=not local;attack_maximum_added_melee_lightning_damage_while_unarmed=not local,L161.1,represents the family `a weapon's or hand's` (1 templates); reach: Adds # to # + Lightning + Damage
pseudo.pseudo_adds_cold_damage,Adds # to # Cold Damage,Adds # to # Cold Damage,crafted.stat_1037193709;crafted.stat_2387423236;enchant.stat_1037193709;explicit.stat_1037193709;explicit.stat_2387423236;fractured.stat_1037193709;fractured.stat_2387423236;implicit.stat_1037193709;implicit.stat_2387423236;scourge.stat_1037193709,text-only,-,search/item-facts/data/mod-templates.csv#L70,266,global_minimum_added_cold_damage=not local;global_maximum_added_cold_damage=not local;local_minimum_added_cold_damage=local;local_maximum_added_cold_damage=local,L004.1,reach: Adds # to # + Cold + Damage
pseudo.pseudo_adds_cold_damage,Adds # to # Cold Damage,Adds # to # Cold Damage to Attacks,crafted.stat_4067062424;explicit.stat_4067062424;fractured.stat_4067062424;implicit.stat_4067062424,text-only,-,search/item-facts/data/mod-templates.csv#L76,245,attack_minimum_added_cold_damage=not local;attack_maximum_added_cold_damage=not local,L008.1,reach: Adds # to # + Cold + Damage
pseudo.pseudo_adds_cold_damage,Adds # to # Cold Damage,Adds # to # Cold Damage to Spells,crafted.stat_2469416729;explicit.stat_2469416729;fractured.stat_2469416729;implicit.stat_2469416729;scourge.stat_2469416729,text-only,-,search/item-facts/data/mod-templates.csv#L237,79,spell_minimum_added_cold_damage=not local;spell_maximum_added_cold_damage=not local,L016.1,reach: Adds # to # + Cold + Damage
pseudo.pseudo_adds_cold_damage,Adds # to # Cold Damage,Adds # to # Cold Damage to Spells and Attacks,explicit.stat_1662717006;implicit.stat_1662717006,text-only,-,search/item-facts/data/mod-templates.csv#L426,60,spell_and_attack_minimum_added_cold_damage=not local;spell_and_attack_maximum_added_cold_damage=not local,L014.1,reach: Adds # to # + Cold + Damage
pseudo.pseudo_adds_cold_damage,Adds # to # Cold Damage,Adds # to # Cold Damage against Chilled Enemies,explicit.stat_3734640451,text-only,-,search/item-facts/data/mod-templates.csv#L1737,9,minimum_added_cold_damage_vs_chilled_enemies=not local;maximum_added_cold_damage_vs_chilled_enemies=not local,L036.1,represents the family `against` (2 templates); reach: Adds # to # + Cold + Damage
pseudo.pseudo_adds_cold_damage,Adds # to # Cold Damage,Adds # to # Cold Damage in Off Hand,explicit.stat_2109066258,text-only,-,search/item-facts/data/mod-templates.csv#L2898,4,unique_local_minimum_added_cold_damage_when_in_off_hand=local;unique_local_maximum_added_cold_damage_when_in_off_hand=local,L090.1,represents the family `a weapon's or hand's` (2 templates); reach: Adds # to # + Cold + Damage
pseudo.pseudo_adds_cold_damage,Adds # to # Cold Damage,Adds # to # Cold Damage to Attacks per # Dexterity,explicit.stat_769783486;fractured.stat_769783486,text-only,-,search/item-facts/data/mod-templates.csv#L2899,4,,L073.1,represents the family `per` (2 templates); reach: Adds # to # + Cold + Damage
pseudo.pseudo_adds_cold_damage,Adds # to # Cold Damage,Adds # to # Cold Damage against Chilled or Frozen Enemies,explicit.stat_2233361223;fractured.stat_2233361223,text-only,-,search/item-facts/data/mod-templates.csv#L3411,3,global_minimum_added_cold_damage_vs_chilled_or_frozen_enemies=not local;global_maximum_added_cold_damage_vs_chilled_or_frozen_enemies=not local,L036.1,"family: against, represented by `Adds # to # Cold Damage against Chilled Enemies`; reach: Adds # to # + Cold + Damage"
pseudo.pseudo_adds_cold_damage,Adds # to # Cold Damage,Adds # to # Cold Damage if you've been Hit Recently,enchant.stat_884399432,text-only,-,search/item-facts/data/mod-templates.csv#L6380,2,enchantment_boots_added_cold_damage_when_hit_minimum=not local;enchantment_boots_added_cold_damage_when_hit_maximum=not local,L136.1,represents the family `if or recently` (1 templates); reach: Adds # to # + Cold + Damage
pseudo.pseudo_adds_cold_damage,Adds # to # Cold Damage,Adds # to # Cold Damage to Attacks against you,crafted.stat_617462123;explicit.stat_617462123;fractured.stat_617462123,text-only,-,search/item-facts/data/mod-templates.csv#L4068,2,from_self_minimum_added_attack_cold_damage_taken=not local;from_self_maximum_added_attack_cold_damage_taken=not local,L123.1,represents the family `a monster's or an enemy's` (1 templates); reach: Adds # to # + Cold + Damage
pseudo.pseudo_adds_cold_damage,Adds # to # Cold Damage,Adds # to # Cold Damage to Retaliation Skills,explicit.stat_1109700751;implicit.stat_1109700751,text-only,-,search/item-facts/data/mod-templates.csv#L4953,1,counter_attacks_minimum_added_cold_damage=not local;counter_attacks_maximum_added_cold_damage=not local,L090.1,"family: a weapon's or hand's, represented by `Adds # to # Cold Damage in Off Hand`; reach: Adds # to # + Cold + Damage"
pseudo.pseudo_adds_cold_damage,Adds # to # Cold Damage,Adds # to # Cold Damage to Spells per Power Charge,explicit.stat_3408048164;fractured.stat_3408048164,text-only,-,search/item-facts/data/mod-templates.csv#L4954,1,spell_minimum_added_cold_damage_per_power_charge=not local;spell_maximum_added_cold_damage_per_power_charge=not local,L073.1,"family: per, represented by `Adds # to # Cold Damage to Attacks per # Dexterity`; reach: Adds # to # + Cold + Damage"
pseudo.pseudo_adds_cold_damage,Adds # to # Cold Damage,Adds # to # Cold Damage while affected by Hatred,explicit.stat_2643562209,text-only,-,search/item-facts/data/mod-templates.csv#L4955,1,minimum_added_cold_damage_while_affected_by_hatred=not local;maximum_added_cold_damage_while_affected_by_hatred=not local,L111.1,represents the family `while` (1 templates); reach: Adds # to # + Cold + Damage
pseudo.pseudo_adds_fire_damage,Adds # to # Fire Damage,Adds # to # Fire Damage,crafted.stat_321077055;crafted.stat_709508406;enchant.stat_709508406;explicit.stat_321077055;explicit.stat_709508406;fractured.stat_321077055;fractured.stat_709508406;implicit.stat_321077055;implicit.stat_709508406;scourge.stat_709508406,text-only,-,search/item-facts/data/mod-templates.csv#L102,224,global_minimum_added_fire_damage=not local;global_maximum_added_fire_damage=not local;local_minimum_added_fire_damage=local;local_maximum_added_fire_damage=local,L006.1,reach: Adds # to # + Fire + Damage
pseudo.pseudo_adds_fire_damage,Adds # to # Fire Damage,Adds # to # Fire Damage to Attacks,crafted.stat_1573130764;explicit.stat_1573130764;fractured.stat_1573130764;implicit.stat_1573130764,text-only,-,search/item-facts/data/mod-templates.csv#L96,219,attack_minimum_added_fire_damage=not local;attack_maximum_added_fire_damage=not local,L009.1,reach: Adds # to # + Fire + Damage
pseudo.pseudo_adds_fire_damage,Adds # to # Fire Damage,Adds # to # Fire Damage to Spells,crafted.stat_1133016593;explicit.stat_1133016593;fractured.stat_1133016593;implicit.stat_1133016593;scourge.stat_1133016593,text-only,-,search/item-facts/data/mod-templates.csv#L195,97,spell_minimum_added_fire_damage=not local;spell_maximum_added_fire_damage=not local,L013.1,reach: Adds # to # + Fire + Damage
pseudo.pseudo_adds_fire_damage,Adds # to # Fire Damage,Adds # to # Fire Damage to Spells and Attacks,explicit.stat_3964634628;fractured.stat_3964634628;implicit.stat_3964634628,text-only,-,search/item-facts/data/mod-templates.csv#L5767,69,spell_and_attack_minimum_added_fire_damage=not local;spell_and_attack_maximum_added_fire_damage=not local,L011.1,reach: Adds # to # + Fire + Damage
pseudo.pseudo_adds_fire_damage,Adds # to # Fire Damage,Adds # to # Fire Damage in Main Hand,explicit.stat_169657426,text-only,-,search/item-facts/data/mod-templates.csv#L1396,12,unique_local_minimum_added_fire_damage_when_in_main_hand=local;unique_local_maximum_added_fire_damage_when_in_main_hand=local,L034.1,represents the family `a weapon's or hand's` (1 templates); reach: Adds # to # + Fire + Damage
pseudo.pseudo_adds_fire_damage,Adds # to # Fire Damage,Adds # to # Fire Damage to Attacks per # Strength,explicit.stat_68673913;fractured.stat_68673913,text-only,-,search/item-facts/data/mod-templates.csv#L2900,4,,L124.1,represents the family `per` (4 templates); reach: Adds # to # + Fire + Damage
pseudo.pseudo_adds_fire_damage,Adds # to # Fire Damage,Adds # to # Fire Damage against Ignited Enemies,explicit.stat_794830148;fractured.stat_794830148,text-only,-,search/item-facts/data/mod-templates.csv#L3412,3,global_minimum_added_fire_damage_vs_ignited_enemies=not local;global_maximum_added_fire_damage_vs_ignited_enemies=not local,L112.1,represents the family `against` (2 templates); reach: Adds # to # + Fire + Damage
pseudo.pseudo_adds_fire_damage,Adds # to # Fire Damage,Adds # to # Fire Damage to Attacks with this Weapon per # Strength,explicit.stat_1060540099;fractured.stat_1060540099;implicit.stat_1060540099,text-only,-,search/item-facts/data/mod-templates.csv#L3413,3,,L124.1,"family: per, represented by `Adds # to # Fire Damage to Attacks per # Strength`; reach: Adds # to # + Fire + Damage"
pseudo.pseudo_adds_fire_damage,Adds # to # Fire Damage,Adds # to # Fire Attack Damage per Buff on you,explicit.stat_761505024,text-only,-,search/item-facts/data/mod-templates.csv#L4069,2,minimum_added_fire_attack_damage_per_active_buff=not local;maximum_added_fire_attack_damage_per_active_buff=not local,L124.1,"family: per, represented by `Adds # to # Fire Damage to Attacks per # Strength`; reach: Adds # to # + Fire + Damage"
pseudo.pseudo_adds_fire_damage,Adds # to # Fire Damage,Adds # to # Fire Spell Damage per Buff on you,explicit.stat_3434279150,text-only,-,search/item-facts/data/mod-templates.csv#L4070,2,minimum_added_fire_spell_damage_per_active_buff=not local;maximum_added_fire_spell_damage_per_active_buff=not local,L124.1,"family: per, represented by `Adds # to # Fire Damage to Attacks per # Strength`; reach: Adds # to # + Fire + Damage"
pseudo.pseudo_adds_fire_damage,Adds # to # Fire Damage,Adds # to # Fire Damage to Attacks against you,crafted.stat_2127433866;explicit.stat_2127433866;fractured.stat_2127433866,text-only,-,search/item-facts/data/mod-templates.csv#L4956,1,from_self_minimum_added_attack_fire_damage_taken=not local;from_self_maximum_added_attack_fire_damage_taken=not local,L176.1,represents the family `a monster's or an enemy's` (1 templates); reach: Adds # to # + Fire + Damage
pseudo.pseudo_adds_fire_damage,Adds # to # Fire Damage,Adds # to # Fire Damage to Hits with this Weapon against Blinded Enemies,explicit.stat_3977907993,text-only,-,search/item-facts/data/mod-templates.csv#L4957,1,minimum_added_fire_damage_to_hits_vs_blinded_enemies=not local;maximum_added_fire_damage_to_hits_vs_blinded_enemies=not local,L112.1,"family: against, represented by `Adds # to # Fire Damage against Ignited Enemies`; reach: Adds # to # + Fire + Damage"
pseudo.pseudo_adds_fire_damage,Adds # to # Fire Damage,Adds # to # [Fire|Fire] Damage,crafted.stat_321077055;crafted.stat_709508406;enchant.stat_709508406;explicit.stat_321077055;explicit.stat_709508406;fractured.stat_321077055;fractured.stat_709508406;implicit.stat_321077055;implicit.stat_709508406;scourge.stat_709508406,text-only,-,search/item-facts/data/mod-templates.csv#L4965,1,global_minimum_added_fire_damage=not local;global_maximum_added_fire_damage=not local;local_minimum_added_fire_damage=local;local_maximum_added_fire_damage=local,L006.1,reach: Adds # to # + Fire + Damage
pseudo.pseudo_adds_fire_damage,Adds # to # Fire Damage,Shield: Adds # to # Fire Damage if you've Blocked Recently,,text-only,-,search/item-facts/data/mod-templates.csv#L5467,1,,none: no stat id displays this text,represents the family `if or recently` (1 templates); reach: Adds # to # + Fire + Damage
pseudo.pseudo_adds_fire_damage,Adds # to # Fire Damage,[MartialWeapon|Martial Weapon]: Adds # to # [Fire|Fire] Damage,,text-only,-,search/item-facts/data/mod-templates.csv#L5705,1,,none: no stat id displays this text,represents the family `a description` (1 templates); reach: Adds # to # + Fire + Damage
pseudo.pseudo_adds_elemental_damage,Adds # to # Elemental Damage,Adds # to # Lightning Damage to Attacks,crafted.stat_1754445556;explicit.stat_1754445556;fractured.stat_1754445556;implicit.stat_1754445556,text-only,-,search/item-facts/data/mod-templates.csv#L60,272,attack_minimum_added_lightning_damage=not local;attack_maximum_added_lightning_damage=not local,L007.2,reach: Adds # to # + Lightning + Damage
pseudo.pseudo_adds_elemental_damage,Adds # to # Elemental Damage,Adds # to # Lightning Damage,crafted.stat_1334060246;crafted.stat_3336890334;enchant.stat_3336890334;explicit.stat_1334060246;explicit.stat_3336890334;fractured.stat_1334060246;fractured.stat_3336890334;implicit.stat_1334060246;implicit.stat_3336890334;scourge.stat_3336890334,text-only,-,search/item-facts/data/mod-templates.csv#L73,269,global_minimum_added_lightning_damage=not local;global_maximum_added_lightning_damage=not local;local_minimum_added_lightning_damage=local;local_maximum_added_lightning_damage=local,L003.2,reach: Adds # to # + Lightning + Damage
pseudo.pseudo_adds_elemental_damage,Adds # to # Elemental Damage,Adds # to # Cold Damage,crafted.stat_1037193709;crafted.stat_2387423236;enchant.stat_1037193709;explicit.stat_1037193709;explicit.stat_2387423236;fractured.stat_1037193709;fractured.stat_2387423236;implicit.stat_1037193709;implicit.stat_2387423236;scourge.stat_1037193709,text-only,-,search/item-facts/data/mod-templates.csv#L70,266,global_minimum_added_cold_damage=not local;global_maximum_added_cold_damage=not local;local_minimum_added_cold_damage=local;local_maximum_added_cold_damage=local,L004.2,reach: Adds # to # + Cold + Damage
pseudo.pseudo_adds_elemental_damage,Adds # to # Elemental Damage,Adds # to # Cold Damage to Attacks,crafted.stat_4067062424;explicit.stat_4067062424;fractured.stat_4067062424;implicit.stat_4067062424,text-only,-,search/item-facts/data/mod-templates.csv#L76,245,attack_minimum_added_cold_damage=not local;attack_maximum_added_cold_damage=not local,L008.2,reach: Adds # to # + Cold + Damage
pseudo.pseudo_adds_elemental_damage,Adds # to # Elemental Damage,Adds # to # Fire Damage,crafted.stat_321077055;crafted.stat_709508406;enchant.stat_709508406;explicit.stat_321077055;explicit.stat_709508406;fractured.stat_321077055;fractured.stat_709508406;implicit.stat_321077055;implicit.stat_709508406;scourge.stat_709508406,text-only,-,search/item-facts/data/mod-templates.csv#L102,224,global_minimum_added_fire_damage=not local;global_maximum_added_fire_damage=not local;local_minimum_added_fire_damage=local;local_maximum_added_fire_damage=local,L006.2,reach: Adds # to # + Fire + Damage
pseudo.pseudo_adds_elemental_damage,Adds # to # Elemental Damage,Adds # to # Fire Damage to Attacks,crafted.stat_1573130764;explicit.stat_1573130764;fractured.stat_1573130764;implicit.stat_1573130764,text-only,-,search/item-facts/data/mod-templates.csv#L96,219,attack_minimum_added_fire_damage=not local;attack_maximum_added_fire_damage=not local,L009.2,reach: Adds # to # + Fire + Damage
pseudo.pseudo_adds_elemental_damage,Adds # to # Elemental Damage,Adds # to # Lightning Damage to Spells,crafted.stat_2831165374;explicit.stat_2831165374;fractured.stat_2831165374;implicit.stat_2831165374;scourge.stat_2831165374,text-only,-,search/item-facts/data/mod-templates.csv#L191,98,spell_minimum_added_lightning_damage=not local;spell_maximum_added_lightning_damage=not local,L012.2,reach: Adds # to # + Lightning + Damage
pseudo.pseudo_adds_elemental_damage,Adds # to # Elemental Damage,Adds # to # Fire Damage to Spells,crafted.stat_1133016593;explicit.stat_1133016593;fractured.stat_1133016593;implicit.stat_1133016593;scourge.stat_1133016593,text-only,-,search/item-facts/data/mod-templates.csv#L195,97,spell_minimum_added_fire_damage=not local;spell_maximum_added_fire_damage=not local,L013.2,reach: Adds # to # + Fire + Damage
pseudo.pseudo_adds_elemental_damage,Adds # to # Elemental Damage,Adds # to # Cold Damage to Spells,crafted.stat_2469416729;explicit.stat_2469416729;fractured.stat_2469416729;implicit.stat_2469416729;scourge.stat_2469416729,text-only,-,search/item-facts/data/mod-templates.csv#L237,79,spell_minimum_added_cold_damage=not local;spell_maximum_added_cold_damage=not local,L016.2,reach: Adds # to # + Cold + Damage
pseudo.pseudo_adds_elemental_damage,Adds # to # Elemental Damage,Adds # to # Fire Damage to Spells and Attacks,explicit.stat_3964634628;fractured.stat_3964634628;implicit.stat_3964634628,text-only,-,search/item-facts/data/mod-templates.csv#L5767,69,spell_and_attack_minimum_added_fire_damage=not local;spell_and_attack_maximum_added_fire_damage=not local,L011.2,reach: Adds # to # + Fire + Damage
pseudo.pseudo_adds_elemental_damage,Adds # to # Elemental Damage,Adds # to # Cold Damage to Spells and Attacks,explicit.stat_1662717006;implicit.stat_1662717006,text-only,-,search/item-facts/data/mod-templates.csv#L426,60,spell_and_attack_minimum_added_cold_damage=not local;spell_and_attack_maximum_added_cold_damage=not local,L014.2,reach: Adds # to # + Cold + Damage
pseudo.pseudo_adds_elemental_damage,Adds # to # Elemental Damage,Adds # to # Lightning Damage to Spells and Attacks,explicit.stat_2885144362;implicit.stat_2885144362,text-only,-,search/item-facts/data/mod-templates.csv#L5774,57,spell_and_attack_minimum_added_lightning_damage=not local;spell_and_attack_maximum_added_lightning_damage=not local,L015.2,reach: Adds # to # + Lightning + Damage
pseudo.pseudo_adds_elemental_damage,Adds # to # Elemental Damage,Adds # to # Fire Damage in Main Hand,explicit.stat_169657426,text-only,-,search/item-facts/data/mod-templates.csv#L1396,12,unique_local_minimum_added_fire_damage_when_in_main_hand=local;unique_local_maximum_added_fire_damage_when_in_main_hand=local,L034.2,represents the family `a weapon's or hand's` (4 templates); reach: Adds # to # + Fire + Damage
pseudo.pseudo_adds_elemental_damage,Adds # to # Elemental Damage,Adds # to # Cold Damage against Chilled Enemies,explicit.stat_3734640451,text-only,-,search/item-facts/data/mod-templates.csv#L1737,9,minimum_added_cold_damage_vs_chilled_enemies=not local;maximum_added_cold_damage_vs_chilled_enemies=not local,L036.2,represents the family `against` (6 templates); reach: Adds # to # + Cold + Damage
pseudo.pseudo_adds_elemental_damage,Adds # to # Elemental Damage,Adds # to # Lightning Damage to Spells during Effect,explicit.stat_4108305628,text-only,-,search/item-facts/data/mod-templates.csv#L2537,5,local_unique_flask_minimum_added_lightning_damage_to_spells_during_flask_effect=local;local_unique_flask_maximum_added_lightning_damage_to_spells_during_flask_effect=local,L066.2,represents the family `during a flask's effect` (2 templates); reach: Adds # to # + Lightning + Damage
pseudo.pseudo_adds_elemental_damage,Adds # to # Elemental Damage,Adds # to # Cold Damage in Off Hand,explicit.stat_2109066258,text-only,-,search/item-facts/data/mod-templates.csv#L2898,4,unique_local_minimum_added_cold_damage_when_in_off_hand=local;unique_local_maximum_added_cold_damage_when_in_off_hand=local,L034.2,"family: a weapon's or hand's, represented by `Adds # to # Fire Damage in Main Hand`; reach: Adds # to # + Cold + Damage"
pseudo.pseudo_adds_elemental_damage,Adds # to # Elemental Damage,Adds # to # Cold Damage to Attacks per # Dexterity,explicit.stat_769783486;fractured.stat_769783486,text-only,-,search/item-facts/data/mod-templates.csv#L2899,4,,L073.2,represents the family `per` (10 templates); reach: Adds # to # + Cold + Damage
pseudo.pseudo_adds_elemental_damage,Adds # to # Elemental Damage,Adds # to # Fire Damage to Attacks per # Strength,explicit.stat_68673913;fractured.stat_68673913,text-only,-,search/item-facts/data/mod-templates.csv#L2900,4,,L073.2,"family: per, represented by `Adds # to # Cold Damage to Attacks per # Dexterity`; reach: Adds # to # + Fire + Damage"
pseudo.pseudo_adds_elemental_damage,Adds # to # Elemental Damage,Adds # to # Lightning Damage for each Shocked Enemy you've Killed Recently,explicit.stat_4222857095;fractured.stat_4222857095,text-only,-,search/item-facts/data/mod-templates.csv#L2901,4,minimum_added_lightning_damage_per_shocked_enemy_killed_recently=not local;maximum_added_lightning_damage_per_shocked_enemy_killed_recently=not local,L051.2,represents the family `if or recently` (4 templates); reach: Adds # to # + Lightning + Damage
pseudo.pseudo_adds_elemental_damage,Adds # to # Elemental Damage,Adds # to # Lightning Damage to Attacks per # Intelligence,explicit.stat_3168149399;fractured.stat_3168149399,text-only,-,search/item-facts/data/mod-templates.csv#L2902,4,,L073.2,"family: per, represented by `Adds # to # Cold Damage to Attacks per # Dexterity`; reach: Adds # to # + Lightning + Damage"
pseudo.pseudo_adds_elemental_damage,Adds # to # Elemental Damage,Adds # to # Cold Damage against Chilled or Frozen Enemies,explicit.stat_2233361223;fractured.stat_2233361223,text-only,-,search/item-facts/data/mod-templates.csv#L3411,3,global_minimum_added_cold_damage_vs_chilled_or_frozen_enemies=not local;global_maximum_added_cold_damage_vs_chilled_or_frozen_enemies=not local,L036.2,"family: against, represented by `Adds # to # Cold Damage against Chilled Enemies`; reach: Adds # to # + Cold + Damage"
pseudo.pseudo_adds_elemental_damage,Adds # to # Elemental Damage,Adds # to # Fire Damage against Ignited Enemies,explicit.stat_794830148;fractured.stat_794830148,text-only,-,search/item-facts/data/mod-templates.csv#L3412,3,global_minimum_added_fire_damage_vs_ignited_enemies=not local;global_maximum_added_fire_damage_vs_ignited_enemies=not local,L036.2,"family: against, represented by `Adds # to # Cold Damage against Chilled Enemies`; reach: Adds # to # + Fire + Damage"
pseudo.pseudo_adds_elemental_damage,Adds # to # Elemental Damage,Adds # to # Fire Damage to Attacks with this Weapon per # Strength,explicit.stat_1060540099;fractured.stat_1060540099;implicit.stat_1060540099,text-only,-,search/item-facts/data/mod-templates.csv#L3413,3,,L073.2,"family: per, represented by `Adds # to # Cold Damage to Attacks per # Dexterity`; reach: Adds # to # + Fire + Damage"
pseudo.pseudo_adds_elemental_damage,Adds # to # Elemental Damage,Adds # to # Lightning Damage to Attacks with this Weapon per # Dexterity,explicit.stat_817611267,text-only,-,search/item-facts/data/mod-templates.csv#L3414,3,,L073.2,"family: per, represented by `Adds # to # Cold Damage to Attacks per # Dexterity`; reach: Adds # to # + Lightning + Damage"
pseudo.pseudo_adds_elemental_damage,Adds # to # Elemental Damage,Adds # to # Cold Damage if you've been Hit Recently,enchant.stat_884399432,text-only,-,search/item-facts/data/mod-templates.csv#L6380,2,enchantment_boots_added_cold_damage_when_hit_minimum=not local;enchantment_boots_added_cold_damage_when_hit_maximum=not local,L051.2,"family: if or recently, represented by `Adds # to # Lightning Damage for each Shocked Enemy you've Killed Recently`; reach: Adds # to # + Cold + Damage"
pseudo.pseudo_adds_elemental_damage,Adds # to # Elemental Damage,Adds # to # Cold Damage to Attacks against you,crafted.stat_617462123;explicit.stat_617462123;fractured.stat_617462123,text-only,-,search/item-facts/data/mod-templates.csv#L4068,2,from_self_minimum_added_attack_cold_damage_taken=not local;from_self_maximum_added_attack_cold_damage_taken=not local,L123.2,represents the family `a monster's or an enemy's` (2 templates); reach: Adds # to # + Cold + Damage
pseudo.pseudo_adds_elemental_damage,Adds # to # Elemental Damage,Adds # to # Fire Attack Damage per Buff on you,explicit.stat_761505024,text-only,-,search/item-facts/data/mod-templates.csv#L4069,2,minimum_added_fire_attack_damage_per_active_buff=not local;maximum_added_fire_attack_damage_per_active_buff=not local,L073.2,"family: per, represented by `Adds # to # Cold Damage to Attacks per # Dexterity`; reach: Adds # to # + Fire + Damage"
pseudo.pseudo_adds_elemental_damage,Adds # to # Elemental Damage,Adds # to # Fire Spell Damage per Buff on you,explicit.stat_3434279150,text-only,-,search/item-facts/data/mod-templates.csv#L4070,2,minimum_added_fire_spell_damage_per_active_buff=not local;maximum_added_fire_spell_damage_per_active_buff=not local,L073.2,"family: per, represented by `Adds # to # Cold Damage to Attacks per # Dexterity`; reach: Adds # to # + Fire + Damage"
pseudo.pseudo_adds_elemental_damage,Adds # to # Elemental Damage,Adds # to # Lightning Damage against Shocked Enemies,explicit.stat_90012347;fractured.stat_90012347,text-only,-,search/item-facts/data/mod-templates.csv#L4071,2,global_minimum_added_lightning_damage_vs_shocked_enemies=not local;global_maximum_added_lightning_damage_vs_shocked_enemies=not local,L036.2,"family: against, represented by `Adds # to # Cold Damage against Chilled Enemies`; reach: Adds # to # + Lightning + Damage"
pseudo.pseudo_adds_elemental_damage,Adds # to # Elemental Damage,Adds # to # Lightning Damage to Hits against Ignited Enemies,explicit.stat_2870108850,text-only,-,search/item-facts/data/mod-templates.csv#L4072,2,global_minimum_added_lightning_damage_vs_ignited_enemies=not local;global_maximum_added_lightning_damage_vs_ignited_enemies=not local,L036.2,"family: against, represented by `Adds # to # Cold Damage against Chilled Enemies`; reach: Adds # to # + Lightning + Damage"
pseudo.pseudo_adds_elemental_damage,Adds # to # Elemental Damage,Adds # to # Lightning Damage to Spells per Power Charge,explicit.stat_4085417083,text-only,-,search/item-facts/data/mod-templates.csv#L4073,2,minimum_added_lightning_damage_to_spells_per_power_charge=not local;maximum_added_lightning_damage_to_spells_per_power_charge=not local,L073.2,"family: per, represented by `Adds # to # Cold Damage to Attacks per # Dexterity`; reach: Adds # to # + Lightning + Damage"
pseudo.pseudo_adds_elemental_damage,Adds # to # Elemental Damage,Gloves: Adds # to # Lightning Damage to Attacks,,text-only,-,search/item-facts/data/mod-templates.csv#L4239,2,,none: no stat id displays this text,represents the family `a description` (2 templates); reach: Adds # to # + Lightning + Damage
pseudo.pseudo_adds_elemental_damage,Adds # to # Elemental Damage,Adds # to # Cold Damage to Retaliation Skills,explicit.stat_1109700751;implicit.stat_1109700751,text-only,-,search/item-facts/data/mod-templates.csv#L4953,1,counter_attacks_minimum_added_cold_damage=not local;counter_attacks_maximum_added_cold_damage=not local,L034.2,"family: a weapon's or hand's, represented by `Adds # to # Fire Damage in Main Hand`; reach: Adds # to # + Cold + Damage"
pseudo.pseudo_adds_elemental_damage,Adds # to # Elemental Damage,Adds # to # Cold Damage to Spells per Power Charge,explicit.stat_3408048164;fractured.stat_3408048164,text-only,-,search/item-facts/data/mod-templates.csv#L4954,1,spell_minimum_added_cold_damage_per_power_charge=not local;spell_maximum_added_cold_damage_per_power_charge=not local,L073.2,"family: per, represented by `Adds # to # Cold Damage to Attacks per # Dexterity`; reach: Adds # to # + Cold + Damage"
pseudo.pseudo_adds_elemental_damage,Adds # to # Elemental Damage,Adds # to # Cold Damage while affected by Hatred,explicit.stat_2643562209,text-only,-,search/item-facts/data/mod-templates.csv#L4955,1,minimum_added_cold_damage_while_affected_by_hatred=not local;maximum_added_cold_damage_while_affected_by_hatred=not local,L111.2,represents the family `while` (2 templates); reach: Adds # to # + Cold + Damage
pseudo.pseudo_adds_elemental_damage,Adds # to # Elemental Damage,Adds # to # Fire Damage to Attacks against you,crafted.stat_2127433866;explicit.stat_2127433866;fractured.stat_2127433866,text-only,-,search/item-facts/data/mod-templates.csv#L4956,1,from_self_minimum_added_attack_fire_damage_taken=not local;from_self_maximum_added_attack_fire_damage_taken=not local,L123.2,"family: a monster's or an enemy's, represented by `Adds # to # Cold Damage to Attacks against you`; reach: Adds # to # + Fire + Damage"
pseudo.pseudo_adds_elemental_damage,Adds # to # Elemental Damage,Adds # to # Fire Damage to Hits with this Weapon against Blinded Enemies,explicit.stat_3977907993,text-only,-,search/item-facts/data/mod-templates.csv#L4957,1,minimum_added_fire_damage_to_hits_vs_blinded_enemies=not local;maximum_added_fire_damage_to_hits_vs_blinded_enemies=not local,L036.2,"family: against, represented by `Adds # to # Cold Damage against Chilled Enemies`; reach: Adds # to # + Fire + Damage"
pseudo.pseudo_adds_elemental_damage,Adds # to # Elemental Damage,Adds # to # Lightning Damage if you haven't Killed Recently,enchant.stat_1293597434,text-only,-,search/item-facts/data/mod-templates.csv#L6558,1,enchantment_boots_minimum_added_lightning_damage_when_you_havent_killed_for_4_seconds=not local;enchantment_boots_maximum_added_lightning_damage_when_you_havent_killed_for_4_seconds=not local,L051.2,"family: if or recently, represented by `Adds # to # Lightning Damage for each Shocked Enemy you've Killed Recently`; reach: Adds # to # + Lightning + Damage"
pseudo.pseudo_adds_elemental_damage,Adds # to # Elemental Damage,Adds # to # Lightning Damage to Attacks during Effect,explicit.stat_4292531291,text-only,-,search/item-facts/data/mod-templates.csv#L4958,1,local_unique_flask_minimum_added_lightning_damage_to_attacks_during_flask_effect=local;local_unique_flask_maximum_added_lightning_damage_to_attacks_during_flask_effect=local,L066.2,"family: during a flask's effect, represented by `Adds # to # Lightning Damage to Spells during Effect`; reach: Adds # to # + Lightning + Damage"
pseudo.pseudo_adds_elemental_damage,Adds # to # Elemental Damage,Adds # to # Lightning Damage to Spells per # Intelligence,explicit.stat_254155233,text-only,-,search/item-facts/data/mod-templates.csv#L4959,1,,L073.2,"family: per, represented by `Adds # to # Cold Damage to Attacks per # Dexterity`; reach: Adds # to # + Lightning + Damage"
pseudo.pseudo_adds_elemental_damage,Adds # to # Elemental Damage,Adds # to # Lightning Damage to Spells while Unarmed,explicit.stat_3597806437,text-only,-,search/item-facts/data/mod-templates.csv#L4960,1,spell_minimum_added_lightning_damage_while_unarmed=not local;spell_maximum_added_lightning_damage_while_unarmed=not local,L111.2,"family: while, represented by `Adds # to # Cold Damage while affected by Hatred`; reach: Adds # to # + Lightning + Damage"
pseudo.pseudo_adds_elemental_damage,Adds # to # Elemental Damage,Adds # to # Lightning Damage to Unarmed Melee Hits,explicit.stat_3835522656,text-only,-,search/item-facts/data/mod-templates.csv#L4961,1,attack_minimum_added_melee_lightning_damage_while_unarmed=not local;attack_maximum_added_melee_lightning_damage_while_unarmed=not local,L034.2,"family: a weapon's or hand's, represented by `Adds # to # Fire Damage in Main Hand`; reach: Adds # to # + Lightning + Damage"
pseudo.pseudo_adds_elemental_damage,Adds # to # Elemental Damage,Adds # to # [Fire|Fire] Damage,crafted.stat_321077055;crafted.stat_709508406;enchant.stat_709508406;explicit.stat_321077055;explicit.stat_709508406;fractured.stat_321077055;fractured.stat_709508406;implicit.stat_321077055;implicit.stat_709508406;scourge.stat_709508406,text-only,-,search/item-facts/data/mod-templates.csv#L4965,1,global_minimum_added_fire_damage=not local;global_maximum_added_fire_damage=not local;local_minimum_added_fire_damage=local;local_maximum_added_fire_damage=local,L006.2,reach: Adds # to # + Fire + Damage
pseudo.pseudo_adds_elemental_damage,Adds # to # Elemental Damage,Shield: Adds # to # Fire Damage if you've Blocked Recently,,text-only,-,search/item-facts/data/mod-templates.csv#L5467,1,,L051.2,"family: if or recently, represented by `Adds # to # Lightning Damage for each Shocked Enemy you've Killed Recently`; reach: Adds # to # + Fire + Damage"
pseudo.pseudo_adds_elemental_damage,Adds # to # Elemental Damage,[MartialWeapon|Martial Weapon]: Adds # to # [Fire|Fire] Damage,,text-only,-,search/item-facts/data/mod-templates.csv#L5705,1,,none: no stat id displays this text,"family: a description, represented by `Gloves: Adds # to # Lightning Damage to Attacks`; reach: Adds # to # + Fire + Damage"
pseudo.pseudo_adds_chaos_damage,Adds # to # Chaos Damage,Adds # to # Chaos Damage,enchant.stat_2223678961;explicit.stat_2223678961;explicit.stat_3531280422;fractured.stat_2223678961;implicit.stat_2223678961;implicit.stat_3531280422;scourge.stat_2223678961,text-only,-,search/item-facts/data/mod-templates.csv#L277,67,global_minimum_added_chaos_damage=not local;global_maximum_added_chaos_damage=not local;local_minimum_added_chaos_damage=local;local_maximum_added_chaos_damage=local,L021.1,reach: Adds # to # + Chaos + Damage
pseudo.pseudo_adds_chaos_damage,Adds # to # Chaos Damage,Adds # to # Chaos Damage to Attacks,crafted.stat_674553446;explicit.stat_674553446;fractured.stat_674553446;implicit.stat_674553446,text-only,-,search/item-facts/data/mod-templates.csv#L476,39,attack_minimum_added_chaos_damage=not local;attack_maximum_added_chaos_damage=not local,L032.1,reach: Adds # to # + Chaos + Damage
pseudo.pseudo_adds_chaos_damage,Adds # to # Chaos Damage,Adds # to # Chaos Damage to Spells,explicit.stat_2300399854;fractured.stat_2300399854;implicit.stat_2300399854,text-only,-,search/item-facts/data/mod-templates.csv#L1496,11,spell_minimum_added_chaos_damage=not local;spell_maximum_added_chaos_damage=not local,L045.1,reach: Adds # to # + Chaos + Damage
pseudo.pseudo_adds_chaos_damage,Adds # to # Chaos Damage,Adds # to # Chaos Damage to Spells and Attacks during any Flask Effect,explicit.stat_3519268108,text-only,-,search/item-facts/data/mod-templates.csv#L1605,10,spell_and_attack_minimum_added_chaos_damage_during_flask_effect=not local;spell_and_attack_maximum_added_chaos_damage_during_flask_effect=not local,L039.1,represents the family `during a flask's effect` (1 templates); reach: Adds # to # + Chaos + Damage
pseudo.pseudo_adds_chaos_damage,Adds # to # Chaos Damage,Adds # to # Chaos Damage in Off Hand,explicit.stat_3758293500,text-only,-,search/item-facts/data/mod-templates.csv#L1900,8,unique_local_minimum_added_chaos_damage_when_in_off_hand=local;unique_local_maximum_added_chaos_damage_when_in_off_hand=local,L058.1,represents the family `a weapon's or hand's` (1 templates); reach: Adds # to # + Chaos + Damage
pseudo.pseudo_adds_chaos_damage,Adds # to # Chaos Damage,Adds # to # Chaos Damage for each Curse on the Enemy,explicit.stat_4294344579;implicit.stat_4294344579,text-only,-,search/item-facts/data/mod-templates.csv#L2897,4,minimum_added_chaos_damage_per_curse_on_enemy=not local;maximum_added_chaos_damage_per_curse_on_enemy=not local,L072.1,represents the family `per` (2 templates); reach: Adds # to # + Chaos + Damage
pseudo.pseudo_adds_chaos_damage,Adds # to # Chaos Damage,Adds # to # Chaos Damage for each Spider's Web on the Enemy,explicit.stat_982177653,text-only,-,search/item-facts/data/mod-templates.csv#L4952,1,minimum_added_chaos_damage_per_spiders_web_on_enemy=not local;maximum_added_chaos_damage_per_spiders_web_on_enemy=not local,L072.1,"family: per, represented by `Adds # to # Chaos Damage for each Curse on the Enemy`; reach: Adds # to # + Chaos + Damage"
pseudo.pseudo_adds_damage,Adds # to # Damage,Adds # to # Physical Damage to Attacks,crafted.stat_3032590688;explicit.stat_3032590688;fractured.stat_3032590688;implicit.stat_3032590688,text-only,-,search/item-facts/data/mod-templates.csv#L32,543,attack_minimum_added_physical_damage=not local;attack_maximum_added_physical_damage=not local,L005.2,reach: Adds # to # + Damage
pseudo.pseudo_adds_damage,Adds # to # Damage,Adds # to # Physical Damage,crafted.stat_1940865751;explicit.stat_1940865751;explicit.stat_960081730;fractured.stat_1940865751;fractured.stat_960081730;implicit.stat_1940865751;scourge.stat_1940865751,text-only,-,search/item-facts/data/mod-templates.csv#L28,485,global_minimum_added_physical_damage=not local;global_maximum_added_physical_damage=not local;local_minimum_added_physical_damage=local;local_maximum_added_physical_damage=local,L002.2,reach: Adds # to # + Damage
pseudo.pseudo_adds_damage,Adds # to # Damage,Adds # to # Lightning Damage to Attacks,crafted.stat_1754445556;explicit.stat_1754445556;fractured.stat_1754445556;implicit.stat_1754445556,text-only,-,search/item-facts/data/mod-templates.csv#L60,272,attack_minimum_added_lightning_damage=not local;attack_maximum_added_lightning_damage=not local,L007.3,reach: Adds # to # + Damage
pseudo.pseudo_adds_damage,Adds # to # Damage,Adds # to # Lightning Damage,crafted.stat_1334060246;crafted.stat_3336890334;enchant.stat_3336890334;explicit.stat_1334060246;explicit.stat_3336890334;fractured.stat_1334060246;fractured.stat_3336890334;implicit.stat_1334060246;implicit.stat_3336890334;scourge.stat_3336890334,text-only,-,search/item-facts/data/mod-templates.csv#L73,269,global_minimum_added_lightning_damage=not local;global_maximum_added_lightning_damage=not local;local_minimum_added_lightning_damage=local;local_maximum_added_lightning_damage=local,L003.3,reach: Adds # to # + Damage
pseudo.pseudo_adds_damage,Adds # to # Damage,Adds # to # Cold Damage,crafted.stat_1037193709;crafted.stat_2387423236;enchant.stat_1037193709;explicit.stat_1037193709;explicit.stat_2387423236;fractured.stat_1037193709;fractured.stat_2387423236;implicit.stat_1037193709;implicit.stat_2387423236;scourge.stat_1037193709,text-only,-,search/item-facts/data/mod-templates.csv#L70,266,global_minimum_added_cold_damage=not local;global_maximum_added_cold_damage=not local;local_minimum_added_cold_damage=local;local_maximum_added_cold_damage=local,L004.3,reach: Adds # to # + Damage
pseudo.pseudo_adds_damage,Adds # to # Damage,Adds # to # Cold Damage to Attacks,crafted.stat_4067062424;explicit.stat_4067062424;fractured.stat_4067062424;implicit.stat_4067062424,text-only,-,search/item-facts/data/mod-templates.csv#L76,245,attack_minimum_added_cold_damage=not local;attack_maximum_added_cold_damage=not local,L008.3,reach: Adds # to # + Damage
pseudo.pseudo_adds_damage,Adds # to # Damage,Adds # to # Fire Damage,crafted.stat_321077055;crafted.stat_709508406;enchant.stat_709508406;explicit.stat_321077055;explicit.stat_709508406;fractured.stat_321077055;fractured.stat_709508406;implicit.stat_321077055;implicit.stat_709508406;scourge.stat_709508406,text-only,-,search/item-facts/data/mod-templates.csv#L102,224,global_minimum_added_fire_damage=not local;global_maximum_added_fire_damage=not local;local_minimum_added_fire_damage=local;local_maximum_added_fire_damage=local,L006.3,reach: Adds # to # + Damage
pseudo.pseudo_adds_damage,Adds # to # Damage,Adds # to # Fire Damage to Attacks,crafted.stat_1573130764;explicit.stat_1573130764;fractured.stat_1573130764;implicit.stat_1573130764,text-only,-,search/item-facts/data/mod-templates.csv#L96,219,attack_minimum_added_fire_damage=not local;attack_maximum_added_fire_damage=not local,L009.3,reach: Adds # to # + Damage
pseudo.pseudo_adds_damage,Adds # to # Damage,Adds # to # Lightning Damage to Spells,crafted.stat_2831165374;explicit.stat_2831165374;fractured.stat_2831165374;implicit.stat_2831165374;scourge.stat_2831165374,text-only,-,search/item-facts/data/mod-templates.csv#L191,98,spell_minimum_added_lightning_damage=not local;spell_maximum_added_lightning_damage=not local,L012.3,reach: Adds # to # + Damage
pseudo.pseudo_adds_damage,Adds # to # Damage,Adds # to # Fire Damage to Spells,crafted.stat_1133016593;explicit.stat_1133016593;fractured.stat_1133016593;implicit.stat_1133016593;scourge.stat_1133016593,text-only,-,search/item-facts/data/mod-templates.csv#L195,97,spell_minimum_added_fire_damage=not local;spell_maximum_added_fire_damage=not local,L013.3,reach: Adds # to # + Damage
pseudo.pseudo_adds_damage,Adds # to # Damage,Adds # to # Cold Damage to Spells,crafted.stat_2469416729;explicit.stat_2469416729;fractured.stat_2469416729;implicit.stat_2469416729;scourge.stat_2469416729,text-only,-,search/item-facts/data/mod-templates.csv#L237,79,spell_minimum_added_cold_damage=not local;spell_maximum_added_cold_damage=not local,L016.3,reach: Adds # to # + Damage
pseudo.pseudo_adds_damage,Adds # to # Damage,Adds # to # Fire Damage to Spells and Attacks,explicit.stat_3964634628;fractured.stat_3964634628;implicit.stat_3964634628,text-only,-,search/item-facts/data/mod-templates.csv#L5767,69,spell_and_attack_minimum_added_fire_damage=not local;spell_and_attack_maximum_added_fire_damage=not local,L011.3,reach: Adds # to # + Damage
pseudo.pseudo_adds_damage,Adds # to # Damage,Adds # to # Chaos Damage,enchant.stat_2223678961;explicit.stat_2223678961;explicit.stat_3531280422;fractured.stat_2223678961;implicit.stat_2223678961;implicit.stat_3531280422;scourge.stat_2223678961,text-only,-,search/item-facts/data/mod-templates.csv#L277,67,global_minimum_added_chaos_damage=not local;global_maximum_added_chaos_damage=not local;local_minimum_added_chaos_damage=local;local_maximum_added_chaos_damage=local,L021.2,reach: Adds # to # + Damage
pseudo.pseudo_adds_damage,Adds # to # Damage,Adds # to # Cold Damage to Spells and Attacks,explicit.stat_1662717006;implicit.stat_1662717006,text-only,-,search/item-facts/data/mod-templates.csv#L426,60,spell_and_attack_minimum_added_cold_damage=not local;spell_and_attack_maximum_added_cold_damage=not local,L014.3,reach: Adds # to # + Damage
pseudo.pseudo_adds_damage,Adds # to # Damage,Adds # to # Lightning Damage to Spells and Attacks,explicit.stat_2885144362;implicit.stat_2885144362,text-only,-,search/item-facts/data/mod-templates.csv#L5774,57,spell_and_attack_minimum_added_lightning_damage=not local;spell_and_attack_maximum_added_lightning_damage=not local,L015.3,reach: Adds # to # + Damage
pseudo.pseudo_adds_damage,Adds # to # Damage,Adds # to # Chaos Damage to Attacks,crafted.stat_674553446;explicit.stat_674553446;fractured.stat_674553446;implicit.stat_674553446,text-only,-,search/item-facts/data/mod-templates.csv#L476,39,attack_minimum_added_chaos_damage=not local;attack_maximum_added_chaos_damage=not local,L032.2,reach: Adds # to # + Damage
pseudo.pseudo_adds_damage,Adds # to # Damage,Adds # to # Physical Damage to Hits against Cursed Enemies,,text-only,-,search/item-facts/data/mod-templates.csv#L1115,15,,L036.3,"family: against, represented by `Adds # to # Cold Damage against Chilled Enemies`; reach: Adds # to # + Damage"
pseudo.pseudo_adds_damage,Adds # to # Damage,Adds # to # Fire Damage in Main Hand,explicit.stat_169657426,text-only,-,search/item-facts/data/mod-templates.csv#L1396,12,unique_local_minimum_added_fire_damage_when_in_main_hand=local;unique_local_maximum_added_fire_damage_when_in_main_hand=local,L034.3,represents the family `a weapon's or hand's` (5 templates); reach: Adds # to # + Damage
pseudo.pseudo_adds_damage,Adds # to # Damage,Adds # to # Physical Damage to Attacks per Level,explicit.stat_3821472155,text-only,-,search/item-facts/data/mod-templates.csv#L1397,12,attack_minimum_added_physical_damage_per_level=not local;attack_maximum_added_physical_damage_per_level=not local,L043.2,represents the family `per` (14 templates); reach: Adds # to # + Damage
pseudo.pseudo_adds_damage,Adds # to # Damage,Adds # to # Chaos Damage to Spells,explicit.stat_2300399854;fractured.stat_2300399854;implicit.stat_2300399854,text-only,-,search/item-facts/data/mod-templates.csv#L1496,11,spell_minimum_added_chaos_damage=not local;spell_maximum_added_chaos_damage=not local,L045.2,reach: Adds # to # + Damage
pseudo.pseudo_adds_damage,Adds # to # Damage,Adds # to # Chaos Damage to Spells and Attacks during any Flask Effect,explicit.stat_3519268108,text-only,-,search/item-facts/data/mod-templates.csv#L1605,10,spell_and_attack_minimum_added_chaos_damage_during_flask_effect=not local;spell_and_attack_maximum_added_chaos_damage_during_flask_effect=not local,L039.2,represents the family `during a flask's effect` (3 templates); reach: Adds # to # + Damage
pseudo.pseudo_adds_damage,Adds # to # Damage,Adds # to # Cold Damage against Chilled Enemies,explicit.stat_3734640451,text-only,-,search/item-facts/data/mod-templates.csv#L1737,9,minimum_added_cold_damage_vs_chilled_enemies=not local;maximum_added_cold_damage_vs_chilled_enemies=not local,L036.3,represents the family `against` (8 templates); reach: Adds # to # + Damage
pseudo.pseudo_adds_damage,Adds # to # Damage,Adds # to # Chaos Damage in Off Hand,explicit.stat_3758293500,text-only,-,search/item-facts/data/mod-templates.csv#L1900,8,unique_local_minimum_added_chaos_damage_when_in_off_hand=local;unique_local_maximum_added_chaos_damage_when_in_off_hand=local,L034.3,"family: a weapon's or hand's, represented by `Adds # to # Fire Damage in Main Hand`; reach: Adds # to # + Damage"
pseudo.pseudo_adds_damage,Adds # to # Damage,Adds # to # Physical Damage to Attacks per # Dexterity,explicit.stat_2066426995,text-only,-,search/item-facts/data/mod-templates.csv#L2278,6,,L043.2,"family: per, represented by `Adds # to # Physical Damage to Attacks per Level`; reach: Adds # to # + Damage"
pseudo.pseudo_adds_damage,Adds # to # Damage,Adds # to # Physical Damage to Attacks with this Weapon per # Player Levels,explicit.stat_1454603936,text-only,-,search/item-facts/data/mod-templates.csv#L2279,6,,L059.2,represents the family `a monster's or an enemy's` (4 templates); reach: Adds # to # + Damage
pseudo.pseudo_adds_damage,Adds # to # Damage,Adds # to # Lightning Damage to Spells during Effect,explicit.stat_4108305628,text-only,-,search/item-facts/data/mod-templates.csv#L2537,5,local_unique_flask_minimum_added_lightning_damage_to_spells_during_flask_effect=local;local_unique_flask_maximum_added_lightning_damage_to_spells_during_flask_effect=local,L039.2,"family: during a flask's effect, represented by `Adds # to # Chaos Damage to Spells and Attacks during any Flask Effect`; reach: Adds # to # + Damage"
pseudo.pseudo_adds_damage,Adds # to # Damage,Adds # to # Physical Damage to Spells,explicit.stat_2435536961;fractured.stat_2435536961;implicit.stat_2435536961;scourge.stat_2435536961,text-only,-,search/item-facts/data/mod-templates.csv#L3415,5,spell_minimum_added_physical_damage=not local;spell_maximum_added_physical_damage=not local,L067.2,reach: Adds # to # + Damage
pseudo.pseudo_adds_damage,Adds # to # Damage,Adds # to # Chaos Damage for each Curse on the Enemy,explicit.stat_4294344579;implicit.stat_4294344579,text-only,-,search/item-facts/data/mod-templates.csv#L2897,4,minimum_added_chaos_damage_per_curse_on_enemy=not local;maximum_added_chaos_damage_per_curse_on_enemy=not local,L043.2,"family: per, represented by `Adds # to # Physical Damage to Attacks per Level`; reach: Adds # to # + Damage"
pseudo.pseudo_adds_damage,Adds # to # Damage,Adds # to # Cold Damage in Off Hand,explicit.stat_2109066258,text-only,-,search/item-facts/data/mod-templates.csv#L2898,4,unique_local_minimum_added_cold_damage_when_in_off_hand=local;unique_local_maximum_added_cold_damage_when_in_off_hand=local,L034.3,"family: a weapon's or hand's, represented by `Adds # to # Fire Damage in Main Hand`; reach: Adds # to # + Damage"
pseudo.pseudo_adds_damage,Adds # to # Damage,Adds # to # Cold Damage to Attacks per # Dexterity,explicit.stat_769783486;fractured.stat_769783486,text-only,-,search/item-facts/data/mod-templates.csv#L2899,4,,L043.2,"family: per, represented by `Adds # to # Physical Damage to Attacks per Level`; reach: Adds # to # + Damage"
pseudo.pseudo_adds_damage,Adds # to # Damage,Adds # to # Fire Damage to Attacks per # Strength,explicit.stat_68673913;fractured.stat_68673913,text-only,-,search/item-facts/data/mod-templates.csv#L2900,4,,L043.2,"family: per, represented by `Adds # to # Physical Damage to Attacks per Level`; reach: Adds # to # + Damage"
pseudo.pseudo_adds_damage,Adds # to # Damage,Adds # to # Lightning Damage for each Shocked Enemy you've Killed Recently,explicit.stat_4222857095;fractured.stat_4222857095,text-only,-,search/item-facts/data/mod-templates.csv#L2901,4,minimum_added_lightning_damage_per_shocked_enemy_killed_recently=not local;maximum_added_lightning_damage_per_shocked_enemy_killed_recently=not local,L051.3,represents the family `if or recently` (4 templates); reach: Adds # to # + Damage
pseudo.pseudo_adds_damage,Adds # to # Damage,Adds # to # Lightning Damage to Attacks per # Intelligence,explicit.stat_3168149399;fractured.stat_3168149399,text-only,-,search/item-facts/data/mod-templates.csv#L2902,4,,L043.2,"family: per, represented by `Adds # to # Physical Damage to Attacks per Level`; reach: Adds # to # + Damage"
pseudo.pseudo_adds_damage,Adds # to # Damage,Adds # to # Physical Damage to Attacks against you,crafted.stat_2093523445;explicit.stat_2093523445;fractured.stat_2093523445,text-only,-,search/item-facts/data/mod-templates.csv#L2903,4,from_self_minimum_added_attack_physical_damage_taken=not local;from_self_maximum_added_attack_physical_damage_taken=not local,L059.2,"family: a monster's or an enemy's, represented by `Adds # to # Physical Damage to Attacks with this Weapon per # Player Levels`; reach: Adds # to # + Damage"
pseudo.pseudo_adds_damage,Adds # to # Damage,Adds # to # [Physical|Physical] Damage to [Attack|Attacks],crafted.stat_3032590688;explicit.stat_3032590688;fractured.stat_3032590688;implicit.stat_3032590688,text-only,-,search/item-facts/data/mod-templates.csv#L4075,4,attack_minimum_added_physical_damage=not local;attack_maximum_added_physical_damage=not local,L005.2,reach: Adds # to # + Damage
pseudo.pseudo_adds_damage,Adds # to # Damage,Gloves: Adds # to # Physical Damage to Attacks,,text-only,-,search/item-facts/data/mod-templates.csv#L3012,4,,none: no stat id displays this text,represents the family `a description` (5 templates); reach: Adds # to # + Damage
pseudo.pseudo_adds_damage,Adds # to # Damage,Other Jewellery: Adds # to # Physical Damage to Attacks,,text-only,-,search/item-facts/data/mod-templates.csv#L3072,4,,none: no stat id displays this text,"family: a description, represented by `Gloves: Adds # to # Physical Damage to Attacks`; reach: Adds # to # + Damage"
pseudo.pseudo_adds_damage,Adds # to # Damage,Quiver: Adds # to # Physical Damage to Attacks,,text-only,-,search/item-facts/data/mod-templates.csv#L3082,4,,none: no stat id displays this text,"family: a description, represented by `Gloves: Adds # to # Physical Damage to Attacks`; reach: Adds # to # + Damage"
pseudo.pseudo_adds_damage,Adds # to # Damage,Adds # to # Cold Damage against Chilled or Frozen Enemies,explicit.stat_2233361223;fractured.stat_2233361223,text-only,-,search/item-facts/data/mod-templates.csv#L3411,3,global_minimum_added_cold_damage_vs_chilled_or_frozen_enemies=not local;global_maximum_added_cold_damage_vs_chilled_or_frozen_enemies=not local,L036.3,"family: against, represented by `Adds # to # Cold Damage against Chilled Enemies`; reach: Adds # to # + Damage"
pseudo.pseudo_adds_damage,Adds # to # Damage,Adds # to # Fire Damage against Ignited Enemies,explicit.stat_794830148;fractured.stat_794830148,text-only,-,search/item-facts/data/mod-templates.csv#L3412,3,global_minimum_added_fire_damage_vs_ignited_enemies=not local;global_maximum_added_fire_damage_vs_ignited_enemies=not local,L036.3,"family: against, represented by `Adds # to # Cold Damage against Chilled Enemies`; reach: Adds # to # + Damage"
pseudo.pseudo_adds_damage,Adds # to # Damage,Adds # to # Fire Damage to Attacks with this Weapon per # Strength,explicit.stat_1060540099;fractured.stat_1060540099;implicit.stat_1060540099,text-only,-,search/item-facts/data/mod-templates.csv#L3413,3,,L043.2,"family: per, represented by `Adds # to # Physical Damage to Attacks per Level`; reach: Adds # to # + Damage"
pseudo.pseudo_adds_damage,Adds # to # Damage,Adds # to # Lightning Damage to Attacks with this Weapon per # Dexterity,explicit.stat_817611267,text-only,-,search/item-facts/data/mod-templates.csv#L3414,3,,L043.2,"family: per, represented by `Adds # to # Physical Damage to Attacks per Level`; reach: Adds # to # + Damage"
pseudo.pseudo_adds_damage,Adds # to # Damage,Adds # to # Cold Damage if you've been Hit Recently,enchant.stat_884399432,text-only,-,search/item-facts/data/mod-templates.csv#L6380,2,enchantment_boots_added_cold_damage_when_hit_minimum=not local;enchantment_boots_added_cold_damage_when_hit_maximum=not local,L051.3,"family: if or recently, represented by `Adds # to # Lightning Damage for each Shocked Enemy you've Killed Recently`; reach: Adds # to # + Damage"
pseudo.pseudo_adds_damage,Adds # to # Damage,Adds # to # Cold Damage to Attacks against you,crafted.stat_617462123;explicit.stat_617462123;fractured.stat_617462123,text-only,-,search/item-facts/data/mod-templates.csv#L4068,2,from_self_minimum_added_attack_cold_damage_taken=not local;from_self_maximum_added_attack_cold_damage_taken=not local,L059.2,"family: a monster's or an enemy's, represented by `Adds # to # Physical Damage to Attacks with this Weapon per # Player Levels`; reach: Adds # to # + Damage"
pseudo.pseudo_adds_damage,Adds # to # Damage,Adds # to # Fire Attack Damage per Buff on you,explicit.stat_761505024,text-only,-,search/item-facts/data/mod-templates.csv#L4069,2,minimum_added_fire_attack_damage_per_active_buff=not local;maximum_added_fire_attack_damage_per_active_buff=not local,L043.2,"family: per, represented by `Adds # to # Physical Damage to Attacks per Level`; reach: Adds # to # + Damage"
pseudo.pseudo_adds_damage,Adds # to # Damage,Adds # to # Fire Spell Damage per Buff on you,explicit.stat_3434279150,text-only,-,search/item-facts/data/mod-templates.csv#L4070,2,minimum_added_fire_spell_damage_per_active_buff=not local;maximum_added_fire_spell_damage_per_active_buff=not local,L043.2,"family: per, represented by `Adds # to # Physical Damage to Attacks per Level`; reach: Adds # to # + Damage"
pseudo.pseudo_adds_damage,Adds # to # Damage,Adds # to # Lightning Damage against Shocked Enemies,explicit.stat_90012347;fractured.stat_90012347,text-only,-,search/item-facts/data/mod-templates.csv#L4071,2,global_minimum_added_lightning_damage_vs_shocked_enemies=not local;global_maximum_added_lightning_damage_vs_shocked_enemies=not local,L036.3,"family: against, represented by `Adds # to # Cold Damage against Chilled Enemies`; reach: Adds # to # + Damage"
pseudo.pseudo_adds_damage,Adds # to # Damage,Adds # to # Lightning Damage to Hits against Ignited Enemies,explicit.stat_2870108850,text-only,-,search/item-facts/data/mod-templates.csv#L4072,2,global_minimum_added_lightning_damage_vs_ignited_enemies=not local;global_maximum_added_lightning_damage_vs_ignited_enemies=not local,L036.3,"family: against, represented by `Adds # to # Cold Damage against Chilled Enemies`; reach: Adds # to # + Damage"
pseudo.pseudo_adds_damage,Adds # to # Damage,Adds # to # Lightning Damage to Spells per Power Charge,explicit.stat_4085417083,text-only,-,search/item-facts/data/mod-templates.csv#L4073,2,minimum_added_lightning_damage_to_spells_per_power_charge=not local;maximum_added_lightning_damage_to_spells_per_power_charge=not local,L043.2,"family: per, represented by `Adds # to # Physical Damage to Attacks per Level`; reach: Adds # to # + Damage"
pseudo.pseudo_adds_damage,Adds # to # Damage,Adds # to # Physical Damage against Bleeding Enemies,explicit.stat_1244003614,text-only,-,search/item-facts/data/mod-templates.csv#L4074,2,global_minimum_added_physical_damage_vs_bleeding_enemies=not local;global_maximum_added_physical_damage_vs_bleeding_enemies=not local;minimum_added_physical_damage_vs_bleeding_enemies=not local;maximum_added_physical_damage_vs_bleeding_enemies=not local,L036.3,"family: against, represented by `Adds # to # Cold Damage against Chilled Enemies`; reach: Adds # to # + Damage"
pseudo.pseudo_adds_damage,Adds # to # Damage,Gloves: Adds # to # Lightning Damage to Attacks,,text-only,-,search/item-facts/data/mod-templates.csv#L4239,2,,none: no stat id displays this text,"family: a description, represented by `Gloves: Adds # to # Physical Damage to Attacks`; reach: Adds # to # + Damage"
pseudo.pseudo_adds_damage,Adds # to # Damage,Adds # to # Chaos Damage for each Spider's Web on the Enemy,explicit.stat_982177653,text-only,-,search/item-facts/data/mod-templates.csv#L4952,1,minimum_added_chaos_damage_per_spiders_web_on_enemy=not local;maximum_added_chaos_damage_per_spiders_web_on_enemy=not local,L043.2,"family: per, represented by `Adds # to # Physical Damage to Attacks per Level`; reach: Adds # to # + Damage"
pseudo.pseudo_adds_damage,Adds # to # Damage,Adds # to # Cold Damage to Retaliation Skills,explicit.stat_1109700751;implicit.stat_1109700751,text-only,-,search/item-facts/data/mod-templates.csv#L4953,1,counter_attacks_minimum_added_cold_damage=not local;counter_attacks_maximum_added_cold_damage=not local,L034.3,"family: a weapon's or hand's, represented by `Adds # to # Fire Damage in Main Hand`; reach: Adds # to # + Damage"
pseudo.pseudo_adds_damage,Adds # to # Damage,Adds # to # Cold Damage to Spells per Power Charge,explicit.stat_3408048164;fractured.stat_3408048164,text-only,-,search/item-facts/data/mod-templates.csv#L4954,1,spell_minimum_added_cold_damage_per_power_charge=not local;spell_maximum_added_cold_damage_per_power_charge=not local,L043.2,"family: per, represented by `Adds # to # Physical Damage to Attacks per Level`; reach: Adds # to # + Damage"
pseudo.pseudo_adds_damage,Adds # to # Damage,Adds # to # Cold Damage while affected by Hatred,explicit.stat_2643562209,text-only,-,search/item-facts/data/mod-templates.csv#L4955,1,minimum_added_cold_damage_while_affected_by_hatred=not local;maximum_added_cold_damage_while_affected_by_hatred=not local,L111.3,represents the family `while` (2 templates); reach: Adds # to # + Damage
pseudo.pseudo_adds_damage,Adds # to # Damage,Adds # to # Fire Damage to Attacks against you,crafted.stat_2127433866;explicit.stat_2127433866;fractured.stat_2127433866,text-only,-,search/item-facts/data/mod-templates.csv#L4956,1,from_self_minimum_added_attack_fire_damage_taken=not local;from_self_maximum_added_attack_fire_damage_taken=not local,L059.2,"family: a monster's or an enemy's, represented by `Adds # to # Physical Damage to Attacks with this Weapon per # Player Levels`; reach: Adds # to # + Damage"
pseudo.pseudo_adds_damage,Adds # to # Damage,Adds # to # Fire Damage to Hits with this Weapon against Blinded Enemies,explicit.stat_3977907993,text-only,-,search/item-facts/data/mod-templates.csv#L4957,1,minimum_added_fire_damage_to_hits_vs_blinded_enemies=not local;maximum_added_fire_damage_to_hits_vs_blinded_enemies=not local,L036.3,"family: against, represented by `Adds # to # Cold Damage against Chilled Enemies`; reach: Adds # to # + Damage"
pseudo.pseudo_adds_damage,Adds # to # Damage,Adds # to # Lightning Damage if you haven't Killed Recently,enchant.stat_1293597434,text-only,-,search/item-facts/data/mod-templates.csv#L6558,1,enchantment_boots_minimum_added_lightning_damage_when_you_havent_killed_for_4_seconds=not local;enchantment_boots_maximum_added_lightning_damage_when_you_havent_killed_for_4_seconds=not local,L051.3,"family: if or recently, represented by `Adds # to # Lightning Damage for each Shocked Enemy you've Killed Recently`; reach: Adds # to # + Damage"
pseudo.pseudo_adds_damage,Adds # to # Damage,Adds # to # Lightning Damage to Attacks during Effect,explicit.stat_4292531291,text-only,-,search/item-facts/data/mod-templates.csv#L4958,1,local_unique_flask_minimum_added_lightning_damage_to_attacks_during_flask_effect=local;local_unique_flask_maximum_added_lightning_damage_to_attacks_during_flask_effect=local,L039.2,"family: during a flask's effect, represented by `Adds # to # Chaos Damage to Spells and Attacks during any Flask Effect`; reach: Adds # to # + Damage"
pseudo.pseudo_adds_damage,Adds # to # Damage,Adds # to # Lightning Damage to Spells per # Intelligence,explicit.stat_254155233,text-only,-,search/item-facts/data/mod-templates.csv#L4959,1,,L043.2,"family: per, represented by `Adds # to # Physical Damage to Attacks per Level`; reach: Adds # to # + Damage"
pseudo.pseudo_adds_damage,Adds # to # Damage,Adds # to # Lightning Damage to Spells while Unarmed,explicit.stat_3597806437,text-only,-,search/item-facts/data/mod-templates.csv#L4960,1,spell_minimum_added_lightning_damage_while_unarmed=not local;spell_maximum_added_lightning_damage_while_unarmed=not local,L111.3,"family: while, represented by `Adds # to # Cold Damage while affected by Hatred`; reach: Adds # to # + Damage"
pseudo.pseudo_adds_damage,Adds # to # Damage,Adds # to # Lightning Damage to Unarmed Melee Hits,explicit.stat_3835522656,text-only,-,search/item-facts/data/mod-templates.csv#L4961,1,attack_minimum_added_melee_lightning_damage_while_unarmed=not local;attack_maximum_added_melee_lightning_damage_while_unarmed=not local,L034.3,"family: a weapon's or hand's, represented by `Adds # to # Fire Damage in Main Hand`; reach: Adds # to # + Damage"
pseudo.pseudo_adds_damage,Adds # to # Damage,Adds # to # Physical Damage to Attacks while you have a Bestial Minion,explicit.stat_242822230,text-only,-,search/item-facts/data/mod-templates.csv#L4962,1,attack_minimum_added_physical_damage_if_you_have_beast_minion=not local;attack_maximum_added_physical_damage_if_you_have_beast_minion=not local,L151.2,represents the family `a minion's or ally's` (1 templates); reach: Adds # to # + Damage
pseudo.pseudo_adds_damage,Adds # to # Damage,Adds # to # [Fire|Fire] Damage,crafted.stat_321077055;crafted.stat_709508406;enchant.stat_709508406;explicit.stat_321077055;explicit.stat_709508406;fractured.stat_321077055;fractured.stat_709508406;implicit.stat_321077055;implicit.stat_709508406;scourge.stat_709508406,text-only,-,search/item-facts/data/mod-templates.csv#L4965,1,global_minimum_added_fire_damage=not local;global_maximum_added_fire_damage=not local;local_minimum_added_fire_damage=local;local_maximum_added_fire_damage=local,L006.3,reach: Adds # to # + Damage
pseudo.pseudo_adds_damage,Adds # to # Damage,Shield: Adds # to # Fire Damage if you've Blocked Recently,,text-only,-,search/item-facts/data/mod-templates.csv#L5467,1,,L051.3,"family: if or recently, represented by `Adds # to # Lightning Damage for each Shocked Enemy you've Killed Recently`; reach: Adds # to # + Damage"
pseudo.pseudo_adds_damage,Adds # to # Damage,[MartialWeapon|Martial Weapon]: Adds # to # [Fire|Fire] Damage,,text-only,-,search/item-facts/data/mod-templates.csv#L5705,1,,none: no stat id displays this text,"family: a description, represented by `Gloves: Adds # to # Physical Damage to Attacks`; reach: Adds # to # + Damage"
pseudo.pseudo_adds_physical_damage_to_attacks,Adds # to # Physical Damage to Attacks,Adds # to # Physical Damage to Attacks,crafted.stat_3032590688;explicit.stat_3032590688;fractured.stat_3032590688;implicit.stat_3032590688,text-only,-,search/item-facts/data/mod-templates.csv#L32,543,attack_minimum_added_physical_damage=not local;attack_maximum_added_physical_damage=not local,L005.3,reach: Adds # to # + Physical + Damage + Attacks
pseudo.pseudo_adds_physical_damage_to_attacks,Adds # to # Physical Damage to Attacks,Adds # to # Physical Damage,crafted.stat_1940865751;explicit.stat_1940865751;explicit.stat_960081730;fractured.stat_1940865751;fractured.stat_960081730;implicit.stat_1940865751;scourge.stat_1940865751,text-only,-,search/item-facts/data/mod-templates.csv#L28,485,global_minimum_added_physical_damage=not local;global_maximum_added_physical_damage=not local;local_minimum_added_physical_damage=local;local_maximum_added_physical_damage=local,L002.3,reach: Adds # to # + Physical + Damage + (neither Attack nor Spell)
pseudo.pseudo_adds_physical_damage_to_attacks,Adds # to # Physical Damage to Attacks,Adds # to # Physical Damage to Hits against Cursed Enemies,,text-only,-,search/item-facts/data/mod-templates.csv#L1115,15,,L138.2,"family: against, represented by `Adds # to # Physical Damage against Bleeding Enemies`; reach: Adds # to # + Physical + Damage + (neither Attack nor Spell)"
pseudo.pseudo_adds_physical_damage_to_attacks,Adds # to # Physical Damage to Attacks,Adds # to # Physical Damage to Attacks per Level,explicit.stat_3821472155,text-only,-,search/item-facts/data/mod-templates.csv#L1397,12,attack_minimum_added_physical_damage_per_level=not local;attack_maximum_added_physical_damage_per_level=not local,L043.3,represents the family `per` (2 templates); reach: Adds # to # + Physical + Damage + Attacks
pseudo.pseudo_adds_physical_damage_to_attacks,Adds # to # Physical Damage to Attacks,Adds # to # Physical Damage to Attacks per # Dexterity,explicit.stat_2066426995,text-only,-,search/item-facts/data/mod-templates.csv#L2278,6,,L043.3,"family: per, represented by `Adds # to # Physical Damage to Attacks per Level`; reach: Adds # to # + Physical + Damage + Attacks"
pseudo.pseudo_adds_physical_damage_to_attacks,Adds # to # Physical Damage to Attacks,Adds # to # Physical Damage to Attacks with this Weapon per # Player Levels,explicit.stat_1454603936,text-only,-,search/item-facts/data/mod-templates.csv#L2279,6,,L059.3,represents the family `a monster's or an enemy's` (2 templates); reach: Adds # to # + Physical + Damage + Attacks
pseudo.pseudo_adds_physical_damage_to_attacks,Adds # to # Physical Damage to Attacks,Adds # to # Physical Damage to Attacks against you,crafted.stat_2093523445;explicit.stat_2093523445;fractured.stat_2093523445,text-only,-,search/item-facts/data/mod-templates.csv#L2903,4,from_self_minimum_added_attack_physical_damage_taken=not local;from_self_maximum_added_attack_physical_damage_taken=not local,L059.3,"family: a monster's or an enemy's, represented by `Adds # to # Physical Damage to Attacks with this Weapon per # Player Levels`; reach: Adds # to # + Physical + Damage + Attacks"
pseudo.pseudo_adds_physical_damage_to_attacks,Adds # to # Physical Damage to Attacks,Adds # to # [Physical|Physical] Damage to [Attack|Attacks],crafted.stat_3032590688;explicit.stat_3032590688;fractured.stat_3032590688;implicit.stat_3032590688,text-only,-,search/item-facts/data/mod-templates.csv#L4075,4,attack_minimum_added_physical_damage=not local;attack_maximum_added_physical_damage=not local,L005.3,reach: Adds # to # + Physical + Damage + Attack
pseudo.pseudo_adds_physical_damage_to_attacks,Adds # to # Physical Damage to Attacks,Gloves: Adds # to # Physical Damage to Attacks,,text-only,-,search/item-facts/data/mod-templates.csv#L3012,4,,none: no stat id displays this text,represents the family `a description` (3 templates); reach: Adds # to # + Physical + Damage + Attacks
pseudo.pseudo_adds_physical_damage_to_attacks,Adds # to # Physical Damage to Attacks,Other Jewellery: Adds # to # Physical Damage to Attacks,,text-only,-,search/item-facts/data/mod-templates.csv#L3072,4,,none: no stat id displays this text,"family: a description, represented by `Gloves: Adds # to # Physical Damage to Attacks`; reach: Adds # to # + Physical + Damage + Attacks"
pseudo.pseudo_adds_physical_damage_to_attacks,Adds # to # Physical Damage to Attacks,Quiver: Adds # to # Physical Damage to Attacks,,text-only,-,search/item-facts/data/mod-templates.csv#L3082,4,,none: no stat id displays this text,"family: a description, represented by `Gloves: Adds # to # Physical Damage to Attacks`; reach: Adds # to # + Physical + Damage + Attacks"
pseudo.pseudo_adds_physical_damage_to_attacks,Adds # to # Physical Damage to Attacks,Adds # to # Physical Damage against Bleeding Enemies,explicit.stat_1244003614,text-only,-,search/item-facts/data/mod-templates.csv#L4074,2,global_minimum_added_physical_damage_vs_bleeding_enemies=not local;global_maximum_added_physical_damage_vs_bleeding_enemies=not local;minimum_added_physical_damage_vs_bleeding_enemies=not local;maximum_added_physical_damage_vs_bleeding_enemies=not local,L138.2,represents the family `against` (2 templates); reach: Adds # to # + Physical + Damage + (neither Attack nor Spell)
pseudo.pseudo_adds_physical_damage_to_attacks,Adds # to # Physical Damage to Attacks,Adds # to # Physical Damage to Attacks while you have a Bestial Minion,explicit.stat_242822230,text-only,-,search/item-facts/data/mod-templates.csv#L4962,1,attack_minimum_added_physical_damage_if_you_have_beast_minion=not local;attack_maximum_added_physical_damage_if_you_have_beast_minion=not local,L151.3,represents the family `a minion's or ally's` (1 templates); reach: Adds # to # + Physical + Damage + Attacks
pseudo.pseudo_adds_lightning_damage_to_attacks,Adds # to # Lightning Damage to Attacks,Adds # to # Lightning Damage to Attacks,crafted.stat_1754445556;explicit.stat_1754445556;fractured.stat_1754445556;implicit.stat_1754445556,text-only,-,search/item-facts/data/mod-templates.csv#L60,272,attack_minimum_added_lightning_damage=not local;attack_maximum_added_lightning_damage=not local,L007.4,reach: Adds # to # + Lightning + Damage + Attacks
pseudo.pseudo_adds_lightning_damage_to_attacks,Adds # to # Lightning Damage to Attacks,Adds # to # Lightning Damage,crafted.stat_1334060246;crafted.stat_3336890334;enchant.stat_3336890334;explicit.stat_1334060246;explicit.stat_3336890334;fractured.stat_1334060246;fractured.stat_3336890334;implicit.stat_1334060246;implicit.stat_3336890334;scourge.stat_3336890334,text-only,-,search/item-facts/data/mod-templates.csv#L73,269,global_minimum_added_lightning_damage=not local;global_maximum_added_lightning_damage=not local;local_minimum_added_lightning_damage=local;local_maximum_added_lightning_damage=local,L003.4,reach: Adds # to # + Lightning + Damage + (neither Attack nor Spell)
pseudo.pseudo_adds_lightning_damage_to_attacks,Adds # to # Lightning Damage to Attacks,Adds # to # Lightning Damage to Spells and Attacks,explicit.stat_2885144362;implicit.stat_2885144362,text-only,-,search/item-facts/data/mod-templates.csv#L5774,57,spell_and_attack_minimum_added_lightning_damage=not local;spell_and_attack_maximum_added_lightning_damage=not local,L015.4,reach: Adds # to # + Lightning + Damage + Attacks
pseudo.pseudo_adds_lightning_damage_to_attacks,Adds # to # Lightning Damage to Attacks,Adds # to # Lightning Damage for each Shocked Enemy you've Killed Recently,explicit.stat_4222857095;fractured.stat_4222857095,text-only,-,search/item-facts/data/mod-templates.csv#L2901,4,minimum_added_lightning_damage_per_shocked_enemy_killed_recently=not local;maximum_added_lightning_damage_per_shocked_enemy_killed_recently=not local,L051.4,represents the family `if or recently` (2 templates); reach: Adds # to # + Lightning + Damage + (neither Attack nor Spell)
pseudo.pseudo_adds_lightning_damage_to_attacks,Adds # to # Lightning Damage to Attacks,Adds # to # Lightning Damage to Attacks per # Intelligence,explicit.stat_3168149399;fractured.stat_3168149399,text-only,-,search/item-facts/data/mod-templates.csv#L2902,4,,L125.2,represents the family `per` (2 templates); reach: Adds # to # + Lightning + Damage + Attacks
pseudo.pseudo_adds_lightning_damage_to_attacks,Adds # to # Lightning Damage to Attacks,Adds # to # Lightning Damage to Attacks with this Weapon per # Dexterity,explicit.stat_817611267,text-only,-,search/item-facts/data/mod-templates.csv#L3414,3,,L125.2,"family: per, represented by `Adds # to # Lightning Damage to Attacks per # Intelligence`; reach: Adds # to # + Lightning + Damage + Attacks"
pseudo.pseudo_adds_lightning_damage_to_attacks,Adds # to # Lightning Damage to Attacks,Adds # to # Lightning Damage against Shocked Enemies,explicit.stat_90012347;fractured.stat_90012347,text-only,-,search/item-facts/data/mod-templates.csv#L4071,2,global_minimum_added_lightning_damage_vs_shocked_enemies=not local;global_maximum_added_lightning_damage_vs_shocked_enemies=not local,L137.2,represents the family `against` (2 templates); reach: Adds # to # + Lightning + Damage + (neither Attack nor Spell)
pseudo.pseudo_adds_lightning_damage_to_attacks,Adds # to # Lightning Damage to Attacks,Adds # to # Lightning Damage to Hits against Ignited Enemies,explicit.stat_2870108850,text-only,-,search/item-facts/data/mod-templates.csv#L4072,2,global_minimum_added_lightning_damage_vs_ignited_enemies=not local;global_maximum_added_lightning_damage_vs_ignited_enemies=not local,L137.2,"family: against, represented by `Adds # to # Lightning Damage against Shocked Enemies`; reach: Adds # to # + Lightning + Damage + (neither Attack nor Spell)"
pseudo.pseudo_adds_lightning_damage_to_attacks,Adds # to # Lightning Damage to Attacks,Gloves: Adds # to # Lightning Damage to Attacks,,text-only,-,search/item-facts/data/mod-templates.csv#L4239,2,,none: no stat id displays this text,represents the family `a description` (1 templates); reach: Adds # to # + Lightning + Damage + Attacks
pseudo.pseudo_adds_lightning_damage_to_attacks,Adds # to # Lightning Damage to Attacks,Adds # to # Lightning Damage if you haven't Killed Recently,enchant.stat_1293597434,text-only,-,search/item-facts/data/mod-templates.csv#L6558,1,enchantment_boots_minimum_added_lightning_damage_when_you_havent_killed_for_4_seconds=not local;enchantment_boots_maximum_added_lightning_damage_when_you_havent_killed_for_4_seconds=not local,L051.4,"family: if or recently, represented by `Adds # to # Lightning Damage for each Shocked Enemy you've Killed Recently`; reach: Adds # to # + Lightning + Damage + (neither Attack nor Spell)"
pseudo.pseudo_adds_lightning_damage_to_attacks,Adds # to # Lightning Damage to Attacks,Adds # to # Lightning Damage to Attacks during Effect,explicit.stat_4292531291,text-only,-,search/item-facts/data/mod-templates.csv#L4958,1,local_unique_flask_minimum_added_lightning_damage_to_attacks_during_flask_effect=local;local_unique_flask_maximum_added_lightning_damage_to_attacks_during_flask_effect=local,L177.1,represents the family `during a flask's effect` (1 templates); reach: Adds # to # + Lightning + Damage + Attacks
pseudo.pseudo_adds_lightning_damage_to_attacks,Adds # to # Lightning Damage to Attacks,Adds # to # Lightning Damage to Unarmed Melee Hits,explicit.stat_3835522656,text-only,-,search/item-facts/data/mod-templates.csv#L4961,1,attack_minimum_added_melee_lightning_damage_while_unarmed=not local;attack_maximum_added_melee_lightning_damage_while_unarmed=not local,L161.2,represents the family `a weapon's or hand's` (1 templates); reach: Adds # to # + Lightning + Damage + (neither Attack nor Spell)
pseudo.pseudo_adds_cold_damage_to_attacks,Adds # to # Cold Damage to Attacks,Adds # to # Cold Damage,crafted.stat_1037193709;crafted.stat_2387423236;enchant.stat_1037193709;explicit.stat_1037193709;explicit.stat_2387423236;fractured.stat_1037193709;fractured.stat_2387423236;implicit.stat_1037193709;implicit.stat_2387423236;scourge.stat_1037193709,text-only,-,search/item-facts/data/mod-templates.csv#L70,266,global_minimum_added_cold_damage=not local;global_maximum_added_cold_damage=not local;local_minimum_added_cold_damage=local;local_maximum_added_cold_damage=local,L004.4,reach: Adds # to # + Cold + Damage + (neither Attack nor Spell)
pseudo.pseudo_adds_cold_damage_to_attacks,Adds # to # Cold Damage to Attacks,Adds # to # Cold Damage to Attacks,crafted.stat_4067062424;explicit.stat_4067062424;fractured.stat_4067062424;implicit.stat_4067062424,text-only,-,search/item-facts/data/mod-templates.csv#L76,245,attack_minimum_added_cold_damage=not local;attack_maximum_added_cold_damage=not local,L008.4,reach: Adds # to # + Cold + Damage + Attacks
pseudo.pseudo_adds_cold_damage_to_attacks,Adds # to # Cold Damage to Attacks,Adds # to # Cold Damage to Spells and Attacks,explicit.stat_1662717006;implicit.stat_1662717006,text-only,-,search/item-facts/data/mod-templates.csv#L426,60,spell_and_attack_minimum_added_cold_damage=not local;spell_and_attack_maximum_added_cold_damage=not local,L014.4,reach: Adds # to # + Cold + Damage + Attacks
pseudo.pseudo_adds_cold_damage_to_attacks,Adds # to # Cold Damage to Attacks,Adds # to # Cold Damage against Chilled Enemies,explicit.stat_3734640451,text-only,-,search/item-facts/data/mod-templates.csv#L1737,9,minimum_added_cold_damage_vs_chilled_enemies=not local;maximum_added_cold_damage_vs_chilled_enemies=not local,L036.4,represents the family `against` (2 templates); reach: Adds # to # + Cold + Damage + (neither Attack nor Spell)
pseudo.pseudo_adds_cold_damage_to_attacks,Adds # to # Cold Damage to Attacks,Adds # to # Cold Damage in Off Hand,explicit.stat_2109066258,text-only,-,search/item-facts/data/mod-templates.csv#L2898,4,unique_local_minimum_added_cold_damage_when_in_off_hand=local;unique_local_maximum_added_cold_damage_when_in_off_hand=local,L090.2,represents the family `a weapon's or hand's` (2 templates); reach: Adds # to # + Cold + Damage + (neither Attack nor Spell)
pseudo.pseudo_adds_cold_damage_to_attacks,Adds # to # Cold Damage to Attacks,Adds # to # Cold Damage to Attacks per # Dexterity,explicit.stat_769783486;fractured.stat_769783486,text-only,-,search/item-facts/data/mod-templates.csv#L2899,4,,L073.3,represents the family `per` (1 templates); reach: Adds # to # + Cold + Damage + Attacks
pseudo.pseudo_adds_cold_damage_to_attacks,Adds # to # Cold Damage to Attacks,Adds # to # Cold Damage against Chilled or Frozen Enemies,explicit.stat_2233361223;fractured.stat_2233361223,text-only,-,search/item-facts/data/mod-templates.csv#L3411,3,global_minimum_added_cold_damage_vs_chilled_or_frozen_enemies=not local;global_maximum_added_cold_damage_vs_chilled_or_frozen_enemies=not local,L036.4,"family: against, represented by `Adds # to # Cold Damage against Chilled Enemies`; reach: Adds # to # + Cold + Damage + (neither Attack nor Spell)"
pseudo.pseudo_adds_cold_damage_to_attacks,Adds # to # Cold Damage to Attacks,Adds # to # Cold Damage if you've been Hit Recently,enchant.stat_884399432,text-only,-,search/item-facts/data/mod-templates.csv#L6380,2,enchantment_boots_added_cold_damage_when_hit_minimum=not local;enchantment_boots_added_cold_damage_when_hit_maximum=not local,L136.2,represents the family `if or recently` (1 templates); reach: Adds # to # + Cold + Damage + (neither Attack nor Spell)
pseudo.pseudo_adds_cold_damage_to_attacks,Adds # to # Cold Damage to Attacks,Adds # to # Cold Damage to Attacks against you,crafted.stat_617462123;explicit.stat_617462123;fractured.stat_617462123,text-only,-,search/item-facts/data/mod-templates.csv#L4068,2,from_self_minimum_added_attack_cold_damage_taken=not local;from_self_maximum_added_attack_cold_damage_taken=not local,L123.3,represents the family `a monster's or an enemy's` (1 templates); reach: Adds # to # + Cold + Damage + Attacks
pseudo.pseudo_adds_cold_damage_to_attacks,Adds # to # Cold Damage to Attacks,Adds # to # Cold Damage to Retaliation Skills,explicit.stat_1109700751;implicit.stat_1109700751,text-only,-,search/item-facts/data/mod-templates.csv#L4953,1,counter_attacks_minimum_added_cold_damage=not local;counter_attacks_maximum_added_cold_damage=not local,L090.2,"family: a weapon's or hand's, represented by `Adds # to # Cold Damage in Off Hand`; reach: Adds # to # + Cold + Damage + (neither Attack nor Spell)"
pseudo.pseudo_adds_cold_damage_to_attacks,Adds # to # Cold Damage to Attacks,Adds # to # Cold Damage while affected by Hatred,explicit.stat_2643562209,text-only,-,search/item-facts/data/mod-templates.csv#L4955,1,minimum_added_cold_damage_while_affected_by_hatred=not local;maximum_added_cold_damage_while_affected_by_hatred=not local,L111.4,represents the family `while` (1 templates); reach: Adds # to # + Cold + Damage + (neither Attack nor Spell)
pseudo.pseudo_adds_fire_damage_to_attacks,Adds # to # Fire Damage to Attacks,Adds # to # Fire Damage,crafted.stat_321077055;crafted.stat_709508406;enchant.stat_709508406;explicit.stat_321077055;explicit.stat_709508406;fractured.stat_321077055;fractured.stat_709508406;implicit.stat_321077055;implicit.stat_709508406;scourge.stat_709508406,text-only,-,search/item-facts/data/mod-templates.csv#L102,224,global_minimum_added_fire_damage=not local;global_maximum_added_fire_damage=not local;local_minimum_added_fire_damage=local;local_maximum_added_fire_damage=local,L006.4,reach: Adds # to # + Fire + Damage + (neither Attack nor Spell)
pseudo.pseudo_adds_fire_damage_to_attacks,Adds # to # Fire Damage to Attacks,Adds # to # Fire Damage to Attacks,crafted.stat_1573130764;explicit.stat_1573130764;fractured.stat_1573130764;implicit.stat_1573130764,text-only,-,search/item-facts/data/mod-templates.csv#L96,219,attack_minimum_added_fire_damage=not local;attack_maximum_added_fire_damage=not local,L009.4,reach: Adds # to # + Fire + Damage + Attacks
pseudo.pseudo_adds_fire_damage_to_attacks,Adds # to # Fire Damage to Attacks,Adds # to # Fire Damage to Spells and Attacks,explicit.stat_3964634628;fractured.stat_3964634628;implicit.stat_3964634628,text-only,-,search/item-facts/data/mod-templates.csv#L5767,69,spell_and_attack_minimum_added_fire_damage=not local;spell_and_attack_maximum_added_fire_damage=not local,L011.4,reach: Adds # to # + Fire + Damage + Attacks
pseudo.pseudo_adds_fire_damage_to_attacks,Adds # to # Fire Damage to Attacks,Adds # to # Fire Damage in Main Hand,explicit.stat_169657426,text-only,-,search/item-facts/data/mod-templates.csv#L1396,12,unique_local_minimum_added_fire_damage_when_in_main_hand=local;unique_local_maximum_added_fire_damage_when_in_main_hand=local,L034.4,represents the family `a weapon's or hand's` (1 templates); reach: Adds # to # + Fire + Damage + (neither Attack nor Spell)
pseudo.pseudo_adds_fire_damage_to_attacks,Adds # to # Fire Damage to Attacks,Adds # to # Fire Damage to Attacks per # Strength,explicit.stat_68673913;fractured.stat_68673913,text-only,-,search/item-facts/data/mod-templates.csv#L2900,4,,L124.2,represents the family `per` (3 templates); reach: Adds # to # + Fire + Damage + Attacks
pseudo.pseudo_adds_fire_damage_to_attacks,Adds # to # Fire Damage to Attacks,Adds # to # Fire Damage against Ignited Enemies,explicit.stat_794830148;fractured.stat_794830148,text-only,-,search/item-facts/data/mod-templates.csv#L3412,3,global_minimum_added_fire_damage_vs_ignited_enemies=not local;global_maximum_added_fire_damage_vs_ignited_enemies=not local,L112.2,represents the family `against` (2 templates); reach: Adds # to # + Fire + Damage + (neither Attack nor Spell)
pseudo.pseudo_adds_fire_damage_to_attacks,Adds # to # Fire Damage to Attacks,Adds # to # Fire Damage to Attacks with this Weapon per # Strength,explicit.stat_1060540099;fractured.stat_1060540099;implicit.stat_1060540099,text-only,-,search/item-facts/data/mod-templates.csv#L3413,3,,L124.2,"family: per, represented by `Adds # to # Fire Damage to Attacks per # Strength`; reach: Adds # to # + Fire + Damage + Attacks"
pseudo.pseudo_adds_fire_damage_to_attacks,Adds # to # Fire Damage to Attacks,Adds # to # Fire Attack Damage per Buff on you,explicit.stat_761505024,text-only,-,search/item-facts/data/mod-templates.csv#L4069,2,minimum_added_fire_attack_damage_per_active_buff=not local;maximum_added_fire_attack_damage_per_active_buff=not local,L124.2,"family: per, represented by `Adds # to # Fire Damage to Attacks per # Strength`; reach: Adds # to # + Fire + Damage + Attack"
pseudo.pseudo_adds_fire_damage_to_attacks,Adds # to # Fire Damage to Attacks,Adds # to # Fire Damage to Attacks against you,crafted.stat_2127433866;explicit.stat_2127433866;fractured.stat_2127433866,text-only,-,search/item-facts/data/mod-templates.csv#L4956,1,from_self_minimum_added_attack_fire_damage_taken=not local;from_self_maximum_added_attack_fire_damage_taken=not local,L176.2,represents the family `a monster's or an enemy's` (1 templates); reach: Adds # to # + Fire + Damage + Attacks
pseudo.pseudo_adds_fire_damage_to_attacks,Adds # to # Fire Damage to Attacks,Adds # to # Fire Damage to Hits with this Weapon against Blinded Enemies,explicit.stat_3977907993,text-only,-,search/item-facts/data/mod-templates.csv#L4957,1,minimum_added_fire_damage_to_hits_vs_blinded_enemies=not local;maximum_added_fire_damage_to_hits_vs_blinded_enemies=not local,L112.2,"family: against, represented by `Adds # to # Fire Damage against Ignited Enemies`; reach: Adds # to # + Fire + Damage + (neither Attack nor Spell)"
pseudo.pseudo_adds_fire_damage_to_attacks,Adds # to # Fire Damage to Attacks,Adds # to # [Fire|Fire] Damage,crafted.stat_321077055;crafted.stat_709508406;enchant.stat_709508406;explicit.stat_321077055;explicit.stat_709508406;fractured.stat_321077055;fractured.stat_709508406;implicit.stat_321077055;implicit.stat_709508406;scourge.stat_709508406,text-only,-,search/item-facts/data/mod-templates.csv#L4965,1,global_minimum_added_fire_damage=not local;global_maximum_added_fire_damage=not local;local_minimum_added_fire_damage=local;local_maximum_added_fire_damage=local,L006.4,reach: Adds # to # + Fire + Damage + (neither Attack nor Spell)
pseudo.pseudo_adds_fire_damage_to_attacks,Adds # to # Fire Damage to Attacks,Shield: Adds # to # Fire Damage if you've Blocked Recently,,text-only,-,search/item-facts/data/mod-templates.csv#L5467,1,,none: no stat id displays this text,represents the family `if or recently` (1 templates); reach: Adds # to # + Fire + Damage + (neither Attack nor Spell)
pseudo.pseudo_adds_fire_damage_to_attacks,Adds # to # Fire Damage to Attacks,[MartialWeapon|Martial Weapon]: Adds # to # [Fire|Fire] Damage,,text-only,-,search/item-facts/data/mod-templates.csv#L5705,1,,none: no stat id displays this text,represents the family `a description` (1 templates); reach: Adds # to # + Fire + Damage + (neither Attack nor Spell)
pseudo.pseudo_adds_elemental_damage_to_attacks,Adds # to # Elemental Damage to Attacks,Adds # to # Lightning Damage to Attacks,crafted.stat_1754445556;explicit.stat_1754445556;fractured.stat_1754445556;implicit.stat_1754445556,text-only,-,search/item-facts/data/mod-templates.csv#L60,272,attack_minimum_added_lightning_damage=not local;attack_maximum_added_lightning_damage=not local,L007.5,reach: Adds # to # + Lightning + Damage + Attacks
pseudo.pseudo_adds_elemental_damage_to_attacks,Adds # to # Elemental Damage to Attacks,Adds # to # Lightning Damage,crafted.stat_1334060246;crafted.stat_3336890334;enchant.stat_3336890334;explicit.stat_1334060246;explicit.stat_3336890334;fractured.stat_1334060246;fractured.stat_3336890334;implicit.stat_1334060246;implicit.stat_3336890334;scourge.stat_3336890334,text-only,-,search/item-facts/data/mod-templates.csv#L73,269,global_minimum_added_lightning_damage=not local;global_maximum_added_lightning_damage=not local;local_minimum_added_lightning_damage=local;local_maximum_added_lightning_damage=local,L003.5,reach: Adds # to # + Lightning + Damage + (neither Attack nor Spell)
pseudo.pseudo_adds_elemental_damage_to_attacks,Adds # to # Elemental Damage to Attacks,Adds # to # Cold Damage,crafted.stat_1037193709;crafted.stat_2387423236;enchant.stat_1037193709;explicit.stat_1037193709;explicit.stat_2387423236;fractured.stat_1037193709;fractured.stat_2387423236;implicit.stat_1037193709;implicit.stat_2387423236;scourge.stat_1037193709,text-only,-,search/item-facts/data/mod-templates.csv#L70,266,global_minimum_added_cold_damage=not local;global_maximum_added_cold_damage=not local;local_minimum_added_cold_damage=local;local_maximum_added_cold_damage=local,L004.5,reach: Adds # to # + Cold + Damage + (neither Attack nor Spell)
pseudo.pseudo_adds_elemental_damage_to_attacks,Adds # to # Elemental Damage to Attacks,Adds # to # Cold Damage to Attacks,crafted.stat_4067062424;explicit.stat_4067062424;fractured.stat_4067062424;implicit.stat_4067062424,text-only,-,search/item-facts/data/mod-templates.csv#L76,245,attack_minimum_added_cold_damage=not local;attack_maximum_added_cold_damage=not local,L008.5,reach: Adds # to # + Cold + Damage + Attacks
pseudo.pseudo_adds_elemental_damage_to_attacks,Adds # to # Elemental Damage to Attacks,Adds # to # Fire Damage,crafted.stat_321077055;crafted.stat_709508406;enchant.stat_709508406;explicit.stat_321077055;explicit.stat_709508406;fractured.stat_321077055;fractured.stat_709508406;implicit.stat_321077055;implicit.stat_709508406;scourge.stat_709508406,text-only,-,search/item-facts/data/mod-templates.csv#L102,224,global_minimum_added_fire_damage=not local;global_maximum_added_fire_damage=not local;local_minimum_added_fire_damage=local;local_maximum_added_fire_damage=local,L006.5,reach: Adds # to # + Fire + Damage + (neither Attack nor Spell)
pseudo.pseudo_adds_elemental_damage_to_attacks,Adds # to # Elemental Damage to Attacks,Adds # to # Fire Damage to Attacks,crafted.stat_1573130764;explicit.stat_1573130764;fractured.stat_1573130764;implicit.stat_1573130764,text-only,-,search/item-facts/data/mod-templates.csv#L96,219,attack_minimum_added_fire_damage=not local;attack_maximum_added_fire_damage=not local,L009.5,reach: Adds # to # + Fire + Damage + Attacks
pseudo.pseudo_adds_elemental_damage_to_attacks,Adds # to # Elemental Damage to Attacks,Adds # to # Fire Damage to Spells and Attacks,explicit.stat_3964634628;fractured.stat_3964634628;implicit.stat_3964634628,text-only,-,search/item-facts/data/mod-templates.csv#L5767,69,spell_and_attack_minimum_added_fire_damage=not local;spell_and_attack_maximum_added_fire_damage=not local,L011.5,reach: Adds # to # + Fire + Damage + Attacks
pseudo.pseudo_adds_elemental_damage_to_attacks,Adds # to # Elemental Damage to Attacks,Adds # to # Cold Damage to Spells and Attacks,explicit.stat_1662717006;implicit.stat_1662717006,text-only,-,search/item-facts/data/mod-templates.csv#L426,60,spell_and_attack_minimum_added_cold_damage=not local;spell_and_attack_maximum_added_cold_damage=not local,L014.5,reach: Adds # to # + Cold + Damage + Attacks
pseudo.pseudo_adds_elemental_damage_to_attacks,Adds # to # Elemental Damage to Attacks,Adds # to # Lightning Damage to Spells and Attacks,explicit.stat_2885144362;implicit.stat_2885144362,text-only,-,search/item-facts/data/mod-templates.csv#L5774,57,spell_and_attack_minimum_added_lightning_damage=not local;spell_and_attack_maximum_added_lightning_damage=not local,L015.5,reach: Adds # to # + Lightning + Damage + Attacks
pseudo.pseudo_adds_elemental_damage_to_attacks,Adds # to # Elemental Damage to Attacks,Adds # to # Fire Damage in Main Hand,explicit.stat_169657426,text-only,-,search/item-facts/data/mod-templates.csv#L1396,12,unique_local_minimum_added_fire_damage_when_in_main_hand=local;unique_local_maximum_added_fire_damage_when_in_main_hand=local,L034.5,represents the family `a weapon's or hand's` (4 templates); reach: Adds # to # + Fire + Damage + (neither Attack nor Spell)
pseudo.pseudo_adds_elemental_damage_to_attacks,Adds # to # Elemental Damage to Attacks,Adds # to # Cold Damage against Chilled Enemies,explicit.stat_3734640451,text-only,-,search/item-facts/data/mod-templates.csv#L1737,9,minimum_added_cold_damage_vs_chilled_enemies=not local;maximum_added_cold_damage_vs_chilled_enemies=not local,L036.5,represents the family `against` (6 templates); reach: Adds # to # + Cold + Damage + (neither Attack nor Spell)
pseudo.pseudo_adds_elemental_damage_to_attacks,Adds # to # Elemental Damage to Attacks,Adds # to # Cold Damage in Off Hand,explicit.stat_2109066258,text-only,-,search/item-facts/data/mod-templates.csv#L2898,4,unique_local_minimum_added_cold_damage_when_in_off_hand=local;unique_local_maximum_added_cold_damage_when_in_off_hand=local,L034.5,"family: a weapon's or hand's, represented by `Adds # to # Fire Damage in Main Hand`; reach: Adds # to # + Cold + Damage + (neither Attack nor Spell)"
pseudo.pseudo_adds_elemental_damage_to_attacks,Adds # to # Elemental Damage to Attacks,Adds # to # Cold Damage to Attacks per # Dexterity,explicit.stat_769783486;fractured.stat_769783486,text-only,-,search/item-facts/data/mod-templates.csv#L2899,4,,L073.4,represents the family `per` (6 templates); reach: Adds # to # + Cold + Damage + Attacks
pseudo.pseudo_adds_elemental_damage_to_attacks,Adds # to # Elemental Damage to Attacks,Adds # to # Fire Damage to Attacks per # Strength,explicit.stat_68673913;fractured.stat_68673913,text-only,-,search/item-facts/data/mod-templates.csv#L2900,4,,L073.4,"family: per, represented by `Adds # to # Cold Damage to Attacks per # Dexterity`; reach: Adds # to # + Fire + Damage + Attacks"
pseudo.pseudo_adds_elemental_damage_to_attacks,Adds # to # Elemental Damage to Attacks,Adds # to # Lightning Damage for each Shocked Enemy you've Killed Recently,explicit.stat_4222857095;fractured.stat_4222857095,text-only,-,search/item-facts/data/mod-templates.csv#L2901,4,minimum_added_lightning_damage_per_shocked_enemy_killed_recently=not local;maximum_added_lightning_damage_per_shocked_enemy_killed_recently=not local,L051.5,represents the family `if or recently` (4 templates); reach: Adds # to # + Lightning + Damage + (neither Attack nor Spell)
pseudo.pseudo_adds_elemental_damage_to_attacks,Adds # to # Elemental Damage to Attacks,Adds # to # Lightning Damage to Attacks per # Intelligence,explicit.stat_3168149399;fractured.stat_3168149399,text-only,-,search/item-facts/data/mod-templates.csv#L2902,4,,L073.4,"family: per, represented by `Adds # to # Cold Damage to Attacks per # Dexterity`; reach: Adds # to # + Lightning + Damage + Attacks"
pseudo.pseudo_adds_elemental_damage_to_attacks,Adds # to # Elemental Damage to Attacks,Adds # to # Cold Damage against Chilled or Frozen Enemies,explicit.stat_2233361223;fractured.stat_2233361223,text-only,-,search/item-facts/data/mod-templates.csv#L3411,3,global_minimum_added_cold_damage_vs_chilled_or_frozen_enemies=not local;global_maximum_added_cold_damage_vs_chilled_or_frozen_enemies=not local,L036.5,"family: against, represented by `Adds # to # Cold Damage against Chilled Enemies`; reach: Adds # to # + Cold + Damage + (neither Attack nor Spell)"
pseudo.pseudo_adds_elemental_damage_to_attacks,Adds # to # Elemental Damage to Attacks,Adds # to # Fire Damage against Ignited Enemies,explicit.stat_794830148;fractured.stat_794830148,text-only,-,search/item-facts/data/mod-templates.csv#L3412,3,global_minimum_added_fire_damage_vs_ignited_enemies=not local;global_maximum_added_fire_damage_vs_ignited_enemies=not local,L036.5,"family: against, represented by `Adds # to # Cold Damage against Chilled Enemies`; reach: Adds # to # + Fire + Damage + (neither Attack nor Spell)"
pseudo.pseudo_adds_elemental_damage_to_attacks,Adds # to # Elemental Damage to Attacks,Adds # to # Fire Damage to Attacks with this Weapon per # Strength,explicit.stat_1060540099;fractured.stat_1060540099;implicit.stat_1060540099,text-only,-,search/item-facts/data/mod-templates.csv#L3413,3,,L073.4,"family: per, represented by `Adds # to # Cold Damage to Attacks per # Dexterity`; reach: Adds # to # + Fire + Damage + Attacks"
pseudo.pseudo_adds_elemental_damage_to_attacks,Adds # to # Elemental Damage to Attacks,Adds # to # Lightning Damage to Attacks with this Weapon per # Dexterity,explicit.stat_817611267,text-only,-,search/item-facts/data/mod-templates.csv#L3414,3,,L073.4,"family: per, represented by `Adds # to # Cold Damage to Attacks per # Dexterity`; reach: Adds # to # + Lightning + Damage + Attacks"
pseudo.pseudo_adds_elemental_damage_to_attacks,Adds # to # Elemental Damage to Attacks,Adds # to # Cold Damage if you've been Hit Recently,enchant.stat_884399432,text-only,-,search/item-facts/data/mod-templates.csv#L6380,2,enchantment_boots_added_cold_damage_when_hit_minimum=not local;enchantment_boots_added_cold_damage_when_hit_maximum=not local,L051.5,"family: if or recently, represented by `Adds # to # Lightning Damage for each Shocked Enemy you've Killed Recently`; reach: Adds # to # + Cold + Damage + (neither Attack nor Spell)"
pseudo.pseudo_adds_elemental_damage_to_attacks,Adds # to # Elemental Damage to Attacks,Adds # to # Cold Damage to Attacks against you,crafted.stat_617462123;explicit.stat_617462123;fractured.stat_617462123,text-only,-,search/item-facts/data/mod-templates.csv#L4068,2,from_self_minimum_added_attack_cold_damage_taken=not local;from_self_maximum_added_attack_cold_damage_taken=not local,L123.4,represents the family `a monster's or an enemy's` (2 templates); reach: Adds # to # + Cold + Damage + Attacks
pseudo.pseudo_adds_elemental_damage_to_attacks,Adds # to # Elemental Damage to Attacks,Adds # to # Fire Attack Damage per Buff on you,explicit.stat_761505024,text-only,-,search/item-facts/data/mod-templates.csv#L4069,2,minimum_added_fire_attack_damage_per_active_buff=not local;maximum_added_fire_attack_damage_per_active_buff=not local,L073.4,"family: per, represented by `Adds # to # Cold Damage to Attacks per # Dexterity`; reach: Adds # to # + Fire + Damage + Attack"
pseudo.pseudo_adds_elemental_damage_to_attacks,Adds # to # Elemental Damage to Attacks,Adds # to # Lightning Damage against Shocked Enemies,explicit.stat_90012347;fractured.stat_90012347,text-only,-,search/item-facts/data/mod-templates.csv#L4071,2,global_minimum_added_lightning_damage_vs_shocked_enemies=not local;global_maximum_added_lightning_damage_vs_shocked_enemies=not local,L036.5,"family: against, represented by `Adds # to # Cold Damage against Chilled Enemies`; reach: Adds # to # + Lightning + Damage + (neither Attack nor Spell)"
pseudo.pseudo_adds_elemental_damage_to_attacks,Adds # to # Elemental Damage to Attacks,Adds # to # Lightning Damage to Hits against Ignited Enemies,explicit.stat_2870108850,text-only,-,search/item-facts/data/mod-templates.csv#L4072,2,global_minimum_added_lightning_damage_vs_ignited_enemies=not local;global_maximum_added_lightning_damage_vs_ignited_enemies=not local,L036.5,"family: against, represented by `Adds # to # Cold Damage against Chilled Enemies`; reach: Adds # to # + Lightning + Damage + (neither Attack nor Spell)"
pseudo.pseudo_adds_elemental_damage_to_attacks,Adds # to # Elemental Damage to Attacks,Gloves: Adds # to # Lightning Damage to Attacks,,text-only,-,search/item-facts/data/mod-templates.csv#L4239,2,,none: no stat id displays this text,represents the family `a description` (2 templates); reach: Adds # to # + Lightning + Damage + Attacks
pseudo.pseudo_adds_elemental_damage_to_attacks,Adds # to # Elemental Damage to Attacks,Adds # to # Cold Damage to Retaliation Skills,explicit.stat_1109700751;implicit.stat_1109700751,text-only,-,search/item-facts/data/mod-templates.csv#L4953,1,counter_attacks_minimum_added_cold_damage=not local;counter_attacks_maximum_added_cold_damage=not local,L034.5,"family: a weapon's or hand's, represented by `Adds # to # Fire Damage in Main Hand`; reach: Adds # to # + Cold + Damage + (neither Attack nor Spell)"
pseudo.pseudo_adds_elemental_damage_to_attacks,Adds # to # Elemental Damage to Attacks,Adds # to # Cold Damage while affected by Hatred,explicit.stat_2643562209,text-only,-,search/item-facts/data/mod-templates.csv#L4955,1,minimum_added_cold_damage_while_affected_by_hatred=not local;maximum_added_cold_damage_while_affected_by_hatred=not local,L111.5,represents the family `while` (1 templates); reach: Adds # to # + Cold + Damage + (neither Attack nor Spell)
pseudo.pseudo_adds_elemental_damage_to_attacks,Adds # to # Elemental Damage to Attacks,Adds # to # Fire Damage to Attacks against you,crafted.stat_2127433866;explicit.stat_2127433866;fractured.stat_2127433866,text-only,-,search/item-facts/data/mod-templates.csv#L4956,1,from_self_minimum_added_attack_fire_damage_taken=not local;from_self_maximum_added_attack_fire_damage_taken=not local,L123.4,"family: a monster's or an enemy's, represented by `Adds # to # Cold Damage to Attacks against you`; reach: Adds # to # + Fire + Damage + Attacks"
pseudo.pseudo_adds_elemental_damage_to_attacks,Adds # to # Elemental Damage to Attacks,Adds # to # Fire Damage to Hits with this Weapon against Blinded Enemies,explicit.stat_3977907993,text-only,-,search/item-facts/data/mod-templates.csv#L4957,1,minimum_added_fire_damage_to_hits_vs_blinded_enemies=not local;maximum_added_fire_damage_to_hits_vs_blinded_enemies=not local,L036.5,"family: against, represented by `Adds # to # Cold Damage against Chilled Enemies`; reach: Adds # to # + Fire + Damage + (neither Attack nor Spell)"
pseudo.pseudo_adds_elemental_damage_to_attacks,Adds # to # Elemental Damage to Attacks,Adds # to # Lightning Damage if you haven't Killed Recently,enchant.stat_1293597434,text-only,-,search/item-facts/data/mod-templates.csv#L6558,1,enchantment_boots_minimum_added_lightning_damage_when_you_havent_killed_for_4_seconds=not local;enchantment_boots_maximum_added_lightning_damage_when_you_havent_killed_for_4_seconds=not local,L051.5,"family: if or recently, represented by `Adds # to # Lightning Damage for each Shocked Enemy you've Killed Recently`; reach: Adds # to # + Lightning + Damage + (neither Attack nor Spell)"
pseudo.pseudo_adds_elemental_damage_to_attacks,Adds # to # Elemental Damage to Attacks,Adds # to # Lightning Damage to Attacks during Effect,explicit.stat_4292531291,text-only,-,search/item-facts/data/mod-templates.csv#L4958,1,local_unique_flask_minimum_added_lightning_damage_to_attacks_during_flask_effect=local;local_unique_flask_maximum_added_lightning_damage_to_attacks_during_flask_effect=local,L177.2,represents the family `during a flask's effect` (1 templates); reach: Adds # to # + Lightning + Damage + Attacks
pseudo.pseudo_adds_elemental_damage_to_attacks,Adds # to # Elemental Damage to Attacks,Adds # to # Lightning Damage to Unarmed Melee Hits,explicit.stat_3835522656,text-only,-,search/item-facts/data/mod-templates.csv#L4961,1,attack_minimum_added_melee_lightning_damage_while_unarmed=not local;attack_maximum_added_melee_lightning_damage_while_unarmed=not local,L034.5,"family: a weapon's or hand's, represented by `Adds # to # Fire Damage in Main Hand`; reach: Adds # to # + Lightning + Damage + (neither Attack nor Spell)"
pseudo.pseudo_adds_elemental_damage_to_attacks,Adds # to # Elemental Damage to Attacks,Adds # to # [Fire|Fire] Damage,crafted.stat_321077055;crafted.stat_709508406;enchant.stat_709508406;explicit.stat_321077055;explicit.stat_709508406;fractured.stat_321077055;fractured.stat_709508406;implicit.stat_321077055;implicit.stat_709508406;scourge.stat_709508406,text-only,-,search/item-facts/data/mod-templates.csv#L4965,1,global_minimum_added_fire_damage=not local;global_maximum_added_fire_damage=not local;local_minimum_added_fire_damage=local;local_maximum_added_fire_damage=local,L006.5,reach: Adds # to # + Fire + Damage + (neither Attack nor Spell)
pseudo.pseudo_adds_elemental_damage_to_attacks,Adds # to # Elemental Damage to Attacks,Shield: Adds # to # Fire Damage if you've Blocked Recently,,text-only,-,search/item-facts/data/mod-templates.csv#L5467,1,,L051.5,"family: if or recently, represented by `Adds # to # Lightning Damage for each Shocked Enemy you've Killed Recently`; reach: Adds # to # + Fire + Damage + (neither Attack nor Spell)"
pseudo.pseudo_adds_elemental_damage_to_attacks,Adds # to # Elemental Damage to Attacks,[MartialWeapon|Martial Weapon]: Adds # to # [Fire|Fire] Damage,,text-only,-,search/item-facts/data/mod-templates.csv#L5705,1,,none: no stat id displays this text,"family: a description, represented by `Gloves: Adds # to # Lightning Damage to Attacks`; reach: Adds # to # + Fire + Damage + (neither Attack nor Spell)"
pseudo.pseudo_adds_chaos_damage_to_attacks,Adds # to # Chaos Damage to Attacks,Adds # to # Chaos Damage,enchant.stat_2223678961;explicit.stat_2223678961;explicit.stat_3531280422;fractured.stat_2223678961;implicit.stat_2223678961;implicit.stat_3531280422;scourge.stat_2223678961,text-only,-,search/item-facts/data/mod-templates.csv#L277,67,global_minimum_added_chaos_damage=not local;global_maximum_added_chaos_damage=not local;local_minimum_added_chaos_damage=local;local_maximum_added_chaos_damage=local,L021.3,reach: Adds # to # + Chaos + Damage + (neither Attack nor Spell)
pseudo.pseudo_adds_chaos_damage_to_attacks,Adds # to # Chaos Damage to Attacks,Adds # to # Chaos Damage to Attacks,crafted.stat_674553446;explicit.stat_674553446;fractured.stat_674553446;implicit.stat_674553446,text-only,-,search/item-facts/data/mod-templates.csv#L476,39,attack_minimum_added_chaos_damage=not local;attack_maximum_added_chaos_damage=not local,L032.3,reach: Adds # to # + Chaos + Damage + Attacks
pseudo.pseudo_adds_chaos_damage_to_attacks,Adds # to # Chaos Damage to Attacks,Adds # to # Chaos Damage to Spells and Attacks during any Flask Effect,explicit.stat_3519268108,text-only,-,search/item-facts/data/mod-templates.csv#L1605,10,spell_and_attack_minimum_added_chaos_damage_during_flask_effect=not local;spell_and_attack_maximum_added_chaos_damage_during_flask_effect=not local,L039.3,represents the family `during a flask's effect` (1 templates); reach: Adds # to # + Chaos + Damage + Attacks
pseudo.pseudo_adds_chaos_damage_to_attacks,Adds # to # Chaos Damage to Attacks,Adds # to # Chaos Damage in Off Hand,explicit.stat_3758293500,text-only,-,search/item-facts/data/mod-templates.csv#L1900,8,unique_local_minimum_added_chaos_damage_when_in_off_hand=local;unique_local_maximum_added_chaos_damage_when_in_off_hand=local,L058.2,represents the family `a weapon's or hand's` (1 templates); reach: Adds # to # + Chaos + Damage + (neither Attack nor Spell)
pseudo.pseudo_adds_chaos_damage_to_attacks,Adds # to # Chaos Damage to Attacks,Adds # to # Chaos Damage for each Curse on the Enemy,explicit.stat_4294344579;implicit.stat_4294344579,text-only,-,search/item-facts/data/mod-templates.csv#L2897,4,minimum_added_chaos_damage_per_curse_on_enemy=not local;maximum_added_chaos_damage_per_curse_on_enemy=not local,L072.2,represents the family `per` (2 templates); reach: Adds # to # + Chaos + Damage + (neither Attack nor Spell)
pseudo.pseudo_adds_chaos_damage_to_attacks,Adds # to # Chaos Damage to Attacks,Adds # to # Chaos Damage for each Spider's Web on the Enemy,explicit.stat_982177653,text-only,-,search/item-facts/data/mod-templates.csv#L4952,1,minimum_added_chaos_damage_per_spiders_web_on_enemy=not local;maximum_added_chaos_damage_per_spiders_web_on_enemy=not local,L072.2,"family: per, represented by `Adds # to # Chaos Damage for each Curse on the Enemy`; reach: Adds # to # + Chaos + Damage + (neither Attack nor Spell)"
pseudo.pseudo_adds_damage_to_attacks,Adds # to # Damage to Attacks,Adds # to # Physical Damage to Attacks,crafted.stat_3032590688;explicit.stat_3032590688;fractured.stat_3032590688;implicit.stat_3032590688,text-only,-,search/item-facts/data/mod-templates.csv#L32,543,attack_minimum_added_physical_damage=not local;attack_maximum_added_physical_damage=not local,L005.4,reach: Adds # to # + Damage + Attacks
pseudo.pseudo_adds_damage_to_attacks,Adds # to # Damage to Attacks,Adds # to # Physical Damage,crafted.stat_1940865751;explicit.stat_1940865751;explicit.stat_960081730;fractured.stat_1940865751;fractured.stat_960081730;implicit.stat_1940865751;scourge.stat_1940865751,text-only,-,search/item-facts/data/mod-templates.csv#L28,485,global_minimum_added_physical_damage=not local;global_maximum_added_physical_damage=not local;local_minimum_added_physical_damage=local;local_maximum_added_physical_damage=local,L002.4,reach: Adds # to # + Damage + (neither Attack nor Spell)
pseudo.pseudo_adds_damage_to_attacks,Adds # to # Damage to Attacks,Adds # to # Lightning Damage to Attacks,crafted.stat_1754445556;explicit.stat_1754445556;fractured.stat_1754445556;implicit.stat_1754445556,text-only,-,search/item-facts/data/mod-templates.csv#L60,272,attack_minimum_added_lightning_damage=not local;attack_maximum_added_lightning_damage=not local,L007.6,reach: Adds # to # + Damage + Attacks
pseudo.pseudo_adds_damage_to_attacks,Adds # to # Damage to Attacks,Adds # to # Lightning Damage,crafted.stat_1334060246;crafted.stat_3336890334;enchant.stat_3336890334;explicit.stat_1334060246;explicit.stat_3336890334;fractured.stat_1334060246;fractured.stat_3336890334;implicit.stat_1334060246;implicit.stat_3336890334;scourge.stat_3336890334,text-only,-,search/item-facts/data/mod-templates.csv#L73,269,global_minimum_added_lightning_damage=not local;global_maximum_added_lightning_damage=not local;local_minimum_added_lightning_damage=local;local_maximum_added_lightning_damage=local,L003.6,reach: Adds # to # + Damage + (neither Attack nor Spell)
pseudo.pseudo_adds_damage_to_attacks,Adds # to # Damage to Attacks,Adds # to # Cold Damage,crafted.stat_1037193709;crafted.stat_2387423236;enchant.stat_1037193709;explicit.stat_1037193709;explicit.stat_2387423236;fractured.stat_1037193709;fractured.stat_2387423236;implicit.stat_1037193709;implicit.stat_2387423236;scourge.stat_1037193709,text-only,-,search/item-facts/data/mod-templates.csv#L70,266,global_minimum_added_cold_damage=not local;global_maximum_added_cold_damage=not local;local_minimum_added_cold_damage=local;local_maximum_added_cold_damage=local,L004.6,reach: Adds # to # + Damage + (neither Attack nor Spell)
pseudo.pseudo_adds_damage_to_attacks,Adds # to # Damage to Attacks,Adds # to # Cold Damage to Attacks,crafted.stat_4067062424;explicit.stat_4067062424;fractured.stat_4067062424;implicit.stat_4067062424,text-only,-,search/item-facts/data/mod-templates.csv#L76,245,attack_minimum_added_cold_damage=not local;attack_maximum_added_cold_damage=not local,L008.6,reach: Adds # to # + Damage + Attacks
pseudo.pseudo_adds_damage_to_attacks,Adds # to # Damage to Attacks,Adds # to # Fire Damage,crafted.stat_321077055;crafted.stat_709508406;enchant.stat_709508406;explicit.stat_321077055;explicit.stat_709508406;fractured.stat_321077055;fractured.stat_709508406;implicit.stat_321077055;implicit.stat_709508406;scourge.stat_709508406,text-only,-,search/item-facts/data/mod-templates.csv#L102,224,global_minimum_added_fire_damage=not local;global_maximum_added_fire_damage=not local;local_minimum_added_fire_damage=local;local_maximum_added_fire_damage=local,L006.6,reach: Adds # to # + Damage + (neither Attack nor Spell)
pseudo.pseudo_adds_damage_to_attacks,Adds # to # Damage to Attacks,Adds # to # Fire Damage to Attacks,crafted.stat_1573130764;explicit.stat_1573130764;fractured.stat_1573130764;implicit.stat_1573130764,text-only,-,search/item-facts/data/mod-templates.csv#L96,219,attack_minimum_added_fire_damage=not local;attack_maximum_added_fire_damage=not local,L009.6,reach: Adds # to # + Damage + Attacks
pseudo.pseudo_adds_damage_to_attacks,Adds # to # Damage to Attacks,Adds # to # Fire Damage to Spells and Attacks,explicit.stat_3964634628;fractured.stat_3964634628;implicit.stat_3964634628,text-only,-,search/item-facts/data/mod-templates.csv#L5767,69,spell_and_attack_minimum_added_fire_damage=not local;spell_and_attack_maximum_added_fire_damage=not local,L011.6,reach: Adds # to # + Damage + Attacks
pseudo.pseudo_adds_damage_to_attacks,Adds # to # Damage to Attacks,Adds # to # Chaos Damage,enchant.stat_2223678961;explicit.stat_2223678961;explicit.stat_3531280422;fractured.stat_2223678961;implicit.stat_2223678961;implicit.stat_3531280422;scourge.stat_2223678961,text-only,-,search/item-facts/data/mod-templates.csv#L277,67,global_minimum_added_chaos_damage=not local;global_maximum_added_chaos_damage=not local;local_minimum_added_chaos_damage=local;local_maximum_added_chaos_damage=local,L021.4,reach: Adds # to # + Damage + (neither Attack nor Spell)
pseudo.pseudo_adds_damage_to_attacks,Adds # to # Damage to Attacks,Adds # to # Cold Damage to Spells and Attacks,explicit.stat_1662717006;implicit.stat_1662717006,text-only,-,search/item-facts/data/mod-templates.csv#L426,60,spell_and_attack_minimum_added_cold_damage=not local;spell_and_attack_maximum_added_cold_damage=not local,L014.6,reach: Adds # to # + Damage + Attacks
pseudo.pseudo_adds_damage_to_attacks,Adds # to # Damage to Attacks,Adds # to # Lightning Damage to Spells and Attacks,explicit.stat_2885144362;implicit.stat_2885144362,text-only,-,search/item-facts/data/mod-templates.csv#L5774,57,spell_and_attack_minimum_added_lightning_damage=not local;spell_and_attack_maximum_added_lightning_damage=not local,L015.6,reach: Adds # to # + Damage + Attacks
pseudo.pseudo_adds_damage_to_attacks,Adds # to # Damage to Attacks,Adds # to # Chaos Damage to Attacks,crafted.stat_674553446;explicit.stat_674553446;fractured.stat_674553446;implicit.stat_674553446,text-only,-,search/item-facts/data/mod-templates.csv#L476,39,attack_minimum_added_chaos_damage=not local;attack_maximum_added_chaos_damage=not local,L032.4,reach: Adds # to # + Damage + Attacks
pseudo.pseudo_adds_damage_to_attacks,Adds # to # Damage to Attacks,Adds # to # Physical Damage to Hits against Cursed Enemies,,text-only,-,search/item-facts/data/mod-templates.csv#L1115,15,,L036.6,"family: against, represented by `Adds # to # Cold Damage against Chilled Enemies`; reach: Adds # to # + Damage + (neither Attack nor Spell)"
pseudo.pseudo_adds_damage_to_attacks,Adds # to # Damage to Attacks,Adds # to # Fire Damage in Main Hand,explicit.stat_169657426,text-only,-,search/item-facts/data/mod-templates.csv#L1396,12,unique_local_minimum_added_fire_damage_when_in_main_hand=local;unique_local_maximum_added_fire_damage_when_in_main_hand=local,L034.6,represents the family `a weapon's or hand's` (5 templates); reach: Adds # to # + Damage + (neither Attack nor Spell)
pseudo.pseudo_adds_damage_to_attacks,Adds # to # Damage to Attacks,Adds # to # Physical Damage to Attacks per Level,explicit.stat_3821472155,text-only,-,search/item-facts/data/mod-templates.csv#L1397,12,attack_minimum_added_physical_damage_per_level=not local;attack_maximum_added_physical_damage_per_level=not local,L043.4,represents the family `per` (10 templates); reach: Adds # to # + Damage + Attacks
pseudo.pseudo_adds_damage_to_attacks,Adds # to # Damage to Attacks,Adds # to # Chaos Damage to Spells and Attacks during any Flask Effect,explicit.stat_3519268108,text-only,-,search/item-facts/data/mod-templates.csv#L1605,10,spell_and_attack_minimum_added_chaos_damage_during_flask_effect=not local;spell_and_attack_maximum_added_chaos_damage_during_flask_effect=not local,L039.4,represents the family `during a flask's effect` (2 templates); reach: Adds # to # + Damage + Attacks
pseudo.pseudo_adds_damage_to_attacks,Adds # to # Damage to Attacks,Adds # to # Cold Damage against Chilled Enemies,explicit.stat_3734640451,text-only,-,search/item-facts/data/mod-templates.csv#L1737,9,minimum_added_cold_damage_vs_chilled_enemies=not local;maximum_added_cold_damage_vs_chilled_enemies=not local,L036.6,represents the family `against` (8 templates); reach: Adds # to # + Damage + (neither Attack nor Spell)
pseudo.pseudo_adds_damage_to_attacks,Adds # to # Damage to Attacks,Adds # to # Chaos Damage in Off Hand,explicit.stat_3758293500,text-only,-,search/item-facts/data/mod-templates.csv#L1900,8,unique_local_minimum_added_chaos_damage_when_in_off_hand=local;unique_local_maximum_added_chaos_damage_when_in_off_hand=local,L034.6,"family: a weapon's or hand's, represented by `Adds # to # Fire Damage in Main Hand`; reach: Adds # to # + Damage + (neither Attack nor Spell)"
pseudo.pseudo_adds_damage_to_attacks,Adds # to # Damage to Attacks,Adds # to # Physical Damage to Attacks per # Dexterity,explicit.stat_2066426995,text-only,-,search/item-facts/data/mod-templates.csv#L2278,6,,L043.4,"family: per, represented by `Adds # to # Physical Damage to Attacks per Level`; reach: Adds # to # + Damage + Attacks"
pseudo.pseudo_adds_damage_to_attacks,Adds # to # Damage to Attacks,Adds # to # Physical Damage to Attacks with this Weapon per # Player Levels,explicit.stat_1454603936,text-only,-,search/item-facts/data/mod-templates.csv#L2279,6,,L059.4,represents the family `a monster's or an enemy's` (4 templates); reach: Adds # to # + Damage + Attacks
pseudo.pseudo_adds_damage_to_attacks,Adds # to # Damage to Attacks,Adds # to # Chaos Damage for each Curse on the Enemy,explicit.stat_4294344579;implicit.stat_4294344579,text-only,-,search/item-facts/data/mod-templates.csv#L2897,4,minimum_added_chaos_damage_per_curse_on_enemy=not local;maximum_added_chaos_damage_per_curse_on_enemy=not local,L043.4,"family: per, represented by `Adds # to # Physical Damage to Attacks per Level`; reach: Adds # to # + Damage + (neither Attack nor Spell)"
pseudo.pseudo_adds_damage_to_attacks,Adds # to # Damage to Attacks,Adds # to # Cold Damage in Off Hand,explicit.stat_2109066258,text-only,-,search/item-facts/data/mod-templates.csv#L2898,4,unique_local_minimum_added_cold_damage_when_in_off_hand=local;unique_local_maximum_added_cold_damage_when_in_off_hand=local,L034.6,"family: a weapon's or hand's, represented by `Adds # to # Fire Damage in Main Hand`; reach: Adds # to # + Damage + (neither Attack nor Spell)"
pseudo.pseudo_adds_damage_to_attacks,Adds # to # Damage to Attacks,Adds # to # Cold Damage to Attacks per # Dexterity,explicit.stat_769783486;fractured.stat_769783486,text-only,-,search/item-facts/data/mod-templates.csv#L2899,4,,L043.4,"family: per, represented by `Adds # to # Physical Damage to Attacks per Level`; reach: Adds # to # + Damage + Attacks"
pseudo.pseudo_adds_damage_to_attacks,Adds # to # Damage to Attacks,Adds # to # Fire Damage to Attacks per # Strength,explicit.stat_68673913;fractured.stat_68673913,text-only,-,search/item-facts/data/mod-templates.csv#L2900,4,,L043.4,"family: per, represented by `Adds # to # Physical Damage to Attacks per Level`; reach: Adds # to # + Damage + Attacks"
pseudo.pseudo_adds_damage_to_attacks,Adds # to # Damage to Attacks,Adds # to # Lightning Damage for each Shocked Enemy you've Killed Recently,explicit.stat_4222857095;fractured.stat_4222857095,text-only,-,search/item-facts/data/mod-templates.csv#L2901,4,minimum_added_lightning_damage_per_shocked_enemy_killed_recently=not local;maximum_added_lightning_damage_per_shocked_enemy_killed_recently=not local,L051.6,represents the family `if or recently` (4 templates); reach: Adds # to # + Damage + (neither Attack nor Spell)
pseudo.pseudo_adds_damage_to_attacks,Adds # to # Damage to Attacks,Adds # to # Lightning Damage to Attacks per # Intelligence,explicit.stat_3168149399;fractured.stat_3168149399,text-only,-,search/item-facts/data/mod-templates.csv#L2902,4,,L043.4,"family: per, represented by `Adds # to # Physical Damage to Attacks per Level`; reach: Adds # to # + Damage + Attacks"
pseudo.pseudo_adds_damage_to_attacks,Adds # to # Damage to Attacks,Adds # to # Physical Damage to Attacks against you,crafted.stat_2093523445;explicit.stat_2093523445;fractured.stat_2093523445,text-only,-,search/item-facts/data/mod-templates.csv#L2903,4,from_self_minimum_added_attack_physical_damage_taken=not local;from_self_maximum_added_attack_physical_damage_taken=not local,L059.4,"family: a monster's or an enemy's, represented by `Adds # to # Physical Damage to Attacks with this Weapon per # Player Levels`; reach: Adds # to # + Damage + Attacks"
pseudo.pseudo_adds_damage_to_attacks,Adds # to # Damage to Attacks,Adds # to # [Physical|Physical] Damage to [Attack|Attacks],crafted.stat_3032590688;explicit.stat_3032590688;fractured.stat_3032590688;implicit.stat_3032590688,text-only,-,search/item-facts/data/mod-templates.csv#L4075,4,attack_minimum_added_physical_damage=not local;attack_maximum_added_physical_damage=not local,L005.4,reach: Adds # to # + Damage + Attack
pseudo.pseudo_adds_damage_to_attacks,Adds # to # Damage to Attacks,Gloves: Adds # to # Physical Damage to Attacks,,text-only,-,search/item-facts/data/mod-templates.csv#L3012,4,,none: no stat id displays this text,represents the family `a description` (5 templates); reach: Adds # to # + Damage + Attacks
pseudo.pseudo_adds_damage_to_attacks,Adds # to # Damage to Attacks,Other Jewellery: Adds # to # Physical Damage to Attacks,,text-only,-,search/item-facts/data/mod-templates.csv#L3072,4,,none: no stat id displays this text,"family: a description, represented by `Gloves: Adds # to # Physical Damage to Attacks`; reach: Adds # to # + Damage + Attacks"
pseudo.pseudo_adds_damage_to_attacks,Adds # to # Damage to Attacks,Quiver: Adds # to # Physical Damage to Attacks,,text-only,-,search/item-facts/data/mod-templates.csv#L3082,4,,none: no stat id displays this text,"family: a description, represented by `Gloves: Adds # to # Physical Damage to Attacks`; reach: Adds # to # + Damage + Attacks"
pseudo.pseudo_adds_damage_to_attacks,Adds # to # Damage to Attacks,Adds # to # Cold Damage against Chilled or Frozen Enemies,explicit.stat_2233361223;fractured.stat_2233361223,text-only,-,search/item-facts/data/mod-templates.csv#L3411,3,global_minimum_added_cold_damage_vs_chilled_or_frozen_enemies=not local;global_maximum_added_cold_damage_vs_chilled_or_frozen_enemies=not local,L036.6,"family: against, represented by `Adds # to # Cold Damage against Chilled Enemies`; reach: Adds # to # + Damage + (neither Attack nor Spell)"
pseudo.pseudo_adds_damage_to_attacks,Adds # to # Damage to Attacks,Adds # to # Fire Damage against Ignited Enemies,explicit.stat_794830148;fractured.stat_794830148,text-only,-,search/item-facts/data/mod-templates.csv#L3412,3,global_minimum_added_fire_damage_vs_ignited_enemies=not local;global_maximum_added_fire_damage_vs_ignited_enemies=not local,L036.6,"family: against, represented by `Adds # to # Cold Damage against Chilled Enemies`; reach: Adds # to # + Damage + (neither Attack nor Spell)"
pseudo.pseudo_adds_damage_to_attacks,Adds # to # Damage to Attacks,Adds # to # Fire Damage to Attacks with this Weapon per # Strength,explicit.stat_1060540099;fractured.stat_1060540099;implicit.stat_1060540099,text-only,-,search/item-facts/data/mod-templates.csv#L3413,3,,L043.4,"family: per, represented by `Adds # to # Physical Damage to Attacks per Level`; reach: Adds # to # + Damage + Attacks"
pseudo.pseudo_adds_damage_to_attacks,Adds # to # Damage to Attacks,Adds # to # Lightning Damage to Attacks with this Weapon per # Dexterity,explicit.stat_817611267,text-only,-,search/item-facts/data/mod-templates.csv#L3414,3,,L043.4,"family: per, represented by `Adds # to # Physical Damage to Attacks per Level`; reach: Adds # to # + Damage + Attacks"
pseudo.pseudo_adds_damage_to_attacks,Adds # to # Damage to Attacks,Adds # to # Cold Damage if you've been Hit Recently,enchant.stat_884399432,text-only,-,search/item-facts/data/mod-templates.csv#L6380,2,enchantment_boots_added_cold_damage_when_hit_minimum=not local;enchantment_boots_added_cold_damage_when_hit_maximum=not local,L051.6,"family: if or recently, represented by `Adds # to # Lightning Damage for each Shocked Enemy you've Killed Recently`; reach: Adds # to # + Damage + (neither Attack nor Spell)"
pseudo.pseudo_adds_damage_to_attacks,Adds # to # Damage to Attacks,Adds # to # Cold Damage to Attacks against you,crafted.stat_617462123;explicit.stat_617462123;fractured.stat_617462123,text-only,-,search/item-facts/data/mod-templates.csv#L4068,2,from_self_minimum_added_attack_cold_damage_taken=not local;from_self_maximum_added_attack_cold_damage_taken=not local,L059.4,"family: a monster's or an enemy's, represented by `Adds # to # Physical Damage to Attacks with this Weapon per # Player Levels`; reach: Adds # to # + Damage + Attacks"
pseudo.pseudo_adds_damage_to_attacks,Adds # to # Damage to Attacks,Adds # to # Fire Attack Damage per Buff on you,explicit.stat_761505024,text-only,-,search/item-facts/data/mod-templates.csv#L4069,2,minimum_added_fire_attack_damage_per_active_buff=not local;maximum_added_fire_attack_damage_per_active_buff=not local,L043.4,"family: per, represented by `Adds # to # Physical Damage to Attacks per Level`; reach: Adds # to # + Damage + Attack"
pseudo.pseudo_adds_damage_to_attacks,Adds # to # Damage to Attacks,Adds # to # Lightning Damage against Shocked Enemies,explicit.stat_90012347;fractured.stat_90012347,text-only,-,search/item-facts/data/mod-templates.csv#L4071,2,global_minimum_added_lightning_damage_vs_shocked_enemies=not local;global_maximum_added_lightning_damage_vs_shocked_enemies=not local,L036.6,"family: against, represented by `Adds # to # Cold Damage against Chilled Enemies`; reach: Adds # to # + Damage + (neither Attack nor Spell)"
pseudo.pseudo_adds_damage_to_attacks,Adds # to # Damage to Attacks,Adds # to # Lightning Damage to Hits against Ignited Enemies,explicit.stat_2870108850,text-only,-,search/item-facts/data/mod-templates.csv#L4072,2,global_minimum_added_lightning_damage_vs_ignited_enemies=not local;global_maximum_added_lightning_damage_vs_ignited_enemies=not local,L036.6,"family: against, represented by `Adds # to # Cold Damage against Chilled Enemies`; reach: Adds # to # + Damage + (neither Attack nor Spell)"
pseudo.pseudo_adds_damage_to_attacks,Adds # to # Damage to Attacks,Adds # to # Physical Damage against Bleeding Enemies,explicit.stat_1244003614,text-only,-,search/item-facts/data/mod-templates.csv#L4074,2,global_minimum_added_physical_damage_vs_bleeding_enemies=not local;global_maximum_added_physical_damage_vs_bleeding_enemies=not local;minimum_added_physical_damage_vs_bleeding_enemies=not local;maximum_added_physical_damage_vs_bleeding_enemies=not local,L036.6,"family: against, represented by `Adds # to # Cold Damage against Chilled Enemies`; reach: Adds # to # + Damage + (neither Attack nor Spell)"
pseudo.pseudo_adds_damage_to_attacks,Adds # to # Damage to Attacks,Gloves: Adds # to # Lightning Damage to Attacks,,text-only,-,search/item-facts/data/mod-templates.csv#L4239,2,,none: no stat id displays this text,"family: a description, represented by `Gloves: Adds # to # Physical Damage to Attacks`; reach: Adds # to # + Damage + Attacks"
pseudo.pseudo_adds_damage_to_attacks,Adds # to # Damage to Attacks,Adds # to # Chaos Damage for each Spider's Web on the Enemy,explicit.stat_982177653,text-only,-,search/item-facts/data/mod-templates.csv#L4952,1,minimum_added_chaos_damage_per_spiders_web_on_enemy=not local;maximum_added_chaos_damage_per_spiders_web_on_enemy=not local,L043.4,"family: per, represented by `Adds # to # Physical Damage to Attacks per Level`; reach: Adds # to # + Damage + (neither Attack nor Spell)"
pseudo.pseudo_adds_damage_to_attacks,Adds # to # Damage to Attacks,Adds # to # Cold Damage to Retaliation Skills,explicit.stat_1109700751;implicit.stat_1109700751,text-only,-,search/item-facts/data/mod-templates.csv#L4953,1,counter_attacks_minimum_added_cold_damage=not local;counter_attacks_maximum_added_cold_damage=not local,L034.6,"family: a weapon's or hand's, represented by `Adds # to # Fire Damage in Main Hand`; reach: Adds # to # + Damage + (neither Attack nor Spell)"
pseudo.pseudo_adds_damage_to_attacks,Adds # to # Damage to Attacks,Adds # to # Cold Damage while affected by Hatred,explicit.stat_2643562209,text-only,-,search/item-facts/data/mod-templates.csv#L4955,1,minimum_added_cold_damage_while_affected_by_hatred=not local;maximum_added_cold_damage_while_affected_by_hatred=not local,L111.6,represents the family `while` (1 templates); reach: Adds # to # + Damage + (neither Attack nor Spell)
pseudo.pseudo_adds_damage_to_attacks,Adds # to # Damage to Attacks,Adds # to # Fire Damage to Attacks against you,crafted.stat_2127433866;explicit.stat_2127433866;fractured.stat_2127433866,text-only,-,search/item-facts/data/mod-templates.csv#L4956,1,from_self_minimum_added_attack_fire_damage_taken=not local;from_self_maximum_added_attack_fire_damage_taken=not local,L059.4,"family: a monster's or an enemy's, represented by `Adds # to # Physical Damage to Attacks with this Weapon per # Player Levels`; reach: Adds # to # + Damage + Attacks"
pseudo.pseudo_adds_damage_to_attacks,Adds # to # Damage to Attacks,Adds # to # Fire Damage to Hits with this Weapon against Blinded Enemies,explicit.stat_3977907993,text-only,-,search/item-facts/data/mod-templates.csv#L4957,1,minimum_added_fire_damage_to_hits_vs_blinded_enemies=not local;maximum_added_fire_damage_to_hits_vs_blinded_enemies=not local,L036.6,"family: against, represented by `Adds # to # Cold Damage against Chilled Enemies`; reach: Adds # to # + Damage + (neither Attack nor Spell)"
pseudo.pseudo_adds_damage_to_attacks,Adds # to # Damage to Attacks,Adds # to # Lightning Damage if you haven't Killed Recently,enchant.stat_1293597434,text-only,-,search/item-facts/data/mod-templates.csv#L6558,1,enchantment_boots_minimum_added_lightning_damage_when_you_havent_killed_for_4_seconds=not local;enchantment_boots_maximum_added_lightning_damage_when_you_havent_killed_for_4_seconds=not local,L051.6,"family: if or recently, represented by `Adds # to # Lightning Damage for each Shocked Enemy you've Killed Recently`; reach: Adds # to # + Damage + (neither Attack nor Spell)"
pseudo.pseudo_adds_damage_to_attacks,Adds # to # Damage to Attacks,Adds # to # Lightning Damage to Attacks during Effect,explicit.stat_4292531291,text-only,-,search/item-facts/data/mod-templates.csv#L4958,1,local_unique_flask_minimum_added_lightning_damage_to_attacks_during_flask_effect=local;local_unique_flask_maximum_added_lightning_damage_to_attacks_during_flask_effect=local,L039.4,"family: during a flask's effect, represented by `Adds # to # Chaos Damage to Spells and Attacks during any Flask Effect`; reach: Adds # to # + Damage + Attacks"
pseudo.pseudo_adds_damage_to_attacks,Adds # to # Damage to Attacks,Adds # to # Lightning Damage to Unarmed Melee Hits,explicit.stat_3835522656,text-only,-,search/item-facts/data/mod-templates.csv#L4961,1,attack_minimum_added_melee_lightning_damage_while_unarmed=not local;attack_maximum_added_melee_lightning_damage_while_unarmed=not local,L034.6,"family: a weapon's or hand's, represented by `Adds # to # Fire Damage in Main Hand`; reach: Adds # to # + Damage + (neither Attack nor Spell)"
pseudo.pseudo_adds_damage_to_attacks,Adds # to # Damage to Attacks,Adds # to # Physical Damage to Attacks while you have a Bestial Minion,explicit.stat_242822230,text-only,-,search/item-facts/data/mod-templates.csv#L4962,1,attack_minimum_added_physical_damage_if_you_have_beast_minion=not local;attack_maximum_added_physical_damage_if_you_have_beast_minion=not local,L151.4,represents the family `a minion's or ally's` (1 templates); reach: Adds # to # + Damage + Attacks
pseudo.pseudo_adds_damage_to_attacks,Adds # to # Damage to Attacks,Adds # to # [Fire|Fire] Damage,crafted.stat_321077055;crafted.stat_709508406;enchant.stat_709508406;explicit.stat_321077055;explicit.stat_709508406;fractured.stat_321077055;fractured.stat_709508406;implicit.stat_321077055;implicit.stat_709508406;scourge.stat_709508406,text-only,-,search/item-facts/data/mod-templates.csv#L4965,1,global_minimum_added_fire_damage=not local;global_maximum_added_fire_damage=not local;local_minimum_added_fire_damage=local;local_maximum_added_fire_damage=local,L006.6,reach: Adds # to # + Damage + (neither Attack nor Spell)
pseudo.pseudo_adds_damage_to_attacks,Adds # to # Damage to Attacks,Shield: Adds # to # Fire Damage if you've Blocked Recently,,text-only,-,search/item-facts/data/mod-templates.csv#L5467,1,,L051.6,"family: if or recently, represented by `Adds # to # Lightning Damage for each Shocked Enemy you've Killed Recently`; reach: Adds # to # + Damage + (neither Attack nor Spell)"
pseudo.pseudo_adds_damage_to_attacks,Adds # to # Damage to Attacks,[MartialWeapon|Martial Weapon]: Adds # to # [Fire|Fire] Damage,,text-only,-,search/item-facts/data/mod-templates.csv#L5705,1,,none: no stat id displays this text,"family: a description, represented by `Gloves: Adds # to # Physical Damage to Attacks`; reach: Adds # to # + Damage + (neither Attack nor Spell)"
pseudo.pseudo_adds_physical_damage_to_spells,Adds # to # Physical Damage to Spells,Adds # to # Physical Damage,crafted.stat_1940865751;explicit.stat_1940865751;explicit.stat_960081730;fractured.stat_1940865751;fractured.stat_960081730;implicit.stat_1940865751;scourge.stat_1940865751,text-only,-,search/item-facts/data/mod-templates.csv#L28,485,global_minimum_added_physical_damage=not local;global_maximum_added_physical_damage=not local;local_minimum_added_physical_damage=local;local_maximum_added_physical_damage=local,L002.5,reach: Adds # to # + Physical + Damage + (neither Attack nor Spell)
pseudo.pseudo_adds_physical_damage_to_spells,Adds # to # Physical Damage to Spells,Adds # to # Physical Damage to Hits against Cursed Enemies,,text-only,-,search/item-facts/data/mod-templates.csv#L1115,15,,L138.3,"family: against, represented by `Adds # to # Physical Damage against Bleeding Enemies`; reach: Adds # to # + Physical + Damage + (neither Attack nor Spell)"
pseudo.pseudo_adds_physical_damage_to_spells,Adds # to # Physical Damage to Spells,Adds # to # Physical Damage to Spells,explicit.stat_2435536961;fractured.stat_2435536961;implicit.stat_2435536961;scourge.stat_2435536961,text-only,-,search/item-facts/data/mod-templates.csv#L3415,5,spell_minimum_added_physical_damage=not local;spell_maximum_added_physical_damage=not local,L067.3,reach: Adds # to # + Physical + Damage + Spells
pseudo.pseudo_adds_physical_damage_to_spells,Adds # to # Physical Damage to Spells,Adds # to # Physical Damage against Bleeding Enemies,explicit.stat_1244003614,text-only,-,search/item-facts/data/mod-templates.csv#L4074,2,global_minimum_added_physical_damage_vs_bleeding_enemies=not local;global_maximum_added_physical_damage_vs_bleeding_enemies=not local;minimum_added_physical_damage_vs_bleeding_enemies=not local;maximum_added_physical_damage_vs_bleeding_enemies=not local,L138.3,represents the family `against` (2 templates); reach: Adds # to # + Physical + Damage + (neither Attack nor Spell)
pseudo.pseudo_adds_lightning_damage_to_spells,Adds # to # Lightning Damage to Spells,Adds # to # Lightning Damage,crafted.stat_1334060246;crafted.stat_3336890334;enchant.stat_3336890334;explicit.stat_1334060246;explicit.stat_3336890334;fractured.stat_1334060246;fractured.stat_3336890334;implicit.stat_1334060246;implicit.stat_3336890334;scourge.stat_3336890334,text-only,-,search/item-facts/data/mod-templates.csv#L73,269,global_minimum_added_lightning_damage=not local;global_maximum_added_lightning_damage=not local;local_minimum_added_lightning_damage=local;local_maximum_added_lightning_damage=local,L003.7,reach: Adds # to # + Lightning + Damage + (neither Attack nor Spell)
pseudo.pseudo_adds_lightning_damage_to_spells,Adds # to # Lightning Damage to Spells,Adds # to # Lightning Damage to Spells,crafted.stat_2831165374;explicit.stat_2831165374;fractured.stat_2831165374;implicit.stat_2831165374;scourge.stat_2831165374,text-only,-,search/item-facts/data/mod-templates.csv#L191,98,spell_minimum_added_lightning_damage=not local;spell_maximum_added_lightning_damage=not local,L012.4,reach: Adds # to # + Lightning + Damage + Spells
pseudo.pseudo_adds_lightning_damage_to_spells,Adds # to # Lightning Damage to Spells,Adds # to # Lightning Damage to Spells and Attacks,explicit.stat_2885144362;implicit.stat_2885144362,text-only,-,search/item-facts/data/mod-templates.csv#L5774,57,spell_and_attack_minimum_added_lightning_damage=not local;spell_and_attack_maximum_added_lightning_damage=not local,L015.7,reach: Adds # to # + Lightning + Damage + Spells
pseudo.pseudo_adds_lightning_damage_to_spells,Adds # to # Lightning Damage to Spells,Adds # to # Lightning Damage to Spells during Effect,explicit.stat_4108305628,text-only,-,search/item-facts/data/mod-templates.csv#L2537,5,local_unique_flask_minimum_added_lightning_damage_to_spells_during_flask_effect=local;local_unique_flask_maximum_added_lightning_damage_to_spells_during_flask_effect=local,L066.3,represents the family `during a flask's effect` (1 templates); reach: Adds # to # + Lightning + Damage + Spells
pseudo.pseudo_adds_lightning_damage_to_spells,Adds # to # Lightning Damage to Spells,Adds # to # Lightning Damage for each Shocked Enemy you've Killed Recently,explicit.stat_4222857095;fractured.stat_4222857095,text-only,-,search/item-facts/data/mod-templates.csv#L2901,4,minimum_added_lightning_damage_per_shocked_enemy_killed_recently=not local;maximum_added_lightning_damage_per_shocked_enemy_killed_recently=not local,L051.7,represents the family `if or recently` (2 templates); reach: Adds # to # + Lightning + Damage + (neither Attack nor Spell)
pseudo.pseudo_adds_lightning_damage_to_spells,Adds # to # Lightning Damage to Spells,Adds # to # Lightning Damage against Shocked Enemies,explicit.stat_90012347;fractured.stat_90012347,text-only,-,search/item-facts/data/mod-templates.csv#L4071,2,global_minimum_added_lightning_damage_vs_shocked_enemies=not local;global_maximum_added_lightning_damage_vs_shocked_enemies=not local,L137.3,represents the family `against` (2 templates); reach: Adds # to # + Lightning + Damage + (neither Attack nor Spell)
pseudo.pseudo_adds_lightning_damage_to_spells,Adds # to # Lightning Damage to Spells,Adds # to # Lightning Damage to Hits against Ignited Enemies,explicit.stat_2870108850,text-only,-,search/item-facts/data/mod-templates.csv#L4072,2,global_minimum_added_lightning_damage_vs_ignited_enemies=not local;global_maximum_added_lightning_damage_vs_ignited_enemies=not local,L137.3,"family: against, represented by `Adds # to # Lightning Damage against Shocked Enemies`; reach: Adds # to # + Lightning + Damage + (neither Attack nor Spell)"
pseudo.pseudo_adds_lightning_damage_to_spells,Adds # to # Lightning Damage to Spells,Adds # to # Lightning Damage to Spells per Power Charge,explicit.stat_4085417083,text-only,-,search/item-facts/data/mod-templates.csv#L4073,2,minimum_added_lightning_damage_to_spells_per_power_charge=not local;maximum_added_lightning_damage_to_spells_per_power_charge=not local,L178.1,represents the family `per` (2 templates); reach: Adds # to # + Lightning + Damage + Spells
pseudo.pseudo_adds_lightning_damage_to_spells,Adds # to # Lightning Damage to Spells,Adds # to # Lightning Damage if you haven't Killed Recently,enchant.stat_1293597434,text-only,-,search/item-facts/data/mod-templates.csv#L6558,1,enchantment_boots_minimum_added_lightning_damage_when_you_havent_killed_for_4_seconds=not local;enchantment_boots_maximum_added_lightning_damage_when_you_havent_killed_for_4_seconds=not local,L051.7,"family: if or recently, represented by `Adds # to # Lightning Damage for each Shocked Enemy you've Killed Recently`; reach: Adds # to # + Lightning + Damage + (neither Attack nor Spell)"
pseudo.pseudo_adds_lightning_damage_to_spells,Adds # to # Lightning Damage to Spells,Adds # to # Lightning Damage to Spells per # Intelligence,explicit.stat_254155233,text-only,-,search/item-facts/data/mod-templates.csv#L4959,1,,L178.1,"family: per, represented by `Adds # to # Lightning Damage to Spells per Power Charge`; reach: Adds # to # + Lightning + Damage + Spells"
pseudo.pseudo_adds_lightning_damage_to_spells,Adds # to # Lightning Damage to Spells,Adds # to # Lightning Damage to Spells while Unarmed,explicit.stat_3597806437,text-only,-,search/item-facts/data/mod-templates.csv#L4960,1,spell_minimum_added_lightning_damage_while_unarmed=not local;spell_maximum_added_lightning_damage_while_unarmed=not local,L179.2,represents the family `while` (1 templates); reach: Adds # to # + Lightning + Damage + Spells
pseudo.pseudo_adds_lightning_damage_to_spells,Adds # to # Lightning Damage to Spells,Adds # to # Lightning Damage to Unarmed Melee Hits,explicit.stat_3835522656,text-only,-,search/item-facts/data/mod-templates.csv#L4961,1,attack_minimum_added_melee_lightning_damage_while_unarmed=not local;attack_maximum_added_melee_lightning_damage_while_unarmed=not local,L161.3,represents the family `a weapon's or hand's` (1 templates); reach: Adds # to # + Lightning + Damage + (neither Attack nor Spell)
pseudo.pseudo_adds_cold_damage_to_spells,Adds # to # Cold Damage to Spells,Adds # to # Cold Damage,crafted.stat_1037193709;crafted.stat_2387423236;enchant.stat_1037193709;explicit.stat_1037193709;explicit.stat_2387423236;fractured.stat_1037193709;fractured.stat_2387423236;implicit.stat_1037193709;implicit.stat_2387423236;scourge.stat_1037193709,text-only,-,search/item-facts/data/mod-templates.csv#L70,266,global_minimum_added_cold_damage=not local;global_maximum_added_cold_damage=not local;local_minimum_added_cold_damage=local;local_maximum_added_cold_damage=local,L004.7,reach: Adds # to # + Cold + Damage + (neither Attack nor Spell)
pseudo.pseudo_adds_cold_damage_to_spells,Adds # to # Cold Damage to Spells,Adds # to # Cold Damage to Spells,crafted.stat_2469416729;explicit.stat_2469416729;fractured.stat_2469416729;implicit.stat_2469416729;scourge.stat_2469416729,text-only,-,search/item-facts/data/mod-templates.csv#L237,79,spell_minimum_added_cold_damage=not local;spell_maximum_added_cold_damage=not local,L016.4,reach: Adds # to # + Cold + Damage + Spells
pseudo.pseudo_adds_cold_damage_to_spells,Adds # to # Cold Damage to Spells,Adds # to # Cold Damage to Spells and Attacks,explicit.stat_1662717006;implicit.stat_1662717006,text-only,-,search/item-facts/data/mod-templates.csv#L426,60,spell_and_attack_minimum_added_cold_damage=not local;spell_and_attack_maximum_added_cold_damage=not local,L014.7,reach: Adds # to # + Cold + Damage + Spells
pseudo.pseudo_adds_cold_damage_to_spells,Adds # to # Cold Damage to Spells,Adds # to # Cold Damage against Chilled Enemies,explicit.stat_3734640451,text-only,-,search/item-facts/data/mod-templates.csv#L1737,9,minimum_added_cold_damage_vs_chilled_enemies=not local;maximum_added_cold_damage_vs_chilled_enemies=not local,L036.7,represents the family `against` (2 templates); reach: Adds # to # + Cold + Damage + (neither Attack nor Spell)
pseudo.pseudo_adds_cold_damage_to_spells,Adds # to # Cold Damage to Spells,Adds # to # Cold Damage in Off Hand,explicit.stat_2109066258,text-only,-,search/item-facts/data/mod-templates.csv#L2898,4,unique_local_minimum_added_cold_damage_when_in_off_hand=local;unique_local_maximum_added_cold_damage_when_in_off_hand=local,L090.3,represents the family `a weapon's or hand's` (2 templates); reach: Adds # to # + Cold + Damage + (neither Attack nor Spell)
pseudo.pseudo_adds_cold_damage_to_spells,Adds # to # Cold Damage to Spells,Adds # to # Cold Damage against Chilled or Frozen Enemies,explicit.stat_2233361223;fractured.stat_2233361223,text-only,-,search/item-facts/data/mod-templates.csv#L3411,3,global_minimum_added_cold_damage_vs_chilled_or_frozen_enemies=not local;global_maximum_added_cold_damage_vs_chilled_or_frozen_enemies=not local,L036.7,"family: against, represented by `Adds # to # Cold Damage against Chilled Enemies`; reach: Adds # to # + Cold + Damage + (neither Attack nor Spell)"
pseudo.pseudo_adds_cold_damage_to_spells,Adds # to # Cold Damage to Spells,Adds # to # Cold Damage if you've been Hit Recently,enchant.stat_884399432,text-only,-,search/item-facts/data/mod-templates.csv#L6380,2,enchantment_boots_added_cold_damage_when_hit_minimum=not local;enchantment_boots_added_cold_damage_when_hit_maximum=not local,L136.3,represents the family `if or recently` (1 templates); reach: Adds # to # + Cold + Damage + (neither Attack nor Spell)
pseudo.pseudo_adds_cold_damage_to_spells,Adds # to # Cold Damage to Spells,Adds # to # Cold Damage to Retaliation Skills,explicit.stat_1109700751;implicit.stat_1109700751,text-only,-,search/item-facts/data/mod-templates.csv#L4953,1,counter_attacks_minimum_added_cold_damage=not local;counter_attacks_maximum_added_cold_damage=not local,L090.3,"family: a weapon's or hand's, represented by `Adds # to # Cold Damage in Off Hand`; reach: Adds # to # + Cold + Damage + (neither Attack nor Spell)"
pseudo.pseudo_adds_cold_damage_to_spells,Adds # to # Cold Damage to Spells,Adds # to # Cold Damage to Spells per Power Charge,explicit.stat_3408048164;fractured.stat_3408048164,text-only,-,search/item-facts/data/mod-templates.csv#L4954,1,spell_minimum_added_cold_damage_per_power_charge=not local;spell_maximum_added_cold_damage_per_power_charge=not local,L199.1,represents the family `per` (1 templates); reach: Adds # to # + Cold + Damage + Spells
pseudo.pseudo_adds_cold_damage_to_spells,Adds # to # Cold Damage to Spells,Adds # to # Cold Damage while affected by Hatred,explicit.stat_2643562209,text-only,-,search/item-facts/data/mod-templates.csv#L4955,1,minimum_added_cold_damage_while_affected_by_hatred=not local;maximum_added_cold_damage_while_affected_by_hatred=not local,L111.7,represents the family `while` (1 templates); reach: Adds # to # + Cold + Damage + (neither Attack nor Spell)
pseudo.pseudo_adds_fire_damage_to_spells,Adds # to # Fire Damage to Spells,Adds # to # Fire Damage,crafted.stat_321077055;crafted.stat_709508406;enchant.stat_709508406;explicit.stat_321077055;explicit.stat_709508406;fractured.stat_321077055;fractured.stat_709508406;implicit.stat_321077055;implicit.stat_709508406;scourge.stat_709508406,text-only,-,search/item-facts/data/mod-templates.csv#L102,224,global_minimum_added_fire_damage=not local;global_maximum_added_fire_damage=not local;local_minimum_added_fire_damage=local;local_maximum_added_fire_damage=local,L006.7,reach: Adds # to # + Fire + Damage + (neither Attack nor Spell)
pseudo.pseudo_adds_fire_damage_to_spells,Adds # to # Fire Damage to Spells,Adds # to # Fire Damage to Spells,crafted.stat_1133016593;explicit.stat_1133016593;fractured.stat_1133016593;implicit.stat_1133016593;scourge.stat_1133016593,text-only,-,search/item-facts/data/mod-templates.csv#L195,97,spell_minimum_added_fire_damage=not local;spell_maximum_added_fire_damage=not local,L013.4,reach: Adds # to # + Fire + Damage + Spells
pseudo.pseudo_adds_fire_damage_to_spells,Adds # to # Fire Damage to Spells,Adds # to # Fire Damage to Spells and Attacks,explicit.stat_3964634628;fractured.stat_3964634628;implicit.stat_3964634628,text-only,-,search/item-facts/data/mod-templates.csv#L5767,69,spell_and_attack_minimum_added_fire_damage=not local;spell_and_attack_maximum_added_fire_damage=not local,L011.7,reach: Adds # to # + Fire + Damage + Spells
pseudo.pseudo_adds_fire_damage_to_spells,Adds # to # Fire Damage to Spells,Adds # to # Fire Damage in Main Hand,explicit.stat_169657426,text-only,-,search/item-facts/data/mod-templates.csv#L1396,12,unique_local_minimum_added_fire_damage_when_in_main_hand=local;unique_local_maximum_added_fire_damage_when_in_main_hand=local,L034.7,represents the family `a weapon's or hand's` (1 templates); reach: Adds # to # + Fire + Damage + (neither Attack nor Spell)
pseudo.pseudo_adds_fire_damage_to_spells,Adds # to # Fire Damage to Spells,Adds # to # Fire Damage against Ignited Enemies,explicit.stat_794830148;fractured.stat_794830148,text-only,-,search/item-facts/data/mod-templates.csv#L3412,3,global_minimum_added_fire_damage_vs_ignited_enemies=not local;global_maximum_added_fire_damage_vs_ignited_enemies=not local,L112.3,represents the family `against` (2 templates); reach: Adds # to # + Fire + Damage + (neither Attack nor Spell)
pseudo.pseudo_adds_fire_damage_to_spells,Adds # to # Fire Damage to Spells,Adds # to # Fire Spell Damage per Buff on you,explicit.stat_3434279150,text-only,-,search/item-facts/data/mod-templates.csv#L4070,2,minimum_added_fire_spell_damage_per_active_buff=not local;maximum_added_fire_spell_damage_per_active_buff=not local,L150.1,represents the family `per` (1 templates); reach: Adds # to # + Fire + Damage + Spell
pseudo.pseudo_adds_fire_damage_to_spells,Adds # to # Fire Damage to Spells,Adds # to # Fire Damage to Hits with this Weapon against Blinded Enemies,explicit.stat_3977907993,text-only,-,search/item-facts/data/mod-templates.csv#L4957,1,minimum_added_fire_damage_to_hits_vs_blinded_enemies=not local;maximum_added_fire_damage_to_hits_vs_blinded_enemies=not local,L112.3,"family: against, represented by `Adds # to # Fire Damage against Ignited Enemies`; reach: Adds # to # + Fire + Damage + (neither Attack nor Spell)"
pseudo.pseudo_adds_fire_damage_to_spells,Adds # to # Fire Damage to Spells,Adds # to # [Fire|Fire] Damage,crafted.stat_321077055;crafted.stat_709508406;enchant.stat_709508406;explicit.stat_321077055;explicit.stat_709508406;fractured.stat_321077055;fractured.stat_709508406;implicit.stat_321077055;implicit.stat_709508406;scourge.stat_709508406,text-only,-,search/item-facts/data/mod-templates.csv#L4965,1,global_minimum_added_fire_damage=not local;global_maximum_added_fire_damage=not local;local_minimum_added_fire_damage=local;local_maximum_added_fire_damage=local,L006.7,reach: Adds # to # + Fire + Damage + (neither Attack nor Spell)
pseudo.pseudo_adds_fire_damage_to_spells,Adds # to # Fire Damage to Spells,Shield: Adds # to # Fire Damage if you've Blocked Recently,,text-only,-,search/item-facts/data/mod-templates.csv#L5467,1,,none: no stat id displays this text,represents the family `if or recently` (1 templates); reach: Adds # to # + Fire + Damage + (neither Attack nor Spell)
pseudo.pseudo_adds_fire_damage_to_spells,Adds # to # Fire Damage to Spells,[MartialWeapon|Martial Weapon]: Adds # to # [Fire|Fire] Damage,,text-only,-,search/item-facts/data/mod-templates.csv#L5705,1,,none: no stat id displays this text,represents the family `a description` (1 templates); reach: Adds # to # + Fire + Damage + (neither Attack nor Spell)
pseudo.pseudo_adds_elemental_damage_to_spells,Adds # to # Elemental Damage to Spells,Adds # to # Lightning Damage,crafted.stat_1334060246;crafted.stat_3336890334;enchant.stat_3336890334;explicit.stat_1334060246;explicit.stat_3336890334;fractured.stat_1334060246;fractured.stat_3336890334;implicit.stat_1334060246;implicit.stat_3336890334;scourge.stat_3336890334,text-only,-,search/item-facts/data/mod-templates.csv#L73,269,global_minimum_added_lightning_damage=not local;global_maximum_added_lightning_damage=not local;local_minimum_added_lightning_damage=local;local_maximum_added_lightning_damage=local,L003.8,reach: Adds # to # + Lightning + Damage + (neither Attack nor Spell)
pseudo.pseudo_adds_elemental_damage_to_spells,Adds # to # Elemental Damage to Spells,Adds # to # Cold Damage,crafted.stat_1037193709;crafted.stat_2387423236;enchant.stat_1037193709;explicit.stat_1037193709;explicit.stat_2387423236;fractured.stat_1037193709;fractured.stat_2387423236;implicit.stat_1037193709;implicit.stat_2387423236;scourge.stat_1037193709,text-only,-,search/item-facts/data/mod-templates.csv#L70,266,global_minimum_added_cold_damage=not local;global_maximum_added_cold_damage=not local;local_minimum_added_cold_damage=local;local_maximum_added_cold_damage=local,L004.8,reach: Adds # to # + Cold + Damage + (neither Attack nor Spell)
pseudo.pseudo_adds_elemental_damage_to_spells,Adds # to # Elemental Damage to Spells,Adds # to # Fire Damage,crafted.stat_321077055;crafted.stat_709508406;enchant.stat_709508406;explicit.stat_321077055;explicit.stat_709508406;fractured.stat_321077055;fractured.stat_709508406;implicit.stat_321077055;implicit.stat_709508406;scourge.stat_709508406,text-only,-,search/item-facts/data/mod-templates.csv#L102,224,global_minimum_added_fire_damage=not local;global_maximum_added_fire_damage=not local;local_minimum_added_fire_damage=local;local_maximum_added_fire_damage=local,L006.8,reach: Adds # to # + Fire + Damage + (neither Attack nor Spell)
pseudo.pseudo_adds_elemental_damage_to_spells,Adds # to # Elemental Damage to Spells,Adds # to # Lightning Damage to Spells,crafted.stat_2831165374;explicit.stat_2831165374;fractured.stat_2831165374;implicit.stat_2831165374;scourge.stat_2831165374,text-only,-,search/item-facts/data/mod-templates.csv#L191,98,spell_minimum_added_lightning_damage=not local;spell_maximum_added_lightning_damage=not local,L012.5,reach: Adds # to # + Lightning + Damage + Spells
pseudo.pseudo_adds_elemental_damage_to_spells,Adds # to # Elemental Damage to Spells,Adds # to # Fire Damage to Spells,crafted.stat_1133016593;explicit.stat_1133016593;fractured.stat_1133016593;implicit.stat_1133016593;scourge.stat_1133016593,text-only,-,search/item-facts/data/mod-templates.csv#L195,97,spell_minimum_added_fire_damage=not local;spell_maximum_added_fire_damage=not local,L013.5,reach: Adds # to # + Fire + Damage + Spells
pseudo.pseudo_adds_elemental_damage_to_spells,Adds # to # Elemental Damage to Spells,Adds # to # Cold Damage to Spells,crafted.stat_2469416729;explicit.stat_2469416729;fractured.stat_2469416729;implicit.stat_2469416729;scourge.stat_2469416729,text-only,-,search/item-facts/data/mod-templates.csv#L237,79,spell_minimum_added_cold_damage=not local;spell_maximum_added_cold_damage=not local,L016.5,reach: Adds # to # + Cold + Damage + Spells
pseudo.pseudo_adds_elemental_damage_to_spells,Adds # to # Elemental Damage to Spells,Adds # to # Fire Damage to Spells and Attacks,explicit.stat_3964634628;fractured.stat_3964634628;implicit.stat_3964634628,text-only,-,search/item-facts/data/mod-templates.csv#L5767,69,spell_and_attack_minimum_added_fire_damage=not local;spell_and_attack_maximum_added_fire_damage=not local,L011.8,reach: Adds # to # + Fire + Damage + Spells
pseudo.pseudo_adds_elemental_damage_to_spells,Adds # to # Elemental Damage to Spells,Adds # to # Cold Damage to Spells and Attacks,explicit.stat_1662717006;implicit.stat_1662717006,text-only,-,search/item-facts/data/mod-templates.csv#L426,60,spell_and_attack_minimum_added_cold_damage=not local;spell_and_attack_maximum_added_cold_damage=not local,L014.8,reach: Adds # to # + Cold + Damage + Spells
pseudo.pseudo_adds_elemental_damage_to_spells,Adds # to # Elemental Damage to Spells,Adds # to # Lightning Damage to Spells and Attacks,explicit.stat_2885144362;implicit.stat_2885144362,text-only,-,search/item-facts/data/mod-templates.csv#L5774,57,spell_and_attack_minimum_added_lightning_damage=not local;spell_and_attack_maximum_added_lightning_damage=not local,L015.8,reach: Adds # to # + Lightning + Damage + Spells
pseudo.pseudo_adds_elemental_damage_to_spells,Adds # to # Elemental Damage to Spells,Adds # to # Fire Damage in Main Hand,explicit.stat_169657426,text-only,-,search/item-facts/data/mod-templates.csv#L1396,12,unique_local_minimum_added_fire_damage_when_in_main_hand=local;unique_local_maximum_added_fire_damage_when_in_main_hand=local,L034.8,represents the family `a weapon's or hand's` (4 templates); reach: Adds # to # + Fire + Damage + (neither Attack nor Spell)
pseudo.pseudo_adds_elemental_damage_to_spells,Adds # to # Elemental Damage to Spells,Adds # to # Cold Damage against Chilled Enemies,explicit.stat_3734640451,text-only,-,search/item-facts/data/mod-templates.csv#L1737,9,minimum_added_cold_damage_vs_chilled_enemies=not local;maximum_added_cold_damage_vs_chilled_enemies=not local,L036.8,represents the family `against` (6 templates); reach: Adds # to # + Cold + Damage + (neither Attack nor Spell)
pseudo.pseudo_adds_elemental_damage_to_spells,Adds # to # Elemental Damage to Spells,Adds # to # Lightning Damage to Spells during Effect,explicit.stat_4108305628,text-only,-,search/item-facts/data/mod-templates.csv#L2537,5,local_unique_flask_minimum_added_lightning_damage_to_spells_during_flask_effect=local;local_unique_flask_maximum_added_lightning_damage_to_spells_during_flask_effect=local,L066.4,represents the family `during a flask's effect` (1 templates); reach: Adds # to # + Lightning + Damage + Spells
pseudo.pseudo_adds_elemental_damage_to_spells,Adds # to # Elemental Damage to Spells,Adds # to # Cold Damage in Off Hand,explicit.stat_2109066258,text-only,-,search/item-facts/data/mod-templates.csv#L2898,4,unique_local_minimum_added_cold_damage_when_in_off_hand=local;unique_local_maximum_added_cold_damage_when_in_off_hand=local,L034.8,"family: a weapon's or hand's, represented by `Adds # to # Fire Damage in Main Hand`; reach: Adds # to # + Cold + Damage + (neither Attack nor Spell)"
pseudo.pseudo_adds_elemental_damage_to_spells,Adds # to # Elemental Damage to Spells,Adds # to # Lightning Damage for each Shocked Enemy you've Killed Recently,explicit.stat_4222857095;fractured.stat_4222857095,text-only,-,search/item-facts/data/mod-templates.csv#L2901,4,minimum_added_lightning_damage_per_shocked_enemy_killed_recently=not local;maximum_added_lightning_damage_per_shocked_enemy_killed_recently=not local,L051.8,represents the family `if or recently` (4 templates); reach: Adds # to # + Lightning + Damage + (neither Attack nor Spell)
pseudo.pseudo_adds_elemental_damage_to_spells,Adds # to # Elemental Damage to Spells,Adds # to # Cold Damage against Chilled or Frozen Enemies,explicit.stat_2233361223;fractured.stat_2233361223,text-only,-,search/item-facts/data/mod-templates.csv#L3411,3,global_minimum_added_cold_damage_vs_chilled_or_frozen_enemies=not local;global_maximum_added_cold_damage_vs_chilled_or_frozen_enemies=not local,L036.8,"family: against, represented by `Adds # to # Cold Damage against Chilled Enemies`; reach: Adds # to # + Cold + Damage + (neither Attack nor Spell)"
pseudo.pseudo_adds_elemental_damage_to_spells,Adds # to # Elemental Damage to Spells,Adds # to # Fire Damage against Ignited Enemies,explicit.stat_794830148;fractured.stat_794830148,text-only,-,search/item-facts/data/mod-templates.csv#L3412,3,global_minimum_added_fire_damage_vs_ignited_enemies=not local;global_maximum_added_fire_damage_vs_ignited_enemies=not local,L036.8,"family: against, represented by `Adds # to # Cold Damage against Chilled Enemies`; reach: Adds # to # + Fire + Damage + (neither Attack nor Spell)"
pseudo.pseudo_adds_elemental_damage_to_spells,Adds # to # Elemental Damage to Spells,Adds # to # Cold Damage if you've been Hit Recently,enchant.stat_884399432,text-only,-,search/item-facts/data/mod-templates.csv#L6380,2,enchantment_boots_added_cold_damage_when_hit_minimum=not local;enchantment_boots_added_cold_damage_when_hit_maximum=not local,L051.8,"family: if or recently, represented by `Adds # to # Lightning Damage for each Shocked Enemy you've Killed Recently`; reach: Adds # to # + Cold + Damage + (neither Attack nor Spell)"
pseudo.pseudo_adds_elemental_damage_to_spells,Adds # to # Elemental Damage to Spells,Adds # to # Fire Spell Damage per Buff on you,explicit.stat_3434279150,text-only,-,search/item-facts/data/mod-templates.csv#L4070,2,minimum_added_fire_spell_damage_per_active_buff=not local;maximum_added_fire_spell_damage_per_active_buff=not local,L150.2,represents the family `per` (4 templates); reach: Adds # to # + Fire + Damage + Spell
pseudo.pseudo_adds_elemental_damage_to_spells,Adds # to # Elemental Damage to Spells,Adds # to # Lightning Damage against Shocked Enemies,explicit.stat_90012347;fractured.stat_90012347,text-only,-,search/item-facts/data/mod-templates.csv#L4071,2,global_minimum_added_lightning_damage_vs_shocked_enemies=not local;global_maximum_added_lightning_damage_vs_shocked_enemies=not local,L036.8,"family: against, represented by `Adds # to # Cold Damage against Chilled Enemies`; reach: Adds # to # + Lightning + Damage + (neither Attack nor Spell)"
pseudo.pseudo_adds_elemental_damage_to_spells,Adds # to # Elemental Damage to Spells,Adds # to # Lightning Damage to Hits against Ignited Enemies,explicit.stat_2870108850,text-only,-,search/item-facts/data/mod-templates.csv#L4072,2,global_minimum_added_lightning_damage_vs_ignited_enemies=not local;global_maximum_added_lightning_damage_vs_ignited_enemies=not local,L036.8,"family: against, represented by `Adds # to # Cold Damage against Chilled Enemies`; reach: Adds # to # + Lightning + Damage + (neither Attack nor Spell)"
pseudo.pseudo_adds_elemental_damage_to_spells,Adds # to # Elemental Damage to Spells,Adds # to # Lightning Damage to Spells per Power Charge,explicit.stat_4085417083,text-only,-,search/item-facts/data/mod-templates.csv#L4073,2,minimum_added_lightning_damage_to_spells_per_power_charge=not local;maximum_added_lightning_damage_to_spells_per_power_charge=not local,L150.2,"family: per, represented by `Adds # to # Fire Spell Damage per Buff on you`; reach: Adds # to # + Lightning + Damage + Spells"
pseudo.pseudo_adds_elemental_damage_to_spells,Adds # to # Elemental Damage to Spells,Adds # to # Cold Damage to Retaliation Skills,explicit.stat_1109700751;implicit.stat_1109700751,text-only,-,search/item-facts/data/mod-templates.csv#L4953,1,counter_attacks_minimum_added_cold_damage=not local;counter_attacks_maximum_added_cold_damage=not local,L034.8,"family: a weapon's or hand's, represented by `Adds # to # Fire Damage in Main Hand`; reach: Adds # to # + Cold + Damage + (neither Attack nor Spell)"
pseudo.pseudo_adds_elemental_damage_to_spells,Adds # to # Elemental Damage to Spells,Adds # to # Cold Damage to Spells per Power Charge,explicit.stat_3408048164;fractured.stat_3408048164,text-only,-,search/item-facts/data/mod-templates.csv#L4954,1,spell_minimum_added_cold_damage_per_power_charge=not local;spell_maximum_added_cold_damage_per_power_charge=not local,L150.2,"family: per, represented by `Adds # to # Fire Spell Damage per Buff on you`; reach: Adds # to # + Cold + Damage + Spells"
pseudo.pseudo_adds_elemental_damage_to_spells,Adds # to # Elemental Damage to Spells,Adds # to # Cold Damage while affected by Hatred,explicit.stat_2643562209,text-only,-,search/item-facts/data/mod-templates.csv#L4955,1,minimum_added_cold_damage_while_affected_by_hatred=not local;maximum_added_cold_damage_while_affected_by_hatred=not local,L111.8,represents the family `while` (2 templates); reach: Adds # to # + Cold + Damage + (neither Attack nor Spell)
pseudo.pseudo_adds_elemental_damage_to_spells,Adds # to # Elemental Damage to Spells,Adds # to # Fire Damage to Hits with this Weapon against Blinded Enemies,explicit.stat_3977907993,text-only,-,search/item-facts/data/mod-templates.csv#L4957,1,minimum_added_fire_damage_to_hits_vs_blinded_enemies=not local;maximum_added_fire_damage_to_hits_vs_blinded_enemies=not local,L036.8,"family: against, represented by `Adds # to # Cold Damage against Chilled Enemies`; reach: Adds # to # + Fire + Damage + (neither Attack nor Spell)"
pseudo.pseudo_adds_elemental_damage_to_spells,Adds # to # Elemental Damage to Spells,Adds # to # Lightning Damage if you haven't Killed Recently,enchant.stat_1293597434,text-only,-,search/item-facts/data/mod-templates.csv#L6558,1,enchantment_boots_minimum_added_lightning_damage_when_you_havent_killed_for_4_seconds=not local;enchantment_boots_maximum_added_lightning_damage_when_you_havent_killed_for_4_seconds=not local,L051.8,"family: if or recently, represented by `Adds # to # Lightning Damage for each Shocked Enemy you've Killed Recently`; reach: Adds # to # + Lightning + Damage + (neither Attack nor Spell)"
pseudo.pseudo_adds_elemental_damage_to_spells,Adds # to # Elemental Damage to Spells,Adds # to # Lightning Damage to Spells per # Intelligence,explicit.stat_254155233,text-only,-,search/item-facts/data/mod-templates.csv#L4959,1,,L150.2,"family: per, represented by `Adds # to # Fire Spell Damage per Buff on you`; reach: Adds # to # + Lightning + Damage + Spells"
pseudo.pseudo_adds_elemental_damage_to_spells,Adds # to # Elemental Damage to Spells,Adds # to # Lightning Damage to Spells while Unarmed,explicit.stat_3597806437,text-only,-,search/item-facts/data/mod-templates.csv#L4960,1,spell_minimum_added_lightning_damage_while_unarmed=not local;spell_maximum_added_lightning_damage_while_unarmed=not local,L111.8,"family: while, represented by `Adds # to # Cold Damage while affected by Hatred`; reach: Adds # to # + Lightning + Damage + Spells"
pseudo.pseudo_adds_elemental_damage_to_spells,Adds # to # Elemental Damage to Spells,Adds # to # Lightning Damage to Unarmed Melee Hits,explicit.stat_3835522656,text-only,-,search/item-facts/data/mod-templates.csv#L4961,1,attack_minimum_added_melee_lightning_damage_while_unarmed=not local;attack_maximum_added_melee_lightning_damage_while_unarmed=not local,L034.8,"family: a weapon's or hand's, represented by `Adds # to # Fire Damage in Main Hand`; reach: Adds # to # + Lightning + Damage + (neither Attack nor Spell)"
pseudo.pseudo_adds_elemental_damage_to_spells,Adds # to # Elemental Damage to Spells,Adds # to # [Fire|Fire] Damage,crafted.stat_321077055;crafted.stat_709508406;enchant.stat_709508406;explicit.stat_321077055;explicit.stat_709508406;fractured.stat_321077055;fractured.stat_709508406;implicit.stat_321077055;implicit.stat_709508406;scourge.stat_709508406,text-only,-,search/item-facts/data/mod-templates.csv#L4965,1,global_minimum_added_fire_damage=not local;global_maximum_added_fire_damage=not local;local_minimum_added_fire_damage=local;local_maximum_added_fire_damage=local,L006.8,reach: Adds # to # + Fire + Damage + (neither Attack nor Spell)
pseudo.pseudo_adds_elemental_damage_to_spells,Adds # to # Elemental Damage to Spells,Shield: Adds # to # Fire Damage if you've Blocked Recently,,text-only,-,search/item-facts/data/mod-templates.csv#L5467,1,,L051.8,"family: if or recently, represented by `Adds # to # Lightning Damage for each Shocked Enemy you've Killed Recently`; reach: Adds # to # + Fire + Damage + (neither Attack nor Spell)"
pseudo.pseudo_adds_elemental_damage_to_spells,Adds # to # Elemental Damage to Spells,[MartialWeapon|Martial Weapon]: Adds # to # [Fire|Fire] Damage,,text-only,-,search/item-facts/data/mod-templates.csv#L5705,1,,none: no stat id displays this text,represents the family `a description` (1 templates); reach: Adds # to # + Fire + Damage + (neither Attack nor Spell)
pseudo.pseudo_adds_chaos_damage_to_spells,Adds # to # Chaos Damage to Spells,Adds # to # Chaos Damage,enchant.stat_2223678961;explicit.stat_2223678961;explicit.stat_3531280422;fractured.stat_2223678961;implicit.stat_2223678961;implicit.stat_3531280422;scourge.stat_2223678961,text-only,-,search/item-facts/data/mod-templates.csv#L277,67,global_minimum_added_chaos_damage=not local;global_maximum_added_chaos_damage=not local;local_minimum_added_chaos_damage=local;local_maximum_added_chaos_damage=local,L021.5,reach: Adds # to # + Chaos + Damage + (neither Attack nor Spell)
pseudo.pseudo_adds_chaos_damage_to_spells,Adds # to # Chaos Damage to Spells,Adds # to # Chaos Damage to Spells,explicit.stat_2300399854;fractured.stat_2300399854;implicit.stat_2300399854,text-only,-,search/item-facts/data/mod-templates.csv#L1496,11,spell_minimum_added_chaos_damage=not local;spell_maximum_added_chaos_damage=not local,L045.3,reach: Adds # to # + Chaos + Damage + Spells
pseudo.pseudo_adds_chaos_damage_to_spells,Adds # to # Chaos Damage to Spells,Adds # to # Chaos Damage to Spells and Attacks during any Flask Effect,explicit.stat_3519268108,text-only,-,search/item-facts/data/mod-templates.csv#L1605,10,spell_and_attack_minimum_added_chaos_damage_during_flask_effect=not local;spell_and_attack_maximum_added_chaos_damage_during_flask_effect=not local,L039.5,represents the family `during a flask's effect` (1 templates); reach: Adds # to # + Chaos + Damage + Spells
pseudo.pseudo_adds_chaos_damage_to_spells,Adds # to # Chaos Damage to Spells,Adds # to # Chaos Damage in Off Hand,explicit.stat_3758293500,text-only,-,search/item-facts/data/mod-templates.csv#L1900,8,unique_local_minimum_added_chaos_damage_when_in_off_hand=local;unique_local_maximum_added_chaos_damage_when_in_off_hand=local,L058.3,represents the family `a weapon's or hand's` (1 templates); reach: Adds # to # + Chaos + Damage + (neither Attack nor Spell)
pseudo.pseudo_adds_chaos_damage_to_spells,Adds # to # Chaos Damage to Spells,Adds # to # Chaos Damage for each Curse on the Enemy,explicit.stat_4294344579;implicit.stat_4294344579,text-only,-,search/item-facts/data/mod-templates.csv#L2897,4,minimum_added_chaos_damage_per_curse_on_enemy=not local;maximum_added_chaos_damage_per_curse_on_enemy=not local,L072.3,represents the family `per` (2 templates); reach: Adds # to # + Chaos + Damage + (neither Attack nor Spell)
pseudo.pseudo_adds_chaos_damage_to_spells,Adds # to # Chaos Damage to Spells,Adds # to # Chaos Damage for each Spider's Web on the Enemy,explicit.stat_982177653,text-only,-,search/item-facts/data/mod-templates.csv#L4952,1,minimum_added_chaos_damage_per_spiders_web_on_enemy=not local;maximum_added_chaos_damage_per_spiders_web_on_enemy=not local,L072.3,"family: per, represented by `Adds # to # Chaos Damage for each Curse on the Enemy`; reach: Adds # to # + Chaos + Damage + (neither Attack nor Spell)"
pseudo.pseudo_adds_damage_to_spells,Adds # to # Damage to Spells,Adds # to # Physical Damage,crafted.stat_1940865751;explicit.stat_1940865751;explicit.stat_960081730;fractured.stat_1940865751;fractured.stat_960081730;implicit.stat_1940865751;scourge.stat_1940865751,text-only,-,search/item-facts/data/mod-templates.csv#L28,485,global_minimum_added_physical_damage=not local;global_maximum_added_physical_damage=not local;local_minimum_added_physical_damage=local;local_maximum_added_physical_damage=local,L002.6,reach: Adds # to # + Damage + (neither Attack nor Spell)
pseudo.pseudo_adds_damage_to_spells,Adds # to # Damage to Spells,Adds # to # Lightning Damage,crafted.stat_1334060246;crafted.stat_3336890334;enchant.stat_3336890334;explicit.stat_1334060246;explicit.stat_3336890334;fractured.stat_1334060246;fractured.stat_3336890334;implicit.stat_1334060246;implicit.stat_3336890334;scourge.stat_3336890334,text-only,-,search/item-facts/data/mod-templates.csv#L73,269,global_minimum_added_lightning_damage=not local;global_maximum_added_lightning_damage=not local;local_minimum_added_lightning_damage=local;local_maximum_added_lightning_damage=local,L003.9,reach: Adds # to # + Damage + (neither Attack nor Spell)
pseudo.pseudo_adds_damage_to_spells,Adds # to # Damage to Spells,Adds # to # Cold Damage,crafted.stat_1037193709;crafted.stat_2387423236;enchant.stat_1037193709;explicit.stat_1037193709;explicit.stat_2387423236;fractured.stat_1037193709;fractured.stat_2387423236;implicit.stat_1037193709;implicit.stat_2387423236;scourge.stat_1037193709,text-only,-,search/item-facts/data/mod-templates.csv#L70,266,global_minimum_added_cold_damage=not local;global_maximum_added_cold_damage=not local;local_minimum_added_cold_damage=local;local_maximum_added_cold_damage=local,L004.9,reach: Adds # to # + Damage + (neither Attack nor Spell)
pseudo.pseudo_adds_damage_to_spells,Adds # to # Damage to Spells,Adds # to # Fire Damage,crafted.stat_321077055;crafted.stat_709508406;enchant.stat_709508406;explicit.stat_321077055;explicit.stat_709508406;fractured.stat_321077055;fractured.stat_709508406;implicit.stat_321077055;implicit.stat_709508406;scourge.stat_709508406,text-only,-,search/item-facts/data/mod-templates.csv#L102,224,global_minimum_added_fire_damage=not local;global_maximum_added_fire_damage=not local;local_minimum_added_fire_damage=local;local_maximum_added_fire_damage=local,L006.9,reach: Adds # to # + Damage + (neither Attack nor Spell)
pseudo.pseudo_adds_damage_to_spells,Adds # to # Damage to Spells,Adds # to # Lightning Damage to Spells,crafted.stat_2831165374;explicit.stat_2831165374;fractured.stat_2831165374;implicit.stat_2831165374;scourge.stat_2831165374,text-only,-,search/item-facts/data/mod-templates.csv#L191,98,spell_minimum_added_lightning_damage=not local;spell_maximum_added_lightning_damage=not local,L012.6,reach: Adds # to # + Damage + Spells
pseudo.pseudo_adds_damage_to_spells,Adds # to # Damage to Spells,Adds # to # Fire Damage to Spells,crafted.stat_1133016593;explicit.stat_1133016593;fractured.stat_1133016593;implicit.stat_1133016593;scourge.stat_1133016593,text-only,-,search/item-facts/data/mod-templates.csv#L195,97,spell_minimum_added_fire_damage=not local;spell_maximum_added_fire_damage=not local,L013.6,reach: Adds # to # + Damage + Spells
pseudo.pseudo_adds_damage_to_spells,Adds # to # Damage to Spells,Adds # to # Cold Damage to Spells,crafted.stat_2469416729;explicit.stat_2469416729;fractured.stat_2469416729;implicit.stat_2469416729;scourge.stat_2469416729,text-only,-,search/item-facts/data/mod-templates.csv#L237,79,spell_minimum_added_cold_damage=not local;spell_maximum_added_cold_damage=not local,L016.6,reach: Adds # to # + Damage + Spells
pseudo.pseudo_adds_damage_to_spells,Adds # to # Damage to Spells,Adds # to # Fire Damage to Spells and Attacks,explicit.stat_3964634628;fractured.stat_3964634628;implicit.stat_3964634628,text-only,-,search/item-facts/data/mod-templates.csv#L5767,69,spell_and_attack_minimum_added_fire_damage=not local;spell_and_attack_maximum_added_fire_damage=not local,L011.9,reach: Adds # to # + Damage + Spells
pseudo.pseudo_adds_damage_to_spells,Adds # to # Damage to Spells,Adds # to # Chaos Damage,enchant.stat_2223678961;explicit.stat_2223678961;explicit.stat_3531280422;fractured.stat_2223678961;implicit.stat_2223678961;implicit.stat_3531280422;scourge.stat_2223678961,text-only,-,search/item-facts/data/mod-templates.csv#L277,67,global_minimum_added_chaos_damage=not local;global_maximum_added_chaos_damage=not local;local_minimum_added_chaos_damage=local;local_maximum_added_chaos_damage=local,L021.6,reach: Adds # to # + Damage + (neither Attack nor Spell)
pseudo.pseudo_adds_damage_to_spells,Adds # to # Damage to Spells,Adds # to # Cold Damage to Spells and Attacks,explicit.stat_1662717006;implicit.stat_1662717006,text-only,-,search/item-facts/data/mod-templates.csv#L426,60,spell_and_attack_minimum_added_cold_damage=not local;spell_and_attack_maximum_added_cold_damage=not local,L014.9,reach: Adds # to # + Damage + Spells
pseudo.pseudo_adds_damage_to_spells,Adds # to # Damage to Spells,Adds # to # Lightning Damage to Spells and Attacks,explicit.stat_2885144362;implicit.stat_2885144362,text-only,-,search/item-facts/data/mod-templates.csv#L5774,57,spell_and_attack_minimum_added_lightning_damage=not local;spell_and_attack_maximum_added_lightning_damage=not local,L015.9,reach: Adds # to # + Damage + Spells
pseudo.pseudo_adds_damage_to_spells,Adds # to # Damage to Spells,Adds # to # Physical Damage to Hits against Cursed Enemies,,text-only,-,search/item-facts/data/mod-templates.csv#L1115,15,,L036.9,"family: against, represented by `Adds # to # Cold Damage against Chilled Enemies`; reach: Adds # to # + Damage + (neither Attack nor Spell)"
pseudo.pseudo_adds_damage_to_spells,Adds # to # Damage to Spells,Adds # to # Fire Damage in Main Hand,explicit.stat_169657426,text-only,-,search/item-facts/data/mod-templates.csv#L1396,12,unique_local_minimum_added_fire_damage_when_in_main_hand=local;unique_local_maximum_added_fire_damage_when_in_main_hand=local,L034.9,represents the family `a weapon's or hand's` (5 templates); reach: Adds # to # + Damage + (neither Attack nor Spell)
pseudo.pseudo_adds_damage_to_spells,Adds # to # Damage to Spells,Adds # to # Chaos Damage to Spells,explicit.stat_2300399854;fractured.stat_2300399854;implicit.stat_2300399854,text-only,-,search/item-facts/data/mod-templates.csv#L1496,11,spell_minimum_added_chaos_damage=not local;spell_maximum_added_chaos_damage=not local,L045.4,reach: Adds # to # + Damage + Spells
pseudo.pseudo_adds_damage_to_spells,Adds # to # Damage to Spells,Adds # to # Chaos Damage to Spells and Attacks during any Flask Effect,explicit.stat_3519268108,text-only,-,search/item-facts/data/mod-templates.csv#L1605,10,spell_and_attack_minimum_added_chaos_damage_during_flask_effect=not local;spell_and_attack_maximum_added_chaos_damage_during_flask_effect=not local,L039.6,represents the family `during a flask's effect` (2 templates); reach: Adds # to # + Damage + Spells
pseudo.pseudo_adds_damage_to_spells,Adds # to # Damage to Spells,Adds # to # Cold Damage against Chilled Enemies,explicit.stat_3734640451,text-only,-,search/item-facts/data/mod-templates.csv#L1737,9,minimum_added_cold_damage_vs_chilled_enemies=not local;maximum_added_cold_damage_vs_chilled_enemies=not local,L036.9,represents the family `against` (8 templates); reach: Adds # to # + Damage + (neither Attack nor Spell)
pseudo.pseudo_adds_damage_to_spells,Adds # to # Damage to Spells,Adds # to # Chaos Damage in Off Hand,explicit.stat_3758293500,text-only,-,search/item-facts/data/mod-templates.csv#L1900,8,unique_local_minimum_added_chaos_damage_when_in_off_hand=local;unique_local_maximum_added_chaos_damage_when_in_off_hand=local,L034.9,"family: a weapon's or hand's, represented by `Adds # to # Fire Damage in Main Hand`; reach: Adds # to # + Damage + (neither Attack nor Spell)"
pseudo.pseudo_adds_damage_to_spells,Adds # to # Damage to Spells,Adds # to # Lightning Damage to Spells during Effect,explicit.stat_4108305628,text-only,-,search/item-facts/data/mod-templates.csv#L2537,5,local_unique_flask_minimum_added_lightning_damage_to_spells_during_flask_effect=local;local_unique_flask_maximum_added_lightning_damage_to_spells_during_flask_effect=local,L039.6,"family: during a flask's effect, represented by `Adds # to # Chaos Damage to Spells and Attacks during any Flask Effect`; reach: Adds # to # + Damage + Spells"
pseudo.pseudo_adds_damage_to_spells,Adds # to # Damage to Spells,Adds # to # Physical Damage to Spells,explicit.stat_2435536961;fractured.stat_2435536961;implicit.stat_2435536961;scourge.stat_2435536961,text-only,-,search/item-facts/data/mod-templates.csv#L3415,5,spell_minimum_added_physical_damage=not local;spell_maximum_added_physical_damage=not local,L067.4,reach: Adds # to # + Damage + Spells
pseudo.pseudo_adds_damage_to_spells,Adds # to # Damage to Spells,Adds # to # Chaos Damage for each Curse on the Enemy,explicit.stat_4294344579;implicit.stat_4294344579,text-only,-,search/item-facts/data/mod-templates.csv#L2897,4,minimum_added_chaos_damage_per_curse_on_enemy=not local;maximum_added_chaos_damage_per_curse_on_enemy=not local,L072.4,represents the family `per` (6 templates); reach: Adds # to # + Damage + (neither Attack nor Spell)
pseudo.pseudo_adds_damage_to_spells,Adds # to # Damage to Spells,Adds # to # Cold Damage in Off Hand,explicit.stat_2109066258,text-only,-,search/item-facts/data/mod-templates.csv#L2898,4,unique_local_minimum_added_cold_damage_when_in_off_hand=local;unique_local_maximum_added_cold_damage_when_in_off_hand=local,L034.9,"family: a weapon's or hand's, represented by `Adds # to # Fire Damage in Main Hand`; reach: Adds # to # + Damage + (neither Attack nor Spell)"
pseudo.pseudo_adds_damage_to_spells,Adds # to # Damage to Spells,Adds # to # Lightning Damage for each Shocked Enemy you've Killed Recently,explicit.stat_4222857095;fractured.stat_4222857095,text-only,-,search/item-facts/data/mod-templates.csv#L2901,4,minimum_added_lightning_damage_per_shocked_enemy_killed_recently=not local;maximum_added_lightning_damage_per_shocked_enemy_killed_recently=not local,L051.9,represents the family `if or recently` (4 templates); reach: Adds # to # + Damage + (neither Attack nor Spell)
pseudo.pseudo_adds_damage_to_spells,Adds # to # Damage to Spells,Adds # to # Cold Damage against Chilled or Frozen Enemies,explicit.stat_2233361223;fractured.stat_2233361223,text-only,-,search/item-facts/data/mod-templates.csv#L3411,3,global_minimum_added_cold_damage_vs_chilled_or_frozen_enemies=not local;global_maximum_added_cold_damage_vs_chilled_or_frozen_enemies=not local,L036.9,"family: against, represented by `Adds # to # Cold Damage against Chilled Enemies`; reach: Adds # to # + Damage + (neither Attack nor Spell)"
pseudo.pseudo_adds_damage_to_spells,Adds # to # Damage to Spells,Adds # to # Fire Damage against Ignited Enemies,explicit.stat_794830148;fractured.stat_794830148,text-only,-,search/item-facts/data/mod-templates.csv#L3412,3,global_minimum_added_fire_damage_vs_ignited_enemies=not local;global_maximum_added_fire_damage_vs_ignited_enemies=not local,L036.9,"family: against, represented by `Adds # to # Cold Damage against Chilled Enemies`; reach: Adds # to # + Damage + (neither Attack nor Spell)"
pseudo.pseudo_adds_damage_to_spells,Adds # to # Damage to Spells,Adds # to # Cold Damage if you've been Hit Recently,enchant.stat_884399432,text-only,-,search/item-facts/data/mod-templates.csv#L6380,2,enchantment_boots_added_cold_damage_when_hit_minimum=not local;enchantment_boots_added_cold_damage_when_hit_maximum=not local,L051.9,"family: if or recently, represented by `Adds # to # Lightning Damage for each Shocked Enemy you've Killed Recently`; reach: Adds # to # + Damage + (neither Attack nor Spell)"
pseudo.pseudo_adds_damage_to_spells,Adds # to # Damage to Spells,Adds # to # Fire Spell Damage per Buff on you,explicit.stat_3434279150,text-only,-,search/item-facts/data/mod-templates.csv#L4070,2,minimum_added_fire_spell_damage_per_active_buff=not local;maximum_added_fire_spell_damage_per_active_buff=not local,L072.4,"family: per, represented by `Adds # to # Chaos Damage for each Curse on the Enemy`; reach: Adds # to # + Damage + Spell"
pseudo.pseudo_adds_damage_to_spells,Adds # to # Damage to Spells,Adds # to # Lightning Damage against Shocked Enemies,explicit.stat_90012347;fractured.stat_90012347,text-only,-,search/item-facts/data/mod-templates.csv#L4071,2,global_minimum_added_lightning_damage_vs_shocked_enemies=not local;global_maximum_added_lightning_damage_vs_shocked_enemies=not local,L036.9,"family: against, represented by `Adds # to # Cold Damage against Chilled Enemies`; reach: Adds # to # + Damage + (neither Attack nor Spell)"
pseudo.pseudo_adds_damage_to_spells,Adds # to # Damage to Spells,Adds # to # Lightning Damage to Hits against Ignited Enemies,explicit.stat_2870108850,text-only,-,search/item-facts/data/mod-templates.csv#L4072,2,global_minimum_added_lightning_damage_vs_ignited_enemies=not local;global_maximum_added_lightning_damage_vs_ignited_enemies=not local,L036.9,"family: against, represented by `Adds # to # Cold Damage against Chilled Enemies`; reach: Adds # to # + Damage + (neither Attack nor Spell)"
pseudo.pseudo_adds_damage_to_spells,Adds # to # Damage to Spells,Adds # to # Lightning Damage to Spells per Power Charge,explicit.stat_4085417083,text-only,-,search/item-facts/data/mod-templates.csv#L4073,2,minimum_added_lightning_damage_to_spells_per_power_charge=not local;maximum_added_lightning_damage_to_spells_per_power_charge=not local,L072.4,"family: per, represented by `Adds # to # Chaos Damage for each Curse on the Enemy`; reach: Adds # to # + Damage + Spells"
pseudo.pseudo_adds_damage_to_spells,Adds # to # Damage to Spells,Adds # to # Physical Damage against Bleeding Enemies,explicit.stat_1244003614,text-only,-,search/item-facts/data/mod-templates.csv#L4074,2,global_minimum_added_physical_damage_vs_bleeding_enemies=not local;global_maximum_added_physical_damage_vs_bleeding_enemies=not local;minimum_added_physical_damage_vs_bleeding_enemies=not local;maximum_added_physical_damage_vs_bleeding_enemies=not local,L036.9,"family: against, represented by `Adds # to # Cold Damage against Chilled Enemies`; reach: Adds # to # + Damage + (neither Attack nor Spell)"
pseudo.pseudo_adds_damage_to_spells,Adds # to # Damage to Spells,Adds # to # Chaos Damage for each Spider's Web on the Enemy,explicit.stat_982177653,text-only,-,search/item-facts/data/mod-templates.csv#L4952,1,minimum_added_chaos_damage_per_spiders_web_on_enemy=not local;maximum_added_chaos_damage_per_spiders_web_on_enemy=not local,L072.4,"family: per, represented by `Adds # to # Chaos Damage for each Curse on the Enemy`; reach: Adds # to # + Damage + (neither Attack nor Spell)"
pseudo.pseudo_adds_damage_to_spells,Adds # to # Damage to Spells,Adds # to # Cold Damage to Retaliation Skills,explicit.stat_1109700751;implicit.stat_1109700751,text-only,-,search/item-facts/data/mod-templates.csv#L4953,1,counter_attacks_minimum_added_cold_damage=not local;counter_attacks_maximum_added_cold_damage=not local,L034.9,"family: a weapon's or hand's, represented by `Adds # to # Fire Damage in Main Hand`; reach: Adds # to # + Damage + (neither Attack nor Spell)"
pseudo.pseudo_adds_damage_to_spells,Adds # to # Damage to Spells,Adds # to # Cold Damage to Spells per Power Charge,explicit.stat_3408048164;fractured.stat_3408048164,text-only,-,search/item-facts/data/mod-templates.csv#L4954,1,spell_minimum_added_cold_damage_per_power_charge=not local;spell_maximum_added_cold_damage_per_power_charge=not local,L072.4,"family: per, represented by `Adds # to # Chaos Damage for each Curse on the Enemy`; reach: Adds # to # + Damage + Spells"
pseudo.pseudo_adds_damage_to_spells,Adds # to # Damage to Spells,Adds # to # Cold Damage while affected by Hatred,explicit.stat_2643562209,text-only,-,search/item-facts/data/mod-templates.csv#L4955,1,minimum_added_cold_damage_while_affected_by_hatred=not local;maximum_added_cold_damage_while_affected_by_hatred=not local,L111.9,represents the family `while` (2 templates); reach: Adds # to # + Damage + (neither Attack nor Spell)
pseudo.pseudo_adds_damage_to_spells,Adds # to # Damage to Spells,Adds # to # Fire Damage to Hits with this Weapon against Blinded Enemies,explicit.stat_3977907993,text-only,-,search/item-facts/data/mod-templates.csv#L4957,1,minimum_added_fire_damage_to_hits_vs_blinded_enemies=not local;maximum_added_fire_damage_to_hits_vs_blinded_enemies=not local,L036.9,"family: against, represented by `Adds # to # Cold Damage against Chilled Enemies`; reach: Adds # to # + Damage + (neither Attack nor Spell)"
pseudo.pseudo_adds_damage_to_spells,Adds # to # Damage to Spells,Adds # to # Lightning Damage if you haven't Killed Recently,enchant.stat_1293597434,text-only,-,search/item-facts/data/mod-templates.csv#L6558,1,enchantment_boots_minimum_added_lightning_damage_when_you_havent_killed_for_4_seconds=not local;enchantment_boots_maximum_added_lightning_damage_when_you_havent_killed_for_4_seconds=not local,L051.9,"family: if or recently, represented by `Adds # to # Lightning Damage for each Shocked Enemy you've Killed Recently`; reach: Adds # to # + Damage + (neither Attack nor Spell)"
pseudo.pseudo_adds_damage_to_spells,Adds # to # Damage to Spells,Adds # to # Lightning Damage to Spells per # Intelligence,explicit.stat_254155233,text-only,-,search/item-facts/data/mod-templates.csv#L4959,1,,L072.4,"family: per, represented by `Adds # to # Chaos Damage for each Curse on the Enemy`; reach: Adds # to # + Damage + Spells"
pseudo.pseudo_adds_damage_to_spells,Adds # to # Damage to Spells,Adds # to # Lightning Damage to Spells while Unarmed,explicit.stat_3597806437,text-only,-,search/item-facts/data/mod-templates.csv#L4960,1,spell_minimum_added_lightning_damage_while_unarmed=not local;spell_maximum_added_lightning_damage_while_unarmed=not local,L111.9,"family: while, represented by `Adds # to # Cold Damage while affected by Hatred`; reach: Adds # to # + Damage + Spells"
pseudo.pseudo_adds_damage_to_spells,Adds # to # Damage to Spells,Adds # to # Lightning Damage to Unarmed Melee Hits,explicit.stat_3835522656,text-only,-,search/item-facts/data/mod-templates.csv#L4961,1,attack_minimum_added_melee_lightning_damage_while_unarmed=not local;attack_maximum_added_melee_lightning_damage_while_unarmed=not local,L034.9,"family: a weapon's or hand's, represented by `Adds # to # Fire Damage in Main Hand`; reach: Adds # to # + Damage + (neither Attack nor Spell)"
pseudo.pseudo_adds_damage_to_spells,Adds # to # Damage to Spells,Adds # to # [Fire|Fire] Damage,crafted.stat_321077055;crafted.stat_709508406;enchant.stat_709508406;explicit.stat_321077055;explicit.stat_709508406;fractured.stat_321077055;fractured.stat_709508406;implicit.stat_321077055;implicit.stat_709508406;scourge.stat_709508406,text-only,-,search/item-facts/data/mod-templates.csv#L4965,1,global_minimum_added_fire_damage=not local;global_maximum_added_fire_damage=not local;local_minimum_added_fire_damage=local;local_maximum_added_fire_damage=local,L006.9,reach: Adds # to # + Damage + (neither Attack nor Spell)
pseudo.pseudo_adds_damage_to_spells,Adds # to # Damage to Spells,Shield: Adds # to # Fire Damage if you've Blocked Recently,,text-only,-,search/item-facts/data/mod-templates.csv#L5467,1,,L051.9,"family: if or recently, represented by `Adds # to # Lightning Damage for each Shocked Enemy you've Killed Recently`; reach: Adds # to # + Damage + (neither Attack nor Spell)"
pseudo.pseudo_adds_damage_to_spells,Adds # to # Damage to Spells,[MartialWeapon|Martial Weapon]: Adds # to # [Fire|Fire] Damage,,text-only,-,search/item-facts/data/mod-templates.csv#L5705,1,,none: no stat id displays this text,represents the family `a description` (1 templates); reach: Adds # to # + Damage + (neither Attack nor Spell)
pseudo.pseudo_total_life,+# total maximum Life,#% increased maximum Life,crafted.stat_983749596;enchant.stat_983749596;explicit.stat_983749596;fractured.stat_983749596;implicit.stat_983749596;scourge.stat_983749596,text-only,-,search/item-facts/data/mod-templates.csv#L106,238,maximum_life_+%=not local,L028.1,reach: maximum Life; listed without it by apt
pseudo.pseudo_total_life,+# total maximum Life,Minions have #% increased maximum Life,crafted.stat_770672621;enchant.stat_770672621;explicit.stat_770672621;fractured.stat_770672621;implicit.stat_770672621;scourge.stat_770672621,text-only,-,search/item-facts/data/mod-templates.csv#L259,75,minion_maximum_life_+%=not local,L038.1,represents the family `a minion's or ally's` (12 templates); reach: maximum Life; listed without it by apt
pseudo.pseudo_total_life,+# total maximum Life,#% reduced maximum Life,crafted.stat_983749596;enchant.stat_983749596;explicit.stat_983749596;fractured.stat_983749596;implicit.stat_983749596;scourge.stat_983749596,text-only,-,search/item-facts/data/mod-templates.csv#L653,27,maximum_life_+%=not local,L028.1,reach: maximum Life; listed without it by apt
pseudo.pseudo_total_life,+# total maximum Life,You take #% of your maximum Life as Chaos Damage on use,explicit.stat_2301696196,text-only,-,search/item-facts/data/mod-templates.csv#L751,24,local_flask_deals_%_maximum_life_as_chaos_damage_on_use=local,L060.1,reach: maximum Life; listed without it by apt
pseudo.pseudo_total_life,+# total maximum Life,Boots: (#-#) to maximum Life,,text-only,-,search/item-facts/data/mod-templates.csv#L788,22,,none: no stat id displays this text,represents the family `a description` (6 templates); reach: maximum Life; listed without it by apt
pseudo.pseudo_total_life,+# total maximum Life,"Enemies you Kill have a #% chance to Explode, dealing a quarter of their maximum Life as Chaos Damage",explicit.stat_1776945532;fractured.stat_1776945532,text-only,-,search/item-facts/data/mod-templates.csv#L790,22,explode_enemies_for_25%_life_as_chaos_on_kill_chance_%=not local,L061.1,represents the family `a monster's or an enemy's` (2 templates); reach: maximum Life; listed without it by apt
pseudo.pseudo_total_life,+# total maximum Life,Gloves: (#-#) to maximum Life,,text-only,-,search/item-facts/data/mod-templates.csv#L792,22,,none: no stat id displays this text,"family: a description, represented by `Boots: (#-#) to maximum Life`; reach: maximum Life; listed without it by apt"
pseudo.pseudo_total_life,+# total maximum Life,Helmet: (#-#) to maximum Life,,text-only,-,search/item-facts/data/mod-templates.csv#L794,22,,none: no stat id displays this text,"family: a description, represented by `Boots: (#-#) to maximum Life`; reach: maximum Life; listed without it by apt"
pseudo.pseudo_total_life,+# total maximum Life,Other Armour: (#-#) to maximum Life,,text-only,-,search/item-facts/data/mod-templates.csv#L798,22,,none: no stat id displays this text,"family: a description, represented by `Boots: (#-#) to maximum Life`; reach: maximum Life; listed without it by apt"
pseudo.pseudo_total_life,+# total maximum Life,Supported Skills have #% more Minion maximum Life,,text-only,-,search/item-facts/data/mod-templates.csv#L975,18,,L038.1,"family: a minion's or ally's, represented by `Minions have #% increased maximum Life`; reach: maximum Life; listed without it by apt"
pseudo.pseudo_total_life,+# total maximum Life,Belt: Minions have (#-#)% increased maximum Life,,text-only,-,search/item-facts/data/mod-templates.csv#L1003,17,,L038.1,"family: a minion's or ally's, represented by `Minions have #% increased maximum Life`; reach: maximum Life; listed without it by apt"
pseudo.pseudo_total_life,+# total maximum Life,Other Armour: Minions have (#-#)% increased maximum Life,,text-only,-,search/item-facts/data/mod-templates.csv#L1021,17,,L038.1,"family: a minion's or ally's, represented by `Minions have #% increased maximum Life`; reach: maximum Life; listed without it by apt"
pseudo.pseudo_total_life,+# total maximum Life,Frost Shield has # maximum Life per Stage,,text-only,-,search/item-facts/data/mod-templates.csv#L1229,14,,L203.1,"family: per, represented by `Frost Shield has # to maximum Life per Stage`; reach: maximum Life; listed without it by apt"
pseudo.pseudo_total_life,+# total maximum Life,Shield: (#-#) to maximum Life,,text-only,-,search/item-facts/data/mod-templates.csv#L1351,13,,none: no stat id displays this text,"family: a description, represented by `Boots: (#-#) to maximum Life`; reach: maximum Life; listed without it by apt"
pseudo.pseudo_total_life,+# total maximum Life,"This Spell deals # to #, plus #% of your maximum Life, as base Fire Damage",,text-only,-,search/item-facts/data/mod-templates.csv#L1360,13,spell_minimum_base_fire_damage=not local;spell_maximum_base_fire_damage=not local;spell_base_fire_damage_%_maximum_life=not local,none: no stat id displays this text,reach: maximum Life; listed without it by apt
pseudo.pseudo_total_life,+# total maximum Life,Added Small Passive Skills grant: #% increased maximum Life,enchant.stat_3948993189|39,text-only,-,search/item-facts/data/mod-templates.csv#L6266,12,,L089.1,represents the family `a passive's grant` (2 templates); reach: maximum Life; listed without it by apt
pseudo.pseudo_total_life,+# total maximum Life,Minions have #% reduced maximum Life,crafted.stat_770672621;enchant.stat_770672621;explicit.stat_770672621;fractured.stat_770672621;implicit.stat_770672621;scourge.stat_770672621,text-only,-,search/item-facts/data/mod-templates.csv#L1417,12,minion_maximum_life_+%=not local,L038.1,"family: a minion's or ally's, represented by `Minions have #% increased maximum Life`; reach: maximum Life; listed without it by apt"
pseudo.pseudo_total_life,+# total maximum Life,"#% increased maximum Life, Mana and Global Energy Shield",explicit.stat_3899352861,text-only,-,search/item-facts/data/mod-templates.csv#L1482,11,maximum_life_mana_and_energy_shield_+%=not local,L096.1,reach: maximum Life; listed without it by apt
pseudo.pseudo_total_life,+# total maximum Life,Deals #% of your maximum Life as base Chaos Damage,,text-only,-,search/item-facts/data/mod-templates.csv#L1762,9,,none: no stat id displays this text,reach: maximum Life; listed without it by apt
pseudo.pseudo_total_life,+# total maximum Life,Take #% of maximum Life and #% of maximum Energy Shield as Chaos Damage,,text-only,-,search/item-facts/data/mod-templates.csv#L1818,9,,none: no stat id displays this text,reach: maximum Life; listed without it by apt
pseudo.pseudo_total_life,+# total maximum Life,Totems Reflect #% of their maximum Life as Fire Damage to nearby Enemies when Hit,explicit.stat_1723061251;implicit.stat_1723061251,text-only,-,search/item-facts/data/mod-templates.csv#L1821,9,totem_%_maximum_life_inflicted_as_aoe_fire_damage_when_hit=not local,L038.1,"family: a minion's or ally's, represented by `Minions have #% increased maximum Life`; reach: maximum Life; listed without it by apt"
pseudo.pseudo_total_life,+# total maximum Life,Added Small Passive Skills grant: Minions have #% increased maximum Life,enchant.stat_3948993189|30,text-only,-,search/item-facts/data/mod-templates.csv#L6283,8,,L089.1,"family: a passive's grant, represented by `Added Small Passive Skills grant: #% increased maximum Life`; reach: maximum Life; listed without it by apt"
pseudo.pseudo_total_life,+# total maximum Life,# to Spectre maximum Life,explicit.stat_3111456397,text-only,-,search/item-facts/data/mod-templates.csv#L2036,7,spectre_maximum_life_+=not local,L129.1,reach: maximum Life; listed without it by apt
pseudo.pseudo_total_life,+# total maximum Life,Explosion deals Base Fire Damage equal to #% of the Monster's maximum Life,,text-only,-,search/item-facts/data/mod-templates.csv#L2328,6,,L061.1,"family: a monster's or an enemy's, represented by `Enemies you Kill have a #% chance to Explode, dealing a quarter of their maximum Life as Chaos Damage`; reach: maximum Life; listed without it by apt"
pseudo.pseudo_total_life,+# total maximum Life,Explosion deals base Fire Damage equal to #% of the Minion's maximum Life,,text-only,-,search/item-facts/data/mod-templates.csv#L2598,5,,L038.1,"family: a minion's or ally's, represented by `Minions have #% increased maximum Life`; reach: maximum Life; listed without it by apt"
pseudo.pseudo_total_life,+# total maximum Life,Supported Skills have #% increased Minion maximum Life,,text-only,-,search/item-facts/data/mod-templates.csv#L2700,5,,L038.1,"family: a minion's or ally's, represented by `Minions have #% increased maximum Life`; reach: maximum Life; listed without it by apt"
pseudo.pseudo_total_life,+# total maximum Life,"Your Minions spread Caustic Ground on Death, dealing #% of their maximum Life as Chaos Damage per second",explicit.stat_688802590,text-only,-,search/item-facts/data/mod-templates.csv#L2733,5,minion_caustic_cloud_on_death_maximum_life_per_minute_to_deal_as_chaos_damage_%=not local,L038.1,"family: a minion's or ally's, represented by `Minions have #% increased maximum Life`; reach: maximum Life; listed without it by apt"
pseudo.pseudo_total_life,+# total maximum Life,"Enemies Taunted by your Warcries Explode on death, dealing #% of their maximum Life as Chaos Damage",,text-only,-,search/item-facts/data/mod-templates.csv#L2989,4,,none: no stat id displays this text,reach: maximum Life; listed without it by apt
pseudo.pseudo_total_life,+# total maximum Life,Raised Zombies have #% increased maximum Life,explicit.stat_927817294,text-only,-,search/item-facts/data/mod-templates.csv#L3084,4,base_zombie_maximum_life_+%=not local,L038.1,"family: a minion's or ally's, represented by `Minions have #% increased maximum Life`; reach: maximum Life; listed without it by apt"
pseudo.pseudo_total_life,+# total maximum Life,Raised Zombies have # to maximum Life,explicit.stat_4116579804,text-only,-,search/item-facts/data/mod-templates.csv#L3607,3,zombie_maximum_life_+=not local,L038.1,"family: a minion's or ally's, represented by `Minions have #% increased maximum Life`; reach: maximum Life; listed without it by apt"
pseudo.pseudo_total_life,+# total maximum Life,#% increased maximum Life and reduced Fire Resistance,explicit.stat_3018691556,text-only,-,search/item-facts/data/mod-templates.csv#L3919,2,maximum_life_+%_and_fire_resistance_-%=not local,L119.1,reach: maximum Life; listed without it by apt
pseudo.pseudo_total_life,+# total maximum Life,Frost Shield has # to maximum Life per Stage,enchant.stat_2511493969,text-only,-,search/item-facts/data/mod-templates.csv#L6741,1,frost_globe_health_per_stage=not local,L203.1,represents the family `per` (2 templates); reach: maximum Life; listed without it by apt
pseudo.pseudo_total_life,+# total maximum Life,Raised Spectres have #% increased maximum Life,explicit.stat_3035514623,text-only,-,search/item-facts/data/mod-templates.csv#L5433,1,base_spectre_maximum_life_+%=not local,L038.1,"family: a minion's or ally's, represented by `Minions have #% increased maximum Life`; reach: maximum Life; listed without it by apt"
pseudo.pseudo_total_life,+# total maximum Life,Summoned Raging Spirits have #% increased maximum Life,explicit.stat_3999870307,text-only,-,search/item-facts/data/mod-templates.csv#L5522,1,minion_raging_spirit_maximum_life_+%=not local,L211.1,reach: maximum Life; listed without it by apt
pseudo.pseudo_total_life,+# total maximum Life,[ShamanOnlyMods|Bonded]: # to maximum Life,,text-only,-,search/item-facts/data/mod-templates.csv#L6929,1,,none: no stat id displays this text,"family: a description, represented by `Boots: (#-#) to maximum Life`; reach: maximum Life; listed without it by apt"
pseudo.pseudo_total_life,+# total maximum Life,# to all Attributes,crafted.stat_1379411836;explicit.stat_1379411836;fractured.stat_1379411836;implicit.stat_1379411836,one-source,0.5,"awakened-poe-trade@ce551eb7:renderer/src/web/price-check/filters/pseudo/index.ts#L23,L119-L127",509,additional_all_attributes=not local,L217.1,
pseudo.pseudo_total_life,+# total maximum Life,# to Strength and Dexterity,crafted.stat_538848803;explicit.stat_538848803;fractured.stat_538848803;implicit.stat_538848803,one-source,0.5,"awakened-poe-trade@ce551eb7:renderer/src/web/price-check/filters/pseudo/index.ts#L28,L119-L127",105,additional_strength_and_dexterity=not local,L218.1,
pseudo.pseudo_total_life,+# total maximum Life,# to Strength and Intelligence,crafted.stat_1535626285;explicit.stat_1535626285;explicit.stat_2543977012;fractured.stat_1535626285;implicit.stat_1535626285,one-source,0.5,"awakened-poe-trade@ce551eb7:renderer/src/web/price-check/filters/pseudo/index.ts#L27,L119-L127",85,additional_strength_and_intelligence=not local;base_strength_and_intelligence=not local,L219.1,
pseudo.pseudo_total_life,+# total maximum Life,# to maximum Life,crafted.stat_3299347043;explicit.stat_3299347043;fractured.stat_3299347043;implicit.stat_3299347043;scourge.stat_3299347043,site,1;1,search/trade-query/data/fetch-census.json queries.q4.fetched[0].lines.pseudoMods[1];awakened-poe-trade@ce551eb7:renderer/src/web/price-check/filters/pseudo/index.ts#L119-L127,3042,base_maximum_life=not local,,the site's value reproduced on every fetched item showing this pseudo
pseudo.pseudo_total_life,+# total maximum Life,# to Strength,crafted.stat_4080418644;explicit.stat_4080418644;fractured.stat_4080418644;implicit.stat_4080418644;scourge.stat_4080418644,site,0.5;0.5,"search/trade-query/data/fetch-census.json queries.q4.fetched[7].lines.pseudoMods[1];awakened-poe-trade@ce551eb7:renderer/src/web/price-check/filters/pseudo/index.ts#L24,L119-L127",1114,additional_strength=not local,,the site's value reproduced on every fetched item showing this pseudo
pseudo.pseudo_total_cold_resistance,+#% total to Cold Resistance,#% to All Resistances,explicit.stat_2016723660;fractured.stat_2016723660,sources-differ,1;absent;absent,"awakened-poe-trade@ce551eb7:renderer/src/web/price-check/filters/pseudo/index.ts#L8,L61-L67;search/cpp-search/data/pseudomods.toml#L8-L15;PathOfBuilding@16de4b82:src/Classes/TradeQueryGenerator.lua#L999-L1031",0,,L001.1,"named by apt; left out by cpp, pob, which list this pseudo's lines"
pseudo.pseudo_total_cold_resistance,+#% total to Cold Resistance,#% Monster Elemental Resistances,explicit.stat_1054098949;fractured.stat_1054098949,text-only,-,search/item-facts/data/mod-templates.csv#L92,219,map_monsters_additional_elemental_resistance=not local,L010.1,"represents the family `a monster's or an enemy's` (34 templates); reach: Elemental + Resistances; listed without it by apt, cpp, pob"
pseudo.pseudo_total_cold_resistance,+#% total to Cold Resistance,Players have #% to all maximum Resistances,explicit.stat_3376488707;fractured.stat_3376488707,text-only,-,search/item-facts/data/mod-templates.csv#L98,205,map_additional_player_maximum_resistances_%=not local,L010.1,"family: a monster's or an enemy's, represented by `#% Monster Elemental Resistances`; reach: all + Resistances; listed without it by apt, cpp, pob"
pseudo.pseudo_total_cold_resistance,+#% total to Cold Resistance,#% to maximum Cold Resistance,enchant.stat_3676141501;explicit.stat_3676141501;fractured.stat_3676141501;implicit.stat_3676141501;scourge.stat_3676141501,text-only,-,search/item-facts/data/mod-templates.csv#L6215,156,base_maximum_cold_damage_resistance_%=not local,L017.1,"reach: Cold + Resistance; listed without it by apt, cpp, pob"
pseudo.pseudo_total_cold_resistance,+#% total to Cold Resistance,#% additional Elemental Resistances during Effect,explicit.stat_962725504;fractured.stat_962725504,text-only,-,search/item-facts/data/mod-templates.csv#L269,66,local_flask_resistances_+%_while_healing=local,L024.1,"represents the family `during a flask's effect` (2 templates); reach: Elemental + Resistances; listed without it by apt, cpp, pob"
pseudo.pseudo_total_cold_resistance,+#% total to Cold Resistance,#% Player Cold Resistance per #% Alert Level,explicit.stat_2916448124;fractured.stat_2916448124,text-only,-,search/item-facts/data/mod-templates.csv#L281,63,,L010.1,"family: a monster's or an enemy's, represented by `#% Monster Elemental Resistances`; reach: Cold + Resistance; listed without it by apt, cpp, pob"
pseudo.pseudo_total_cold_resistance,+#% total to Cold Resistance,Added Small Passive Skills also grant: #% to all Elemental Resistances,explicit.stat_2669029667;fractured.stat_2669029667,text-only,-,search/item-facts/data/mod-templates.csv#L296,61,local_affliction_jewel_small_nodes_grant_elemental_resistance_%=local,L029.1,"represents the family `a passive's grant` (10 templates); reach: Elemental + Resistances; listed without it by apt, cpp, pob"
pseudo.pseudo_total_cold_resistance,+#% total to Cold Resistance,Minions have #% to all Elemental Resistances,crafted.stat_1423639565;explicit.stat_1423639565;fractured.stat_1423639565;implicit.stat_1423639565;scourge.stat_1423639565,text-only,-,search/item-facts/data/mod-templates.csv#L543,54,minion_elemental_resistance_%=not local,L025.1,"represents the family `a minion's or ally's` (14 templates); reach: Elemental + Resistances; listed without it by apt, cpp, pob"
pseudo.pseudo_total_cold_resistance,+#% total to Cold Resistance,Added Small Passive Skills also grant: #% to Cold Resistance,explicit.stat_2709692542;fractured.stat_2709692542,text-only,-,search/item-facts/data/mod-templates.csv#L360,49,local_affliction_jewel_small_nodes_grant_cold_resistance_%=local,L029.1,"family: a passive's grant, represented by `Added Small Passive Skills also grant: #% to all Elemental Resistances`; reach: Cold + Resistance; listed without it by apt, cpp, pob"
pseudo.pseudo_total_cold_resistance,+#% total to Cold Resistance,You and nearby allies gain #% to all Elemental Resistances,,text-only,-,search/item-facts/data/mod-templates.csv#L415,43,,L025.1,"family: a minion's or ally's, represented by `Minions have #% to all Elemental Resistances`; reach: Elemental + Resistances; listed without it by apt, cpp, pob"
pseudo.pseudo_total_cold_resistance,+#% total to Cold Resistance,Cold Exposure applies #% to Cold Resistance,,text-only,-,search/item-facts/data/mod-templates.csv#L637,28,,L010.1,"family: a monster's or an enemy's, represented by `#% Monster Elemental Resistances`; reach: Cold + Resistance; listed without it by apt, cpp, pob"
pseudo.pseudo_total_cold_resistance,+#% total to Cold Resistance,Exposure applies #% to Elemental Resistance matching highest Damage taken,,text-only,-,search/item-facts/data/mod-templates.csv#L680,26,,L010.1,"family: a monster's or an enemy's, represented by `#% Monster Elemental Resistances`; reach: Elemental + Resistance; listed without it by apt, cpp, pob"
pseudo.pseudo_total_cold_resistance,+#% total to Cold Resistance,Armour: (#-#)% to Cold Resistance,,text-only,-,search/item-facts/data/mod-templates.csv#L729,24,,none: no stat id displays this text,"represents the family `a description` (3 templates); reach: Cold + Resistance; listed without it by apt, cpp, pob"
pseudo.pseudo_total_cold_resistance,+#% total to Cold Resistance,Belt: (#-#)% to Cold Resistance,,text-only,-,search/item-facts/data/mod-templates.csv#L733,24,,none: no stat id displays this text,"family: a description, represented by `Armour: (#-#)% to Cold Resistance`; reach: Cold + Resistance; listed without it by apt, cpp, pob"
pseudo.pseudo_total_cold_resistance,+#% total to Cold Resistance,Quiver: (#-#)% to Cold Resistance,,text-only,-,search/item-facts/data/mod-templates.csv#L743,24,,none: no stat id displays this text,"family: a description, represented by `Armour: (#-#)% to Cold Resistance`; reach: Cold + Resistance; listed without it by apt, cpp, pob"
pseudo.pseudo_total_cold_resistance,+#% total to Cold Resistance,Cursed enemies have #% to Cold Resistance,,text-only,-,search/item-facts/data/mod-templates.csv#L824,21,,L010.1,"family: a monster's or an enemy's, represented by `#% Monster Elemental Resistances`; reach: Cold + Resistance; listed without it by apt, cpp, pob"
pseudo.pseudo_total_cold_resistance,+#% total to Cold Resistance,You and nearby allies gain #% additional Cold Resistance,,text-only,-,search/item-facts/data/mod-templates.csv#L838,21,,L025.1,"family: a minion's or ally's, represented by `Minions have #% to all Elemental Resistances`; reach: Cold + Resistance; listed without it by apt, cpp, pob"
pseudo.pseudo_total_cold_resistance,+#% total to Cold Resistance,Cursed enemies have #% to Elemental Resistances,,text-only,-,search/item-facts/data/mod-templates.csv#L870,20,,L010.1,"family: a monster's or an enemy's, represented by `#% Monster Elemental Resistances`; reach: Elemental + Resistances; listed without it by apt, cpp, pob"
pseudo.pseudo_total_cold_resistance,+#% total to Cold Resistance,One Handed Weapon: Damage Penetrates #% Cold Resistance,,text-only,-,search/item-facts/data/mod-templates.csv#L963,18,,L010.1,"family: a monster's or an enemy's, represented by `#% Monster Elemental Resistances`; reach: Cold + Resistance; listed without it by apt, cpp, pob"
pseudo.pseudo_total_cold_resistance,+#% total to Cold Resistance,Two Handed Weapon: Damage Penetrates (#-#)% Cold Resistance,,text-only,-,search/item-facts/data/mod-templates.csv#L980,18,,L010.1,"family: a monster's or an enemy's, represented by `#% Monster Elemental Resistances`; reach: Cold + Resistance; listed without it by apt, cpp, pob"
pseudo.pseudo_total_cold_resistance,+#% total to Cold Resistance,#% to Cold Resistance while affected by Herald of Ice,explicit.stat_2494069187,text-only,-,search/item-facts/data/mod-templates.csv#L1113,15,cold_damage_resistance_%_while_affected_by_herald_of_ice=not local,L044.1,"represents the family `while` (5 templates); reach: Cold + Resistance; listed without it by apt, cpp, pob"
pseudo.pseudo_total_cold_resistance,+#% total to Cold Resistance,Attacks with this Weapon Penetrate #% Elemental Resistances,crafted.stat_4064396395;explicit.stat_4064396395;fractured.stat_4064396395;implicit.stat_4064396395,text-only,-,search/item-facts/data/mod-templates.csv#L1118,15,local_elemental_penetration_%=local,L010.1,"family: a monster's or an enemy's, represented by `#% Monster Elemental Resistances`; reach: Elemental + Resistances; listed without it by apt, cpp, pob"
pseudo.pseudo_total_cold_resistance,+#% total to Cold Resistance,"During Effect, #% reduced Damage taken of each Element for which your Uncapped Elemental Resistance is lowest",explicit.stat_1869678332,text-only,-,search/item-facts/data/mod-templates.csv#L1140,15,local_unique_flask_elemental_damage_taken_+%_of_lowest_uncapped_resistance_type=local,L037.1,"reach: Elemental + Resistance; listed without it by apt, cpp, pob"
pseudo.pseudo_total_cold_resistance,+#% total to Cold Resistance,"During Effect, Damage Penetrates #% Resistance of each Element for which your Uncapped Elemental Resistance is highest",explicit.stat_2444301311,text-only,-,search/item-facts/data/mod-templates.csv#L1141,15,local_unique_flask_elemental_penetration_%_of_highest_uncapped_resistance_type=local,L010.1,"family: a monster's or an enemy's, represented by `#% Monster Elemental Resistances`; reach: Elemental + Resistance; listed without it by apt, cpp, pob"
pseudo.pseudo_total_cold_resistance,+#% total to Cold Resistance,Supported Skills Penetrate #% Cold Resistance,,text-only,-,search/item-facts/data/mod-templates.csv#L1176,15,,L010.1,"family: a monster's or an enemy's, represented by `#% Monster Elemental Resistances`; reach: Cold + Resistance; listed without it by apt, cpp, pob"
pseudo.pseudo_total_cold_resistance,+#% total to Cold Resistance,#% to all maximum Resistances,explicit.stat_569299859;fractured.stat_569299859;implicit.stat_569299859,text-only,-,search/item-facts/data/mod-templates.csv#L1897,14,additional_maximum_all_resistances_%=not local,L035.1,"reach: all + Resistances; listed without it by apt, cpp, pob"
pseudo.pseudo_total_cold_resistance,+#% total to Cold Resistance,Passive Skills in Radius can be Allocated without being connected to your tree\n#% to all Elemental Resistances\nPassage,crafted.stat_2901986750;explicit.stat_1725885727;explicit.stat_2901986750;fractured.stat_2901986750;implicit.stat_2901986750;scourge.stat_2901986750,text-only,-,search/item-facts/data/mod-templates.csv#L1253,14,local_unique_jewel_nearby_disconnected_passives_can_be_allocated=local;unique_thread_of_hope_base_resist_all_elements_%=not local,L029.1,"family: a passive's grant, represented by `Added Small Passive Skills also grant: #% to all Elemental Resistances`; reach: Elemental + Resistances; listed without it by apt, cpp, pob"
pseudo.pseudo_total_cold_resistance,+#% total to Cold Resistance,Damage Penetrates #% Elemental Resistances,explicit.stat_2101383955;fractured.stat_2101383955;implicit.stat_2101383955,text-only,-,search/item-facts/data/mod-templates.csv#L5806,13,reduce_enemy_elemental_resistance_%=not local,L010.1,"family: a monster's or an enemy's, represented by `#% Monster Elemental Resistances`; reach: Elemental + Resistances; listed without it by apt, cpp, pob"
pseudo.pseudo_total_cold_resistance,+#% total to Cold Resistance,#% to maximum Cold Resistance while affected by Herald of Ice,explicit.stat_950661692,text-only,-,search/item-facts/data/mod-templates.csv#L1494,11,maximum_cold_damage_resistance_%_while_affected_by_herald_of_ice=not local,L044.1,"family: while, represented by `#% to Cold Resistance while affected by Herald of Ice`; reach: Cold + Resistance; listed without it by apt, cpp, pob"
pseudo.pseudo_total_cold_resistance,+#% total to Cold Resistance,You and nearby allies gain #% additional maximum Cold Resistance,,text-only,-,search/item-facts/data/mod-templates.csv#L1559,11,,L025.1,"family: a minion's or ally's, represented by `Minions have #% to all Elemental Resistances`; reach: Cold + Resistance; listed without it by apt, cpp, pob"
pseudo.pseudo_total_cold_resistance,+#% total to Cold Resistance,Added Small Passive Skills grant: #% to Cold Resistance,,text-only,-,search/item-facts/data/mod-templates.csv#L6274,10,,L029.1,"family: a passive's grant, represented by `Added Small Passive Skills also grant: #% to all Elemental Resistances`; reach: Cold + Resistance; listed without it by apt, cpp, pob"
pseudo.pseudo_total_cold_resistance,+#% total to Cold Resistance,Damage Penetrates #% Cold Resistance,enchant.stat_3417711605;explicit.stat_3417711605;fractured.stat_3417711605;implicit.stat_3417711605;scourge.stat_3417711605,text-only,-,search/item-facts/data/mod-templates.csv#L5837,10,base_reduce_enemy_cold_resistance_%=not local,L010.1,"family: a monster's or an enemy's, represented by `#% Monster Elemental Resistances`; reach: Cold + Resistance; listed without it by apt, cpp, pob"
pseudo.pseudo_total_cold_resistance,+#% total to Cold Resistance,Damage with Weapons Penetrates #% Elemental Resistances,explicit.stat_1736172673,text-only,-,search/item-facts/data/mod-templates.csv#L1617,10,reduce_enemy_elemental_resistance_with_weapons_%=not local,L010.1,"family: a monster's or an enemy's, represented by `#% Monster Elemental Resistances`; reach: Elemental + Resistances; listed without it by apt, cpp, pob"
pseudo.pseudo_total_cold_resistance,+#% total to Cold Resistance,Supported Skills penetrate #% Elemental Resistances while each Resonance is at least #,,text-only,-,search/item-facts/data/mod-templates.csv#L1669,10,,L044.1,"family: while, represented by `#% to Cold Resistance while affected by Herald of Ice`; reach: Elemental + Resistances; listed without it by apt, cpp, pob"
pseudo.pseudo_total_cold_resistance,+#% total to Cold Resistance,Nearby Enemies have #% increased Fire and Cold Resistances,explicit.stat_4273356746,text-only,-,search/item-facts/data/mod-templates.csv#L1783,9,local_display_fire_and_cold_resist_debuff=local,L010.1,"family: a monster's or an enemy's, represented by `#% Monster Elemental Resistances`; reach: Cold + Resistances; listed without it by apt, cpp, pob"
pseudo.pseudo_total_cold_resistance,+#% total to Cold Resistance,#% to Cold Resistance when Socketed with a Green Gem,explicit.stat_1064331314,text-only,-,search/item-facts/data/mod-templates.csv#L1892,8,unique_cold_damage_resistance_%_when_green_gem_socketed=local,L056.1,"represents the family `a socketed gem's or skill's` (1 templates); reach: Cold + Resistance; listed without it by apt, cpp, pob"
pseudo.pseudo_total_cold_resistance,+#% total to Cold Resistance,#% to Elemental Resistances during Effect,explicit.stat_3110554274,text-only,-,search/item-facts/data/mod-templates.csv#L1893,8,local_unique_flask_resist_all_elements_%_during_flask_effect=local,L024.1,"family: during a flask's effect, represented by `#% additional Elemental Resistances during Effect`; reach: Elemental + Resistances; listed without it by apt, cpp, pob"
pseudo.pseudo_total_cold_resistance,+#% total to Cold Resistance,#% to all maximum Resistances while you have no Endurance Charges,explicit.stat_3635566977;implicit.stat_3635566977,text-only,-,search/item-facts/data/mod-templates.csv#L1898,8,additional_maximum_all_resistances_%_with_no_endurance_charges=not local,L044.1,"family: while, represented by `#% to Cold Resistance while affected by Herald of Ice`; reach: all + Resistances; listed without it by apt, cpp, pob"
pseudo.pseudo_total_cold_resistance,+#% total to Cold Resistance,"Buff grants #% to all Elemental Resistances per # power, counting a maximum of # Power",,text-only,-,search/item-facts/data/mod-templates.csv#L1908,8,,L057.1,"family: per, represented by `#% to all Elemental Resistances per # Devotion`; reach: Elemental + Resistances; listed without it by apt, cpp, pob"
pseudo.pseudo_total_cold_resistance,+#% total to Cold Resistance,Damage Penetrates #% of Enemy Elemental Resistances,explicit.stat_697807915;scourge.stat_697807915,text-only,-,search/item-facts/data/mod-templates.csv#L1925,8,base_penetrate_elemental_resistances_%=not local,L010.1,"family: a monster's or an enemy's, represented by `#% Monster Elemental Resistances`; reach: Elemental + Resistances; listed without it by apt, cpp, pob"
pseudo.pseudo_total_cold_resistance,+#% total to Cold Resistance,Minions from Supported Skills have #% to all Elemental Resistances,,text-only,-,search/item-facts/data/mod-templates.csv#L1972,8,,L025.1,"family: a minion's or ally's, represented by `Minions have #% to all Elemental Resistances`; reach: Elemental + Resistances; listed without it by apt, cpp, pob"
pseudo.pseudo_total_cold_resistance,+#% total to Cold Resistance,Minions from Supported Skills have #% to all maximum Elemental Resistances,,text-only,-,search/item-facts/data/mod-templates.csv#L1973,8,,L025.1,"family: a minion's or ally's, represented by `Minions have #% to all Elemental Resistances`; reach: Elemental + Resistances; listed without it by apt, cpp, pob"
pseudo.pseudo_total_cold_resistance,+#% total to Cold Resistance,"Minions from Supported Skills inflict Exposure on Hit, applying #% to the Elemental Resistance matching highest Damage type taken by Enemy",,text-only,-,search/item-facts/data/mod-templates.csv#L1974,8,,L025.1,"family: a minion's or ally's, represented by `Minions have #% to all Elemental Resistances`; reach: Elemental + Resistance; listed without it by apt, cpp, pob"
pseudo.pseudo_total_cold_resistance,+#% total to Cold Resistance,Cold Exposure you inflict applies an extra #% to Cold Resistance,explicit.stat_600221736,text-only,-,search/item-facts/data/mod-templates.csv#L2108,7,cold_exposure_you_inflict_applies_extra_cold_resistance_+%=not local,L010.1,"family: a monster's or an enemy's, represented by `#% Monster Elemental Resistances`; reach: Cold + Resistance; listed without it by apt, cpp, pob"
pseudo.pseudo_total_cold_resistance,+#% total to Cold Resistance,Elemental Resistances are Zero,explicit.stat_85576425;implicit.stat_85576425,text-only,-,search/item-facts/data/mod-templates.csv#L2116,7,zero_elemental_resistance=local,L052.1,"reach: Elemental + Resistances; listed without it by apt, cpp, pob"
pseudo.pseudo_total_cold_resistance,+#% total to Cold Resistance,Totems gain #% to all Elemental Resistances,explicit.stat_1809006367;fractured.stat_1809006367;implicit.stat_1809006367;scourge.stat_1809006367,text-only,-,search/item-facts/data/mod-templates.csv#L2180,7,totem_elemental_resistance_%=not local,L025.1,"family: a minion's or ally's, represented by `Minions have #% to all Elemental Resistances`; reach: Elemental + Resistances; listed without it by apt, cpp, pob"
pseudo.pseudo_total_cold_resistance,+#% total to Cold Resistance,Your Hits treat Cold Resistance as #% higher than actual value,enchant.stat_3417711605;explicit.stat_3417711605;fractured.stat_3417711605;implicit.stat_3417711605;scourge.stat_3417711605,text-only,-,search/item-facts/data/mod-templates.csv#L5853,7,base_reduce_enemy_cold_resistance_%=not local,L063.1,"reach: Cold + Resistance; listed without it by apt, cpp, pob"
pseudo.pseudo_total_cold_resistance,+#% total to Cold Resistance,#% reduced Elemental Resistances,explicit.stat_76848920;implicit.stat_76848920,text-only,-,search/item-facts/data/mod-templates.csv#L2269,6,elemental_damage_resistance_+%=not local,L054.1,"reach: Elemental + Resistances; listed without it by apt, cpp, pob"
pseudo.pseudo_total_cold_resistance,+#% total to Cold Resistance,Attacks with this Weapon Penetrate #% Cold Resistance,explicit.stat_1740229525;fractured.stat_1740229525,text-only,-,search/item-facts/data/mod-templates.csv#L2290,6,local_cold_penetration_%=local,L010.1,"family: a monster's or an enemy's, represented by `#% Monster Elemental Resistances`; reach: Cold + Resistance; listed without it by apt, cpp, pob"
pseudo.pseudo_total_cold_resistance,+#% total to Cold Resistance,#% to [Resistances|Cold Resistance],crafted.stat_4220027924;explicit.stat_4220027924;fractured.stat_4220027924;implicit.stat_4220027924;scourge.stat_4220027924,text-only,-,search/item-facts/data/mod-templates.csv#L3320,5,base_cold_damage_resistance_%=not local,L078.1,"reach: Cold + Resistance; listed without it by apt, cpp, pob"
pseudo.pseudo_total_cold_resistance,+#% total to Cold Resistance,"Drenched Enemies have Cold and Lightning Exposure, applying #% to Resistances",,text-only,-,search/item-facts/data/mod-templates.csv#L2593,5,,L010.1,"family: a monster's or an enemy's, represented by `#% Monster Elemental Resistances`; reach: Cold + Resistances; listed without it by apt, cpp, pob"
pseudo.pseudo_total_cold_resistance,+#% total to Cold Resistance,#% to all Elemental Resistances per # Devotion,explicit.stat_1910205563,text-only,-,search/item-facts/data/mod-templates.csv#L2854,4,,L057.1,"represents the family `per` (5 templates); reach: Elemental + Resistances; listed without it by apt, cpp, pob"
pseudo.pseudo_total_cold_resistance,+#% total to Cold Resistance,Monster Damage Penetrates #% Elemental Resistances,explicit.stat_1898978455;fractured.stat_1898978455,text-only,-,search/item-facts/data/mod-templates.csv#L3056,4,map_monsters_penetrate_elemental_resistances_%=not local,L010.1,"family: a monster's or an enemy's, represented by `#% Monster Elemental Resistances`; reach: Elemental + Resistances; listed without it by apt, cpp, pob"
pseudo.pseudo_total_cold_resistance,+#% total to Cold Resistance,Passives granting Fire Resistance or all Elemental Resistances in Radius\nalso grant an equal chance to gain an Endurance Charge on Kill,explicit.stat_1645524575,text-only,-,search/item-facts/data/mod-templates.csv#L3075,4,local_unique_jewel_fire_resistance_also_grants_endurance_charge_on_kill_chance=local,L029.1,"family: a passive's grant, represented by `Added Small Passive Skills also grant: #% to all Elemental Resistances`; reach: Elemental + Resistance; listed without it by apt, cpp, pob"
pseudo.pseudo_total_cold_resistance,+#% total to Cold Resistance,"While your Passive Skill Tree connects to a class' starting location, you gain:\nMarauder: Melee Skills have #% increased Area of Effect\nDuelist: #% of Attack Damage Leeched as Life\nRanger: #% increased Movement Speed\nShadow: #% to Critical Strike Chance\nWitch: #% of Mana Regenerated per second\nTemplar: Damage Penetrates #% Elemental Resistances\nScion: # to All Attributes",explicit.stat_769192511,text-only,-,search/item-facts/data/mod-templates.csv#L3164,4,local_unique_jewel_melee_skills_area_of_effect_+%_with_passive_tree_connected_to_marauder_start=local;local_unique_jewel_life_leech_from_attack_damage_permyriad_with_passive_tree_connected_to_duelist_start=local;local_unique_jewel_movement_speed_+%_with_passive_tree_connected_to_ranger_start=local;local_unique_jewel_additional_critical_strike_chance_permyriad_with_passive_tree_connected_to_shadow_start=local;local_unique_jewel_mana_regeneration_rate_per_minute_%_with_passive_tree_connected_to_witch_start=local;local_unique_jewel_elemental_penetration_%_with_passive_tree_connected_to_templar_start=local;local_unique_jewel_additional_all_attributes_with_passive_tree_connected_to_scion_start=local,L010.1,"family: a monster's or an enemy's, represented by `#% Monster Elemental Resistances`; reach: Elemental + Resistances; listed without it by apt, cpp, pob"
pseudo.pseudo_total_cold_resistance,+#% total to Cold Resistance,#% increased Elemental and Chaos Resistances,explicit.stat_1195367742,text-only,-,search/item-facts/data/mod-templates.csv#L3273,3,all_damage_resistance_+%=not local,L070.1,"reach: Elemental + Resistances; listed without it by apt, cpp, pob"
pseudo.pseudo_total_cold_resistance,+#% total to Cold Resistance,#% increased maximum Mana and reduced Cold Resistance,explicit.stat_1156957589,text-only,-,search/item-facts/data/mod-templates.csv#L3291,3,maximum_mana_+%_and_cold_resistance_-%=not local,L107.1,"reach: Cold + Resistance; listed without it by apt, cpp, pob"
pseudo.pseudo_total_cold_resistance,+#% total to Cold Resistance,#% reduced Cold Resistance,explicit.stat_4252311791,text-only,-,search/item-facts/data/mod-templates.csv#L3302,3,cold_damage_resistance_+%=not local,L108.1,"reach: Cold + Resistance; listed without it by apt, cpp, pob"
pseudo.pseudo_total_cold_resistance,+#% total to Cold Resistance,#% to all Elemental Resistances while you have at least # Strength,explicit.stat_2415398184,text-only,-,search/item-facts/data/mod-templates.csv#L3321,3,,L044.1,"family: while, represented by `#% to Cold Resistance while affected by Herald of Ice`; reach: Elemental + Resistances; listed without it by apt, cpp, pob"
pseudo.pseudo_total_cold_resistance,+#% total to Cold Resistance,#% to all Resistances per Minion from your Non-Vaal Skills,explicit.stat_2894273152,text-only,-,search/item-facts/data/mod-templates.csv#L3322,3,all_resistances_%_per_active_minion_not_from_vaal_skills=not local,L025.1,"family: a minion's or ally's, represented by `Minions have #% to all Elemental Resistances`; reach: all + Resistances; listed without it by apt, cpp, pob"
pseudo.pseudo_total_cold_resistance,+#% total to Cold Resistance,Damage Penetrates #% Elemental Resistances if you haven't Killed Recently,explicit.stat_455556407;fractured.stat_455556407,text-only,-,search/item-facts/data/mod-templates.csv#L3466,3,damage_penetrates_%_elemental_resistance_if_enemy_not_killed_recently=not local,L010.1,"family: a monster's or an enemy's, represented by `#% Monster Elemental Resistances`; reach: Elemental + Resistances; listed without it by apt, cpp, pob"
pseudo.pseudo_total_cold_resistance,+#% total to Cold Resistance,"Melee Weapon Damage Penetrates #% Elemental Resistances per Mana Burn, up to a maximum of #%",explicit.stat_3685214225,text-only,-,search/item-facts/data/mod-templates.csv#L3550,3,,L010.1,"family: a monster's or an enemy's, represented by `#% Monster Elemental Resistances`; reach: Elemental + Resistances; listed without it by apt, cpp, pob"
pseudo.pseudo_total_cold_resistance,+#% total to Cold Resistance,Raised Zombies have #% to all Resistances,explicit.stat_3150000576,text-only,-,search/item-facts/data/mod-templates.csv#L3608,3,zombie_chaos_elemental_damage_resistance_%=not local,L025.1,"family: a minion's or ally's, represented by `Minions have #% to all Elemental Resistances`; reach: all + Resistances; listed without it by apt, cpp, pob"
pseudo.pseudo_total_cold_resistance,+#% total to Cold Resistance,"With at least # Dexterity in Radius, Melee Damage\ndealt by Frost Blades Penetrates #% Cold Resistance",,text-only,-,search/item-facts/data/mod-templates.csv#L3685,3,,L010.1,"family: a monster's or an enemy's, represented by `#% Monster Elemental Resistances`; reach: Cold + Resistance; listed without it by apt, cpp, pob"
pseudo.pseudo_total_cold_resistance,+#% total to Cold Resistance,#% chance for Elemental Resistances to count as being #% against Enemy Hits,explicit.stat_204458505;implicit.stat_204458505,text-only,-,search/item-facts/data/mod-templates.csv#L3806,2,,L098.1,"represents the family `against` (1 templates); reach: Elemental + Resistances; listed without it by apt, cpp, pob"
pseudo.pseudo_total_cold_resistance,+#% total to Cold Resistance,#% increased Cold Damage per #% Cold Resistance above #%,explicit.stat_2517031897,text-only,-,search/item-facts/data/mod-templates.csv#L3860,2,,L057.1,"family: per, represented by `#% to all Elemental Resistances per # Devotion`; reach: Cold + Resistance; listed without it by apt, cpp, pob"
pseudo.pseudo_total_cold_resistance,+#% total to Cold Resistance,Critical Strikes Penetrate #% of Enemy Elemental Resistances while affected by Zealotry,explicit.stat_2091518682,text-only,-,search/item-facts/data/mod-templates.csv#L4170,2,critical_strikes_penetrates_%_elemental_resistances_while_affected_by_zealotry=not local,L010.1,"family: a monster's or an enemy's, represented by `#% Monster Elemental Resistances`; reach: Elemental + Resistances; listed without it by apt, cpp, pob"
pseudo.pseudo_total_cold_resistance,+#% total to Cold Resistance,Damage Penetrates #% Cold Resistance against Chilled Enemies,explicit.stat_1477032229,text-only,-,search/item-facts/data/mod-templates.csv#L4177,2,cold_penetration_%_vs_chilled_enemies=not local,L010.1,"family: a monster's or an enemy's, represented by `#% Monster Elemental Resistances`; reach: Cold + Resistance; listed without it by apt, cpp, pob"
pseudo.pseudo_total_cold_resistance,+#% total to Cold Resistance,Elemental Resistances are capped by your highest Maximum Elemental Resistance instead,explicit.stat_3082079953,text-only,-,search/item-facts/data/mod-templates.csv#L4189,2,elemental_resistances_are_limited_by_highest_maximum_elemental_resistance=not local,L103.1,"reach: Elemental + Resistance; listed without it by apt, cpp, pob"
pseudo.pseudo_total_cold_resistance,+#% total to Cold Resistance,"Inflict Cold Exposure on Hit, applying #% to Cold Resistance",implicit.stat_3005701891,text-only,-,search/item-facts/data/mod-templates.csv#L6019,2,cold_exposure_on_hit_magnitude=not local,L010.1,"family: a monster's or an enemy's, represented by `#% Monster Elemental Resistances`; reach: Cold + Resistance; listed without it by apt, cpp, pob"
pseudo.pseudo_total_cold_resistance,+#% total to Cold Resistance,Passives granting Cold Resistance or all Elemental Resistances in Radius\nalso grant Chance to Suppress Spell Damage at #% of its value,explicit.stat_1409669176,text-only,-,search/item-facts/data/mod-templates.csv#L4340,2,local_unique_jewel_cold_resistance_also_grants_spell_suppression_chance_scaled_%=local,L029.1,"family: a passive's grant, represented by `Added Small Passive Skills also grant: #% to all Elemental Resistances`; reach: Cold + Resistance; listed without it by apt, cpp, pob"
pseudo.pseudo_total_cold_resistance,+#% total to Cold Resistance,Penetrate #% Elemental Resistances per Abyss Jewel affecting you,explicit.stat_4250752669,text-only,-,search/item-facts/data/mod-templates.csv#L4341,2,penetrate_elemental_resistance_%_per_abyssal_jewel_affecting_you=not local,L010.1,"family: a monster's or an enemy's, represented by `#% Monster Elemental Resistances`; reach: Elemental + Resistances; listed without it by apt, cpp, pob"
pseudo.pseudo_total_cold_resistance,+#% total to Cold Resistance,"While Minions have Energy Shield, their Hits Ignore Monster Elemental Resistances",explicit.stat_1360359242,text-only,-,search/item-facts/data/mod-templates.csv#L4457,2,minion_hits_ignore_enemy_elemental_resistances_while_has_energy_shield=not local,L025.1,"family: a minion's or ally's, represented by `Minions have #% to all Elemental Resistances`; reach: Elemental + Resistances; listed without it by apt, cpp, pob"
pseudo.pseudo_total_cold_resistance,+#% total to Cold Resistance,Your Hits cannot Penetrate or ignore Elemental Resistances,explicit.stat_3091072796,text-only,-,search/item-facts/data/mod-templates.csv#L4477,2,cannot_penetrate_or_ignore_elemental_resistances=not local,L010.1,"family: a monster's or an enemy's, represented by `#% Monster Elemental Resistances`; reach: Elemental + Resistances; listed without it by apt, cpp, pob"
pseudo.pseudo_total_cold_resistance,+#% total to Cold Resistance,"#% increased Elemental Damage per #% Fire, Cold, or Lightning Resistance above #%",explicit.stat_1138456002,text-only,-,search/item-facts/data/mod-templates.csv#L4706,1,,L057.1,"family: per, represented by `#% to all Elemental Resistances per # Devotion`; reach: Cold + Resistance; listed without it by apt, cpp, pob"
pseudo.pseudo_total_cold_resistance,+#% total to Cold Resistance,"#% increased Experience Gain\n#% increased Reward progress from Monster Kills\nMonsters deal #% increased Damage\nMonsters have #% increased Toughness for each time they have been Revived\nMonsters Penetrate #% of Enemy Elemental Resistances for each time\nthey have been Revived",,text-only,-,search/item-facts/data/mod-templates.csv#L4709,1,,L010.1,"family: a monster's or an enemy's, represented by `#% Monster Elemental Resistances`; reach: Elemental + Resistances; listed without it by apt, cpp, pob"
pseudo.pseudo_total_cold_resistance,+#% total to Cold Resistance,#% to Stone Golem Elemental Resistances,enchant.stat_1601558321,text-only,-,search/item-facts/data/mod-templates.csv#L6556,1,stone_golem_elemental_resistances_%=not local,L025.1,"family: a minion's or ally's, represented by `Minions have #% to all Elemental Resistances`; reach: Elemental + Resistances; listed without it by apt, cpp, pob"
pseudo.pseudo_total_cold_resistance,+#% total to Cold Resistance,#% to all Elemental Resistances per # Omniscience,explicit.stat_2569472704,text-only,-,search/item-facts/data/mod-templates.csv#L4822,1,,L057.1,"family: per, represented by `#% to all Elemental Resistances per # Devotion`; reach: Elemental + Resistances; listed without it by apt, cpp, pob"
pseudo.pseudo_total_cold_resistance,+#% total to Cold Resistance,#% to all maximum Elemental Resistances if # Shaper Items are Equipped,explicit.stat_15754647,text-only,-,search/item-facts/data/mod-templates.csv#L4823,1,,L135.1,"represents the family `if or recently` (1 templates); reach: Elemental + Resistances; listed without it by apt, cpp, pob"
pseudo.pseudo_total_cold_resistance,+#% total to Cold Resistance,Belt: Damage Penetrates #% Elemental Resistances during any Flask Effect,,text-only,-,search/item-facts/data/mod-templates.csv#L5103,1,,L010.1,"family: a monster's or an enemy's, represented by `#% Monster Elemental Resistances`; reach: Elemental + Resistances; listed without it by apt, cpp, pob"
pseudo.pseudo_total_cold_resistance,+#% total to Cold Resistance,Evasion Rating is increased by Overcapped Cold Resistance,explicit.stat_2358015838;fractured.stat_2358015838;implicit.stat_2358015838,text-only,-,search/item-facts/data/mod-templates.csv#L5192,1,evasion_rating_increased_by_overcapped_cold_resistance=not local,L164.1,"reach: Cold + Resistance; listed without it by apt, cpp, pob"
pseudo.pseudo_total_cold_resistance,+#% total to Cold Resistance,Melee Weapon Damage Penetrates #% Elemental Resistances,explicit.stat_2499808413,text-only,-,search/item-facts/data/mod-templates.csv#L5352,1,,L010.1,"family: a monster's or an enemy's, represented by `#% Monster Elemental Resistances`; reach: Elemental + Resistances; listed without it by apt, cpp, pob"
pseudo.pseudo_total_cold_resistance,+#% total to Cold Resistance,Minions have #% to Cold Resistance,explicit.stat_2200407711,text-only,-,search/item-facts/data/mod-templates.csv#L5364,1,minion_cold_damage_resistance_%=not local,L025.1,"family: a minion's or ally's, represented by `Minions have #% to all Elemental Resistances`; reach: Cold + Resistance; listed without it by apt, cpp, pob"
pseudo.pseudo_total_cold_resistance,+#% total to Cold Resistance,Passives granting Cold Resistance or all Elemental Resistances in Radius\nalso grant an equal chance to gain a Frenzy Charge on Kill,explicit.stat_509677462,text-only,-,search/item-facts/data/mod-templates.csv#L5408,1,local_unique_jewel_cold_resistance_also_grants_frenzy_charge_on_kill_chance=local,L029.1,"family: a passive's grant, represented by `Added Small Passive Skills also grant: #% to all Elemental Resistances`; reach: Cold + Resistance; listed without it by apt, cpp, pob"
pseudo.pseudo_total_cold_resistance,+#% total to Cold Resistance,Passives granting Fire Resistance or all Elemental Resistances in Radius\nalso grant increased Maximum Life at #% of its value,explicit.stat_4068640319,text-only,-,search/item-facts/data/mod-templates.csv#L5409,1,local_unique_jewel_fire_resistance_also_grants_maximum_life_scaled_%=local,L029.1,"family: a passive's grant, represented by `Added Small Passive Skills also grant: #% to all Elemental Resistances`; reach: Elemental + Resistance; listed without it by apt, cpp, pob"
pseudo.pseudo_total_cold_resistance,+#% total to Cold Resistance,Passives granting Lightning Resistance or all Elemental Resistances in Radius\nalso grant an equal chance to gain a Power Charge on Kill,explicit.stat_926444104,text-only,-,search/item-facts/data/mod-templates.csv#L5410,1,local_unique_jewel_lightning_resistance_also_grants_power_charge_on_kill_chance=local,L029.1,"family: a passive's grant, represented by `Added Small Passive Skills also grant: #% to all Elemental Resistances`; reach: Elemental + Resistance; listed without it by apt, cpp, pob"
pseudo.pseudo_total_cold_resistance,+#% total to Cold Resistance,Passives granting Lightning Resistance or all Elemental Resistances in Radius\nalso grant increased Maximum Energy Shield at #% of its value,explicit.stat_1348513056,text-only,-,search/item-facts/data/mod-templates.csv#L5411,1,local_unique_jewel_lightning_resistance_also_grants_maximum_energy_shield_scaled_%=local,L029.1,"family: a passive's grant, represented by `Added Small Passive Skills also grant: #% to all Elemental Resistances`; reach: Elemental + Resistance; listed without it by apt, cpp, pob"
pseudo.pseudo_total_cold_resistance,+#% total to Cold Resistance,Penetrate #% Elemental Resistances per # Omniscience,explicit.stat_2757041809,text-only,-,search/item-facts/data/mod-templates.csv#L5412,1,,L010.1,"family: a monster's or an enemy's, represented by `#% Monster Elemental Resistances`; reach: Elemental + Resistances; listed without it by apt, cpp, pob"
pseudo.pseudo_total_cold_resistance,+#% total to Cold Resistance,Summoned Carrion Golems have #% to all Elemental Resistances,enchant.stat_59544006,text-only,-,search/item-facts/data/mod-templates.csv#L6795,1,bone_golem_elemental_resistances_%=not local,L025.1,"family: a minion's or ally's, represented by `Minions have #% to all Elemental Resistances`; reach: Elemental + Resistances; listed without it by apt, cpp, pob"
pseudo.pseudo_total_fire_resistance,+#% total to Fire Resistance,#% to All Resistances,explicit.stat_2016723660;fractured.stat_2016723660,sources-differ,1;absent;absent,"awakened-poe-trade@ce551eb7:renderer/src/web/price-check/filters/pseudo/index.ts#L8,L54-L60;search/cpp-search/data/pseudomods.toml#L18-L25;PathOfBuilding@16de4b82:src/Classes/TradeQueryGenerator.lua#L999-L1031",0,,L001.2,"named by apt; left out by cpp, pob, which list this pseudo's lines"
pseudo.pseudo_total_fire_resistance,+#% total to Fire Resistance,#% Monster Elemental Resistances,explicit.stat_1054098949;fractured.stat_1054098949,text-only,-,search/item-facts/data/mod-templates.csv#L92,219,map_monsters_additional_elemental_resistance=not local,L010.2,"represents the family `a monster's or an enemy's` (37 templates); reach: Elemental + Resistances; listed without it by apt, cpp, pob"
pseudo.pseudo_total_fire_resistance,+#% total to Fire Resistance,Players have #% to all maximum Resistances,explicit.stat_3376488707;fractured.stat_3376488707,text-only,-,search/item-facts/data/mod-templates.csv#L98,205,map_additional_player_maximum_resistances_%=not local,L010.2,"family: a monster's or an enemy's, represented by `#% Monster Elemental Resistances`; reach: all + Resistances; listed without it by apt, cpp, pob"
pseudo.pseudo_total_fire_resistance,+#% total to Fire Resistance,#% to maximum Fire Resistance,enchant.stat_4095671657;explicit.stat_4095671657;fractured.stat_4095671657;implicit.stat_4095671657;scourge.stat_4095671657,text-only,-,search/item-facts/data/mod-templates.csv#L6219,143,base_maximum_fire_damage_resistance_%=not local,L019.1,"reach: Fire + Resistance; listed without it by apt, cpp, pob"
pseudo.pseudo_total_fire_resistance,+#% total to Fire Resistance,#% additional Elemental Resistances during Effect,explicit.stat_962725504;fractured.stat_962725504,text-only,-,search/item-facts/data/mod-templates.csv#L269,66,local_flask_resistances_+%_while_healing=local,L024.2,"represents the family `during a flask's effect` (2 templates); reach: Elemental + Resistances; listed without it by apt, cpp, pob"
pseudo.pseudo_total_fire_resistance,+#% total to Fire Resistance,Added Small Passive Skills also grant: #% to all Elemental Resistances,explicit.stat_2669029667;fractured.stat_2669029667,text-only,-,search/item-facts/data/mod-templates.csv#L296,61,local_affliction_jewel_small_nodes_grant_elemental_resistance_%=local,L029.2,"represents the family `a passive's grant` (10 templates); reach: Elemental + Resistances; listed without it by apt, cpp, pob"
pseudo.pseudo_total_fire_resistance,+#% total to Fire Resistance,Minions have #% to all Elemental Resistances,crafted.stat_1423639565;explicit.stat_1423639565;fractured.stat_1423639565;implicit.stat_1423639565;scourge.stat_1423639565,text-only,-,search/item-facts/data/mod-templates.csv#L543,54,minion_elemental_resistance_%=not local,L025.2,"represents the family `a minion's or ally's` (13 templates); reach: Elemental + Resistances; listed without it by apt, cpp, pob"
pseudo.pseudo_total_fire_resistance,+#% total to Fire Resistance,#% Player Fire Resistance per #% Alert Level,explicit.stat_1318683911;fractured.stat_1318683911,text-only,-,search/item-facts/data/mod-templates.csv#L329,53,,L010.2,"family: a monster's or an enemy's, represented by `#% Monster Elemental Resistances`; reach: Fire + Resistance; listed without it by apt, cpp, pob"
pseudo.pseudo_total_fire_resistance,+#% total to Fire Resistance,Added Small Passive Skills also grant: #% to Fire Resistance,explicit.stat_1790411851;fractured.stat_1790411851,text-only,-,search/item-facts/data/mod-templates.csv#L403,45,local_affliction_jewel_small_nodes_grant_fire_resistance_%=local,L029.2,"family: a passive's grant, represented by `Added Small Passive Skills also grant: #% to all Elemental Resistances`; reach: Fire + Resistance; listed without it by apt, cpp, pob"
pseudo.pseudo_total_fire_resistance,+#% total to Fire Resistance,You and nearby allies gain #% to all Elemental Resistances,,text-only,-,search/item-facts/data/mod-templates.csv#L415,43,,L025.2,"family: a minion's or ally's, represented by `Minions have #% to all Elemental Resistances`; reach: Elemental + Resistances; listed without it by apt, cpp, pob"
pseudo.pseudo_total_fire_resistance,+#% total to Fire Resistance,You and nearby allies gain #% additional Fire Resistance,,text-only,-,search/item-facts/data/mod-templates.csv#L507,36,,L025.2,"family: a minion's or ally's, represented by `Minions have #% to all Elemental Resistances`; reach: Fire + Resistance; listed without it by apt, cpp, pob"
pseudo.pseudo_total_fire_resistance,+#% total to Fire Resistance,Cursed enemies have #% to Fire Resistance,,text-only,-,search/item-facts/data/mod-templates.csv#L565,32,,L010.2,"family: a monster's or an enemy's, represented by `#% Monster Elemental Resistances`; reach: Fire + Resistance; listed without it by apt, cpp, pob"
pseudo.pseudo_total_fire_resistance,+#% total to Fire Resistance,Enemies Ignited by Supported Skills have #% to Fire Resistance,,text-only,-,search/item-facts/data/mod-templates.csv#L659,27,,L010.2,"family: a monster's or an enemy's, represented by `#% Monster Elemental Resistances`; reach: Fire + Resistance; listed without it by apt, cpp, pob"
pseudo.pseudo_total_fire_resistance,+#% total to Fire Resistance,Exposure applies #% to Elemental Resistance matching highest Damage taken,,text-only,-,search/item-facts/data/mod-templates.csv#L680,26,,L010.2,"family: a monster's or an enemy's, represented by `#% Monster Elemental Resistances`; reach: Elemental + Resistance; listed without it by apt, cpp, pob"
pseudo.pseudo_total_fire_resistance,+#% total to Fire Resistance,Cursed enemies have #% to Elemental Resistances,,text-only,-,search/item-facts/data/mod-templates.csv#L870,20,,L010.2,"family: a monster's or an enemy's, represented by `#% Monster Elemental Resistances`; reach: Elemental + Resistances; listed without it by apt, cpp, pob"
pseudo.pseudo_total_fire_resistance,+#% total to Fire Resistance,Armour: (#-#)% to Fire Resistance,,text-only,-,search/item-facts/data/mod-templates.csv#L944,18,,none: no stat id displays this text,"represents the family `a description` (4 templates); reach: Fire + Resistance; listed without it by apt, cpp, pob"
pseudo.pseudo_total_fire_resistance,+#% total to Fire Resistance,Belt: (#-#)% to Fire Resistance,,text-only,-,search/item-facts/data/mod-templates.csv#L945,18,,none: no stat id displays this text,"family: a description, represented by `Armour: (#-#)% to Fire Resistance`; reach: Fire + Resistance; listed without it by apt, cpp, pob"
pseudo.pseudo_total_fire_resistance,+#% total to Fire Resistance,Quiver: (#-#)% to Fire Resistance,,text-only,-,search/item-facts/data/mod-templates.csv#L967,18,,none: no stat id displays this text,"family: a description, represented by `Armour: (#-#)% to Fire Resistance`; reach: Fire + Resistance; listed without it by apt, cpp, pob"
pseudo.pseudo_total_fire_resistance,+#% total to Fire Resistance,You and nearby allies gain #% additional maximum Fire Resistance,,text-only,-,search/item-facts/data/mod-templates.csv#L1051,17,,L025.2,"family: a minion's or ally's, represented by `Minions have #% to all Elemental Resistances`; reach: Fire + Resistance; listed without it by apt, cpp, pob"
pseudo.pseudo_total_fire_resistance,+#% total to Fire Resistance,Attacks with this Weapon Penetrate #% Elemental Resistances,crafted.stat_4064396395;explicit.stat_4064396395;fractured.stat_4064396395;implicit.stat_4064396395,text-only,-,search/item-facts/data/mod-templates.csv#L1118,15,local_elemental_penetration_%=local,L010.2,"family: a monster's or an enemy's, represented by `#% Monster Elemental Resistances`; reach: Elemental + Resistances; listed without it by apt, cpp, pob"
pseudo.pseudo_total_fire_resistance,+#% total to Fire Resistance,Damage Penetrates #% Fire Resistance,enchant.stat_2653955271;explicit.stat_2653955271;fractured.stat_2653955271;implicit.stat_2653955271;scourge.stat_2653955271,text-only,-,search/item-facts/data/mod-templates.csv#L5827,15,base_reduce_enemy_fire_resistance_%=not local,L010.2,"family: a monster's or an enemy's, represented by `#% Monster Elemental Resistances`; reach: Fire + Resistance; listed without it by apt, cpp, pob"
pseudo.pseudo_total_fire_resistance,+#% total to Fire Resistance,"During Effect, #% reduced Damage taken of each Element for which your Uncapped Elemental Resistance is lowest",explicit.stat_1869678332,text-only,-,search/item-facts/data/mod-templates.csv#L1140,15,local_unique_flask_elemental_damage_taken_+%_of_lowest_uncapped_resistance_type=local,L037.2,"reach: Elemental + Resistance; listed without it by apt, cpp, pob"
pseudo.pseudo_total_fire_resistance,+#% total to Fire Resistance,"During Effect, Damage Penetrates #% Resistance of each Element for which your Uncapped Elemental Resistance is highest",explicit.stat_2444301311,text-only,-,search/item-facts/data/mod-templates.csv#L1141,15,local_unique_flask_elemental_penetration_%_of_highest_uncapped_resistance_type=local,L010.2,"family: a monster's or an enemy's, represented by `#% Monster Elemental Resistances`; reach: Elemental + Resistance; listed without it by apt, cpp, pob"
pseudo.pseudo_total_fire_resistance,+#% total to Fire Resistance,#% to Fire Resistance while on Low Life,explicit.stat_38301299,text-only,-,search/item-facts/data/mod-templates.csv#L1203,14,fire_damage_resistance_%_when_on_low_life=not local,L080.1,"represents the family `while` (6 templates); reach: Fire + Resistance; listed without it by apt, cpp, pob"
pseudo.pseudo_total_fire_resistance,+#% total to Fire Resistance,#% to all maximum Resistances,explicit.stat_569299859;fractured.stat_569299859;implicit.stat_569299859,text-only,-,search/item-facts/data/mod-templates.csv#L1897,14,additional_maximum_all_resistances_%=not local,L035.2,"reach: all + Resistances; listed without it by apt, cpp, pob"
pseudo.pseudo_total_fire_resistance,+#% total to Fire Resistance,Fire Exposure Aura applies #% to Fire Resistance,,text-only,-,search/item-facts/data/mod-templates.csv#L1228,14,,L010.2,"family: a monster's or an enemy's, represented by `#% Monster Elemental Resistances`; reach: Fire + Resistance; listed without it by apt, cpp, pob"
pseudo.pseudo_total_fire_resistance,+#% total to Fire Resistance,One Handed Weapon: Damage Penetrates #% Fire Resistance,,text-only,-,search/item-facts/data/mod-templates.csv#L1248,14,,L010.2,"family: a monster's or an enemy's, represented by `#% Monster Elemental Resistances`; reach: Fire + Resistance; listed without it by apt, cpp, pob"
pseudo.pseudo_total_fire_resistance,+#% total to Fire Resistance,Passive Skills in Radius can be Allocated without being connected to your tree\n#% to all Elemental Resistances\nPassage,crafted.stat_2901986750;explicit.stat_1725885727;explicit.stat_2901986750;fractured.stat_2901986750;implicit.stat_2901986750;scourge.stat_2901986750,text-only,-,search/item-facts/data/mod-templates.csv#L1253,14,local_unique_jewel_nearby_disconnected_passives_can_be_allocated=local;unique_thread_of_hope_base_resist_all_elements_%=not local,L029.2,"family: a passive's grant, represented by `Added Small Passive Skills also grant: #% to all Elemental Resistances`; reach: Elemental + Resistances; listed without it by apt, cpp, pob"
pseudo.pseudo_total_fire_resistance,+#% total to Fire Resistance,Two Handed Weapon: Damage Penetrates (#-#)% Fire Resistance,,text-only,-,search/item-facts/data/mod-templates.csv#L1274,14,,L010.2,"family: a monster's or an enemy's, represented by `#% Monster Elemental Resistances`; reach: Fire + Resistance; listed without it by apt, cpp, pob"
pseudo.pseudo_total_fire_resistance,+#% total to Fire Resistance,Damage Penetrates #% Elemental Resistances,explicit.stat_2101383955;fractured.stat_2101383955;implicit.stat_2101383955,text-only,-,search/item-facts/data/mod-templates.csv#L5806,13,reduce_enemy_elemental_resistance_%=not local,L010.2,"family: a monster's or an enemy's, represented by `#% Monster Elemental Resistances`; reach: Elemental + Resistances; listed without it by apt, cpp, pob"
pseudo.pseudo_total_fire_resistance,+#% total to Fire Resistance,Added Small Passive Skills grant: #% to Fire Resistance,,text-only,-,search/item-facts/data/mod-templates.csv#L6268,11,,L029.2,"family: a passive's grant, represented by `Added Small Passive Skills also grant: #% to all Elemental Resistances`; reach: Fire + Resistance; listed without it by apt, cpp, pob"
pseudo.pseudo_total_fire_resistance,+#% total to Fire Resistance,Fire Exposure applies #% to Fire Resistance,,text-only,-,search/item-facts/data/mod-templates.csv#L1516,11,,L010.2,"family: a monster's or an enemy's, represented by `#% Monster Elemental Resistances`; reach: Fire + Resistance; listed without it by apt, cpp, pob"
pseudo.pseudo_total_fire_resistance,+#% total to Fire Resistance,Damage with Weapons Penetrates #% Elemental Resistances,explicit.stat_1736172673,text-only,-,search/item-facts/data/mod-templates.csv#L1617,10,reduce_enemy_elemental_resistance_with_weapons_%=not local,L010.2,"family: a monster's or an enemy's, represented by `#% Monster Elemental Resistances`; reach: Elemental + Resistances; listed without it by apt, cpp, pob"
pseudo.pseudo_total_fire_resistance,+#% total to Fire Resistance,Supported Skills penetrate #% Elemental Resistances while each Resonance is at least #,,text-only,-,search/item-facts/data/mod-templates.csv#L1669,10,,L080.1,"family: while, represented by `#% to Fire Resistance while on Low Life`; reach: Elemental + Resistances; listed without it by apt, cpp, pob"
pseudo.pseudo_total_fire_resistance,+#% total to Fire Resistance,#% to Fire Resistance while affected by Herald of Ash,explicit.stat_2675641469,text-only,-,search/item-facts/data/mod-templates.csv#L1734,9,fire_damage_resistance_%_while_affected_by_herald_of_ash=not local,L080.1,"family: while, represented by `#% to Fire Resistance while on Low Life`; reach: Fire + Resistance; listed without it by apt, cpp, pob"
pseudo.pseudo_total_fire_resistance,+#% total to Fire Resistance,Nearby Enemies have #% increased Fire and Cold Resistances,explicit.stat_4273356746,text-only,-,search/item-facts/data/mod-templates.csv#L1783,9,local_display_fire_and_cold_resist_debuff=local,L010.2,"family: a monster's or an enemy's, represented by `#% Monster Elemental Resistances`; reach: Fire + Resistances; listed without it by apt, cpp, pob"
pseudo.pseudo_total_fire_resistance,+#% total to Fire Resistance,Supported Skills Penetrate #% Fire Resistance,,text-only,-,search/item-facts/data/mod-templates.csv#L1813,9,,L010.2,"family: a monster's or an enemy's, represented by `#% Monster Elemental Resistances`; reach: Fire + Resistance; listed without it by apt, cpp, pob"
pseudo.pseudo_total_fire_resistance,+#% total to Fire Resistance,#% to Elemental Resistances during Effect,explicit.stat_3110554274,text-only,-,search/item-facts/data/mod-templates.csv#L1893,8,local_unique_flask_resist_all_elements_%_during_flask_effect=local,L024.2,"family: during a flask's effect, represented by `#% additional Elemental Resistances during Effect`; reach: Elemental + Resistances; listed without it by apt, cpp, pob"
pseudo.pseudo_total_fire_resistance,+#% total to Fire Resistance,#% to Fire Resistance when Socketed with a Red Gem,explicit.stat_3051845758,text-only,-,search/item-facts/data/mod-templates.csv#L1894,8,unique_fire_damage_resistance_%_when_red_gem_socketed=local,L120.1,"represents the family `a socketed gem's or skill's` (1 templates); reach: Fire + Resistance; listed without it by apt, cpp, pob"
pseudo.pseudo_total_fire_resistance,+#% total to Fire Resistance,#% to all maximum Resistances while you have no Endurance Charges,explicit.stat_3635566977;implicit.stat_3635566977,text-only,-,search/item-facts/data/mod-templates.csv#L1898,8,additional_maximum_all_resistances_%_with_no_endurance_charges=not local,L080.1,"family: while, represented by `#% to Fire Resistance while on Low Life`; reach: all + Resistances; listed without it by apt, cpp, pob"
pseudo.pseudo_total_fire_resistance,+#% total to Fire Resistance,#% to maximum Fire Resistance while affected by Herald of Ash,explicit.stat_3716758077,text-only,-,search/item-facts/data/mod-templates.csv#L1899,8,maximum_fire_damage_resistance_%_while_affected_by_herald_of_ash=not local,L080.1,"family: while, represented by `#% to Fire Resistance while on Low Life`; reach: Fire + Resistance; listed without it by apt, cpp, pob"
pseudo.pseudo_total_fire_resistance,+#% total to Fire Resistance,"Buff grants #% to all Elemental Resistances per # power, counting a maximum of # Power",,text-only,-,search/item-facts/data/mod-templates.csv#L1908,8,,L057.2,"family: per, represented by `#% to all Elemental Resistances per # Devotion`; reach: Elemental + Resistances; listed without it by apt, cpp, pob"
pseudo.pseudo_total_fire_resistance,+#% total to Fire Resistance,Damage Penetrates #% of Enemy Elemental Resistances,explicit.stat_697807915;scourge.stat_697807915,text-only,-,search/item-facts/data/mod-templates.csv#L1925,8,base_penetrate_elemental_resistances_%=not local,L010.2,"family: a monster's or an enemy's, represented by `#% Monster Elemental Resistances`; reach: Elemental + Resistances; listed without it by apt, cpp, pob"
pseudo.pseudo_total_fire_resistance,+#% total to Fire Resistance,Minions from Supported Skills have #% to all Elemental Resistances,,text-only,-,search/item-facts/data/mod-templates.csv#L1972,8,,L025.2,"family: a minion's or ally's, represented by `Minions have #% to all Elemental Resistances`; reach: Elemental + Resistances; listed without it by apt, cpp, pob"
pseudo.pseudo_total_fire_resistance,+#% total to Fire Resistance,Minions from Supported Skills have #% to all maximum Elemental Resistances,,text-only,-,search/item-facts/data/mod-templates.csv#L1973,8,,L025.2,"family: a minion's or ally's, represented by `Minions have #% to all Elemental Resistances`; reach: Elemental + Resistances; listed without it by apt, cpp, pob"
pseudo.pseudo_total_fire_resistance,+#% total to Fire Resistance,"Minions from Supported Skills inflict Exposure on Hit, applying #% to the Elemental Resistance matching highest Damage type taken by Enemy",,text-only,-,search/item-facts/data/mod-templates.csv#L1974,8,,L025.2,"family: a minion's or ally's, represented by `Minions have #% to all Elemental Resistances`; reach: Elemental + Resistance; listed without it by apt, cpp, pob"
pseudo.pseudo_total_fire_resistance,+#% total to Fire Resistance,#% to [Resistances|Fire Resistance],crafted.stat_3372524247;explicit.stat_3372524247;fractured.stat_3372524247;implicit.stat_3372524247;scourge.stat_3372524247,text-only,-,search/item-facts/data/mod-templates.csv#L2853,7,base_fire_damage_resistance_%=not local,L062.1,"reach: Fire + Resistance; listed without it by apt, cpp, pob"
pseudo.pseudo_total_fire_resistance,+#% total to Fire Resistance,Elemental Resistances are Zero,explicit.stat_85576425;implicit.stat_85576425,text-only,-,search/item-facts/data/mod-templates.csv#L2116,7,zero_elemental_resistance=local,L052.2,"reach: Elemental + Resistances; listed without it by apt, cpp, pob"
pseudo.pseudo_total_fire_resistance,+#% total to Fire Resistance,Totems gain #% to all Elemental Resistances,explicit.stat_1809006367;fractured.stat_1809006367;implicit.stat_1809006367;scourge.stat_1809006367,text-only,-,search/item-facts/data/mod-templates.csv#L2180,7,totem_elemental_resistance_%=not local,L025.2,"family: a minion's or ally's, represented by `Minions have #% to all Elemental Resistances`; reach: Elemental + Resistances; listed without it by apt, cpp, pob"
pseudo.pseudo_total_fire_resistance,+#% total to Fire Resistance,#% reduced Elemental Resistances,explicit.stat_76848920;implicit.stat_76848920,text-only,-,search/item-facts/data/mod-templates.csv#L2269,6,elemental_damage_resistance_+%=not local,L054.2,"reach: Elemental + Resistances; listed without it by apt, cpp, pob"
pseudo.pseudo_total_fire_resistance,+#% total to Fire Resistance,"Inflict Fire Exposure on Hit, applying #% to Fire Resistance",implicit.stat_1309840354,text-only,-,search/item-facts/data/mod-templates.csv#L5867,6,fire_exposure_on_hit_magnitude=not local,L010.2,"family: a monster's or an enemy's, represented by `#% Monster Elemental Resistances`; reach: Fire + Resistance; listed without it by apt, cpp, pob"
pseudo.pseudo_total_fire_resistance,+#% total to Fire Resistance,#% to all Elemental Resistances per # Devotion,explicit.stat_1910205563,text-only,-,search/item-facts/data/mod-templates.csv#L2854,4,,L057.2,"represents the family `per` (4 templates); reach: Elemental + Resistances; listed without it by apt, cpp, pob"
pseudo.pseudo_total_fire_resistance,+#% total to Fire Resistance,Monster Damage Penetrates #% Elemental Resistances,explicit.stat_1898978455;fractured.stat_1898978455,text-only,-,search/item-facts/data/mod-templates.csv#L3056,4,map_monsters_penetrate_elemental_resistances_%=not local,L010.2,"family: a monster's or an enemy's, represented by `#% Monster Elemental Resistances`; reach: Elemental + Resistances; listed without it by apt, cpp, pob"
pseudo.pseudo_total_fire_resistance,+#% total to Fire Resistance,Passives granting Fire Resistance or all Elemental Resistances in Radius\nalso grant an equal chance to gain an Endurance Charge on Kill,explicit.stat_1645524575,text-only,-,search/item-facts/data/mod-templates.csv#L3075,4,local_unique_jewel_fire_resistance_also_grants_endurance_charge_on_kill_chance=local,L029.2,"family: a passive's grant, represented by `Added Small Passive Skills also grant: #% to all Elemental Resistances`; reach: Fire + Resistance; listed without it by apt, cpp, pob"
pseudo.pseudo_total_fire_resistance,+#% total to Fire Resistance,"While your Passive Skill Tree connects to a class' starting location, you gain:\nMarauder: Melee Skills have #% increased Area of Effect\nDuelist: #% of Attack Damage Leeched as Life\nRanger: #% increased Movement Speed\nShadow: #% to Critical Strike Chance\nWitch: #% of Mana Regenerated per second\nTemplar: Damage Penetrates #% Elemental Resistances\nScion: # to All Attributes",explicit.stat_769192511,text-only,-,search/item-facts/data/mod-templates.csv#L3164,4,local_unique_jewel_melee_skills_area_of_effect_+%_with_passive_tree_connected_to_marauder_start=local;local_unique_jewel_life_leech_from_attack_damage_permyriad_with_passive_tree_connected_to_duelist_start=local;local_unique_jewel_movement_speed_+%_with_passive_tree_connected_to_ranger_start=local;local_unique_jewel_additional_critical_strike_chance_permyriad_with_passive_tree_connected_to_shadow_start=local;local_unique_jewel_mana_regeneration_rate_per_minute_%_with_passive_tree_connected_to_witch_start=local;local_unique_jewel_elemental_penetration_%_with_passive_tree_connected_to_templar_start=local;local_unique_jewel_additional_all_attributes_with_passive_tree_connected_to_scion_start=local,L010.2,"family: a monster's or an enemy's, represented by `#% Monster Elemental Resistances`; reach: Elemental + Resistances; listed without it by apt, cpp, pob"
pseudo.pseudo_total_fire_resistance,+#% total to Fire Resistance,#% increased Elemental and Chaos Resistances,explicit.stat_1195367742,text-only,-,search/item-facts/data/mod-templates.csv#L3273,3,all_damage_resistance_+%=not local,L070.2,"reach: Elemental + Resistances; listed without it by apt, cpp, pob"
pseudo.pseudo_total_fire_resistance,+#% total to Fire Resistance,#% to all Elemental Resistances while you have at least # Strength,explicit.stat_2415398184,text-only,-,search/item-facts/data/mod-templates.csv#L3321,3,,L080.1,"family: while, represented by `#% to Fire Resistance while on Low Life`; reach: Elemental + Resistances; listed without it by apt, cpp, pob"
pseudo.pseudo_total_fire_resistance,+#% total to Fire Resistance,#% to all Resistances per Minion from your Non-Vaal Skills,explicit.stat_2894273152,text-only,-,search/item-facts/data/mod-templates.csv#L3322,3,all_resistances_%_per_active_minion_not_from_vaal_skills=not local,L025.2,"family: a minion's or ally's, represented by `Minions have #% to all Elemental Resistances`; reach: all + Resistances; listed without it by apt, cpp, pob"
pseudo.pseudo_total_fire_resistance,+#% total to Fire Resistance,Damage Penetrates #% Elemental Resistances if you haven't Killed Recently,explicit.stat_455556407;fractured.stat_455556407,text-only,-,search/item-facts/data/mod-templates.csv#L3466,3,damage_penetrates_%_elemental_resistance_if_enemy_not_killed_recently=not local,L010.2,"family: a monster's or an enemy's, represented by `#% Monster Elemental Resistances`; reach: Elemental + Resistances; listed without it by apt, cpp, pob"
pseudo.pseudo_total_fire_resistance,+#% total to Fire Resistance,Fire Resistance is #%,explicit.stat_763311546;implicit.stat_763311546,text-only,-,search/item-facts/data/mod-templates.csv#L3481,3,fire_damage_resistance_is_%=not local,L113.1,"reach: Fire + Resistance; listed without it by apt, cpp, pob"
pseudo.pseudo_total_fire_resistance,+#% total to Fire Resistance,"Melee Weapon Damage Penetrates #% Elemental Resistances per Mana Burn, up to a maximum of #%",explicit.stat_3685214225,text-only,-,search/item-facts/data/mod-templates.csv#L3550,3,,L010.2,"family: a monster's or an enemy's, represented by `#% Monster Elemental Resistances`; reach: Elemental + Resistances; listed without it by apt, cpp, pob"
pseudo.pseudo_total_fire_resistance,+#% total to Fire Resistance,Penetrates #% Fire Resistance,,text-only,-,search/item-facts/data/mod-templates.csv#L3591,3,,L010.2,"family: a monster's or an enemy's, represented by `#% Monster Elemental Resistances`; reach: Fire + Resistance; listed without it by apt, cpp, pob"
pseudo.pseudo_total_fire_resistance,+#% total to Fire Resistance,Raised Zombies have #% to all Resistances,explicit.stat_3150000576,text-only,-,search/item-facts/data/mod-templates.csv#L3608,3,zombie_chaos_elemental_damage_resistance_%=not local,L025.2,"family: a minion's or ally's, represented by `Minions have #% to all Elemental Resistances`; reach: all + Resistances; listed without it by apt, cpp, pob"
pseudo.pseudo_total_fire_resistance,+#% total to Fire Resistance,#% chance for Elemental Resistances to count as being #% against Enemy Hits,explicit.stat_204458505;implicit.stat_204458505,text-only,-,search/item-facts/data/mod-templates.csv#L3806,2,,L098.2,"represents the family `against` (1 templates); reach: Elemental + Resistances; listed without it by apt, cpp, pob"
pseudo.pseudo_total_fire_resistance,+#% total to Fire Resistance,#% increased maximum Life and reduced Fire Resistance,explicit.stat_3018691556,text-only,-,search/item-facts/data/mod-templates.csv#L3919,2,maximum_life_+%_and_fire_resistance_-%=not local,L119.2,"reach: Fire + Resistance; listed without it by apt, cpp, pob"
pseudo.pseudo_total_fire_resistance,+#% total to Fire Resistance,#% reduced Fire Resistance,explicit.stat_1680060098,text-only,-,search/item-facts/data/mod-templates.csv#L3942,2,fire_damage_resistance_+%=not local,L134.1,"reach: Fire + Resistance; listed without it by apt, cpp, pob"
pseudo.pseudo_total_fire_resistance,+#% total to Fire Resistance,Critical Strikes Penetrate #% of Enemy Elemental Resistances while affected by Zealotry,explicit.stat_2091518682,text-only,-,search/item-facts/data/mod-templates.csv#L4170,2,critical_strikes_penetrates_%_elemental_resistances_while_affected_by_zealotry=not local,L010.2,"family: a monster's or an enemy's, represented by `#% Monster Elemental Resistances`; reach: Elemental + Resistances; listed without it by apt, cpp, pob"
pseudo.pseudo_total_fire_resistance,+#% total to Fire Resistance,"Damage Penetrates Fire Resistance equal to your Overcapped Fire Resistance, up to a maximum of #%",explicit.stat_133804429,text-only,-,search/item-facts/data/mod-templates.csv#L4178,2,,L010.2,"family: a monster's or an enemy's, represented by `#% Monster Elemental Resistances`; reach: Fire + Resistance; listed without it by apt, cpp, pob"
pseudo.pseudo_total_fire_resistance,+#% total to Fire Resistance,Elemental Resistances are capped by your highest Maximum Elemental Resistance instead,explicit.stat_3082079953,text-only,-,search/item-facts/data/mod-templates.csv#L4189,2,elemental_resistances_are_limited_by_highest_maximum_elemental_resistance=not local,L103.2,"reach: Elemental + Resistance; listed without it by apt, cpp, pob"
pseudo.pseudo_total_fire_resistance,+#% total to Fire Resistance,Passives granting Cold Resistance or all Elemental Resistances in Radius\nalso grant Chance to Suppress Spell Damage at #% of its value,explicit.stat_1409669176,text-only,-,search/item-facts/data/mod-templates.csv#L4340,2,local_unique_jewel_cold_resistance_also_grants_spell_suppression_chance_scaled_%=local,L029.2,"family: a passive's grant, represented by `Added Small Passive Skills also grant: #% to all Elemental Resistances`; reach: Elemental + Resistance; listed without it by apt, cpp, pob"
pseudo.pseudo_total_fire_resistance,+#% total to Fire Resistance,Penetrate #% Elemental Resistances per Abyss Jewel affecting you,explicit.stat_4250752669,text-only,-,search/item-facts/data/mod-templates.csv#L4341,2,penetrate_elemental_resistance_%_per_abyssal_jewel_affecting_you=not local,L010.2,"family: a monster's or an enemy's, represented by `#% Monster Elemental Resistances`; reach: Elemental + Resistances; listed without it by apt, cpp, pob"
pseudo.pseudo_total_fire_resistance,+#% total to Fire Resistance,"While Minions have Energy Shield, their Hits Ignore Monster Elemental Resistances",explicit.stat_1360359242,text-only,-,search/item-facts/data/mod-templates.csv#L4457,2,minion_hits_ignore_enemy_elemental_resistances_while_has_energy_shield=not local,L025.2,"family: a minion's or ally's, represented by `Minions have #% to all Elemental Resistances`; reach: Elemental + Resistances; listed without it by apt, cpp, pob"
pseudo.pseudo_total_fire_resistance,+#% total to Fire Resistance,Your Hits cannot Penetrate or ignore Elemental Resistances,explicit.stat_3091072796,text-only,-,search/item-facts/data/mod-templates.csv#L4477,2,cannot_penetrate_or_ignore_elemental_resistances=not local,L010.2,"family: a monster's or an enemy's, represented by `#% Monster Elemental Resistances`; reach: Elemental + Resistances; listed without it by apt, cpp, pob"
pseudo.pseudo_total_fire_resistance,+#% total to Fire Resistance,"#% increased Elemental Damage per #% Fire, Cold, or Lightning Resistance above #%",explicit.stat_1138456002,text-only,-,search/item-facts/data/mod-templates.csv#L4706,1,,L057.2,"family: per, represented by `#% to all Elemental Resistances per # Devotion`; reach: Fire + Resistance; listed without it by apt, cpp, pob"
pseudo.pseudo_total_fire_resistance,+#% total to Fire Resistance,"#% increased Experience Gain\n#% increased Reward progress from Monster Kills\nMonsters deal #% increased Damage\nMonsters have #% increased Toughness for each time they have been Revived\nMonsters Penetrate #% of Enemy Elemental Resistances for each time\nthey have been Revived",,text-only,-,search/item-facts/data/mod-templates.csv#L4709,1,,L010.2,"family: a monster's or an enemy's, represented by `#% Monster Elemental Resistances`; reach: Elemental + Resistances; listed without it by apt, cpp, pob"
pseudo.pseudo_total_fire_resistance,+#% total to Fire Resistance,#% to Stone Golem Elemental Resistances,enchant.stat_1601558321,text-only,-,search/item-facts/data/mod-templates.csv#L6556,1,stone_golem_elemental_resistances_%=not local,L025.2,"family: a minion's or ally's, represented by `Minions have #% to all Elemental Resistances`; reach: Elemental + Resistances; listed without it by apt, cpp, pob"
pseudo.pseudo_total_fire_resistance,+#% total to Fire Resistance,#% to all Elemental Resistances per # Omniscience,explicit.stat_2569472704,text-only,-,search/item-facts/data/mod-templates.csv#L4822,1,,L057.2,"family: per, represented by `#% to all Elemental Resistances per # Devotion`; reach: Elemental + Resistances; listed without it by apt, cpp, pob"
pseudo.pseudo_total_fire_resistance,+#% total to Fire Resistance,#% to all maximum Elemental Resistances if # Shaper Items are Equipped,explicit.stat_15754647,text-only,-,search/item-facts/data/mod-templates.csv#L4823,1,,L135.2,"represents the family `if or recently` (1 templates); reach: Elemental + Resistances; listed without it by apt, cpp, pob"
pseudo.pseudo_total_fire_resistance,+#% total to Fire Resistance,Armageddon Brand Damage Penetrates #% of Branded Enemy's Fire Resistance,enchant.stat_1715805151,text-only,-,search/item-facts/data/mod-templates.csv#L6697,1,armageddon_brand_attached_target_fire_penetration_%=not local,L010.2,"family: a monster's or an enemy's, represented by `#% Monster Elemental Resistances`; reach: Fire + Resistance; listed without it by apt, cpp, pob"
pseudo.pseudo_total_fire_resistance,+#% total to Fire Resistance,Armour is increased by Overcapped Fire Resistance,explicit.stat_2129352930;fractured.stat_2129352930,text-only,-,search/item-facts/data/mod-templates.csv#L5085,1,armour_increased_by_overcapped_fire_resistance=not local,L162.1,"reach: Fire + Resistance; listed without it by apt, cpp, pob"
pseudo.pseudo_total_fire_resistance,+#% total to Fire Resistance,Armour: #% to [Resistances|Fire Resistance],,text-only,-,search/item-facts/data/mod-templates.csv#L5086,1,,none: no stat id displays this text,"family: a description, represented by `Armour: (#-#)% to Fire Resistance`; reach: Fire + Resistance; listed without it by apt, cpp, pob"
pseudo.pseudo_total_fire_resistance,+#% total to Fire Resistance,Attacks with this Weapon Penetrate #% Fire Resistance,explicit.stat_3398283493;fractured.stat_3398283493,text-only,-,search/item-facts/data/mod-templates.csv#L5092,1,local_fire_penetration_%=local,L010.2,"family: a monster's or an enemy's, represented by `#% Monster Elemental Resistances`; reach: Fire + Resistance; listed without it by apt, cpp, pob"
pseudo.pseudo_total_fire_resistance,+#% total to Fire Resistance,Belt: Damage Penetrates #% Elemental Resistances during any Flask Effect,,text-only,-,search/item-facts/data/mod-templates.csv#L5103,1,,L010.2,"family: a monster's or an enemy's, represented by `#% Monster Elemental Resistances`; reach: Elemental + Resistances; listed without it by apt, cpp, pob"
pseudo.pseudo_total_fire_resistance,+#% total to Fire Resistance,Hits ignore Enemy Monster Fire Resistance while you are Ignited,explicit.stat_4040152475,text-only,-,search/item-facts/data/mod-templates.csv#L5290,1,hits_ignore_enemy_fire_resistance_while_you_are_ignited=not local,L010.2,"family: a monster's or an enemy's, represented by `#% Monster Elemental Resistances`; reach: Fire + Resistance; listed without it by apt, cpp, pob"
pseudo.pseudo_total_fire_resistance,+#% total to Fire Resistance,Melee Weapon Damage Penetrates #% Elemental Resistances,explicit.stat_2499808413,text-only,-,search/item-facts/data/mod-templates.csv#L5352,1,,L010.2,"family: a monster's or an enemy's, represented by `#% Monster Elemental Resistances`; reach: Elemental + Resistances; listed without it by apt, cpp, pob"
pseudo.pseudo_total_fire_resistance,+#% total to Fire Resistance,Nearby Enemies have #% to Fire Resistance,explicit.stat_3914021960;fractured.stat_3914021960;scourge.stat_3914021960,text-only,-,search/item-facts/data/mod-templates.csv#L6919,1,local_display_nearby_enemy_fire_damage_resistance_%=local,L010.2,"family: a monster's or an enemy's, represented by `#% Monster Elemental Resistances`; reach: Fire + Resistance; listed without it by apt, cpp, pob"
pseudo.pseudo_total_fire_resistance,+#% total to Fire Resistance,Passives granting Cold Resistance or all Elemental Resistances in Radius\nalso grant an equal chance to gain a Frenzy Charge on Kill,explicit.stat_509677462,text-only,-,search/item-facts/data/mod-templates.csv#L5408,1,local_unique_jewel_cold_resistance_also_grants_frenzy_charge_on_kill_chance=local,L029.2,"family: a passive's grant, represented by `Added Small Passive Skills also grant: #% to all Elemental Resistances`; reach: Elemental + Resistance; listed without it by apt, cpp, pob"
pseudo.pseudo_total_fire_resistance,+#% total to Fire Resistance,Passives granting Fire Resistance or all Elemental Resistances in Radius\nalso grant increased Maximum Life at #% of its value,explicit.stat_4068640319,text-only,-,search/item-facts/data/mod-templates.csv#L5409,1,local_unique_jewel_fire_resistance_also_grants_maximum_life_scaled_%=local,L029.2,"family: a passive's grant, represented by `Added Small Passive Skills also grant: #% to all Elemental Resistances`; reach: Fire + Resistance; listed without it by apt, cpp, pob"
pseudo.pseudo_total_fire_resistance,+#% total to Fire Resistance,Passives granting Lightning Resistance or all Elemental Resistances in Radius\nalso grant an equal chance to gain a Power Charge on Kill,explicit.stat_926444104,text-only,-,search/item-facts/data/mod-templates.csv#L5410,1,local_unique_jewel_lightning_resistance_also_grants_power_charge_on_kill_chance=local,L029.2,"family: a passive's grant, represented by `Added Small Passive Skills also grant: #% to all Elemental Resistances`; reach: Elemental + Resistance; listed without it by apt, cpp, pob"
pseudo.pseudo_total_fire_resistance,+#% total to Fire Resistance,Passives granting Lightning Resistance or all Elemental Resistances in Radius\nalso grant increased Maximum Energy Shield at #% of its value,explicit.stat_1348513056,text-only,-,search/item-facts/data/mod-templates.csv#L5411,1,local_unique_jewel_lightning_resistance_also_grants_maximum_energy_shield_scaled_%=local,L029.2,"family: a passive's grant, represented by `Added Small Passive Skills also grant: #% to all Elemental Resistances`; reach: Elemental + Resistance; listed without it by apt, cpp, pob"
pseudo.pseudo_total_fire_resistance,+#% total to Fire Resistance,Penetrate #% Elemental Resistances per # Omniscience,explicit.stat_2757041809,text-only,-,search/item-facts/data/mod-templates.csv#L5412,1,,L010.2,"family: a monster's or an enemy's, represented by `#% Monster Elemental Resistances`; reach: Elemental + Resistances; listed without it by apt, cpp, pob"
pseudo.pseudo_total_fire_resistance,+#% total to Fire Resistance,Summoned Carrion Golems have #% to all Elemental Resistances,enchant.stat_59544006,text-only,-,search/item-facts/data/mod-templates.csv#L6795,1,bone_golem_elemental_resistances_%=not local,L025.2,"family: a minion's or ally's, represented by `Minions have #% to all Elemental Resistances`; reach: Elemental + Resistances; listed without it by apt, cpp, pob"
pseudo.pseudo_total_lightning_resistance,+#% total to Lightning Resistance,#% to All Resistances,explicit.stat_2016723660;fractured.stat_2016723660,sources-differ,1;absent;absent,"awakened-poe-trade@ce551eb7:renderer/src/web/price-check/filters/pseudo/index.ts#L8,L68-L74;search/cpp-search/data/pseudomods.toml#L28-L35;PathOfBuilding@16de4b82:src/Classes/TradeQueryGenerator.lua#L999-L1031",0,,L001.3,"named by apt; left out by cpp, pob, which list this pseudo's lines"
pseudo.pseudo_total_lightning_resistance,+#% total to Lightning Resistance,#% Monster Elemental Resistances,explicit.stat_1054098949;fractured.stat_1054098949,text-only,-,search/item-facts/data/mod-templates.csv#L92,219,map_monsters_additional_elemental_resistance=not local,L010.3,"represents the family `a monster's or an enemy's` (36 templates); reach: Elemental + Resistances; listed without it by apt, cpp, pob"
pseudo.pseudo_total_lightning_resistance,+#% total to Lightning Resistance,Players have #% to all maximum Resistances,explicit.stat_3376488707;fractured.stat_3376488707,text-only,-,search/item-facts/data/mod-templates.csv#L98,205,map_additional_player_maximum_resistances_%=not local,L010.3,"family: a monster's or an enemy's, represented by `#% Monster Elemental Resistances`; reach: all + Resistances; listed without it by apt, cpp, pob"
pseudo.pseudo_total_lightning_resistance,+#% total to Lightning Resistance,#% to maximum Lightning Resistance,enchant.stat_1011760251;explicit.stat_1011760251;fractured.stat_1011760251;implicit.stat_1011760251;scourge.stat_1011760251,text-only,-,search/item-facts/data/mod-templates.csv#L6217,139,base_maximum_lightning_damage_resistance_%=not local,L020.1,"reach: Lightning + Resistance; listed without it by apt, cpp, pob"
pseudo.pseudo_total_lightning_resistance,+#% total to Lightning Resistance,#% additional Elemental Resistances during Effect,explicit.stat_962725504;fractured.stat_962725504,text-only,-,search/item-facts/data/mod-templates.csv#L269,66,local_flask_resistances_+%_while_healing=local,L024.3,"represents the family `during a flask's effect` (2 templates); reach: Elemental + Resistances; listed without it by apt, cpp, pob"
pseudo.pseudo_total_lightning_resistance,+#% total to Lightning Resistance,Added Small Passive Skills also grant: #% to all Elemental Resistances,explicit.stat_2669029667;fractured.stat_2669029667,text-only,-,search/item-facts/data/mod-templates.csv#L296,61,local_affliction_jewel_small_nodes_grant_elemental_resistance_%=local,L029.3,"represents the family `a passive's grant` (10 templates); reach: Elemental + Resistances; listed without it by apt, cpp, pob"
pseudo.pseudo_total_lightning_resistance,+#% total to Lightning Resistance,Minions have #% to all Elemental Resistances,crafted.stat_1423639565;explicit.stat_1423639565;fractured.stat_1423639565;implicit.stat_1423639565;scourge.stat_1423639565,text-only,-,search/item-facts/data/mod-templates.csv#L543,54,minion_elemental_resistance_%=not local,L025.3,"represents the family `a minion's or ally's` (13 templates); reach: Elemental + Resistances; listed without it by apt, cpp, pob"
pseudo.pseudo_total_lightning_resistance,+#% total to Lightning Resistance,#% Player Lightning Resistance per #% Alert Level,explicit.stat_3839688967;fractured.stat_3839688967,text-only,-,search/item-facts/data/mod-templates.csv#L398,45,,L010.3,"family: a monster's or an enemy's, represented by `#% Monster Elemental Resistances`; reach: Lightning + Resistance; listed without it by apt, cpp, pob"
pseudo.pseudo_total_lightning_resistance,+#% total to Lightning Resistance,You and nearby allies gain #% to all Elemental Resistances,,text-only,-,search/item-facts/data/mod-templates.csv#L415,43,,L025.3,"family: a minion's or ally's, represented by `Minions have #% to all Elemental Resistances`; reach: Elemental + Resistances; listed without it by apt, cpp, pob"
pseudo.pseudo_total_lightning_resistance,+#% total to Lightning Resistance,Added Small Passive Skills also grant: #% to Lightning Resistance,explicit.stat_2250780084;fractured.stat_2250780084,text-only,-,search/item-facts/data/mod-templates.csv#L537,33,local_affliction_jewel_small_nodes_grant_lightning_resistance_%=local,L029.3,"family: a passive's grant, represented by `Added Small Passive Skills also grant: #% to all Elemental Resistances`; reach: Lightning + Resistance; listed without it by apt, cpp, pob"
pseudo.pseudo_total_lightning_resistance,+#% total to Lightning Resistance,Damage Penetrates #% Lightning Resistance,enchant.stat_818778753;explicit.stat_818778753;fractured.stat_818778753;implicit.stat_818778753;scourge.stat_818778753,text-only,-,search/item-facts/data/mod-templates.csv#L710,33,base_reduce_enemy_lightning_resistance_%=not local,L010.3,"family: a monster's or an enemy's, represented by `#% Monster Elemental Resistances`; reach: Lightning + Resistance; listed without it by apt, cpp, pob"
pseudo.pseudo_total_lightning_resistance,+#% total to Lightning Resistance,Exposure applies #% to Elemental Resistance matching highest Damage taken,,text-only,-,search/item-facts/data/mod-templates.csv#L680,26,,L010.3,"family: a monster's or an enemy's, represented by `#% Monster Elemental Resistances`; reach: Elemental + Resistance; listed without it by apt, cpp, pob"
pseudo.pseudo_total_lightning_resistance,+#% total to Lightning Resistance,Supported Skills Penetrate #% Lightning Resistance,,text-only,-,search/item-facts/data/mod-templates.csv#L715,25,,L010.3,"family: a monster's or an enemy's, represented by `#% Monster Elemental Resistances`; reach: Lightning + Resistance; listed without it by apt, cpp, pob"
pseudo.pseudo_total_lightning_resistance,+#% total to Lightning Resistance,You and nearby allies gain #% additional Lightning Resistance,,text-only,-,search/item-facts/data/mod-templates.csv#L750,24,,L025.3,"family: a minion's or ally's, represented by `Minions have #% to all Elemental Resistances`; reach: Lightning + Resistance; listed without it by apt, cpp, pob"
pseudo.pseudo_total_lightning_resistance,+#% total to Lightning Resistance,Cursed enemies have #% to Elemental Resistances,,text-only,-,search/item-facts/data/mod-templates.csv#L870,20,,L010.3,"family: a monster's or an enemy's, represented by `#% Monster Elemental Resistances`; reach: Elemental + Resistances; listed without it by apt, cpp, pob"
pseudo.pseudo_total_lightning_resistance,+#% total to Lightning Resistance,Cursed enemies have #% to Lightning Resistance,,text-only,-,search/item-facts/data/mod-templates.csv#L898,19,,L010.3,"family: a monster's or an enemy's, represented by `#% Monster Elemental Resistances`; reach: Lightning + Resistance; listed without it by apt, cpp, pob"
pseudo.pseudo_total_lightning_resistance,+#% total to Lightning Resistance,Attacks with this Weapon Penetrate #% Elemental Resistances,crafted.stat_4064396395;explicit.stat_4064396395;fractured.stat_4064396395;implicit.stat_4064396395,text-only,-,search/item-facts/data/mod-templates.csv#L1118,15,local_elemental_penetration_%=local,L010.3,"family: a monster's or an enemy's, represented by `#% Monster Elemental Resistances`; reach: Elemental + Resistances; listed without it by apt, cpp, pob"
pseudo.pseudo_total_lightning_resistance,+#% total to Lightning Resistance,"During Effect, #% reduced Damage taken of each Element for which your Uncapped Elemental Resistance is lowest",explicit.stat_1869678332,text-only,-,search/item-facts/data/mod-templates.csv#L1140,15,local_unique_flask_elemental_damage_taken_+%_of_lowest_uncapped_resistance_type=local,L037.3,"reach: Elemental + Resistance; listed without it by apt, cpp, pob"
pseudo.pseudo_total_lightning_resistance,+#% total to Lightning Resistance,"During Effect, Damage Penetrates #% Resistance of each Element for which your Uncapped Elemental Resistance is highest",explicit.stat_2444301311,text-only,-,search/item-facts/data/mod-templates.csv#L1141,15,local_unique_flask_elemental_penetration_%_of_highest_uncapped_resistance_type=local,L010.3,"family: a monster's or an enemy's, represented by `#% Monster Elemental Resistances`; reach: Elemental + Resistance; listed without it by apt, cpp, pob"
pseudo.pseudo_total_lightning_resistance,+#% total to Lightning Resistance,#% to all maximum Resistances,explicit.stat_569299859;fractured.stat_569299859;implicit.stat_569299859,text-only,-,search/item-facts/data/mod-templates.csv#L1897,14,additional_maximum_all_resistances_%=not local,L035.3,"reach: all + Resistances; listed without it by apt, cpp, pob"
pseudo.pseudo_total_lightning_resistance,+#% total to Lightning Resistance,Armour: (#-#)% to Lightning Resistance,,text-only,-,search/item-facts/data/mod-templates.csv#L1205,14,,none: no stat id displays this text,"represents the family `a description` (3 templates); reach: Lightning + Resistance; listed without it by apt, cpp, pob"
pseudo.pseudo_total_lightning_resistance,+#% total to Lightning Resistance,Belt: (#-#)% to Lightning Resistance,,text-only,-,search/item-facts/data/mod-templates.csv#L1209,14,,none: no stat id displays this text,"family: a description, represented by `Armour: (#-#)% to Lightning Resistance`; reach: Lightning + Resistance; listed without it by apt, cpp, pob"
pseudo.pseudo_total_lightning_resistance,+#% total to Lightning Resistance,Passive Skills in Radius can be Allocated without being connected to your tree\n#% to all Elemental Resistances\nPassage,crafted.stat_2901986750;explicit.stat_1725885727;explicit.stat_2901986750;fractured.stat_2901986750;implicit.stat_2901986750;scourge.stat_2901986750,text-only,-,search/item-facts/data/mod-templates.csv#L1253,14,local_unique_jewel_nearby_disconnected_passives_can_be_allocated=local;unique_thread_of_hope_base_resist_all_elements_%=not local,L029.3,"family: a passive's grant, represented by `Added Small Passive Skills also grant: #% to all Elemental Resistances`; reach: Elemental + Resistances; listed without it by apt, cpp, pob"
pseudo.pseudo_total_lightning_resistance,+#% total to Lightning Resistance,Quiver: (#-#)% to Lightning Resistance,,text-only,-,search/item-facts/data/mod-templates.csv#L1256,14,,none: no stat id displays this text,"family: a description, represented by `Armour: (#-#)% to Lightning Resistance`; reach: Lightning + Resistance; listed without it by apt, cpp, pob"
pseudo.pseudo_total_lightning_resistance,+#% total to Lightning Resistance,Damage Penetrates #% Elemental Resistances,explicit.stat_2101383955;fractured.stat_2101383955;implicit.stat_2101383955,text-only,-,search/item-facts/data/mod-templates.csv#L5806,13,reduce_enemy_elemental_resistance_%=not local,L010.3,"family: a monster's or an enemy's, represented by `#% Monster Elemental Resistances`; reach: Elemental + Resistances; listed without it by apt, cpp, pob"
pseudo.pseudo_total_lightning_resistance,+#% total to Lightning Resistance,One Handed Weapon: Damage Penetrates #% Lightning Resistance,,text-only,-,search/item-facts/data/mod-templates.csv#L1533,11,,L010.3,"family: a monster's or an enemy's, represented by `#% Monster Elemental Resistances`; reach: Lightning + Resistance; listed without it by apt, cpp, pob"
pseudo.pseudo_total_lightning_resistance,+#% total to Lightning Resistance,Two Handed Weapon: Damage Penetrates (#-#)% Lightning Resistance,,text-only,-,search/item-facts/data/mod-templates.csv#L1558,11,,L010.3,"family: a monster's or an enemy's, represented by `#% Monster Elemental Resistances`; reach: Lightning + Resistance; listed without it by apt, cpp, pob"
pseudo.pseudo_total_lightning_resistance,+#% total to Lightning Resistance,Damage with Weapons Penetrates #% Elemental Resistances,explicit.stat_1736172673,text-only,-,search/item-facts/data/mod-templates.csv#L1617,10,reduce_enemy_elemental_resistance_with_weapons_%=not local,L010.3,"family: a monster's or an enemy's, represented by `#% Monster Elemental Resistances`; reach: Elemental + Resistances; listed without it by apt, cpp, pob"
pseudo.pseudo_total_lightning_resistance,+#% total to Lightning Resistance,Supported Skills penetrate #% Elemental Resistances while each Resonance is at least #,,text-only,-,search/item-facts/data/mod-templates.csv#L1669,10,,L122.1,"family: while, represented by `#% to all maximum Resistances while you have no Endurance Charges`; reach: Elemental + Resistances; listed without it by apt, cpp, pob"
pseudo.pseudo_total_lightning_resistance,+#% total to Lightning Resistance,You and nearby allies gain #% additional maximum Lightning Resistance,,text-only,-,search/item-facts/data/mod-templates.csv#L1681,10,,L025.3,"family: a minion's or ally's, represented by `Minions have #% to all Elemental Resistances`; reach: Lightning + Resistance; listed without it by apt, cpp, pob"
pseudo.pseudo_total_lightning_resistance,+#% total to Lightning Resistance,#% to Elemental Resistances during Effect,explicit.stat_3110554274,text-only,-,search/item-facts/data/mod-templates.csv#L1893,8,local_unique_flask_resist_all_elements_%_during_flask_effect=local,L024.3,"family: during a flask's effect, represented by `#% additional Elemental Resistances during Effect`; reach: Elemental + Resistances; listed without it by apt, cpp, pob"
pseudo.pseudo_total_lightning_resistance,+#% total to Lightning Resistance,#% to Lightning Resistance when Socketed with a Blue Gem,explicit.stat_289814996,text-only,-,search/item-facts/data/mod-templates.csv#L1896,8,unique_lightning_damage_resistance_%_when_blue_gem_socketed=local,L121.1,"represents the family `a socketed gem's or skill's` (1 templates); reach: Lightning + Resistance; listed without it by apt, cpp, pob"
pseudo.pseudo_total_lightning_resistance,+#% total to Lightning Resistance,#% to all maximum Resistances while you have no Endurance Charges,explicit.stat_3635566977;implicit.stat_3635566977,text-only,-,search/item-facts/data/mod-templates.csv#L1898,8,additional_maximum_all_resistances_%_with_no_endurance_charges=not local,L122.1,"represents the family `while` (5 templates); reach: all + Resistances; listed without it by apt, cpp, pob"
pseudo.pseudo_total_lightning_resistance,+#% total to Lightning Resistance,"Buff grants #% to all Elemental Resistances per # power, counting a maximum of # Power",,text-only,-,search/item-facts/data/mod-templates.csv#L1908,8,,L057.3,"family: per, represented by `#% to all Elemental Resistances per # Devotion`; reach: Elemental + Resistances; listed without it by apt, cpp, pob"
pseudo.pseudo_total_lightning_resistance,+#% total to Lightning Resistance,Damage Penetrates #% of Enemy Elemental Resistances,explicit.stat_697807915;scourge.stat_697807915,text-only,-,search/item-facts/data/mod-templates.csv#L1925,8,base_penetrate_elemental_resistances_%=not local,L010.3,"family: a monster's or an enemy's, represented by `#% Monster Elemental Resistances`; reach: Elemental + Resistances; listed without it by apt, cpp, pob"
pseudo.pseudo_total_lightning_resistance,+#% total to Lightning Resistance,Minions from Supported Skills have #% to all Elemental Resistances,,text-only,-,search/item-facts/data/mod-templates.csv#L1972,8,,L025.3,"family: a minion's or ally's, represented by `Minions have #% to all Elemental Resistances`; reach: Elemental + Resistances; listed without it by apt, cpp, pob"
pseudo.pseudo_total_lightning_resistance,+#% total to Lightning Resistance,Minions from Supported Skills have #% to all maximum Elemental Resistances,,text-only,-,search/item-facts/data/mod-templates.csv#L1973,8,,L025.3,"family: a minion's or ally's, represented by `Minions have #% to all Elemental Resistances`; reach: Elemental + Resistances; listed without it by apt, cpp, pob"
pseudo.pseudo_total_lightning_resistance,+#% total to Lightning Resistance,"Minions from Supported Skills inflict Exposure on Hit, applying #% to the Elemental Resistance matching highest Damage type taken by Enemy",,text-only,-,search/item-facts/data/mod-templates.csv#L1974,8,,L025.3,"family: a minion's or ally's, represented by `Minions have #% to all Elemental Resistances`; reach: Elemental + Resistance; listed without it by apt, cpp, pob"
pseudo.pseudo_total_lightning_resistance,+#% total to Lightning Resistance,#% to Lightning Resistance while affected by Herald of Thunder,explicit.stat_2687017988,text-only,-,search/item-facts/data/mod-templates.csv#L2096,7,lightning_damage_resistance_%_while_affected_by_herald_of_thunder=not local,L122.1,"family: while, represented by `#% to all maximum Resistances while you have no Endurance Charges`; reach: Lightning + Resistance; listed without it by apt, cpp, pob"
pseudo.pseudo_total_lightning_resistance,+#% total to Lightning Resistance,#% to maximum Lightning Resistance while affected by Herald of Thunder,explicit.stat_3259396413,text-only,-,search/item-facts/data/mod-templates.csv#L2097,7,maximum_lightning_damage_resistance_%_while_affected_by_herald_of_thunder=not local,L122.1,"family: while, represented by `#% to all maximum Resistances while you have no Endurance Charges`; reach: Lightning + Resistance; listed without it by apt, cpp, pob"
pseudo.pseudo_total_lightning_resistance,+#% total to Lightning Resistance,Elemental Resistances are Zero,explicit.stat_85576425;implicit.stat_85576425,text-only,-,search/item-facts/data/mod-templates.csv#L2116,7,zero_elemental_resistance=local,L052.3,"reach: Elemental + Resistances; listed without it by apt, cpp, pob"
pseudo.pseudo_total_lightning_resistance,+#% total to Lightning Resistance,Totems gain #% to all Elemental Resistances,explicit.stat_1809006367;fractured.stat_1809006367;implicit.stat_1809006367;scourge.stat_1809006367,text-only,-,search/item-facts/data/mod-templates.csv#L2180,7,totem_elemental_resistance_%=not local,L025.3,"family: a minion's or ally's, represented by `Minions have #% to all Elemental Resistances`; reach: Elemental + Resistances; listed without it by apt, cpp, pob"
pseudo.pseudo_total_lightning_resistance,+#% total to Lightning Resistance,#% reduced Elemental Resistances,explicit.stat_76848920;implicit.stat_76848920,text-only,-,search/item-facts/data/mod-templates.csv#L2269,6,elemental_damage_resistance_+%=not local,L054.3,"reach: Elemental + Resistances; listed without it by apt, cpp, pob"
pseudo.pseudo_total_lightning_resistance,+#% total to Lightning Resistance,#% to [Resistances|Lightning Resistance],crafted.stat_1671376347;explicit.stat_1671376347;fractured.stat_1671376347;implicit.stat_1671376347;scourge.stat_1671376347,text-only,-,search/item-facts/data/mod-templates.csv#L2515,6,base_lightning_damage_resistance_%=not local,L071.1,"reach: Lightning + Resistance; listed without it by apt, cpp, pob"
pseudo.pseudo_total_lightning_resistance,+#% total to Lightning Resistance,"Drenched Enemies have Cold and Lightning Exposure, applying #% to Resistances",,text-only,-,search/item-facts/data/mod-templates.csv#L2593,5,,L010.3,"family: a monster's or an enemy's, represented by `#% Monster Elemental Resistances`; reach: Lightning + Resistances; listed without it by apt, cpp, pob"
pseudo.pseudo_total_lightning_resistance,+#% total to Lightning Resistance,#% to all Elemental Resistances per # Devotion,explicit.stat_1910205563,text-only,-,search/item-facts/data/mod-templates.csv#L2854,4,,L057.3,"represents the family `per` (5 templates); reach: Elemental + Resistances; listed without it by apt, cpp, pob"
pseudo.pseudo_total_lightning_resistance,+#% total to Lightning Resistance,Added Small Passive Skills grant: #% to Lightning Resistance,,text-only,-,search/item-facts/data/mod-templates.csv#L6314,4,,L029.3,"family: a passive's grant, represented by `Added Small Passive Skills also grant: #% to all Elemental Resistances`; reach: Lightning + Resistance; listed without it by apt, cpp, pob"
pseudo.pseudo_total_lightning_resistance,+#% total to Lightning Resistance,Attacks with this Weapon Penetrate #% Lightning Resistance,explicit.stat_2387539034;fractured.stat_2387539034,text-only,-,search/item-facts/data/mod-templates.csv#L2946,4,local_lightning_penetration_%=local,L010.3,"family: a monster's or an enemy's, represented by `#% Monster Elemental Resistances`; reach: Lightning + Resistance; listed without it by apt, cpp, pob"
pseudo.pseudo_total_lightning_resistance,+#% total to Lightning Resistance,"Inflict Lightning Exposure on Hit, applying #% to Lightning Resistance",implicit.stat_981753179,text-only,-,search/item-facts/data/mod-templates.csv#L5921,4,lightning_exposure_on_hit_magnitude=not local,L010.3,"family: a monster's or an enemy's, represented by `#% Monster Elemental Resistances`; reach: Lightning + Resistance; listed without it by apt, cpp, pob"
pseudo.pseudo_total_lightning_resistance,+#% total to Lightning Resistance,Lightning Resistance does not affect Lightning Damage taken,explicit.stat_3999959974,text-only,-,search/item-facts/data/mod-templates.csv#L3041,4,lightning_resistance_does_not_apply_to_lighting_damage=not local,L091.1,"reach: Lightning + Resistance; listed without it by apt, cpp, pob"
pseudo.pseudo_total_lightning_resistance,+#% total to Lightning Resistance,Monster Damage Penetrates #% Elemental Resistances,explicit.stat_1898978455;fractured.stat_1898978455,text-only,-,search/item-facts/data/mod-templates.csv#L3056,4,map_monsters_penetrate_elemental_resistances_%=not local,L010.3,"family: a monster's or an enemy's, represented by `#% Monster Elemental Resistances`; reach: Elemental + Resistances; listed without it by apt, cpp, pob"
pseudo.pseudo_total_lightning_resistance,+#% total to Lightning Resistance,Nearby Enemies have Lightning Resistance equal to yours,explicit.stat_3549734978,text-only,-,search/item-facts/data/mod-templates.csv#L3066,4,nearby_enemies_lightning_resist_equal_to_yours=not local,L010.3,"family: a monster's or an enemy's, represented by `#% Monster Elemental Resistances`; reach: Lightning + Resistance; listed without it by apt, cpp, pob"
pseudo.pseudo_total_lightning_resistance,+#% total to Lightning Resistance,Passives granting Fire Resistance or all Elemental Resistances in Radius\nalso grant an equal chance to gain an Endurance Charge on Kill,explicit.stat_1645524575,text-only,-,search/item-facts/data/mod-templates.csv#L3075,4,local_unique_jewel_fire_resistance_also_grants_endurance_charge_on_kill_chance=local,L029.3,"family: a passive's grant, represented by `Added Small Passive Skills also grant: #% to all Elemental Resistances`; reach: Elemental + Resistance; listed without it by apt, cpp, pob"
pseudo.pseudo_total_lightning_resistance,+#% total to Lightning Resistance,"While your Passive Skill Tree connects to a class' starting location, you gain:\nMarauder: Melee Skills have #% increased Area of Effect\nDuelist: #% of Attack Damage Leeched as Life\nRanger: #% increased Movement Speed\nShadow: #% to Critical Strike Chance\nWitch: #% of Mana Regenerated per second\nTemplar: Damage Penetrates #% Elemental Resistances\nScion: # to All Attributes",explicit.stat_769192511,text-only,-,search/item-facts/data/mod-templates.csv#L3164,4,local_unique_jewel_melee_skills_area_of_effect_+%_with_passive_tree_connected_to_marauder_start=local;local_unique_jewel_life_leech_from_attack_damage_permyriad_with_passive_tree_connected_to_duelist_start=local;local_unique_jewel_movement_speed_+%_with_passive_tree_connected_to_ranger_start=local;local_unique_jewel_additional_critical_strike_chance_permyriad_with_passive_tree_connected_to_shadow_start=local;local_unique_jewel_mana_regeneration_rate_per_minute_%_with_passive_tree_connected_to_witch_start=local;local_unique_jewel_elemental_penetration_%_with_passive_tree_connected_to_templar_start=local;local_unique_jewel_additional_all_attributes_with_passive_tree_connected_to_scion_start=local,L010.3,"family: a monster's or an enemy's, represented by `#% Monster Elemental Resistances`; reach: Elemental + Resistances; listed without it by apt, cpp, pob"
pseudo.pseudo_total_lightning_resistance,+#% total to Lightning Resistance,#% increased Elemental and Chaos Resistances,explicit.stat_1195367742,text-only,-,search/item-facts/data/mod-templates.csv#L3273,3,all_damage_resistance_+%=not local,L070.3,"reach: Elemental + Resistances; listed without it by apt, cpp, pob"
pseudo.pseudo_total_lightning_resistance,+#% total to Lightning Resistance,#% increased Global maximum Energy Shield and reduced Lightning Resistance,explicit.stat_1381972535,text-only,-,search/item-facts/data/mod-templates.csv#L3275,3,maximum_energy_shield_+%_and_lightning_resistance_-%=not local,L104.1,"reach: Lightning + Resistance; listed without it by apt, cpp, pob"
pseudo.pseudo_total_lightning_resistance,+#% total to Lightning Resistance,#% reduced Lightning Resistance,explicit.stat_2249211872,text-only,-,search/item-facts/data/mod-templates.csv#L3305,3,lightning_damage_resistance_+%=not local,L109.1,"reach: Lightning + Resistance; listed without it by apt, cpp, pob"
pseudo.pseudo_total_lightning_resistance,+#% total to Lightning Resistance,#% to all Elemental Resistances while you have at least # Strength,explicit.stat_2415398184,text-only,-,search/item-facts/data/mod-templates.csv#L3321,3,,L122.1,"family: while, represented by `#% to all maximum Resistances while you have no Endurance Charges`; reach: Elemental + Resistances; listed without it by apt, cpp, pob"
pseudo.pseudo_total_lightning_resistance,+#% total to Lightning Resistance,#% to all Resistances per Minion from your Non-Vaal Skills,explicit.stat_2894273152,text-only,-,search/item-facts/data/mod-templates.csv#L3322,3,all_resistances_%_per_active_minion_not_from_vaal_skills=not local,L025.3,"family: a minion's or ally's, represented by `Minions have #% to all Elemental Resistances`; reach: all + Resistances; listed without it by apt, cpp, pob"
pseudo.pseudo_total_lightning_resistance,+#% total to Lightning Resistance,Damage Penetrates #% Elemental Resistances if you haven't Killed Recently,explicit.stat_455556407;fractured.stat_455556407,text-only,-,search/item-facts/data/mod-templates.csv#L3466,3,damage_penetrates_%_elemental_resistance_if_enemy_not_killed_recently=not local,L010.3,"family: a monster's or an enemy's, represented by `#% Monster Elemental Resistances`; reach: Elemental + Resistances; listed without it by apt, cpp, pob"
pseudo.pseudo_total_lightning_resistance,+#% total to Lightning Resistance,"Melee Weapon Damage Penetrates #% Elemental Resistances per Mana Burn, up to a maximum of #%",explicit.stat_3685214225,text-only,-,search/item-facts/data/mod-templates.csv#L3550,3,,L010.3,"family: a monster's or an enemy's, represented by `#% Monster Elemental Resistances`; reach: Elemental + Resistances; listed without it by apt, cpp, pob"
pseudo.pseudo_total_lightning_resistance,+#% total to Lightning Resistance,Raised Zombies have #% to all Resistances,explicit.stat_3150000576,text-only,-,search/item-facts/data/mod-templates.csv#L3608,3,zombie_chaos_elemental_damage_resistance_%=not local,L025.3,"family: a minion's or ally's, represented by `Minions have #% to all Elemental Resistances`; reach: all + Resistances; listed without it by apt, cpp, pob"
pseudo.pseudo_total_lightning_resistance,+#% total to Lightning Resistance,#% chance for Elemental Resistances to count as being #% against Enemy Hits,explicit.stat_204458505;implicit.stat_204458505,text-only,-,search/item-facts/data/mod-templates.csv#L3806,2,,L098.3,"represents the family `against` (1 templates); reach: Elemental + Resistances; listed without it by apt, cpp, pob"
pseudo.pseudo_total_lightning_resistance,+#% total to Lightning Resistance,#% increased Lightning Damage per #% Lightning Resistance above #%,explicit.stat_2642525868,text-only,-,search/item-facts/data/mod-templates.csv#L3895,2,,L057.3,"family: per, represented by `#% to all Elemental Resistances per # Devotion`; reach: Lightning + Resistance; listed without it by apt, cpp, pob"
pseudo.pseudo_total_lightning_resistance,+#% total to Lightning Resistance,Critical Strikes Penetrate #% of Enemy Elemental Resistances while affected by Zealotry,explicit.stat_2091518682,text-only,-,search/item-facts/data/mod-templates.csv#L4170,2,critical_strikes_penetrates_%_elemental_resistances_while_affected_by_zealotry=not local,L010.3,"family: a monster's or an enemy's, represented by `#% Monster Elemental Resistances`; reach: Elemental + Resistances; listed without it by apt, cpp, pob"
pseudo.pseudo_total_lightning_resistance,+#% total to Lightning Resistance,Elemental Resistances are capped by your highest Maximum Elemental Resistance instead,explicit.stat_3082079953,text-only,-,search/item-facts/data/mod-templates.csv#L4189,2,elemental_resistances_are_limited_by_highest_maximum_elemental_resistance=not local,L103.3,"reach: Elemental + Resistance; listed without it by apt, cpp, pob"
pseudo.pseudo_total_lightning_resistance,+#% total to Lightning Resistance,Lightning Trap Damage Penetrates #% Lightning Resistance,enchant.stat_1557531966,text-only,-,search/item-facts/data/mod-templates.csv#L6441,2,lightning_trap_lightning_resistance_penetration_%=not local,L010.3,"family: a monster's or an enemy's, represented by `#% Monster Elemental Resistances`; reach: Lightning + Resistance; listed without it by apt, cpp, pob"
pseudo.pseudo_total_lightning_resistance,+#% total to Lightning Resistance,Passives granting Cold Resistance or all Elemental Resistances in Radius\nalso grant Chance to Suppress Spell Damage at #% of its value,explicit.stat_1409669176,text-only,-,search/item-facts/data/mod-templates.csv#L4340,2,local_unique_jewel_cold_resistance_also_grants_spell_suppression_chance_scaled_%=local,L029.3,"family: a passive's grant, represented by `Added Small Passive Skills also grant: #% to all Elemental Resistances`; reach: Elemental + Resistance; listed without it by apt, cpp, pob"
pseudo.pseudo_total_lightning_resistance,+#% total to Lightning Resistance,Penetrate #% Elemental Resistances per Abyss Jewel affecting you,explicit.stat_4250752669,text-only,-,search/item-facts/data/mod-templates.csv#L4341,2,penetrate_elemental_resistance_%_per_abyssal_jewel_affecting_you=not local,L010.3,"family: a monster's or an enemy's, represented by `#% Monster Elemental Resistances`; reach: Elemental + Resistances; listed without it by apt, cpp, pob"
pseudo.pseudo_total_lightning_resistance,+#% total to Lightning Resistance,"While Minions have Energy Shield, their Hits Ignore Monster Elemental Resistances",explicit.stat_1360359242,text-only,-,search/item-facts/data/mod-templates.csv#L4457,2,minion_hits_ignore_enemy_elemental_resistances_while_has_energy_shield=not local,L025.3,"family: a minion's or ally's, represented by `Minions have #% to all Elemental Resistances`; reach: Elemental + Resistances; listed without it by apt, cpp, pob"
pseudo.pseudo_total_lightning_resistance,+#% total to Lightning Resistance,Your Hits cannot Penetrate or ignore Elemental Resistances,explicit.stat_3091072796,text-only,-,search/item-facts/data/mod-templates.csv#L4477,2,cannot_penetrate_or_ignore_elemental_resistances=not local,L010.3,"family: a monster's or an enemy's, represented by `#% Monster Elemental Resistances`; reach: Elemental + Resistances; listed without it by apt, cpp, pob"
pseudo.pseudo_total_lightning_resistance,+#% total to Lightning Resistance,#% Monster Lightning Resistance,explicit.stat_162742068,text-only,-,search/item-facts/data/mod-templates.csv#L4605,1,map_hidden_monsters_additional_lightning_resistance=not local;map_monsters_additional_lightning_resistance=not local,L010.3,"family: a monster's or an enemy's, represented by `#% Monster Elemental Resistances`; reach: Lightning + Resistance; listed without it by apt, cpp, pob"
pseudo.pseudo_total_lightning_resistance,+#% total to Lightning Resistance,"#% increased Elemental Damage per #% Fire, Cold, or Lightning Resistance above #%",explicit.stat_1138456002,text-only,-,search/item-facts/data/mod-templates.csv#L4706,1,,L057.3,"family: per, represented by `#% to all Elemental Resistances per # Devotion`; reach: Lightning + Resistance; listed without it by apt, cpp, pob"
pseudo.pseudo_total_lightning_resistance,+#% total to Lightning Resistance,"#% increased Experience Gain\n#% increased Reward progress from Monster Kills\nMonsters deal #% increased Damage\nMonsters have #% increased Toughness for each time they have been Revived\nMonsters Penetrate #% of Enemy Elemental Resistances for each time\nthey have been Revived",,text-only,-,search/item-facts/data/mod-templates.csv#L4709,1,,L010.3,"family: a monster's or an enemy's, represented by `#% Monster Elemental Resistances`; reach: Elemental + Resistances; listed without it by apt, cpp, pob"
pseudo.pseudo_total_lightning_resistance,+#% total to Lightning Resistance,#% to Stone Golem Elemental Resistances,enchant.stat_1601558321,text-only,-,search/item-facts/data/mod-templates.csv#L6556,1,stone_golem_elemental_resistances_%=not local,L025.3,"family: a minion's or ally's, represented by `Minions have #% to all Elemental Resistances`; reach: Elemental + Resistances; listed without it by apt, cpp, pob"
pseudo.pseudo_total_lightning_resistance,+#% total to Lightning Resistance,#% to all Elemental Resistances per # Omniscience,explicit.stat_2569472704,text-only,-,search/item-facts/data/mod-templates.csv#L4822,1,,L057.3,"family: per, represented by `#% to all Elemental Resistances per # Devotion`; reach: Elemental + Resistances; listed without it by apt, cpp, pob"
pseudo.pseudo_total_lightning_resistance,+#% total to Lightning Resistance,#% to all maximum Elemental Resistances if # Shaper Items are Equipped,explicit.stat_15754647,text-only,-,search/item-facts/data/mod-templates.csv#L4823,1,,L135.3,"represents the family `if or recently` (1 templates); reach: Elemental + Resistances; listed without it by apt, cpp, pob"
pseudo.pseudo_total_lightning_resistance,+#% total to Lightning Resistance,Attacks with Energy Blades Penetrate #% Lightning Resistance,enchant.stat_1501151168,text-only,-,search/item-facts/data/mod-templates.csv#L6700,1,storm_blade_has_local_lightning_penetration_%=not local,L010.3,"family: a monster's or an enemy's, represented by `#% Monster Elemental Resistances`; reach: Lightning + Resistance; listed without it by apt, cpp, pob"
pseudo.pseudo_total_lightning_resistance,+#% total to Lightning Resistance,Belt: Damage Penetrates #% Elemental Resistances during any Flask Effect,,text-only,-,search/item-facts/data/mod-templates.csv#L5103,1,,L010.3,"family: a monster's or an enemy's, represented by `#% Monster Elemental Resistances`; reach: Elemental + Resistances; listed without it by apt, cpp, pob"
pseudo.pseudo_total_lightning_resistance,+#% total to Lightning Resistance,Critical Strike Chance is increased by Overcapped Lightning Resistance,explicit.stat_2478752719;fractured.stat_2478752719,text-only,-,search/item-facts/data/mod-templates.csv#L5158,1,critical_strike_chance_increased_by_overcapped_lightning_resistance=not local,L163.1,"reach: Lightning + Resistance; listed without it by apt, cpp, pob"
pseudo.pseudo_total_lightning_resistance,+#% total to Lightning Resistance,Damage Penetrates #% Lightning Resistance during Effect,explicit.stat_4164990693,text-only,-,search/item-facts/data/mod-templates.csv#L5161,1,local_unique_flask_lightning_resistance_penetration_%_during_flask_effect=local,L010.3,"family: a monster's or an enemy's, represented by `#% Monster Elemental Resistances`; reach: Lightning + Resistance; listed without it by apt, cpp, pob"
pseudo.pseudo_total_lightning_resistance,+#% total to Lightning Resistance,Damage Penetrates #% Lightning Resistance while affected by Wrath,explicit.stat_1077131949,text-only,-,search/item-facts/data/mod-templates.csv#L5162,1,reduce_enemy_lightning_resistance_%_while_affected_by_wrath=not local,L010.3,"family: a monster's or an enemy's, represented by `#% Monster Elemental Resistances`; reach: Lightning + Resistance; listed without it by apt, cpp, pob"
pseudo.pseudo_total_lightning_resistance,+#% total to Lightning Resistance,Mana is increased by #% of Overcapped Lightning Resistance,explicit.stat_3178534707,text-only,-,search/item-facts/data/mod-templates.csv#L5341,1,,L166.1,"reach: Lightning + Resistance; listed without it by apt, cpp, pob"
pseudo.pseudo_total_lightning_resistance,+#% total to Lightning Resistance,Melee Weapon Damage Penetrates #% Elemental Resistances,explicit.stat_2499808413,text-only,-,search/item-facts/data/mod-templates.csv#L5352,1,,L010.3,"family: a monster's or an enemy's, represented by `#% Monster Elemental Resistances`; reach: Elemental + Resistances; listed without it by apt, cpp, pob"
pseudo.pseudo_total_lightning_resistance,+#% total to Lightning Resistance,Nearby Enemies have #% to Lightning Resistance,explicit.stat_1849749435;fractured.stat_1849749435;scourge.stat_1849749435,text-only,-,search/item-facts/data/mod-templates.csv#L6920,1,local_display_nearby_enemy_lightning_damage_resistance_%=local,L010.3,"family: a monster's or an enemy's, represented by `#% Monster Elemental Resistances`; reach: Lightning + Resistance; listed without it by apt, cpp, pob"
pseudo.pseudo_total_lightning_resistance,+#% total to Lightning Resistance,Passives granting Cold Resistance or all Elemental Resistances in Radius\nalso grant an equal chance to gain a Frenzy Charge on Kill,explicit.stat_509677462,text-only,-,search/item-facts/data/mod-templates.csv#L5408,1,local_unique_jewel_cold_resistance_also_grants_frenzy_charge_on_kill_chance=local,L029.3,"family: a passive's grant, represented by `Added Small Passive Skills also grant: #% to all Elemental Resistances`; reach: Elemental + Resistance; listed without it by apt, cpp, pob"
pseudo.pseudo_total_lightning_resistance,+#% total to Lightning Resistance,Passives granting Fire Resistance or all Elemental Resistances in Radius\nalso grant increased Maximum Life at #% of its value,explicit.stat_4068640319,text-only,-,search/item-facts/data/mod-templates.csv#L5409,1,local_unique_jewel_fire_resistance_also_grants_maximum_life_scaled_%=local,L029.3,"family: a passive's grant, represented by `Added Small Passive Skills also grant: #% to all Elemental Resistances`; reach: Elemental + Resistance; listed without it by apt, cpp, pob"
pseudo.pseudo_total_lightning_resistance,+#% total to Lightning Resistance,Passives granting Lightning Resistance or all Elemental Resistances in Radius\nalso grant an equal chance to gain a Power Charge on Kill,explicit.stat_926444104,text-only,-,search/item-facts/data/mod-templates.csv#L5410,1,local_unique_jewel_lightning_resistance_also_grants_power_charge_on_kill_chance=local,L029.3,"family: a passive's grant, represented by `Added Small Passive Skills also grant: #% to all Elemental Resistances`; reach: Lightning + Resistance; listed without it by apt, cpp, pob"
pseudo.pseudo_total_lightning_resistance,+#% total to Lightning Resistance,Passives granting Lightning Resistance or all Elemental Resistances in Radius\nalso grant increased Maximum Energy Shield at #% of its value,explicit.stat_1348513056,text-only,-,search/item-facts/data/mod-templates.csv#L5411,1,local_unique_jewel_lightning_resistance_also_grants_maximum_energy_shield_scaled_%=local,L029.3,"family: a passive's grant, represented by `Added Small Passive Skills also grant: #% to all Elemental Resistances`; reach: Lightning + Resistance; listed without it by apt, cpp, pob"
pseudo.pseudo_total_lightning_resistance,+#% total to Lightning Resistance,Penetrate #% Elemental Resistances per # Omniscience,explicit.stat_2757041809,text-only,-,search/item-facts/data/mod-templates.csv#L5412,1,,L010.3,"family: a monster's or an enemy's, represented by `#% Monster Elemental Resistances`; reach: Elemental + Resistances; listed without it by apt, cpp, pob"
pseudo.pseudo_total_lightning_resistance,+#% total to Lightning Resistance,Summoned Carrion Golems have #% to all Elemental Resistances,enchant.stat_59544006,text-only,-,search/item-facts/data/mod-templates.csv#L6795,1,bone_golem_elemental_resistances_%=not local,L025.3,"family: a minion's or ally's, represented by `Minions have #% to all Elemental Resistances`; reach: Elemental + Resistances; listed without it by apt, cpp, pob"
pseudo.pseudo_total_elemental_resistance,+#% total Elemental Resistance,#% to All Resistances,explicit.stat_2016723660;fractured.stat_2016723660,sources-differ,3;absent,"awakened-poe-trade@ce551eb7:renderer/src/web/price-check/filters/pseudo/index.ts#L8,L46-L53;search/cpp-search/data/pseudomods.toml#L38-L55",0,,L001.4,"named by apt; left out by cpp, which list this pseudo's lines"
pseudo.pseudo_total_elemental_resistance,+#% total Elemental Resistance,#% Monster Elemental Resistances,explicit.stat_1054098949;fractured.stat_1054098949,text-only,-,search/item-facts/data/mod-templates.csv#L92,219,map_monsters_additional_elemental_resistance=not local,L010.4,"represents the family `a monster's or an enemy's` (65 templates); reach: Elemental + Resistances; listed without it by apt, cpp"
pseudo.pseudo_total_elemental_resistance,+#% total Elemental Resistance,Players have #% to all maximum Resistances,explicit.stat_3376488707;fractured.stat_3376488707,text-only,-,search/item-facts/data/mod-templates.csv#L98,205,map_additional_player_maximum_resistances_%=not local,L010.4,"family: a monster's or an enemy's, represented by `#% Monster Elemental Resistances`; reach: all + Resistances; listed without it by apt, cpp"
pseudo.pseudo_total_elemental_resistance,+#% total Elemental Resistance,#% to maximum Cold Resistance,enchant.stat_3676141501;explicit.stat_3676141501;fractured.stat_3676141501;implicit.stat_3676141501;scourge.stat_3676141501,text-only,-,search/item-facts/data/mod-templates.csv#L6215,156,base_maximum_cold_damage_resistance_%=not local,L017.2,"reach: Cold + Resistance; listed without it by apt, cpp"
pseudo.pseudo_total_elemental_resistance,+#% total Elemental Resistance,#% to maximum Fire Resistance,enchant.stat_4095671657;explicit.stat_4095671657;fractured.stat_4095671657;implicit.stat_4095671657;scourge.stat_4095671657,text-only,-,search/item-facts/data/mod-templates.csv#L6219,143,base_maximum_fire_damage_resistance_%=not local,L019.2,"reach: Fire + Resistance; listed without it by apt, cpp"
pseudo.pseudo_total_elemental_resistance,+#% total Elemental Resistance,#% to maximum Lightning Resistance,enchant.stat_1011760251;explicit.stat_1011760251;fractured.stat_1011760251;implicit.stat_1011760251;scourge.stat_1011760251,text-only,-,search/item-facts/data/mod-templates.csv#L6217,139,base_maximum_lightning_damage_resistance_%=not local,L020.2,"reach: Lightning + Resistance; listed without it by apt, cpp"
pseudo.pseudo_total_elemental_resistance,+#% total Elemental Resistance,#% additional Elemental Resistances during Effect,explicit.stat_962725504;fractured.stat_962725504,text-only,-,search/item-facts/data/mod-templates.csv#L269,66,local_flask_resistances_+%_while_healing=local,L024.4,"represents the family `during a flask's effect` (2 templates); reach: Elemental + Resistances; listed without it by apt, cpp"
pseudo.pseudo_total_elemental_resistance,+#% total Elemental Resistance,#% Player Cold Resistance per #% Alert Level,explicit.stat_2916448124;fractured.stat_2916448124,text-only,-,search/item-facts/data/mod-templates.csv#L281,63,,L010.4,"family: a monster's or an enemy's, represented by `#% Monster Elemental Resistances`; reach: Cold + Resistance; listed without it by apt, cpp"
pseudo.pseudo_total_elemental_resistance,+#% total Elemental Resistance,Added Small Passive Skills also grant: #% to all Elemental Resistances,explicit.stat_2669029667;fractured.stat_2669029667,text-only,-,search/item-facts/data/mod-templates.csv#L296,61,local_affliction_jewel_small_nodes_grant_elemental_resistance_%=local,L029.4,"represents the family `a passive's grant` (14 templates); reach: Elemental + Resistances; listed without it by apt, cpp"
pseudo.pseudo_total_elemental_resistance,+#% total Elemental Resistance,Minions have #% to all Elemental Resistances,crafted.stat_1423639565;explicit.stat_1423639565;fractured.stat_1423639565;implicit.stat_1423639565;scourge.stat_1423639565,text-only,-,search/item-facts/data/mod-templates.csv#L543,54,minion_elemental_resistance_%=not local,L025.4,"represents the family `a minion's or ally's` (18 templates); reach: Elemental + Resistances; listed without it by apt, cpp"
pseudo.pseudo_total_elemental_resistance,+#% total Elemental Resistance,#% Player Fire Resistance per #% Alert Level,explicit.stat_1318683911;fractured.stat_1318683911,text-only,-,search/item-facts/data/mod-templates.csv#L329,53,,L010.4,"family: a monster's or an enemy's, represented by `#% Monster Elemental Resistances`; reach: Fire + Resistance; listed without it by apt, cpp"
pseudo.pseudo_total_elemental_resistance,+#% total Elemental Resistance,Added Small Passive Skills also grant: #% to Cold Resistance,explicit.stat_2709692542;fractured.stat_2709692542,text-only,-,search/item-facts/data/mod-templates.csv#L360,49,local_affliction_jewel_small_nodes_grant_cold_resistance_%=local,L029.4,"family: a passive's grant, represented by `Added Small Passive Skills also grant: #% to all Elemental Resistances`; reach: Cold + Resistance; listed without it by apt, cpp"
pseudo.pseudo_total_elemental_resistance,+#% total Elemental Resistance,#% Player Lightning Resistance per #% Alert Level,explicit.stat_3839688967;fractured.stat_3839688967,text-only,-,search/item-facts/data/mod-templates.csv#L398,45,,L010.4,"family: a monster's or an enemy's, represented by `#% Monster Elemental Resistances`; reach: Lightning + Resistance; listed without it by apt, cpp"
pseudo.pseudo_total_elemental_resistance,+#% total Elemental Resistance,Added Small Passive Skills also grant: #% to Fire Resistance,explicit.stat_1790411851;fractured.stat_1790411851,text-only,-,search/item-facts/data/mod-templates.csv#L403,45,local_affliction_jewel_small_nodes_grant_fire_resistance_%=local,L029.4,"family: a passive's grant, represented by `Added Small Passive Skills also grant: #% to all Elemental Resistances`; reach: Fire + Resistance; listed without it by apt, cpp"
pseudo.pseudo_total_elemental_resistance,+#% total Elemental Resistance,You and nearby allies gain #% to all Elemental Resistances,,text-only,-,search/item-facts/data/mod-templates.csv#L415,43,,L025.4,"family: a minion's or ally's, represented by `Minions have #% to all Elemental Resistances`; reach: Elemental + Resistances; listed without it by apt, cpp"
pseudo.pseudo_total_elemental_resistance,+#% total Elemental Resistance,You and nearby allies gain #% additional Fire Resistance,,text-only,-,search/item-facts/data/mod-templates.csv#L507,36,,L025.4,"family: a minion's or ally's, represented by `Minions have #% to all Elemental Resistances`; reach: Fire + Resistance; listed without it by apt, cpp"
pseudo.pseudo_total_elemental_resistance,+#% total Elemental Resistance,Added Small Passive Skills also grant: #% to Lightning Resistance,explicit.stat_2250780084;fractured.stat_2250780084,text-only,-,search/item-facts/data/mod-templates.csv#L537,33,local_affliction_jewel_small_nodes_grant_lightning_resistance_%=local,L029.4,"family: a passive's grant, represented by `Added Small Passive Skills also grant: #% to all Elemental Resistances`; reach: Lightning + Resistance; listed without it by apt, cpp"
pseudo.pseudo_total_elemental_resistance,+#% total Elemental Resistance,Damage Penetrates #% Lightning Resistance,enchant.stat_818778753;explicit.stat_818778753;fractured.stat_818778753;implicit.stat_818778753;scourge.stat_818778753,text-only,-,search/item-facts/data/mod-templates.csv#L710,33,base_reduce_enemy_lightning_resistance_%=not local,L010.4,"family: a monster's or an enemy's, represented by `#% Monster Elemental Resistances`; reach: Lightning + Resistance; listed without it by apt, cpp"
pseudo.pseudo_total_elemental_resistance,+#% total Elemental Resistance,Cursed enemies have #% to Fire Resistance,,text-only,-,search/item-facts/data/mod-templates.csv#L565,32,,L010.4,"family: a monster's or an enemy's, represented by `#% Monster Elemental Resistances`; reach: Fire + Resistance; listed without it by apt, cpp"
pseudo.pseudo_total_elemental_resistance,+#% total Elemental Resistance,Cold Exposure applies #% to Cold Resistance,,text-only,-,search/item-facts/data/mod-templates.csv#L637,28,,L010.4,"family: a monster's or an enemy's, represented by `#% Monster Elemental Resistances`; reach: Cold + Resistance; listed without it by apt, cpp"
pseudo.pseudo_total_elemental_resistance,+#% total Elemental Resistance,Enemies Ignited by Supported Skills have #% to Fire Resistance,,text-only,-,search/item-facts/data/mod-templates.csv#L659,27,,L010.4,"family: a monster's or an enemy's, represented by `#% Monster Elemental Resistances`; reach: Fire + Resistance; listed without it by apt, cpp"
pseudo.pseudo_total_elemental_resistance,+#% total Elemental Resistance,Exposure applies #% to Elemental Resistance matching highest Damage taken,,text-only,-,search/item-facts/data/mod-templates.csv#L680,26,,L010.4,"family: a monster's or an enemy's, represented by `#% Monster Elemental Resistances`; reach: Elemental + Resistance; listed without it by apt, cpp"
pseudo.pseudo_total_elemental_resistance,+#% total Elemental Resistance,Supported Skills Penetrate #% Lightning Resistance,,text-only,-,search/item-facts/data/mod-templates.csv#L715,25,,L010.4,"family: a monster's or an enemy's, represented by `#% Monster Elemental Resistances`; reach: Lightning + Resistance; listed without it by apt, cpp"
pseudo.pseudo_total_elemental_resistance,+#% total Elemental Resistance,Armour: (#-#)% to Cold Resistance,,text-only,-,search/item-facts/data/mod-templates.csv#L729,24,,none: no stat id displays this text,"represents the family `a description` (10 templates); reach: Cold + Resistance; listed without it by apt, cpp"
pseudo.pseudo_total_elemental_resistance,+#% total Elemental Resistance,Belt: (#-#)% to Cold Resistance,,text-only,-,search/item-facts/data/mod-templates.csv#L733,24,,none: no stat id displays this text,"family: a description, represented by `Armour: (#-#)% to Cold Resistance`; reach: Cold + Resistance; listed without it by apt, cpp"
pseudo.pseudo_total_elemental_resistance,+#% total Elemental Resistance,Quiver: (#-#)% to Cold Resistance,,text-only,-,search/item-facts/data/mod-templates.csv#L743,24,,none: no stat id displays this text,"family: a description, represented by `Armour: (#-#)% to Cold Resistance`; reach: Cold + Resistance; listed without it by apt, cpp"
pseudo.pseudo_total_elemental_resistance,+#% total Elemental Resistance,You and nearby allies gain #% additional Lightning Resistance,,text-only,-,search/item-facts/data/mod-templates.csv#L750,24,,L025.4,"family: a minion's or ally's, represented by `Minions have #% to all Elemental Resistances`; reach: Lightning + Resistance; listed without it by apt, cpp"
pseudo.pseudo_total_elemental_resistance,+#% total Elemental Resistance,Cursed enemies have #% to Cold Resistance,,text-only,-,search/item-facts/data/mod-templates.csv#L824,21,,L010.4,"family: a monster's or an enemy's, represented by `#% Monster Elemental Resistances`; reach: Cold + Resistance; listed without it by apt, cpp"
pseudo.pseudo_total_elemental_resistance,+#% total Elemental Resistance,You and nearby allies gain #% additional Cold Resistance,,text-only,-,search/item-facts/data/mod-templates.csv#L838,21,,L025.4,"family: a minion's or ally's, represented by `Minions have #% to all Elemental Resistances`; reach: Cold + Resistance; listed without it by apt, cpp"
pseudo.pseudo_total_elemental_resistance,+#% total Elemental Resistance,Cursed enemies have #% to Elemental Resistances,,text-only,-,search/item-facts/data/mod-templates.csv#L870,20,,L010.4,"family: a monster's or an enemy's, represented by `#% Monster Elemental Resistances`; reach: Elemental + Resistances; listed without it by apt, cpp"
pseudo.pseudo_total_elemental_resistance,+#% total Elemental Resistance,Cursed enemies have #% to Lightning Resistance,,text-only,-,search/item-facts/data/mod-templates.csv#L898,19,,L010.4,"family: a monster's or an enemy's, represented by `#% Monster Elemental Resistances`; reach: Lightning + Resistance; listed without it by apt, cpp"
pseudo.pseudo_total_elemental_resistance,+#% total Elemental Resistance,Armour: (#-#)% to Fire Resistance,,text-only,-,search/item-facts/data/mod-templates.csv#L944,18,,none: no stat id displays this text,"family: a description, represented by `Armour: (#-#)% to Cold Resistance`; reach: Fire + Resistance; listed without it by apt, cpp"
pseudo.pseudo_total_elemental_resistance,+#% total Elemental Resistance,Belt: (#-#)% to Fire Resistance,,text-only,-,search/item-facts/data/mod-templates.csv#L945,18,,none: no stat id displays this text,"family: a description, represented by `Armour: (#-#)% to Cold Resistance`; reach: Fire + Resistance; listed without it by apt, cpp"
pseudo.pseudo_total_elemental_resistance,+#% total Elemental Resistance,One Handed Weapon: Damage Penetrates #% Cold Resistance,,text-only,-,search/item-facts/data/mod-templates.csv#L963,18,,L010.4,"family: a monster's or an enemy's, represented by `#% Monster Elemental Resistances`; reach: Cold + Resistance; listed without it by apt, cpp"
pseudo.pseudo_total_elemental_resistance,+#% total Elemental Resistance,Quiver: (#-#)% to Fire Resistance,,text-only,-,search/item-facts/data/mod-templates.csv#L967,18,,none: no stat id displays this text,"family: a description, represented by `Armour: (#-#)% to Cold Resistance`; reach: Fire + Resistance; listed without it by apt, cpp"
pseudo.pseudo_total_elemental_resistance,+#% total Elemental Resistance,Two Handed Weapon: Damage Penetrates (#-#)% Cold Resistance,,text-only,-,search/item-facts/data/mod-templates.csv#L980,18,,L010.4,"family: a monster's or an enemy's, represented by `#% Monster Elemental Resistances`; reach: Cold + Resistance; listed without it by apt, cpp"
pseudo.pseudo_total_elemental_resistance,+#% total Elemental Resistance,You and nearby allies gain #% additional maximum Fire Resistance,,text-only,-,search/item-facts/data/mod-templates.csv#L1051,17,,L025.4,"family: a minion's or ally's, represented by `Minions have #% to all Elemental Resistances`; reach: Fire + Resistance; listed without it by apt, cpp"
pseudo.pseudo_total_elemental_resistance,+#% total Elemental Resistance,#% to Cold Resistance while affected by Herald of Ice,explicit.stat_2494069187,text-only,-,search/item-facts/data/mod-templates.csv#L1113,15,cold_damage_resistance_%_while_affected_by_herald_of_ice=not local,L044.2,"represents the family `while` (10 templates); reach: Cold + Resistance; listed without it by apt, cpp"
pseudo.pseudo_total_elemental_resistance,+#% total Elemental Resistance,Attacks with this Weapon Penetrate #% Elemental Resistances,crafted.stat_4064396395;explicit.stat_4064396395;fractured.stat_4064396395;implicit.stat_4064396395,text-only,-,search/item-facts/data/mod-templates.csv#L1118,15,local_elemental_penetration_%=local,L010.4,"family: a monster's or an enemy's, represented by `#% Monster Elemental Resistances`; reach: Elemental + Resistances; listed without it by apt, cpp"
pseudo.pseudo_total_elemental_resistance,+#% total Elemental Resistance,Damage Penetrates #% Fire Resistance,enchant.stat_2653955271;explicit.stat_2653955271;fractured.stat_2653955271;implicit.stat_2653955271;scourge.stat_2653955271,text-only,-,search/item-facts/data/mod-templates.csv#L5827,15,base_reduce_enemy_fire_resistance_%=not local,L010.4,"family: a monster's or an enemy's, represented by `#% Monster Elemental Resistances`; reach: Fire + Resistance; listed without it by apt, cpp"
pseudo.pseudo_total_elemental_resistance,+#% total Elemental Resistance,"During Effect, #% reduced Damage taken of each Element for which your Uncapped Elemental Resistance is lowest",explicit.stat_1869678332,text-only,-,search/item-facts/data/mod-templates.csv#L1140,15,local_unique_flask_elemental_damage_taken_+%_of_lowest_uncapped_resistance_type=local,L037.4,"reach: Elemental + Resistance; listed without it by apt, cpp"
pseudo.pseudo_total_elemental_resistance,+#% total Elemental Resistance,"During Effect, Damage Penetrates #% Resistance of each Element for which your Uncapped Elemental Resistance is highest",explicit.stat_2444301311,text-only,-,search/item-facts/data/mod-templates.csv#L1141,15,local_unique_flask_elemental_penetration_%_of_highest_uncapped_resistance_type=local,L010.4,"family: a monster's or an enemy's, represented by `#% Monster Elemental Resistances`; reach: Elemental + Resistance; listed without it by apt, cpp"
pseudo.pseudo_total_elemental_resistance,+#% total Elemental Resistance,Supported Skills Penetrate #% Cold Resistance,,text-only,-,search/item-facts/data/mod-templates.csv#L1176,15,,L010.4,"family: a monster's or an enemy's, represented by `#% Monster Elemental Resistances`; reach: Cold + Resistance; listed without it by apt, cpp"
pseudo.pseudo_total_elemental_resistance,+#% total Elemental Resistance,#% to Fire Resistance while on Low Life,explicit.stat_38301299,text-only,-,search/item-facts/data/mod-templates.csv#L1203,14,fire_damage_resistance_%_when_on_low_life=not local,L044.2,"family: while, represented by `#% to Cold Resistance while affected by Herald of Ice`; reach: Fire + Resistance; listed without it by apt, cpp"
pseudo.pseudo_total_elemental_resistance,+#% total Elemental Resistance,#% to all maximum Resistances,explicit.stat_569299859;fractured.stat_569299859;implicit.stat_569299859,text-only,-,search/item-facts/data/mod-templates.csv#L1897,14,additional_maximum_all_resistances_%=not local,L035.4,"reach: all + Resistances; listed without it by apt, cpp"
pseudo.pseudo_total_elemental_resistance,+#% total Elemental Resistance,Armour: (#-#)% to Lightning Resistance,,text-only,-,search/item-facts/data/mod-templates.csv#L1205,14,,none: no stat id displays this text,"family: a description, represented by `Armour: (#-#)% to Cold Resistance`; reach: Lightning + Resistance; listed without it by apt, cpp"
pseudo.pseudo_total_elemental_resistance,+#% total Elemental Resistance,Belt: (#-#)% to Lightning Resistance,,text-only,-,search/item-facts/data/mod-templates.csv#L1209,14,,none: no stat id displays this text,"family: a description, represented by `Armour: (#-#)% to Cold Resistance`; reach: Lightning + Resistance; listed without it by apt, cpp"
pseudo.pseudo_total_elemental_resistance,+#% total Elemental Resistance,Fire Exposure Aura applies #% to Fire Resistance,,text-only,-,search/item-facts/data/mod-templates.csv#L1228,14,,L010.4,"family: a monster's or an enemy's, represented by `#% Monster Elemental Resistances`; reach: Fire + Resistance; listed without it by apt, cpp"
pseudo.pseudo_total_elemental_resistance,+#% total Elemental Resistance,One Handed Weapon: Damage Penetrates #% Fire Resistance,,text-only,-,search/item-facts/data/mod-templates.csv#L1248,14,,L010.4,"family: a monster's or an enemy's, represented by `#% Monster Elemental Resistances`; reach: Fire + Resistance; listed without it by apt, cpp"
pseudo.pseudo_total_elemental_resistance,+#% total Elemental Resistance,Passive Skills in Radius can be Allocated without being connected to your tree\n#% to all Elemental Resistances\nPassage,crafted.stat_2901986750;explicit.stat_1725885727;explicit.stat_2901986750;fractured.stat_2901986750;implicit.stat_2901986750;scourge.stat_2901986750,text-only,-,search/item-facts/data/mod-templates.csv#L1253,14,local_unique_jewel_nearby_disconnected_passives_can_be_allocated=local;unique_thread_of_hope_base_resist_all_elements_%=not local,L029.4,"family: a passive's grant, represented by `Added Small Passive Skills also grant: #% to all Elemental Resistances`; reach: Elemental + Resistances; listed without it by apt, cpp"
pseudo.pseudo_total_elemental_resistance,+#% total Elemental Resistance,Quiver: (#-#)% to Lightning Resistance,,text-only,-,search/item-facts/data/mod-templates.csv#L1256,14,,none: no stat id displays this text,"family: a description, represented by `Armour: (#-#)% to Cold Resistance`; reach: Lightning + Resistance; listed without it by apt, cpp"
pseudo.pseudo_total_elemental_resistance,+#% total Elemental Resistance,Two Handed Weapon: Damage Penetrates (#-#)% Fire Resistance,,text-only,-,search/item-facts/data/mod-templates.csv#L1274,14,,L010.4,"family: a monster's or an enemy's, represented by `#% Monster Elemental Resistances`; reach: Fire + Resistance; listed without it by apt, cpp"
pseudo.pseudo_total_elemental_resistance,+#% total Elemental Resistance,Damage Penetrates #% Elemental Resistances,explicit.stat_2101383955;fractured.stat_2101383955;implicit.stat_2101383955,text-only,-,search/item-facts/data/mod-templates.csv#L5806,13,reduce_enemy_elemental_resistance_%=not local,L010.4,"family: a monster's or an enemy's, represented by `#% Monster Elemental Resistances`; reach: Elemental + Resistances; listed without it by apt, cpp"
pseudo.pseudo_total_elemental_resistance,+#% total Elemental Resistance,#% to maximum Cold Resistance while affected by Herald of Ice,explicit.stat_950661692,text-only,-,search/item-facts/data/mod-templates.csv#L1494,11,maximum_cold_damage_resistance_%_while_affected_by_herald_of_ice=not local,L044.2,"family: while, represented by `#% to Cold Resistance while affected by Herald of Ice`; reach: Cold + Resistance; listed without it by apt, cpp"
pseudo.pseudo_total_elemental_resistance,+#% total Elemental Resistance,Added Small Passive Skills grant: #% to Fire Resistance,,text-only,-,search/item-facts/data/mod-templates.csv#L6268,11,,L029.4,"family: a passive's grant, represented by `Added Small Passive Skills also grant: #% to all Elemental Resistances`; reach: Fire + Resistance; listed without it by apt, cpp"
pseudo.pseudo_total_elemental_resistance,+#% total Elemental Resistance,Fire Exposure applies #% to Fire Resistance,,text-only,-,search/item-facts/data/mod-templates.csv#L1516,11,,L010.4,"family: a monster's or an enemy's, represented by `#% Monster Elemental Resistances`; reach: Fire + Resistance; listed without it by apt, cpp"
pseudo.pseudo_total_elemental_resistance,+#% total Elemental Resistance,One Handed Weapon: Damage Penetrates #% Lightning Resistance,,text-only,-,search/item-facts/data/mod-templates.csv#L1533,11,,L010.4,"family: a monster's or an enemy's, represented by `#% Monster Elemental Resistances`; reach: Lightning + Resistance; listed without it by apt, cpp"
pseudo.pseudo_total_elemental_resistance,+#% total Elemental Resistance,Two Handed Weapon: Damage Penetrates (#-#)% Lightning Resistance,,text-only,-,search/item-facts/data/mod-templates.csv#L1558,11,,L010.4,"family: a monster's or an enemy's, represented by `#% Monster Elemental Resistances`; reach: Lightning + Resistance; listed without it by apt, cpp"
pseudo.pseudo_total_elemental_resistance,+#% total Elemental Resistance,You and nearby allies gain #% additional maximum Cold Resistance,,text-only,-,search/item-facts/data/mod-templates.csv#L1559,11,,L025.4,"family: a minion's or ally's, represented by `Minions have #% to all Elemental Resistances`; reach: Cold + Resistance; listed without it by apt, cpp"
pseudo.pseudo_total_elemental_resistance,+#% total Elemental Resistance,Added Small Passive Skills grant: #% to Cold Resistance,,text-only,-,search/item-facts/data/mod-templates.csv#L6274,10,,L029.4,"family: a passive's grant, represented by `Added Small Passive Skills also grant: #% to all Elemental Resistances`; reach: Cold + Resistance; listed without it by apt, cpp"
pseudo.pseudo_total_elemental_resistance,+#% total Elemental Resistance,Damage Penetrates #% Cold Resistance,enchant.stat_3417711605;explicit.stat_3417711605;fractured.stat_3417711605;implicit.stat_3417711605;scourge.stat_3417711605,text-only,-,search/item-facts/data/mod-templates.csv#L5837,10,base_reduce_enemy_cold_resistance_%=not local,L010.4,"family: a monster's or an enemy's, represented by `#% Monster Elemental Resistances`; reach: Cold + Resistance; listed without it by apt, cpp"
pseudo.pseudo_total_elemental_resistance,+#% total Elemental Resistance,Damage with Weapons Penetrates #% Elemental Resistances,explicit.stat_1736172673,text-only,-,search/item-facts/data/mod-templates.csv#L1617,10,reduce_enemy_elemental_resistance_with_weapons_%=not local,L010.4,"family: a monster's or an enemy's, represented by `#% Monster Elemental Resistances`; reach: Elemental + Resistances; listed without it by apt, cpp"
pseudo.pseudo_total_elemental_resistance,+#% total Elemental Resistance,Supported Skills penetrate #% Elemental Resistances while each Resonance is at least #,,text-only,-,search/item-facts/data/mod-templates.csv#L1669,10,,L044.2,"family: while, represented by `#% to Cold Resistance while affected by Herald of Ice`; reach: Elemental + Resistances; listed without it by apt, cpp"
pseudo.pseudo_total_elemental_resistance,+#% total Elemental Resistance,You and nearby allies gain #% additional maximum Lightning Resistance,,text-only,-,search/item-facts/data/mod-templates.csv#L1681,10,,L025.4,"family: a minion's or ally's, represented by `Minions have #% to all Elemental Resistances`; reach: Lightning + Resistance; listed without it by apt, cpp"
pseudo.pseudo_total_elemental_resistance,+#% total Elemental Resistance,#% to Fire Resistance while affected by Herald of Ash,explicit.stat_2675641469,text-only,-,search/item-facts/data/mod-templates.csv#L1734,9,fire_damage_resistance_%_while_affected_by_herald_of_ash=not local,L044.2,"family: while, represented by `#% to Cold Resistance while affected by Herald of Ice`; reach: Fire + Resistance; listed without it by apt, cpp"
pseudo.pseudo_total_elemental_resistance,+#% total Elemental Resistance,Nearby Enemies have #% increased Fire and Cold Resistances,explicit.stat_4273356746,text-only,-,search/item-facts/data/mod-templates.csv#L1783,9,local_display_fire_and_cold_resist_debuff=local,L010.4,"family: a monster's or an enemy's, represented by `#% Monster Elemental Resistances`; reach: Fire + Resistances; listed without it by apt, cpp"
pseudo.pseudo_total_elemental_resistance,+#% total Elemental Resistance,Supported Skills Penetrate #% Fire Resistance,,text-only,-,search/item-facts/data/mod-templates.csv#L1813,9,,L010.4,"family: a monster's or an enemy's, represented by `#% Monster Elemental Resistances`; reach: Fire + Resistance; listed without it by apt, cpp"
pseudo.pseudo_total_elemental_resistance,+#% total Elemental Resistance,#% to Cold Resistance when Socketed with a Green Gem,explicit.stat_1064331314,text-only,-,search/item-facts/data/mod-templates.csv#L1892,8,unique_cold_damage_resistance_%_when_green_gem_socketed=local,L056.2,"represents the family `a socketed gem's or skill's` (3 templates); reach: Cold + Resistance; listed without it by apt, cpp"
pseudo.pseudo_total_elemental_resistance,+#% total Elemental Resistance,#% to Elemental Resistances during Effect,explicit.stat_3110554274,text-only,-,search/item-facts/data/mod-templates.csv#L1893,8,local_unique_flask_resist_all_elements_%_during_flask_effect=local,L024.4,"family: during a flask's effect, represented by `#% additional Elemental Resistances during Effect`; reach: Elemental + Resistances; listed without it by apt, cpp"
pseudo.pseudo_total_elemental_resistance,+#% total Elemental Resistance,#% to Fire Resistance when Socketed with a Red Gem,explicit.stat_3051845758,text-only,-,search/item-facts/data/mod-templates.csv#L1894,8,unique_fire_damage_resistance_%_when_red_gem_socketed=local,L056.2,"family: a socketed gem's or skill's, represented by `#% to Cold Resistance when Socketed with a Green Gem`; reach: Fire + Resistance; listed without it by apt, cpp"
pseudo.pseudo_total_elemental_resistance,+#% total Elemental Resistance,#% to Lightning Resistance when Socketed with a Blue Gem,explicit.stat_289814996,text-only,-,search/item-facts/data/mod-templates.csv#L1896,8,unique_lightning_damage_resistance_%_when_blue_gem_socketed=local,L056.2,"family: a socketed gem's or skill's, represented by `#% to Cold Resistance when Socketed with a Green Gem`; reach: Lightning + Resistance; listed without it by apt, cpp"
pseudo.pseudo_total_elemental_resistance,+#% total Elemental Resistance,#% to all maximum Resistances while you have no Endurance Charges,explicit.stat_3635566977;implicit.stat_3635566977,text-only,-,search/item-facts/data/mod-templates.csv#L1898,8,additional_maximum_all_resistances_%_with_no_endurance_charges=not local,L044.2,"family: while, represented by `#% to Cold Resistance while affected by Herald of Ice`; reach: all + Resistances; listed without it by apt, cpp"
pseudo.pseudo_total_elemental_resistance,+#% total Elemental Resistance,#% to maximum Fire Resistance while affected by Herald of Ash,explicit.stat_3716758077,text-only,-,search/item-facts/data/mod-templates.csv#L1899,8,maximum_fire_damage_resistance_%_while_affected_by_herald_of_ash=not local,L044.2,"family: while, represented by `#% to Cold Resistance while affected by Herald of Ice`; reach: Fire + Resistance; listed without it by apt, cpp"
pseudo.pseudo_total_elemental_resistance,+#% total Elemental Resistance,"Buff grants #% to all Elemental Resistances per # power, counting a maximum of # Power",,text-only,-,search/item-facts/data/mod-templates.csv#L1908,8,,L057.4,"family: per, represented by `#% to all Elemental Resistances per # Devotion`; reach: Elemental + Resistances; listed without it by apt, cpp"
pseudo.pseudo_total_elemental_resistance,+#% total Elemental Resistance,Damage Penetrates #% of Enemy Elemental Resistances,explicit.stat_697807915;scourge.stat_697807915,text-only,-,search/item-facts/data/mod-templates.csv#L1925,8,base_penetrate_elemental_resistances_%=not local,L010.4,"family: a monster's or an enemy's, represented by `#% Monster Elemental Resistances`; reach: Elemental + Resistances; listed without it by apt, cpp"
pseudo.pseudo_total_elemental_resistance,+#% total Elemental Resistance,Minions from Supported Skills have #% to all Elemental Resistances,,text-only,-,search/item-facts/data/mod-templates.csv#L1972,8,,L025.4,"family: a minion's or ally's, represented by `Minions have #% to all Elemental Resistances`; reach: Elemental + Resistances; listed without it by apt, cpp"
pseudo.pseudo_total_elemental_resistance,+#% total Elemental Resistance,Minions from Supported Skills have #% to all maximum Elemental Resistances,,text-only,-,search/item-facts/data/mod-templates.csv#L1973,8,,L025.4,"family: a minion's or ally's, represented by `Minions have #% to all Elemental Resistances`; reach: Elemental + Resistances; listed without it by apt, cpp"
pseudo.pseudo_total_elemental_resistance,+#% total Elemental Resistance,"Minions from Supported Skills inflict Exposure on Hit, applying #% to the Elemental Resistance matching highest Damage type taken by Enemy",,text-only,-,search/item-facts/data/mod-templates.csv#L1974,8,,L025.4,"family: a minion's or ally's, represented by `Minions have #% to all Elemental Resistances`; reach: Elemental + Resistance; listed without it by apt, cpp"
pseudo.pseudo_total_elemental_resistance,+#% total Elemental Resistance,#% to Lightning Resistance while affected by Herald of Thunder,explicit.stat_2687017988,text-only,-,search/item-facts/data/mod-templates.csv#L2096,7,lightning_damage_resistance_%_while_affected_by_herald_of_thunder=not local,L044.2,"family: while, represented by `#% to Cold Resistance while affected by Herald of Ice`; reach: Lightning + Resistance; listed without it by apt, cpp"
pseudo.pseudo_total_elemental_resistance,+#% total Elemental Resistance,#% to [Resistances|Fire Resistance],crafted.stat_3372524247;explicit.stat_3372524247;fractured.stat_3372524247;implicit.stat_3372524247;scourge.stat_3372524247,text-only,-,search/item-facts/data/mod-templates.csv#L2853,7,base_fire_damage_resistance_%=not local,L062.2,"reach: Fire + Resistance; listed without it by apt, cpp"
pseudo.pseudo_total_elemental_resistance,+#% total Elemental Resistance,#% to maximum Lightning Resistance while affected by Herald of Thunder,explicit.stat_3259396413,text-only,-,search/item-facts/data/mod-templates.csv#L2097,7,maximum_lightning_damage_resistance_%_while_affected_by_herald_of_thunder=not local,L044.2,"family: while, represented by `#% to Cold Resistance while affected by Herald of Ice`; reach: Lightning + Resistance; listed without it by apt, cpp"
pseudo.pseudo_total_elemental_resistance,+#% total Elemental Resistance,Cold Exposure you inflict applies an extra #% to Cold Resistance,explicit.stat_600221736,text-only,-,search/item-facts/data/mod-templates.csv#L2108,7,cold_exposure_you_inflict_applies_extra_cold_resistance_+%=not local,L010.4,"family: a monster's or an enemy's, represented by `#% Monster Elemental Resistances`; reach: Cold + Resistance; listed without it by apt, cpp"
pseudo.pseudo_total_elemental_resistance,+#% total Elemental Resistance,Elemental Resistances are Zero,explicit.stat_85576425;implicit.stat_85576425,text-only,-,search/item-facts/data/mod-templates.csv#L2116,7,zero_elemental_resistance=local,L052.4,"reach: Elemental + Resistances; listed without it by apt, cpp"
pseudo.pseudo_total_elemental_resistance,+#% total Elemental Resistance,Totems gain #% to all Elemental Resistances,explicit.stat_1809006367;fractured.stat_1809006367;implicit.stat_1809006367;scourge.stat_1809006367,text-only,-,search/item-facts/data/mod-templates.csv#L2180,7,totem_elemental_resistance_%=not local,L025.4,"family: a minion's or ally's, represented by `Minions have #% to all Elemental Resistances`; reach: Elemental + Resistances; listed without it by apt, cpp"
pseudo.pseudo_total_elemental_resistance,+#% total Elemental Resistance,Your Hits treat Cold Resistance as #% higher than actual value,enchant.stat_3417711605;explicit.stat_3417711605;fractured.stat_3417711605;implicit.stat_3417711605;scourge.stat_3417711605,text-only,-,search/item-facts/data/mod-templates.csv#L5853,7,base_reduce_enemy_cold_resistance_%=not local,L063.2,"reach: Cold + Resistance; listed without it by apt, cpp"
pseudo.pseudo_total_elemental_resistance,+#% total Elemental Resistance,#% reduced Elemental Resistances,explicit.stat_76848920;implicit.stat_76848920,text-only,-,search/item-facts/data/mod-templates.csv#L2269,6,elemental_damage_resistance_+%=not local,L054.4,"reach: Elemental + Resistances; listed without it by apt, cpp"
pseudo.pseudo_total_elemental_resistance,+#% total Elemental Resistance,#% to [Resistances|Lightning Resistance],crafted.stat_1671376347;explicit.stat_1671376347;fractured.stat_1671376347;implicit.stat_1671376347;scourge.stat_1671376347,text-only,-,search/item-facts/data/mod-templates.csv#L2515,6,base_lightning_damage_resistance_%=not local,L071.2,"reach: Lightning + Resistance; listed without it by apt, cpp"
pseudo.pseudo_total_elemental_resistance,+#% total Elemental Resistance,Attacks with this Weapon Penetrate #% Cold Resistance,explicit.stat_1740229525;fractured.stat_1740229525,text-only,-,search/item-facts/data/mod-templates.csv#L2290,6,local_cold_penetration_%=local,L010.4,"family: a monster's or an enemy's, represented by `#% Monster Elemental Resistances`; reach: Cold + Resistance; listed without it by apt, cpp"
pseudo.pseudo_total_elemental_resistance,+#% total Elemental Resistance,"Inflict Fire Exposure on Hit, applying #% to Fire Resistance",implicit.stat_1309840354,text-only,-,search/item-facts/data/mod-templates.csv#L5867,6,fire_exposure_on_hit_magnitude=not local,L010.4,"family: a monster's or an enemy's, represented by `#% Monster Elemental Resistances`; reach: Fire + Resistance; listed without it by apt, cpp"
pseudo.pseudo_total_elemental_resistance,+#% total Elemental Resistance,#% to [Resistances|Cold Resistance],crafted.stat_4220027924;explicit.stat_4220027924;fractured.stat_4220027924;implicit.stat_4220027924;scourge.stat_4220027924,text-only,-,search/item-facts/data/mod-templates.csv#L3320,5,base_cold_damage_resistance_%=not local,L078.2,"reach: Cold + Resistance; listed without it by apt, cpp"
pseudo.pseudo_total_elemental_resistance,+#% total Elemental Resistance,"Drenched Enemies have Cold and Lightning Exposure, applying #% to Resistances",,text-only,-,search/item-facts/data/mod-templates.csv#L2593,5,,L010.4,"family: a monster's or an enemy's, represented by `#% Monster Elemental Resistances`; reach: Cold + Resistances; listed without it by apt, cpp"
pseudo.pseudo_total_elemental_resistance,+#% total Elemental Resistance,#% to all Elemental Resistances per # Devotion,explicit.stat_1910205563,text-only,-,search/item-facts/data/mod-templates.csv#L2854,4,,L057.4,"represents the family `per` (6 templates); reach: Elemental + Resistances; listed without it by apt, cpp"
pseudo.pseudo_total_elemental_resistance,+#% total Elemental Resistance,Added Small Passive Skills grant: #% to Lightning Resistance,,text-only,-,search/item-facts/data/mod-templates.csv#L6314,4,,L029.4,"family: a passive's grant, represented by `Added Small Passive Skills also grant: #% to all Elemental Resistances`; reach: Lightning + Resistance; listed without it by apt, cpp"
pseudo.pseudo_total_elemental_resistance,+#% total Elemental Resistance,Attacks with this Weapon Penetrate #% Lightning Resistance,explicit.stat_2387539034;fractured.stat_2387539034,text-only,-,search/item-facts/data/mod-templates.csv#L2946,4,local_lightning_penetration_%=local,L010.4,"family: a monster's or an enemy's, represented by `#% Monster Elemental Resistances`; reach: Lightning + Resistance; listed without it by apt, cpp"
pseudo.pseudo_total_elemental_resistance,+#% total Elemental Resistance,"Inflict Lightning Exposure on Hit, applying #% to Lightning Resistance",implicit.stat_981753179,text-only,-,search/item-facts/data/mod-templates.csv#L5921,4,lightning_exposure_on_hit_magnitude=not local,L010.4,"family: a monster's or an enemy's, represented by `#% Monster Elemental Resistances`; reach: Lightning + Resistance; listed without it by apt, cpp"
pseudo.pseudo_total_elemental_resistance,+#% total Elemental Resistance,Lightning Resistance does not affect Lightning Damage taken,explicit.stat_3999959974,text-only,-,search/item-facts/data/mod-templates.csv#L3041,4,lightning_resistance_does_not_apply_to_lighting_damage=not local,L091.2,"reach: Lightning + Resistance; listed without it by apt, cpp"
pseudo.pseudo_total_elemental_resistance,+#% total Elemental Resistance,Monster Damage Penetrates #% Elemental Resistances,explicit.stat_1898978455;fractured.stat_1898978455,text-only,-,search/item-facts/data/mod-templates.csv#L3056,4,map_monsters_penetrate_elemental_resistances_%=not local,L010.4,"family: a monster's or an enemy's, represented by `#% Monster Elemental Resistances`; reach: Elemental + Resistances; listed without it by apt, cpp"
pseudo.pseudo_total_elemental_resistance,+#% total Elemental Resistance,Nearby Enemies have Lightning Resistance equal to yours,explicit.stat_3549734978,text-only,-,search/item-facts/data/mod-templates.csv#L3066,4,nearby_enemies_lightning_resist_equal_to_yours=not local,L010.4,"family: a monster's or an enemy's, represented by `#% Monster Elemental Resistances`; reach: Lightning + Resistance; listed without it by apt, cpp"
pseudo.pseudo_total_elemental_resistance,+#% total Elemental Resistance,Passives granting Fire Resistance or all Elemental Resistances in Radius\nalso grant an equal chance to gain an Endurance Charge on Kill,explicit.stat_1645524575,text-only,-,search/item-facts/data/mod-templates.csv#L3075,4,local_unique_jewel_fire_resistance_also_grants_endurance_charge_on_kill_chance=local,L029.4,"family: a passive's grant, represented by `Added Small Passive Skills also grant: #% to all Elemental Resistances`; reach: Fire + Resistance; listed without it by apt, cpp"
pseudo.pseudo_total_elemental_resistance,+#% total Elemental Resistance,"While your Passive Skill Tree connects to a class' starting location, you gain:\nMarauder: Melee Skills have #% increased Area of Effect\nDuelist: #% of Attack Damage Leeched as Life\nRanger: #% increased Movement Speed\nShadow: #% to Critical Strike Chance\nWitch: #% of Mana Regenerated per second\nTemplar: Damage Penetrates #% Elemental Resistances\nScion: # to All Attributes",explicit.stat_769192511,text-only,-,search/item-facts/data/mod-templates.csv#L3164,4,local_unique_jewel_melee_skills_area_of_effect_+%_with_passive_tree_connected_to_marauder_start=local;local_unique_jewel_life_leech_from_attack_damage_permyriad_with_passive_tree_connected_to_duelist_start=local;local_unique_jewel_movement_speed_+%_with_passive_tree_connected_to_ranger_start=local;local_unique_jewel_additional_critical_strike_chance_permyriad_with_passive_tree_connected_to_shadow_start=local;local_unique_jewel_mana_regeneration_rate_per_minute_%_with_passive_tree_connected_to_witch_start=local;local_unique_jewel_elemental_penetration_%_with_passive_tree_connected_to_templar_start=local;local_unique_jewel_additional_all_attributes_with_passive_tree_connected_to_scion_start=local,L010.4,"family: a monster's or an enemy's, represented by `#% Monster Elemental Resistances`; reach: Elemental + Resistances; listed without it by apt, cpp"
pseudo.pseudo_total_elemental_resistance,+#% total Elemental Resistance,#% increased Elemental and Chaos Resistances,explicit.stat_1195367742,text-only,-,search/item-facts/data/mod-templates.csv#L3273,3,all_damage_resistance_+%=not local,L070.4,"reach: Elemental + Resistances; listed without it by apt, cpp"
pseudo.pseudo_total_elemental_resistance,+#% total Elemental Resistance,#% increased Global maximum Energy Shield and reduced Lightning Resistance,explicit.stat_1381972535,text-only,-,search/item-facts/data/mod-templates.csv#L3275,3,maximum_energy_shield_+%_and_lightning_resistance_-%=not local,L104.2,"reach: Lightning + Resistance; listed without it by apt, cpp"
pseudo.pseudo_total_elemental_resistance,+#% total Elemental Resistance,#% increased maximum Mana and reduced Cold Resistance,explicit.stat_1156957589,text-only,-,search/item-facts/data/mod-templates.csv#L3291,3,maximum_mana_+%_and_cold_resistance_-%=not local,L107.2,"reach: Cold + Resistance; listed without it by apt, cpp"
pseudo.pseudo_total_elemental_resistance,+#% total Elemental Resistance,#% reduced Cold Resistance,explicit.stat_4252311791,text-only,-,search/item-facts/data/mod-templates.csv#L3302,3,cold_damage_resistance_+%=not local,L108.2,"reach: Cold + Resistance; listed without it by apt, cpp"
pseudo.pseudo_total_elemental_resistance,+#% total Elemental Resistance,#% reduced Lightning Resistance,explicit.stat_2249211872,text-only,-,search/item-facts/data/mod-templates.csv#L3305,3,lightning_damage_resistance_+%=not local,L109.2,"reach: Lightning + Resistance; listed without it by apt, cpp"
pseudo.pseudo_total_elemental_resistance,+#% total Elemental Resistance,#% to all Elemental Resistances while you have at least # Strength,explicit.stat_2415398184,text-only,-,search/item-facts/data/mod-templates.csv#L3321,3,,L044.2,"family: while, represented by `#% to Cold Resistance while affected by Herald of Ice`; reach: Elemental + Resistances; listed without it by apt, cpp"
pseudo.pseudo_total_elemental_resistance,+#% total Elemental Resistance,#% to all Resistances per Minion from your Non-Vaal Skills,explicit.stat_2894273152,text-only,-,search/item-facts/data/mod-templates.csv#L3322,3,all_resistances_%_per_active_minion_not_from_vaal_skills=not local,L025.4,"family: a minion's or ally's, represented by `Minions have #% to all Elemental Resistances`; reach: all + Resistances; listed without it by apt, cpp"
pseudo.pseudo_total_elemental_resistance,+#% total Elemental Resistance,Damage Penetrates #% Elemental Resistances if you haven't Killed Recently,explicit.stat_455556407;fractured.stat_455556407,text-only,-,search/item-facts/data/mod-templates.csv#L3466,3,damage_penetrates_%_elemental_resistance_if_enemy_not_killed_recently=not local,L010.4,"family: a monster's or an enemy's, represented by `#% Monster Elemental Resistances`; reach: Elemental + Resistances; listed without it by apt, cpp"
pseudo.pseudo_total_elemental_resistance,+#% total Elemental Resistance,Fire Resistance is #%,explicit.stat_763311546;implicit.stat_763311546,text-only,-,search/item-facts/data/mod-templates.csv#L3481,3,fire_damage_resistance_is_%=not local,L113.2,"reach: Fire + Resistance; listed without it by apt, cpp"
pseudo.pseudo_total_elemental_resistance,+#% total Elemental Resistance,"Melee Weapon Damage Penetrates #% Elemental Resistances per Mana Burn, up to a maximum of #%",explicit.stat_3685214225,text-only,-,search/item-facts/data/mod-templates.csv#L3550,3,,L010.4,"family: a monster's or an enemy's, represented by `#% Monster Elemental Resistances`; reach: Elemental + Resistances; listed without it by apt, cpp"
pseudo.pseudo_total_elemental_resistance,+#% total Elemental Resistance,Penetrates #% Fire Resistance,,text-only,-,search/item-facts/data/mod-templates.csv#L3591,3,,L010.4,"family: a monster's or an enemy's, represented by `#% Monster Elemental Resistances`; reach: Fire + Resistance; listed without it by apt, cpp"
pseudo.pseudo_total_elemental_resistance,+#% total Elemental Resistance,Raised Zombies have #% to all Resistances,explicit.stat_3150000576,text-only,-,search/item-facts/data/mod-templates.csv#L3608,3,zombie_chaos_elemental_damage_resistance_%=not local,L025.4,"family: a minion's or ally's, represented by `Minions have #% to all Elemental Resistances`; reach: all + Resistances; listed without it by apt, cpp"
pseudo.pseudo_total_elemental_resistance,+#% total Elemental Resistance,"With at least # Dexterity in Radius, Melee Damage\ndealt by Frost Blades Penetrates #% Cold Resistance",,text-only,-,search/item-facts/data/mod-templates.csv#L3685,3,,L010.4,"family: a monster's or an enemy's, represented by `#% Monster Elemental Resistances`; reach: Cold + Resistance; listed without it by apt, cpp"
pseudo.pseudo_total_elemental_resistance,+#% total Elemental Resistance,#% chance for Elemental Resistances to count as being #% against Enemy Hits,explicit.stat_204458505;implicit.stat_204458505,text-only,-,search/item-facts/data/mod-templates.csv#L3806,2,,L098.4,"represents the family `against` (1 templates); reach: Elemental + Resistances; listed without it by apt, cpp"
pseudo.pseudo_total_elemental_resistance,+#% total Elemental Resistance,#% increased Cold Damage per #% Cold Resistance above #%,explicit.stat_2517031897,text-only,-,search/item-facts/data/mod-templates.csv#L3860,2,,L057.4,"family: per, represented by `#% to all Elemental Resistances per # Devotion`; reach: Cold + Resistance; listed without it by apt, cpp"
pseudo.pseudo_total_elemental_resistance,+#% total Elemental Resistance,#% increased Lightning Damage per #% Lightning Resistance above #%,explicit.stat_2642525868,text-only,-,search/item-facts/data/mod-templates.csv#L3895,2,,L057.4,"family: per, represented by `#% to all Elemental Resistances per # Devotion`; reach: Lightning + Resistance; listed without it by apt, cpp"
pseudo.pseudo_total_elemental_resistance,+#% total Elemental Resistance,#% increased maximum Life and reduced Fire Resistance,explicit.stat_3018691556,text-only,-,search/item-facts/data/mod-templates.csv#L3919,2,maximum_life_+%_and_fire_resistance_-%=not local,L119.3,"reach: Fire + Resistance; listed without it by apt, cpp"
pseudo.pseudo_total_elemental_resistance,+#% total Elemental Resistance,#% reduced Fire Resistance,explicit.stat_1680060098,text-only,-,search/item-facts/data/mod-templates.csv#L3942,2,fire_damage_resistance_+%=not local,L134.2,"reach: Fire + Resistance; listed without it by apt, cpp"
pseudo.pseudo_total_elemental_resistance,+#% total Elemental Resistance,Critical Strikes Penetrate #% of Enemy Elemental Resistances while affected by Zealotry,explicit.stat_2091518682,text-only,-,search/item-facts/data/mod-templates.csv#L4170,2,critical_strikes_penetrates_%_elemental_resistances_while_affected_by_zealotry=not local,L010.4,"family: a monster's or an enemy's, represented by `#% Monster Elemental Resistances`; reach: Elemental + Resistances; listed without it by apt, cpp"
pseudo.pseudo_total_elemental_resistance,+#% total Elemental Resistance,Damage Penetrates #% Cold Resistance against Chilled Enemies,explicit.stat_1477032229,text-only,-,search/item-facts/data/mod-templates.csv#L4177,2,cold_penetration_%_vs_chilled_enemies=not local,L010.4,"family: a monster's or an enemy's, represented by `#% Monster Elemental Resistances`; reach: Cold + Resistance; listed without it by apt, cpp"
pseudo.pseudo_total_elemental_resistance,+#% total Elemental Resistance,"Damage Penetrates Fire Resistance equal to your Overcapped Fire Resistance, up to a maximum of #%",explicit.stat_133804429,text-only,-,search/item-facts/data/mod-templates.csv#L4178,2,,L010.4,"family: a monster's or an enemy's, represented by `#% Monster Elemental Resistances`; reach: Fire + Resistance; listed without it by apt, cpp"
pseudo.pseudo_total_elemental_resistance,+#% total Elemental Resistance,Elemental Resistances are capped by your highest Maximum Elemental Resistance instead,explicit.stat_3082079953,text-only,-,search/item-facts/data/mod-templates.csv#L4189,2,elemental_resistances_are_limited_by_highest_maximum_elemental_resistance=not local,L103.4,"reach: Elemental + Resistance; listed without it by apt, cpp"
pseudo.pseudo_total_elemental_resistance,+#% total Elemental Resistance,"Inflict Cold Exposure on Hit, applying #% to Cold Resistance",implicit.stat_3005701891,text-only,-,search/item-facts/data/mod-templates.csv#L6019,2,cold_exposure_on_hit_magnitude=not local,L010.4,"family: a monster's or an enemy's, represented by `#% Monster Elemental Resistances`; reach: Cold + Resistance; listed without it by apt, cpp"
pseudo.pseudo_total_elemental_resistance,+#% total Elemental Resistance,Lightning Trap Damage Penetrates #% Lightning Resistance,enchant.stat_1557531966,text-only,-,search/item-facts/data/mod-templates.csv#L6441,2,lightning_trap_lightning_resistance_penetration_%=not local,L010.4,"family: a monster's or an enemy's, represented by `#% Monster Elemental Resistances`; reach: Lightning + Resistance; listed without it by apt, cpp"
pseudo.pseudo_total_elemental_resistance,+#% total Elemental Resistance,Passives granting Cold Resistance or all Elemental Resistances in Radius\nalso grant Chance to Suppress Spell Damage at #% of its value,explicit.stat_1409669176,text-only,-,search/item-facts/data/mod-templates.csv#L4340,2,local_unique_jewel_cold_resistance_also_grants_spell_suppression_chance_scaled_%=local,L029.4,"family: a passive's grant, represented by `Added Small Passive Skills also grant: #% to all Elemental Resistances`; reach: Cold + Resistance; listed without it by apt, cpp"
pseudo.pseudo_total_elemental_resistance,+#% total Elemental Resistance,Penetrate #% Elemental Resistances per Abyss Jewel affecting you,explicit.stat_4250752669,text-only,-,search/item-facts/data/mod-templates.csv#L4341,2,penetrate_elemental_resistance_%_per_abyssal_jewel_affecting_you=not local,L010.4,"family: a monster's or an enemy's, represented by `#% Monster Elemental Resistances`; reach: Elemental + Resistances; listed without it by apt, cpp"
pseudo.pseudo_total_elemental_resistance,+#% total Elemental Resistance,"While Minions have Energy Shield, their Hits Ignore Monster Elemental Resistances",explicit.stat_1360359242,text-only,-,search/item-facts/data/mod-templates.csv#L4457,2,minion_hits_ignore_enemy_elemental_resistances_while_has_energy_shield=not local,L025.4,"family: a minion's or ally's, represented by `Minions have #% to all Elemental Resistances`; reach: Elemental + Resistances; listed without it by apt, cpp"
pseudo.pseudo_total_elemental_resistance,+#% total Elemental Resistance,Your Hits cannot Penetrate or ignore Elemental Resistances,explicit.stat_3091072796,text-only,-,search/item-facts/data/mod-templates.csv#L4477,2,cannot_penetrate_or_ignore_elemental_resistances=not local,L010.4,"family: a monster's or an enemy's, represented by `#% Monster Elemental Resistances`; reach: Elemental + Resistances; listed without it by apt, cpp"
pseudo.pseudo_total_elemental_resistance,+#% total Elemental Resistance,#% Monster Lightning Resistance,explicit.stat_162742068,text-only,-,search/item-facts/data/mod-templates.csv#L4605,1,map_hidden_monsters_additional_lightning_resistance=not local;map_monsters_additional_lightning_resistance=not local,L010.4,"family: a monster's or an enemy's, represented by `#% Monster Elemental Resistances`; reach: Lightning + Resistance; listed without it by apt, cpp"
pseudo.pseudo_total_elemental_resistance,+#% total Elemental Resistance,"#% increased Elemental Damage per #% Fire, Cold, or Lightning Resistance above #%",explicit.stat_1138456002,text-only,-,search/item-facts/data/mod-templates.csv#L4706,1,,L057.4,"family: per, represented by `#% to all Elemental Resistances per # Devotion`; reach: Fire + Resistance; listed without it by apt, cpp"
pseudo.pseudo_total_elemental_resistance,+#% total Elemental Resistance,"#% increased Experience Gain\n#% increased Reward progress from Monster Kills\nMonsters deal #% increased Damage\nMonsters have #% increased Toughness for each time they have been Revived\nMonsters Penetrate #% of Enemy Elemental Resistances for each time\nthey have been Revived",,text-only,-,search/item-facts/data/mod-templates.csv#L4709,1,,L010.4,"family: a monster's or an enemy's, represented by `#% Monster Elemental Resistances`; reach: Elemental + Resistances; listed without it by apt, cpp"
pseudo.pseudo_total_elemental_resistance,+#% total Elemental Resistance,#% to Stone Golem Elemental Resistances,enchant.stat_1601558321,text-only,-,search/item-facts/data/mod-templates.csv#L6556,1,stone_golem_elemental_resistances_%=not local,L025.4,"family: a minion's or ally's, represented by `Minions have #% to all Elemental Resistances`; reach: Elemental + Resistances; listed without it by apt, cpp"
pseudo.pseudo_total_elemental_resistance,+#% total Elemental Resistance,#% to all Elemental Resistances per # Omniscience,explicit.stat_2569472704,text-only,-,search/item-facts/data/mod-templates.csv#L4822,1,,L057.4,"family: per, represented by `#% to all Elemental Resistances per # Devotion`; reach: Elemental + Resistances; listed without it by apt, cpp"
pseudo.pseudo_total_elemental_resistance,+#% total Elemental Resistance,#% to all maximum Elemental Resistances if # Shaper Items are Equipped,explicit.stat_15754647,text-only,-,search/item-facts/data/mod-templates.csv#L4823,1,,L135.4,"represents the family `if or recently` (1 templates); reach: Elemental + Resistances; listed without it by apt, cpp"
pseudo.pseudo_total_elemental_resistance,+#% total Elemental Resistance,Armageddon Brand Damage Penetrates #% of Branded Enemy's Fire Resistance,enchant.stat_1715805151,text-only,-,search/item-facts/data/mod-templates.csv#L6697,1,armageddon_brand_attached_target_fire_penetration_%=not local,L010.4,"family: a monster's or an enemy's, represented by `#% Monster Elemental Resistances`; reach: Fire + Resistance; listed without it by apt, cpp"
pseudo.pseudo_total_elemental_resistance,+#% total Elemental Resistance,Armour is increased by Overcapped Fire Resistance,explicit.stat_2129352930;fractured.stat_2129352930,text-only,-,search/item-facts/data/mod-templates.csv#L5085,1,armour_increased_by_overcapped_fire_resistance=not local,L162.2,"reach: Fire + Resistance; listed without it by apt, cpp"
pseudo.pseudo_total_elemental_resistance,+#% total Elemental Resistance,Armour: #% to [Resistances|Fire Resistance],,text-only,-,search/item-facts/data/mod-templates.csv#L5086,1,,none: no stat id displays this text,"family: a description, represented by `Armour: (#-#)% to Cold Resistance`; reach: Fire + Resistance; listed without it by apt, cpp"
pseudo.pseudo_total_elemental_resistance,+#% total Elemental Resistance,Attacks with Energy Blades Penetrate #% Lightning Resistance,enchant.stat_1501151168,text-only,-,search/item-facts/data/mod-templates.csv#L6700,1,storm_blade_has_local_lightning_penetration_%=not local,L010.4,"family: a monster's or an enemy's, represented by `#% Monster Elemental Resistances`; reach: Lightning + Resistance; listed without it by apt, cpp"
pseudo.pseudo_total_elemental_resistance,+#% total Elemental Resistance,Attacks with this Weapon Penetrate #% Fire Resistance,explicit.stat_3398283493;fractured.stat_3398283493,text-only,-,search/item-facts/data/mod-templates.csv#L5092,1,local_fire_penetration_%=local,L010.4,"family: a monster's or an enemy's, represented by `#% Monster Elemental Resistances`; reach: Fire + Resistance; listed without it by apt, cpp"
pseudo.pseudo_total_elemental_resistance,+#% total Elemental Resistance,Belt: Damage Penetrates #% Elemental Resistances during any Flask Effect,,text-only,-,search/item-facts/data/mod-templates.csv#L5103,1,,L010.4,"family: a monster's or an enemy's, represented by `#% Monster Elemental Resistances`; reach: Elemental + Resistances; listed without it by apt, cpp"
pseudo.pseudo_total_elemental_resistance,+#% total Elemental Resistance,Critical Strike Chance is increased by Overcapped Lightning Resistance,explicit.stat_2478752719;fractured.stat_2478752719,text-only,-,search/item-facts/data/mod-templates.csv#L5158,1,critical_strike_chance_increased_by_overcapped_lightning_resistance=not local,L163.2,"reach: Lightning + Resistance; listed without it by apt, cpp"
pseudo.pseudo_total_elemental_resistance,+#% total Elemental Resistance,Damage Penetrates #% Lightning Resistance during Effect,explicit.stat_4164990693,text-only,-,search/item-facts/data/mod-templates.csv#L5161,1,local_unique_flask_lightning_resistance_penetration_%_during_flask_effect=local,L010.4,"family: a monster's or an enemy's, represented by `#% Monster Elemental Resistances`; reach: Lightning + Resistance; listed without it by apt, cpp"
pseudo.pseudo_total_elemental_resistance,+#% total Elemental Resistance,Damage Penetrates #% Lightning Resistance while affected by Wrath,explicit.stat_1077131949,text-only,-,search/item-facts/data/mod-templates.csv#L5162,1,reduce_enemy_lightning_resistance_%_while_affected_by_wrath=not local,L010.4,"family: a monster's or an enemy's, represented by `#% Monster Elemental Resistances`; reach: Lightning + Resistance; listed without it by apt, cpp"
pseudo.pseudo_total_elemental_resistance,+#% total Elemental Resistance,Evasion Rating is increased by Overcapped Cold Resistance,explicit.stat_2358015838;fractured.stat_2358015838;implicit.stat_2358015838,text-only,-,search/item-facts/data/mod-templates.csv#L5192,1,evasion_rating_increased_by_overcapped_cold_resistance=not local,L164.2,"reach: Cold + Resistance; listed without it by apt, cpp"
pseudo.pseudo_total_elemental_resistance,+#% total Elemental Resistance,Hits ignore Enemy Monster Fire Resistance while you are Ignited,explicit.stat_4040152475,text-only,-,search/item-facts/data/mod-templates.csv#L5290,1,hits_ignore_enemy_fire_resistance_while_you_are_ignited=not local,L010.4,"family: a monster's or an enemy's, represented by `#% Monster Elemental Resistances`; reach: Fire + Resistance; listed without it by apt, cpp"
pseudo.pseudo_total_elemental_resistance,+#% total Elemental Resistance,Mana is increased by #% of Overcapped Lightning Resistance,explicit.stat_3178534707,text-only,-,search/item-facts/data/mod-templates.csv#L5341,1,,L166.2,"reach: Lightning + Resistance; listed without it by apt, cpp"
pseudo.pseudo_total_elemental_resistance,+#% total Elemental Resistance,Melee Weapon Damage Penetrates #% Elemental Resistances,explicit.stat_2499808413,text-only,-,search/item-facts/data/mod-templates.csv#L5352,1,,L010.4,"family: a monster's or an enemy's, represented by `#% Monster Elemental Resistances`; reach: Elemental + Resistances; listed without it by apt, cpp"
pseudo.pseudo_total_elemental_resistance,+#% total Elemental Resistance,Minions have #% to Cold Resistance,explicit.stat_2200407711,text-only,-,search/item-facts/data/mod-templates.csv#L5364,1,minion_cold_damage_resistance_%=not local,L025.4,"family: a minion's or ally's, represented by `Minions have #% to all Elemental Resistances`; reach: Cold + Resistance; listed without it by apt, cpp"
pseudo.pseudo_total_elemental_resistance,+#% total Elemental Resistance,Nearby Enemies have #% to Fire Resistance,explicit.stat_3914021960;fractured.stat_3914021960;scourge.stat_3914021960,text-only,-,search/item-facts/data/mod-templates.csv#L6919,1,local_display_nearby_enemy_fire_damage_resistance_%=local,L010.4,"family: a monster's or an enemy's, represented by `#% Monster Elemental Resistances`; reach: Fire + Resistance; listed without it by apt, cpp"
pseudo.pseudo_total_elemental_resistance,+#% total Elemental Resistance,Nearby Enemies have #% to Lightning Resistance,explicit.stat_1849749435;fractured.stat_1849749435;scourge.stat_1849749435,text-only,-,search/item-facts/data/mod-templates.csv#L6920,1,local_display_nearby_enemy_lightning_damage_resistance_%=local,L010.4,"family: a monster's or an enemy's, represented by `#% Monster Elemental Resistances`; reach: Lightning + Resistance; listed without it by apt, cpp"
pseudo.pseudo_total_elemental_resistance,+#% total Elemental Resistance,Passives granting Cold Resistance or all Elemental Resistances in Radius\nalso grant an equal chance to gain a Frenzy Charge on Kill,explicit.stat_509677462,text-only,-,search/item-facts/data/mod-templates.csv#L5408,1,local_unique_jewel_cold_resistance_also_grants_frenzy_charge_on_kill_chance=local,L029.4,"family: a passive's grant, represented by `Added Small Passive Skills also grant: #% to all Elemental Resistances`; reach: Cold + Resistance; listed without it by apt, cpp"
pseudo.pseudo_total_elemental_resistance,+#% total Elemental Resistance,Passives granting Fire Resistance or all Elemental Resistances in Radius\nalso grant increased Maximum Life at #% of its value,explicit.stat_4068640319,text-only,-,search/item-facts/data/mod-templates.csv#L5409,1,local_unique_jewel_fire_resistance_also_grants_maximum_life_scaled_%=local,L029.4,"family: a passive's grant, represented by `Added Small Passive Skills also grant: #% to all Elemental Resistances`; reach: Fire + Resistance; listed without it by apt, cpp"
pseudo.pseudo_total_elemental_resistance,+#% total Elemental Resistance,Passives granting Lightning Resistance or all Elemental Resistances in Radius\nalso grant an equal chance to gain a Power Charge on Kill,explicit.stat_926444104,text-only,-,search/item-facts/data/mod-templates.csv#L5410,1,local_unique_jewel_lightning_resistance_also_grants_power_charge_on_kill_chance=local,L029.4,"family: a passive's grant, represented by `Added Small Passive Skills also grant: #% to all Elemental Resistances`; reach: Lightning + Resistance; listed without it by apt, cpp"
pseudo.pseudo_total_elemental_resistance,+#% total Elemental Resistance,Passives granting Lightning Resistance or all Elemental Resistances in Radius\nalso grant increased Maximum Energy Shield at #% of its value,explicit.stat_1348513056,text-only,-,search/item-facts/data/mod-templates.csv#L5411,1,local_unique_jewel_lightning_resistance_also_grants_maximum_energy_shield_scaled_%=local,L029.4,"family: a passive's grant, represented by `Added Small Passive Skills also grant: #% to all Elemental Resistances`; reach: Lightning + Resistance; listed without it by apt, cpp"
pseudo.pseudo_total_elemental_resistance,+#% total Elemental Resistance,Penetrate #% Elemental Resistances per # Omniscience,explicit.stat_2757041809,text-only,-,search/item-facts/data/mod-templates.csv#L5412,1,,L010.4,"family: a monster's or an enemy's, represented by `#% Monster Elemental Resistances`; reach: Elemental + Resistances; listed without it by apt, cpp"
pseudo.pseudo_total_elemental_resistance,+#% total Elemental Resistance,Summoned Carrion Golems have #% to all Elemental Resistances,enchant.stat_59544006,text-only,-,search/item-facts/data/mod-templates.csv#L6795,1,bone_golem_elemental_resistances_%=not local,L025.4,"family: a minion's or ally's, represented by `Minions have #% to all Elemental Resistances`; reach: Elemental + Resistances; listed without it by apt, cpp"
pseudo.pseudo_total_chaos_resistance,+#% total to Chaos Resistance,#% to All Resistances,explicit.stat_2016723660;fractured.stat_2016723660,sources-differ,1;absent;absent,"awakened-poe-trade@ce551eb7:renderer/src/web/price-check/filters/pseudo/index.ts#L8,L75-L79;search/cpp-search/data/pseudomods.toml#L58-L64;PathOfBuilding@16de4b82:src/Classes/TradeQueryGenerator.lua#L999-L1031",0,,L001.5,"named by apt; left out by cpp, pob, which list this pseudo's lines"
pseudo.pseudo_total_chaos_resistance,+#% total to Chaos Resistance,#% Monster Chaos Resistance,explicit.stat_365540634;fractured.stat_365540634,text-only,-,search/item-facts/data/mod-templates.csv#L91,219,map_monsters_additional_chaos_resistance=not local,L018.1,"represents the family `a monster's or an enemy's` (4 templates); reach: Chaos + Resistance; listed without it by apt, cpp, pob"
pseudo.pseudo_total_chaos_resistance,+#% total to Chaos Resistance,Players have #% to all maximum Resistances,explicit.stat_3376488707;fractured.stat_3376488707,text-only,-,search/item-facts/data/mod-templates.csv#L98,205,map_additional_player_maximum_resistances_%=not local,L018.1,"family: a monster's or an enemy's, represented by `#% Monster Chaos Resistance`; reach: all + Resistances; listed without it by apt, cpp, pob"
pseudo.pseudo_total_chaos_resistance,+#% total to Chaos Resistance,Added Small Passive Skills also grant: #% to Chaos Resistance,explicit.stat_1811604576;fractured.stat_1811604576,text-only,-,search/item-facts/data/mod-templates.csv#L200,91,local_affliction_jewel_small_nodes_grant_chaos_resistance_%=local,L030.1,"represents the family `a passive's grant` (10 templates); reach: Chaos + Resistance; listed without it by apt, cpp, pob"
pseudo.pseudo_total_chaos_resistance,+#% total to Chaos Resistance,Added Small Passive Skills also grant: #% to all Elemental Resistances,explicit.stat_2669029667;fractured.stat_2669029667,text-only,-,search/item-facts/data/mod-templates.csv#L296,61,local_affliction_jewel_small_nodes_grant_elemental_resistance_%=local,L030.1,"family: a passive's grant, represented by `Added Small Passive Skills also grant: #% to Chaos Resistance`; reach: all + Resistances; listed without it by apt, cpp, pob"
pseudo.pseudo_total_chaos_resistance,+#% total to Chaos Resistance,Minions have #% to all Elemental Resistances,crafted.stat_1423639565;explicit.stat_1423639565;fractured.stat_1423639565;implicit.stat_1423639565;scourge.stat_1423639565,text-only,-,search/item-facts/data/mod-templates.csv#L543,54,minion_elemental_resistance_%=not local,L025.5,"represents the family `a minion's or ally's` (11 templates); reach: all + Resistances; listed without it by apt, cpp, pob"
pseudo.pseudo_total_chaos_resistance,+#% total to Chaos Resistance,You and nearby allies gain #% to all Elemental Resistances,,text-only,-,search/item-facts/data/mod-templates.csv#L415,43,,L025.5,"family: a minion's or ally's, represented by `Minions have #% to all Elemental Resistances`; reach: all + Resistances; listed without it by apt, cpp, pob"
pseudo.pseudo_total_chaos_resistance,+#% total to Chaos Resistance,Cursed enemies have #% to Chaos Resistance,,text-only,-,search/item-facts/data/mod-templates.csv#L708,25,,L018.1,"family: a monster's or an enemy's, represented by `#% Monster Chaos Resistance`; reach: Chaos + Resistance; listed without it by apt, cpp, pob"
pseudo.pseudo_total_chaos_resistance,+#% total to Chaos Resistance,Golems grant #% to Chaos Resistance,,text-only,-,search/item-facts/data/mod-templates.csv#L903,19,,L025.5,"family: a minion's or ally's, represented by `Minions have #% to all Elemental Resistances`; reach: Chaos + Resistance; listed without it by apt, cpp, pob"
pseudo.pseudo_total_chaos_resistance,+#% total to Chaos Resistance,#% to all maximum Resistances,explicit.stat_569299859;fractured.stat_569299859;implicit.stat_569299859,text-only,-,search/item-facts/data/mod-templates.csv#L1897,14,additional_maximum_all_resistances_%=not local,L035.5,"reach: all + Resistances; listed without it by apt, cpp, pob"
pseudo.pseudo_total_chaos_resistance,+#% total to Chaos Resistance,Passive Skills in Radius can be Allocated without being connected to your tree\n#% to all Elemental Resistances\nPassage,crafted.stat_2901986750;explicit.stat_1725885727;explicit.stat_2901986750;fractured.stat_2901986750;implicit.stat_2901986750;scourge.stat_2901986750,text-only,-,search/item-facts/data/mod-templates.csv#L1253,14,local_unique_jewel_nearby_disconnected_passives_can_be_allocated=local;unique_thread_of_hope_base_resist_all_elements_%=not local,L030.1,"family: a passive's grant, represented by `Added Small Passive Skills also grant: #% to Chaos Resistance`; reach: all + Resistances; listed without it by apt, cpp, pob"
pseudo.pseudo_total_chaos_resistance,+#% total to Chaos Resistance,#% to Chaos Resistance when on Low Life,explicit.stat_2366940416,text-only,-,search/item-facts/data/mod-templates.csv#L1392,12,chaos_damage_resistance_%_when_on_low_life=not local,L055.1,"reach: Chaos + Resistance; listed without it by apt, cpp, pob"
pseudo.pseudo_total_chaos_resistance,+#% total to Chaos Resistance,Armour: (#-#)% to Chaos Resistance,,text-only,-,search/item-facts/data/mod-templates.csv#L1398,12,,none: no stat id displays this text,"represents the family `a description` (2 templates); reach: Chaos + Resistance; listed without it by apt, cpp, pob"
pseudo.pseudo_total_chaos_resistance,+#% total to Chaos Resistance,Belt: (#-#)% to Chaos Resistance,,text-only,-,search/item-facts/data/mod-templates.csv#L1400,12,,none: no stat id displays this text,"family: a description, represented by `Armour: (#-#)% to Chaos Resistance`; reach: Chaos + Resistance; listed without it by apt, cpp, pob"
pseudo.pseudo_total_chaos_resistance,+#% total to Chaos Resistance,#% to Chaos Resistance during any Flask Effect,explicit.stat_392168009;fractured.stat_392168009;implicit.stat_392168009,text-only,-,search/item-facts/data/mod-templates.csv#L1492,11,chaos_resistance_+_while_using_flask=not local,L097.1,"represents the family `during a flask's effect` (2 templates); reach: Chaos + Resistance; listed without it by apt, cpp, pob"
pseudo.pseudo_total_chaos_resistance,+#% total to Chaos Resistance,Chaos Damage with Hits is Resisted by lowest Resistance instead,,text-only,-,search/item-facts/data/mod-templates.csv#L1507,11,,none: no stat id displays this text,"reach: Chaos + Resistance; listed without it by apt, cpp, pob"
pseudo.pseudo_total_chaos_resistance,+#% total to Chaos Resistance,Minions have #% to Chaos Resistance,explicit.stat_3837707023;fractured.stat_3837707023;scourge.stat_3837707023,text-only,-,search/item-facts/data/mod-templates.csv#L1641,10,minion_chaos_resistance_%=not local,L025.5,"family: a minion's or ally's, represented by `Minions have #% to all Elemental Resistances`; reach: Chaos + Resistance; listed without it by apt, cpp, pob"
pseudo.pseudo_total_chaos_resistance,+#% total to Chaos Resistance,#% to Chaos Resistance while affected by Herald of Agony,explicit.stat_3456816469,text-only,-,search/item-facts/data/mod-templates.csv#L1731,9,chaos_damage_resistance_%_while_affected_by_herald_of_agony=not local,L110.1,"represents the family `while` (3 templates); reach: Chaos + Resistance; listed without it by apt, cpp, pob"
pseudo.pseudo_total_chaos_resistance,+#% total to Chaos Resistance,#% to all maximum Resistances while you have no Endurance Charges,explicit.stat_3635566977;implicit.stat_3635566977,text-only,-,search/item-facts/data/mod-templates.csv#L1898,8,additional_maximum_all_resistances_%_with_no_endurance_charges=not local,L110.1,"family: while, represented by `#% to Chaos Resistance while affected by Herald of Agony`; reach: all + Resistances; listed without it by apt, cpp, pob"
pseudo.pseudo_total_chaos_resistance,+#% total to Chaos Resistance,"Buff grants #% to all Elemental Resistances per # power, counting a maximum of # Power",,text-only,-,search/item-facts/data/mod-templates.csv#L1908,8,,L057.5,"family: per, represented by `#% to all Elemental Resistances per # Devotion`; reach: all + Resistances; listed without it by apt, cpp, pob"
pseudo.pseudo_total_chaos_resistance,+#% total to Chaos Resistance,Minions from Supported Skills have #% to all Elemental Resistances,,text-only,-,search/item-facts/data/mod-templates.csv#L1972,8,,L025.5,"family: a minion's or ally's, represented by `Minions have #% to all Elemental Resistances`; reach: all + Resistances; listed without it by apt, cpp, pob"
pseudo.pseudo_total_chaos_resistance,+#% total to Chaos Resistance,Minions from Supported Skills have #% to all maximum Elemental Resistances,,text-only,-,search/item-facts/data/mod-templates.csv#L1973,8,,L025.5,"family: a minion's or ally's, represented by `Minions have #% to all Elemental Resistances`; reach: all + Resistances; listed without it by apt, cpp, pob"
pseudo.pseudo_total_chaos_resistance,+#% total to Chaos Resistance,#% to maximum Chaos Resistance,explicit.stat_1301765461;fractured.stat_1301765461;implicit.stat_1301765461;scourge.stat_1301765461,text-only,-,search/item-facts/data/mod-templates.csv#L5915,7,base_maximum_chaos_damage_resistance_%=not local,L081.1,"reach: Chaos + Resistance; listed without it by apt, cpp, pob"
pseudo.pseudo_total_chaos_resistance,+#% total to Chaos Resistance,Added Small Passive Skills grant: #% to Chaos Resistance,,text-only,-,search/item-facts/data/mod-templates.csv#L6286,7,,L030.1,"family: a passive's grant, represented by `Added Small Passive Skills also grant: #% to Chaos Resistance`; reach: Chaos + Resistance; listed without it by apt, cpp, pob"
pseudo.pseudo_total_chaos_resistance,+#% total to Chaos Resistance,Totems gain #% to all Elemental Resistances,explicit.stat_1809006367;fractured.stat_1809006367;implicit.stat_1809006367;scourge.stat_1809006367,text-only,-,search/item-facts/data/mod-templates.csv#L2180,7,totem_elemental_resistance_%=not local,L025.5,"family: a minion's or ally's, represented by `Minions have #% to all Elemental Resistances`; reach: all + Resistances; listed without it by apt, cpp, pob"
pseudo.pseudo_total_chaos_resistance,+#% total to Chaos Resistance,Attacks with this Weapon Penetrate #% Chaos Resistance,crafted.stat_3762412853;explicit.stat_3762412853;fractured.stat_3762412853,text-only,-,search/item-facts/data/mod-templates.csv#L2289,6,local_chaos_penetration_%=local,L018.1,"family: a monster's or an enemy's, represented by `#% Monster Chaos Resistance`; reach: Chaos + Resistance; listed without it by apt, cpp, pob"
pseudo.pseudo_total_chaos_resistance,+#% total to Chaos Resistance,#% to all Elemental Resistances per # Devotion,explicit.stat_1910205563,text-only,-,search/item-facts/data/mod-templates.csv#L2854,4,,L057.5,"represents the family `per` (5 templates); reach: all + Resistances; listed without it by apt, cpp, pob"
pseudo.pseudo_total_chaos_resistance,+#% total to Chaos Resistance,Passives granting Fire Resistance or all Elemental Resistances in Radius\nalso grant an equal chance to gain an Endurance Charge on Kill,explicit.stat_1645524575,text-only,-,search/item-facts/data/mod-templates.csv#L3075,4,local_unique_jewel_fire_resistance_also_grants_endurance_charge_on_kill_chance=local,L030.1,"family: a passive's grant, represented by `Added Small Passive Skills also grant: #% to Chaos Resistance`; reach: all + Resistance; listed without it by apt, cpp, pob"
pseudo.pseudo_total_chaos_resistance,+#% total to Chaos Resistance,#% increased Elemental and Chaos Resistances,explicit.stat_1195367742,text-only,-,search/item-facts/data/mod-templates.csv#L3273,3,all_damage_resistance_+%=not local,L070.5,"reach: Chaos + Resistances; listed without it by apt, cpp, pob"
pseudo.pseudo_total_chaos_resistance,+#% total to Chaos Resistance,#% to all Elemental Resistances while you have at least # Strength,explicit.stat_2415398184,text-only,-,search/item-facts/data/mod-templates.csv#L3321,3,,L110.1,"family: while, represented by `#% to Chaos Resistance while affected by Herald of Agony`; reach: all + Resistances; listed without it by apt, cpp, pob"
pseudo.pseudo_total_chaos_resistance,+#% total to Chaos Resistance,#% to all Resistances per Minion from your Non-Vaal Skills,explicit.stat_2894273152,text-only,-,search/item-facts/data/mod-templates.csv#L3322,3,all_resistances_%_per_active_minion_not_from_vaal_skills=not local,L025.5,"family: a minion's or ally's, represented by `Minions have #% to all Elemental Resistances`; reach: all + Resistances; listed without it by apt, cpp, pob"
pseudo.pseudo_total_chaos_resistance,+#% total to Chaos Resistance,Raised Zombies have #% to all Resistances,explicit.stat_3150000576,text-only,-,search/item-facts/data/mod-templates.csv#L3608,3,zombie_chaos_elemental_damage_resistance_%=not local,L025.5,"family: a minion's or ally's, represented by `Minions have #% to all Elemental Resistances`; reach: all + Resistances; listed without it by apt, cpp, pob"
pseudo.pseudo_total_chaos_resistance,+#% total to Chaos Resistance,Belt: #% to Chaos Resistance during any Flask Effect,,text-only,-,search/item-facts/data/mod-templates.csv#L4131,2,,L097.1,"family: during a flask's effect, represented by `#% to Chaos Resistance during any Flask Effect`; reach: Chaos + Resistance; listed without it by apt, cpp, pob"
pseudo.pseudo_total_chaos_resistance,+#% total to Chaos Resistance,Chaos Resistance is Zero,explicit.stat_2439129490;fractured.stat_2439129490;implicit.stat_2439129490,text-only,-,search/item-facts/data/mod-templates.csv#L4157,2,zero_chaos_resistance=not local,L152.1,"reach: Chaos + Resistance; listed without it by apt, cpp, pob"
pseudo.pseudo_total_chaos_resistance,+#% total to Chaos Resistance,Minions Convert #% of their Maximum Life to Maximum Energy\nShield per #% Chaos Resistance they have,,text-only,-,search/item-facts/data/mod-templates.csv#L4293,2,,L025.5,"family: a minion's or ally's, represented by `Minions have #% to all Elemental Resistances`; reach: Chaos + Resistance; listed without it by apt, cpp, pob"
pseudo.pseudo_total_chaos_resistance,+#% total to Chaos Resistance,Passives granting Cold Resistance or all Elemental Resistances in Radius\nalso grant Chance to Suppress Spell Damage at #% of its value,explicit.stat_1409669176,text-only,-,search/item-facts/data/mod-templates.csv#L4340,2,local_unique_jewel_cold_resistance_also_grants_spell_suppression_chance_scaled_%=local,L030.1,"family: a passive's grant, represented by `Added Small Passive Skills also grant: #% to Chaos Resistance`; reach: all + Resistance; listed without it by apt, cpp, pob"
pseudo.pseudo_total_chaos_resistance,+#% total to Chaos Resistance,#% to Chaos Resistance per Endurance Charge,explicit.stat_4210011075,text-only,-,search/item-facts/data/mod-templates.csv#L4811,1,chaos_damage_resistance_%_per_endurance_charge=not local,L057.5,"family: per, represented by `#% to all Elemental Resistances per # Devotion`; reach: Chaos + Resistance; listed without it by apt, cpp, pob"
pseudo.pseudo_total_chaos_resistance,+#% total to Chaos Resistance,#% to Chaos Resistance per Poison on you,explicit.stat_175362265,text-only,-,search/item-facts/data/mod-templates.csv#L4812,1,chaos_damage_resistance_%_per_poison_stack=not local,L057.5,"family: per, represented by `#% to all Elemental Resistances per # Devotion`; reach: Chaos + Resistance; listed without it by apt, cpp, pob"
pseudo.pseudo_total_chaos_resistance,+#% total to Chaos Resistance,#% to [Resistances|Chaos Resistance],explicit.stat_2923486259;fractured.stat_2923486259;implicit.stat_2923486259;scourge.stat_2923486259,text-only,-,search/item-facts/data/mod-templates.csv#L6097,1,base_chaos_damage_resistance_%=not local,L175.1,"reach: Chaos + Resistance; listed without it by apt, cpp, pob"
pseudo.pseudo_total_chaos_resistance,+#% total to Chaos Resistance,#% to all Elemental Resistances per # Omniscience,explicit.stat_2569472704,text-only,-,search/item-facts/data/mod-templates.csv#L4822,1,,L057.5,"family: per, represented by `#% to all Elemental Resistances per # Devotion`; reach: all + Resistances; listed without it by apt, cpp, pob"
pseudo.pseudo_total_chaos_resistance,+#% total to Chaos Resistance,#% to all maximum Elemental Resistances if # Shaper Items are Equipped,explicit.stat_15754647,text-only,-,search/item-facts/data/mod-templates.csv#L4823,1,,L135.5,"represents the family `if or recently` (1 templates); reach: all + Resistances; listed without it by apt, cpp, pob"
pseudo.pseudo_total_chaos_resistance,+#% total to Chaos Resistance,Passives granting Cold Resistance or all Elemental Resistances in Radius\nalso grant an equal chance to gain a Frenzy Charge on Kill,explicit.stat_509677462,text-only,-,search/item-facts/data/mod-templates.csv#L5408,1,local_unique_jewel_cold_resistance_also_grants_frenzy_charge_on_kill_chance=local,L030.1,"family: a passive's grant, represented by `Added Small Passive Skills also grant: #% to Chaos Resistance`; reach: all + Resistance; listed without it by apt, cpp, pob"
pseudo.pseudo_total_chaos_resistance,+#% total to Chaos Resistance,Passives granting Fire Resistance or all Elemental Resistances in Radius\nalso grant increased Maximum Life at #% of its value,explicit.stat_4068640319,text-only,-,search/item-facts/data/mod-templates.csv#L5409,1,local_unique_jewel_fire_resistance_also_grants_maximum_life_scaled_%=local,L030.1,"family: a passive's grant, represented by `Added Small Passive Skills also grant: #% to Chaos Resistance`; reach: all + Resistance; listed without it by apt, cpp, pob"
pseudo.pseudo_total_chaos_resistance,+#% total to Chaos Resistance,Passives granting Lightning Resistance or all Elemental Resistances in Radius\nalso grant an equal chance to gain a Power Charge on Kill,explicit.stat_926444104,text-only,-,search/item-facts/data/mod-templates.csv#L5410,1,local_unique_jewel_lightning_resistance_also_grants_power_charge_on_kill_chance=local,L030.1,"family: a passive's grant, represented by `Added Small Passive Skills also grant: #% to Chaos Resistance`; reach: all + Resistance; listed without it by apt, cpp, pob"
pseudo.pseudo_total_chaos_resistance,+#% total to Chaos Resistance,Passives granting Lightning Resistance or all Elemental Resistances in Radius\nalso grant increased Maximum Energy Shield at #% of its value,explicit.stat_1348513056,text-only,-,search/item-facts/data/mod-templates.csv#L5411,1,local_unique_jewel_lightning_resistance_also_grants_maximum_energy_shield_scaled_%=local,L030.1,"family: a passive's grant, represented by `Added Small Passive Skills also grant: #% to Chaos Resistance`; reach: all + Resistance; listed without it by apt, cpp, pob"
pseudo.pseudo_total_chaos_resistance,+#% total to Chaos Resistance,Summoned Carrion Golems have #% to all Elemental Resistances,enchant.stat_59544006,text-only,-,search/item-facts/data/mod-templates.csv#L6795,1,bone_golem_elemental_resistances_%=not local,L025.5,"family: a minion's or ally's, represented by `Minions have #% to all Elemental Resistances`; reach: all + Resistances; listed without it by apt, cpp, pob"
pseudo.pseudo_total_resistance,+#% total Resistance,#% Monster Chaos Resistance,explicit.stat_365540634;fractured.stat_365540634,text-only,-,search/item-facts/data/mod-templates.csv#L91,219,map_monsters_additional_chaos_resistance=not local,L018.2,represents the family `a monster's or an enemy's` (69 templates); reach: Resistance; listed without it by cpp
pseudo.pseudo_total_resistance,+#% total Resistance,#% Monster Elemental Resistances,explicit.stat_1054098949;fractured.stat_1054098949,text-only,-,search/item-facts/data/mod-templates.csv#L92,219,map_monsters_additional_elemental_resistance=not local,L018.2,"family: a monster's or an enemy's, represented by `#% Monster Chaos Resistance`; reach: Resistances; listed without it by cpp"
pseudo.pseudo_total_resistance,+#% total Resistance,Players have #% to all maximum Resistances,explicit.stat_3376488707;fractured.stat_3376488707,text-only,-,search/item-facts/data/mod-templates.csv#L98,205,map_additional_player_maximum_resistances_%=not local,L018.2,"family: a monster's or an enemy's, represented by `#% Monster Chaos Resistance`; reach: Resistances; listed without it by cpp"
pseudo.pseudo_total_resistance,+#% total Resistance,#% to maximum Cold Resistance,enchant.stat_3676141501;explicit.stat_3676141501;fractured.stat_3676141501;implicit.stat_3676141501;scourge.stat_3676141501,text-only,-,search/item-facts/data/mod-templates.csv#L6215,156,base_maximum_cold_damage_resistance_%=not local,L017.3,reach: Resistance; listed without it by cpp
pseudo.pseudo_total_resistance,+#% total Resistance,#% to maximum Fire Resistance,enchant.stat_4095671657;explicit.stat_4095671657;fractured.stat_4095671657;implicit.stat_4095671657;scourge.stat_4095671657,text-only,-,search/item-facts/data/mod-templates.csv#L6219,143,base_maximum_fire_damage_resistance_%=not local,L019.3,reach: Resistance; listed without it by cpp
pseudo.pseudo_total_resistance,+#% total Resistance,#% to maximum Lightning Resistance,enchant.stat_1011760251;explicit.stat_1011760251;fractured.stat_1011760251;implicit.stat_1011760251;scourge.stat_1011760251,text-only,-,search/item-facts/data/mod-templates.csv#L6217,139,base_maximum_lightning_damage_resistance_%=not local,L020.3,reach: Resistance; listed without it by cpp
pseudo.pseudo_total_resistance,+#% total Resistance,Added Small Passive Skills also grant: #% to Chaos Resistance,explicit.stat_1811604576;fractured.stat_1811604576,text-only,-,search/item-facts/data/mod-templates.csv#L200,91,local_affliction_jewel_small_nodes_grant_chaos_resistance_%=local,L030.2,represents the family `a passive's grant` (16 templates); reach: Resistance; listed without it by cpp
pseudo.pseudo_total_resistance,+#% total Resistance,#% maximum Player Resistances per #% Alert Level,explicit.stat_652638686;fractured.stat_652638686,text-only,-,search/item-facts/data/mod-templates.csv#L220,84,,L018.2,"family: a monster's or an enemy's, represented by `#% Monster Chaos Resistance`; reach: Resistances; listed without it by cpp"
pseudo.pseudo_total_resistance,+#% total Resistance,#% additional Elemental Resistances during Effect,explicit.stat_962725504;fractured.stat_962725504,text-only,-,search/item-facts/data/mod-templates.csv#L269,66,local_flask_resistances_+%_while_healing=local,L024.5,represents the family `during a flask's effect` (4 templates); reach: Resistances; listed without it by cpp
pseudo.pseudo_total_resistance,+#% total Resistance,#% Player Cold Resistance per #% Alert Level,explicit.stat_2916448124;fractured.stat_2916448124,text-only,-,search/item-facts/data/mod-templates.csv#L281,63,,L018.2,"family: a monster's or an enemy's, represented by `#% Monster Chaos Resistance`; reach: Resistance; listed without it by cpp"
pseudo.pseudo_total_resistance,+#% total Resistance,Added Small Passive Skills also grant: #% to all Elemental Resistances,explicit.stat_2669029667;fractured.stat_2669029667,text-only,-,search/item-facts/data/mod-templates.csv#L296,61,local_affliction_jewel_small_nodes_grant_elemental_resistance_%=local,L030.2,"family: a passive's grant, represented by `Added Small Passive Skills also grant: #% to Chaos Resistance`; reach: Resistances; listed without it by cpp"
pseudo.pseudo_total_resistance,+#% total Resistance,Minions have #% to all Elemental Resistances,crafted.stat_1423639565;explicit.stat_1423639565;fractured.stat_1423639565;implicit.stat_1423639565;scourge.stat_1423639565,text-only,-,search/item-facts/data/mod-templates.csv#L543,54,minion_elemental_resistance_%=not local,L025.6,represents the family `a minion's or ally's` (22 templates); reach: Resistances; listed without it by cpp
pseudo.pseudo_total_resistance,+#% total Resistance,#% Player Fire Resistance per #% Alert Level,explicit.stat_1318683911;fractured.stat_1318683911,text-only,-,search/item-facts/data/mod-templates.csv#L329,53,,L018.2,"family: a monster's or an enemy's, represented by `#% Monster Chaos Resistance`; reach: Resistance; listed without it by cpp"
pseudo.pseudo_total_resistance,+#% total Resistance,Added Small Passive Skills also grant: #% to Cold Resistance,explicit.stat_2709692542;fractured.stat_2709692542,text-only,-,search/item-facts/data/mod-templates.csv#L360,49,local_affliction_jewel_small_nodes_grant_cold_resistance_%=local,L030.2,"family: a passive's grant, represented by `Added Small Passive Skills also grant: #% to Chaos Resistance`; reach: Resistance; listed without it by cpp"
pseudo.pseudo_total_resistance,+#% total Resistance,#% Player Lightning Resistance per #% Alert Level,explicit.stat_3839688967;fractured.stat_3839688967,text-only,-,search/item-facts/data/mod-templates.csv#L398,45,,L018.2,"family: a monster's or an enemy's, represented by `#% Monster Chaos Resistance`; reach: Resistance; listed without it by cpp"
pseudo.pseudo_total_resistance,+#% total Resistance,Added Small Passive Skills also grant: #% to Fire Resistance,explicit.stat_1790411851;fractured.stat_1790411851,text-only,-,search/item-facts/data/mod-templates.csv#L403,45,local_affliction_jewel_small_nodes_grant_fire_resistance_%=local,L030.2,"family: a passive's grant, represented by `Added Small Passive Skills also grant: #% to Chaos Resistance`; reach: Resistance; listed without it by cpp"
pseudo.pseudo_total_resistance,+#% total Resistance,You and nearby allies gain #% to all Elemental Resistances,,text-only,-,search/item-facts/data/mod-templates.csv#L415,43,,L025.6,"family: a minion's or ally's, represented by `Minions have #% to all Elemental Resistances`; reach: Resistances; listed without it by cpp"
pseudo.pseudo_total_resistance,+#% total Resistance,You and nearby allies gain #% additional Fire Resistance,,text-only,-,search/item-facts/data/mod-templates.csv#L507,36,,L025.6,"family: a minion's or ally's, represented by `Minions have #% to all Elemental Resistances`; reach: Resistance; listed without it by cpp"
pseudo.pseudo_total_resistance,+#% total Resistance,Added Small Passive Skills also grant: #% to Lightning Resistance,explicit.stat_2250780084;fractured.stat_2250780084,text-only,-,search/item-facts/data/mod-templates.csv#L537,33,local_affliction_jewel_small_nodes_grant_lightning_resistance_%=local,L030.2,"family: a passive's grant, represented by `Added Small Passive Skills also grant: #% to Chaos Resistance`; reach: Resistance; listed without it by cpp"
pseudo.pseudo_total_resistance,+#% total Resistance,Damage Penetrates #% Lightning Resistance,enchant.stat_818778753;explicit.stat_818778753;fractured.stat_818778753;implicit.stat_818778753;scourge.stat_818778753,text-only,-,search/item-facts/data/mod-templates.csv#L710,33,base_reduce_enemy_lightning_resistance_%=not local,L018.2,"family: a monster's or an enemy's, represented by `#% Monster Chaos Resistance`; reach: Resistance; listed without it by cpp"
pseudo.pseudo_total_resistance,+#% total Resistance,Cursed enemies have #% to Fire Resistance,,text-only,-,search/item-facts/data/mod-templates.csv#L565,32,,L018.2,"family: a monster's or an enemy's, represented by `#% Monster Chaos Resistance`; reach: Resistance; listed without it by cpp"
pseudo.pseudo_total_resistance,+#% total Resistance,Cold Exposure applies #% to Cold Resistance,,text-only,-,search/item-facts/data/mod-templates.csv#L637,28,,L018.2,"family: a monster's or an enemy's, represented by `#% Monster Chaos Resistance`; reach: Resistance; listed without it by cpp"
pseudo.pseudo_total_resistance,+#% total Resistance,Enemies Ignited by Supported Skills have #% to Fire Resistance,,text-only,-,search/item-facts/data/mod-templates.csv#L659,27,,L018.2,"family: a monster's or an enemy's, represented by `#% Monster Chaos Resistance`; reach: Resistance; listed without it by cpp"
pseudo.pseudo_total_resistance,+#% total Resistance,Exposure applies #% to Elemental Resistance matching highest Damage taken,,text-only,-,search/item-facts/data/mod-templates.csv#L680,26,,L018.2,"family: a monster's or an enemy's, represented by `#% Monster Chaos Resistance`; reach: Resistance; listed without it by cpp"
pseudo.pseudo_total_resistance,+#% total Resistance,Cursed enemies have #% to Chaos Resistance,,text-only,-,search/item-facts/data/mod-templates.csv#L708,25,,L018.2,"family: a monster's or an enemy's, represented by `#% Monster Chaos Resistance`; reach: Resistance; listed without it by cpp"
pseudo.pseudo_total_resistance,+#% total Resistance,Supported Skills Penetrate #% Lightning Resistance,,text-only,-,search/item-facts/data/mod-templates.csv#L715,25,,L018.2,"family: a monster's or an enemy's, represented by `#% Monster Chaos Resistance`; reach: Resistance; listed without it by cpp"
pseudo.pseudo_total_resistance,+#% total Resistance,Armour: (#-#)% to Cold Resistance,,text-only,-,search/item-facts/data/mod-templates.csv#L729,24,,none: no stat id displays this text,represents the family `a description` (12 templates); reach: Resistance; listed without it by cpp
pseudo.pseudo_total_resistance,+#% total Resistance,Belt: (#-#)% to Cold Resistance,,text-only,-,search/item-facts/data/mod-templates.csv#L733,24,,none: no stat id displays this text,"family: a description, represented by `Armour: (#-#)% to Cold Resistance`; reach: Resistance; listed without it by cpp"
pseudo.pseudo_total_resistance,+#% total Resistance,Quiver: (#-#)% to Cold Resistance,,text-only,-,search/item-facts/data/mod-templates.csv#L743,24,,none: no stat id displays this text,"family: a description, represented by `Armour: (#-#)% to Cold Resistance`; reach: Resistance; listed without it by cpp"
pseudo.pseudo_total_resistance,+#% total Resistance,You and nearby allies gain #% additional Lightning Resistance,,text-only,-,search/item-facts/data/mod-templates.csv#L750,24,,L025.6,"family: a minion's or ally's, represented by `Minions have #% to all Elemental Resistances`; reach: Resistance; listed without it by cpp"
pseudo.pseudo_total_resistance,+#% total Resistance,Cursed enemies have #% to Cold Resistance,,text-only,-,search/item-facts/data/mod-templates.csv#L824,21,,L018.2,"family: a monster's or an enemy's, represented by `#% Monster Chaos Resistance`; reach: Resistance; listed without it by cpp"
pseudo.pseudo_total_resistance,+#% total Resistance,You and nearby allies gain #% additional Cold Resistance,,text-only,-,search/item-facts/data/mod-templates.csv#L838,21,,L025.6,"family: a minion's or ally's, represented by `Minions have #% to all Elemental Resistances`; reach: Resistance; listed without it by cpp"
pseudo.pseudo_total_resistance,+#% total Resistance,Cursed enemies have #% to Elemental Resistances,,text-only,-,search/item-facts/data/mod-templates.csv#L870,20,,L018.2,"family: a monster's or an enemy's, represented by `#% Monster Chaos Resistance`; reach: Resistances; listed without it by cpp"
pseudo.pseudo_total_resistance,+#% total Resistance,Cursed enemies have #% to Lightning Resistance,,text-only,-,search/item-facts/data/mod-templates.csv#L898,19,,L018.2,"family: a monster's or an enemy's, represented by `#% Monster Chaos Resistance`; reach: Resistance; listed without it by cpp"
pseudo.pseudo_total_resistance,+#% total Resistance,Golems grant #% to Chaos Resistance,,text-only,-,search/item-facts/data/mod-templates.csv#L903,19,,L025.6,"family: a minion's or ally's, represented by `Minions have #% to all Elemental Resistances`; reach: Resistance; listed without it by cpp"
pseudo.pseudo_total_resistance,+#% total Resistance,Armour: (#-#)% to Fire Resistance,,text-only,-,search/item-facts/data/mod-templates.csv#L944,18,,none: no stat id displays this text,"family: a description, represented by `Armour: (#-#)% to Cold Resistance`; reach: Resistance; listed without it by cpp"
pseudo.pseudo_total_resistance,+#% total Resistance,Belt: (#-#)% to Fire Resistance,,text-only,-,search/item-facts/data/mod-templates.csv#L945,18,,none: no stat id displays this text,"family: a description, represented by `Armour: (#-#)% to Cold Resistance`; reach: Resistance; listed without it by cpp"
pseudo.pseudo_total_resistance,+#% total Resistance,One Handed Weapon: Damage Penetrates #% Cold Resistance,,text-only,-,search/item-facts/data/mod-templates.csv#L963,18,,L018.2,"family: a monster's or an enemy's, represented by `#% Monster Chaos Resistance`; reach: Resistance; listed without it by cpp"
pseudo.pseudo_total_resistance,+#% total Resistance,Quiver: (#-#)% to Fire Resistance,,text-only,-,search/item-facts/data/mod-templates.csv#L967,18,,none: no stat id displays this text,"family: a description, represented by `Armour: (#-#)% to Cold Resistance`; reach: Resistance; listed without it by cpp"
pseudo.pseudo_total_resistance,+#% total Resistance,Two Handed Weapon: Damage Penetrates (#-#)% Cold Resistance,,text-only,-,search/item-facts/data/mod-templates.csv#L980,18,,L018.2,"family: a monster's or an enemy's, represented by `#% Monster Chaos Resistance`; reach: Resistance; listed without it by cpp"
pseudo.pseudo_total_resistance,+#% total Resistance,You and nearby allies gain #% additional maximum Fire Resistance,,text-only,-,search/item-facts/data/mod-templates.csv#L1051,17,,L025.6,"family: a minion's or ally's, represented by `Minions have #% to all Elemental Resistances`; reach: Resistance; listed without it by cpp"
pseudo.pseudo_total_resistance,+#% total Resistance,#% to Cold Resistance while affected by Herald of Ice,explicit.stat_2494069187,text-only,-,search/item-facts/data/mod-templates.csv#L1113,15,cold_damage_resistance_%_while_affected_by_herald_of_ice=not local,L044.3,represents the family `while` (11 templates); reach: Resistance; listed without it by cpp
pseudo.pseudo_total_resistance,+#% total Resistance,Attacks with this Weapon Penetrate #% Elemental Resistances,crafted.stat_4064396395;explicit.stat_4064396395;fractured.stat_4064396395;implicit.stat_4064396395,text-only,-,search/item-facts/data/mod-templates.csv#L1118,15,local_elemental_penetration_%=local,L018.2,"family: a monster's or an enemy's, represented by `#% Monster Chaos Resistance`; reach: Resistances; listed without it by cpp"
pseudo.pseudo_total_resistance,+#% total Resistance,Damage Penetrates #% Fire Resistance,enchant.stat_2653955271;explicit.stat_2653955271;fractured.stat_2653955271;implicit.stat_2653955271;scourge.stat_2653955271,text-only,-,search/item-facts/data/mod-templates.csv#L5827,15,base_reduce_enemy_fire_resistance_%=not local,L018.2,"family: a monster's or an enemy's, represented by `#% Monster Chaos Resistance`; reach: Resistance; listed without it by cpp"
pseudo.pseudo_total_resistance,+#% total Resistance,"During Effect, #% reduced Damage taken of each Element for which your Uncapped Elemental Resistance is lowest",explicit.stat_1869678332,text-only,-,search/item-facts/data/mod-templates.csv#L1140,15,local_unique_flask_elemental_damage_taken_+%_of_lowest_uncapped_resistance_type=local,L037.5,reach: Resistance; listed without it by cpp
pseudo.pseudo_total_resistance,+#% total Resistance,"During Effect, Damage Penetrates #% Resistance of each Element for which your Uncapped Elemental Resistance is highest",explicit.stat_2444301311,text-only,-,search/item-facts/data/mod-templates.csv#L1141,15,local_unique_flask_elemental_penetration_%_of_highest_uncapped_resistance_type=local,L018.2,"family: a monster's or an enemy's, represented by `#% Monster Chaos Resistance`; reach: Resistance; listed without it by cpp"
pseudo.pseudo_total_resistance,+#% total Resistance,Supported Skills Penetrate #% Cold Resistance,,text-only,-,search/item-facts/data/mod-templates.csv#L1176,15,,L018.2,"family: a monster's or an enemy's, represented by `#% Monster Chaos Resistance`; reach: Resistance; listed without it by cpp"
pseudo.pseudo_total_resistance,+#% total Resistance,#% to Fire Resistance while on Low Life,explicit.stat_38301299,text-only,-,search/item-facts/data/mod-templates.csv#L1203,14,fire_damage_resistance_%_when_on_low_life=not local,L044.3,"family: while, represented by `#% to Cold Resistance while affected by Herald of Ice`; reach: Resistance; listed without it by cpp"
pseudo.pseudo_total_resistance,+#% total Resistance,#% to all maximum Resistances,explicit.stat_569299859;fractured.stat_569299859;implicit.stat_569299859,text-only,-,search/item-facts/data/mod-templates.csv#L1897,14,additional_maximum_all_resistances_%=not local,L035.6,reach: Resistances; listed without it by cpp
pseudo.pseudo_total_resistance,+#% total Resistance,Armour: (#-#)% to Lightning Resistance,,text-only,-,search/item-facts/data/mod-templates.csv#L1205,14,,none: no stat id displays this text,"family: a description, represented by `Armour: (#-#)% to Cold Resistance`; reach: Resistance; listed without it by cpp"
pseudo.pseudo_total_resistance,+#% total Resistance,Belt: (#-#)% to Lightning Resistance,,text-only,-,search/item-facts/data/mod-templates.csv#L1209,14,,none: no stat id displays this text,"family: a description, represented by `Armour: (#-#)% to Cold Resistance`; reach: Resistance; listed without it by cpp"
pseudo.pseudo_total_resistance,+#% total Resistance,Fire Exposure Aura applies #% to Fire Resistance,,text-only,-,search/item-facts/data/mod-templates.csv#L1228,14,,L018.2,"family: a monster's or an enemy's, represented by `#% Monster Chaos Resistance`; reach: Resistance; listed without it by cpp"
pseudo.pseudo_total_resistance,+#% total Resistance,One Handed Weapon: Damage Penetrates #% Fire Resistance,,text-only,-,search/item-facts/data/mod-templates.csv#L1248,14,,L018.2,"family: a monster's or an enemy's, represented by `#% Monster Chaos Resistance`; reach: Resistance; listed without it by cpp"
pseudo.pseudo_total_resistance,+#% total Resistance,Passive Skills in Radius can be Allocated without being connected to your tree\n#% to all Elemental Resistances\nPassage,crafted.stat_2901986750;explicit.stat_1725885727;explicit.stat_2901986750;fractured.stat_2901986750;implicit.stat_2901986750;scourge.stat_2901986750,text-only,-,search/item-facts/data/mod-templates.csv#L1253,14,local_unique_jewel_nearby_disconnected_passives_can_be_allocated=local;unique_thread_of_hope_base_resist_all_elements_%=not local,L030.2,"family: a passive's grant, represented by `Added Small Passive Skills also grant: #% to Chaos Resistance`; reach: Resistances; listed without it by cpp"
pseudo.pseudo_total_resistance,+#% total Resistance,Quiver: (#-#)% to Lightning Resistance,,text-only,-,search/item-facts/data/mod-templates.csv#L1256,14,,none: no stat id displays this text,"family: a description, represented by `Armour: (#-#)% to Cold Resistance`; reach: Resistance; listed without it by cpp"
pseudo.pseudo_total_resistance,+#% total Resistance,Two Handed Weapon: Damage Penetrates (#-#)% Fire Resistance,,text-only,-,search/item-facts/data/mod-templates.csv#L1274,14,,L018.2,"family: a monster's or an enemy's, represented by `#% Monster Chaos Resistance`; reach: Resistance; listed without it by cpp"
pseudo.pseudo_total_resistance,+#% total Resistance,Damage Penetrates #% Elemental Resistances,explicit.stat_2101383955;fractured.stat_2101383955;implicit.stat_2101383955,text-only,-,search/item-facts/data/mod-templates.csv#L5806,13,reduce_enemy_elemental_resistance_%=not local,L018.2,"family: a monster's or an enemy's, represented by `#% Monster Chaos Resistance`; reach: Resistances; listed without it by cpp"
pseudo.pseudo_total_resistance,+#% total Resistance,#% to Chaos Resistance when on Low Life,explicit.stat_2366940416,text-only,-,search/item-facts/data/mod-templates.csv#L1392,12,chaos_damage_resistance_%_when_on_low_life=not local,L055.2,reach: Resistance; listed without it by cpp
pseudo.pseudo_total_resistance,+#% total Resistance,Armour: (#-#)% to Chaos Resistance,,text-only,-,search/item-facts/data/mod-templates.csv#L1398,12,,none: no stat id displays this text,"family: a description, represented by `Armour: (#-#)% to Cold Resistance`; reach: Resistance; listed without it by cpp"
pseudo.pseudo_total_resistance,+#% total Resistance,Belt: (#-#)% to Chaos Resistance,,text-only,-,search/item-facts/data/mod-templates.csv#L1400,12,,none: no stat id displays this text,"family: a description, represented by `Armour: (#-#)% to Cold Resistance`; reach: Resistance; listed without it by cpp"
pseudo.pseudo_total_resistance,+#% total Resistance,#% to Chaos Resistance during any Flask Effect,explicit.stat_392168009;fractured.stat_392168009;implicit.stat_392168009,text-only,-,search/item-facts/data/mod-templates.csv#L1492,11,chaos_resistance_+_while_using_flask=not local,L024.5,"family: during a flask's effect, represented by `#% additional Elemental Resistances during Effect`; reach: Resistance; listed without it by cpp"
pseudo.pseudo_total_resistance,+#% total Resistance,#% to maximum Cold Resistance while affected by Herald of Ice,explicit.stat_950661692,text-only,-,search/item-facts/data/mod-templates.csv#L1494,11,maximum_cold_damage_resistance_%_while_affected_by_herald_of_ice=not local,L044.3,"family: while, represented by `#% to Cold Resistance while affected by Herald of Ice`; reach: Resistance; listed without it by cpp"
pseudo.pseudo_total_resistance,+#% total Resistance,Added Small Passive Skills grant: #% to Fire Resistance,,text-only,-,search/item-facts/data/mod-templates.csv#L6268,11,,L030.2,"family: a passive's grant, represented by `Added Small Passive Skills also grant: #% to Chaos Resistance`; reach: Resistance; listed without it by cpp"
pseudo.pseudo_total_resistance,+#% total Resistance,Chaos Damage with Hits is Resisted by lowest Resistance instead,,text-only,-,search/item-facts/data/mod-templates.csv#L1507,11,,none: no stat id displays this text,reach: Resistance; listed without it by cpp
pseudo.pseudo_total_resistance,+#% total Resistance,Fire Exposure applies #% to Fire Resistance,,text-only,-,search/item-facts/data/mod-templates.csv#L1516,11,,L018.2,"family: a monster's or an enemy's, represented by `#% Monster Chaos Resistance`; reach: Resistance; listed without it by cpp"
pseudo.pseudo_total_resistance,+#% total Resistance,One Handed Weapon: Damage Penetrates #% Lightning Resistance,,text-only,-,search/item-facts/data/mod-templates.csv#L1533,11,,L018.2,"family: a monster's or an enemy's, represented by `#% Monster Chaos Resistance`; reach: Resistance; listed without it by cpp"
pseudo.pseudo_total_resistance,+#% total Resistance,Two Handed Weapon: Damage Penetrates (#-#)% Lightning Resistance,,text-only,-,search/item-facts/data/mod-templates.csv#L1558,11,,L018.2,"family: a monster's or an enemy's, represented by `#% Monster Chaos Resistance`; reach: Resistance; listed without it by cpp"
pseudo.pseudo_total_resistance,+#% total Resistance,You and nearby allies gain #% additional maximum Cold Resistance,,text-only,-,search/item-facts/data/mod-templates.csv#L1559,11,,L025.6,"family: a minion's or ally's, represented by `Minions have #% to all Elemental Resistances`; reach: Resistance; listed without it by cpp"
pseudo.pseudo_total_resistance,+#% total Resistance,Added Small Passive Skills grant: #% to Cold Resistance,,text-only,-,search/item-facts/data/mod-templates.csv#L6274,10,,L030.2,"family: a passive's grant, represented by `Added Small Passive Skills also grant: #% to Chaos Resistance`; reach: Resistance; listed without it by cpp"
pseudo.pseudo_total_resistance,+#% total Resistance,Damage Penetrates #% Cold Resistance,enchant.stat_3417711605;explicit.stat_3417711605;fractured.stat_3417711605;implicit.stat_3417711605;scourge.stat_3417711605,text-only,-,search/item-facts/data/mod-templates.csv#L5837,10,base_reduce_enemy_cold_resistance_%=not local,L018.2,"family: a monster's or an enemy's, represented by `#% Monster Chaos Resistance`; reach: Resistance; listed without it by cpp"
pseudo.pseudo_total_resistance,+#% total Resistance,Damage with Weapons Penetrates #% Elemental Resistances,explicit.stat_1736172673,text-only,-,search/item-facts/data/mod-templates.csv#L1617,10,reduce_enemy_elemental_resistance_with_weapons_%=not local,L018.2,"family: a monster's or an enemy's, represented by `#% Monster Chaos Resistance`; reach: Resistances; listed without it by cpp"
pseudo.pseudo_total_resistance,+#% total Resistance,Minions have #% to Chaos Resistance,explicit.stat_3837707023;fractured.stat_3837707023;scourge.stat_3837707023,text-only,-,search/item-facts/data/mod-templates.csv#L1641,10,minion_chaos_resistance_%=not local,L025.6,"family: a minion's or ally's, represented by `Minions have #% to all Elemental Resistances`; reach: Resistance; listed without it by cpp"
pseudo.pseudo_total_resistance,+#% total Resistance,Supported Skills penetrate #% Elemental Resistances while each Resonance is at least #,,text-only,-,search/item-facts/data/mod-templates.csv#L1669,10,,L044.3,"family: while, represented by `#% to Cold Resistance while affected by Herald of Ice`; reach: Resistances; listed without it by cpp"
pseudo.pseudo_total_resistance,+#% total Resistance,You and nearby allies gain #% additional maximum Lightning Resistance,,text-only,-,search/item-facts/data/mod-templates.csv#L1681,10,,L025.6,"family: a minion's or ally's, represented by `Minions have #% to all Elemental Resistances`; reach: Resistance; listed without it by cpp"
pseudo.pseudo_total_resistance,+#% total Resistance,#% to Chaos Resistance while affected by Herald of Agony,explicit.stat_3456816469,text-only,-,search/item-facts/data/mod-templates.csv#L1731,9,chaos_damage_resistance_%_while_affected_by_herald_of_agony=not local,L044.3,"family: while, represented by `#% to Cold Resistance while affected by Herald of Ice`; reach: Resistance; listed without it by cpp"
pseudo.pseudo_total_resistance,+#% total Resistance,#% to Fire Resistance while affected by Herald of Ash,explicit.stat_2675641469,text-only,-,search/item-facts/data/mod-templates.csv#L1734,9,fire_damage_resistance_%_while_affected_by_herald_of_ash=not local,L044.3,"family: while, represented by `#% to Cold Resistance while affected by Herald of Ice`; reach: Resistance; listed without it by cpp"
pseudo.pseudo_total_resistance,+#% total Resistance,Nearby Enemies have #% increased Fire and Cold Resistances,explicit.stat_4273356746,text-only,-,search/item-facts/data/mod-templates.csv#L1783,9,local_display_fire_and_cold_resist_debuff=local,L018.2,"family: a monster's or an enemy's, represented by `#% Monster Chaos Resistance`; reach: Resistances; listed without it by cpp"
pseudo.pseudo_total_resistance,+#% total Resistance,Supported Skills Penetrate #% Fire Resistance,,text-only,-,search/item-facts/data/mod-templates.csv#L1813,9,,L018.2,"family: a monster's or an enemy's, represented by `#% Monster Chaos Resistance`; reach: Resistance; listed without it by cpp"
pseudo.pseudo_total_resistance,+#% total Resistance,#% to Cold Resistance when Socketed with a Green Gem,explicit.stat_1064331314,text-only,-,search/item-facts/data/mod-templates.csv#L1892,8,unique_cold_damage_resistance_%_when_green_gem_socketed=local,L056.3,represents the family `a socketed gem's or skill's` (3 templates); reach: Resistance; listed without it by cpp
pseudo.pseudo_total_resistance,+#% total Resistance,#% to Elemental Resistances during Effect,explicit.stat_3110554274,text-only,-,search/item-facts/data/mod-templates.csv#L1893,8,local_unique_flask_resist_all_elements_%_during_flask_effect=local,L024.5,"family: during a flask's effect, represented by `#% additional Elemental Resistances during Effect`; reach: Resistances; listed without it by cpp"
pseudo.pseudo_total_resistance,+#% total Resistance,#% to Fire Resistance when Socketed with a Red Gem,explicit.stat_3051845758,text-only,-,search/item-facts/data/mod-templates.csv#L1894,8,unique_fire_damage_resistance_%_when_red_gem_socketed=local,L056.3,"family: a socketed gem's or skill's, represented by `#% to Cold Resistance when Socketed with a Green Gem`; reach: Resistance; listed without it by cpp"
pseudo.pseudo_total_resistance,+#% total Resistance,#% to Lightning Resistance when Socketed with a Blue Gem,explicit.stat_289814996,text-only,-,search/item-facts/data/mod-templates.csv#L1896,8,unique_lightning_damage_resistance_%_when_blue_gem_socketed=local,L056.3,"family: a socketed gem's or skill's, represented by `#% to Cold Resistance when Socketed with a Green Gem`; reach: Resistance; listed without it by cpp"
pseudo.pseudo_total_resistance,+#% total Resistance,#% to all maximum Resistances while you have no Endurance Charges,explicit.stat_3635566977;implicit.stat_3635566977,text-only,-,search/item-facts/data/mod-templates.csv#L1898,8,additional_maximum_all_resistances_%_with_no_endurance_charges=not local,L044.3,"family: while, represented by `#% to Cold Resistance while affected by Herald of Ice`; reach: Resistances; listed without it by cpp"
pseudo.pseudo_total_resistance,+#% total Resistance,#% to maximum Fire Resistance while affected by Herald of Ash,explicit.stat_3716758077,text-only,-,search/item-facts/data/mod-templates.csv#L1899,8,maximum_fire_damage_resistance_%_while_affected_by_herald_of_ash=not local,L044.3,"family: while, represented by `#% to Cold Resistance while affected by Herald of Ice`; reach: Resistance; listed without it by cpp"
pseudo.pseudo_total_resistance,+#% total Resistance,"Buff grants #% to all Elemental Resistances per # power, counting a maximum of # Power",,text-only,-,search/item-facts/data/mod-templates.csv#L1908,8,,L057.6,"family: per, represented by `#% to all Elemental Resistances per # Devotion`; reach: Resistances; listed without it by cpp"
pseudo.pseudo_total_resistance,+#% total Resistance,Damage Penetrates #% of Enemy Elemental Resistances,explicit.stat_697807915;scourge.stat_697807915,text-only,-,search/item-facts/data/mod-templates.csv#L1925,8,base_penetrate_elemental_resistances_%=not local,L018.2,"family: a monster's or an enemy's, represented by `#% Monster Chaos Resistance`; reach: Resistances; listed without it by cpp"
pseudo.pseudo_total_resistance,+#% total Resistance,Minions from Supported Skills have #% to all Elemental Resistances,,text-only,-,search/item-facts/data/mod-templates.csv#L1972,8,,L025.6,"family: a minion's or ally's, represented by `Minions have #% to all Elemental Resistances`; reach: Resistances; listed without it by cpp"
pseudo.pseudo_total_resistance,+#% total Resistance,Minions from Supported Skills have #% to all maximum Elemental Resistances,,text-only,-,search/item-facts/data/mod-templates.csv#L1973,8,,L025.6,"family: a minion's or ally's, represented by `Minions have #% to all Elemental Resistances`; reach: Resistances; listed without it by cpp"
pseudo.pseudo_total_resistance,+#% total Resistance,"Minions from Supported Skills inflict Exposure on Hit, applying #% to the Elemental Resistance matching highest Damage type taken by Enemy",,text-only,-,search/item-facts/data/mod-templates.csv#L1974,8,,L025.6,"family: a minion's or ally's, represented by `Minions have #% to all Elemental Resistances`; reach: Resistance; listed without it by cpp"
pseudo.pseudo_total_resistance,+#% total Resistance,#% to Lightning Resistance while affected by Herald of Thunder,explicit.stat_2687017988,text-only,-,search/item-facts/data/mod-templates.csv#L2096,7,lightning_damage_resistance_%_while_affected_by_herald_of_thunder=not local,L044.3,"family: while, represented by `#% to Cold Resistance while affected by Herald of Ice`; reach: Resistance; listed without it by cpp"
pseudo.pseudo_total_resistance,+#% total Resistance,#% to [Resistances|Fire Resistance],crafted.stat_3372524247;explicit.stat_3372524247;fractured.stat_3372524247;implicit.stat_3372524247;scourge.stat_3372524247,text-only,-,search/item-facts/data/mod-templates.csv#L2853,7,base_fire_damage_resistance_%=not local,L062.3,reach: Resistance; listed without it by cpp
pseudo.pseudo_total_resistance,+#% total Resistance,#% to maximum Chaos Resistance,explicit.stat_1301765461;fractured.stat_1301765461;implicit.stat_1301765461;scourge.stat_1301765461,text-only,-,search/item-facts/data/mod-templates.csv#L5915,7,base_maximum_chaos_damage_resistance_%=not local,L081.2,reach: Resistance; listed without it by cpp
pseudo.pseudo_total_resistance,+#% total Resistance,#% to maximum Lightning Resistance while affected by Herald of Thunder,explicit.stat_3259396413,text-only,-,search/item-facts/data/mod-templates.csv#L2097,7,maximum_lightning_damage_resistance_%_while_affected_by_herald_of_thunder=not local,L044.3,"family: while, represented by `#% to Cold Resistance while affected by Herald of Ice`; reach: Resistance; listed without it by cpp"
pseudo.pseudo_total_resistance,+#% total Resistance,Added Small Passive Skills grant: #% to Chaos Resistance,,text-only,-,search/item-facts/data/mod-templates.csv#L6286,7,,L030.2,"family: a passive's grant, represented by `Added Small Passive Skills also grant: #% to Chaos Resistance`; reach: Resistance; listed without it by cpp"
pseudo.pseudo_total_resistance,+#% total Resistance,Cold Exposure you inflict applies an extra #% to Cold Resistance,explicit.stat_600221736,text-only,-,search/item-facts/data/mod-templates.csv#L2108,7,cold_exposure_you_inflict_applies_extra_cold_resistance_+%=not local,L018.2,"family: a monster's or an enemy's, represented by `#% Monster Chaos Resistance`; reach: Resistance; listed without it by cpp"
pseudo.pseudo_total_resistance,+#% total Resistance,Elemental Resistances are Zero,explicit.stat_85576425;implicit.stat_85576425,text-only,-,search/item-facts/data/mod-templates.csv#L2116,7,zero_elemental_resistance=local,L052.5,reach: Resistances; listed without it by cpp
pseudo.pseudo_total_resistance,+#% total Resistance,Totems gain #% to all Elemental Resistances,explicit.stat_1809006367;fractured.stat_1809006367;implicit.stat_1809006367;scourge.stat_1809006367,text-only,-,search/item-facts/data/mod-templates.csv#L2180,7,totem_elemental_resistance_%=not local,L025.6,"family: a minion's or ally's, represented by `Minions have #% to all Elemental Resistances`; reach: Resistances; listed without it by cpp"
pseudo.pseudo_total_resistance,+#% total Resistance,Your Hits treat Cold Resistance as #% higher than actual value,enchant.stat_3417711605;explicit.stat_3417711605;fractured.stat_3417711605;implicit.stat_3417711605;scourge.stat_3417711605,text-only,-,search/item-facts/data/mod-templates.csv#L5853,7,base_reduce_enemy_cold_resistance_%=not local,L063.3,reach: Resistance; listed without it by cpp
pseudo.pseudo_total_resistance,+#% total Resistance,#% reduced Elemental Resistances,explicit.stat_76848920;implicit.stat_76848920,text-only,-,search/item-facts/data/mod-templates.csv#L2269,6,elemental_damage_resistance_+%=not local,L054.5,reach: Resistances; listed without it by cpp
pseudo.pseudo_total_resistance,+#% total Resistance,#% to [Resistances|Lightning Resistance],crafted.stat_1671376347;explicit.stat_1671376347;fractured.stat_1671376347;implicit.stat_1671376347;scourge.stat_1671376347,text-only,-,search/item-facts/data/mod-templates.csv#L2515,6,base_lightning_damage_resistance_%=not local,L071.3,reach: Resistance; listed without it by cpp
pseudo.pseudo_total_resistance,+#% total Resistance,Attacks with this Weapon Penetrate #% Chaos Resistance,crafted.stat_3762412853;explicit.stat_3762412853;fractured.stat_3762412853,text-only,-,search/item-facts/data/mod-templates.csv#L2289,6,local_chaos_penetration_%=local,L018.2,"family: a monster's or an enemy's, represented by `#% Monster Chaos Resistance`; reach: Resistance; listed without it by cpp"
pseudo.pseudo_total_resistance,+#% total Resistance,Attacks with this Weapon Penetrate #% Cold Resistance,explicit.stat_1740229525;fractured.stat_1740229525,text-only,-,search/item-facts/data/mod-templates.csv#L2290,6,local_cold_penetration_%=local,L018.2,"family: a monster's or an enemy's, represented by `#% Monster Chaos Resistance`; reach: Resistance; listed without it by cpp"
pseudo.pseudo_total_resistance,+#% total Resistance,"Inflict Fire Exposure on Hit, applying #% to Fire Resistance",implicit.stat_1309840354,text-only,-,search/item-facts/data/mod-templates.csv#L5867,6,fire_exposure_on_hit_magnitude=not local,L018.2,"family: a monster's or an enemy's, represented by `#% Monster Chaos Resistance`; reach: Resistance; listed without it by cpp"
pseudo.pseudo_total_resistance,+#% total Resistance,#% to [Resistances|Cold Resistance],crafted.stat_4220027924;explicit.stat_4220027924;fractured.stat_4220027924;implicit.stat_4220027924;scourge.stat_4220027924,text-only,-,search/item-facts/data/mod-templates.csv#L3320,5,base_cold_damage_resistance_%=not local,L078.3,reach: Resistance; listed without it by cpp
pseudo.pseudo_total_resistance,+#% total Resistance,"Drenched Enemies have Cold and Lightning Exposure, applying #% to Resistances",,text-only,-,search/item-facts/data/mod-templates.csv#L2593,5,,L018.2,"family: a monster's or an enemy's, represented by `#% Monster Chaos Resistance`; reach: Resistances; listed without it by cpp"
pseudo.pseudo_total_resistance,+#% total Resistance,#% to all Elemental Resistances per # Devotion,explicit.stat_1910205563,text-only,-,search/item-facts/data/mod-templates.csv#L2854,4,,L057.6,represents the family `per` (8 templates); reach: Resistances; listed without it by cpp
pseudo.pseudo_total_resistance,+#% total Resistance,Added Small Passive Skills grant: #% to Lightning Resistance,,text-only,-,search/item-facts/data/mod-templates.csv#L6314,4,,L030.2,"family: a passive's grant, represented by `Added Small Passive Skills also grant: #% to Chaos Resistance`; reach: Resistance; listed without it by cpp"
pseudo.pseudo_total_resistance,+#% total Resistance,Attacks with this Weapon Penetrate #% Lightning Resistance,explicit.stat_2387539034;fractured.stat_2387539034,text-only,-,search/item-facts/data/mod-templates.csv#L2946,4,local_lightning_penetration_%=local,L018.2,"family: a monster's or an enemy's, represented by `#% Monster Chaos Resistance`; reach: Resistance; listed without it by cpp"
pseudo.pseudo_total_resistance,+#% total Resistance,"Inflict Lightning Exposure on Hit, applying #% to Lightning Resistance",implicit.stat_981753179,text-only,-,search/item-facts/data/mod-templates.csv#L5921,4,lightning_exposure_on_hit_magnitude=not local,L018.2,"family: a monster's or an enemy's, represented by `#% Monster Chaos Resistance`; reach: Resistance; listed without it by cpp"
pseudo.pseudo_total_resistance,+#% total Resistance,Lightning Resistance does not affect Lightning Damage taken,explicit.stat_3999959974,text-only,-,search/item-facts/data/mod-templates.csv#L3041,4,lightning_resistance_does_not_apply_to_lighting_damage=not local,L091.3,reach: Resistance; listed without it by cpp
pseudo.pseudo_total_resistance,+#% total Resistance,Monster Damage Penetrates #% Elemental Resistances,explicit.stat_1898978455;fractured.stat_1898978455,text-only,-,search/item-facts/data/mod-templates.csv#L3056,4,map_monsters_penetrate_elemental_resistances_%=not local,L018.2,"family: a monster's or an enemy's, represented by `#% Monster Chaos Resistance`; reach: Resistances; listed without it by cpp"
pseudo.pseudo_total_resistance,+#% total Resistance,Nearby Enemies have Lightning Resistance equal to yours,explicit.stat_3549734978,text-only,-,search/item-facts/data/mod-templates.csv#L3066,4,nearby_enemies_lightning_resist_equal_to_yours=not local,L018.2,"family: a monster's or an enemy's, represented by `#% Monster Chaos Resistance`; reach: Resistance; listed without it by cpp"
pseudo.pseudo_total_resistance,+#% total Resistance,Passives granting Fire Resistance or all Elemental Resistances in Radius\nalso grant an equal chance to gain an Endurance Charge on Kill,explicit.stat_1645524575,text-only,-,search/item-facts/data/mod-templates.csv#L3075,4,local_unique_jewel_fire_resistance_also_grants_endurance_charge_on_kill_chance=local,L030.2,"family: a passive's grant, represented by `Added Small Passive Skills also grant: #% to Chaos Resistance`; reach: Resistance; listed without it by cpp"
pseudo.pseudo_total_resistance,+#% total Resistance,"While your Passive Skill Tree connects to a class' starting location, you gain:\nMarauder: Melee Skills have #% increased Area of Effect\nDuelist: #% of Attack Damage Leeched as Life\nRanger: #% increased Movement Speed\nShadow: #% to Critical Strike Chance\nWitch: #% of Mana Regenerated per second\nTemplar: Damage Penetrates #% Elemental Resistances\nScion: # to All Attributes",explicit.stat_769192511,text-only,-,search/item-facts/data/mod-templates.csv#L3164,4,local_unique_jewel_melee_skills_area_of_effect_+%_with_passive_tree_connected_to_marauder_start=local;local_unique_jewel_life_leech_from_attack_damage_permyriad_with_passive_tree_connected_to_duelist_start=local;local_unique_jewel_movement_speed_+%_with_passive_tree_connected_to_ranger_start=local;local_unique_jewel_additional_critical_strike_chance_permyriad_with_passive_tree_connected_to_shadow_start=local;local_unique_jewel_mana_regeneration_rate_per_minute_%_with_passive_tree_connected_to_witch_start=local;local_unique_jewel_elemental_penetration_%_with_passive_tree_connected_to_templar_start=local;local_unique_jewel_additional_all_attributes_with_passive_tree_connected_to_scion_start=local,L018.2,"family: a monster's or an enemy's, represented by `#% Monster Chaos Resistance`; reach: Resistances; listed without it by cpp"
pseudo.pseudo_total_resistance,+#% total Resistance,#% increased Elemental and Chaos Resistances,explicit.stat_1195367742,text-only,-,search/item-facts/data/mod-templates.csv#L3273,3,all_damage_resistance_+%=not local,L070.6,reach: Resistances; listed without it by cpp
pseudo.pseudo_total_resistance,+#% total Resistance,#% increased Global maximum Energy Shield and reduced Lightning Resistance,explicit.stat_1381972535,text-only,-,search/item-facts/data/mod-templates.csv#L3275,3,maximum_energy_shield_+%_and_lightning_resistance_-%=not local,L104.3,reach: Resistance; listed without it by cpp
pseudo.pseudo_total_resistance,+#% total Resistance,#% increased maximum Mana and reduced Cold Resistance,explicit.stat_1156957589,text-only,-,search/item-facts/data/mod-templates.csv#L3291,3,maximum_mana_+%_and_cold_resistance_-%=not local,L107.3,reach: Resistance; listed without it by cpp
pseudo.pseudo_total_resistance,+#% total Resistance,#% reduced Cold Resistance,explicit.stat_4252311791,text-only,-,search/item-facts/data/mod-templates.csv#L3302,3,cold_damage_resistance_+%=not local,L108.3,reach: Resistance; listed without it by cpp
pseudo.pseudo_total_resistance,+#% total Resistance,#% reduced Lightning Resistance,explicit.stat_2249211872,text-only,-,search/item-facts/data/mod-templates.csv#L3305,3,lightning_damage_resistance_+%=not local,L109.3,reach: Resistance; listed without it by cpp
pseudo.pseudo_total_resistance,+#% total Resistance,#% to all Elemental Resistances while you have at least # Strength,explicit.stat_2415398184,text-only,-,search/item-facts/data/mod-templates.csv#L3321,3,,L044.3,"family: while, represented by `#% to Cold Resistance while affected by Herald of Ice`; reach: Resistances; listed without it by cpp"
pseudo.pseudo_total_resistance,+#% total Resistance,#% to all Resistances per Minion from your Non-Vaal Skills,explicit.stat_2894273152,text-only,-,search/item-facts/data/mod-templates.csv#L3322,3,all_resistances_%_per_active_minion_not_from_vaal_skills=not local,L025.6,"family: a minion's or ally's, represented by `Minions have #% to all Elemental Resistances`; reach: Resistances; listed without it by cpp"
pseudo.pseudo_total_resistance,+#% total Resistance,Damage Penetrates #% Elemental Resistances if you haven't Killed Recently,explicit.stat_455556407;fractured.stat_455556407,text-only,-,search/item-facts/data/mod-templates.csv#L3466,3,damage_penetrates_%_elemental_resistance_if_enemy_not_killed_recently=not local,L018.2,"family: a monster's or an enemy's, represented by `#% Monster Chaos Resistance`; reach: Resistances; listed without it by cpp"
pseudo.pseudo_total_resistance,+#% total Resistance,Fire Resistance is #%,explicit.stat_763311546;implicit.stat_763311546,text-only,-,search/item-facts/data/mod-templates.csv#L3481,3,fire_damage_resistance_is_%=not local,L113.3,reach: Resistance; listed without it by cpp
pseudo.pseudo_total_resistance,+#% total Resistance,"Melee Weapon Damage Penetrates #% Elemental Resistances per Mana Burn, up to a maximum of #%",explicit.stat_3685214225,text-only,-,search/item-facts/data/mod-templates.csv#L3550,3,,L018.2,"family: a monster's or an enemy's, represented by `#% Monster Chaos Resistance`; reach: Resistances; listed without it by cpp"
pseudo.pseudo_total_resistance,+#% total Resistance,Minions gain added Resistances equal to #% of your Resistances,explicit.stat_2370748292,text-only,-,search/item-facts/data/mod-templates.csv#L3563,3,minions_gain_x_percent_of_your_resistances=not local,L025.6,"family: a minion's or ally's, represented by `Minions have #% to all Elemental Resistances`; reach: Resistances; listed without it by cpp"
pseudo.pseudo_total_resistance,+#% total Resistance,Penetrates #% Fire Resistance,,text-only,-,search/item-facts/data/mod-templates.csv#L3591,3,,L018.2,"family: a monster's or an enemy's, represented by `#% Monster Chaos Resistance`; reach: Resistance; listed without it by cpp"
pseudo.pseudo_total_resistance,+#% total Resistance,Raised Zombies have #% to all Resistances,explicit.stat_3150000576,text-only,-,search/item-facts/data/mod-templates.csv#L3608,3,zombie_chaos_elemental_damage_resistance_%=not local,L025.6,"family: a minion's or ally's, represented by `Minions have #% to all Elemental Resistances`; reach: Resistances; listed without it by cpp"
pseudo.pseudo_total_resistance,+#% total Resistance,"With at least # Dexterity in Radius, Melee Damage\ndealt by Frost Blades Penetrates #% Cold Resistance",,text-only,-,search/item-facts/data/mod-templates.csv#L3685,3,,L018.2,"family: a monster's or an enemy's, represented by `#% Monster Chaos Resistance`; reach: Resistance; listed without it by cpp"
pseudo.pseudo_total_resistance,+#% total Resistance,#% chance for Elemental Resistances to count as being #% against Enemy Hits,explicit.stat_204458505;implicit.stat_204458505,text-only,-,search/item-facts/data/mod-templates.csv#L3806,2,,L098.5,represents the family `against` (1 templates); reach: Resistances; listed without it by cpp
pseudo.pseudo_total_resistance,+#% total Resistance,#% increased Cold Damage per #% Cold Resistance above #%,explicit.stat_2517031897,text-only,-,search/item-facts/data/mod-templates.csv#L3860,2,,L057.6,"family: per, represented by `#% to all Elemental Resistances per # Devotion`; reach: Resistance; listed without it by cpp"
pseudo.pseudo_total_resistance,+#% total Resistance,#% increased Lightning Damage per #% Lightning Resistance above #%,explicit.stat_2642525868,text-only,-,search/item-facts/data/mod-templates.csv#L3895,2,,L057.6,"family: per, represented by `#% to all Elemental Resistances per # Devotion`; reach: Resistance; listed without it by cpp"
pseudo.pseudo_total_resistance,+#% total Resistance,#% increased maximum Life and reduced Fire Resistance,explicit.stat_3018691556,text-only,-,search/item-facts/data/mod-templates.csv#L3919,2,maximum_life_+%_and_fire_resistance_-%=not local,L119.4,reach: Resistance; listed without it by cpp
pseudo.pseudo_total_resistance,+#% total Resistance,#% reduced Fire Resistance,explicit.stat_1680060098,text-only,-,search/item-facts/data/mod-templates.csv#L3942,2,fire_damage_resistance_+%=not local,L134.3,reach: Resistance; listed without it by cpp
pseudo.pseudo_total_resistance,+#% total Resistance,"Adds quality that enhances Resistance modifiers on a ring, amulet or belt\nReplaces other quality types",,text-only,-,search/item-facts/data/mod-templates.csv#L4099,2,,none: no stat id displays this text,reach: Resistance; listed without it by cpp
pseudo.pseudo_total_resistance,+#% total Resistance,Belt: #% to Chaos Resistance during any Flask Effect,,text-only,-,search/item-facts/data/mod-templates.csv#L4131,2,,L024.5,"family: during a flask's effect, represented by `#% additional Elemental Resistances during Effect`; reach: Resistance; listed without it by cpp"
pseudo.pseudo_total_resistance,+#% total Resistance,Chaos Resistance is Zero,explicit.stat_2439129490;fractured.stat_2439129490;implicit.stat_2439129490,text-only,-,search/item-facts/data/mod-templates.csv#L4157,2,zero_chaos_resistance=not local,L152.2,reach: Resistance; listed without it by cpp
pseudo.pseudo_total_resistance,+#% total Resistance,Critical Strikes Penetrate #% of Enemy Elemental Resistances while affected by Zealotry,explicit.stat_2091518682,text-only,-,search/item-facts/data/mod-templates.csv#L4170,2,critical_strikes_penetrates_%_elemental_resistances_while_affected_by_zealotry=not local,L018.2,"family: a monster's or an enemy's, represented by `#% Monster Chaos Resistance`; reach: Resistances; listed without it by cpp"
pseudo.pseudo_total_resistance,+#% total Resistance,Damage Penetrates #% Cold Resistance against Chilled Enemies,explicit.stat_1477032229,text-only,-,search/item-facts/data/mod-templates.csv#L4177,2,cold_penetration_%_vs_chilled_enemies=not local,L018.2,"family: a monster's or an enemy's, represented by `#% Monster Chaos Resistance`; reach: Resistance; listed without it by cpp"
pseudo.pseudo_total_resistance,+#% total Resistance,"Damage Penetrates Fire Resistance equal to your Overcapped Fire Resistance, up to a maximum of #%",explicit.stat_133804429,text-only,-,search/item-facts/data/mod-templates.csv#L4178,2,,L018.2,"family: a monster's or an enemy's, represented by `#% Monster Chaos Resistance`; reach: Resistance; listed without it by cpp"
pseudo.pseudo_total_resistance,+#% total Resistance,Elemental Resistances are capped by your highest Maximum Elemental Resistance instead,explicit.stat_3082079953,text-only,-,search/item-facts/data/mod-templates.csv#L4189,2,elemental_resistances_are_limited_by_highest_maximum_elemental_resistance=not local,L103.5,reach: Resistance; listed without it by cpp
pseudo.pseudo_total_resistance,+#% total Resistance,"Inflict Cold Exposure on Hit, applying #% to Cold Resistance",implicit.stat_3005701891,text-only,-,search/item-facts/data/mod-templates.csv#L6019,2,cold_exposure_on_hit_magnitude=not local,L018.2,"family: a monster's or an enemy's, represented by `#% Monster Chaos Resistance`; reach: Resistance; listed without it by cpp"
pseudo.pseudo_total_resistance,+#% total Resistance,Lightning Trap Damage Penetrates #% Lightning Resistance,enchant.stat_1557531966,text-only,-,search/item-facts/data/mod-templates.csv#L6441,2,lightning_trap_lightning_resistance_penetration_%=not local,L018.2,"family: a monster's or an enemy's, represented by `#% Monster Chaos Resistance`; reach: Resistance; listed without it by cpp"
pseudo.pseudo_total_resistance,+#% total Resistance,Minions Convert #% of their Maximum Life to Maximum Energy\nShield per #% Chaos Resistance they have,,text-only,-,search/item-facts/data/mod-templates.csv#L4293,2,,L025.6,"family: a minion's or ally's, represented by `Minions have #% to all Elemental Resistances`; reach: Resistance; listed without it by cpp"
pseudo.pseudo_total_resistance,+#% total Resistance,Passives granting Cold Resistance or all Elemental Resistances in Radius\nalso grant Chance to Suppress Spell Damage at #% of its value,explicit.stat_1409669176,text-only,-,search/item-facts/data/mod-templates.csv#L4340,2,local_unique_jewel_cold_resistance_also_grants_spell_suppression_chance_scaled_%=local,L030.2,"family: a passive's grant, represented by `Added Small Passive Skills also grant: #% to Chaos Resistance`; reach: Resistance; listed without it by cpp"
pseudo.pseudo_total_resistance,+#% total Resistance,Penetrate #% Elemental Resistances per Abyss Jewel affecting you,explicit.stat_4250752669,text-only,-,search/item-facts/data/mod-templates.csv#L4341,2,penetrate_elemental_resistance_%_per_abyssal_jewel_affecting_you=not local,L018.2,"family: a monster's or an enemy's, represented by `#% Monster Chaos Resistance`; reach: Resistances; listed without it by cpp"
pseudo.pseudo_total_resistance,+#% total Resistance,"While Minions have Energy Shield, their Hits Ignore Monster Elemental Resistances",explicit.stat_1360359242,text-only,-,search/item-facts/data/mod-templates.csv#L4457,2,minion_hits_ignore_enemy_elemental_resistances_while_has_energy_shield=not local,L025.6,"family: a minion's or ally's, represented by `Minions have #% to all Elemental Resistances`; reach: Resistances; listed without it by cpp"
pseudo.pseudo_total_resistance,+#% total Resistance,Your Hits cannot Penetrate or ignore Elemental Resistances,explicit.stat_3091072796,text-only,-,search/item-facts/data/mod-templates.csv#L4477,2,cannot_penetrate_or_ignore_elemental_resistances=not local,L018.2,"family: a monster's or an enemy's, represented by `#% Monster Chaos Resistance`; reach: Resistances; listed without it by cpp"
pseudo.pseudo_total_resistance,+#% total Resistance,#% Monster Lightning Resistance,explicit.stat_162742068,text-only,-,search/item-facts/data/mod-templates.csv#L4605,1,map_hidden_monsters_additional_lightning_resistance=not local;map_monsters_additional_lightning_resistance=not local,L018.2,"family: a monster's or an enemy's, represented by `#% Monster Chaos Resistance`; reach: Resistance; listed without it by cpp"
pseudo.pseudo_total_resistance,+#% total Resistance,"#% increased Elemental Damage per #% Fire, Cold, or Lightning Resistance above #%",explicit.stat_1138456002,text-only,-,search/item-facts/data/mod-templates.csv#L4706,1,,L057.6,"family: per, represented by `#% to all Elemental Resistances per # Devotion`; reach: Resistance; listed without it by cpp"
pseudo.pseudo_total_resistance,+#% total Resistance,"#% increased Experience Gain\n#% increased Reward progress from Monster Kills\nMonsters deal #% increased Damage\nMonsters have #% increased Toughness for each time they have been Revived\nMonsters Penetrate #% of Enemy Elemental Resistances for each time\nthey have been Revived",,text-only,-,search/item-facts/data/mod-templates.csv#L4709,1,,L018.2,"family: a monster's or an enemy's, represented by `#% Monster Chaos Resistance`; reach: Resistances; listed without it by cpp"
pseudo.pseudo_total_resistance,+#% total Resistance,#% to Chaos Resistance per Endurance Charge,explicit.stat_4210011075,text-only,-,search/item-facts/data/mod-templates.csv#L4811,1,chaos_damage_resistance_%_per_endurance_charge=not local,L057.6,"family: per, represented by `#% to all Elemental Resistances per # Devotion`; reach: Resistance; listed without it by cpp"
pseudo.pseudo_total_resistance,+#% total Resistance,#% to Chaos Resistance per Poison on you,explicit.stat_175362265,text-only,-,search/item-facts/data/mod-templates.csv#L4812,1,chaos_damage_resistance_%_per_poison_stack=not local,L057.6,"family: per, represented by `#% to all Elemental Resistances per # Devotion`; reach: Resistance; listed without it by cpp"
pseudo.pseudo_total_resistance,+#% total Resistance,#% to Stone Golem Elemental Resistances,enchant.stat_1601558321,text-only,-,search/item-facts/data/mod-templates.csv#L6556,1,stone_golem_elemental_resistances_%=not local,L025.6,"family: a minion's or ally's, represented by `Minions have #% to all Elemental Resistances`; reach: Resistances; listed without it by cpp"
pseudo.pseudo_total_resistance,+#% total Resistance,#% to [Resistances|Chaos Resistance],explicit.stat_2923486259;fractured.stat_2923486259;implicit.stat_2923486259;scourge.stat_2923486259,text-only,-,search/item-facts/data/mod-templates.csv#L6097,1,base_chaos_damage_resistance_%=not local,L175.2,reach: Resistance; listed without it by cpp
pseudo.pseudo_total_resistance,+#% total Resistance,#% to all Elemental Resistances per # Omniscience,explicit.stat_2569472704,text-only,-,search/item-facts/data/mod-templates.csv#L4822,1,,L057.6,"family: per, represented by `#% to all Elemental Resistances per # Devotion`; reach: Resistances; listed without it by cpp"
pseudo.pseudo_total_resistance,+#% total Resistance,#% to all maximum Elemental Resistances if # Shaper Items are Equipped,explicit.stat_15754647,text-only,-,search/item-facts/data/mod-templates.csv#L4823,1,,L135.6,represents the family `if or recently` (1 templates); reach: Resistances; listed without it by cpp
pseudo.pseudo_total_resistance,+#% total Resistance,Armageddon Brand Damage Penetrates #% of Branded Enemy's Fire Resistance,enchant.stat_1715805151,text-only,-,search/item-facts/data/mod-templates.csv#L6697,1,armageddon_brand_attached_target_fire_penetration_%=not local,L018.2,"family: a monster's or an enemy's, represented by `#% Monster Chaos Resistance`; reach: Resistance; listed without it by cpp"
pseudo.pseudo_total_resistance,+#% total Resistance,Armour is increased by Overcapped Fire Resistance,explicit.stat_2129352930;fractured.stat_2129352930,text-only,-,search/item-facts/data/mod-templates.csv#L5085,1,armour_increased_by_overcapped_fire_resistance=not local,L162.3,reach: Resistance; listed without it by cpp
pseudo.pseudo_total_resistance,+#% total Resistance,Armour: #% to [Resistances|Fire Resistance],,text-only,-,search/item-facts/data/mod-templates.csv#L5086,1,,none: no stat id displays this text,"family: a description, represented by `Armour: (#-#)% to Cold Resistance`; reach: Resistance; listed without it by cpp"
pseudo.pseudo_total_resistance,+#% total Resistance,Attacks with Energy Blades Penetrate #% Lightning Resistance,enchant.stat_1501151168,text-only,-,search/item-facts/data/mod-templates.csv#L6700,1,storm_blade_has_local_lightning_penetration_%=not local,L018.2,"family: a monster's or an enemy's, represented by `#% Monster Chaos Resistance`; reach: Resistance; listed without it by cpp"
pseudo.pseudo_total_resistance,+#% total Resistance,Attacks with this Weapon Penetrate #% Fire Resistance,explicit.stat_3398283493;fractured.stat_3398283493,text-only,-,search/item-facts/data/mod-templates.csv#L5092,1,local_fire_penetration_%=local,L018.2,"family: a monster's or an enemy's, represented by `#% Monster Chaos Resistance`; reach: Resistance; listed without it by cpp"
pseudo.pseudo_total_resistance,+#% total Resistance,Belt: Damage Penetrates #% Elemental Resistances during any Flask Effect,,text-only,-,search/item-facts/data/mod-templates.csv#L5103,1,,L018.2,"family: a monster's or an enemy's, represented by `#% Monster Chaos Resistance`; reach: Resistances; listed without it by cpp"
pseudo.pseudo_total_resistance,+#% total Resistance,Critical Strike Chance is increased by Overcapped Lightning Resistance,explicit.stat_2478752719;fractured.stat_2478752719,text-only,-,search/item-facts/data/mod-templates.csv#L5158,1,critical_strike_chance_increased_by_overcapped_lightning_resistance=not local,L163.3,reach: Resistance; listed without it by cpp
pseudo.pseudo_total_resistance,+#% total Resistance,Damage Penetrates #% Lightning Resistance during Effect,explicit.stat_4164990693,text-only,-,search/item-facts/data/mod-templates.csv#L5161,1,local_unique_flask_lightning_resistance_penetration_%_during_flask_effect=local,L018.2,"family: a monster's or an enemy's, represented by `#% Monster Chaos Resistance`; reach: Resistance; listed without it by cpp"
pseudo.pseudo_total_resistance,+#% total Resistance,Damage Penetrates #% Lightning Resistance while affected by Wrath,explicit.stat_1077131949,text-only,-,search/item-facts/data/mod-templates.csv#L5162,1,reduce_enemy_lightning_resistance_%_while_affected_by_wrath=not local,L018.2,"family: a monster's or an enemy's, represented by `#% Monster Chaos Resistance`; reach: Resistance; listed without it by cpp"
pseudo.pseudo_total_resistance,+#% total Resistance,Evasion Rating is increased by Overcapped Cold Resistance,explicit.stat_2358015838;fractured.stat_2358015838;implicit.stat_2358015838,text-only,-,search/item-facts/data/mod-templates.csv#L5192,1,evasion_rating_increased_by_overcapped_cold_resistance=not local,L164.3,reach: Resistance; listed without it by cpp
pseudo.pseudo_total_resistance,+#% total Resistance,Hits ignore Enemy Monster Fire Resistance while you are Ignited,explicit.stat_4040152475,text-only,-,search/item-facts/data/mod-templates.csv#L5290,1,hits_ignore_enemy_fire_resistance_while_you_are_ignited=not local,L018.2,"family: a monster's or an enemy's, represented by `#% Monster Chaos Resistance`; reach: Resistance; listed without it by cpp"
pseudo.pseudo_total_resistance,+#% total Resistance,Mana is increased by #% of Overcapped Lightning Resistance,explicit.stat_3178534707,text-only,-,search/item-facts/data/mod-templates.csv#L5341,1,,L166.3,reach: Resistance; listed without it by cpp
pseudo.pseudo_total_resistance,+#% total Resistance,Melee Weapon Damage Penetrates #% Elemental Resistances,explicit.stat_2499808413,text-only,-,search/item-facts/data/mod-templates.csv#L5352,1,,L018.2,"family: a monster's or an enemy's, represented by `#% Monster Chaos Resistance`; reach: Resistances; listed without it by cpp"
pseudo.pseudo_total_resistance,+#% total Resistance,Minions have #% to Cold Resistance,explicit.stat_2200407711,text-only,-,search/item-facts/data/mod-templates.csv#L5364,1,minion_cold_damage_resistance_%=not local,L025.6,"family: a minion's or ally's, represented by `Minions have #% to all Elemental Resistances`; reach: Resistance; listed without it by cpp"
pseudo.pseudo_total_resistance,+#% total Resistance,Nearby Enemies have #% to Fire Resistance,explicit.stat_3914021960;fractured.stat_3914021960;scourge.stat_3914021960,text-only,-,search/item-facts/data/mod-templates.csv#L6919,1,local_display_nearby_enemy_fire_damage_resistance_%=local,L018.2,"family: a monster's or an enemy's, represented by `#% Monster Chaos Resistance`; reach: Resistance; listed without it by cpp"
pseudo.pseudo_total_resistance,+#% total Resistance,Nearby Enemies have #% to Lightning Resistance,explicit.stat_1849749435;fractured.stat_1849749435;scourge.stat_1849749435,text-only,-,search/item-facts/data/mod-templates.csv#L6920,1,local_display_nearby_enemy_lightning_damage_resistance_%=local,L018.2,"family: a monster's or an enemy's, represented by `#% Monster Chaos Resistance`; reach: Resistance; listed without it by cpp"
pseudo.pseudo_total_resistance,+#% total Resistance,Passives granting Cold Resistance or all Elemental Resistances in Radius\nalso grant an equal chance to gain a Frenzy Charge on Kill,explicit.stat_509677462,text-only,-,search/item-facts/data/mod-templates.csv#L5408,1,local_unique_jewel_cold_resistance_also_grants_frenzy_charge_on_kill_chance=local,L030.2,"family: a passive's grant, represented by `Added Small Passive Skills also grant: #% to Chaos Resistance`; reach: Resistance; listed without it by cpp"
pseudo.pseudo_total_resistance,+#% total Resistance,Passives granting Fire Resistance or all Elemental Resistances in Radius\nalso grant increased Maximum Life at #% of its value,explicit.stat_4068640319,text-only,-,search/item-facts/data/mod-templates.csv#L5409,1,local_unique_jewel_fire_resistance_also_grants_maximum_life_scaled_%=local,L030.2,"family: a passive's grant, represented by `Added Small Passive Skills also grant: #% to Chaos Resistance`; reach: Resistance; listed without it by cpp"
pseudo.pseudo_total_resistance,+#% total Resistance,Passives granting Lightning Resistance or all Elemental Resistances in Radius\nalso grant an equal chance to gain a Power Charge on Kill,explicit.stat_926444104,text-only,-,search/item-facts/data/mod-templates.csv#L5410,1,local_unique_jewel_lightning_resistance_also_grants_power_charge_on_kill_chance=local,L030.2,"family: a passive's grant, represented by `Added Small Passive Skills also grant: #% to Chaos Resistance`; reach: Resistance; listed without it by cpp"
pseudo.pseudo_total_resistance,+#% total Resistance,Passives granting Lightning Resistance or all Elemental Resistances in Radius\nalso grant increased Maximum Energy Shield at #% of its value,explicit.stat_1348513056,text-only,-,search/item-facts/data/mod-templates.csv#L5411,1,local_unique_jewel_lightning_resistance_also_grants_maximum_energy_shield_scaled_%=local,L030.2,"family: a passive's grant, represented by `Added Small Passive Skills also grant: #% to Chaos Resistance`; reach: Resistance; listed without it by cpp"
pseudo.pseudo_total_resistance,+#% total Resistance,Penetrate #% Elemental Resistances per # Omniscience,explicit.stat_2757041809,text-only,-,search/item-facts/data/mod-templates.csv#L5412,1,,L018.2,"family: a monster's or an enemy's, represented by `#% Monster Chaos Resistance`; reach: Resistances; listed without it by cpp"
pseudo.pseudo_total_resistance,+#% total Resistance,Summoned Carrion Golems have #% to all Elemental Resistances,enchant.stat_59544006,text-only,-,search/item-facts/data/mod-templates.csv#L6795,1,bone_golem_elemental_resistances_%=not local,L025.6,"family: a minion's or ally's, represented by `Minions have #% to all Elemental Resistances`; reach: Resistances; listed without it by cpp"
pseudo.pseudo_total_strength,+# total to Strength,Added Small Passive Skills also grant: # to All Attributes,explicit.stat_4036575250;fractured.stat_4036575250,text-only,-,search/item-facts/data/mod-templates.csv#L341,52,local_affliction_jewel_small_nodes_grant_all_attributes=local,L031.1,"represents the family `a passive's grant` (10 templates); reach: Attributes; listed without it by apt, cpp, pob"
pseudo.pseudo_total_strength,+# total to Strength,Added Small Passive Skills also grant: # to Strength,explicit.stat_3258414199;fractured.stat_3258414199,text-only,-,search/item-facts/data/mod-templates.csv#L359,49,local_affliction_jewel_small_nodes_grant_str=local,L031.1,"family: a passive's grant, represented by `Added Small Passive Skills also grant: # to All Attributes`; reach: Strength; listed without it by apt, cpp, pob"
pseudo.pseudo_total_strength,+# total to Strength,#% increased Strength,explicit.stat_734614379;fractured.stat_734614379;implicit.stat_734614379;scourge.stat_734614379,text-only,-,search/item-facts/data/mod-templates.csv#L5783,42,strength_+%=not local,L042.1,"reach: Strength; listed without it by apt, cpp, pob"
pseudo.pseudo_total_strength,+# total to Strength,#% increased Strength Requirement,explicit.stat_295075366,text-only,-,search/item-facts/data/mod-templates.csv#L602,29,local_strength_requirement_+%=local,L046.1,"reach: Strength; listed without it by apt, cpp, pob"
pseudo.pseudo_total_strength,+# total to Strength,#% reduced Strength Requirement,explicit.stat_295075366,text-only,-,search/item-facts/data/mod-templates.csv#L1202,14,local_strength_requirement_+%=local,L046.1,"reach: Strength; listed without it by apt, cpp, pob"
pseudo.pseudo_total_strength,+# total to Strength,Other Item: (#-#) to Strength,,text-only,-,search/item-facts/data/mod-templates.csv#L1251,14,,none: no stat id displays this text,"represents the family `a description` (1 templates); reach: Strength; listed without it by apt, cpp, pob"
pseudo.pseudo_total_strength,+# total to Strength,#% increased Attributes,crafted.stat_3143208761;enchant.stat_3143208761;explicit.stat_3143208761;fractured.stat_3143208761;implicit.stat_3143208761,text-only,-,search/item-facts/data/mod-templates.csv#L1702,13,all_attributes_+%=not local,L047.1,"reach: Attributes; listed without it by apt, cpp, pob"
pseudo.pseudo_total_strength,+# total to Strength,#% increased Physical Weapon Damage per # Strength,explicit.stat_2594215131,text-only,-,search/item-facts/data/mod-templates.csv#L1477,11,,L095.1,"represents the family `per` (15 templates); reach: Strength; listed without it by apt, cpp, pob"
pseudo.pseudo_total_strength,+# total to Strength,Trigger Level # Gore Shockwave on Melee Hit if you have at least # Strength,explicit.stat_252427115,text-only,-,search/item-facts/data/mod-templates.csv#L2014,8,,L127.1,"represents the family `if or recently` (5 templates); reach: Strength; listed without it by apt, cpp, pob"
pseudo.pseudo_total_strength,+# total to Strength,# Mana per # Strength,explicit.stat_507075051,text-only,-,search/item-facts/data/mod-templates.csv#L2029,7,,L095.1,"family: per, represented by `#% increased Physical Weapon Damage per # Strength`; reach: Strength; listed without it by apt, cpp, pob"
pseudo.pseudo_total_strength,+# total to Strength,#% increased Dexterity if Strength is higher than Intelligence,explicit.stat_2022724400;implicit.stat_2022724400,text-only,-,search/item-facts/data/mod-templates.csv#L2056,7,dexterity_+%_if_strength_higher_than_intelligence=not local,L127.1,"family: if or recently, represented by `Trigger Level # Gore Shockwave on Melee Hit if you have at least # Strength`; reach: Strength; listed without it by apt, cpp, pob"
pseudo.pseudo_total_strength,+# total to Strength,#% increased Energy Shield per # Strength,explicit.stat_506942497;implicit.stat_506942497,text-only,-,search/item-facts/data/mod-templates.csv#L2061,7,,L095.1,"family: per, represented by `#% increased Physical Weapon Damage per # Strength`; reach: Strength; listed without it by apt, cpp, pob"
pseudo.pseudo_total_strength,+# total to Strength,# Strength Requirement,explicit.stat_2833226514;scourge.stat_2833226514,text-only,-,search/item-facts/data/mod-templates.csv#L2442,6,local_strength_requirement_+=local,L133.1,"reach: Strength; listed without it by apt, cpp, pob"
pseudo.pseudo_total_strength,+# total to Strength,#% reduced Strength,explicit.stat_734614379;fractured.stat_734614379;implicit.stat_734614379;scourge.stat_734614379,text-only,-,search/item-facts/data/mod-templates.csv#L2272,6,strength_+%=not local,L042.1,"reach: Strength; listed without it by apt, cpp, pob"
pseudo.pseudo_total_strength,+# total to Strength,Strength's Damage bonus applies to all Spell Damage as well for Supported Skills,,text-only,-,search/item-facts/data/mod-templates.csv#L2391,6,,L156.1,"family: a socketed gem's or skill's, represented by `With # total Dexterity and Strength in Radius, Prismatic Skills deal #% less Lightning Damage`; reach: Strength; listed without it by apt, cpp, pob"
pseudo.pseudo_total_strength,+# total to Strength,# to maximum number of Raised Zombies per # Strength,explicit.stat_4056985119,text-only,-,search/item-facts/data/mod-templates.csv#L2453,5,,L142.1,"represents the family `a minion's or ally's` (6 templates); reach: Strength; listed without it by apt, cpp, pob"
pseudo.pseudo_total_strength,+# total to Strength,Cannot be Ignited if Strength is higher than Dexterity,explicit.stat_676883595,text-only,-,search/item-facts/data/mod-templates.csv#L2565,5,cannot_be_ignited_with_strength_higher_than_dex=not local,L127.1,"family: if or recently, represented by `Trigger Level # Gore Shockwave on Melee Hit if you have at least # Strength`; reach: Strength; listed without it by apt, cpp, pob"
pseudo.pseudo_total_strength,+# total to Strength,Cannot be Shocked if Intelligence is higher than Strength,explicit.stat_3024242403,text-only,-,search/item-facts/data/mod-templates.csv#L2566,5,cannot_be_shocked_with_int_higher_than_strength=not local,L127.1,"family: if or recently, represented by `Trigger Level # Gore Shockwave on Melee Hit if you have at least # Strength`; reach: Strength; listed without it by apt, cpp, pob"
pseudo.pseudo_total_strength,+# total to Strength,Half of your Strength is added to your Minions,explicit.stat_2195137717;implicit.stat_2195137717,text-only,-,search/item-facts/data/mod-templates.csv#L2615,5,minions_gain_half_your_strength_from_ascendancy=not local;minions_gain_your_strength=not local,L142.1,"family: a minion's or ally's, represented by `# to maximum number of Raised Zombies per # Strength`; reach: Strength; listed without it by apt, cpp, pob"
pseudo.pseudo_total_strength,+# total to Strength,"With at least # Strength in Radius, Ground Slam has a #% chance\nto grant an Endurance Charge when you Stun an Enemy",,text-only,-,search/item-facts/data/mod-templates.csv#L2720,5,,none: no stat id displays this text,"reach: Strength; listed without it by apt, cpp, pob"
pseudo.pseudo_total_strength,+# total to Strength,"With at least # Strength in Radius, Ground Slam\nhas a #% increased angle",,text-only,-,search/item-facts/data/mod-templates.csv#L2721,5,,none: no stat id displays this text,"reach: Strength; listed without it by apt, cpp, pob"
pseudo.pseudo_total_strength,+# total to Strength,"With at least # Strength in Radius, Molten Strike Projectiles Chain # time",,text-only,-,search/item-facts/data/mod-templates.csv#L2722,5,,none: no stat id displays this text,"reach: Strength; listed without it by apt, cpp, pob"
pseudo.pseudo_total_strength,+# total to Strength,"With at least # Strength in Radius, Molten Strike Projectiles Chain on impacting ground",explicit.stat_670814047,text-only,-,search/item-facts/data/mod-templates.csv#L2723,5,,L145.1,"reach: Strength; listed without it by apt, cpp, pob"
pseudo.pseudo_total_strength,+# total to Strength,"With at least # Strength in Radius, Molten Strike fires #% less Projectiles",,text-only,-,search/item-facts/data/mod-templates.csv#L2724,5,,none: no stat id displays this text,"reach: Strength; listed without it by apt, cpp, pob"
pseudo.pseudo_total_strength,+# total to Strength,"With at least # Strength, #% of Damage dealt by your Raised Zombies is Leeched to you as Life",explicit.stat_2802263253,text-only,-,search/item-facts/data/mod-templates.csv#L2725,5,,L142.1,"family: a minion's or ally's, represented by `# to maximum number of Raised Zombies per # Strength`; reach: Strength; listed without it by apt, cpp, pob"
pseudo.pseudo_total_strength,+# total to Strength,# maximum Energy Shield per # Strength,explicit.stat_3788706881,text-only,-,search/item-facts/data/mod-templates.csv#L2756,4,,L095.1,"family: per, represented by `#% increased Physical Weapon Damage per # Strength`; reach: Strength; listed without it by apt, cpp, pob"
pseudo.pseudo_total_strength,+# total to Strength,# to [Strength|Strength],crafted.stat_4080418644;explicit.stat_4080418644;fractured.stat_4080418644;implicit.stat_4080418644;scourge.stat_4080418644,text-only,-,search/item-facts/data/mod-templates.csv#L2768,4,additional_strength=not local,L147.1,"reach: Strength; listed without it by apt, cpp, pob"
pseudo.pseudo_total_strength,+# total to Strength,#% increased Mana Reservation Efficiency of Skills per # total Attributes,explicit.stat_1212083058;explicit.stat_2676451350;implicit.stat_1212083058,text-only,-,search/item-facts/data/mod-templates.csv#L2822,4,,L095.1,"family: per, represented by `#% increased Physical Weapon Damage per # Strength`; reach: Attributes; listed without it by apt, cpp, pob"
pseudo.pseudo_total_strength,+# total to Strength,Adds # to # Fire Damage to Attacks per # Strength,explicit.stat_68673913;fractured.stat_68673913,text-only,-,search/item-facts/data/mod-templates.csv#L2900,4,,L095.1,"family: per, represented by `#% increased Physical Weapon Damage per # Strength`; reach: Strength; listed without it by apt, cpp, pob"
pseudo.pseudo_total_strength,+# total to Strength,Nearby Allies have #% Chance to Block Attack Damage per # Strength you have,explicit.stat_3941641418,text-only,-,search/item-facts/data/mod-templates.csv#L3063,4,,L142.1,"family: a minion's or ally's, represented by `# to maximum number of Raised Zombies per # Strength`; reach: Strength; listed without it by apt, cpp, pob"
pseudo.pseudo_total_strength,+# total to Strength,Regenerate #% of Life per second with at least # Strength,explicit.stat_1173027373,text-only,-,search/item-facts/data/mod-templates.csv#L3090,4,,L095.1,"family: per, represented by `#% increased Physical Weapon Damage per # Strength`; reach: Strength; listed without it by apt, cpp, pob"
pseudo.pseudo_total_strength,+# total to Strength,Strength from Passives in Radius is Transformed to Dexterity,explicit.stat_2237528173;fractured.stat_2237528173,text-only,-,search/item-facts/data/mod-templates.csv#L3117,4,local_jewel_nearby_passives_str_to_dex=local,L031.1,"family: a passive's grant, represented by `Added Small Passive Skills also grant: # to All Attributes`; reach: Strength; listed without it by apt, cpp, pob"
pseudo.pseudo_total_strength,+# total to Strength,"While your Passive Skill Tree connects to a class' starting location, you gain:\nMarauder: Melee Skills have #% increased Area of Effect\nDuelist: #% of Attack Damage Leeched as Life\nRanger: #% increased Movement Speed\nShadow: #% to Critical Strike Chance\nWitch: #% of Mana Regenerated per second\nTemplar: Damage Penetrates #% Elemental Resistances\nScion: # to All Attributes",explicit.stat_769192511,text-only,-,search/item-facts/data/mod-templates.csv#L3164,4,local_unique_jewel_melee_skills_area_of_effect_+%_with_passive_tree_connected_to_marauder_start=local;local_unique_jewel_life_leech_from_attack_damage_permyriad_with_passive_tree_connected_to_duelist_start=local;local_unique_jewel_movement_speed_+%_with_passive_tree_connected_to_ranger_start=local;local_unique_jewel_additional_critical_strike_chance_permyriad_with_passive_tree_connected_to_shadow_start=local;local_unique_jewel_mana_regeneration_rate_per_minute_%_with_passive_tree_connected_to_witch_start=local;local_unique_jewel_elemental_penetration_%_with_passive_tree_connected_to_templar_start=local;local_unique_jewel_additional_all_attributes_with_passive_tree_connected_to_scion_start=local,L128.1,"represents the family `a monster's or an enemy's` (3 templates); reach: Attributes; listed without it by apt, cpp, pob"
pseudo.pseudo_total_strength,+# total to Strength,#% to all Elemental Resistances while you have at least # Strength,explicit.stat_2415398184,text-only,-,search/item-facts/data/mod-templates.csv#L3321,3,,L160.1,"represents the family `while` (5 templates); reach: Strength; listed without it by apt, cpp, pob"
pseudo.pseudo_total_strength,+# total to Strength,Adds # to # Fire Damage to Attacks with this Weapon per # Strength,explicit.stat_1060540099;fractured.stat_1060540099;implicit.stat_1060540099,text-only,-,search/item-facts/data/mod-templates.csv#L3413,3,,L095.1,"family: per, represented by `#% increased Physical Weapon Damage per # Strength`; reach: Strength; listed without it by apt, cpp, pob"
pseudo.pseudo_total_strength,+# total to Strength,Dexterity from Passives in Radius is Transformed to Strength,explicit.stat_4097174922,text-only,-,search/item-facts/data/mod-templates.csv#L3473,3,local_jewel_nearby_passives_dex_to_str=local,L031.1,"family: a passive's grant, represented by `Added Small Passive Skills also grant: # to All Attributes`; reach: Strength; listed without it by apt, cpp, pob"
pseudo.pseudo_total_strength,+# total to Strength,Gain Accuracy Rating equal to your Strength,explicit.stat_1575519214;fractured.stat_1575519214,text-only,-,search/item-facts/data/mod-templates.csv#L3490,3,gain_accuracy_rating_equal_to_strength=not local,L165.1,"reach: Strength; listed without it by apt, cpp, pob"
pseudo.pseudo_total_strength,+# total to Strength,Intelligence from Passives in Radius is Transformed to Strength,explicit.stat_1285587221,text-only,-,search/item-facts/data/mod-templates.csv#L3534,3,local_jewel_nearby_passives_int_to_str=local,L031.1,"family: a passive's grant, represented by `Added Small Passive Skills also grant: # to All Attributes`; reach: Strength; listed without it by apt, cpp, pob"
pseudo.pseudo_total_strength,+# total to Strength,"With at least # Strength in Radius, Cleave has # metres to Radius per Nearby\nEnemy, up to a maximum of # metre",,text-only,-,search/item-facts/data/mod-templates.csv#L3687,3,,L095.1,"family: per, represented by `#% increased Physical Weapon Damage per # Strength`; reach: Strength; listed without it by apt, cpp, pob"
pseudo.pseudo_total_strength,+# total to Strength,"With at least # Strength in Radius, Hits with Cleave Fortify",explicit.stat_1248507170;fractured.stat_1248507170,text-only,-,search/item-facts/data/mod-templates.csv#L3688,3,,L170.1,"reach: Strength; listed without it by apt, cpp, pob"
pseudo.pseudo_total_strength,+# total to Strength,# Strength and Intelligence Requirement,explicit.stat_4272453892,text-only,-,search/item-facts/data/mod-templates.csv#L3765,2,local_strength_and_intelligence_requirement_+=local,L146.1,"reach: Strength; listed without it by apt, cpp, pob"
pseudo.pseudo_total_strength,+# total to Strength,#% increased Armour per # Strength when in Off Hand,explicit.stat_2192181096,text-only,-,search/item-facts/data/mod-templates.csv#L3846,2,,L095.1,"family: per, represented by `#% increased Physical Weapon Damage per # Strength`; reach: Strength; listed without it by apt, cpp, pob"
pseudo.pseudo_total_strength,+# total to Strength,#% increased Damage per # Strength when in Main Hand,explicit.stat_679194784;fractured.stat_679194784,text-only,-,search/item-facts/data/mod-templates.csv#L3871,2,,L095.1,"family: per, represented by `#% increased Physical Weapon Damage per # Strength`; reach: Strength; listed without it by apt, cpp, pob"
pseudo.pseudo_total_strength,+# total to Strength,Strength's Damage bonus applies to Projectile Attack Damage as well for Supported Skills,,text-only,-,search/item-facts/data/mod-templates.csv#L4400,2,,L156.1,"family: a socketed gem's or skill's, represented by `With # total Dexterity and Strength in Radius, Prismatic Skills deal #% less Lightning Damage`; reach: Strength; listed without it by apt, cpp, pob"
pseudo.pseudo_total_strength,+# total to Strength,"With # total Dexterity and Strength in Radius, Prismatic Skills cannot choose Lightning",explicit.stat_637033100,text-only,-,search/item-facts/data/mod-templates.csv#L4458,2,,L155.1,"reach: Strength; listed without it by apt, cpp, pob"
pseudo.pseudo_total_strength,+# total to Strength,"With # total Dexterity and Strength in Radius, Prismatic Skills deal #% less Lightning Damage",explicit.stat_2053992416,text-only,-,search/item-facts/data/mod-templates.csv#L4459,2,,L156.1,"represents the family `a socketed gem's or skill's` (6 templates); reach: Strength; listed without it by apt, cpp, pob"
pseudo.pseudo_total_strength,+# total to Strength,"With at least # Strength in Radius, Heavy Strike has a \n#% chance to deal Double Damage",,text-only,-,search/item-facts/data/mod-templates.csv#L4464,2,,none: no stat id displays this text,"reach: Strength; listed without it by apt, cpp, pob"
pseudo.pseudo_total_strength,+# total to Strength,"With at least # Strength in Radius, Hits with Vigilant Strike Fortify you and Nearby Allies for # seconds",explicit.stat_530280833,text-only,-,search/item-facts/data/mod-templates.csv#L4465,2,,L142.1,"family: a minion's or ally's, represented by `# to maximum number of Raised Zombies per # Strength`; reach: Strength; listed without it by apt, cpp, pob"
pseudo.pseudo_total_strength,+# total to Strength,# Strength per # Strength on Allocated Passives in Radius,explicit.stat_552705983,text-only,-,search/item-facts/data/mod-templates.csv#L4547,1,,L031.1,"family: a passive's grant, represented by `Added Small Passive Skills also grant: # to All Attributes`; reach: Strength; listed without it by apt, cpp, pob"
pseudo.pseudo_total_strength,+# total to Strength,#% Chance to Block Attack Damage per # Strength,explicit.stat_1061631617;implicit.stat_1061631617,text-only,-,search/item-facts/data/mod-templates.csv#L4602,1,,L095.1,"family: per, represented by `#% increased Physical Weapon Damage per # Strength`; reach: Strength; listed without it by apt, cpp, pob"
pseudo.pseudo_total_strength,+# total to Strength,#% chance to deal Double Damage if Strength is below #,,text-only,-,search/item-facts/data/mod-templates.csv#L6861,1,,L127.1,"family: if or recently, represented by `Trigger Level # Gore Shockwave on Melee Hit if you have at least # Strength`; reach: Strength; listed without it by apt, cpp, pob"
pseudo.pseudo_total_strength,+# total to Strength,#% chance to deal Double Damage while you have at least # Strength,explicit.stat_1535606605,text-only,-,search/item-facts/data/mod-templates.csv#L4629,1,,L160.1,"family: while, represented by `#% to all Elemental Resistances while you have at least # Strength`; reach: Strength; listed without it by apt, cpp, pob"
pseudo.pseudo_total_strength,+# total to Strength,#% chance to deal Triple Damage while you have at least # Strength,explicit.stat_147155654,text-only,-,search/item-facts/data/mod-templates.csv#L4630,1,,L160.1,"family: while, represented by `#% to all Elemental Resistances while you have at least # Strength`; reach: Strength; listed without it by apt, cpp, pob"
pseudo.pseudo_total_strength,+# total to Strength,#% increased Area of Effect per # Strength,explicit.stat_2611023406;fractured.stat_2611023406,text-only,-,search/item-facts/data/mod-templates.csv#L4656,1,,L128.1,"family: a monster's or an enemy's, represented by `While your Passive Skill Tree connects to a class' starting location, you gain:\nMarauder: Melee Skills have #% increased Area of Effect\nDuelist: #% of Attack Damage Leeched as Life\nRanger: #% increased Movement Speed\nShadow: #% to Critical Strike Chance\nWitch: #% of Mana Regenerated per second\nTemplar: Damage Penetrates #% Elemental Resistances\nScion: # to All Attributes`; reach: Strength; listed without it by apt, cpp, pob"
pseudo.pseudo_total_strength,+# total to Strength,#% increased Damage per # Strength,explicit.stat_3948776386;fractured.stat_3948776386;implicit.stat_3948776386;implicit.stat_4274080377,text-only,-,search/item-facts/data/mod-templates.csv#L4689,1,,L095.1,"family: per, represented by `#% increased Physical Weapon Damage per # Strength`; reach: Strength; listed without it by apt, cpp, pob"
pseudo.pseudo_total_strength,+# total to Strength,#% increased Life Recovery Rate per # Strength on Allocated Passives in Radius,explicit.stat_235105674,text-only,-,search/item-facts/data/mod-templates.csv#L4717,1,,L031.1,"family: a passive's grant, represented by `Added Small Passive Skills also grant: # to All Attributes`; reach: Strength; listed without it by apt, cpp, pob"
pseudo.pseudo_total_strength,+# total to Strength,#% increased Totem Life per # Strength Allocated in Radius,explicit.stat_747037697,text-only,-,search/item-facts/data/mod-templates.csv#L4752,1,,L142.1,"family: a minion's or ally's, represented by `# to maximum number of Raised Zombies per # Strength`; reach: Strength; listed without it by apt, cpp, pob"
pseudo.pseudo_total_strength,+# total to Strength,#% reduced Armour per # Strength,,text-only,-,search/item-facts/data/mod-templates.csv#L4793,1,,L095.1,"family: per, represented by `#% increased Physical Weapon Damage per # Strength`; reach: Strength; listed without it by apt, cpp, pob"
pseudo.pseudo_total_strength,+# total to Strength,#% reduced Attributes,crafted.stat_3143208761;enchant.stat_3143208761;explicit.stat_3143208761;fractured.stat_3143208761;implicit.stat_3143208761,text-only,-,search/item-facts/data/mod-templates.csv#L4795,1,all_attributes_+%=not local,L047.1,"reach: Attributes; listed without it by apt, cpp, pob"
pseudo.pseudo_total_strength,+# total to Strength,#% to Quality of Socketed Strength Gems,implicit.stat_122841557,text-only,-,search/item-facts/data/mod-templates.csv#L6096,1,local_socketed_strength_gem_quality_+=local,L156.1,"family: a socketed gem's or skill's, represented by `With # total Dexterity and Strength in Radius, Prismatic Skills deal #% less Lightning Damage`; reach: Strength; listed without it by apt, cpp, pob"
pseudo.pseudo_total_strength,+# total to Strength,"Allocates Tawhoa, Forest's Strength if you have the matching modifier on Forbidden Flame",explicit.stat_2460506030|5029,text-only,-,search/item-facts/data/mod-templates.csv#L5049,1,,L031.1,"family: a passive's grant, represented by `Added Small Passive Skills also grant: # to All Attributes`; reach: Strength; listed without it by apt, cpp, pob"
pseudo.pseudo_total_strength,+# total to Strength,"Allocates Tawhoa, Forest's Strength if you have the matching modifier on Forbidden Flesh",explicit.stat_1190333629|5029,text-only,-,search/item-facts/data/mod-templates.csv#L5050,1,,L031.1,"family: a passive's grant, represented by `Added Small Passive Skills also grant: # to All Attributes`; reach: Strength; listed without it by apt, cpp, pob"
pseudo.pseudo_total_strength,+# total to Strength,"Corrupts a level # Skill Gem, Imbuing it with a random Strength Support effect",,text-only,-,search/item-facts/data/mod-templates.csv#L5152,1,,L156.1,"family: a socketed gem's or skill's, represented by `With # total Dexterity and Strength in Radius, Prismatic Skills deal #% less Lightning Damage`; reach: Strength; listed without it by apt, cpp, pob"
pseudo.pseudo_total_strength,+# total to Strength,Gain no inherent bonuses from Strength,explicit.stat_2035199242,text-only,-,search/item-facts/data/mod-templates.csv#L6887,1,gain_no_inherent_bonus_from_strength=not local,L204.1,"reach: Strength; listed without it by apt, cpp, pob"
pseudo.pseudo_total_strength,+# total to Strength,Modifiers to Attributes instead apply to Omniscience,explicit.stat_1411347992,text-only,-,search/item-facts/data/mod-templates.csv#L5367,1,modifiers_to_attributes_instead_apply_to_ascendance=not local,L167.1,"reach: Attributes; listed without it by apt, cpp, pob"
pseudo.pseudo_total_strength,+# total to Strength,Strength from Passives in Radius is Transformed to Intelligence,explicit.stat_3771273420,text-only,-,search/item-facts/data/mod-templates.csv#L5507,1,local_jewel_nearby_passives_str_to_int=local,L031.1,"family: a passive's grant, represented by `Added Small Passive Skills also grant: # to All Attributes`; reach: Strength; listed without it by apt, cpp, pob"
pseudo.pseudo_total_strength,+# total to Strength,Strength provides no bonus to Maximum Life,explicit.stat_2290031712,text-only,-,search/item-facts/data/mod-templates.csv#L5508,1,gain_no_maximum_life_from_strength=not local,L210.1,"reach: Strength; listed without it by apt, cpp, pob"
pseudo.pseudo_total_strength,+# total to Strength,Strength's Damage Bonus instead grants #% increased Melee\nPhysical Damage per # Strength,,text-only,-,search/item-facts/data/mod-templates.csv#L5509,1,,L095.1,"family: per, represented by `#% increased Physical Weapon Damage per # Strength`; reach: Strength; listed without it by apt, cpp, pob"
pseudo.pseudo_total_strength,+# total to Strength,"With # total Strength and Intelligence in Radius, Prismatic Skills cannot choose Cold",explicit.stat_2864618930,text-only,-,search/item-facts/data/mod-templates.csv#L5633,1,,L184.1,"reach: Strength; listed without it by apt, cpp, pob"
pseudo.pseudo_total_strength,+# total to Strength,"With # total Strength and Intelligence in Radius, Prismatic Skills deal #% less Cold Damage",explicit.stat_3286480398,text-only,-,search/item-facts/data/mod-templates.csv#L5634,1,,L156.1,"family: a socketed gem's or skill's, represented by `With # total Dexterity and Strength in Radius, Prismatic Skills deal #% less Lightning Damage`; reach: Strength; listed without it by apt, cpp, pob"
pseudo.pseudo_total_strength,+# total to Strength,"With at least # Strength in Radius, #% increased\nRarity of Items dropped by Enemies Shattered by Glacial Hammer",,text-only,-,search/item-facts/data/mod-templates.csv#L5651,1,,none: no stat id displays this text,"reach: Strength; listed without it by apt, cpp, pob"
pseudo.pseudo_total_strength,+# total to Strength,"With at least # Strength in Radius, #% of Glacial\nHammer Physical Damage Converted to Cold Damage",,text-only,-,search/item-facts/data/mod-templates.csv#L5652,1,,none: no stat id displays this text,"reach: Strength; listed without it by apt, cpp, pob"
pseudo.pseudo_total_strength,+# total to Strength,"With at least # Strength in Radius, Glacial Hammer deals\nCold-only Splash Damage to surrounding targets",,text-only,-,search/item-facts/data/mod-templates.csv#L5653,1,,none: no stat id displays this text,"reach: Strength; listed without it by apt, cpp, pob"
pseudo.pseudo_total_strength,+# total to Strength,"With at least # Strength in Radius, Molten Strike fires # additional Projectiles",,text-only,-,search/item-facts/data/mod-templates.csv#L5654,1,,none: no stat id displays this text,"reach: Strength; listed without it by apt, cpp, pob"
pseudo.pseudo_total_strength,+# total to Strength,"With at least # Strength in Radius, Molten Strike has #% increased Area of Effect",explicit.stat_1163758055,text-only,-,search/item-facts/data/mod-templates.csv#L5655,1,,L128.1,"family: a monster's or an enemy's, represented by `While your Passive Skill Tree connects to a class' starting location, you gain:\nMarauder: Melee Skills have #% increased Area of Effect\nDuelist: #% of Attack Damage Leeched as Life\nRanger: #% increased Movement Speed\nShadow: #% to Critical Strike Chance\nWitch: #% of Mana Regenerated per second\nTemplar: Damage Penetrates #% Elemental Resistances\nScion: # to All Attributes`; reach: Strength; listed without it by apt, cpp, pob"
pseudo.pseudo_total_strength,+# total to Strength,You have Consecrated Ground around you while\nstationary if Strength is your highest Attribute,explicit.stat_1196333117,text-only,-,search/item-facts/data/mod-templates.csv#L5666,1,consecrated_ground_while_stationary_radius_if_highest_attribute_is_strength=not local,L160.1,"family: while, represented by `#% to all Elemental Resistances while you have at least # Strength`; reach: Strength; listed without it by apt, cpp, pob"
pseudo.pseudo_total_strength,+# total to Strength,"You have Scorching Conflux, Brittle Conflux and Sapping Conflux while your two highest Attributes are equal",explicit.stat_1518701332,text-only,-,search/item-facts/data/mod-templates.csv#L5672,1,gain_scorching_sapping_brittle_confluxes_while_two_highest_attributes_equal=not local,L160.1,"family: while, represented by `#% to all Elemental Resistances while you have at least # Strength`; reach: Attributes; listed without it by apt, cpp, pob"
pseudo.pseudo_total_dexterity,+# total to Dexterity,#% increased Dexterity,explicit.stat_4139681126;fractured.stat_4139681126;implicit.stat_4139681126;scourge.stat_4139681126,text-only,-,search/item-facts/data/mod-templates.csv#L471,58,dexterity_+%=not local,L040.1,"reach: Dexterity; listed without it by apt, cpp, pob"
pseudo.pseudo_total_dexterity,+# total to Dexterity,Added Small Passive Skills also grant: # to All Attributes,explicit.stat_4036575250;fractured.stat_4036575250,text-only,-,search/item-facts/data/mod-templates.csv#L341,52,local_affliction_jewel_small_nodes_grant_all_attributes=local,L031.2,"represents the family `a passive's grant` (10 templates); reach: Attributes; listed without it by apt, cpp, pob"
pseudo.pseudo_total_dexterity,+# total to Dexterity,Added Small Passive Skills also grant: # to Dexterity,explicit.stat_2090413987;fractured.stat_2090413987,text-only,-,search/item-facts/data/mod-templates.csv#L352,50,local_affliction_jewel_small_nodes_grant_dex=local,L031.2,"family: a passive's grant, represented by `Added Small Passive Skills also grant: # to All Attributes`; reach: Dexterity; listed without it by apt, cpp, pob"
pseudo.pseudo_total_dexterity,+# total to Dexterity,Other Item: (#-#) to Dexterity,,text-only,-,search/item-facts/data/mod-templates.csv#L964,18,,none: no stat id displays this text,"represents the family `a description` (1 templates); reach: Dexterity; listed without it by apt, cpp, pob"
pseudo.pseudo_total_dexterity,+# total to Dexterity,#% increased Attributes,crafted.stat_3143208761;enchant.stat_3143208761;explicit.stat_3143208761;fractured.stat_3143208761;implicit.stat_3143208761,text-only,-,search/item-facts/data/mod-templates.csv#L1702,13,all_attributes_+%=not local,L047.2,"reach: Attributes; listed without it by apt, cpp, pob"
pseudo.pseudo_total_dexterity,+# total to Dexterity,#% increased Attack Speed per # Dexterity,explicit.stat_2241560081;explicit.stat_889691035;fractured.stat_2241560081,text-only,-,search/item-facts/data/mod-templates.csv#L1470,11,,L093.1,"represents the family `per` (14 templates); reach: Dexterity; listed without it by apt, cpp, pob"
pseudo.pseudo_total_dexterity,+# total to Dexterity,#% increased Damage with Poison if you have at least # Dexterity,explicit.stat_256730087,text-only,-,search/item-facts/data/mod-templates.csv#L1589,10,,L100.1,"represents the family `if or recently` (7 templates); reach: Dexterity; listed without it by apt, cpp, pob"
pseudo.pseudo_total_dexterity,+# total to Dexterity,#% increased Minion Attack Speed per # Dexterity,explicit.stat_4047895119;implicit.stat_4047895119,text-only,-,search/item-facts/data/mod-templates.csv#L1713,9,,L105.1,"represents the family `a minion's or ally's` (5 templates); reach: Dexterity; listed without it by apt, cpp, pob"
pseudo.pseudo_total_dexterity,+# total to Dexterity,#% increased Minion Movement Speed per # Dexterity,explicit.stat_4017879067,text-only,-,search/item-facts/data/mod-templates.csv#L1714,9,,L105.1,"family: a minion's or ally's, represented by `#% increased Minion Attack Speed per # Dexterity`; reach: Dexterity; listed without it by apt, cpp, pob"
pseudo.pseudo_total_dexterity,+# total to Dexterity,Skills which throw Mines throw up to # additional Mine if you have at least # Dexterity,explicit.stat_1917661185;implicit.stat_1917661185,text-only,-,search/item-facts/data/mod-templates.csv#L1806,9,,L100.1,"family: if or recently, represented by `#% increased Damage with Poison if you have at least # Dexterity`; reach: Dexterity; listed without it by apt, cpp, pob"
pseudo.pseudo_total_dexterity,+# total to Dexterity,# Life per # Dexterity,explicit.stat_2042405614,text-only,-,search/item-facts/data/mod-templates.csv#L2027,7,,L093.1,"family: per, represented by `#% increased Attack Speed per # Dexterity`; reach: Dexterity; listed without it by apt, cpp, pob"
pseudo.pseudo_total_dexterity,+# total to Dexterity,#% increased Dexterity if Strength is higher than Intelligence,explicit.stat_2022724400;implicit.stat_2022724400,text-only,-,search/item-facts/data/mod-templates.csv#L2056,7,dexterity_+%_if_strength_higher_than_intelligence=not local,L100.1,"family: if or recently, represented by `#% increased Damage with Poison if you have at least # Dexterity`; reach: Dexterity; listed without it by apt, cpp, pob"
pseudo.pseudo_total_dexterity,+# total to Dexterity,#% increased Elemental Damage per # Dexterity,explicit.stat_963261439,text-only,-,search/item-facts/data/mod-templates.csv#L2059,7,,L093.1,"family: per, represented by `#% increased Attack Speed per # Dexterity`; reach: Dexterity; listed without it by apt, cpp, pob"
pseudo.pseudo_total_dexterity,+# total to Dexterity,#% increased Melee Physical Damage per # Dexterity,explicit.stat_2355151849;implicit.stat_2355151849,text-only,-,search/item-facts/data/mod-templates.csv#L2070,7,,L093.1,"family: per, represented by `#% increased Attack Speed per # Dexterity`; reach: Dexterity; listed without it by apt, cpp, pob"
pseudo.pseudo_total_dexterity,+# total to Dexterity,#% to Critical Strike Multiplier if Dexterity is higher than Intelligence,explicit.stat_2328588114,text-only,-,search/item-facts/data/mod-templates.csv#L2093,7,critical_strike_multiplier_+_if_dexterity_higher_than_intelligence=not local,L100.1,"family: if or recently, represented by `#% increased Damage with Poison if you have at least # Dexterity`; reach: Dexterity; listed without it by apt, cpp, pob"
pseudo.pseudo_total_dexterity,+# total to Dexterity,# Dexterity Requirement,explicit.stat_1133453872;scourge.stat_1133453872,text-only,-,search/item-facts/data/mod-templates.csv#L2439,6,local_dexterity_requirement_+=local,L132.1,"reach: Dexterity; listed without it by apt, cpp, pob"
pseudo.pseudo_total_dexterity,+# total to Dexterity,# Dexterity per # Dexterity on Allocated Passives in Radius,explicit.stat_172076472,text-only,-,search/item-facts/data/mod-templates.csv#L2211,6,,L031.2,"family: a passive's grant, represented by `Added Small Passive Skills also grant: # to All Attributes`; reach: Dexterity; listed without it by apt, cpp, pob"
pseudo.pseudo_total_dexterity,+# total to Dexterity,#% increased Movement Speed per # Dexterity on Allocated Passives in Radius,explicit.stat_1795365307,text-only,-,search/item-facts/data/mod-templates.csv#L2256,6,,L031.2,"family: a passive's grant, represented by `Added Small Passive Skills also grant: # to All Attributes`; reach: Dexterity; listed without it by apt, cpp, pob"
pseudo.pseudo_total_dexterity,+# total to Dexterity,Adds # to # Physical Damage to Attacks per # Dexterity,explicit.stat_2066426995,text-only,-,search/item-facts/data/mod-templates.csv#L2278,6,,L093.1,"family: per, represented by `#% increased Attack Speed per # Dexterity`; reach: Dexterity; listed without it by apt, cpp, pob"
pseudo.pseudo_total_dexterity,+# total to Dexterity,Intelligence from Passives in Radius is Transformed to Dexterity,explicit.stat_1608425196,text-only,-,search/item-facts/data/mod-templates.csv#L2348,6,local_jewel_nearby_passives_int_to_dex=local,L031.2,"family: a passive's grant, represented by `Added Small Passive Skills also grant: # to All Attributes`; reach: Dexterity; listed without it by apt, cpp, pob"
pseudo.pseudo_total_dexterity,+# total to Dexterity,Siege Ballista has # to maximum number of Summoned Totems per # Dexterity,,text-only,-,search/item-facts/data/mod-templates.csv#L2384,6,,L105.1,"family: a minion's or ally's, represented by `#% increased Minion Attack Speed per # Dexterity`; reach: Dexterity; listed without it by apt, cpp, pob"
pseudo.pseudo_total_dexterity,+# total to Dexterity,# to Accuracy Rating per # Dexterity on Unallocated Passives in Radius,explicit.stat_100820057,text-only,-,search/item-facts/data/mod-templates.csv#L2447,5,,L031.2,"family: a passive's grant, represented by `Added Small Passive Skills also grant: # to All Attributes`; reach: Dexterity; listed without it by apt, cpp, pob"
pseudo.pseudo_total_dexterity,+# total to Dexterity,#% increased Damage per # Dexterity,explicit.stat_2062174346;fractured.stat_2062174346;implicit.stat_2062174346;implicit.stat_342670903,text-only,-,search/item-facts/data/mod-templates.csv#L2463,5,,L093.1,"family: per, represented by `#% increased Attack Speed per # Dexterity`; reach: Dexterity; listed without it by apt, cpp, pob"
pseudo.pseudo_total_dexterity,+# total to Dexterity,#% reduced Movement Speed per # Dexterity on Unallocated Passives in Radius,,text-only,-,search/item-facts/data/mod-templates.csv#L2510,5,,L031.2,"family: a passive's grant, represented by `Added Small Passive Skills also grant: # to All Attributes`; reach: Dexterity; listed without it by apt, cpp, pob"
pseudo.pseudo_total_dexterity,+# total to Dexterity,Cannot be Frozen if Dexterity is higher than Intelligence,explicit.stat_3881126302,text-only,-,search/item-facts/data/mod-templates.csv#L2564,5,cannot_be_frozen_with_dex_higher_than_int=not local,L100.1,"family: if or recently, represented by `#% increased Damage with Poison if you have at least # Dexterity`; reach: Dexterity; listed without it by apt, cpp, pob"
pseudo.pseudo_total_dexterity,+# total to Dexterity,Cannot be Ignited if Strength is higher than Dexterity,explicit.stat_676883595,text-only,-,search/item-facts/data/mod-templates.csv#L2565,5,cannot_be_ignited_with_strength_higher_than_dex=not local,L100.1,"family: if or recently, represented by `#% increased Damage with Poison if you have at least # Dexterity`; reach: Dexterity; listed without it by apt, cpp, pob"
pseudo.pseudo_total_dexterity,+# total to Dexterity,Dexterity from Passives in Radius is Transformed to Intelligence,explicit.stat_2075199521,text-only,-,search/item-facts/data/mod-templates.csv#L2591,5,local_jewel_nearby_passives_dex_to_int=local,L031.2,"family: a passive's grant, represented by `Added Small Passive Skills also grant: # to All Attributes`; reach: Dexterity; listed without it by apt, cpp, pob"
pseudo.pseudo_total_dexterity,+# total to Dexterity,"With at least # Dexterity in Radius, Ethereal Knives fires # additional Projectiles",,text-only,-,search/item-facts/data/mod-templates.csv#L2718,5,,none: no stat id displays this text,"reach: Dexterity; listed without it by apt, cpp, pob"
pseudo.pseudo_total_dexterity,+# total to Dexterity,"With at least # Dexterity in Radius, Ethereal Knives fires Projectiles in a circle",explicit.stat_2511280084,text-only,-,search/item-facts/data/mod-templates.csv#L2719,5,,L144.1,"reach: Dexterity; listed without it by apt, cpp, pob"
pseudo.pseudo_total_dexterity,+# total to Dexterity,#% increased Mana Reservation Efficiency of Skills per # total Attributes,explicit.stat_1212083058;explicit.stat_2676451350;implicit.stat_1212083058,text-only,-,search/item-facts/data/mod-templates.csv#L2822,4,,L093.1,"family: per, represented by `#% increased Attack Speed per # Dexterity`; reach: Attributes; listed without it by apt, cpp, pob"
pseudo.pseudo_total_dexterity,+# total to Dexterity,Adds # to # Cold Damage to Attacks per # Dexterity,explicit.stat_769783486;fractured.stat_769783486,text-only,-,search/item-facts/data/mod-templates.csv#L2899,4,,L093.1,"family: per, represented by `#% increased Attack Speed per # Dexterity`; reach: Dexterity; listed without it by apt, cpp, pob"
pseudo.pseudo_total_dexterity,+# total to Dexterity,Nearby Allies have #% to Critical Strike Multiplier per # Dexterity you have,,text-only,-,search/item-facts/data/mod-templates.csv#L3065,4,,L105.1,"family: a minion's or ally's, represented by `#% increased Minion Attack Speed per # Dexterity`; reach: Dexterity; listed without it by apt, cpp, pob"
pseudo.pseudo_total_dexterity,+# total to Dexterity,Strength from Passives in Radius is Transformed to Dexterity,explicit.stat_2237528173;fractured.stat_2237528173,text-only,-,search/item-facts/data/mod-templates.csv#L3117,4,local_jewel_nearby_passives_str_to_dex=local,L031.2,"family: a passive's grant, represented by `Added Small Passive Skills also grant: # to All Attributes`; reach: Dexterity; listed without it by apt, cpp, pob"
pseudo.pseudo_total_dexterity,+# total to Dexterity,"While your Passive Skill Tree connects to a class' starting location, you gain:\nMarauder: Melee Skills have #% increased Area of Effect\nDuelist: #% of Attack Damage Leeched as Life\nRanger: #% increased Movement Speed\nShadow: #% to Critical Strike Chance\nWitch: #% of Mana Regenerated per second\nTemplar: Damage Penetrates #% Elemental Resistances\nScion: # to All Attributes",explicit.stat_769192511,text-only,-,search/item-facts/data/mod-templates.csv#L3164,4,local_unique_jewel_melee_skills_area_of_effect_+%_with_passive_tree_connected_to_marauder_start=local;local_unique_jewel_life_leech_from_attack_damage_permyriad_with_passive_tree_connected_to_duelist_start=local;local_unique_jewel_movement_speed_+%_with_passive_tree_connected_to_ranger_start=local;local_unique_jewel_additional_critical_strike_chance_permyriad_with_passive_tree_connected_to_shadow_start=local;local_unique_jewel_mana_regeneration_rate_per_minute_%_with_passive_tree_connected_to_witch_start=local;local_unique_jewel_elemental_penetration_%_with_passive_tree_connected_to_templar_start=local;local_unique_jewel_additional_all_attributes_with_passive_tree_connected_to_scion_start=local,L128.2,"represents the family `a monster's or an enemy's` (3 templates); reach: Attributes; listed without it by apt, cpp, pob"
pseudo.pseudo_total_dexterity,+# total to Dexterity,"With at least # Dexterity in Radius, Viper Strike deals #% increased Damage with Hits and Poison for each Poison on the Enemy",explicit.stat_695031402,text-only,-,search/item-facts/data/mod-templates.csv#L3168,4,,L093.1,"family: per, represented by `#% increased Attack Speed per # Dexterity`; reach: Dexterity; listed without it by apt, cpp, pob"
pseudo.pseudo_total_dexterity,+# total to Dexterity,"With at least # Dexterity in Radius, Viper Strike has a #% chance per Poison on Enemy to grant Unholy Might for # seconds on Hit",explicit.stat_235847153,text-only,-,search/item-facts/data/mod-templates.csv#L3169,4,,L093.1,"family: per, represented by `#% increased Attack Speed per # Dexterity`; reach: Dexterity; listed without it by apt, cpp, pob"
pseudo.pseudo_total_dexterity,+# total to Dexterity,# to [Dexterity|Dexterity],crafted.stat_3261801346;explicit.stat_3261801346;fractured.stat_3261801346;implicit.stat_3261801346;scourge.stat_3261801346,text-only,-,search/item-facts/data/mod-templates.csv#L5963,3,additional_dexterity=not local,L157.1,"reach: Dexterity; listed without it by apt, cpp, pob"
pseudo.pseudo_total_dexterity,+# total to Dexterity,Adds # to # Lightning Damage to Attacks with this Weapon per # Dexterity,explicit.stat_817611267,text-only,-,search/item-facts/data/mod-templates.csv#L3414,3,,L093.1,"family: per, represented by `#% increased Attack Speed per # Dexterity`; reach: Dexterity; listed without it by apt, cpp, pob"
pseudo.pseudo_total_dexterity,+# total to Dexterity,Dexterity from Passives in Radius is Transformed to Strength,explicit.stat_4097174922,text-only,-,search/item-facts/data/mod-templates.csv#L3473,3,local_jewel_nearby_passives_dex_to_str=local,L031.2,"family: a passive's grant, represented by `Added Small Passive Skills also grant: # to All Attributes`; reach: Dexterity; listed without it by apt, cpp, pob"
pseudo.pseudo_total_dexterity,+# total to Dexterity,"With at least # Dexterity in Radius, Animate Weapon can Animate up to # Ranged Weapons",explicit.stat_3585572043,text-only,-,search/item-facts/data/mod-templates.csv#L3679,3,,L168.1,"reach: Dexterity; listed without it by apt, cpp, pob"
pseudo.pseudo_total_dexterity,+# total to Dexterity,"With at least # Dexterity in Radius, Barrage fires an additional # projectiles simultaneously on the first and final attacks",,text-only,-,search/item-facts/data/mod-templates.csv#L3680,3,,none: no stat id displays this text,"reach: Dexterity; listed without it by apt, cpp, pob"
pseudo.pseudo_total_dexterity,+# total to Dexterity,"With at least # Dexterity in Radius, Dual Strike has #% to Critical Strike\nMultiplier while wielding a Dagger",,text-only,-,search/item-facts/data/mod-templates.csv#L3681,3,,L191.1,"family: while, represented by `#% increased Projectile Attack Damage while you have at least # Dexterity`; reach: Dexterity; listed without it by apt, cpp, pob"
pseudo.pseudo_total_dexterity,+# total to Dexterity,"With at least # Dexterity in Radius, Frost Blades has #% increased Projectile Speed",explicit.stat_2092708508;fractured.stat_2092708508,text-only,-,search/item-facts/data/mod-templates.csv#L3682,3,,L169.1,"reach: Dexterity; listed without it by apt, cpp, pob"
pseudo.pseudo_total_dexterity,+# total to Dexterity,"With at least # Dexterity in Radius, Ice Shot Pierces # additional Targets",,text-only,-,search/item-facts/data/mod-templates.csv#L3683,3,,none: no stat id displays this text,"reach: Dexterity; listed without it by apt, cpp, pob"
pseudo.pseudo_total_dexterity,+# total to Dexterity,"With at least # Dexterity in Radius, Ice Shot has #% increased Area of Effect",explicit.stat_3442130499;fractured.stat_3442130499,text-only,-,search/item-facts/data/mod-templates.csv#L3684,3,,L128.2,"family: a monster's or an enemy's, represented by `While your Passive Skill Tree connects to a class' starting location, you gain:\nMarauder: Melee Skills have #% increased Area of Effect\nDuelist: #% of Attack Damage Leeched as Life\nRanger: #% increased Movement Speed\nShadow: #% to Critical Strike Chance\nWitch: #% of Mana Regenerated per second\nTemplar: Damage Penetrates #% Elemental Resistances\nScion: # to All Attributes`; reach: Dexterity; listed without it by apt, cpp, pob"
pseudo.pseudo_total_dexterity,+# total to Dexterity,"With at least # Dexterity in Radius, Melee Damage\ndealt by Frost Blades Penetrates #% Cold Resistance",,text-only,-,search/item-facts/data/mod-templates.csv#L3685,3,,L128.2,"family: a monster's or an enemy's, represented by `While your Passive Skill Tree connects to a class' starting location, you gain:\nMarauder: Melee Skills have #% increased Area of Effect\nDuelist: #% of Attack Damage Leeched as Life\nRanger: #% increased Movement Speed\nShadow: #% to Critical Strike Chance\nWitch: #% of Mana Regenerated per second\nTemplar: Damage Penetrates #% Elemental Resistances\nScion: # to All Attributes`; reach: Dexterity; listed without it by apt, cpp, pob"
pseudo.pseudo_total_dexterity,+# total to Dexterity,# to Maximum Life per # Dexterity,explicit.stat_3806100539;implicit.stat_3806100539,text-only,-,search/item-facts/data/mod-templates.csv#L3787,2,,L093.1,"family: per, represented by `#% increased Attack Speed per # Dexterity`; reach: Dexterity; listed without it by apt, cpp, pob"
pseudo.pseudo_total_dexterity,+# total to Dexterity,#% increased Physical Damage Over Time per # Dexterity,explicit.stat_555311393,text-only,-,search/item-facts/data/mod-templates.csv#L3901,2,,L093.1,"family: per, represented by `#% increased Attack Speed per # Dexterity`; reach: Dexterity; listed without it by apt, cpp, pob"
pseudo.pseudo_total_dexterity,+# total to Dexterity,"With # total Dexterity and Strength in Radius, Prismatic Skills cannot choose Lightning",explicit.stat_637033100,text-only,-,search/item-facts/data/mod-templates.csv#L4458,2,,L155.2,"reach: Dexterity; listed without it by apt, cpp, pob"
pseudo.pseudo_total_dexterity,+# total to Dexterity,"With # total Dexterity and Strength in Radius, Prismatic Skills deal #% less Lightning Damage",explicit.stat_2053992416,text-only,-,search/item-facts/data/mod-templates.csv#L4459,2,,L156.2,"represents the family `a socketed gem's or skill's` (2 templates); reach: Dexterity; listed without it by apt, cpp, pob"
pseudo.pseudo_total_dexterity,+# total to Dexterity,"With at least # Dexterity in Radius, Dual Strike deals Splash Damage\nto surrounding targets while wielding a Mace",,text-only,-,search/item-facts/data/mod-templates.csv#L4462,2,,L191.1,"family: while, represented by `#% increased Projectile Attack Damage while you have at least # Dexterity`; reach: Dexterity; listed without it by apt, cpp, pob"
pseudo.pseudo_total_dexterity,+# total to Dexterity,"With at least # Dexterity in Radius, Dual Strike has #% increased Attack\nSpeed while wielding a Claw",,text-only,-,search/item-facts/data/mod-templates.csv#L4463,2,,L191.1,"family: while, represented by `#% increased Projectile Attack Damage while you have at least # Dexterity`; reach: Dexterity; listed without it by apt, cpp, pob"
pseudo.pseudo_total_dexterity,+# total to Dexterity,# to Level of all Dexterity Skill Gems,explicit.stat_146924886,text-only,-,search/item-facts/data/mod-templates.csv#L4578,1,dexterity_skill_gem_level_+=not local,L185.1,"reach: Dexterity; listed without it by apt, cpp, pob"
pseudo.pseudo_total_dexterity,+# total to Dexterity,#% increased Movement Speed if Dexterity is below #,,text-only,-,search/item-facts/data/mod-templates.csv#L6871,1,,L100.1,"family: if or recently, represented by `#% increased Damage with Poison if you have at least # Dexterity`; reach: Dexterity; listed without it by apt, cpp, pob"
pseudo.pseudo_total_dexterity,+# total to Dexterity,#% increased Projectile Attack Damage while you have at least # Dexterity,explicit.stat_1822142649,text-only,-,search/item-facts/data/mod-templates.csv#L4732,1,,L191.1,"represents the family `while` (6 templates); reach: Dexterity; listed without it by apt, cpp, pob"
pseudo.pseudo_total_dexterity,+# total to Dexterity,#% reduced Attributes,crafted.stat_3143208761;enchant.stat_3143208761;explicit.stat_3143208761;fractured.stat_3143208761;implicit.stat_3143208761,text-only,-,search/item-facts/data/mod-templates.csv#L4795,1,all_attributes_+%=not local,L047.2,"reach: Attributes; listed without it by apt, cpp, pob"
pseudo.pseudo_total_dexterity,+# total to Dexterity,Adds # maximum Lightning Damage to Attacks per # Dexterity Allocated in Radius,explicit.stat_778050954,text-only,-,search/item-facts/data/mod-templates.csv#L4951,1,,L093.1,"family: per, represented by `#% increased Attack Speed per # Dexterity`; reach: Dexterity; listed without it by apt, cpp, pob"
pseudo.pseudo_total_dexterity,+# total to Dexterity,"Corrupts a level # Skill Gem, Imbuing it with a random Dexterity Support effect",,text-only,-,search/item-facts/data/mod-templates.csv#L5150,1,,L156.2,"family: a socketed gem's or skill's, represented by `With # total Dexterity and Strength in Radius, Prismatic Skills deal #% less Lightning Damage`; reach: Dexterity; listed without it by apt, cpp, pob"
pseudo.pseudo_total_dexterity,+# total to Dexterity,Minions deal #% increased Damage per # Dexterity,explicit.stat_4187741589,text-only,-,search/item-facts/data/mod-templates.csv#L5360,1,,L105.1,"family: a minion's or ally's, represented by `#% increased Minion Attack Speed per # Dexterity`; reach: Dexterity; listed without it by apt, cpp, pob"
pseudo.pseudo_total_dexterity,+# total to Dexterity,Modifiers to Attributes instead apply to Omniscience,explicit.stat_1411347992,text-only,-,search/item-facts/data/mod-templates.csv#L5367,1,modifiers_to_attributes_instead_apply_to_ascendance=not local,L167.2,"reach: Attributes; listed without it by apt, cpp, pob"
pseudo.pseudo_total_dexterity,+# total to Dexterity,"With at least # Dexterity in Radius, Dual Strike has #% increased\nAccuracy Rating while wielding a Sword",,text-only,-,search/item-facts/data/mod-templates.csv#L5639,1,,L191.1,"family: while, represented by `#% increased Projectile Attack Damage while you have at least # Dexterity`; reach: Dexterity; listed without it by apt, cpp, pob"
pseudo.pseudo_total_dexterity,+# total to Dexterity,"With at least # Dexterity in Radius, each Spectral Throw Projectile gains #% increased Damage each time it Hits",explicit.stat_811386429,text-only,-,search/item-facts/data/mod-templates.csv#L5640,1,,L213.1,"reach: Dexterity; listed without it by apt, cpp, pob"
pseudo.pseudo_total_dexterity,+# total to Dexterity,"You have Scorching Conflux, Brittle Conflux and Sapping Conflux while your two highest Attributes are equal",explicit.stat_1518701332,text-only,-,search/item-facts/data/mod-templates.csv#L5672,1,gain_scorching_sapping_brittle_confluxes_while_two_highest_attributes_equal=not local,L191.1,"family: while, represented by `#% increased Projectile Attack Damage while you have at least # Dexterity`; reach: Attributes; listed without it by apt, cpp, pob"
pseudo.pseudo_total_intelligence,+# total to Intelligence,Added Small Passive Skills also grant: # to All Attributes,explicit.stat_4036575250;fractured.stat_4036575250,text-only,-,search/item-facts/data/mod-templates.csv#L341,52,local_affliction_jewel_small_nodes_grant_all_attributes=local,L031.3,"represents the family `a passive's grant` (10 templates); reach: Attributes; listed without it by apt, cpp, pob"
pseudo.pseudo_total_intelligence,+# total to Intelligence,Added Small Passive Skills also grant: # to Intelligence,explicit.stat_724930776;fractured.stat_724930776,text-only,-,search/item-facts/data/mod-templates.csv#L393,46,local_affliction_jewel_small_nodes_grant_int=local,L031.3,"family: a passive's grant, represented by `Added Small Passive Skills also grant: # to All Attributes`; reach: Intelligence; listed without it by apt, cpp, pob"
pseudo.pseudo_total_intelligence,+# total to Intelligence,#% increased Intelligence,explicit.stat_656461285;fractured.stat_656461285;implicit.stat_656461285;scourge.stat_656461285,text-only,-,search/item-facts/data/mod-templates.csv#L850,38,intelligence_+%=not local,L048.1,"reach: Intelligence; listed without it by apt, cpp, pob"
pseudo.pseudo_total_intelligence,+# total to Intelligence,#% increased Attributes,crafted.stat_3143208761;enchant.stat_3143208761;explicit.stat_3143208761;fractured.stat_3143208761;implicit.stat_3143208761,text-only,-,search/item-facts/data/mod-templates.csv#L1702,13,all_attributes_+%=not local,L047.3,"reach: Attributes; listed without it by apt, cpp, pob"
pseudo.pseudo_total_intelligence,+# total to Intelligence,#% increased Area of Effect per # Intelligence,explicit.stat_1307972622,text-only,-,search/item-facts/data/mod-templates.csv#L1468,11,,L092.1,"represents the family `a monster's or an enemy's` (4 templates); reach: Intelligence; listed without it by apt, cpp, pob"
pseudo.pseudo_total_intelligence,+# total to Intelligence,Other Item: (#-#) to Intelligence,,text-only,-,search/item-facts/data/mod-templates.csv#L1535,11,,none: no stat id displays this text,"represents the family `a description` (1 templates); reach: Intelligence; listed without it by apt, cpp, pob"
pseudo.pseudo_total_intelligence,+# total to Intelligence,#% increased Poison Duration if you have at least # Intelligence,explicit.stat_2771181375,text-only,-,search/item-facts/data/mod-templates.csv#L1596,10,,L101.1,"represents the family `if or recently` (9 templates); reach: Intelligence; listed without it by apt, cpp, pob"
pseudo.pseudo_total_intelligence,+# total to Intelligence,Skills which throw Mines throw up to # additional Mine if you have at least # Intelligence,explicit.stat_5955083;implicit.stat_5955083,text-only,-,search/item-facts/data/mod-templates.csv#L1807,9,,L101.1,"family: if or recently, represented by `#% increased Poison Duration if you have at least # Intelligence`; reach: Intelligence; listed without it by apt, cpp, pob"
pseudo.pseudo_total_intelligence,+# total to Intelligence,"With at least # Intelligence in Radius, Blight has #% increased Hinder Duration",explicit.stat_2181499453,text-only,-,search/item-facts/data/mod-templates.csv#L1830,9,,L114.1,"reach: Intelligence; listed without it by apt, cpp, pob"
pseudo.pseudo_total_intelligence,+# total to Intelligence,"With at least # Intelligence in Radius, Blight inflicts Withered for # seconds",explicit.stat_3881647885;explicit.stat_435737693,text-only,-,search/item-facts/data/mod-templates.csv#L1831,9,,L115.1,"reach: Intelligence; listed without it by apt, cpp, pob"
pseudo.pseudo_total_intelligence,+# total to Intelligence,# to Maximum Life per # Intelligence,explicit.stat_1114351662;explicit.stat_4284915962,text-only,-,search/item-facts/data/mod-templates.csv#L1844,8,,L116.1,"represents the family `per` (14 templates); reach: Intelligence; listed without it by apt, cpp, pob"
pseudo.pseudo_total_intelligence,+# total to Intelligence,# Accuracy Rating per # Intelligence,explicit.stat_2196657026,text-only,-,search/item-facts/data/mod-templates.csv#L2023,7,,L116.1,"family: per, represented by `# to Maximum Life per # Intelligence`; reach: Intelligence; listed without it by apt, cpp, pob"
pseudo.pseudo_total_intelligence,+# total to Intelligence,#% increased Dexterity if Strength is higher than Intelligence,explicit.stat_2022724400;implicit.stat_2022724400,text-only,-,search/item-facts/data/mod-templates.csv#L2056,7,dexterity_+%_if_strength_higher_than_intelligence=not local,L101.1,"family: if or recently, represented by `#% increased Poison Duration if you have at least # Intelligence`; reach: Intelligence; listed without it by apt, cpp, pob"
pseudo.pseudo_total_intelligence,+# total to Intelligence,#% increased Evasion Rating per # Intelligence,explicit.stat_810772344;implicit.stat_810772344,text-only,-,search/item-facts/data/mod-templates.csv#L2062,7,,L116.1,"family: per, represented by `# to Maximum Life per # Intelligence`; reach: Intelligence; listed without it by apt, cpp, pob"
pseudo.pseudo_total_intelligence,+# total to Intelligence,#% increased Intelligence Requirement,explicit.stat_18234720,text-only,-,search/item-facts/data/mod-templates.csv#L2066,7,local_intelligence_requirement_+%=local,L130.1,"reach: Intelligence; listed without it by apt, cpp, pob"
pseudo.pseudo_total_intelligence,+# total to Intelligence,#% increased Intelligence for each Unique Item Equipped,explicit.stat_4207939995,text-only,-,search/item-facts/data/mod-templates.csv#L2067,7,intelligence_+%_per_equipped_unique=not local,L116.1,"family: per, represented by `# to Maximum Life per # Intelligence`; reach: Intelligence; listed without it by apt, cpp, pob"
pseudo.pseudo_total_intelligence,+# total to Intelligence,#% increased Spell Damage per # Intelligence,explicit.stat_2818518881;explicit.stat_3961014595;fractured.stat_2818518881;fractured.stat_3961014595;implicit.stat_2818518881;implicit.stat_3961014595,text-only,-,search/item-facts/data/mod-templates.csv#L2076,7,,L116.1,"family: per, represented by `# to Maximum Life per # Intelligence`; reach: Intelligence; listed without it by apt, cpp, pob"
pseudo.pseudo_total_intelligence,+# total to Intelligence,#% to Critical Strike Multiplier if Dexterity is higher than Intelligence,explicit.stat_2328588114,text-only,-,search/item-facts/data/mod-templates.csv#L2093,7,critical_strike_multiplier_+_if_dexterity_higher_than_intelligence=not local,L101.1,"family: if or recently, represented by `#% increased Poison Duration if you have at least # Intelligence`; reach: Intelligence; listed without it by apt, cpp, pob"
pseudo.pseudo_total_intelligence,+# total to Intelligence,Intelligence from Passives in Radius is Transformed to Dexterity,explicit.stat_1608425196,text-only,-,search/item-facts/data/mod-templates.csv#L2348,6,local_jewel_nearby_passives_int_to_dex=local,L031.3,"family: a passive's grant, represented by `Added Small Passive Skills also grant: # to All Attributes`; reach: Intelligence; listed without it by apt, cpp, pob"
pseudo.pseudo_total_intelligence,+# total to Intelligence,"With at least # Intelligence in Radius, #% increased Freezing Pulse Damage if\nyou've Shattered an Enemy Recently",,text-only,-,search/item-facts/data/mod-templates.csv#L2421,6,,L101.1,"family: if or recently, represented by `#% increased Poison Duration if you have at least # Intelligence`; reach: Intelligence; listed without it by apt, cpp, pob"
pseudo.pseudo_total_intelligence,+# total to Intelligence,"With at least # Intelligence in Radius, Freezing Pulse fires # additional Projectiles",,text-only,-,search/item-facts/data/mod-templates.csv#L2422,6,,none: no stat id displays this text,"reach: Intelligence; listed without it by apt, cpp, pob"
pseudo.pseudo_total_intelligence,+# total to Intelligence,"With at least # Intelligence in Radius, Spark fires # additional Projectiles",,text-only,-,search/item-facts/data/mod-templates.csv#L2423,6,,none: no stat id displays this text,"reach: Intelligence; listed without it by apt, cpp, pob"
pseudo.pseudo_total_intelligence,+# total to Intelligence,"With at least # Intelligence in Radius, Spark fires Projectiles in a circle",explicit.stat_935386993,text-only,-,search/item-facts/data/mod-templates.csv#L2424,6,,L139.1,"reach: Intelligence; listed without it by apt, cpp, pob"
pseudo.pseudo_total_intelligence,+# total to Intelligence,# Intelligence Requirement,explicit.stat_2153364323;scourge.stat_2153364323,text-only,-,search/item-facts/data/mod-templates.csv#L2440,5,local_intelligence_requirement_+=local,L140.1,"reach: Intelligence; listed without it by apt, cpp, pob"
pseudo.pseudo_total_intelligence,+# total to Intelligence,# to [Intelligence|Intelligence],crafted.stat_328541901;explicit.stat_328541901;fractured.stat_328541901;implicit.stat_328541901;scourge.stat_328541901,text-only,-,search/item-facts/data/mod-templates.csv#L2452,5,additional_intelligence=not local,L141.1,"reach: Intelligence; listed without it by apt, cpp, pob"
pseudo.pseudo_total_intelligence,+# total to Intelligence,#% increased Lightning Damage per # Intelligence,explicit.stat_990219738,text-only,-,search/item-facts/data/mod-templates.csv#L2474,5,,L116.1,"family: per, represented by `# to Maximum Life per # Intelligence`; reach: Intelligence; listed without it by apt, cpp, pob"
pseudo.pseudo_total_intelligence,+# total to Intelligence,Cannot be Frozen if Dexterity is higher than Intelligence,explicit.stat_3881126302,text-only,-,search/item-facts/data/mod-templates.csv#L2564,5,cannot_be_frozen_with_dex_higher_than_int=not local,L101.1,"family: if or recently, represented by `#% increased Poison Duration if you have at least # Intelligence`; reach: Intelligence; listed without it by apt, cpp, pob"
pseudo.pseudo_total_intelligence,+# total to Intelligence,Cannot be Shocked if Intelligence is higher than Strength,explicit.stat_3024242403,text-only,-,search/item-facts/data/mod-templates.csv#L2566,5,cannot_be_shocked_with_int_higher_than_strength=not local,L101.1,"family: if or recently, represented by `#% increased Poison Duration if you have at least # Intelligence`; reach: Intelligence; listed without it by apt, cpp, pob"
pseudo.pseudo_total_intelligence,+# total to Intelligence,Dexterity from Passives in Radius is Transformed to Intelligence,explicit.stat_2075199521,text-only,-,search/item-facts/data/mod-templates.csv#L2591,5,local_jewel_nearby_passives_dex_to_int=local,L031.3,"family: a passive's grant, represented by `Added Small Passive Skills also grant: # to All Attributes`; reach: Intelligence; listed without it by apt, cpp, pob"
pseudo.pseudo_total_intelligence,+# total to Intelligence,# Intelligence per # Intelligence on Allocated Passives in Radius,explicit.stat_1070347065,text-only,-,search/item-facts/data/mod-templates.csv#L2755,4,,L031.3,"family: a passive's grant, represented by `Added Small Passive Skills also grant: # to All Attributes`; reach: Intelligence; listed without it by apt, cpp, pob"
pseudo.pseudo_total_intelligence,+# total to Intelligence,#% increased Mana Recovery Rate per # Intelligence on Allocated Passives in Radius,explicit.stat_514215387,text-only,-,search/item-facts/data/mod-templates.csv#L2819,4,,L031.3,"family: a passive's grant, represented by `Added Small Passive Skills also grant: # to All Attributes`; reach: Intelligence; listed without it by apt, cpp, pob"
pseudo.pseudo_total_intelligence,+# total to Intelligence,#% increased Mana Reservation Efficiency of Skills per # total Attributes,explicit.stat_1212083058;explicit.stat_2676451350;implicit.stat_1212083058,text-only,-,search/item-facts/data/mod-templates.csv#L2822,4,,L116.1,"family: per, represented by `# to Maximum Life per # Intelligence`; reach: Attributes; listed without it by apt, cpp, pob"
pseudo.pseudo_total_intelligence,+# total to Intelligence,#% reduced Intelligence,explicit.stat_656461285;fractured.stat_656461285;implicit.stat_656461285;scourge.stat_656461285,text-only,-,search/item-facts/data/mod-templates.csv#L2848,4,intelligence_+%=not local,L048.1,"reach: Intelligence; listed without it by apt, cpp, pob"
pseudo.pseudo_total_intelligence,+# total to Intelligence,Adds # to # Lightning Damage to Attacks per # Intelligence,explicit.stat_3168149399;fractured.stat_3168149399,text-only,-,search/item-facts/data/mod-templates.csv#L2902,4,,L116.1,"family: per, represented by `# to Maximum Life per # Intelligence`; reach: Intelligence; listed without it by apt, cpp, pob"
pseudo.pseudo_total_intelligence,+# total to Intelligence,Nearby Allies have #% increased Cast Speed per # Intelligence you have,explicit.stat_2373999301,text-only,-,search/item-facts/data/mod-templates.csv#L3064,4,,L154.1,"represents the family `a minion's or ally's` (2 templates); reach: Intelligence; listed without it by apt, cpp, pob"
pseudo.pseudo_total_intelligence,+# total to Intelligence,"While your Passive Skill Tree connects to a class' starting location, you gain:\nMarauder: Melee Skills have #% increased Area of Effect\nDuelist: #% of Attack Damage Leeched as Life\nRanger: #% increased Movement Speed\nShadow: #% to Critical Strike Chance\nWitch: #% of Mana Regenerated per second\nTemplar: Damage Penetrates #% Elemental Resistances\nScion: # to All Attributes",explicit.stat_769192511,text-only,-,search/item-facts/data/mod-templates.csv#L3164,4,local_unique_jewel_melee_skills_area_of_effect_+%_with_passive_tree_connected_to_marauder_start=local;local_unique_jewel_life_leech_from_attack_damage_permyriad_with_passive_tree_connected_to_duelist_start=local;local_unique_jewel_movement_speed_+%_with_passive_tree_connected_to_ranger_start=local;local_unique_jewel_additional_critical_strike_chance_permyriad_with_passive_tree_connected_to_shadow_start=local;local_unique_jewel_mana_regeneration_rate_per_minute_%_with_passive_tree_connected_to_witch_start=local;local_unique_jewel_elemental_penetration_%_with_passive_tree_connected_to_templar_start=local;local_unique_jewel_additional_all_attributes_with_passive_tree_connected_to_scion_start=local,L092.1,"family: a monster's or an enemy's, represented by `#% increased Area of Effect per # Intelligence`; reach: Attributes; listed without it by apt, cpp, pob"
pseudo.pseudo_total_intelligence,+# total to Intelligence,"With at least # Intelligence in Radius, Frostbolt Projectiles gain #% increased Projectile Speed per second",explicit.stat_2727977666;fractured.stat_2727977666,text-only,-,search/item-facts/data/mod-templates.csv#L3170,4,,L116.1,"family: per, represented by `# to Maximum Life per # Intelligence`; reach: Intelligence; listed without it by apt, cpp, pob"
pseudo.pseudo_total_intelligence,+# total to Intelligence,"With at least # Intelligence in Radius, Frostbolt fires # additional Projectiles",,text-only,-,search/item-facts/data/mod-templates.csv#L3171,4,,none: no stat id displays this text,"reach: Intelligence; listed without it by apt, cpp, pob"
pseudo.pseudo_total_intelligence,+# total to Intelligence,#% increased Critical Strike Chance per # Intelligence,explicit.stat_1861913998,text-only,-,search/item-facts/data/mod-templates.csv#L3258,3,,L116.1,"family: per, represented by `# to Maximum Life per # Intelligence`; reach: Intelligence; listed without it by apt, cpp, pob"
pseudo.pseudo_total_intelligence,+# total to Intelligence,Intelligence from Passives in Radius is Transformed to Strength,explicit.stat_1285587221,text-only,-,search/item-facts/data/mod-templates.csv#L3534,3,local_jewel_nearby_passives_int_to_str=local,L031.3,"family: a passive's grant, represented by `Added Small Passive Skills also grant: # to All Attributes`; reach: Intelligence; listed without it by apt, cpp, pob"
pseudo.pseudo_total_intelligence,+# total to Intelligence,"With at least # Intelligence in Radius, Summon Skeletons can Summon up to # Skeleton Mages",explicit.stat_3088991881,text-only,-,search/item-facts/data/mod-templates.csv#L3686,3,,L154.1,"family: a minion's or ally's, represented by `Nearby Allies have #% increased Cast Speed per # Intelligence you have`; reach: Intelligence; listed without it by apt, cpp, pob"
pseudo.pseudo_total_intelligence,+# total to Intelligence,# Strength and Intelligence Requirement,explicit.stat_4272453892,text-only,-,search/item-facts/data/mod-templates.csv#L3765,2,local_strength_and_intelligence_requirement_+=local,L146.2,"reach: Intelligence; listed without it by apt, cpp, pob"
pseudo.pseudo_total_intelligence,+# total to Intelligence,# to Level of all Intelligence Skill Gems,explicit.stat_493812998,text-only,-,search/item-facts/data/mod-templates.csv#L3784,2,intelligence_skill_gem_level_+=not local,L172.1,"reach: Intelligence; listed without it by apt, cpp, pob"
pseudo.pseudo_total_intelligence,+# total to Intelligence,#% increased Bleeding Duration per # Intelligence,explicit.stat_1030835421,text-only,-,search/item-facts/data/mod-templates.csv#L3856,2,,L116.1,"family: per, represented by `# to Maximum Life per # Intelligence`; reach: Intelligence; listed without it by apt, cpp, pob"
pseudo.pseudo_total_intelligence,+# total to Intelligence,#% reduced Mana Recovery Rate per # Intelligence on Unallocated Passives in Radius,,text-only,-,search/item-facts/data/mod-templates.csv#L3945,2,,L031.3,"family: a passive's grant, represented by `Added Small Passive Skills also grant: # to All Attributes`; reach: Intelligence; listed without it by apt, cpp, pob"
pseudo.pseudo_total_intelligence,+# total to Intelligence,#% to Damage over Time Multiplier per # Intelligence on Unallocated Passives in Radius,explicit.stat_1994121713,text-only,-,search/item-facts/data/mod-templates.csv#L3952,2,,L031.3,"family: a passive's grant, represented by `Added Small Passive Skills also grant: # to All Attributes`; reach: Intelligence; listed without it by apt, cpp, pob"
pseudo.pseudo_total_intelligence,+# total to Intelligence,Adds # to Maximum Life per # Intelligence Allocated in Radius,explicit.stat_2865989731,text-only,-,search/item-facts/data/mod-templates.csv#L4076,2,,L116.1,"family: per, represented by `# to Maximum Life per # Intelligence`; reach: Intelligence; listed without it by apt, cpp, pob"
pseudo.pseudo_total_intelligence,+# total to Intelligence,#% chance to create Profane Ground on Critical\nStrike if Intelligence is your highest Attribute,explicit.stat_2047846165,text-only,-,search/item-facts/data/mod-templates.csv#L4628,1,profane_ground_on_crit_chance_%_if_highest_attribute_is_intelligence=not local,L101.1,"family: if or recently, represented by `#% increased Poison Duration if you have at least # Intelligence`; reach: Intelligence; listed without it by apt, cpp, pob"
pseudo.pseudo_total_intelligence,+# total to Intelligence,#% reduced Attributes,crafted.stat_3143208761;enchant.stat_3143208761;explicit.stat_3143208761;fractured.stat_3143208761;implicit.stat_3143208761,text-only,-,search/item-facts/data/mod-templates.csv#L4795,1,all_attributes_+%=not local,L047.3,"reach: Attributes; listed without it by apt, cpp, pob"
pseudo.pseudo_total_intelligence,+# total to Intelligence,Adds # to # Lightning Damage to Spells per # Intelligence,explicit.stat_254155233,text-only,-,search/item-facts/data/mod-templates.csv#L4959,1,,L116.1,"family: per, represented by `# to Maximum Life per # Intelligence`; reach: Intelligence; listed without it by apt, cpp, pob"
pseudo.pseudo_total_intelligence,+# total to Intelligence,"Corrupts a level # Skill Gem, Imbuing it with a random Intelligence Support effect",,text-only,-,search/item-facts/data/mod-templates.csv#L5151,1,,L212.1,"family: a socketed gem's or skill's, represented by `With # total Strength and Intelligence in Radius, Prismatic Skills deal #% less Cold Damage`; reach: Intelligence; listed without it by apt, cpp, pob"
pseudo.pseudo_total_intelligence,+# total to Intelligence,Intelligence provides no inherent bonus to Maximum Mana,explicit.stat_2546599258,text-only,-,search/item-facts/data/mod-templates.csv#L5313,1,gain_no_maximum_mana_from_intelligence=not local,L207.1,"reach: Intelligence; listed without it by apt, cpp, pob"
pseudo.pseudo_total_intelligence,+# total to Intelligence,Modifiers to Attributes instead apply to Omniscience,explicit.stat_1411347992,text-only,-,search/item-facts/data/mod-templates.csv#L5367,1,modifiers_to_attributes_instead_apply_to_ascendance=not local,L167.3,"reach: Attributes; listed without it by apt, cpp, pob"
pseudo.pseudo_total_intelligence,+# total to Intelligence,Strength from Passives in Radius is Transformed to Intelligence,explicit.stat_3771273420,text-only,-,search/item-facts/data/mod-templates.csv#L5507,1,local_jewel_nearby_passives_str_to_int=local,L031.3,"family: a passive's grant, represented by `Added Small Passive Skills also grant: # to All Attributes`; reach: Intelligence; listed without it by apt, cpp, pob"
pseudo.pseudo_total_intelligence,+# total to Intelligence,"With # total Strength and Intelligence in Radius, Prismatic Skills cannot choose Cold",explicit.stat_2864618930,text-only,-,search/item-facts/data/mod-templates.csv#L5633,1,,L184.2,"reach: Intelligence; listed without it by apt, cpp, pob"
pseudo.pseudo_total_intelligence,+# total to Intelligence,"With # total Strength and Intelligence in Radius, Prismatic Skills deal #% less Cold Damage",explicit.stat_3286480398,text-only,-,search/item-facts/data/mod-templates.csv#L5634,1,,L212.1,"represents the family `a socketed gem's or skill's` (2 templates); reach: Intelligence; listed without it by apt, cpp, pob"
pseudo.pseudo_total_intelligence,+# total to Intelligence,"With at least # Intelligence in Radius, #% of Damage taken Recouped as Mana if you've Warcried Recently",explicit.stat_303219716,text-only,-,search/item-facts/data/mod-templates.csv#L5641,1,,L101.1,"family: if or recently, represented by `#% increased Poison Duration if you have at least # Intelligence`; reach: Intelligence; listed without it by apt, cpp, pob"
pseudo.pseudo_total_intelligence,+# total to Intelligence,"With at least # Intelligence in Radius, Discharge Cooldown is # ms",explicit.stat_1213084913,text-only,-,search/item-facts/data/mod-templates.csv#L5642,1,,L214.1,"reach: Intelligence; listed without it by apt, cpp, pob"
pseudo.pseudo_total_intelligence,+# total to Intelligence,"With at least # Intelligence in Radius, Discharge deals #% less Damage",,text-only,-,search/item-facts/data/mod-templates.csv#L5643,1,,none: no stat id displays this text,"reach: Intelligence; listed without it by apt, cpp, pob"
pseudo.pseudo_total_intelligence,+# total to Intelligence,"With at least # Intelligence in Radius, Discharge has #% less Area of Effect",,text-only,-,search/item-facts/data/mod-templates.csv#L5644,1,,L092.1,"family: a monster's or an enemy's, represented by `#% increased Area of Effect per # Intelligence`; reach: Intelligence; listed without it by apt, cpp, pob"
pseudo.pseudo_total_intelligence,+# total to Intelligence,"With at least # Intelligence in Radius, Fireball cannot ignite",explicit.stat_480975218,text-only,-,search/item-facts/data/mod-templates.csv#L5645,1,,L215.1,"reach: Intelligence; listed without it by apt, cpp, pob"
pseudo.pseudo_total_intelligence,+# total to Intelligence,"With at least # Intelligence in Radius, Fireball has #% chance to inflict scorch",,text-only,-,search/item-facts/data/mod-templates.csv#L5646,1,,none: no stat id displays this text,"reach: Intelligence; listed without it by apt, cpp, pob"
pseudo.pseudo_total_intelligence,+# total to Intelligence,"With at least # Intelligence in Radius, Projectiles gain radius as they travel farther, up to a maximum of # metres to radius",,text-only,-,search/item-facts/data/mod-templates.csv#L5647,1,,none: no stat id displays this text,"reach: Intelligence; listed without it by apt, cpp, pob"
pseudo.pseudo_total_intelligence,+# total to Intelligence,"With at least # Intelligence in Radius, Rolling Magma deals #% less Damage",,text-only,-,search/item-facts/data/mod-templates.csv#L5648,1,,none: no stat id displays this text,"reach: Intelligence; listed without it by apt, cpp, pob"
pseudo.pseudo_total_intelligence,+# total to Intelligence,"With at least # Intelligence in Radius, Rolling Magma deals #% more Damage per Chain",explicit.stat_1141756390,text-only,-,search/item-facts/data/mod-templates.csv#L5649,1,,L116.1,"family: per, represented by `# to Maximum Life per # Intelligence`; reach: Intelligence; listed without it by apt, cpp, pob"
pseudo.pseudo_total_intelligence,+# total to Intelligence,"With at least # Intelligence in Radius, Rolling Magma\nhas #% increased Area of Effect per Chain",,text-only,-,search/item-facts/data/mod-templates.csv#L5650,1,,L092.1,"family: a monster's or an enemy's, represented by `#% increased Area of Effect per # Intelligence`; reach: Intelligence; listed without it by apt, cpp, pob"
pseudo.pseudo_total_intelligence,+# total to Intelligence,"You have Scorching Conflux, Brittle Conflux and Sapping Conflux while your two highest Attributes are equal",explicit.stat_1518701332,text-only,-,search/item-facts/data/mod-templates.csv#L5672,1,gain_scorching_sapping_brittle_confluxes_while_two_highest_attributes_equal=not local,L216.1,"represents the family `while` (1 templates); reach: Attributes; listed without it by apt, cpp, pob"
pseudo.pseudo_total_attack_speed,+#% total Attack Speed,Reinforcements have #% increased Attack Speed,explicit.stat_1339532482;fractured.stat_1339532482,text-only,-,search/item-facts/data/mod-templates.csv#L35,357,heist_reinforcements_attack_speed_+%=not local,L022.1,"represents the family `a minion's or ally's` (16 templates); reach: Attack + Speed; listed without it by apt, cpp"
pseudo.pseudo_total_attack_speed,+#% total Attack Speed,#% increased Monster Attack Speed,explicit.stat_1913583994;fractured.stat_1913583994,text-only,-,search/item-facts/data/mod-templates.csv#L52,283,map_monsters_attack_speed_+%=not local,L026.1,"represents the family `a monster's or an enemy's` (5 templates); reach: Attack + Speed; listed without it by apt, cpp"
pseudo.pseudo_total_attack_speed,+#% total Attack Speed,Unique Boss has #% increased Attack and Cast Speed,explicit.stat_2109106920;fractured.stat_2109106920,text-only,-,search/item-facts/data/mod-templates.csv#L115,185,map_boss_attack_and_cast_speed_+%=not local,L026.1,"family: a monster's or an enemy's, represented by `#% increased Monster Attack Speed`; reach: Attack + Speed; listed without it by apt, cpp"
pseudo.pseudo_total_attack_speed,+#% total Attack Speed,Supported Skills have #% increased Attack Speed,,text-only,-,search/item-facts/data/mod-templates.csv#L255,73,,L209.1,"family: a socketed gem's or skill's, represented by `Socketed Gems have #% more Attack and Cast Speed`; reach: Attack + Speed; listed without it by apt, cpp"
pseudo.pseudo_total_attack_speed,+#% total Attack Speed,#% increased Attack and Cast Speed,crafted.stat_2672805335;explicit.stat_2672805335;fractured.stat_2672805335;implicit.stat_2672805335,text-only,-,search/item-facts/data/mod-templates.csv#L323,65,attack_and_cast_speed_+%=not local,L033.1,"reach: Attack + Speed; listed without it by apt, cpp"
pseudo.pseudo_total_attack_speed,+#% total Attack Speed,Supported Skills have #% less Attack Speed,,text-only,-,search/item-facts/data/mod-templates.csv#L297,61,,L209.1,"family: a socketed gem's or skill's, represented by `Socketed Gems have #% more Attack and Cast Speed`; reach: Attack + Speed; listed without it by apt, cpp"
pseudo.pseudo_total_attack_speed,+#% total Attack Speed,#% reduced Attack Speed,crafted.stat_210067635;crafted.stat_681332047;enchant.stat_210067635;explicit.stat_210067635;explicit.stat_681332047;fractured.stat_210067635;fractured.stat_681332047;implicit.stat_210067635;implicit.stat_681332047;scourge.stat_681332047,text-only,-,search/item-facts/data/mod-templates.csv#L400,50,attack_speed_+%=not local;local_attack_speed_+%=local,L041.1,"reach: Attack + Speed; listed without it by apt, cpp"
pseudo.pseudo_total_attack_speed,+#% total Attack Speed,#% increased Attack Speed during Effect,explicit.stat_968369591;fractured.stat_968369591,text-only,-,search/item-facts/data/mod-templates.csv#L448,39,local_flask_attack_speed_+%_while_healing=local,L049.1,"represents the family `during a flask's effect` (2 templates); reach: Attack + Speed; listed without it by apt, cpp"
pseudo.pseudo_total_attack_speed,+#% total Attack Speed,Grants #% increased Attack Speed,,text-only,-,search/item-facts/data/mod-templates.csv#L498,36,,L209.1,"family: a socketed gem's or skill's, represented by `Socketed Gems have #% more Attack and Cast Speed`; reach: Attack + Speed; listed without it by apt, cpp"
pseudo.pseudo_total_attack_speed,+#% total Attack Speed,You and nearby allies gain #% increased Attack Speed,,text-only,-,search/item-facts/data/mod-templates.csv#L508,36,,L022.1,"family: a minion's or ally's, represented by `Reinforcements have #% increased Attack Speed`; reach: Attack + Speed; listed without it by apt, cpp"
pseudo.pseudo_total_attack_speed,+#% total Attack Speed,Supported Skills have #% increased Attack Speed per Momentum,,text-only,-,search/item-facts/data/mod-templates.csv#L550,33,,L069.1,"family: per, represented by `#% increased Attack Speed per Frenzy Charge`; reach: Attack + Speed; listed without it by apt, cpp"
pseudo.pseudo_total_attack_speed,+#% total Attack Speed,Agony Crawler has #% increased Attack Speed per Virulence you have,,text-only,-,search/item-facts/data/mod-templates.csv#L633,28,,L069.1,"family: per, represented by `#% increased Attack Speed per Frenzy Charge`; reach: Attack + Speed; listed without it by apt, cpp"
pseudo.pseudo_total_attack_speed,+#% total Attack Speed,Supported Skills have #% more Melee Attack Speed,,text-only,-,search/item-facts/data/mod-templates.csv#L669,27,,L209.1,"family: a socketed gem's or skill's, represented by `Socketed Gems have #% more Attack and Cast Speed`; reach: Attack + Speed; listed without it by apt, cpp"
pseudo.pseudo_total_attack_speed,+#% total Attack Speed,Supported Skills have #% less Projectile Attack Speed,,text-only,-,search/item-facts/data/mod-templates.csv#L687,26,,L209.1,"family: a socketed gem's or skill's, represented by `Socketed Gems have #% more Attack and Cast Speed`; reach: Attack + Speed; listed without it by apt, cpp"
pseudo.pseudo_total_attack_speed,+#% total Attack Speed,#% more Attack Speed per Frenzy Charge,,text-only,-,search/item-facts/data/mod-templates.csv#L856,20,active_skill_attack_speed_+%_final_per_frenzy_charge=not local,L069.1,"family: per, represented by `#% increased Attack Speed per Frenzy Charge`; reach: Attack + Speed; listed without it by apt, cpp"
pseudo.pseudo_total_attack_speed,+#% total Attack Speed,Golems grant #% increased Attack and Cast Speed,,text-only,-,search/item-facts/data/mod-templates.csv#L902,19,,L022.1,"family: a minion's or ally's, represented by `Reinforcements have #% increased Attack Speed`; reach: Attack + Speed; listed without it by apt, cpp"
pseudo.pseudo_total_attack_speed,+#% total Attack Speed,#% increased Attack Speed if you've changed Stance Recently,explicit.stat_2188905761,text-only,-,search/item-facts/data/mod-templates.csv#L935,18,attack_speed_+%_if_changed_stance_recently=not local,L068.1,"represents the family `if or recently` (8 templates); reach: Attack + Speed; listed without it by apt, cpp"
pseudo.pseudo_total_attack_speed,+#% total Attack Speed,#% increased Attack Speed per Frenzy Charge,explicit.stat_3548561213;implicit.stat_3548561213,text-only,-,search/item-facts/data/mod-templates.csv#L936,18,attack_speed_+%_per_frenzy_charge=not local;base_attack_speed_+%_per_frenzy_charge=not local,L069.1,"represents the family `per` (10 templates); reach: Attack + Speed; listed without it by apt, cpp"
pseudo.pseudo_total_attack_speed,+#% total Attack Speed,Mirage Archer uses Supported Skill with #% less Attack Speed,,text-only,-,search/item-facts/data/mod-templates.csv#L1016,17,,none: no stat id displays this text,"reach: Attack + Speed; listed without it by apt, cpp"
pseudo.pseudo_total_attack_speed,+#% total Attack Speed,#% increased Attack Speed when on Full Life,explicit.stat_4268321763;implicit.stat_4268321763,text-only,-,search/item-facts/data/mod-templates.csv#L1099,15,attack_speed_+%_when_on_full_life=not local,L074.1,"reach: Attack + Speed; listed without it by apt, cpp"
pseudo.pseudo_total_attack_speed,+#% total Attack Speed,#% increased Attack Speed when on Low Life,explicit.stat_1921572790,text-only,-,search/item-facts/data/mod-templates.csv#L1100,15,attack_speed_+%_when_on_low_life=not local,L075.1,"reach: Attack + Speed; listed without it by apt, cpp"
pseudo.pseudo_total_attack_speed,+#% total Attack Speed,Gloves: (#-#)% increased Attack Speed,,text-only,-,search/item-facts/data/mod-templates.csv#L1147,15,,none: no stat id displays this text,"represents the family `a description` (4 templates); reach: Attack + Speed; listed without it by apt, cpp"
pseudo.pseudo_total_attack_speed,+#% total Attack Speed,Grants Minions #% increased Attack Speed,,text-only,-,search/item-facts/data/mod-templates.csv#L1149,15,,L022.1,"family: a minion's or ally's, represented by `Reinforcements have #% increased Attack Speed`; reach: Attack + Speed; listed without it by apt, cpp"
pseudo.pseudo_total_attack_speed,+#% total Attack Speed,Melee Weapon: (#-#)% increased Attack Speed,,text-only,-,search/item-facts/data/mod-templates.csv#L1160,15,,none: no stat id displays this text,"family: a description, represented by `Gloves: (#-#)% increased Attack Speed`; reach: Attack + Speed; listed without it by apt, cpp"
pseudo.pseudo_total_attack_speed,+#% total Attack Speed,Quiver: (#-#)% increased Attack Speed,,text-only,-,search/item-facts/data/mod-templates.csv#L1167,15,,none: no stat id displays this text,"family: a description, represented by `Gloves: (#-#)% increased Attack Speed`; reach: Attack + Speed; listed without it by apt, cpp"
pseudo.pseudo_total_attack_speed,+#% total Attack Speed,Ranged Weapon: (#-#)% increased Attack Speed,,text-only,-,search/item-facts/data/mod-templates.csv#L1168,15,,none: no stat id displays this text,"family: a description, represented by `Gloves: (#-#)% increased Attack Speed`; reach: Attack + Speed; listed without it by apt, cpp"
pseudo.pseudo_total_attack_speed,+#% total Attack Speed,Minions have #% increased Attack Speed,crafted.stat_3375935924;explicit.stat_3375935924;fractured.stat_3375935924;implicit.stat_3375935924;scourge.stat_3375935924,text-only,-,search/item-facts/data/mod-templates.csv#L1244,14,minion_attack_speed_+%=not local,L022.1,"family: a minion's or ally's, represented by `Reinforcements have #% increased Attack Speed`; reach: Attack + Speed; listed without it by apt, cpp"
pseudo.pseudo_total_attack_speed,+#% total Attack Speed,Minions have #% increased Attack and Cast Speed,explicit.stat_3091578504;fractured.stat_3091578504;implicit.stat_3091578504,text-only,-,search/item-facts/data/mod-templates.csv#L1245,14,minion_attack_and_cast_speed_+%=not local,L022.1,"family: a minion's or ally's, represented by `Reinforcements have #% increased Attack Speed`; reach: Attack + Speed; listed without it by apt, cpp"
pseudo.pseudo_total_attack_speed,+#% total Attack Speed,#% increased Attack Speed with Swords,explicit.stat_3293699237;fractured.stat_3293699237;implicit.stat_3293699237,text-only,-,search/item-facts/data/mod-templates.csv#L1289,13,sword_attack_speed_+%=not local,L083.1,"represents the family `a weapon's or hand's` (11 templates); reach: Attack + Speed; listed without it by apt, cpp"
pseudo.pseudo_total_attack_speed,+#% total Attack Speed,#% increased Attack Speed while Ignited,explicit.stat_2047819517;fractured.stat_2047819517,text-only,-,search/item-facts/data/mod-templates.csv#L1379,12,attack_speed_+%_while_ignited=not local,L085.1,"represents the family `while` (10 templates); reach: Attack + Speed; listed without it by apt, cpp"
pseudo.pseudo_total_attack_speed,+#% total Attack Speed,#% increased Attack Speed with Movement Skills,explicit.stat_3683134121,text-only,-,search/item-facts/data/mod-templates.csv#L1380,12,attack_speed_+%_with_movement_skills=not local,L086.1,"reach: Attack + Speed; listed without it by apt, cpp"
pseudo.pseudo_total_attack_speed,+#% total Attack Speed,#% increased Attack Speed per # Dexterity,explicit.stat_2241560081;explicit.stat_889691035;fractured.stat_2241560081,text-only,-,search/item-facts/data/mod-templates.csv#L1470,11,,L069.1,"family: per, represented by `#% increased Attack Speed per Frenzy Charge`; reach: Attack + Speed; listed without it by apt, cpp"
pseudo.pseudo_total_attack_speed,+#% total Attack Speed,#% increased Attack Speed while holding a Shield,explicit.stat_3805075944;fractured.stat_3805075944,text-only,-,search/item-facts/data/mod-templates.csv#L1471,11,attack_speed_+%_while_holding_shield=not local;shield_attack_speed_+%=not local,L085.1,"family: while, represented by `#% increased Attack Speed while Ignited`; reach: Attack + Speed; listed without it by apt, cpp"
pseudo.pseudo_total_attack_speed,+#% total Attack Speed,#% increased Global Attack Speed per Green Socket,explicit.stat_250876318,text-only,-,search/item-facts/data/mod-templates.csv#L1475,11,global_attack_speed_+%_per_green_socket_on_item=not local,L069.1,"family: per, represented by `#% increased Attack Speed per Frenzy Charge`; reach: Attack + Speed; listed without it by apt, cpp"
pseudo.pseudo_total_attack_speed,+#% total Attack Speed,#% increased Attack Speed while Dual Wielding,explicit.stat_4249220643;fractured.stat_4249220643,text-only,-,search/item-facts/data/mod-templates.csv#L1582,10,attack_speed_while_dual_wielding_+%=not local,L085.1,"family: while, represented by `#% increased Attack Speed while Ignited`; reach: Attack + Speed; listed without it by apt, cpp"
pseudo.pseudo_total_attack_speed,+#% total Attack Speed,#% increased Attack Speed with Bows,explicit.stat_3759735052;fractured.stat_3759735052;implicit.stat_3759735052,text-only,-,search/item-facts/data/mod-templates.csv#L1583,10,bow_attack_speed_+%=not local,L083.1,"family: a weapon's or hand's, represented by `#% increased Attack Speed with Swords`; reach: Attack + Speed; listed without it by apt, cpp"
pseudo.pseudo_total_attack_speed,+#% total Attack Speed,#% increased Attack and Cast Speed per Summoned Raging Spirit,explicit.stat_3133579934,text-only,-,search/item-facts/data/mod-templates.csv#L1584,10,attack_and_cast_speed_+%_per_summoned_raging_spirit=not local,L069.1,"family: per, represented by `#% increased Attack Speed per Frenzy Charge`; reach: Attack + Speed; listed without it by apt, cpp"
pseudo.pseudo_total_attack_speed,+#% total Attack Speed,Supported Skills have #% increased Minion Attack Speed,,text-only,-,search/item-facts/data/mod-templates.csv#L1667,10,,L022.1,"family: a minion's or ally's, represented by `Reinforcements have #% increased Attack Speed`; reach: Attack + Speed; listed without it by apt, cpp"
pseudo.pseudo_total_attack_speed,+#% total Attack Speed,#% increased Minion Attack Speed per # Dexterity,explicit.stat_4047895119;implicit.stat_4047895119,text-only,-,search/item-facts/data/mod-templates.csv#L1713,9,,L022.1,"family: a minion's or ally's, represented by `Reinforcements have #% increased Attack Speed`; reach: Attack + Speed; listed without it by apt, cpp"
pseudo.pseudo_total_attack_speed,+#% total Attack Speed,#% less Attack Speed if Dual Wielding,,text-only,-,search/item-facts/data/mod-templates.csv#L1721,9,viper_strike_dual_wield_attack_speed_+%_final=not local,L068.1,"family: if or recently, represented by `#% increased Attack Speed if you've changed Stance Recently`; reach: Attack + Speed; listed without it by apt, cpp"
pseudo.pseudo_total_attack_speed,+#% total Attack Speed,Buff grants #% increased Attack Speed,,text-only,-,search/item-facts/data/mod-templates.csv#L1754,9,,L209.1,"family: a socketed gem's or skill's, represented by `Socketed Gems have #% more Attack and Cast Speed`; reach: Attack + Speed; listed without it by apt, cpp"
pseudo.pseudo_total_attack_speed,+#% total Attack Speed,#% increased Attack and Cast Speed if you've used a Movement Skill Recently,explicit.stat_2831922878,text-only,-,search/item-facts/data/mod-templates.csv#L1859,8,attack_and_cast_speed_+%_for_4_seconds_on_movement_skill_use=not local,L068.1,"family: if or recently, represented by `#% increased Attack Speed if you've changed Stance Recently`; reach: Attack + Speed; listed without it by apt, cpp"
pseudo.pseudo_total_attack_speed,+#% total Attack Speed,Golems have #% increased Attack and Cast Speed,explicit.stat_56225773,text-only,-,search/item-facts/data/mod-templates.csv#L1945,8,golem_attack_and_cast_speed_+%=not local,L022.1,"family: a minion's or ally's, represented by `Reinforcements have #% increased Attack Speed`; reach: Attack + Speed; listed without it by apt, cpp"
pseudo.pseudo_total_attack_speed,+#% total Attack Speed,#% increased Attack Speed per maximum Totem,,text-only,-,search/item-facts/data/mod-templates.csv#L2050,7,,L022.1,"family: a minion's or ally's, represented by `Reinforcements have #% increased Attack Speed`; reach: Attack + Speed; listed without it by apt, cpp"
pseudo.pseudo_total_attack_speed,+#% total Attack Speed,#% more Attack Speed while you're in a Blood Bladestorm,,text-only,-,search/item-facts/data/mod-templates.csv#L2080,7,,L085.1,"family: while, represented by `#% increased Attack Speed while Ignited`; reach: Attack + Speed; listed without it by apt, cpp"
pseudo.pseudo_total_attack_speed,+#% total Attack Speed,#% increased Attack Speed with One Handed Melee Weapons,explicit.stat_1813451228;fractured.stat_1813451228,text-only,-,search/item-facts/data/mod-templates.csv#L2235,6,one_handed_melee_attack_speed_+%=not local,L083.1,"family: a weapon's or hand's, represented by `#% increased Attack Speed with Swords`; reach: Attack + Speed; listed without it by apt, cpp"
pseudo.pseudo_total_attack_speed,+#% total Attack Speed,#% increased Attack Speed with Two Handed Melee Weapons,explicit.stat_1917910910;fractured.stat_1917910910,text-only,-,search/item-facts/data/mod-templates.csv#L2236,6,two_handed_melee_attack_speed_+%=not local,L083.1,"family: a weapon's or hand's, represented by `#% increased Attack Speed with Swords`; reach: Attack + Speed; listed without it by apt, cpp"
pseudo.pseudo_total_attack_speed,+#% total Attack Speed,#% increased Attack and Cast Speed while at maximum Fortification,explicit.stat_1473444150,text-only,-,search/item-facts/data/mod-templates.csv#L2237,6,attack_and_cast_speed_+%_while_you_have_fortify=not local,L085.1,"family: while, represented by `#% increased Attack Speed while Ignited`; reach: Attack + Speed; listed without it by apt, cpp"
pseudo.pseudo_total_attack_speed,+#% total Attack Speed,#% increased Attack Speed with Axes,explicit.stat_3550868361;fractured.stat_3550868361;implicit.stat_3550868361,text-only,-,search/item-facts/data/mod-templates.csv#L2459,5,axe_attack_speed_+%=not local,L083.1,"family: a weapon's or hand's, represented by `#% increased Attack Speed with Swords`; reach: Attack + Speed; listed without it by apt, cpp"
pseudo.pseudo_total_attack_speed,+#% total Attack Speed,#% increased Attack and Cast Speed if you've Killed Recently,enchant.stat_4135304575,text-only,-,search/item-facts/data/mod-templates.csv#L6298,5,enchantment_boots_attack_and_cast_speed_+%_for_4_seconds_on_kill=not local,L068.1,"family: if or recently, represented by `#% increased Attack Speed if you've changed Stance Recently`; reach: Attack + Speed; listed without it by apt, cpp"
pseudo.pseudo_total_attack_speed,+#% total Attack Speed,#% reduced Attack and Cast Speed per Frenzy Charge,explicit.stat_269590092,text-only,-,search/item-facts/data/mod-templates.csv#L2507,5,attack_and_cast_speed_+%_per_frenzy_charge=not local,L069.1,"family: per, represented by `#% increased Attack Speed per Frenzy Charge`; reach: Attack + Speed; listed without it by apt, cpp"
pseudo.pseudo_total_attack_speed,+#% total Attack Speed,Added Small Passive Skills also grant: #% increased Attack and Cast Speed with Cold Skills,explicit.stat_2054530657;fractured.stat_2054530657,text-only,-,search/item-facts/data/mod-templates.csv#L2534,5,local_affliction_jewel_small_nodes_grant_attack_and_cast_speed_+%_with_cold_skills=local,L102.1,"represents the family `a passive's grant` (9 templates); reach: Attack + Speed; listed without it by apt, cpp"
pseudo.pseudo_total_attack_speed,+#% total Attack Speed,Combat Rush grants #% more Attack Speed to Travel Skills not Supported by Close Combat,,text-only,-,search/item-facts/data/mod-templates.csv#L2571,5,,L209.1,"family: a socketed gem's or skill's, represented by `Socketed Gems have #% more Attack and Cast Speed`; reach: Attack + Speed; listed without it by apt, cpp"
pseudo.pseudo_total_attack_speed,+#% total Attack Speed,"Unique Boss deals #% increased Damage\nUnique Boss has #% increased Attack and Cast Speed\nUnique Boss has #% increased Life\nUnique Boss has #% increased Area of Effect",,text-only,-,search/item-facts/data/mod-templates.csv#L2713,5,,L026.1,"family: a monster's or an enemy's, represented by `#% increased Monster Attack Speed`; reach: Attack + Speed; listed without it by apt, cpp"
pseudo.pseudo_total_attack_speed,+#% total Attack Speed,#% increased Attack Speed if you haven't gained a Frenzy Charge Recently,explicit.stat_749465463,text-only,-,search/item-facts/data/mod-templates.csv#L2795,4,attack_speed_+%_if_not_gained_frenzy_charge_recently=not local,L068.1,"family: if or recently, represented by `#% increased Attack Speed if you've changed Stance Recently`; reach: Attack + Speed; listed without it by apt, cpp"
pseudo.pseudo_total_attack_speed,+#% total Attack Speed,#% increased Attack Speed with Daggers,explicit.stat_2538566497;fractured.stat_2538566497;implicit.stat_2538566497,text-only,-,search/item-facts/data/mod-templates.csv#L2796,4,dagger_attack_speed_+%=not local,L083.1,"family: a weapon's or hand's, represented by `#% increased Attack Speed with Swords`; reach: Attack + Speed; listed without it by apt, cpp"
pseudo.pseudo_total_attack_speed,+#% total Attack Speed,#% increased Attack Speed with Wands,explicit.stat_3720627346;fractured.stat_3720627346;implicit.stat_3720627346,text-only,-,search/item-facts/data/mod-templates.csv#L2797,4,wand_attack_speed_+%=not local,L083.1,"family: a weapon's or hand's, represented by `#% increased Attack Speed with Swords`; reach: Attack + Speed; listed without it by apt, cpp"
pseudo.pseudo_total_attack_speed,+#% total Attack Speed,Increases and Reductions to Cast Speed apply to Attack Speed,explicit.stat_4126447694,text-only,-,search/item-facts/data/mod-templates.csv#L3031,4,unique_helmet_cast_speed_+%_applies_to_attack_speed_at_%_of_original_value=not local,L126.1,"reach: Attack + Speed; listed without it by apt, cpp"
pseudo.pseudo_total_attack_speed,+#% total Attack Speed,Minions have #% increased Attack and Cast Speed if you or your Minions have Killed Recently,explicit.stat_4227567885;fractured.stat_4227567885,text-only,-,search/item-facts/data/mod-templates.csv#L3051,4,minion_attack_and_cast_speed_+%_if_you_or_minions_have_killed_enemy_recently=not local,L022.1,"family: a minion's or ally's, represented by `Reinforcements have #% increased Attack Speed`; reach: Attack + Speed; listed without it by apt, cpp"
pseudo.pseudo_total_attack_speed,+#% total Attack Speed,Minions have #% more Attack Speed,,text-only,-,search/item-facts/data/mod-templates.csv#L3053,4,,L022.1,"family: a minion's or ally's, represented by `Reinforcements have #% increased Attack Speed`; reach: Attack + Speed; listed without it by apt, cpp"
pseudo.pseudo_total_attack_speed,+#% total Attack Speed,Supported Skills have #% increased Attack Speed while you have at least # Rage,,text-only,-,search/item-facts/data/mod-templates.csv#L3127,4,,L085.1,"family: while, represented by `#% increased Attack Speed while Ignited`; reach: Attack + Speed; listed without it by apt, cpp"
pseudo.pseudo_total_attack_speed,+#% total Attack Speed,Supported Skills have #% more Attack Speed,,text-only,-,search/item-facts/data/mod-templates.csv#L3131,4,,L209.1,"family: a socketed gem's or skill's, represented by `Socketed Gems have #% more Attack and Cast Speed`; reach: Attack + Speed; listed without it by apt, cpp"
pseudo.pseudo_total_attack_speed,+#% total Attack Speed,"While your Passive Skill Tree connects to a class' starting location, you gain:\nMarauder: Melee Skills have #% increased Area of Effect\nDuelist: #% of Attack Damage Leeched as Life\nRanger: #% increased Movement Speed\nShadow: #% to Critical Strike Chance\nWitch: #% of Mana Regenerated per second\nTemplar: Damage Penetrates #% Elemental Resistances\nScion: # to All Attributes",explicit.stat_769192511,text-only,-,search/item-facts/data/mod-templates.csv#L3164,4,local_unique_jewel_melee_skills_area_of_effect_+%_with_passive_tree_connected_to_marauder_start=local;local_unique_jewel_life_leech_from_attack_damage_permyriad_with_passive_tree_connected_to_duelist_start=local;local_unique_jewel_movement_speed_+%_with_passive_tree_connected_to_ranger_start=local;local_unique_jewel_additional_critical_strike_chance_permyriad_with_passive_tree_connected_to_shadow_start=local;local_unique_jewel_mana_regeneration_rate_per_minute_%_with_passive_tree_connected_to_witch_start=local;local_unique_jewel_elemental_penetration_%_with_passive_tree_connected_to_templar_start=local;local_unique_jewel_additional_all_attributes_with_passive_tree_connected_to_scion_start=local,L026.1,"family: a monster's or an enemy's, represented by `#% increased Monster Attack Speed`; reach: Attack + Speed; listed without it by apt, cpp"
pseudo.pseudo_total_attack_speed,+#% total Attack Speed,#% increased Attack Speed during any Flask Effect,explicit.stat_1365052901;fractured.stat_1365052901;implicit.stat_1365052901,text-only,-,search/item-facts/data/mod-templates.csv#L5971,3,attack_speed_+%_during_flask_effect=not local,L049.1,"family: during a flask's effect, represented by `#% increased Attack Speed during Effect`; reach: Attack + Speed; listed without it by apt, cpp"
pseudo.pseudo_total_attack_speed,+#% total Attack Speed,#% increased Attack Speed per #% Quality,enchant.stat_3331111689,text-only,-,search/item-facts/data/mod-templates.csv#L6327,3,,L069.1,"family: per, represented by `#% increased Attack Speed per Frenzy Charge`; reach: Attack + Speed; listed without it by apt, cpp"
pseudo.pseudo_total_attack_speed,+#% total Attack Speed,#% increased Attack Speed with Maces or Sceptres,explicit.stat_2515515064;fractured.stat_2515515064;implicit.stat_2515515064,text-only,-,search/item-facts/data/mod-templates.csv#L3248,3,mace_attack_speed_+%=not local,L083.1,"family: a weapon's or hand's, represented by `#% increased Attack Speed with Swords`; reach: Attack + Speed; listed without it by apt, cpp"
pseudo.pseudo_total_attack_speed,+#% total Attack Speed,#% increased Attack Speed with Staves,explicit.stat_1394963553;fractured.stat_1394963553;implicit.stat_1394963553,text-only,-,search/item-facts/data/mod-templates.csv#L3249,3,staff_attack_speed_+%=not local,L083.1,"family: a weapon's or hand's, represented by `#% increased Attack Speed with Swords`; reach: Attack + Speed; listed without it by apt, cpp"
pseudo.pseudo_total_attack_speed,+#% total Attack Speed,#% increased Attack and Cast Speed while Physical Aegis is depleted,explicit.stat_232331266,text-only,-,search/item-facts/data/mod-templates.csv#L3250,3,attack_and_cast_speed_+%_while_you_have_depleted_physical_aegis=not local,L085.1,"family: while, represented by `#% increased Attack Speed while Ignited`; reach: Attack + Speed; listed without it by apt, cpp"
pseudo.pseudo_total_attack_speed,+#% total Attack Speed,Added Small Passive Skills also grant: #% increased Attack and Cast Speed with Chaos Skills,explicit.stat_3692167527;fractured.stat_3692167527,text-only,-,search/item-facts/data/mod-templates.csv#L3408,3,local_affliction_jewel_small_nodes_grant_attack_and_cast_speed_+%_with_chaos_skills=local,L102.1,"family: a passive's grant, represented by `Added Small Passive Skills also grant: #% increased Attack and Cast Speed with Cold Skills`; reach: Attack + Speed; listed without it by apt, cpp"
pseudo.pseudo_total_attack_speed,+#% total Attack Speed,Added Small Passive Skills also grant: #% increased Attack and Cast Speed with Physical Skills,explicit.stat_1903097619;fractured.stat_1903097619,text-only,-,search/item-facts/data/mod-templates.csv#L3409,3,local_affliction_jewel_small_nodes_grant_attack_and_cast_speed_+%_with_physical_skills=local,L102.1,"family: a passive's grant, represented by `Added Small Passive Skills also grant: #% increased Attack and Cast Speed with Cold Skills`; reach: Attack + Speed; listed without it by apt, cpp"
pseudo.pseudo_total_attack_speed,+#% total Attack Speed,Added Small Passive Skills also grant: Minions have #% increased Attack and Cast Speed,explicit.stat_2310019673;fractured.stat_2310019673,text-only,-,search/item-facts/data/mod-templates.csv#L3410,3,local_affliction_jewel_small_nodes_grant_minion_attack_and_cast_speed_+%=local,L102.1,"family: a passive's grant, represented by `Added Small Passive Skills also grant: #% increased Attack and Cast Speed with Cold Skills`; reach: Attack + Speed; listed without it by apt, cpp"
pseudo.pseudo_total_attack_speed,+#% total Attack Speed,#% increased Attack Speed if you've Killed Recently,explicit.stat_1507059769;fractured.stat_1507059769,text-only,-,search/item-facts/data/mod-templates.csv#L3850,2,attack_speed_+%_if_enemy_killed_recently=not local,L068.1,"family: if or recently, represented by `#% increased Attack Speed if you've changed Stance Recently`; reach: Attack + Speed; listed without it by apt, cpp"
pseudo.pseudo_total_attack_speed,+#% total Attack Speed,#% increased Attack Speed if you've dealt a Critical Strike Recently,explicit.stat_1585344030;fractured.stat_1585344030,text-only,-,search/item-facts/data/mod-templates.csv#L3851,2,attack_speed_+%_if_have_crit_recently=not local,L068.1,"family: if or recently, represented by `#% increased Attack Speed if you've changed Stance Recently`; reach: Attack + Speed; listed without it by apt, cpp"
pseudo.pseudo_total_attack_speed,+#% total Attack Speed,#% increased Attack Speed if you've taken a Savage Hit Recently,explicit.stat_3842406602,text-only,-,search/item-facts/data/mod-templates.csv#L3852,2,gain_attack_speed_+%_for_4_seconds_if_taken_savage_hit=not local,L068.1,"family: if or recently, represented by `#% increased Attack Speed if you've changed Stance Recently`; reach: Attack + Speed; listed without it by apt, cpp"
pseudo.pseudo_total_attack_speed,+#% total Attack Speed,#% increased Attack Speed with Claws,explicit.stat_1421645223;fractured.stat_1421645223;implicit.stat_1421645223,text-only,-,search/item-facts/data/mod-templates.csv#L3853,2,claw_attack_speed_+%=not local,L083.1,"family: a weapon's or hand's, represented by `#% increased Attack Speed with Swords`; reach: Attack + Speed; listed without it by apt, cpp"
pseudo.pseudo_total_attack_speed,+#% total Attack Speed,#% increased Attack and Cast Speed while Focused,crafted.stat_2628163981;explicit.stat_2628163981;fractured.stat_2628163981,text-only,-,search/item-facts/data/mod-templates.csv#L3854,2,attack_and_cast_speed_+%_while_focused=not local,L085.1,"family: while, represented by `#% increased Attack Speed while Ignited`; reach: Attack + Speed; listed without it by apt, cpp"
pseudo.pseudo_total_attack_speed,+#% total Attack Speed,#% increased [Attack] Speed,crafted.stat_210067635;crafted.stat_681332047;enchant.stat_210067635;explicit.stat_210067635;explicit.stat_681332047;fractured.stat_210067635;fractured.stat_681332047;implicit.stat_210067635;implicit.stat_681332047;scourge.stat_681332047,text-only,-,search/item-facts/data/mod-templates.csv#L3914,2,attack_speed_+%=not local;local_attack_speed_+%=local,L041.1,"reach: Attack + Speed; listed without it by apt, cpp"
pseudo.pseudo_total_attack_speed,+#% total Attack Speed,Added Small Passive Skills also grant: #% increased Attack and Cast Speed with Elemental Skills,explicit.stat_2699118751;fractured.stat_2699118751,text-only,-,search/item-facts/data/mod-templates.csv#L4064,2,local_affliction_jewel_small_nodes_grant_attack_and_cast_speed_+%_with_elemental_skills=local,L102.1,"family: a passive's grant, represented by `Added Small Passive Skills also grant: #% increased Attack and Cast Speed with Cold Skills`; reach: Attack + Speed; listed without it by apt, cpp"
pseudo.pseudo_total_attack_speed,+#% total Attack Speed,"If you've Warcried Recently, you and nearby allies have #% increased Attack, Cast and Movement Speed",explicit.stat_1464115829,text-only,-,search/item-facts/data/mod-templates.csv#L4259,2,guardian_warcry_grant_attack_cast_and_movement_speed_to_you_and_nearby_allies_+%=not local,L022.1,"family: a minion's or ally's, represented by `Reinforcements have #% increased Attack Speed`; reach: Attack + Speed; listed without it by apt, cpp"
pseudo.pseudo_total_attack_speed,+#% total Attack Speed,Passive Skills in Radius also grant: #% increased Unarmed Attack Speed with Melee Skills,explicit.stat_3087912144,text-only,-,search/item-facts/data/mod-templates.csv#L4339,2,local_unique_jewel_skills_in_radius_grant_%_unarmed_melee_attack_speed=local,L102.1,"family: a passive's grant, represented by `Added Small Passive Skills also grant: #% increased Attack and Cast Speed with Cold Skills`; reach: Attack + Speed; listed without it by apt, cpp"
pseudo.pseudo_total_attack_speed,+#% total Attack Speed,Siege Ballista has #% increased Attack Speed,enchant.stat_444858149,text-only,-,search/item-facts/data/mod-templates.csv#L6451,2,siege_ballista_attack_speed_+%=not local,L183.1,"reach: Attack + Speed; listed without it by apt, cpp"
pseudo.pseudo_total_attack_speed,+#% total Attack Speed,Socketed Golem Skills have #% increased Attack and Cast Speed,explicit.stat_706212417,text-only,-,search/item-facts/data/mod-templates.csv#L4395,2,local_display_socketed_golem_attack_and_cast_speed_+%=not local,L022.1,"family: a minion's or ally's, represented by `Reinforcements have #% increased Attack Speed`; reach: Attack + Speed; listed without it by apt, cpp"
pseudo.pseudo_total_attack_speed,+#% total Attack Speed,#% increased Attack Speed for each Map Item Modifier affecting the Area,explicit.stat_2025297472,text-only,-,search/item-facts/data/mod-templates.csv#L4669,1,attack_speed_+%_per_explicit_map_mod_affecting_area=not local,L069.1,"family: per, represented by `#% increased Attack Speed per Frenzy Charge`; reach: Attack + Speed; listed without it by apt, cpp"
pseudo.pseudo_total_attack_speed,+#% total Attack Speed,#% increased Attack Speed while a Rare or Unique Enemy is Nearby,crafted.stat_314741699;explicit.stat_314741699;fractured.stat_314741699,text-only,-,search/item-facts/data/mod-templates.csv#L4670,1,attack_speed_+%_if_rare_or_unique_enemy_nearby=not local,L085.1,"family: while, represented by `#% increased Attack Speed while Ignited`; reach: Attack + Speed; listed without it by apt, cpp"
pseudo.pseudo_total_attack_speed,+#% total Attack Speed,#% increased Attack and Movement Speed while you have a Bestial Minion,explicit.stat_3597737983,text-only,-,search/item-facts/data/mod-templates.csv#L4671,1,attack_and_movement_speed_+%_if_you_have_beast_minion=not local,L022.1,"family: a minion's or ally's, represented by `Reinforcements have #% increased Attack Speed`; reach: Attack + Speed; listed without it by apt, cpp"
pseudo.pseudo_total_attack_speed,+#% total Attack Speed,#% increased Dual Strike Attack Speed,enchant.stat_1917107304,text-only,-,search/item-facts/data/mod-templates.csv#L6492,1,dual_strike_attack_speed_+%=not local,L186.1,"reach: Attack + Speed; listed without it by apt, cpp"
pseudo.pseudo_total_attack_speed,+#% total Attack Speed,"#% increased Experience Gain\n#% increased Reward progress from Monster Kills\nMonsters deal #% increased Damage\nMonsters have #% increased Toughness for each time they have been Revived\nMonsters have #% increased Attack and Cast Speed for each time they have been Revived",,text-only,-,search/item-facts/data/mod-templates.csv#L4711,1,,L026.1,"family: a monster's or an enemy's, represented by `#% increased Monster Attack Speed`; reach: Attack + Speed; listed without it by apt, cpp"
pseudo.pseudo_total_attack_speed,+#% total Attack Speed,#% increased Leap Slam Attack Speed,enchant.stat_3730999759,text-only,-,search/item-facts/data/mod-templates.csv#L6525,1,leap_slam_attack_speed_+%=not local,L187.1,"reach: Attack + Speed; listed without it by apt, cpp"
pseudo.pseudo_total_attack_speed,+#% total Attack Speed,#% increased Melee Weapon Attack Speed,explicit.stat_2038105340,text-only,-,search/item-facts/data/mod-templates.csv#L4723,1,,L189.1,"reach: Attack + Speed; listed without it by apt, cpp"
pseudo.pseudo_total_attack_speed,+#% total Attack Speed,#% increased Minion Attack and Cast Speed per # Devotion,explicit.stat_3808469650,text-only,-,search/item-facts/data/mod-templates.csv#L4725,1,,L022.1,"family: a minion's or ally's, represented by `Reinforcements have #% increased Attack Speed`; reach: Attack + Speed; listed without it by apt, cpp"
pseudo.pseudo_total_attack_speed,+#% total Attack Speed,#% increased Rain of Arrows Attack Speed,enchant.stat_3825617457,text-only,-,search/item-facts/data/mod-templates.csv#L6533,1,rain_of_arrows_attack_speed_+%=not local,L192.1,"reach: Attack + Speed; listed without it by apt, cpp"
pseudo.pseudo_total_attack_speed,+#% total Attack Speed,#% increased Shield Crush Attack Speed,enchant.stat_1948292587,text-only,-,search/item-facts/data/mod-templates.csv#L6540,1,shield_crush_attack_speed_+%=not local,L193.1,"reach: Attack + Speed; listed without it by apt, cpp"
pseudo.pseudo_total_attack_speed,+#% total Attack Speed,#% increased Skeleton Attack Speed,explicit.stat_3413085237,text-only,-,search/item-facts/data/mod-templates.csv#L4743,1,skeleton_attack_speed_+%=not local,L194.1,"reach: Attack + Speed; listed without it by apt, cpp"
pseudo.pseudo_total_attack_speed,+#% total Attack Speed,#% more Attack Speed with Unarmed Melee Attacks,explicit.stat_906039557,text-only,-,search/item-facts/data/mod-templates.csv#L4772,1,unique_body_armour_unarmed_melee_attack_speed_+%_final=not local,L083.1,"family: a weapon's or hand's, represented by `#% increased Attack Speed with Swords`; reach: Attack + Speed; listed without it by apt, cpp"
pseudo.pseudo_total_attack_speed,+#% total Attack Speed,#% reduced Attack Speed while Phasing,explicit.stat_2752264922,text-only,-,search/item-facts/data/mod-templates.csv#L4794,1,attack_speed_+%_while_phasing=not local,L085.1,"family: while, represented by `#% increased Attack Speed while Ignited`; reach: Attack + Speed; listed without it by apt, cpp"
pseudo.pseudo_total_attack_speed,+#% total Attack Speed,Added Small Passive Skills also grant: #% increased Attack Speed,explicit.stat_1411310186;fractured.stat_1411310186,text-only,-,search/item-facts/data/mod-templates.csv#L4945,1,local_affliction_jewel_small_nodes_grant_attack_speed_+%=local,L102.1,"family: a passive's grant, represented by `Added Small Passive Skills also grant: #% increased Attack and Cast Speed with Cold Skills`; reach: Attack + Speed; listed without it by apt, cpp"
pseudo.pseudo_total_attack_speed,+#% total Attack Speed,Added Small Passive Skills also grant: #% increased Attack and Cast Speed with Fire Skills,explicit.stat_1849042097;fractured.stat_1849042097,text-only,-,search/item-facts/data/mod-templates.csv#L4946,1,local_affliction_jewel_small_nodes_grant_attack_and_cast_speed_+%_with_fire_skills=local,L102.1,"family: a passive's grant, represented by `Added Small Passive Skills also grant: #% increased Attack and Cast Speed with Cold Skills`; reach: Attack + Speed; listed without it by apt, cpp"
pseudo.pseudo_total_attack_speed,+#% total Attack Speed,Added Small Passive Skills also grant: #% increased Attack and Cast Speed with Lightning Skills,explicit.stat_201731102;fractured.stat_201731102,text-only,-,search/item-facts/data/mod-templates.csv#L4947,1,local_affliction_jewel_small_nodes_grant_attack_and_cast_speed_+%_with_lightning_skills=local,L102.1,"family: a passive's grant, represented by `Added Small Passive Skills also grant: #% increased Attack and Cast Speed with Cold Skills`; reach: Attack + Speed; listed without it by apt, cpp"
pseudo.pseudo_total_attack_speed,+#% total Attack Speed,Blink Arrow and Blink Arrow Clones have #% increased Attack Speed,enchant.stat_1554597333,text-only,-,search/item-facts/data/mod-templates.csv#L6706,1,blink_arrow_and_blink_arrow_clone_attack_speed_+%=not local,L200.1,"reach: Attack + Speed; listed without it by apt, cpp"
pseudo.pseudo_total_attack_speed,+#% total Attack Speed,Blood Rage grants additional #% increased Attack Speed,enchant.stat_3418033798,text-only,-,search/item-facts/data/mod-templates.csv#L6709,1,blood_rage_grants_additional_attack_speed_+%=not local,L201.1,"reach: Attack + Speed; listed without it by apt, cpp"
pseudo.pseudo_total_attack_speed,+#% total Attack Speed,Energy Blades have #% increased Attack Speed,enchant.stat_1217516474,text-only,-,search/item-facts/data/mod-templates.csv#L6728,1,storm_blade_has_local_attack_speed_+%=not local,L202.1,"reach: Attack + Speed; listed without it by apt, cpp"
pseudo.pseudo_total_attack_speed,+#% total Attack Speed,Gloves: Socketed Gems have #% more Attack and Cast Speed,,text-only,-,search/item-facts/data/mod-templates.csv#L5246,1,,L209.1,"family: a socketed gem's or skill's, represented by `Socketed Gems have #% more Attack and Cast Speed`; reach: Attack + Speed; listed without it by apt, cpp"
pseudo.pseudo_total_attack_speed,+#% total Attack Speed,Mirror Arrow and Mirror Arrow Clones have #% increased Attack Speed,enchant.stat_3653459847,text-only,-,search/item-facts/data/mod-templates.csv#L6765,1,mirror_arrow_and_mirror_arrow_clone_attack_speed_+%=not local,L208.1,"reach: Attack + Speed; listed without it by apt, cpp"
pseudo.pseudo_total_attack_speed,+#% total Attack Speed,Socketed Gems have #% more Attack and Cast Speed,explicit.stat_346351023;fractured.stat_346351023,text-only,-,search/item-facts/data/mod-templates.csv#L5498,1,local_display_socketed_gems_attack_and_cast_speed_+%_final=local,L209.1,"represents the family `a socketed gem's or skill's` (10 templates); reach: Attack + Speed; listed without it by apt, cpp"
pseudo.pseudo_total_cast_speed,+#% total Cast Speed,Reinforcements have #% increased Cast Speed,explicit.stat_1843941387;fractured.stat_1843941387,text-only,-,search/item-facts/data/mod-templates.csv#L36,357,heist_reinforcements_cast_speed_+%=not local,L023.1,"represents the family `a minion's or ally's` (13 templates); reach: Cast + Speed; listed without it by apt, cpp"
pseudo.pseudo_total_cast_speed,+#% total Cast Speed,#% increased Monster Cast Speed,explicit.stat_2488361432;fractured.stat_2488361432,text-only,-,search/item-facts/data/mod-templates.csv#L53,283,map_monsters_cast_speed_+%=not local,L027.1,"represents the family `a monster's or an enemy's` (5 templates); reach: Cast + Speed; listed without it by apt, cpp"
pseudo.pseudo_total_cast_speed,+#% total Cast Speed,Unique Boss has #% increased Attack and Cast Speed,explicit.stat_2109106920;fractured.stat_2109106920,text-only,-,search/item-facts/data/mod-templates.csv#L115,185,map_boss_attack_and_cast_speed_+%=not local,L027.1,"family: a monster's or an enemy's, represented by `#% increased Monster Cast Speed`; reach: Cast + Speed; listed without it by apt, cpp"
pseudo.pseudo_total_cast_speed,+#% total Cast Speed,Increases and Reductions to Cast Speed also apply to this Skill's Activation frequency,,text-only,-,search/item-facts/data/mod-templates.csv#L215,86,,none: no stat id displays this text,"reach: Cast + Speed; listed without it by apt, cpp"
pseudo.pseudo_total_cast_speed,+#% total Cast Speed,#% increased Attack and Cast Speed,crafted.stat_2672805335;explicit.stat_2672805335;fractured.stat_2672805335;implicit.stat_2672805335,text-only,-,search/item-facts/data/mod-templates.csv#L323,65,attack_and_cast_speed_+%=not local,L033.2,"reach: Cast + Speed; listed without it by apt, cpp"
pseudo.pseudo_total_cast_speed,+#% total Cast Speed,Supported Skills have #% increased Cast Speed,,text-only,-,search/item-facts/data/mod-templates.csv#L363,49,,L153.1,"family: a socketed gem's or skill's, represented by `Curse Skills have #% increased Cast Speed`; reach: Cast + Speed; listed without it by apt, cpp"
pseudo.pseudo_total_cast_speed,+#% total Cast Speed,This Spell's Cast Speed cannot be modified,,text-only,-,search/item-facts/data/mod-templates.csv#L411,44,,none: no stat id displays this text,"reach: Cast + Speed; listed without it by apt, cpp"
pseudo.pseudo_total_cast_speed,+#% total Cast Speed,#% reduced Cast Speed,crafted.stat_2891184298;enchant.stat_2891184298;explicit.stat_2891184298;fractured.stat_2891184298;implicit.stat_2891184298;scourge.stat_2891184298,text-only,-,search/item-facts/data/mod-templates.csv#L474,37,base_cast_speed_+%=not local,L050.1,"reach: Cast + Speed; listed without it by apt, cpp"
pseudo.pseudo_total_cast_speed,+#% total Cast Speed,Arcane Surge grants #% increased Cast Speed\nArcane Surge grants #% increased Mana Regeneration rate,,text-only,-,search/item-facts/data/mod-templates.csv#L490,36,,none: no stat id displays this text,"reach: Cast + Speed; listed without it by apt, cpp"
pseudo.pseudo_total_cast_speed,+#% total Cast Speed,You and nearby allies gain #% increased Cast Speed,,text-only,-,search/item-facts/data/mod-templates.csv#L509,36,,L023.1,"family: a minion's or ally's, represented by `Reinforcements have #% increased Cast Speed`; reach: Cast + Speed; listed without it by apt, cpp"
pseudo.pseudo_total_cast_speed,+#% total Cast Speed,#% increased Cast Speed during Effect,explicit.stat_3256116097;fractured.stat_3256116097,text-only,-,search/item-facts/data/mod-templates.csv#L582,30,local_flask_cast_speed_+%_while_healing=local,L053.1,"represents the family `during a flask's effect` (2 templates); reach: Cast + Speed; listed without it by apt, cpp"
pseudo.pseudo_total_cast_speed,+#% total Cast Speed,Golems grant #% increased Attack and Cast Speed,,text-only,-,search/item-facts/data/mod-templates.csv#L902,19,,L023.1,"family: a minion's or ally's, represented by `Reinforcements have #% increased Cast Speed`; reach: Cast + Speed; listed without it by apt, cpp"
pseudo.pseudo_total_cast_speed,+#% total Cast Speed,Supported Skills have #% more Cast Speed,,text-only,-,search/item-facts/data/mod-templates.csv#L974,18,,L153.1,"family: a socketed gem's or skill's, represented by `Curse Skills have #% increased Cast Speed`; reach: Cast + Speed; listed without it by apt, cpp"
pseudo.pseudo_total_cast_speed,+#% total Cast Speed,Supported Skills have #% less Cast Speed,,text-only,-,search/item-facts/data/mod-templates.csv#L1040,17,,L153.1,"family: a socketed gem's or skill's, represented by `Curse Skills have #% increased Cast Speed`; reach: Cast + Speed; listed without it by apt, cpp"
pseudo.pseudo_total_cast_speed,+#% total Cast Speed,Amulet: (#-#)% increased Cast Speed,,text-only,-,search/item-facts/data/mod-templates.csv#L1116,15,,none: no stat id displays this text,"represents the family `a description` (4 templates); reach: Cast + Speed; listed without it by apt, cpp"
pseudo.pseudo_total_cast_speed,+#% total Cast Speed,Grants Minions #% increased Cast Speed,,text-only,-,search/item-facts/data/mod-templates.csv#L1150,15,,L023.1,"family: a minion's or ally's, represented by `Reinforcements have #% increased Cast Speed`; reach: Cast + Speed; listed without it by apt, cpp"
pseudo.pseudo_total_cast_speed,+#% total Cast Speed,Ring: (#-#)% increased Cast Speed,,text-only,-,search/item-facts/data/mod-templates.csv#L1169,15,,none: no stat id displays this text,"family: a description, represented by `Amulet: (#-#)% increased Cast Speed`; reach: Cast + Speed; listed without it by apt, cpp"
pseudo.pseudo_total_cast_speed,+#% total Cast Speed,Minions have #% increased Attack and Cast Speed,explicit.stat_3091578504;fractured.stat_3091578504;implicit.stat_3091578504,text-only,-,search/item-facts/data/mod-templates.csv#L1245,14,minion_attack_and_cast_speed_+%=not local,L023.1,"family: a minion's or ally's, represented by `Reinforcements have #% increased Cast Speed`; reach: Cast + Speed; listed without it by apt, cpp"
pseudo.pseudo_total_cast_speed,+#% total Cast Speed,Minions have #% increased Cast Speed,crafted.stat_4000101551;explicit.stat_4000101551;fractured.stat_4000101551;implicit.stat_4000101551;scourge.stat_4000101551,text-only,-,search/item-facts/data/mod-templates.csv#L1337,13,minion_cast_speed_+%=not local,L023.1,"family: a minion's or ally's, represented by `Reinforcements have #% increased Cast Speed`; reach: Cast + Speed; listed without it by apt, cpp"
pseudo.pseudo_total_cast_speed,+#% total Cast Speed,#% increased Cast Speed while Ignited,explicit.stat_3660039923,text-only,-,search/item-facts/data/mod-templates.csv#L1381,12,cast_speed_+%_while_ignited=not local,L087.1,"represents the family `while` (8 templates); reach: Cast + Speed; listed without it by apt, cpp"
pseudo.pseudo_total_cast_speed,+#% total Cast Speed,#% increased Attack and Cast Speed per Summoned Raging Spirit,explicit.stat_3133579934,text-only,-,search/item-facts/data/mod-templates.csv#L1584,10,attack_and_cast_speed_+%_per_summoned_raging_spirit=not local,L099.1,"represents the family `per` (3 templates); reach: Cast + Speed; listed without it by apt, cpp"
pseudo.pseudo_total_cast_speed,+#% total Cast Speed,Supported Skills have #% increased Minion Cast Speed,,text-only,-,search/item-facts/data/mod-templates.csv#L1668,10,,L023.1,"family: a minion's or ally's, represented by `Reinforcements have #% increased Cast Speed`; reach: Cast + Speed; listed without it by apt, cpp"
pseudo.pseudo_total_cast_speed,+#% total Cast Speed,#% increased Cast Speed per Power Charge,explicit.stat_1604393896,text-only,-,search/item-facts/data/mod-templates.csv#L1704,9,cast_speed_+%_per_power_charge=not local,L099.1,"family: per, represented by `#% increased Attack and Cast Speed per Summoned Raging Spirit`; reach: Cast + Speed; listed without it by apt, cpp"
pseudo.pseudo_total_cast_speed,+#% total Cast Speed,One Handed Weapon: (#-#)% increased Cast Speed,,text-only,-,search/item-facts/data/mod-templates.csv#L1785,9,,none: no stat id displays this text,"family: a description, represented by `Amulet: (#-#)% increased Cast Speed`; reach: Cast + Speed; listed without it by apt, cpp"
pseudo.pseudo_total_cast_speed,+#% total Cast Speed,Two Handed Weapon: (#-#)% increased Cast Speed,,text-only,-,search/item-facts/data/mod-templates.csv#L1823,9,,none: no stat id displays this text,"family: a description, represented by `Amulet: (#-#)% increased Cast Speed`; reach: Cast + Speed; listed without it by apt, cpp"
pseudo.pseudo_total_cast_speed,+#% total Cast Speed,#% increased Attack and Cast Speed if you've used a Movement Skill Recently,explicit.stat_2831922878,text-only,-,search/item-facts/data/mod-templates.csv#L1859,8,attack_and_cast_speed_+%_for_4_seconds_on_movement_skill_use=not local,L117.1,"represents the family `if or recently` (3 templates); reach: Cast + Speed; listed without it by apt, cpp"
pseudo.pseudo_total_cast_speed,+#% total Cast Speed,Golems have #% increased Attack and Cast Speed,explicit.stat_56225773,text-only,-,search/item-facts/data/mod-templates.csv#L1945,8,golem_attack_and_cast_speed_+%=not local,L023.1,"family: a minion's or ally's, represented by `Reinforcements have #% increased Cast Speed`; reach: Cast + Speed; listed without it by apt, cpp"
pseudo.pseudo_total_cast_speed,+#% total Cast Speed,Increases and Reductions to Cast Speed also apply to Projectile Frequency,,text-only,-,search/item-facts/data/mod-templates.csv#L1954,8,,none: no stat id displays this text,"reach: Cast + Speed; listed without it by apt, cpp"
pseudo.pseudo_total_cast_speed,+#% total Cast Speed,#% increased Attack and Cast Speed while at maximum Fortification,explicit.stat_1473444150,text-only,-,search/item-facts/data/mod-templates.csv#L2237,6,attack_and_cast_speed_+%_while_you_have_fortify=not local,L087.1,"family: while, represented by `#% increased Cast Speed while Ignited`; reach: Cast + Speed; listed without it by apt, cpp"
pseudo.pseudo_total_cast_speed,+#% total Cast Speed,#% increased Cast Speed while holding a Shield,explicit.stat_1612163368;fractured.stat_1612163368;implicit.stat_1612163368,text-only,-,search/item-facts/data/mod-templates.csv#L2238,6,cast_speed_+%_while_holding_shield=not local,L087.1,"family: while, represented by `#% increased Cast Speed while Ignited`; reach: Cast + Speed; listed without it by apt, cpp"
pseudo.pseudo_total_cast_speed,+#% total Cast Speed,#% increased Attack and Cast Speed if you've Killed Recently,enchant.stat_4135304575,text-only,-,search/item-facts/data/mod-templates.csv#L6298,5,enchantment_boots_attack_and_cast_speed_+%_for_4_seconds_on_kill=not local,L117.1,"family: if or recently, represented by `#% increased Attack and Cast Speed if you've used a Movement Skill Recently`; reach: Cast + Speed; listed without it by apt, cpp"
pseudo.pseudo_total_cast_speed,+#% total Cast Speed,#% increased Cast Speed while wielding a Staff,explicit.stat_2066542501;fractured.stat_2066542501;implicit.stat_2066542501,text-only,-,search/item-facts/data/mod-templates.csv#L2461,5,cast_speed_+%_while_holding_staff=not local,L087.1,"family: while, represented by `#% increased Cast Speed while Ignited`; reach: Cast + Speed; listed without it by apt, cpp"
pseudo.pseudo_total_cast_speed,+#% total Cast Speed,#% reduced Attack and Cast Speed per Frenzy Charge,explicit.stat_269590092,text-only,-,search/item-facts/data/mod-templates.csv#L2507,5,attack_and_cast_speed_+%_per_frenzy_charge=not local,L099.1,"family: per, represented by `#% increased Attack and Cast Speed per Summoned Raging Spirit`; reach: Cast + Speed; listed without it by apt, cpp"
pseudo.pseudo_total_cast_speed,+#% total Cast Speed,Added Small Passive Skills also grant: #% increased Attack and Cast Speed with Cold Skills,explicit.stat_2054530657;fractured.stat_2054530657,text-only,-,search/item-facts/data/mod-templates.csv#L2534,5,local_affliction_jewel_small_nodes_grant_attack_and_cast_speed_+%_with_cold_skills=local,L102.2,"represents the family `a passive's grant` (7 templates); reach: Cast + Speed; listed without it by apt, cpp"
pseudo.pseudo_total_cast_speed,+#% total Cast Speed,"Unique Boss deals #% increased Damage\nUnique Boss has #% increased Attack and Cast Speed\nUnique Boss has #% increased Life\nUnique Boss has #% increased Area of Effect",,text-only,-,search/item-facts/data/mod-templates.csv#L2713,5,,L027.1,"family: a monster's or an enemy's, represented by `#% increased Monster Cast Speed`; reach: Cast + Speed; listed without it by apt, cpp"
pseudo.pseudo_total_cast_speed,+#% total Cast Speed,#% increased Cast Speed if you've dealt a Critical Strike Recently,explicit.stat_1174076861;fractured.stat_1174076861,text-only,-,search/item-facts/data/mod-templates.csv#L2799,4,cast_speed_+%_if_have_crit_recently=not local,L117.1,"family: if or recently, represented by `#% increased Attack and Cast Speed if you've used a Movement Skill Recently`; reach: Cast + Speed; listed without it by apt, cpp"
pseudo.pseudo_total_cast_speed,+#% total Cast Speed,#% increased Cast Speed with Fire Skills,explicit.stat_1476643878;fractured.stat_1476643878,text-only,-,search/item-facts/data/mod-templates.csv#L2800,4,cast_speed_for_fire_skills_+%=not local,L148.1,"reach: Cast + Speed; listed without it by apt, cpp"
pseudo.pseudo_total_cast_speed,+#% total Cast Speed,#% increased Cast Speed with Lightning Skills,explicit.stat_1788635023;fractured.stat_1788635023,text-only,-,search/item-facts/data/mod-templates.csv#L2801,4,cast_speed_for_lightning_skills_+%=not local,L149.1,"reach: Cast + Speed; listed without it by apt, cpp"
pseudo.pseudo_total_cast_speed,+#% total Cast Speed,Curse Skills have #% increased Cast Speed,explicit.stat_2378065031,text-only,-,search/item-facts/data/mod-templates.csv#L2972,4,curse_cast_speed_+%=not local,L153.1,"represents the family `a socketed gem's or skill's` (9 templates); reach: Cast + Speed; listed without it by apt, cpp"
pseudo.pseudo_total_cast_speed,+#% total Cast Speed,Increases and Reductions to Cast Speed apply to Attack Speed,explicit.stat_4126447694,text-only,-,search/item-facts/data/mod-templates.csv#L3031,4,unique_helmet_cast_speed_+%_applies_to_attack_speed_at_%_of_original_value=not local,L126.2,"reach: Cast + Speed; listed without it by apt, cpp"
pseudo.pseudo_total_cast_speed,+#% total Cast Speed,Mark Skills have #% increased Cast Speed,explicit.stat_4189061307,text-only,-,search/item-facts/data/mod-templates.csv#L3044,4,mark_skill_cast_speed_+%=not local,L153.1,"family: a socketed gem's or skill's, represented by `Curse Skills have #% increased Cast Speed`; reach: Cast + Speed; listed without it by apt, cpp"
pseudo.pseudo_total_cast_speed,+#% total Cast Speed,Minions have #% increased Attack and Cast Speed if you or your Minions have Killed Recently,explicit.stat_4227567885;fractured.stat_4227567885,text-only,-,search/item-facts/data/mod-templates.csv#L3051,4,minion_attack_and_cast_speed_+%_if_you_or_minions_have_killed_enemy_recently=not local,L023.1,"family: a minion's or ally's, represented by `Reinforcements have #% increased Cast Speed`; reach: Cast + Speed; listed without it by apt, cpp"
pseudo.pseudo_total_cast_speed,+#% total Cast Speed,Nearby Allies have #% increased Cast Speed per # Intelligence you have,explicit.stat_2373999301,text-only,-,search/item-facts/data/mod-templates.csv#L3064,4,,L023.1,"family: a minion's or ally's, represented by `Reinforcements have #% increased Cast Speed`; reach: Cast + Speed; listed without it by apt, cpp"
pseudo.pseudo_total_cast_speed,+#% total Cast Speed,#% increased Attack and Cast Speed while Physical Aegis is depleted,explicit.stat_232331266,text-only,-,search/item-facts/data/mod-templates.csv#L3250,3,attack_and_cast_speed_+%_while_you_have_depleted_physical_aegis=not local,L087.1,"family: while, represented by `#% increased Cast Speed while Ignited`; reach: Cast + Speed; listed without it by apt, cpp"
pseudo.pseudo_total_cast_speed,+#% total Cast Speed,#% increased Cast Speed while Dual Wielding,explicit.stat_2382196858;fractured.stat_2382196858;implicit.stat_2382196858,text-only,-,search/item-facts/data/mod-templates.csv#L3252,3,cast_speed_while_dual_wielding_+%=not local,L087.1,"family: while, represented by `#% increased Cast Speed while Ignited`; reach: Cast + Speed; listed without it by apt, cpp"
pseudo.pseudo_total_cast_speed,+#% total Cast Speed,#% increased Cast Speed with Cold Skills,explicit.stat_928238845;fractured.stat_928238845,text-only,-,search/item-facts/data/mod-templates.csv#L3253,3,cast_speed_for_cold_skills_+%=not local,L158.1,"reach: Cast + Speed; listed without it by apt, cpp"
pseudo.pseudo_total_cast_speed,+#% total Cast Speed,Added Small Passive Skills also grant: #% increased Attack and Cast Speed with Chaos Skills,explicit.stat_3692167527;fractured.stat_3692167527,text-only,-,search/item-facts/data/mod-templates.csv#L3408,3,local_affliction_jewel_small_nodes_grant_attack_and_cast_speed_+%_with_chaos_skills=local,L102.2,"family: a passive's grant, represented by `Added Small Passive Skills also grant: #% increased Attack and Cast Speed with Cold Skills`; reach: Cast + Speed; listed without it by apt, cpp"
pseudo.pseudo_total_cast_speed,+#% total Cast Speed,Added Small Passive Skills also grant: #% increased Attack and Cast Speed with Physical Skills,explicit.stat_1903097619;fractured.stat_1903097619,text-only,-,search/item-facts/data/mod-templates.csv#L3409,3,local_affliction_jewel_small_nodes_grant_attack_and_cast_speed_+%_with_physical_skills=local,L102.2,"family: a passive's grant, represented by `Added Small Passive Skills also grant: #% increased Attack and Cast Speed with Cold Skills`; reach: Cast + Speed; listed without it by apt, cpp"
pseudo.pseudo_total_cast_speed,+#% total Cast Speed,Added Small Passive Skills also grant: Minions have #% increased Attack and Cast Speed,explicit.stat_2310019673;fractured.stat_2310019673,text-only,-,search/item-facts/data/mod-templates.csv#L3410,3,local_affliction_jewel_small_nodes_grant_minion_attack_and_cast_speed_+%=local,L102.2,"family: a passive's grant, represented by `Added Small Passive Skills also grant: #% increased Attack and Cast Speed with Cold Skills`; reach: Cast + Speed; listed without it by apt, cpp"
pseudo.pseudo_total_cast_speed,+#% total Cast Speed,#% increased Attack and Cast Speed while Focused,crafted.stat_2628163981;explicit.stat_2628163981;fractured.stat_2628163981,text-only,-,search/item-facts/data/mod-templates.csv#L3854,2,attack_and_cast_speed_+%_while_focused=not local,L087.1,"family: while, represented by `#% increased Cast Speed while Ignited`; reach: Cast + Speed; listed without it by apt, cpp"
pseudo.pseudo_total_cast_speed,+#% total Cast Speed,#% increased Cast Speed during any Flask Effect,explicit.stat_252194507;fractured.stat_252194507;implicit.stat_252194507,text-only,-,search/item-facts/data/mod-templates.csv#L4674,2,cast_speed_+%_during_flask_effect=not local,L053.1,"family: during a flask's effect, represented by `#% increased Cast Speed during Effect`; reach: Cast + Speed; listed without it by apt, cpp"
pseudo.pseudo_total_cast_speed,+#% total Cast Speed,#% more Cast Speed,,text-only,-,search/item-facts/data/mod-templates.csv#L6847,2,active_skill_cast_speed_+%_final=not local;weapon_tree_cast_speed_+%_final=not local,none: no stat id displays this text,"reach: Cast + Speed; listed without it by apt, cpp"
pseudo.pseudo_total_cast_speed,+#% total Cast Speed,Added Small Passive Skills also grant: #% increased Attack and Cast Speed with Elemental Skills,explicit.stat_2699118751;fractured.stat_2699118751,text-only,-,search/item-facts/data/mod-templates.csv#L4064,2,local_affliction_jewel_small_nodes_grant_attack_and_cast_speed_+%_with_elemental_skills=local,L102.2,"family: a passive's grant, represented by `Added Small Passive Skills also grant: #% increased Attack and Cast Speed with Cold Skills`; reach: Cast + Speed; listed without it by apt, cpp"
pseudo.pseudo_total_cast_speed,+#% total Cast Speed,Arcanist Brand has #% increased Cast Speed,enchant.stat_1147445274,text-only,-,search/item-facts/data/mod-templates.csv#L6427,2,arcanist_brand_cast_speed_+%=not local,L180.1,"reach: Cast + Speed; listed without it by apt, cpp"
pseudo.pseudo_total_cast_speed,+#% total Cast Speed,Enemies you Shock have #% reduced Cast Speed,explicit.stat_4107150355,text-only,-,search/item-facts/data/mod-templates.csv#L4194,2,enemies_you_shock_cast_speed_+%=not local,L027.1,"family: a monster's or an enemy's, represented by `#% increased Monster Cast Speed`; reach: Cast + Speed; listed without it by apt, cpp"
pseudo.pseudo_total_cast_speed,+#% total Cast Speed,Grants #% more Cast Speed,,text-only,-,search/item-facts/data/mod-templates.csv#L4241,2,,L153.1,"family: a socketed gem's or skill's, represented by `Curse Skills have #% increased Cast Speed`; reach: Cast + Speed; listed without it by apt, cpp"
pseudo.pseudo_total_cast_speed,+#% total Cast Speed,"If you've Warcried Recently, you and nearby allies have #% increased Attack, Cast and Movement Speed",explicit.stat_1464115829,text-only,-,search/item-facts/data/mod-templates.csv#L4259,2,guardian_warcry_grant_attack_cast_and_movement_speed_to_you_and_nearby_allies_+%=not local,L023.1,"family: a minion's or ally's, represented by `Reinforcements have #% increased Cast Speed`; reach: Cast + Speed; listed without it by apt, cpp"
pseudo.pseudo_total_cast_speed,+#% total Cast Speed,Socketed Golem Skills have #% increased Attack and Cast Speed,explicit.stat_706212417,text-only,-,search/item-facts/data/mod-templates.csv#L4395,2,local_display_socketed_golem_attack_and_cast_speed_+%=not local,L023.1,"family: a minion's or ally's, represented by `Reinforcements have #% increased Cast Speed`; reach: Cast + Speed; listed without it by apt, cpp"
pseudo.pseudo_total_cast_speed,+#% total Cast Speed,#% increased Cast Speed while affected by Zealotry,explicit.stat_2444534954,text-only,-,search/item-facts/data/mod-templates.csv#L4675,1,cast_speed_+%_while_affected_by_zealotry=not local,L087.1,"family: while, represented by `#% increased Cast Speed while Ignited`; reach: Cast + Speed; listed without it by apt, cpp"
pseudo.pseudo_total_cast_speed,+#% total Cast Speed,"#% increased Experience Gain\n#% increased Reward progress from Monster Kills\nMonsters deal #% increased Damage\nMonsters have #% increased Toughness for each time they have been Revived\nMonsters have #% increased Attack and Cast Speed for each time they have been Revived",,text-only,-,search/item-facts/data/mod-templates.csv#L4711,1,,L027.1,"family: a monster's or an enemy's, represented by `#% increased Monster Cast Speed`; reach: Cast + Speed; listed without it by apt, cpp"
pseudo.pseudo_total_cast_speed,+#% total Cast Speed,#% increased Lightning Warp Cast Speed,enchant.stat_1347575155,text-only,-,search/item-facts/data/mod-templates.csv#L6528,1,lightning_warp_cast_speed_+%=not local,L188.1,"reach: Cast + Speed; listed without it by apt, cpp"
pseudo.pseudo_total_cast_speed,+#% total Cast Speed,#% increased Minion Attack and Cast Speed per # Devotion,explicit.stat_3808469650,text-only,-,search/item-facts/data/mod-templates.csv#L4725,1,,L023.1,"family: a minion's or ally's, represented by `Reinforcements have #% increased Cast Speed`; reach: Cast + Speed; listed without it by apt, cpp"
pseudo.pseudo_total_cast_speed,+#% total Cast Speed,#% increased Skeleton Cast Speed,explicit.stat_2725259389,text-only,-,search/item-facts/data/mod-templates.csv#L4744,1,skeleton_cast_speed_+%=not local,L195.1,"reach: Cast + Speed; listed without it by apt, cpp"
pseudo.pseudo_total_cast_speed,+#% total Cast Speed,#% increased Unearth Cast Speed,enchant.stat_2387717928,text-only,-,search/item-facts/data/mod-templates.csv#L6550,1,bone_lance_cast_speed_+%=not local,L197.1,"reach: Cast + Speed; listed without it by apt, cpp"
pseudo.pseudo_total_cast_speed,+#% total Cast Speed,#% increased Volatile Dead Cast Speed,enchant.stat_3179781611,text-only,-,search/item-facts/data/mod-templates.csv#L6552,1,volatile_dead_cast_speed_+%=not local,L198.1,"reach: Cast + Speed; listed without it by apt, cpp"
pseudo.pseudo_total_cast_speed,+#% total Cast Speed,Added Small Passive Skills also grant: #% increased Attack and Cast Speed with Fire Skills,explicit.stat_1849042097;fractured.stat_1849042097,text-only,-,search/item-facts/data/mod-templates.csv#L4946,1,local_affliction_jewel_small_nodes_grant_attack_and_cast_speed_+%_with_fire_skills=local,L102.2,"family: a passive's grant, represented by `Added Small Passive Skills also grant: #% increased Attack and Cast Speed with Cold Skills`; reach: Cast + Speed; listed without it by apt, cpp"
pseudo.pseudo_total_cast_speed,+#% total Cast Speed,Added Small Passive Skills also grant: #% increased Attack and Cast Speed with Lightning Skills,explicit.stat_201731102;fractured.stat_201731102,text-only,-,search/item-facts/data/mod-templates.csv#L4947,1,local_affliction_jewel_small_nodes_grant_attack_and_cast_speed_+%_with_lightning_skills=local,L102.2,"family: a passive's grant, represented by `Added Small Passive Skills also grant: #% increased Attack and Cast Speed with Cold Skills`; reach: Cast + Speed; listed without it by apt, cpp"
pseudo.pseudo_total_cast_speed,+#% total Cast Speed,Gloves: Socketed Gems have #% more Attack and Cast Speed,,text-only,-,search/item-facts/data/mod-templates.csv#L5246,1,,L153.1,"family: a socketed gem's or skill's, represented by `Curse Skills have #% increased Cast Speed`; reach: Cast + Speed; listed without it by apt, cpp"
pseudo.pseudo_total_cast_speed,+#% total Cast Speed,Increases and Reductions to Cast Speed also Apply to Trap Throwing Speed,explicit.stat_3520223758;implicit.stat_3520223758,text-only,-,search/item-facts/data/mod-templates.csv#L5302,1,additive_cast_speed_modifiers_apply_to_trap_throwing_speed=not local,L205.1,"reach: Cast + Speed; listed without it by apt, cpp"
pseudo.pseudo_total_cast_speed,+#% total Cast Speed,Increases to Cast Speed from Arcane Surge also applies to Movement Speed,explicit.stat_103999915,text-only,-,search/item-facts/data/mod-templates.csv#L5308,1,cast_speed_increase_from_arcane_surge_also_applies_to_move_speed=not local,L206.1,"reach: Cast + Speed; listed without it by apt, cpp"
pseudo.pseudo_total_cast_speed,+#% total Cast Speed,Link Skills have #% increased Cast Speed,explicit.stat_2597985144,text-only,-,search/item-facts/data/mod-templates.csv#L5328,1,link_skill_cast_speed_+%=not local,L153.1,"family: a socketed gem's or skill's, represented by `Curse Skills have #% increased Cast Speed`; reach: Cast + Speed; listed without it by apt, cpp"
pseudo.pseudo_total_cast_speed,+#% total Cast Speed,Socketed Gems have #% more Attack and Cast Speed,explicit.stat_346351023;fractured.stat_346351023,text-only,-,search/item-facts/data/mod-templates.csv#L5498,1,local_display_socketed_gems_attack_and_cast_speed_+%_final=local,L153.1,"family: a socketed gem's or skill's, represented by `Curse Skills have #% increased Cast Speed`; reach: Cast + Speed; listed without it by apt, cpp"
pseudo.pseudo_increased_physical_damage,#% total increased Physical Damage,Agony Crawler deals #% increased Physical Damage per Virulence you have,,text-only,-,search/item-facts/data/mod-templates.csv#L631,28,,L094.1,"family: per, represented by `#% increased Global Physical Damage per Red Socket`; reach: increased + Physical Damage; listed without it by apt"
pseudo.pseudo_increased_physical_damage,#% total increased Physical Damage,Enemies Maimed by Supported Skills take #% increased Physical Damage,,text-only,-,search/item-facts/data/mod-templates.csv#L763,23,,none: no stat id displays this text,represents the family `a socketed gem's or skill's` (3 templates); reach: increased + Physical Damage; listed without it by apt
pseudo.pseudo_increased_physical_damage,#% total increased Physical Damage,#% increased Physical Damage taken,explicit.stat_3853018505;scourge.stat_3853018505,text-only,-,search/item-facts/data/mod-templates.csv#L851,20,physical_damage_taken_+%=not local,L065.1,reach: increased + Physical Damage; listed without it by apt
pseudo.pseudo_increased_physical_damage,#% total increased Physical Damage,Supported Skills deal #% increased Physical Damage,,text-only,-,search/item-facts/data/mod-templates.csv#L1084,16,,none: no stat id displays this text,"family: a socketed gem's or skill's, represented by `Enemies Maimed by Supported Skills take #% increased Physical Damage`; reach: increased + Physical Damage; listed without it by apt"
pseudo.pseudo_increased_physical_damage,#% total increased Physical Damage,#% increased Claw Physical Damage when on Low Life,explicit.stat_1081444608,text-only,-,search/item-facts/data/mod-templates.csv#L1101,15,physical_claw_damage_+%_when_on_low_life=not local,L076.1,reach: increased + Physical Damage; listed without it by apt
pseudo.pseudo_increased_physical_damage,#% total increased Physical Damage,#% reduced Global Physical Damage,crafted.stat_1310194496;enchant.stat_1310194496;explicit.stat_1310194496;fractured.stat_1310194496;implicit.stat_1310194496;scourge.stat_1310194496,text-only,-,search/item-facts/data/mod-templates.csv#L1111,15,physical_damage_+%=not local,L077.1,reach: reduced + Physical Damage; listed without it by apt
pseudo.pseudo_increased_physical_damage,#% total increased Physical Damage,Added Small Passive Skills grant: #% increased Physical Damage over Time,enchant.stat_3948993189|20,text-only,-,search/item-facts/data/mod-templates.csv#L6264,12,,L088.1,represents the family `a passive's grant` (2 templates); reach: increased + Physical Damage; listed without it by apt
pseudo.pseudo_increased_physical_damage,#% total increased Physical Damage,#% increased Global Physical Damage per Red Socket,explicit.stat_2112615899,text-only,-,search/item-facts/data/mod-templates.csv#L1476,11,global_weapon_physical_damage_+%_per_red_socket_on_item=not local,L094.1,represents the family `per` (5 templates); reach: increased + Physical Damage; listed without it by apt
pseudo.pseudo_increased_physical_damage,#% total increased Physical Damage,Added Small Passive Skills grant: #% increased Physical Damage,enchant.stat_3948993189|12,text-only,-,search/item-facts/data/mod-templates.csv#L6272,10,,L088.1,"family: a passive's grant, represented by `Added Small Passive Skills grant: #% increased Physical Damage over Time`; reach: increased + Physical Damage; listed without it by apt"
pseudo.pseudo_increased_physical_damage,#% total increased Physical Damage,Supported Skills deal #% increased Melee Physical Damage,,text-only,-,search/item-facts/data/mod-templates.csv#L1662,10,,none: no stat id displays this text,"family: a socketed gem's or skill's, represented by `Enemies Maimed by Supported Skills take #% increased Physical Damage`; reach: increased + Physical Damage; listed without it by apt"
pseudo.pseudo_increased_physical_damage,#% total increased Physical Damage,#% increased Physical Damage while affected by Herald of Purity,explicit.stat_3294232483,text-only,-,search/item-facts/data/mod-templates.csv#L1716,9,physical_damage_+%_while_affected_by_herald_of_purity=not local,L106.1,represents the family `while` (3 templates); reach: increased + Physical Damage; listed without it by apt
pseudo.pseudo_increased_physical_damage,#% total increased Physical Damage,Cursed enemies take #% increased Physical Damage,,text-only,-,search/item-facts/data/mod-templates.csv#L1761,9,,none: no stat id displays this text,reach: increased + Physical Damage; listed without it by apt
pseudo.pseudo_increased_physical_damage,#% total increased Physical Damage,#% increased Physical Damage per Endurance Charge,explicit.stat_2481358827,text-only,-,search/item-facts/data/mod-templates.csv#L1873,8,physical_damage_per_endurance_charge_+%=not local,L094.1,"family: per, represented by `#% increased Global Physical Damage per Red Socket`; reach: increased + Physical Damage; listed without it by apt"
pseudo.pseudo_increased_physical_damage,#% total increased Physical Damage,#% increased Physical Damage with Ranged Weapons,explicit.stat_766615564;implicit.stat_766615564,text-only,-,search/item-facts/data/mod-templates.csv#L1874,8,ranged_weapon_physical_damage_+%=not local,L118.1,reach: increased + Physical Damage; listed without it by apt
pseudo.pseudo_increased_physical_damage,#% total increased Physical Damage,#% increased Melee Physical Damage per # Dexterity,explicit.stat_2355151849;implicit.stat_2355151849,text-only,-,search/item-facts/data/mod-templates.csv#L2070,7,,L094.1,"family: per, represented by `#% increased Global Physical Damage per Red Socket`; reach: increased + Physical Damage; listed without it by apt"
pseudo.pseudo_increased_physical_damage,#% total increased Physical Damage,You and your Minions take #% reduced Reflected Physical Damage,explicit.stat_129035625;fractured.stat_129035625;scourge.stat_129035625,text-only,-,search/item-facts/data/mod-templates.csv#L2190,7,physical_reflect_damage_taken_and_minion_physical_reflect_damage_taken_+%=not local,L131.1,represents the family `a minion's or ally's` (1 templates); reach: reduced + Physical Damage; listed without it by apt
pseudo.pseudo_increased_physical_damage,#% total increased Physical Damage,#% increased Melee Physical Damage against Ignited Enemies,explicit.stat_1332534089,text-only,-,search/item-facts/data/mod-templates.csv#L3281,3,melee_physical_damage_+%_vs_ignited_enemies=not local,L159.1,represents the family `against` (2 templates); reach: increased + Physical Damage; listed without it by apt
pseudo.pseudo_increased_physical_damage,#% total increased Physical Damage,#% increased Physical Damage with Hits and Ailments against Ignited Enemies,explicit.stat_3375415245,text-only,-,search/item-facts/data/mod-templates.csv#L3284,3,physical_damage_+%_vs_ignited_enemies=not local,L159.1,"family: against, represented by `#% increased Melee Physical Damage against Ignited Enemies`; reach: increased + Physical Damage; listed without it by apt"
pseudo.pseudo_increased_physical_damage,#% total increased Physical Damage,#% increased Physical Damage Over Time per # Dexterity,explicit.stat_555311393,text-only,-,search/item-facts/data/mod-templates.csv#L3901,2,,L094.1,"family: per, represented by `#% increased Global Physical Damage per Red Socket`; reach: increased + Physical Damage; listed without it by apt"
pseudo.pseudo_increased_physical_damage,#% total increased Physical Damage,#% reduced Reflected Physical Damage taken,enchant.stat_3158958938;explicit.stat_3158958938;implicit.stat_3158958938,text-only,-,search/item-facts/data/mod-templates.csv#L5994,2,physical_reflect_damage_taken_+%=not local,L174.1,reach: reduced + Physical Damage; listed without it by apt
pseudo.pseudo_increased_physical_damage,#% total increased Physical Damage,Nearby Enemies take #% increased Physical Damage per two Fortification on you,explicit.stat_4187518631;fractured.stat_4187518631,text-only,-,search/item-facts/data/mod-templates.csv#L4328,2,nearby_enemies_physical_damage_taken_+%_per_2fortification_on_you=not local,L182.1,represents the family `a monster's or an enemy's` (2 templates); reach: increased + Physical Damage; listed without it by apt
pseudo.pseudo_increased_physical_damage,#% total increased Physical Damage,"#% increased Experience Gain\n#% increased Reward progress from Monster Kills\nMonsters deal #% increased Damage\nMonsters have #% increased Toughness for each time they have been Revived\nMonsters gain #% of Physical Damage as Extra Chaos Damage for each time\nthey have been Revived",,text-only,-,search/item-facts/data/mod-templates.csv#L4710,1,,L182.1,"family: a monster's or an enemy's, represented by `Nearby Enemies take #% increased Physical Damage per two Fortification on you`; reach: increased + Physical Damage; listed without it by apt"
pseudo.pseudo_increased_physical_damage,#% total increased Physical Damage,#% increased Physical Damage while using Pride,explicit.stat_576528026,text-only,-,search/item-facts/data/mod-templates.csv#L4730,1,pride_physical_damage_+%=not local,L106.1,"family: while, represented by `#% increased Physical Damage while affected by Herald of Purity`; reach: increased + Physical Damage; listed without it by apt"
pseudo.pseudo_increased_physical_damage,#% total increased Physical Damage,#% increased Physical Damage while you have Resolute Technique,explicit.stat_1258679667,text-only,-,search/item-facts/data/mod-templates.csv#L4731,1,physical_damage_+%_while_you_have_resolute_technique=not local,L106.1,"family: while, represented by `#% increased Physical Damage while affected by Herald of Purity`; reach: increased + Physical Damage; listed without it by apt"
pseudo.pseudo_increased_physical_damage,#% total increased Physical Damage,#% increased Physical Damage with Axes,explicit.stat_2008219439;fractured.stat_2008219439;implicit.stat_2008219439,text-only,-,search/item-facts/data/mod-templates.csv#L6064,1,physical_axe_damage_+%=not local,L190.1,represents the family `a weapon's or hand's` (2 templates); reach: increased + Physical Damage; listed without it by apt
pseudo.pseudo_increased_physical_damage,#% total increased Physical Damage,#% increased Physical Damage with Wands,explicit.stat_2769075491;fractured.stat_2769075491;implicit.stat_2769075491,text-only,-,search/item-facts/data/mod-templates.csv#L6065,1,physical_wand_damage_+%=not local,L190.1,"family: a weapon's or hand's, represented by `#% increased Physical Damage with Axes`; reach: increased + Physical Damage; listed without it by apt"
pseudo.pseudo_critical_strike_chance_for_spells,+#% total Critical Strike Chance for Spells,You and nearby allies have #% increased Spell Critical Strike Chance,,text-only,-,search/item-facts/data/mod-templates.csv#L674,27,,none: no stat id displays this text,"represents the family `a minion's or ally's` (1 templates); reach: Critical Strike Chance + Spell; listed without it by apt, cpp"
pseudo.pseudo_critical_strike_chance_for_spells,+#% total Critical Strike Chance for Spells,You gain #% to Spell Critical Strike Chance per Stage while in Area,,text-only,-,search/item-facts/data/mod-templates.csv#L1280,14,,none: no stat id displays this text,"represents the family `while` (1 templates); reach: Critical Strike Chance + Spell; listed without it by apt, cpp"
pseudo.pseudo_critical_strike_chance_for_spells,+#% total Critical Strike Chance for Spells,Shield: (#-#)% increased Spell Critical Strike Chance,,text-only,-,search/item-facts/data/mod-templates.csv#L1805,9,,none: no stat id displays this text,"represents the family `a description` (4 templates); reach: Critical Strike Chance + Spell; listed without it by apt, cpp"
pseudo.pseudo_critical_strike_chance_for_spells,+#% total Critical Strike Chance for Spells,Weapon: (#-#)% increased Spell Critical Strike Chance,,text-only,-,search/item-facts/data/mod-templates.csv#L2188,7,,none: no stat id displays this text,"family: a description, represented by `Shield: (#-#)% increased Spell Critical Strike Chance`; reach: Critical Strike Chance + Spell; listed without it by apt, cpp"
pseudo.pseudo_critical_strike_chance_for_spells,+#% total Critical Strike Chance for Spells,Supported Skills have #% increased Spell Critical Strike Chance,,text-only,-,search/item-facts/data/mod-templates.csv#L2401,6,,none: no stat id displays this text,"represents the family `a socketed gem's or skill's` (1 templates); reach: Critical Strike Chance + Spell; listed without it by apt, cpp"
pseudo.pseudo_critical_strike_chance_for_spells,+#% total Critical Strike Chance for Spells,#% to Spell Critical Strike Chance,explicit.stat_791835907;fractured.stat_791835907;implicit.stat_791835907,text-only,-,search/item-facts/data/mod-templates.csv#L6841,5,spell_additional_critical_strike_chance_permyriad=not local,L143.1,"reach: Critical Strike Chance + Spell; listed without it by apt, cpp"
pseudo.pseudo_critical_strike_chance_for_spells,+#% total Critical Strike Chance for Spells,#% increased Spell Critical Strike Chance per # Player Maximum Life,explicit.stat_3775574601;implicit.stat_3775574601,text-only,-,search/item-facts/data/mod-templates.csv#L3904,2,,L173.1,"represents the family `a monster's or an enemy's` (1 templates); reach: Critical Strike Chance + Spell; listed without it by apt, cpp"
pseudo.pseudo_critical_strike_chance_for_spells,+#% total Critical Strike Chance for Spells,Base Spell Critical Strike Chance of Spells is equal to that of Main Hand Weapon,explicit.stat_2560911401,text-only,-,search/item-facts/data/mod-templates.csv#L4128,2,base_spell_critical_chance_equal_to_the_critical_strike_chance_of_main_weapon=not local,L181.1,"reach: Critical Strike Chance + Spell; listed without it by apt, cpp"
pseudo.pseudo_critical_strike_chance_for_spells,+#% total Critical Strike Chance for Spells,One Handed Weapon: (#-#)% increased Spell Critical Strike Chance,,text-only,-,search/item-facts/data/mod-templates.csv#L4336,2,,none: no stat id displays this text,"family: a description, represented by `Shield: (#-#)% increased Spell Critical Strike Chance`; reach: Critical Strike Chance + Spell; listed without it by apt, cpp"
pseudo.pseudo_critical_strike_chance_for_spells,+#% total Critical Strike Chance for Spells,Two Handed Weapon: (#-#)% increased Spell Critical Strike Chance,,text-only,-,search/item-facts/data/mod-templates.csv#L4444,2,,none: no stat id displays this text,"family: a description, represented by `Shield: (#-#)% increased Spell Critical Strike Chance`; reach: Critical Strike Chance + Spell; listed without it by apt, cpp"
pseudo.pseudo_critical_strike_chance_for_spells,+#% total Critical Strike Chance for Spells,#% increased Spell Critical Strike Chance per Raised Spectre,explicit.stat_495095219;implicit.stat_495095219,text-only,-,search/item-facts/data/mod-templates.csv#L4746,1,spell_critical_strike_chance_+%_per_raised_spectre=not local,L196.1,"represents the family `per` (1 templates); reach: Critical Strike Chance + Spell; listed without it by apt, cpp"
pseudo.pseudo_total_additional_gem_levels,+# total to Level of Socketed Gems,# to Level of Socketed AoE Gems,crafted.stat_2551600084;explicit.stat_2551600084;fractured.stat_2551600084;implicit.stat_2551600084;scourge.stat_2551600084,text-only,-,search/item-facts/data/mod-templates.csv#L5812,20,local_socketed_area_of_effect_gem_level_+=local,L064.1,reach: Level of Socketed + Gems; listed without it by cpp
pseudo.pseudo_total_additional_gem_levels,+# total to Level of Socketed Gems,# to Level of Socketed Duration Gems,implicit.stat_2115168758;scourge.stat_2115168758,text-only,-,search/item-facts/data/mod-templates.csv#L5795,14,local_socketed_duration_gem_level_+=local,L079.1,reach: Level of Socketed + Gems; listed without it by cpp
pseudo.pseudo_total_additional_gem_levels,+# total to Level of Socketed Gems,# to Level of Socketed Trap or Mine Gems,explicit.stat_150668988;fractured.stat_150668988;implicit.stat_150668988;scourge.stat_150668988,text-only,-,search/item-facts/data/mod-templates.csv#L5801,13,local_socketed_trap_and_mine_gem_level_+=local,L082.1,reach: Level of Socketed + Gems; listed without it by cpp
pseudo.pseudo_total_additional_gem_levels,+# total to Level of Socketed Gems,Bow: # to Level of Socketed Bow Gems,,text-only,-,search/item-facts/data/mod-templates.csv#L1753,9,,none: no stat id displays this text,represents the family `a description` (2 templates); reach: Level of Socketed + Gems; listed without it by cpp
pseudo.pseudo_total_additional_gem_levels,+# total to Level of Socketed Gems,# to Level of Socketed Skill Gems per # Player Levels,explicit.stat_1435838855,text-only,-,search/item-facts/data/mod-templates.csv#L2217,6,,L084.1,represents the family `a monster's or an enemy's` (1 templates); reach: Level of Socketed + Gems; listed without it by cpp
pseudo.pseudo_total_additional_gem_levels,+# total to Level of Socketed Gems,# to Level of Socketed Herald Gems,explicit.stat_1344805487;implicit.stat_1344805487,text-only,-,search/item-facts/data/mod-templates.csv#L3778,2,local_socketed_herald_gem_level_+=local,L171.1,reach: Level of Socketed + Gems; listed without it by cpp
pseudo.pseudo_total_additional_gem_levels,+# total to Level of Socketed Gems,Helmet: # to Level of Socketed Aura Gems,,text-only,-,search/item-facts/data/mod-templates.csv#L4255,2,,none: no stat id displays this text,"family: a description, represented by `Bow: # to Level of Socketed Bow Gems`; reach: Level of Socketed + Gems; listed without it by cpp"
pseudo.pseudo_total_additional_bow_gem_levels,+# total to Level of Socketed Bow Gems,Bow: # to Level of Socketed Bow Gems,,text-only,-,search/item-facts/data/mod-templates.csv#L1753,9,,none: no stat id displays this text,represents the family `a description` (1 templates); reach: Level of Socketed + Bow; listed without it by cpp
pseudo.pseudo_total_additional_aura_gem_levels,+# total to Level of Socketed Aura Gems,Helmet: # to Level of Socketed Aura Gems,,text-only,-,search/item-facts/data/mod-templates.csv#L4255,2,,none: no stat id displays this text,represents the family `a description` (1 templates); reach: Level of Socketed + Aura; listed without it by cpp
pseudo.pseudo_total_additional_skill_gem_levels,+# total to Level of Socketed Skill Gems,# to Level of Socketed Skill Gems per # Player Levels,explicit.stat_1435838855,text-only,-,search/item-facts/data/mod-templates.csv#L2217,6,,L084.2,represents the family `a monster's or an enemy's` (1 templates); reach: Level of Socketed + Skill; listed without it by cpp
pseudo.pseudo_base_defence_percentile,#% Base Defence Percentile,#% increased maximum Energy Shield,crafted.stat_2482852589;explicit.stat_2482852589;fractured.stat_2482852589;implicit.stat_2482852589,text-only,-,search/item-facts/data/mod-templates.csv#L111,206,maximum_energy_shield_+%=not local,P006,reach: Energy Shield + #% increased; listed without it by apt
pseudo.pseudo_base_defence_percentile,#% Base Defence Percentile,# to # Added Physical Damage per # Armour or Evasion Rating on Shield,,text-only,-,search/item-facts/data/mod-templates.csv#L243,74,,P014,"family: per, represented by `#% increased Evasion Rating per Frenzy Charge`; reach: Armour + # to; listed without it by apt"
pseudo.pseudo_base_defence_percentile,#% Base Defence Percentile,#% increased Armour during Effect,explicit.stat_1693613464;fractured.stat_1693613464,text-only,-,search/item-facts/data/mod-templates.csv#L245,74,local_flask_armour_+%_while_healing=local,P008,represents the family `during a flask's effect` (3 templates); reach: Armour + #% increased; listed without it by apt
pseudo.pseudo_base_defence_percentile,#% Base Defence Percentile,#% increased Evasion Rating during Effect,explicit.stat_299054775;fractured.stat_299054775,text-only,-,search/item-facts/data/mod-templates.csv#L251,73,local_flask_evasion_+%_while_healing=local,P008,"family: during a flask's effect, represented by `#% increased Armour during Effect`; reach: Evasion Rating + #% increased; listed without it by apt"
pseudo.pseudo_base_defence_percentile,#% Base Defence Percentile,#% increased Energy Shield Recharge Rate,crafted.stat_2339757871;enchant.stat_2339757871;explicit.stat_2339757871;fractured.stat_2339757871;implicit.stat_2339757871;scourge.stat_2339757871,text-only,-,search/item-facts/data/mod-templates.csv#L330,60,energy_shield_recharge_rate_+%=not local;virtual_energy_shield_recharge_rate_+%=not local,P007,reach: Energy Shield + #% increased; listed without it by apt
pseudo.pseudo_base_defence_percentile,#% Base Defence Percentile,Buff grants # to Armour,,text-only,-,search/item-facts/data/mod-templates.csv#L332,53,,none: no stat id displays this text,represents the family `a socketed gem's or skill's` (1 templates); reach: Armour + # to; listed without it by apt
pseudo.pseudo_base_defence_percentile,#% Base Defence Percentile,#% increased Global Defences,enchant.stat_1389153006;explicit.stat_1389153006;fractured.stat_1389153006;implicit.stat_1389153006;scourge.stat_1389153006,text-only,-,search/item-facts/data/mod-templates.csv#L721,39,global_defences_+%=not local,P009,reach: Defences + #% increased; listed without it by apt
pseudo.pseudo_base_defence_percentile,#% Base Defence Percentile,Added Small Passive Skills also grant: # to Maximum Energy Shield,explicit.stat_2643685329;fractured.stat_2643685329,text-only,-,search/item-facts/data/mod-templates.csv#L516,35,local_affliction_jewel_small_nodes_grant_maximum_energy_shield=local,P010,represents the family `a passive's grant` (7 templates); reach: Energy Shield + # to; listed without it by apt
pseudo.pseudo_base_defence_percentile,#% Base Defence Percentile,Golems grant #% increased Defences,,text-only,-,search/item-facts/data/mod-templates.csv#L518,35,,P016,"family: a minion's or ally's, represented by `Minions have # to Armour`; reach: Defences + #% increased; listed without it by apt"
pseudo.pseudo_base_defence_percentile,#% Base Defence Percentile,Added Small Passive Skills also grant: # to Evasion,explicit.stat_4100161067;fractured.stat_4100161067,text-only,-,search/item-facts/data/mod-templates.csv#L526,34,local_affliction_jewel_small_nodes_grant_evasion=local,P010,"family: a passive's grant, represented by `Added Small Passive Skills also grant: # to Maximum Energy Shield`; reach: Evasion + # to; listed without it by apt"
pseudo.pseudo_base_defence_percentile,#% Base Defence Percentile,Added Small Passive Skills also grant: # to Armour,explicit.stat_2554466725;fractured.stat_2554466725,text-only,-,search/item-facts/data/mod-templates.csv#L562,32,local_affliction_jewel_small_nodes_grant_armour=local,P010,"family: a passive's grant, represented by `Added Small Passive Skills also grant: # to Maximum Energy Shield`; reach: Armour + # to; listed without it by apt"
pseudo.pseudo_base_defence_percentile,#% Base Defence Percentile,You and nearby Allies gain #% increased Energy Shield Recharge Rate,,text-only,-,search/item-facts/data/mod-templates.csv#L618,29,,P016,"family: a minion's or ally's, represented by `Minions have # to Armour`; reach: Energy Shield + #% increased; listed without it by apt"
pseudo.pseudo_base_defence_percentile,#% Base Defence Percentile,# to Armour and Evasion Rating,crafted.stat_2316658489;explicit.stat_2316658489;fractured.stat_2316658489;implicit.stat_2316658489,text-only,-,search/item-facts/data/mod-templates.csv#L1185,27,base_physical_damage_reduction_and_evasion_rating=not local,P011,"reach: Armour + # to; listed without it by apt; PoB's Item.lua reads a local kind of these words as flat (PathOfBuilding@16de4b82:src/Classes/Item.lua#L2349); a kind, not the text, so not counted as a source"
pseudo.pseudo_base_defence_percentile,#% Base Defence Percentile,#% increased Damage taken while on Full Energy Shield,explicit.stat_969865219,text-only,-,search/item-facts/data/mod-templates.csv#L886,19,damage_taken_+%_while_es_full=not local,P012,represents the family `while` (15 templates); reach: Energy Shield + #% increased; listed without it by apt
pseudo.pseudo_base_defence_percentile,#% Base Defence Percentile,#% increased Global Evasion Rating when on Low Life,explicit.stat_2695354435;implicit.stat_2695354435,text-only,-,search/item-facts/data/mod-templates.csv#L938,18,evasion_rating_+%_when_on_low_life=not local,P013,reach: Evasion Rating + #% increased; listed without it by apt
pseudo.pseudo_base_defence_percentile,#% Base Defence Percentile,#% reduced Energy Shield Recharge Rate,crafted.stat_2339757871;enchant.stat_2339757871;explicit.stat_2339757871;fractured.stat_2339757871;implicit.stat_2339757871;scourge.stat_2339757871,text-only,-,search/item-facts/data/mod-templates.csv#L1062,16,energy_shield_recharge_rate_+%=not local;virtual_energy_shield_recharge_rate_+%=not local,P007,reach: Energy Shield + #% reduced; listed without it by apt
pseudo.pseudo_base_defence_percentile,#% Base Defence Percentile,#% increased Movement Speed while on Full Energy Shield,explicit.stat_2825197711;implicit.stat_2825197711,text-only,-,search/item-facts/data/mod-templates.csv#L1195,14,movement_velocity_+%_on_full_energy_shield=not local,P012,"family: while, represented by `#% increased Damage taken while on Full Energy Shield`; reach: Energy Shield + #% increased; listed without it by apt"
pseudo.pseudo_base_defence_percentile,#% Base Defence Percentile,Added Small Passive Skills grant: #% increased Armour,enchant.stat_3948993189|42,text-only,-,search/item-facts/data/mod-templates.csv#L6255,14,,P010,"family: a passive's grant, represented by `Added Small Passive Skills also grant: # to Maximum Energy Shield`; reach: Armour + #% increased; listed without it by apt"
pseudo.pseudo_base_defence_percentile,#% Base Defence Percentile,#% increased Evasion Rating per Frenzy Charge,explicit.stat_660404777;implicit.stat_660404777,text-only,-,search/item-facts/data/mod-templates.csv#L1386,12,evasion_rating_+%_per_frenzy_charge=not local,P014,represents the family `per` (21 templates); reach: Evasion Rating + #% increased; listed without it by apt
pseudo.pseudo_base_defence_percentile,#% Base Defence Percentile,#% reduced maximum Energy Shield,crafted.stat_2482852589;explicit.stat_2482852589;fractured.stat_2482852589;implicit.stat_2482852589,text-only,-,search/item-facts/data/mod-templates.csv#L1391,12,maximum_energy_shield_+%=not local,P006,reach: Energy Shield + #% reduced; listed without it by apt
pseudo.pseudo_base_defence_percentile,#% Base Defence Percentile,"#% increased Armour while not Ignited, Frozen or Shocked",explicit.stat_1164767410,text-only,-,search/item-facts/data/mod-templates.csv#L1469,11,physical_damage_reduction_rating_+%_while_not_ignited_frozen_shocked=not local,P012,"family: while, represented by `#% increased Damage taken while on Full Energy Shield`; reach: Armour + #% increased; listed without it by apt"
pseudo.pseudo_base_defence_percentile,#% Base Defence Percentile,"#% increased maximum Life, Mana and Global Energy Shield",explicit.stat_3899352861,text-only,-,search/item-facts/data/mod-templates.csv#L1482,11,maximum_life_mana_and_energy_shield_+%=not local,P015,reach: Energy Shield + #% increased; listed without it by apt
pseudo.pseudo_base_defence_percentile,#% Base Defence Percentile,Added Small Passive Skills grant: #% increased maximum Energy Shield,enchant.stat_3948993189|40,text-only,-,search/item-facts/data/mod-templates.csv#L6267,11,,P010,"family: a passive's grant, represented by `Added Small Passive Skills also grant: # to Maximum Energy Shield`; reach: Energy Shield + #% increased; listed without it by apt"
pseudo.pseudo_base_defence_percentile,#% Base Defence Percentile,Minions have # to Armour,explicit.stat_2048970144,text-only,-,search/item-facts/data/mod-templates.csv#L1531,11,minion_physical_damage_reduction_rating=not local,P016,represents the family `a minion's or ally's` (5 templates); reach: Armour + # to; listed without it by apt
pseudo.pseudo_base_defence_percentile,#% Base Defence Percentile,# to Evasion Rating while on Full Life,explicit.stat_4082111882,text-only,-,search/item-facts/data/mod-templates.csv#L1567,10,evasion_rating_+_when_on_full_life=not local,P012,"family: while, represented by `#% increased Damage taken while on Full Energy Shield`; reach: Evasion Rating + # to; listed without it by apt"
pseudo.pseudo_base_defence_percentile,#% Base Defence Percentile,# to Evasion Rating while on Low Life,explicit.stat_3470876581,text-only,-,search/item-facts/data/mod-templates.csv#L1568,10,evasion_rating_+_when_on_low_life=not local,P012,"family: while, represented by `#% increased Damage taken while on Full Energy Shield`; reach: Evasion Rating + # to; listed without it by apt"
pseudo.pseudo_base_defence_percentile,#% Base Defence Percentile,#% increased Attack Damage per # of the lowest of Armour and Evasion Rating,explicit.stat_1358422215,text-only,-,search/item-facts/data/mod-templates.csv#L1701,9,,P014,"family: per, represented by `#% increased Evasion Rating per Frenzy Charge`; reach: Armour + #% increased; listed without it by apt"
pseudo.pseudo_base_defence_percentile,#% Base Defence Percentile,#% increased Evasion Rating during Onslaught,explicit.stat_156734303;implicit.stat_156734303,text-only,-,search/item-facts/data/mod-templates.csv#L1712,9,evasion_rating_+%_while_onslaught_is_active=not local,P018,reach: Evasion Rating + #% increased; listed without it by apt
pseudo.pseudo_base_defence_percentile,#% Base Defence Percentile,#% increased Armour against Projectiles,explicit.stat_706246936,text-only,-,search/item-facts/data/mod-templates.csv#L1858,8,physical_damage_reduction_rating_+%_against_projectiles=not local,P019,represents the family `against` (1 templates); reach: Armour + #% increased; listed without it by apt
pseudo.pseudo_base_defence_percentile,#% Base Defence Percentile,#% increased Energy Shield Recovery rate,explicit.stat_988575597;fractured.stat_988575597;implicit.stat_988575597;scourge.stat_988575597,text-only,-,search/item-facts/data/mod-templates.csv#L1869,8,energy_shield_recovery_rate_+%=not local,P017,reach: Energy Shield + #% increased; listed without it by apt
pseudo.pseudo_base_defence_percentile,#% Base Defence Percentile,Golems have # to Armour,explicit.stat_1020786773,text-only,-,search/item-facts/data/mod-templates.csv#L1944,8,golem_physical_damage_reduction_rating=not local,P016,"family: a minion's or ally's, represented by `Minions have # to Armour`; reach: Armour + # to; listed without it by apt"
pseudo.pseudo_base_defence_percentile,#% Base Defence Percentile,# to Armour while Frozen,explicit.stat_504366827,text-only,-,search/item-facts/data/mod-templates.csv#L2032,7,physical_damage_reduction_rating_while_frozen=not local,P012,"family: while, represented by `#% increased Damage taken while on Full Energy Shield`; reach: Armour + # to; listed without it by apt"
pseudo.pseudo_base_defence_percentile,#% Base Defence Percentile,# to Evasion Rating while in Sand Stance,explicit.stat_1922061483,text-only,-,search/item-facts/data/mod-templates.csv#L2033,7,evasion_rating_plus_in_sand_stance=not local,P012,"family: while, represented by `#% increased Damage taken while on Full Energy Shield`; reach: Evasion Rating + # to; listed without it by apt"
pseudo.pseudo_base_defence_percentile,#% Base Defence Percentile,#% increased Effect of Shocks you inflict while Leeching Energy Shield,explicit.stat_3578946428,text-only,-,search/item-facts/data/mod-templates.csv#L2058,7,shock_effect_+%_while_es_leeching=not local,P012,"family: while, represented by `#% increased Damage taken while on Full Energy Shield`; reach: Energy Shield + #% increased; listed without it by apt"
pseudo.pseudo_base_defence_percentile,#% Base Defence Percentile,#% increased Energy Shield per # Strength,explicit.stat_506942497;implicit.stat_506942497,text-only,-,search/item-facts/data/mod-templates.csv#L2061,7,,P014,"family: per, represented by `#% increased Evasion Rating per Frenzy Charge`; reach: Energy Shield + #% increased; listed without it by apt"
pseudo.pseudo_base_defence_percentile,#% Base Defence Percentile,#% increased Evasion Rating per # Intelligence,explicit.stat_810772344;implicit.stat_810772344,text-only,-,search/item-facts/data/mod-templates.csv#L2062,7,,P014,"family: per, represented by `#% increased Evasion Rating per Frenzy Charge`; reach: Evasion Rating + #% increased; listed without it by apt"
pseudo.pseudo_base_defence_percentile,#% Base Defence Percentile,#% increased Global Defences per White Socket,explicit.stat_967108924,text-only,-,search/item-facts/data/mod-templates.csv#L2065,7,global_defences_+%_per_white_socket_on_item=not local,P014,"family: per, represented by `#% increased Evasion Rating per Frenzy Charge`; reach: Defences + #% increased; listed without it by apt"
pseudo.pseudo_base_defence_percentile,#% Base Defence Percentile,"#% increased Movement Speed per # Evasion Rating, up to #%",explicit.stat_2591020064;implicit.stat_2223256941,text-only,-,search/item-facts/data/mod-templates.csv#L2071,7,,P014,"family: per, represented by `#% increased Evasion Rating per Frenzy Charge`; reach: Evasion Rating + #% increased; listed without it by apt"
pseudo.pseudo_base_defence_percentile,#% Base Defence Percentile,#% increased Energy Shield Recharge Rate during any Flask Effect,explicit.stat_1827657795,text-only,-,search/item-facts/data/mod-templates.csv#L2249,6,energy_shield_recharge_rate_during_flask_effect_+%=not local,P008,"family: during a flask's effect, represented by `#% increased Armour during Effect`; reach: Energy Shield + #% increased; listed without it by apt"
pseudo.pseudo_base_defence_percentile,#% Base Defence Percentile,Added Small Passive Skills grant: #% increased Evasion Rating,enchant.stat_3948993189|43,text-only,-,search/item-facts/data/mod-templates.csv#L6290,6,,P010,"family: a passive's grant, represented by `Added Small Passive Skills also grant: # to Maximum Energy Shield`; reach: Evasion Rating + #% increased; listed without it by apt"
pseudo.pseudo_base_defence_percentile,#% Base Defence Percentile,#% increased Armour per # Reserved Mana,explicit.stat_2574337583;implicit.stat_749219868,text-only,-,search/item-facts/data/mod-templates.csv#L2793,4,,P014,"family: per, represented by `#% increased Evasion Rating per Frenzy Charge`; reach: Armour + #% increased; listed without it by apt"
pseudo.pseudo_base_defence_percentile,#% Base Defence Percentile,#% increased Evasion Rating if you have been Hit Recently,explicit.stat_1073310669;implicit.stat_1073310669,text-only,-,search/item-facts/data/mod-templates.csv#L2811,4,evasion_+%_if_hit_recently=not local,P020,represents the family `if or recently` (3 templates); reach: Evasion Rating + #% increased; listed without it by apt
pseudo.pseudo_base_defence_percentile,#% Base Defence Percentile,#% increased Evasion Rating while moving,explicit.stat_734823525;fractured.stat_734823525,text-only,-,search/item-facts/data/mod-templates.csv#L2812,4,evasion_rating_+%_while_moving=not local,P012,"family: while, represented by `#% increased Damage taken while on Full Energy Shield`; reach: Evasion Rating + #% increased; listed without it by apt"
pseudo.pseudo_base_defence_percentile,#% Base Defence Percentile,# to maximum Energy Shield per # Reserved Life,explicit.stat_4270089231,text-only,-,search/item-facts/data/mod-templates.csv#L3222,3,,P014,"family: per, represented by `#% increased Evasion Rating per Frenzy Charge`; reach: Energy Shield + # to; listed without it by apt"
pseudo.pseudo_base_defence_percentile,#% Base Defence Percentile,#% increased Armour while stationary,explicit.stat_3184053924,text-only,-,search/item-facts/data/mod-templates.csv#L3247,3,armour_+%_while_stationary=not local,P012,"family: while, represented by `#% increased Damage taken while on Full Energy Shield`; reach: Armour + #% increased; listed without it by apt"
pseudo.pseudo_base_defence_percentile,#% Base Defence Percentile,#% increased Defences per Minion from your Non-Vaal Skills,explicit.stat_3169460653,text-only,-,search/item-facts/data/mod-templates.csv#L3268,3,global_defences_+%_per_active_minion_not_from_vaal_skills=not local,P016,"family: a minion's or ally's, represented by `Minions have # to Armour`; reach: Defences + #% increased; listed without it by apt"
pseudo.pseudo_base_defence_percentile,#% Base Defence Percentile,#% increased Global maximum Energy Shield and reduced Lightning Resistance,explicit.stat_1381972535,text-only,-,search/item-facts/data/mod-templates.csv#L3275,3,maximum_energy_shield_+%_and_lightning_resistance_-%=not local,P021,reach: Energy Shield + #% increased; listed without it by apt
pseudo.pseudo_base_defence_percentile,#% Base Defence Percentile,# to [Armour|Armour],crafted.stat_3484657501;crafted.stat_809229260;explicit.stat_3484657501;explicit.stat_809229260;fractured.stat_3484657501;fractured.stat_809229260;implicit.stat_3484657501;scourge.stat_3484657501,text-only,-,search/item-facts/data/mod-templates.csv#L3789,2,base_physical_damage_reduction_rating=not local;local_base_physical_damage_reduction_rating=local,P003,reach: Armour + # to; listed without it by apt
pseudo.pseudo_base_defence_percentile,#% Base Defence Percentile,# to maximum [EnergyShield|Energy Shield],crafted.stat_3489782002;crafted.stat_4052037485;explicit.stat_3489782002;explicit.stat_4052037485;fractured.stat_3489782002;fractured.stat_4052037485;implicit.stat_3489782002;implicit.stat_4052037485;scourge.stat_4052037485,text-only,-,search/item-facts/data/mod-templates.csv#L3794,2,base_maximum_energy_shield=not local;local_energy_shield=local,P001,reach: Energy Shield + # to; listed without it by apt
pseudo.pseudo_base_defence_percentile,#% Base Defence Percentile,#% increased Armour from Equipped Helmet and Gloves,implicit.stat_791154540,text-only,-,search/item-facts/data/mod-templates.csv#L5970,2,armour_from_helmet_and_gloves_+%=not local,P022,reach: Armour + #% increased; listed without it by apt
pseudo.pseudo_base_defence_percentile,#% Base Defence Percentile,#% increased Armour per # Strength when in Off Hand,explicit.stat_2192181096,text-only,-,search/item-facts/data/mod-templates.csv#L3846,2,,P014,"family: per, represented by `#% increased Evasion Rating per Frenzy Charge`; reach: Armour + #% increased; listed without it by apt"
pseudo.pseudo_base_defence_percentile,#% Base Defence Percentile,#% increased Armour while Bleeding,explicit.stat_2466912132,text-only,-,search/item-facts/data/mod-templates.csv#L3847,2,armour_+%_while_bleeding=not local,P012,"family: while, represented by `#% increased Damage taken while on Full Energy Shield`; reach: Armour + #% increased; listed without it by apt"
pseudo.pseudo_base_defence_percentile,#% Base Defence Percentile,#% increased Attack Damage per # Armour,explicit.stat_192842973,text-only,-,search/item-facts/data/mod-templates.csv#L3848,2,,P014,"family: per, represented by `#% increased Evasion Rating per Frenzy Charge`; reach: Armour + #% increased; listed without it by apt"
pseudo.pseudo_base_defence_percentile,#% Base Defence Percentile,#% increased Defences,,text-only,-,search/item-facts/data/mod-templates.csv#L3882,2,,none: no stat id displays this text,reach: Defences + #% increased; listed without it by apt
pseudo.pseudo_base_defence_percentile,#% Base Defence Percentile,#% increased Evasion Rating from Equipped Helmet and Boots,implicit.stat_623823763,text-only,-,search/item-facts/data/mod-templates.csv#L5982,2,evasion_rating_from_helmet_and_boots_+%=not local,P023,reach: Evasion Rating + #% increased; listed without it by apt
pseudo.pseudo_base_defence_percentile,#% Base Defence Percentile,#% increased Evasion Rating per # Maximum Mana,explicit.stat_3147253569;implicit.stat_3147253569,text-only,-,search/item-facts/data/mod-templates.csv#L3891,2,,P014,"family: per, represented by `#% increased Evasion Rating per Frenzy Charge`; reach: Evasion Rating + #% increased; listed without it by apt"
pseudo.pseudo_base_defence_percentile,#% Base Defence Percentile,#% increased Evasion Rating while Phasing,explicit.stat_402176724,text-only,-,search/item-facts/data/mod-templates.csv#L3892,2,evasion_rating_+%_while_phasing=not local,P012,"family: while, represented by `#% increased Damage taken while on Full Energy Shield`; reach: Evasion Rating + #% increased; listed without it by apt"
pseudo.pseudo_base_defence_percentile,#% Base Defence Percentile,#% increased [Armour|Armour] and [EnergyShield|Energy Shield],crafted.stat_3321629045;explicit.stat_3321629045;fractured.stat_3321629045,text-only,-,search/item-facts/data/mod-templates.csv#L3913,2,local_armour_and_energy_shield_+%=local,P005,reach: Armour + #% increased; listed without it by apt
pseudo.pseudo_base_defence_percentile,#% Base Defence Percentile,Body Armour: #% reduced Chaos Damage taken over time,,text-only,-,search/item-facts/data/mod-templates.csv#L4138,2,,none: no stat id displays this text,represents the family `a description` (1 templates); reach: Armour + #% reduced; listed without it by apt
pseudo.pseudo_base_defence_percentile,#% Base Defence Percentile,Supported Skills deal #% increased Damage while Leeching Energy Shield,,text-only,-,search/item-facts/data/mod-templates.csv#L4408,2,,P012,"family: while, represented by `#% increased Damage taken while on Full Energy Shield`; reach: Energy Shield + #% increased; listed without it by apt"
pseudo.pseudo_base_defence_percentile,#% Base Defence Percentile,# to # Added Cold Damage per # Evasion Rating on Shield,,text-only,-,search/item-facts/data/mod-templates.csv#L4552,1,,P014,"family: per, represented by `#% increased Evasion Rating per Frenzy Charge`; reach: Evasion Rating + # to; listed without it by apt"
pseudo.pseudo_base_defence_percentile,#% Base Defence Percentile,# to Armour per # Evasion Rating on Equipped Shield,explicit.stat_3088183606,text-only,-,search/item-facts/data/mod-templates.csv#L4571,1,,P014,"family: per, represented by `#% increased Evasion Rating per Frenzy Charge`; reach: Armour + # to; listed without it by apt"
pseudo.pseudo_base_defence_percentile,#% Base Defence Percentile,# to Evasion Rating and Energy Shield,explicit.stat_1549868759,text-only,-,search/item-facts/data/mod-templates.csv#L4572,1,local_evasion_rating_and_energy_shield=local,P024,"reach: Evasion Rating + # to; listed without it by apt; PoB's Item.lua reads a local kind of these words as flat (PathOfBuilding@16de4b82:src/Classes/Item.lua#L2352); a kind, not the text, so not counted as a source"
pseudo.pseudo_base_defence_percentile,#% Base Defence Percentile,# to Evasion Rating per # Maximum Energy Shield on Equipped Shield,explicit.stat_1115914670,text-only,-,search/item-facts/data/mod-templates.csv#L4573,1,,P014,"family: per, represented by `#% increased Evasion Rating per Frenzy Charge`; reach: Evasion Rating + # to; listed without it by apt"
pseudo.pseudo_base_defence_percentile,#% Base Defence Percentile,# to Evasion Rating per # Player Maximum Life,explicit.stat_3637775205,text-only,-,search/item-facts/data/mod-templates.csv#L4574,1,,P025,represents the family `a monster's or an enemy's` (2 templates); reach: Evasion Rating + # to; listed without it by apt
pseudo.pseudo_base_defence_percentile,#% Base Defence Percentile,# to Maximum Energy Shield per # Armour on Equipped Shield,explicit.stat_3636098185,text-only,-,search/item-facts/data/mod-templates.csv#L4594,1,,P014,"family: per, represented by `#% increased Evasion Rating per Frenzy Charge`; reach: Armour + # to; listed without it by apt"
pseudo.pseudo_base_defence_percentile,#% Base Defence Percentile,# to [Evasion] Rating,crafted.stat_2144192055;crafted.stat_53045048;explicit.stat_2144192055;explicit.stat_53045048;fractured.stat_2144192055;fractured.stat_53045048;implicit.stat_53045048;scourge.stat_53045048,text-only,-,search/item-facts/data/mod-templates.csv#L4597,1,base_evasion_rating=not local;local_base_evasion_rating=local,P002,reach: Evasion + # to; listed without it by apt
pseudo.pseudo_base_defence_percentile,#% Base Defence Percentile,#% increased Arctic Armour Buff Effect,enchant.stat_3995612171;explicit.stat_3995612171;implicit.stat_3995612171,text-only,-,search/item-facts/data/mod-templates.csv#L4654,1,arctic_armour_buff_effect_+%=not local,P026,reach: Armour + #% increased; listed without it by apt
pseudo.pseudo_base_defence_percentile,#% Base Defence Percentile,#% increased Armour if you haven't Killed Recently,explicit.stat_2424133568;fractured.stat_2424133568,text-only,-,search/item-facts/data/mod-templates.csv#L4659,1,armour_+%_if_enemy_not_killed_recently=not local,P020,"family: if or recently, represented by `#% increased Evasion Rating if you have been Hit Recently`; reach: Armour + #% increased; listed without it by apt"
pseudo.pseudo_base_defence_percentile,#% Base Defence Percentile,#% increased Attack Damage per # Evasion Rating,explicit.stat_93696421,text-only,-,search/item-facts/data/mod-templates.csv#L4666,1,,P014,"family: per, represented by `#% increased Evasion Rating per Frenzy Charge`; reach: Evasion Rating + #% increased; listed without it by apt"
pseudo.pseudo_base_defence_percentile,#% Base Defence Percentile,#% increased Energy Shield from Equipped Body Armour,explicit.stat_1195319608;fractured.stat_1195319608,text-only,-,search/item-facts/data/mod-templates.csv#L4707,1,maximum_energy_shield_from_body_armour_+%=not local,P027,reach: Armour + #% increased; listed without it by apt
pseudo.pseudo_base_defence_percentile,#% Base Defence Percentile,#% increased Evasion Rating while Focused,crafted.stat_3839620417;explicit.stat_3839620417;fractured.stat_3839620417,text-only,-,search/item-facts/data/mod-templates.csv#L4708,1,evasion_rating_+%_during_focus=not local,P012,"family: while, represented by `#% increased Damage taken while on Full Energy Shield`; reach: Evasion Rating + #% increased; listed without it by apt"
pseudo.pseudo_base_defence_percentile,#% Base Defence Percentile,#% increased Global Defences per Empty Socket,explicit.stat_1422003590,text-only,-,search/item-facts/data/mod-templates.csv#L4714,1,global_defences_+%_per_empty_gem_socket_on_item=not local,P014,"family: per, represented by `#% increased Evasion Rating per Frenzy Charge`; reach: Defences + #% increased; listed without it by apt"
pseudo.pseudo_base_defence_percentile,#% Base Defence Percentile,#% increased [EnergyShield|Energy Shield],crafted.stat_4015621042;explicit.stat_4015621042;fractured.stat_4015621042;implicit.stat_4015621042,text-only,-,search/item-facts/data/mod-templates.csv#L4755,1,local_energy_shield_+%=local,P004,reach: Energy Shield + #% increased; listed without it by apt
pseudo.pseudo_base_defence_percentile,#% Base Defence Percentile,#% increased [Evasion|Evasion Rating] if you've Dodge Rolled [Recently],,text-only,-,search/item-facts/data/mod-templates.csv#L4756,1,,P020,"family: if or recently, represented by `#% increased Evasion Rating if you have been Hit Recently`; reach: Evasion Rating + #% increased; listed without it by apt"
pseudo.pseudo_base_defence_percentile,#% Base Defence Percentile,"#% increased total Recovery per second from Life, Mana, or Energy Shield Leech",explicit.stat_2314393054,text-only,-,search/item-facts/data/mod-templates.csv#L4767,1,life_mana_es_leech_speed_+%=not local,P014,"family: per, represented by `#% increased Evasion Rating per Frenzy Charge`; reach: Energy Shield + #% increased; listed without it by apt"
pseudo.pseudo_base_defence_percentile,#% Base Defence Percentile,#% reduced Armour per # Strength,,text-only,-,search/item-facts/data/mod-templates.csv#L4793,1,,P014,"family: per, represented by `#% increased Evasion Rating per Frenzy Charge`; reach: Armour + #% reduced; listed without it by apt"
pseudo.pseudo_base_defence_percentile,#% Base Defence Percentile,#% reduced Energy Shield Recovery rate,explicit.stat_988575597;fractured.stat_988575597;implicit.stat_988575597;scourge.stat_988575597,text-only,-,search/item-facts/data/mod-templates.csv#L6916,1,energy_shield_recovery_rate_+%=not local,P017,reach: Energy Shield + #% reduced; listed without it by apt
pseudo.pseudo_base_defence_percentile,#% Base Defence Percentile,Body Armour: #% increased Area of Effect,,text-only,-,search/item-facts/data/mod-templates.csv#L5110,1,,P025,"family: a monster's or an enemy's, represented by `# to Evasion Rating per # Player Maximum Life`; reach: Armour + #% increased; listed without it by apt"
pseudo.pseudo_base_defence_percentile,#% Base Defence Percentile,Body Armour: You take #% reduced Extra Damage from Critical Strikes per Endurance Charge,,text-only,-,search/item-facts/data/mod-templates.csv#L5112,1,,P014,"family: per, represented by `#% increased Evasion Rating per Frenzy Charge`; reach: Armour + #% reduced; listed without it by apt"
pseudo.pseudo_base_defence_percentile,#% Base Defence Percentile,Passive Skills in Radius also grant #% increased Armour,explicit.stat_1647724040,text-only,-,search/item-facts/data/mod-templates.csv#L5405,1,local_unique_jewel_passives_in_radius_grant_physical_damage_reduction_rating_+%=local,P010,"family: a passive's grant, represented by `Added Small Passive Skills also grant: # to Maximum Energy Shield`; reach: Armour + #% increased; listed without it by apt"
pseudo.pseudo_base_defence_percentile,#% Base Defence Percentile,"While a Unique Enemy is in your Presence, #% increased Evasion Rating",implicit.stat_3394288644,text-only,-,search/item-facts/data/mod-templates.csv#L6158,1,,P012,"family: while, represented by `#% increased Damage taken while on Full Energy Shield`; reach: Evasion Rating + #% increased; listed without it by apt"
pseudo.pseudo_base_defence_percentile,#% Base Defence Percentile,# to maximum Energy Shield,crafted.stat_3489782002;crafted.stat_4052037485;explicit.stat_3489782002;explicit.stat_4052037485;fractured.stat_3489782002;fractured.stat_4052037485;implicit.stat_3489782002;implicit.stat_4052037485;scourge.stat_4052037485,one-source,flat,awakened-poe-trade@ce551eb7:renderer/src/parser/calc-q20.ts#L24-L25,1299,base_maximum_energy_shield=not local;local_energy_shield=local,P001,"PoB's Item.lua reads a local kind of these words as flat (PathOfBuilding@16de4b82:src/Classes/Item.lua#L2353); a kind, not the text, so not counted as a source; read as local on 1 of the captured items, and the site's stated rule reproduces every one (data/percentile-check.csv): consistent, not the site naming it"
pseudo.pseudo_base_defence_percentile,#% Base Defence Percentile,# to Evasion Rating,crafted.stat_2144192055;crafted.stat_53045048;explicit.stat_2144192055;explicit.stat_53045048;fractured.stat_2144192055;fractured.stat_53045048;implicit.stat_53045048;scourge.stat_53045048,one-source,flat,awakened-poe-trade@ce551eb7:renderer/src/parser/calc-q20.ts#L15-L16,703,base_evasion_rating=not local;local_base_evasion_rating=local,P002,"PoB's Item.lua reads a local kind of these words as flat (PathOfBuilding@16de4b82:src/Classes/Item.lua#L2350); a kind, not the text, so not counted as a source; read as local on 3 of the captured items, and the site's stated rule reproduces every one (data/percentile-check.csv): consistent, not the site naming it"
pseudo.pseudo_base_defence_percentile,#% Base Defence Percentile,# to Armour,crafted.stat_3484657501;crafted.stat_809229260;explicit.stat_3484657501;explicit.stat_809229260;fractured.stat_3484657501;fractured.stat_809229260;implicit.stat_3484657501;scourge.stat_3484657501,one-source,flat,awakened-poe-trade@ce551eb7:renderer/src/parser/calc-q20.ts#L6-L7,681,base_physical_damage_reduction_rating=not local;local_base_physical_damage_reduction_rating=local,P003,"PoB's Item.lua reads a local kind of these words as flat (PathOfBuilding@16de4b82:src/Classes/Item.lua#L2347); a kind, not the text, so not counted as a source; read as local on 10 of the captured items, and the site's stated rule reproduces every one (data/percentile-check.csv): consistent, not the site naming it"
pseudo.pseudo_base_defence_percentile,#% Base Defence Percentile,#% increased Evasion Rating,crafted.stat_124859000;crafted.stat_2106365538;explicit.stat_124859000;explicit.stat_2106365538;fractured.stat_124859000;fractured.stat_2106365538;implicit.stat_124859000;implicit.stat_2106365538,one-source,increased,awakened-poe-trade@ce551eb7:renderer/src/parser/calc-q20.ts#L17-L18,522,evasion_rating_+%=not local;local_evasion_rating_+%=local,P028,"PoB's Item.lua reads a local kind of these words as increased (PathOfBuilding@16de4b82:src/Classes/Item.lua#L2360); a kind, not the text, so not counted as a source; read as local on 4 of the captured items, and the site's stated rule reproduces every one (data/percentile-check.csv): consistent, not the site naming it"
pseudo.pseudo_base_defence_percentile,#% Base Defence Percentile,#% increased Armour,crafted.stat_1062208444;crafted.stat_2866361420;explicit.stat_1062208444;explicit.stat_2866361420;fractured.stat_1062208444;fractured.stat_2866361420;implicit.stat_1062208444;implicit.stat_2866361420,one-source,increased,awakened-poe-trade@ce551eb7:renderer/src/parser/calc-q20.ts#L8-L9,468,local_physical_damage_reduction_rating_+%=local;physical_damage_reduction_rating_+%=not local,P029,"PoB's Item.lua reads a local kind of these words as increased (PathOfBuilding@16de4b82:src/Classes/Item.lua#L2358); a kind, not the text, so not counted as a source; read as local on 12 of the captured items, and the site's stated rule reproduces every one (data/percentile-check.csv): consistent, not the site naming it"
pseudo.pseudo_base_defence_percentile,#% Base Defence Percentile,#% increased Energy Shield,crafted.stat_4015621042;explicit.stat_4015621042;fractured.stat_4015621042;implicit.stat_4015621042,one-source,increased,awakened-poe-trade@ce551eb7:renderer/src/parser/calc-q20.ts#L26-L27,338,local_energy_shield_+%=local,P004,"PoB's Item.lua reads a local kind of these words as increased (PathOfBuilding@16de4b82:src/Classes/Item.lua#L2362); a kind, not the text, so not counted as a source; read as local on 1 of the captured items, and the site's stated rule reproduces every one (data/percentile-check.csv): consistent, not the site naming it"
pseudo.pseudo_base_defence_percentile,#% Base Defence Percentile,#% increased Armour and Energy Shield,crafted.stat_3321629045;explicit.stat_3321629045;fractured.stat_3321629045,one-source,increased,awakened-poe-trade@ce551eb7:renderer/src/parser/calc-q20.ts#L8-L13,325,local_armour_and_energy_shield_+%=local,P005,"PoB's Item.lua reads a local kind of these words as increased (PathOfBuilding@16de4b82:src/Classes/Item.lua#L2364); a kind, not the text, so not counted as a source"
pseudo.pseudo_base_defence_percentile,#% Base Defence Percentile,#% increased Armour and Evasion,crafted.stat_2451402625;explicit.stat_2451402625;fractured.stat_2451402625,one-source,increased,awakened-poe-trade@ce551eb7:renderer/src/parser/calc-q20.ts#L8-L13,274,local_armour_and_evasion_+%=local,P030,"PoB's Item.lua reads a local kind of these words as increased (PathOfBuilding@16de4b82:src/Classes/Item.lua#L2359); a kind, not the text, so not counted as a source; read as local on 3 of the captured items, and the site's stated rule reproduces every one (data/percentile-check.csv): consistent, not the site naming it"
pseudo.pseudo_base_defence_percentile,#% Base Defence Percentile,#% increased Evasion and Energy Shield,crafted.stat_1999113824;explicit.stat_1999113824;fractured.stat_1999113824,one-source,increased,awakened-poe-trade@ce551eb7:renderer/src/parser/calc-q20.ts#L17-L22,224,local_evasion_and_energy_shield_+%=local,P031,"PoB's Item.lua reads a local kind of these words as increased (PathOfBuilding@16de4b82:src/Classes/Item.lua#L2361); a kind, not the text, so not counted as a source"
pseudo.pseudo_base_defence_percentile,#% Base Defence Percentile,# to Ward,explicit.stat_774059442;fractured.stat_774059442,one-source,flat,awakened-poe-trade@ce551eb7:renderer/src/parser/calc-q20.ts#L33-L34,8,base_ward=not local;local_ward=local,P032,"PoB's Item.lua reads a local kind of these words as flat (PathOfBuilding@16de4b82:src/Classes/Item.lua#L2356); a kind, not the text, so not counted as a source"
pseudo.pseudo_base_defence_percentile,#% Base Defence Percentile,#% increased Ward,explicit.stat_830161081;fractured.stat_830161081,one-source,increased,awakened-poe-trade@ce551eb7:renderer/src/parser/calc-q20.ts#L35-L36,7,local_ward_+%=local;ward_+%=not local,P033,"PoB's Item.lua reads a local kind of these words as increased (PathOfBuilding@16de4b82:src/Classes/Item.lua#L2363); a kind, not the text, so not counted as a source"
pseudo.pseudo_base_defence_percentile,#% Base Defence Percentile,"#% increased Armour, Evasion and Energy Shield",crafted.stat_3523867985;explicit.stat_3523867985;fractured.stat_3523867985;implicit.stat_3523867985;scourge.stat_3523867985,one-source,increased,awakened-poe-trade@ce551eb7:renderer/src/parser/calc-q20.ts#L8-L13,1,local_armour_and_evasion_and_energy_shield_+%=local,P034,PoB's `Defences` INC kind (PathOfBuilding@16de4b82:src/Classes/Item.lua#L2365) may be this text; its words do not say
