# generated by scripts/percentile.py from data/captures.json, ../repoe/data/base-defences.csv, ../repoe/data/trade-stat-map.csv and poe1/data/stats.json @ e2bd511a
locator,base,base_row,quality,armour,evasion,energy_shield,ward,local_lines,site_value,site_q20,q20_predicted,apt_type,apt_point,apt_lo,apt_hi,pob_ar_lo,pob_ar_hi,pob_ev_lo,pob_ev_hi,pob_es_lo,pob_es_hi,pob_ward_lo,pob_ward_hi,pob_avg_lo,pob_avg_hi,site_rolls,site_lo,site_hi,apt_exact,apt_within,pob_avg_within,site_within,same_as,shown_not_of_base,beyond_range,site_unbounded
searches.R1.fetched[1],Crusader Chainmail,base-defences.csv row 100,0,692,,146,,192% increased Armour and Energy Shield,0,830,830,ar,0,0,1,0,0.54,,,0,3.42,,,0,1.98,ar=237;es=50,0,0,yes,yes,yes,yes,,,,0
searches.R1.fetched[5],Varnished Coat,base-defences.csv row 447,0,,933,190,,126% increased Evasion and Energy Shield,53,1120,1120,ev,55,54,55,,,54.49,55.43,48.5,52.92,,,51.5,54.17,ev=413;es=84,53,53,no,no,yes,yes,,,,53
searches.R1.fetched[8],Baroque Round Shield,base-defences.csv row 31,20,321,321,,,119% increased Armour and Evasion,0,321,321,ar,1,0,2,0,1.87,0,1.87,,,,,0,1.87,ar=122;ev=122,0,0,no,yes,yes,yes,,,,0
searches.R1.fetched[9],Secutor Helm,base-defences.csv row 354,0,162,162,,,65% increased Armour and Evasion,0,194,194,ar,1,0,3,0,2.69,0,2.69,,,,,0,2.69,ar=98;ev=98,0,0,no,yes,yes,yes,,,,0
searches.c2.fetched[3],Prophet Crown,base-defences.csv row 301,0,381,,162,,70% increased Armour and Energy Shield; +63 to maximum Energy Shield,0,457,457,ar,0,0,1,0,1.21,,,0,11.76,,,0,6.48,ar=224;es=32,0,0,yes,yes,yes,yes,,,,0
searches.c2.fetched[9],Prophet Crown,base-defences.csv row 301,0,361,,151,,61% increased Armour and Energy Shield; +62 to maximum Energy Shield,0,433,433,ar,1,0,2,0,1.57,,,0,1.99,,,0,1.78,ar=224;es=32,0,0,no,yes,yes,yes,,,,0
searches.c3.fetched[3],Fishscale Gauntlets,base-defences.csv row 146,0,12,12,,,9% increased Armour and Evasion,67,14,14,ar,67,52,82,51.68,82.26,51.68,82.26,,,,,51.68,82.26,ar=11;ev=11,67,67,yes,yes,yes,yes,,,,67
searches.c4.fetched[1],Compound Spiked Shield,base-defences.csv row 81,0,,122,25,,,0,146,146,ev,0,0,2,,,0,2.27,0,10,,,0,6.13,ev=122;es=25,0,0,yes,yes,yes,yes,,,,0
searches.c4.fetched[2],Spidersilk Robe,base-defences.csv row 388,0,,,335,,232% increased Energy Shield,0,402,402,es,0,0,0,,,,,0,0.34,,,0,0.34,es=101,0,0,yes,yes,yes,yes,,,,0
searches.c4.fetched[4],Compound Spiked Shield,base-defences.csv row 81,0,,122,25,,,0,146,146,ev,0,0,2,,,0,2.27,0,10,,,0,6.13,ev=122;es=25,0,0,yes,yes,yes,yes,,,,0
searches.c4.fetched[6],Compound Spiked Shield,base-defences.csv row 81,0,,122,25,,,0,146,146,ev,0,0,2,,,0,2.27,0,10,,,0,6.13,ev=122;es=25,0,0,yes,yes,yes,yes,,,,0
searches.c5.fetched[1],Slink Boots,base-defences.csv row 377,14,,379,,,35% increased Evasion Rating,0,399,399,ev,1,0,2,,,0,1.59,,,,,0,1.59,ev=246,0,0,no,yes,yes,yes,,,,0
searches.c5.fetched[3],Simple Robe,base-defences.csv row 374,0,,20,28,,+20 to Evasion Rating; +14 to maximum Energy Shield,0,24,,es,0,0,8,,,,,0,8.33,,,0,8.33,es=14,0,0,yes,yes,yes,yes,,ev,,0
searches.c5.fetched[4],Lion Pelt,base-defences.csv row 238,0,,628,,,+15 to Evasion Rating; 59% increased Evasion Rating,0,754,754,ev,0,0,0,,,0,0.5,,,,,0,0.5,ev=380,0,0,yes,yes,yes,yes,,,,0
searches.c5.fetched[6],Leather Hood,base-defences.csv row 227,0,,189,,,87% increased Evasion Rating,0,227,227,ev,0,0,1,,,0,1.3,,,,,0,1.3,ev=101,0,0,yes,yes,yes,yes,,,,0
searches.c5.fetched[7],Legion Boots,base-defences.csv row 229,0,138,,26,,+6 to Armour; 25% increased Armour and Energy Shield,0,165,165,ar,3,0,5,0,5,,,0,5,,,0,5,ar=104;es=21,0,0,no,yes,yes,yes,,,,0
searches.c5.fetched[8],Teak Round Shield,base-defences.csv row 416,0,190,196,,,+4 to Evasion Rating; 45% increased Armour and Evasion,0,228,228,ar,0,0,3,0,2.53,0,3.45,,,,,0,2.99,ar=131;ev=131,0,0,yes,yes,yes,yes,,,,0
searches.c5.fetched[9],Mirrored Spiked Shield,base-defences.csv row 255,0,,151,155,,+124 to maximum Energy Shield,0,181,181,ev,0,0,2,,,0,2.17,0,12.5,,,0,7.33,ev=151;es=31,0,0,yes,yes,yes,yes,,,,0
searches.c6.fetched[0],Shagreen Gloves,base-defences.csv row 361,20,,253,,,+19 to Evasion Rating,43,253,253,ev,42,41,44,,,41.19,43.57,,,,,41.19,43.57,ev=192,43,43,no,yes,yes,yes,,,,43
searches.c6.fetched[1],Carnal Mitts,base-defences.csv row 59,0,,124,26,,36% increased Evasion and Energy Shield,5,149,149,ev,11,7,14,,,7.35,14.04,0,24.26,,,3.67,19.15,ev=91;es=19,5,5,no,no,yes,yes,,,,5
searches.c6.fetched[2],Legion Gloves,base-defences.csv row 230,0,116,,24,,,74,139,139,ar,72,69,75,69.44,75,,,62.5,87.5,,,65.97,81.25,ar=116;es=24,74,74,no,yes,yes,yes,,,,74
searches.c6.fetched[3],Arcanist Gloves,base-defences.csv row 18,20,,,87,,40% increased Energy Shield; 18% increased Energy Shield,14,87,87,es,13,9,16,,,,,8.89,16.43,,,8.89,16.43,es=46,14,14,no,yes,yes,yes,,,,14
searches.c6.fetched[4],Slink Gloves,base-defences.csv row 378,20,,319,,,,67,319,319,ev,66,65,67,,,65.05,67.36,,,,,65.05,67.36,ev=266,67,67,no,yes,yes,yes,,,,67
searches.c6.fetched[5],Shagreen Gloves,base-defences.csv row 361,0,,275,,,+6 to Evasion Rating; 35% increased Evasion Rating,60,330,330,ev,59,58,60,,,58.1,60.21,,,,,58.1,60.21,ev=198,60,60,no,yes,yes,yes,,,,60
searches.c6.fetched[6],Velvet Gloves,base-defences.csv row 450,9,,,19,,35% increased Energy Shield,100,21,21,es,97,86,100,,,,,85.74,100,,,85.74,100,es=13,100,100,no,yes,yes,yes,,,,100
searches.c6.fetched[7],Assassin's Mitts,base-defences.csv row 25,0,,105,21,,,3,126,126,ev,5,3,8,,,2.63,7.89,0,12.5,,,1.31,10.2,ev=105;es=21,3,3,no,yes,yes,yes,,,,3
searches.c6.fetched[8],Shagreen Gloves,base-defences.csv row 361,0,,180,,,,9,216,216,ev,9,7,10,,,7.14,10,,,,,7.14,10,ev=180,9,9,yes,yes,yes,yes,,,,9
searches.c6.fetched[9],Hydrascale Gauntlets,base-defences.csv row 199,20,222,222,,,53% increased Armour and Evasion,94,222,222,ar,93,92,95,91.52,94.92,91.52,94.92,,,,,91.52,94.92,ar=121;ev=121,94,94,no,yes,yes,yes,,,,94
searches.d01.fetched[0],Shackled Boots,base-defences.csv row 359,0,,67,14,,,53,80,80,ev,56,50,61,,,50,61.11,25,75,,,37.5,68.06,ev=67;es=14,53,53,no,yes,yes,yes,,,,53
searches.d03.fetched[0],Sorcerer Gloves,base-defences.csv row 385,0,,,105,,+12 to maximum Energy Shield; 59% increased Energy Shield,63,126,126,es,63,59,67,,,,,59.04,66.9,,,59.04,66.9,es=54,63,63,yes,yes,yes,yes,,,,63
searches.d03.fetched[1],Antique Gauntlets,base-defences.csv row 13,0,136,,,,,28,163,163,ar,28,26,30,26,30,,,,,,,26,30,ar=136,28,28,yes,yes,yes,yes,,,,28
searches.d03.fetched[2],Dragonscale Gauntlets,base-defences.csv row 119,20,203,163,,,+33 to Armour,83,203,203,ar,84,82,87,81.94,86.57,80.09,84.72,,,,,81.01,85.65,ar=136;ev=136,83,83,no,yes,yes,yes,,,,83
searches.d03.fetched[3],Shagreen Gloves,base-defences.csv row 361,0,,447,,,+103 to Evasion Rating; 42% increased Evasion Rating,100,537,537,ev,99,98,100,,,98.39,100,,,,,98.39,100,ev=212,100,100,no,yes,yes,yes,,,,100
searches.d03.fetched[4],Crusader Gloves,base-defences.csv row 101,0,137,,28,,,94,164,164,ar,89,86,92,86.11,91.67,,,83.33,100,,,84.72,95.84,ar=137;es=28,94,94,no,no,yes,yes,,,,94
searches.d03.fetched[5],Hydrascale Gauntlets,base-defences.csv row 199,0,110,110,,,,25,132,132,ar,25,22,28,21.88,28.12,21.88,28.12,,,,,21.88,28.12,ar=110;ev=110,25,25,yes,yes,yes,yes,,,,25
searches.d03.fetched[6],Slink Gloves,base-defences.csv row 378,0,,408,,,48% increased Evasion Rating,94,490,490,ev,94,93,94,,,92.61,94.48,,,,,92.61,94.48,ev=276,94,94,yes,yes,yes,yes,,,,94
searches.d03.fetched[7],Stealth Gloves,base-defences.csv row 396,0,,356,,,40% increased Evasion Rating,68,427,427,ev,68,67,70,,,67.44,69.54,,,,,67.44,69.54,ev=254,68,68,yes,yes,yes,yes,,,,68
searches.d03.fetched[8],Slink Gloves,base-defences.csv row 378,20,,325,,,,81,325,325,ev,80,79,81,,,78.94,81.25,,,,,78.94,81.25,ev=271,81,81,no,yes,yes,yes,,,,81
searches.d03.fetched[9],Legion Gloves,base-defences.csv row 230,0,112,,23,,,50,134,134,ar,50,47,53,47.22,52.78,,,37.5,62.5,,,42.36,57.64,ar=112;es=23,50,50,yes,yes,yes,yes,,,,50
searches.d06.fetched[0],Simple Robe,base-defences.csv row 374,0,,14,34,,+14 to Evasion Rating; +20 to maximum Energy Shield,0,17,,es,0,0,8,,,,,0,8.33,,,0,8.33,es=14,0,0,yes,yes,yes,yes,,ev,,0
searches.d06.fetched[1],Simple Robe,base-defences.csv row 374,0,,10,34,,+10 to Evasion Rating; +20 to maximum Energy Shield,0,12,,es,0,0,8,,,,,0,8.33,,,0,8.33,es=14,0,0,yes,yes,yes,yes,,ev,,0
searches.d06.fetched[2],Simple Robe,base-defences.csv row 374,0,,17,31,,+17 to Evasion Rating; +17 to maximum Energy Shield,0,20,,es,0,0,8,,,,,0,8.33,,,0,8.33,es=14,0,0,yes,yes,yes,yes,,ev,,0
searches.d06.fetched[3],Simple Robe,base-defences.csv row 374,5,,11,25,,+10 to Evasion Rating; +10 to maximum Energy Shield,0,12,,es,0,0,5,,,,,0,4.76,,,0,4.76,es=14,0,0,yes,yes,yes,yes,,ev,,0
searches.d06.fetched[4],Simple Robe,base-defences.csv row 374,0,,16,30,,+16 to Evasion Rating; +16 to maximum Energy Shield,0,19,,es,0,0,8,,,,,0,8.33,,,0,8.33,es=14,0,0,yes,yes,yes,yes,,ev,,0
searches.d06.fetched[5],Simple Robe,base-defences.csv row 374,12,,11,35,,+10 to Evasion Rating; +17 to maximum Energy Shield,0,12,,es,4,0,12,,,,,0,11.61,,,0,11.61,es=14,0,0,no,yes,yes,yes,,ev,,0
searches.d06.fetched[6],Simple Robe,base-defences.csv row 374,0,,12,34,,+12 to Evasion Rating; +20 to maximum Energy Shield,0,14,,es,0,0,8,,,,,0,8.33,,,0,8.33,es=14,0,0,yes,yes,yes,yes,,ev,,0
searches.d06.fetched[7],Simple Robe,base-defences.csv row 374,0,,13,30,,+13 to Evasion Rating; +16 to maximum Energy Shield,0,16,,es,0,0,8,,,,,0,8.33,,,0,8.33,es=14,0,0,yes,yes,yes,yes,,ev,,0
searches.d06.fetched[8],Simple Robe,base-defences.csv row 374,0,,15,29,,+15 to Evasion Rating; +15 to maximum Energy Shield,0,18,,es,0,0,8,,,,,0,8.33,,,0,8.33,es=14,0,0,yes,yes,yes,yes,,ev,,0
searches.d06.fetched[9],Simple Robe,base-defences.csv row 374,0,,13,28,,+13 to Evasion Rating; +14 to maximum Energy Shield,0,16,,es,0,0,8,,,,,0,8.33,,,0,8.33,es=14,0,0,yes,yes,yes,yes,,ev,,0
searches.d07.fetched[6],Shagreen Gloves,base-defences.csv row 361,0,,406,,,105% increased Evasion Rating,60,487,487,ev,60,59,61,,,59.44,60.84,,,,,59.44,60.84,ev=198,60,60,yes,yes,yes,yes,,,,60
searches.d08.fetched[6],Mesh Boots,base-defences.csv row 252,0,71,,15,,40% increased Armour and Energy Shield,0,86,86,ar,0,0,1,0,0.55,,,0,2.38,,,0,1.47,ar=51;es=11,0,0,yes,yes,yes,yes,,,,0
searches.d08.fetched[9],Wrapped Mitts,base-defences.csv row 468,0,,11,3,,,0,13,13,ev,0,0,13,,,0,12.5,0,25,,,0,18.75,ev=11;es=3,0,0,yes,yes,yes,yes,,,,0
searches.d09.fetched[2],Ebony Tower Shield,base-defences.csv row 123,0,875,,,,145% increased Armour,0,1050,1050,ar,0,0,1,0,0.64,,,,,,,0,0.64,ar=357,0,0,yes,yes,yes,yes,,,,0
searches.d09.fetched[3],Goathide Gloves,base-defences.csv row 172,0,,79,,,+47 to Evasion Rating,0,95,95,ev,0,0,5,,,0,5,,,,,0,5,ev=32,0,0,yes,yes,yes,yes,,,,0
searches.d09.fetched[9],Simple Robe,base-defences.csv row 374,0,,19,24,,+19 to Evasion Rating; +10 to maximum Energy Shield,0,23,,es,0,0,8,,,,,0,8.33,,,0,8.33,es=14,0,0,yes,yes,yes,yes,,ev,,0
searches.d10.fetched[0],Shagreen Gloves,base-defences.csv row 361,0,,406,,,105% increased Evasion Rating,60,487,487,ev,60,59,61,,,59.44,60.84,,,,,59.44,60.84,ev=198,60,60,yes,yes,yes,yes,searches.d07.fetched[6],,,60
searches.d10.fetched[2],Carnal Mitts,base-defences.csv row 59,0,,90,19,,,0,108,108,ev,0,0,5,,,0,4.55,0,25,,,0,14.78,ev=90;es=19,0,0,yes,yes,yes,yes,,,,0
searches.d10.fetched[3],Carnal Mitts,base-defences.csv row 59,0,,90,19,,,0,108,108,ev,0,0,5,,,0,4.55,0,25,,,0,14.78,ev=90;es=19,0,0,yes,yes,yes,yes,,,,0
searches.d10.fetched[4],Carnal Mitts,base-defences.csv row 59,0,,90,19,,,0,108,108,ev,0,0,5,,,0,4.55,0,25,,,0,14.78,ev=90;es=19,0,0,yes,yes,yes,yes,,,,0
searches.d10.fetched[5],Carnal Mitts,base-defences.csv row 59,12,,101,21,,,0,108,108,ev,2,0,6,,,0,5.68,0,9.82,,,0,7.75,ev=90;es=19,0,0,no,yes,yes,yes,,,,0
searches.d10.fetched[6],Carnal Mitts,base-defences.csv row 59,0,,90,19,,,0,108,108,ev,0,0,5,,,0,4.55,0,25,,,0,14.78,ev=90;es=19,0,0,yes,yes,yes,yes,,,,0
searches.d10.fetched[8],Carnal Mitts,base-defences.csv row 59,0,,93,20,,,39,112,112,ev,27,23,32,,,22.73,31.82,25,75,,,23.87,53.41,ev=93;es=20,39,39,no,no,yes,yes,,,,39
searches.d10.fetched[9],Carnal Mitts,base-defences.csv row 59,0,,90,19,,,0,108,108,ev,0,0,5,,,0,4.55,0,25,,,0,14.78,ev=90;es=19,0,0,yes,yes,yes,yes,,,,0
searches.d11.fetched[7],Wild Leather,base-defences.csv row 461,0,,415,,,53% increased Evasion Rating,31,498,498,ev,32,31,32,,,31.21,32.49,,,,,31.21,32.49,ev=271,31,31,no,yes,yes,yes,,,,31
searches.d11.fetched[8],Wrapped Mitts,base-defences.csv row 468,0,,11,3,,,0,13,13,ev,0,0,13,,,0,12.5,0,25,,,0,18.75,ev=11;es=3,0,0,yes,yes,yes,yes,,,,0
searches.d12.fetched[4],Soldier Helmet,base-defences.csv row 382,0,48,,11,,42% increased Armour and Energy Shield,0,58,58,ar,0,0,1,0,1.41,,,0,3.29,,,0,2.35,ar=34;es=8,0,0,yes,yes,yes,yes,,,,0
searches.d12.fetched[7],Soldier Helmet,base-defences.csv row 382,0,51,,12,,49% increased Armour and Energy Shield,0,61,61,ar,2,0,5,0,5.13,,,0,12.98,,,0,9.05,ar=34;es=8,0,0,no,yes,yes,yes,,,,0
searches.d12.fetched[8],Ebony Tower Shield,base-defences.csv row 123,0,828,,,,132% increased Armour,0,994,994,ar,0,0,0,0,0.21,,,,,,,0,0.21,ar=357,0,0,yes,yes,yes,yes,,,,0
searches.d15.fetched[0],Simple Robe,base-defences.csv row 374,0,,14,31,,+14 to Evasion Rating; +17 to maximum Energy Shield,0,17,,es,0,0,8,,,,,0,8.33,,,0,8.33,es=14,0,0,yes,yes,yes,yes,,ev,,0
searches.d15.fetched[1],Simple Robe,base-defences.csv row 374,0,,17,31,,+17 to Evasion Rating; +17 to maximum Energy Shield,0,20,,es,0,0,8,,,,,0,8.33,,,0,8.33,es=14,0,0,yes,yes,yes,yes,searches.d06.fetched[2],ev,,0
searches.d15.fetched[2],Simple Robe,base-defences.csv row 374,0,,10,31,,+10 to Evasion Rating; +17 to maximum Energy Shield,0,12,,es,0,0,8,,,,,0,8.33,,,0,8.33,es=14,0,0,yes,yes,yes,yes,,ev,,0
searches.d15.fetched[3],Simple Robe,base-defences.csv row 374,0,,12,30,,+12 to Evasion Rating; +16 to maximum Energy Shield,0,14,,es,0,0,8,,,,,0,8.33,,,0,8.33,es=14,0,0,yes,yes,yes,yes,,ev,,0
searches.d15.fetched[5],Simple Robe,base-defences.csv row 374,0,,12,26,,+12 to Evasion Rating; +12 to maximum Energy Shield,0,14,,es,0,0,8,,,,,0,8.33,,,0,8.33,es=14,0,0,yes,yes,yes,yes,,ev,,0
searches.d15.fetched[6],Simple Robe,base-defences.csv row 374,0,,12,29,,+12 to Evasion Rating; +15 to maximum Energy Shield,0,14,,es,0,0,8,,,,,0,8.33,,,0,8.33,es=14,0,0,yes,yes,yes,yes,,ev,,0
searches.d15.fetched[7],Simple Robe,base-defences.csv row 374,0,,19,31,,+19 to Evasion Rating; +17 to maximum Energy Shield,0,23,,es,0,0,8,,,,,0,8.33,,,0,8.33,es=14,0,0,yes,yes,yes,yes,,ev,,0
searches.d15.fetched[8],Simple Robe,base-defences.csv row 374,0,,20,32,,+20 to Evasion Rating; +18 to maximum Energy Shield,0,24,,es,0,0,8,,,,,0,8.33,,,0,8.33,es=14,0,0,yes,yes,yes,yes,,ev,,0
searches.d15.fetched[9],Simple Robe,base-defences.csv row 374,0,,17,34,,+17 to Evasion Rating; +20 to maximum Energy Shield,0,20,,es,0,0,8,,,,,0,8.33,,,0,8.33,es=14,0,0,yes,yes,yes,yes,,ev,,0
searches.d17.fetched[0],Simple Robe,base-defences.csv row 374,0,,18,30,,+18 to Evasion Rating; +16 to maximum Energy Shield,0,22,,es,0,0,8,,,,,0,8.33,,,0,8.33,es=14,0,0,yes,yes,yes,yes,,ev,,0
searches.d17.fetched[6],Simple Robe,base-defences.csv row 374,0,,16,29,,+16 to Evasion Rating; +15 to maximum Energy Shield,0,19,,es,0,0,8,,,,,0,8.33,,,0,8.33,es=14,0,0,yes,yes,yes,yes,,ev,,0
searches.d18.fetched[0],Simple Robe,base-defences.csv row 374,0,,14,24,,+14 to Evasion Rating; +10 to maximum Energy Shield,0,17,,es,0,0,8,,,,,0,8.33,,,0,8.33,es=14,0,0,yes,yes,yes,yes,,ev,,0
searches.d18.fetched[1],Simple Robe,base-defences.csv row 374,0,,18,26,,+18 to Evasion Rating; +12 to maximum Energy Shield,0,22,,es,0,0,8,,,,,0,8.33,,,0,8.33,es=14,0,0,yes,yes,yes,yes,,ev,,0
searches.d18.fetched[2],Simple Robe,base-defences.csv row 374,0,,16,27,,+16 to Evasion Rating; +13 to maximum Energy Shield,0,19,,es,0,0,8,,,,,0,8.33,,,0,8.33,es=14,0,0,yes,yes,yes,yes,,ev,,0
searches.d18.fetched[3],Simple Robe,base-defences.csv row 374,0,,14,26,,+14 to Evasion Rating; +12 to maximum Energy Shield,0,17,,es,0,0,8,,,,,0,8.33,,,0,8.33,es=14,0,0,yes,yes,yes,yes,,ev,,0
searches.d18.fetched[4],Soldier Helmet,base-defences.csv row 382,0,70,,16,,105% increased Armour and Energy Shield,0,84,84,ar,1,0,4,0,3.55,,,0,1.63,,,0,2.59,ar=34;es=8,0,0,no,yes,yes,yes,,,,0
searches.d18.fetched[5],Simple Robe,base-defences.csv row 374,0,,15,30,,+15 to Evasion Rating; +16 to maximum Energy Shield,0,18,,es,0,0,8,,,,,0,8.33,,,0,8.33,es=14,0,0,yes,yes,yes,yes,,ev,,0
searches.d18.fetched[6],Soldier Helmet,base-defences.csv row 382,0,51,,12,,50% increased Armour and Energy Shield,0,61,61,ar,0,0,3,0,3.03,,,0,11.11,,,0,7.07,ar=34;es=8,0,0,yes,yes,yes,yes,,,,0
searches.d18.fetched[7],Soldier Helmet,base-defences.csv row 382,0,48,,11,,40% increased Armour and Energy Shield,0,57,57,ar,3,0,6,0,5.84,,,0,7.14,,,0,6.49,ar=34;es=8,0,0,no,yes,yes,yes,,,,0
searches.d18.fetched[8],Soldier Helmet,base-defences.csv row 382,0,49,,11,,43% increased Armour and Energy Shield,0,58,58,ar,2,0,6,0,5.59,,,0,1.4,,,0,3.5,ar=34;es=8,0,0,no,yes,yes,yes,,,,0
searches.d18.fetched[9],Simple Robe,base-defences.csv row 374,0,,20,26,,+20 to Evasion Rating; +12 to maximum Energy Shield,0,24,,es,0,0,8,,,,,0,8.33,,,0,8.33,es=14,0,0,yes,yes,yes,yes,,ev,,0
searches.d23.fetched[2],Carnal Mitts,base-defences.csv row 59,0,,90,19,,,0,108,108,ev,0,0,5,,,0,4.55,0,25,,,0,14.78,ev=90;es=19,0,0,yes,yes,yes,yes,,,,0
searches.d23.fetched[3],Carnal Mitts,base-defences.csv row 59,0,,90,19,,,0,108,108,ev,0,0,5,,,0,4.55,0,25,,,0,14.78,ev=90;es=19,0,0,yes,yes,yes,yes,,,,0
searches.d23.fetched[4],Carnal Mitts,base-defences.csv row 59,0,,90,19,,,0,108,108,ev,0,0,5,,,0,4.55,0,25,,,0,14.78,ev=90;es=19,0,0,yes,yes,yes,yes,,,,0
searches.d24.fetched[0],Carnal Mitts,base-defences.csv row 59,0,,90,19,,,0,108,108,ev,0,0,5,,,0,4.55,0,25,,,0,14.78,ev=90;es=19,0,0,yes,yes,yes,yes,,,,0
searches.d24.fetched[1],Carnal Mitts,base-defences.csv row 59,0,,90,19,,,0,108,108,ev,0,0,5,,,0,4.55,0,25,,,0,14.78,ev=90;es=19,0,0,yes,yes,yes,yes,,,,0
searches.d24.fetched[2],Carnal Mitts,base-defences.csv row 59,0,,90,19,,,0,108,108,ev,0,0,5,,,0,4.55,0,25,,,0,14.78,ev=90;es=19,0,0,yes,yes,yes,yes,,,,0
searches.d24.fetched[3],Carnal Mitts,base-defences.csv row 59,0,,90,19,,,0,108,108,ev,0,0,5,,,0,4.55,0,25,,,0,14.78,ev=90;es=19,0,0,yes,yes,yes,yes,,,,0
searches.d24.fetched[4],Carnal Mitts,base-defences.csv row 59,0,,90,19,,,0,108,108,ev,0,0,5,,,0,4.55,0,25,,,0,14.78,ev=90;es=19,0,0,yes,yes,yes,yes,,,,0
searches.d24.fetched[5],Carnal Mitts,base-defences.csv row 59,0,,90,19,,,0,108,108,ev,0,0,5,,,0,4.55,0,25,,,0,14.78,ev=90;es=19,0,0,yes,yes,yes,yes,,,,0
searches.d24.fetched[6],Carnal Mitts,base-defences.csv row 59,0,,90,19,,,0,108,108,ev,0,0,5,,,0,4.55,0,25,,,0,14.78,ev=90;es=19,0,0,yes,yes,yes,yes,,,,0
searches.d24.fetched[7],Carnal Mitts,base-defences.csv row 59,0,,90,19,,,0,108,108,ev,0,0,5,,,0,4.55,0,25,,,0,14.78,ev=90;es=19,0,0,yes,yes,yes,yes,,,,0
searches.d24.fetched[8],Carnal Mitts,base-defences.csv row 59,0,,90,19,,,0,108,108,ev,0,0,5,,,0,4.55,0,25,,,0,14.78,ev=90;es=19,0,0,yes,yes,yes,yes,,,,0
searches.d24.fetched[9],Carnal Mitts,base-defences.csv row 59,0,,90,19,,,0,108,108,ev,0,0,5,,,0,4.55,0,25,,,0,14.78,ev=90;es=19,0,0,yes,yes,yes,yes,,,,0
searches.e002.fetched[0],Goliath Gauntlets,base-defences.csv row 178,0,450,,,,+118 to Armour; 45% increased Armour and Energy Shield,69,539,539,ar,71,69,72,69.23,71.88,,,,,,,69.23,71.88,ar=192,69,69,no,yes,yes,yes,,,,69
searches.e002.fetched[1],Chimerascale Gauntlets,base-defences.csv row 71,0,223,223,,,26% increased Armour and Evasion,4,268,268,ar,4,2,5,2.18,5.11,2.18,5.11,,,,,2.18,5.11,ar=177;ev=177,4,4,yes,yes,yes,yes,,,,4
searches.e002.fetched[2],Carnal Mitts,base-defences.csv row 59,0,,103,24,,+5 to Evasion Rating; +4 to maximum Energy Shield,61,124,124,ev,73,68,77,,,68.18,77.27,25,75,,,46.59,76.14,ev=98;es=20,61,61,no,no,yes,yes,,,,61
searches.e002.fetched[3],Ambush Mitts,base-defences.csv row 7,6,,212,45,,125% increased Evasion and Energy Shield,90,240,240,ev,79,77,81,,,76.79,80.99,82.91,100,,,79.85,90.5,ev=89;es=19,90,90,no,no,yes,yes,,,,90
searches.e002.fetched[4],Slink Gloves,base-defences.csv row 378,20,,437,,,+119 to Evasion Rating,8,437,437,ev,9,8,10,,,7.64,9.95,,,,,7.64,9.95,ev=245,8,8,no,yes,yes,yes,,,,8
searches.e002.fetched[5],Sorcerer Gloves,base-defences.csv row 385,0,,,59,,+6 to maximum Energy Shield,50,71,71,es,50,44,56,,,,,43.75,56.25,,,43.75,56.25,es=53,50,50,yes,yes,yes,yes,,,,50
searches.e002.fetched[6],Crusader Gloves,base-defences.csv row 101,0,165,,52,,33% increased Armour and Energy Shield; +14 to maximum Energy Shield,8,198,198,ar,17,15,19,14.91,19.09,,,0,15.79,,,7.46,17.44,ar=124;es=25,8,8,no,no,yes,yes,,,,8
searches.e002.fetched[7],Carnal Mitts,base-defences.csv row 59,0,,149,31,,62% increased Evasion and Energy Shield,9,179,179,ev,18,15,21,,,15.15,20.76,0,22.22,,,7.58,21.49,ev=92;es=19,9,9,no,no,yes,yes,,,,9
searches.e002.fetched[8],Goliath Gauntlets,base-defences.csv row 178,0,179,,,,,19,215,215,ar,19,17,21,17.31,21.15,,,,,,,17.31,21.15,ar=179,19,19,yes,yes,yes,yes,,,,19
searches.e002.fetched[9],Crusader Gloves,base-defences.csv row 101,0,124,,26,,,25,149,149,ar,17,14,19,13.89,19.44,,,16.67,50,,,15.28,34.72,ar=124;es=26,25,25,no,no,yes,yes,,,,25
searches.e004.fetched[0],Mind Cage,base-defences.csv row 254,0,,,111,,35% increased Energy Shield,82,133,133,es,84,80,87,,,,,80.47,87.21,,,80.47,87.21,es=82,82,82,no,yes,yes,yes,,,,82
searches.e004.fetched[1],Ancient Mask,base-defences.csv row 10,0,,316,63,,,14,379,379,ev,17,16,18,,,15.96,18.09,5.56,16.67,,,10.76,17.38,ev=316;es=63,14,14,no,no,yes,yes,,,,14
searches.e004.fetched[2],Deicide Mask,base-defences.csv row 109,0,,404,100,,96% increased Evasion and Energy Shield,56,485,485,ev,56,55,56,,,54.71,56.47,53.79,61.08,,,54.25,58.77,ev=206;es=51,56,56,yes,yes,yes,yes,,,,56
searches.e004.fetched[3],Fluted Bascinet,base-defences.csv row 147,0,398,394,,,+44 to Armour; +42 to Evasion Rating; 86% increased Armour and Evasion,34,478,478,ar,34,33,35,33.48,35.34,32.96,34.82,,,,,33.22,35.08,ar=170;ev=170,34,34,yes,yes,yes,yes,,,,34
searches.e004.fetched[4],Ursine Pelt,base-defences.csv row 440,20,,386,,,,94,386,386,ev,93,92,94,,,92.35,94.05,,,,,92.35,94.05,ev=322,94,94,no,yes,yes,yes,,,,94
searches.e004.fetched[5],Fluted Bascinet,base-defences.csv row 147,7,214,214,,,22% increased Armour and Evasion,14,240,240,ar,14,12,15,12.25,14.89,12.25,14.89,,,,,12.25,14.89,ar=164;ev=164,14,14,yes,yes,yes,yes,,,,14
searches.e004.fetched[6],Sinner Tricorne,base-defences.csv row 375,0,,386,,,+10 to Evasion Rating,13,463,463,ev,13,12,13,,,11.61,13.39,,,,,11.61,13.39,ev=376,13,13,yes,yes,yes,yes,,,,13
searches.e004.fetched[7],Lion Pelt,base-defences.csv row 238,0,,790,,,103% increased Evasion Rating,16,948,948,ev,16,16,17,,,15.64,16.51,,,,,15.64,16.51,ev=389,16,16,yes,yes,yes,yes,,,,16
searches.e004.fetched[8],Harlequin Mask,base-defences.csv row 188,0,,179,37,,,81,215,215,ev,79,77,80,,,76.79,80.36,75,91.67,,,75.9,86.02,ev=179;es=37,81,81,no,no,yes,yes,,,,81
searches.e004.fetched[9],Royal Burgonet,base-defences.csv row 319,0,379,,,,,4,455,455,ar,4,3,4,2.63,4.39,,,,,,,2.63,4.39,ar=379,4,4,yes,yes,yes,yes,,,,4
searches.e007.fetched[0],Infiltrator Mitts,base-defences.csv row 204,0,,409,97,,+34 to Evasion Rating; 77% increased Evasion and Energy Shield; +15 to maximum Energy Shield,81,491,491,ev,78,77,79,,,77,79.1,75.33,84.75,,,76.16,81.93,ev=197;es=40,81,81,no,no,yes,yes,,,,81
searches.e007.fetched[1],Runic Gauntlets,base-defences.csv row 324,30,,,,507,+80 to Ward; 113% increased Ward,7,,,ward,7,6,9,,,,,,,6.12,8.53,6.12,8.53,ward=103,7,7,yes,yes,yes,yes,,,,7
searches.e007.fetched[2],Slink Gloves,base-defences.csv row 378,28,,310,,,,0,310,310,ev,1,0,2,,,0,1.61,,,,,0,1.61,ev=242,0,0,no,yes,yes,yes,,,,0
searches.e007.fetched[3],Assassin's Mitts,base-defences.csv row 25,0,,108,22,,,23,130,130,ev,21,18,24,,,18.42,23.68,12.5,37.5,,,15.46,30.59,ev=108;es=22,23,23,no,yes,yes,yes,,,,23
searches.e007.fetched[4],Sorcerer Gloves,base-defences.csv row 385,20,,,65,,,63,65,65,es,65,59,70,,,,,59.38,69.79,,,59.38,69.79,es=54,63,63,no,yes,yes,yes,,,,63
searches.e007.fetched[5],Arcanist Gloves,base-defences.csv row 18,0,,,113,,+13 to maximum Energy Shield; 82% increased Energy Shield,57,135,135,es,58,54,62,,,,,54.47,62.32,,,54.47,62.32,es=49,57,57,no,yes,yes,yes,,,,57
searches.e007.fetched[6],Murder Mitts,base-defences.csv row 259,0,,133,27,,,67,160,160,ev,67,64,69,,,63.89,69.44,50,83.33,,,56.95,76.38,ev=133;es=27,67,67,yes,yes,yes,yes,,,,67
searches.e007.fetched[7],Hydrascale Gauntlets,base-defences.csv row 199,0,113,113,,,,44,136,136,ar,44,41,47,40.62,46.88,40.62,46.88,,,,,40.62,46.88,ar=113;ev=113,44,44,yes,yes,yes,yes,,,,44
searches.e007.fetched[8],Titan Gauntlets,base-defences.csv row 421,0,363,,,,+111 to Armour,28,436,436,ar,28,26,29,26.39,29.17,,,,,,,26.39,29.17,ar=252,28,28,yes,yes,yes,yes,,,,28
searches.e007.fetched[9],Goliath Gauntlets,base-defences.csv row 178,0,257,,,,32% increased Armour,81,309,309,ar,80,78,81,78.15,81.06,,,,,,,78.15,81.06,ar=195,81,81,no,yes,yes,yes,,,,81
searches.e009.fetched[0],Reaver Helmet,base-defences.csv row 307,0,537,,,,+161 to Armour; 42% increased Armour,54,644,644,ar,55,54,56,53.76,55.77,,,,,,,53.76,55.77,ar=217,54,54,no,yes,yes,yes,,,,54
searches.e009.fetched[1],Vaal Mask,base-defences.csv row 444,0,,221,40,,,47,265,265,ev,44,42,45,,,42.19,45.31,41.67,58.33,,,41.93,51.82,ev=221;es=40,47,47,no,no,yes,yes,,,,47
searches.e009.fetched[2],Ursine Pelt,base-defences.csv row 440,0,,576,,,94% increased Evasion Rating,43,691,691,ev,43,42,43,,,42.14,43.19,,,,,42.14,43.19,ev=297,43,43,yes,yes,yes,yes,,,,43
searches.e009.fetched[3],Mind Cage,base-defences.csv row 254,0,,,79,,,55,95,95,es,55,50,59,,,,,50,59.09,,,50,59.09,es=79,55,55,yes,yes,yes,yes,,,,55
searches.e009.fetched[4],Paladin Crown,base-defences.csv row 281,0,329,,66,,,45,395,395,ar,45,44,46,43.62,45.74,,,38.89,50,,,41.25,47.87,ar=329;es=66,45,45,yes,yes,yes,yes,,,,45
searches.e009.fetched[5],Mind Cage,base-defences.csv row 254,0,,,133,,+15 to maximum Energy Shield; 51% increased Energy Shield,0,159,159,es,1,0,4,,,,,0,3.73,,,0,3.73,es=73,0,0,no,yes,yes,yes,,,,0
searches.e009.fetched[6],Sunfire Circlet,base-defences.csv row 411,0,,,106,,,33,127,127,es,33,30,37,,,,,30,36.67,,,30,36.67,es=106,33,33,yes,yes,yes,yes,,,,33
searches.e009.fetched[7],Hunter Hood,base-defences.csv row 196,0,,230,,,+8 to Evasion Rating,79,276,276,ev,79,77,81,,,77.08,81.25,,,,,77.08,81.25,ev=222,79,79,yes,yes,yes,yes,,,,79
searches.e009.fetched[8],Ursine Pelt,base-defences.csv row 440,0,,494,,,+71 to Evasion Rating; 29% increased Evasion Rating,73,593,593,ev,73,73,74,,,72.57,74.15,,,,,72.57,74.15,ev=312,73,73,yes,yes,yes,yes,,,,73
searches.e009.fetched[9],Royal Burgonet,base-defences.csv row 319,0,687,,,,+102 to Armour; 36% increased Armour,46,824,824,ar,46,45,47,45.23,46.52,,,,,,,45.23,46.52,ar=403,46,46,yes,yes,yes,yes,,,,46
searches.e012.fetched[0],Conjurer Gloves,base-defences.csv row 84,0,,,51,,+8 to maximum Energy Shield,86,61,61,es,86,79,93,,,,,78.57,92.86,,,78.57,92.86,es=43,86,86,yes,yes,yes,yes,,,,86
searches.e012.fetched[1],Dragonscale Gauntlets,base-defences.csv row 119,0,148,139,,,+21 to Armour; +12 to Evasion Rating,33,178,178,ar,33,31,36,30.56,36.11,30.56,36.11,,,,,30.56,36.11,ar=127;ev=127,33,33,yes,yes,yes,yes,,,,33
searches.e012.fetched[2],Legion Gloves,base-defences.csv row 230,0,114,,23,,,56,137,137,ar,61,58,64,58.33,63.89,,,37.5,62.5,,,47.92,63.2,ar=114;es=23,56,56,no,no,yes,yes,,,,56
searches.e012.fetched[3],Arcanist Gloves,base-defences.csv row 18,0,,,80,,+11 to maximum Energy Shield; 36% increased Energy Shield,43,96,96,es,40,35,46,,,,,35.08,45.59,,,35.08,45.59,es=48,43,43,no,yes,yes,yes,,,,43
searches.e012.fetched[4],Murder Mitts,base-defences.csv row 259,0,,158,46,,+31 to Evasion Rating; +20 to maximum Energy Shield,33,190,190,ev,33,31,36,,,30.56,36.11,16.67,50,,,23.61,43.05,ev=127;es=26,33,33,yes,yes,yes,yes,,,,33
searches.e012.fetched[5],Shagreen Gloves,base-defences.csv row 361,20,,350,,,39% increased Evasion Rating,94,350,350,ev,94,93,95,,,92.95,94.66,,,,,92.95,94.66,ev=210,94,94,yes,yes,yes,yes,,,,94
searches.e012.fetched[6],Conjurer Gloves,base-defences.csv row 84,0,,,68,,80% increased Energy Shield,14,82,82,es,11,7,15,,,,,7.14,15.08,,,7.14,15.08,es=38,14,14,no,yes,yes,yes,,,,14
searches.e012.fetched[7],Crusader Gloves,base-defences.csv row 101,0,128,,29,,+6 to Armour; +4 to maximum Energy Shield,3,154,154,ar,6,3,8,2.78,8.33,,,0,16.67,,,1.39,12.5,ar=122;es=25,3,3,no,yes,yes,yes,,,,3
searches.e012.fetched[8],Antique Gauntlets,base-defences.csv row 13,0,153,,,,,96,184,184,ar,96,94,98,94,98,,,,,,,94,98,ar=153,96,96,yes,yes,yes,yes,,,,96
searches.e012.fetched[9],Hydrascale Gauntlets,base-defences.csv row 199,0,139,139,,,24% increased Armour and Evasion,38,167,167,ar,38,36,41,35.58,40.62,35.58,40.62,,,,,35.58,40.62,ar=112;ev=112,38,38,yes,yes,yes,yes,,,,38
searches.e014.fetched[0],Lion Pelt,base-defences.csv row 238,0,,393,,,,23,472,472,ev,23,22,24,,,21.93,23.68,,,,,21.93,23.68,ev=393,23,23,yes,yes,yes,yes,,,,23
searches.e014.fetched[1],Royal Burgonet,base-defences.csv row 319,0,455,,,,+30 to Armour,84,546,546,ar,84,83,85,83.33,85.09,,,,,,,83.33,85.09,ar=425,84,84,yes,yes,yes,yes,,,,84
searches.e014.fetched[2],Tribal Circlet,base-defences.csv row 432,5,,,31,,,40,36,,es,30,21,40,,,,,20.95,40,,,20.95,40,es=,,,no,yes,yes,no,,,,
searches.e014.fetched[3],Lion Pelt,base-defences.csv row 238,0,,435,,,,96,522,522,ev,96,96,97,,,95.61,97.37,,,,,95.61,97.37,ev=435,96,96,yes,yes,yes,yes,,,,96
searches.e014.fetched[4],Silken Hood,base-defences.csv row 371,0,,505,,,39% increased Evasion Rating,49,605,605,ev,49,48,50,,,48.43,50.48,,,,,48.43,50.48,ev=363,49,49,yes,yes,yes,yes,,,,49
searches.e014.fetched[5],Lion Pelt,base-defences.csv row 238,0,,727,,,69% increased Evasion Rating,88,872,872,ev,88,88,89,,,87.51,88.55,,,,,87.51,88.55,ev=430,88,88,yes,yes,yes,yes,,,,88
searches.e014.fetched[6],Ursine Pelt,base-defences.csv row 440,0,,341,,,+41 to Evasion Rating,49,409,409,ev,49,48,50,,,47.96,50,,,,,47.96,50,ev=300,49,49,yes,yes,yes,yes,,,,49
searches.e014.fetched[7],Ezomyte Burgonet,base-defences.csv row 137,0,355,,,,,26,426,426,ar,26,24,27,24.29,27.14,,,,,,,24.29,27.14,ar=355,26,26,yes,yes,yes,yes,,,,26
searches.e014.fetched[8],Ursine Pelt,base-defences.csv row 440,0,,411,,,33% increased Evasion Rating,67,493,493,ev,67,67,68,,,66.63,68.16,,,,,66.63,68.16,ev=309,67,67,yes,yes,yes,yes,,,,67
searches.e014.fetched[9],Eternal Burgonet,base-defences.csv row 133,18,504,,,,,96,512,512,ar,97,96,97,95.88,97.4,,,,,,,95.88,97.4,ar=427,96,96,no,yes,yes,yes,,,,96
searches.e017.fetched[0],Ambush Mitts,base-defences.csv row 7,20,,107,23,,,90,107,107,ev,82,78,86,,,77.5,85.83,87.5,100,,,82.5,92.91,ev=89;es=19,90,90,no,no,yes,yes,,,,90
searches.e017.fetched[1],Conjurer Gloves,base-defences.csv row 84,0,,,78,,78% increased Energy Shield,100,94,94,es,97,93,100,,,,,93.42,100,,,93.42,100,es=44,100,100,no,yes,yes,yes,,,,100
searches.e017.fetched[2],Carnal Mitts,base-defences.csv row 59,0,,170,45,,+46 to Evasion Rating; 18% increased Evasion and Energy Shield; +18 to maximum Energy Shield,61,204,204,ev,73,69,77,,,69.49,77.2,35.59,77.97,,,52.54,77.59,ev=98;es=20,61,61,no,no,yes,yes,,,,61
searches.e017.fetched[3],Arcanist Gloves,base-defences.csv row 18,0,,,57,,23% increased Energy Shield,14,68,68,es,19,13,25,,,,,13.36,24.97,,,13.36,24.97,es=46,14,14,no,yes,yes,yes,,,,14
searches.e017.fetched[4],Legion Gloves,base-defences.csv row 230,0,148,,31,,23% increased Armour and Energy Shield,97,177,177,ar,96,94,99,93.99,98.51,,,94.92,100,,,94.45,99.25,ar=120;es=25,97,97,no,yes,yes,yes,,,,97
searches.e017.fetched[5],Slink Gloves,base-defences.csv row 378,0,,264,,,,61,317,317,ev,61,60,63,,,59.72,62.5,,,,,59.72,62.5,ev=264,61,61,yes,yes,yes,yes,,,,61
searches.e017.fetched[6],Dragonscale Gauntlets,base-defences.csv row 119,0,138,138,,,,94,166,166,ar,94,92,97,91.67,97.22,91.67,97.22,,,,,91.67,97.22,ar=138;ev=138,94,94,yes,yes,yes,yes,,,,94
searches.e017.fetched[7],Slink Gloves,base-defences.csv row 378,20,,706,,,+22 to Evasion Rating; 96% increased Evasion Rating,100,706,706,ev,100,100,100,,,99.88,100,,,,,99.88,100,ev=278,100,100,yes,yes,yes,yes,,,,100
searches.e017.fetched[8],Sorcerer Gloves,base-defences.csv row 385,0,,,74,,+22 to maximum Energy Shield,38,89,89,es,38,31,44,,,,,31.25,43.75,,,31.25,43.75,es=52,38,38,yes,yes,yes,yes,,,,38
searches.e017.fetched[9],Vaal Gauntlets,base-defences.csv row 442,0,338,,,,+103 to Armour,9,406,406,ar,9,7,10,7.35,10.29,,,,,,,7.35,10.29,ar=235,9,9,yes,yes,yes,yes,,,,9
searches.e019.fetched[0],Pig-Faced Bascinet,base-defences.csv row 287,0,422,293,,,82% increased Armour and Evasion,9,507,507,ar,8,8,9,7.63,9.24,7.14,9.43,,,,,7.39,9.34,ar=232;ev=161,9,9,no,yes,yes,yes,,,,9
searches.e019.fetched[1],Solaris Circlet,base-defences.csv row 379,0,,,101,,+24 to maximum Energy Shield; 18% increased Energy Shield,25,122,122,es,20,15,25,,,,,14.62,25.21,,,14.62,25.21,es=62,25,25,no,yes,yes,yes,,,,25
searches.e019.fetched[2],Pig-Faced Bascinet,base-defences.csv row 287,0,444,313,,,+7 to Armour; +7 to Evasion Rating; 77% increased Armour and Evasion,45,533,533,ar,44,43,44,42.84,44.5,43.97,46.33,,,,,43.41,45.41,ar=244;ev=170,45,45,no,no,yes,yes,,,,45
searches.e019.fetched[3],Bone Circlet,base-defences.csv row 40,12,,,41,,,25,44,44,es,15,4,26,,,,,4.02,26.34,,,4.02,26.34,es=37,25,25,no,yes,yes,yes,,,,25
searches.e019.fetched[4],Lion Pelt,base-defences.csv row 238,0,,406,,,,46,487,487,ev,46,45,46,,,44.74,46.49,,,,,44.74,46.49,ev=406,46,46,yes,yes,yes,yes,,,,46
searches.e019.fetched[5],Moonlit Circlet,base-defences.csv row 256,0,,,157,,+19 to maximum Energy Shield; 35% increased Energy Shield,77,188,188,es,79,76,82,,,,,76.35,82.05,,,76.35,82.05,es=97,77,77,no,yes,yes,yes,,,,77
searches.e019.fetched[6],Fluted Bascinet,base-defences.csv row 147,20,224,224,,,,93,224,224,ar,92,91,93,90.52,93.39,90.52,93.39,,,,,90.52,93.39,ar=187;ev=187,93,93,no,yes,yes,yes,,,,93
searches.e019.fetched[7],Callous Mask,base-defences.csv row 55,0,,155,32,,26% increased Evasion and Energy Shield,3,186,186,ev,7,4,9,,,4.13,9.42,0,26.46,,,2.07,17.94,ev=123;es=25,3,3,no,no,yes,yes,,,,3
searches.e019.fetched[8],Fluted Bascinet,base-defences.csv row 147,0,178,197,,,+19 to Evasion Rating,62,214,214,ar,62,60,64,60.34,63.79,60.34,63.79,,,,,60.34,63.79,ar=178;ev=178,62,62,yes,yes,yes,yes,,,,62
searches.e019.fetched[9],Ancient Mask,base-defences.csv row 10,0,,341,65,,+16 to Evasion Rating,35,409,409,ev,36,35,37,,,35.11,37.23,27.78,38.89,,,31.45,38.06,ev=325;es=65,35,35,no,yes,yes,yes,,,,35
searches.e022.fetched[0],Sorcerer Gloves,base-defences.csv row 385,0,,,63,,+10 to maximum Energy Shield,50,76,76,es,50,44,56,,,,,43.75,56.25,,,43.75,56.25,es=53,50,50,yes,yes,yes,yes,,,,50
searches.e022.fetched[1],Trapper Mitts,base-defences.csv row 430,28,,97,20,,,96,97,97,ev,90,87,93,,,86.59,93.1,61.72,100,,,74.16,96.55,ev=76;es=16,96,96,no,no,yes,yes,,,,96
searches.e022.fetched[2],Murder Mitts,base-defences.csv row 259,0,,155,32,,27% increased Evasion and Energy Shield,3,186,186,ev,6,4,8,,,3.63,8.01,0,19.69,,,1.81,13.85,ev=122;es=25,3,3,no,no,yes,yes,,,,3
searches.e022.fetched[3],Hydrascale Gauntlets,base-defences.csv row 199,0,142,142,,,18% increased Armour and Evasion,88,170,170,ar,90,87,92,86.97,92.27,86.97,92.27,,,,,86.97,92.27,ar=120;ev=120,88,88,no,yes,yes,yes,,,,88
searches.e022.fetched[4],Shagreen Gloves,base-defences.csv row 361,22,,245,,,,69,245,245,ev,68,67,69,,,66.89,69.23,,,,,66.89,69.23,ev=201,69,69,no,yes,yes,yes,,,,69
searches.e022.fetched[5],Carnal Mitts,base-defences.csv row 59,0,,101,21,,,100,121,121,ev,100,95,100,,,95.45,100,75,100,,,85.22,100,ev=101;es=21,100,100,yes,yes,yes,yes,,,,100
searches.e022.fetched[6],Precursor Gauntlets,base-defences.csv row 298,0,370,,,,+24 to Armour,85,444,444,ar,85,84,86,83.7,85.87,,,,,,,83.7,85.87,ar=346,85,85,yes,yes,yes,yes,,,,85
searches.e022.fetched[7],Stealth Gloves,base-defences.csv row 396,0,,285,,,+50 to Evasion Rating,12,342,342,ev,12,10,13,,,10.29,13.24,,,,,10.29,13.24,ev=235,12,12,yes,yes,yes,yes,,,,12
searches.e022.fetched[8],Soldier Gloves,base-defences.csv row 381,0,97,,20,,,48,116,116,ar,45,41,50,40.91,50,,,25,75,,,32.95,62.5,ar=97;es=20,48,48,no,yes,yes,yes,,,,48
searches.e022.fetched[9],Apothecary's Gloves,base-defences.csv row 15,0,113,,30,,,28,136,136,ar,31,28,34,28.12,34.38,,,12.5,37.5,,,20.31,35.94,ar=113;es=30,28,28,no,yes,yes,yes,,,,28
searches.e024.fetched[0],Aventail Helmet,base-defences.csv row 29,0,103,,21,,,6,124,124,ar,11,8,14,8.33,13.89,,,0,12.5,,,4.17,13.2,ar=103;es=21,6,6,no,no,yes,yes,,,,6
searches.e024.fetched[1],General's Helmet,base-defences.csv row 161,0,475,,,,,68,570,570,ar,68,67,68,66.92,68.46,,,,,,,66.92,68.46,ar=475,68,68,yes,yes,yes,yes,,,,68
searches.e024.fetched[2],Samnite Helmet,base-defences.csv row 342,0,373,,,,18% increased Armour,82,447,447,ar,82,81,83,80.98,82.7,,,,,,,80.98,82.7,ar=316,82,82,yes,yes,yes,yes,,,,82
searches.e024.fetched[3],Siege Helmet,base-defences.csv row 366,20,346,,,,+33 to Armour,51,346,346,ar,52,51,54,51.19,53.57,,,,,,,51.19,53.57,ar=255,51,51,no,yes,yes,yes,,,,51
searches.e024.fetched[4],Great Crown,base-defences.csv row 182,0,156,,44,,+12 to maximum Energy Shield,74,187,187,ar,72,69,75,69.44,75,,,62.5,87.5,,,65.97,81.25,ar=156;es=32,74,74,no,yes,yes,yes,,,,74
searches.e024.fetched[5],Prophet Crown,base-defences.csv row 301,0,355,,63,,+39 to Armour; 26% increased Armour and Energy Shield; +15 to maximum Energy Shield,58,426,426,ar,55,54,56,53.97,56.3,,,52.06,67.94,,,53.02,62.12,ar=243;es=35,58,58,no,no,yes,yes,,,,58
searches.e024.fetched[6],Grizzly Pelt,base-defences.csv row 185,0,,549,,,,64,659,659,ev,64,63,65,,,63.33,64.67,,,,,63.33,64.67,ev=549,64,64,yes,yes,yes,yes,,,,64
searches.e024.fetched[7],Lunaris Circlet,base-defences.csv row 241,0,,,42,,,14,50,50,es,14,7,21,,,,,7.14,21.43,,,7.14,21.43,es=42,14,14,yes,yes,yes,yes,,,,14
searches.e024.fetched[8],Deicide Mask,base-defences.csv row 109,0,,308,76,,46% increased Evasion and Energy Shield,72,370,370,ev,72,71,73,,,71.09,73.45,67.32,77.1,,,69.21,75.28,ev=211;es=52,72,72,yes,yes,yes,yes,,,,72
searches.e024.fetched[9],Praetor Crown,base-defences.csv row 297,0,261,,83,,50% increased Armour and Energy Shield,56,313,313,ar,54,53,56,52.78,55.56,,,57.14,66.67,,,54.96,61.11,ar=174;es=55,56,56,no,yes,yes,yes,,,,56
searches.e028.fetched[0],Goliath Gauntlets,base-defences.csv row 178,0,450,,,,+118 to Armour; 45% increased Armour and Energy Shield,69,539,539,ar,71,69,72,69.23,71.88,,,,,,,69.23,71.88,ar=192,69,69,no,yes,yes,yes,searches.e002.fetched[0],,,69
searches.e028.fetched[1],Infiltrator Mitts,base-defences.csv row 204,0,,409,97,,+34 to Evasion Rating; 77% increased Evasion and Energy Shield; +15 to maximum Energy Shield,81,491,491,ev,78,77,79,,,77,79.1,75.33,84.75,,,76.16,81.93,ev=197;es=40,81,81,no,no,yes,yes,searches.e007.fetched[0],,,81
searches.e028.fetched[2],Runic Gauntlets,base-defences.csv row 324,30,,,,507,+80 to Ward; 113% increased Ward,7,,,ward,7,6,9,,,,,,,6.12,8.53,6.12,8.53,ward=103,7,7,yes,yes,yes,yes,searches.e007.fetched[1],,,7
searches.e028.fetched[3],Carnal Mitts,base-defences.csv row 59,0,,103,24,,+5 to Evasion Rating; +4 to maximum Energy Shield,61,124,124,ev,73,68,77,,,68.18,77.27,25,75,,,46.59,76.14,ev=98;es=20,61,61,no,no,yes,yes,searches.e002.fetched[2],,,61
searches.e028.fetched[4],Arcanist Gloves,base-defences.csv row 18,0,,,80,,+11 to maximum Energy Shield; 36% increased Energy Shield,43,96,96,es,40,35,46,,,,,35.08,45.59,,,35.08,45.59,es=48,43,43,no,yes,yes,yes,searches.e012.fetched[3],,,43
searches.e028.fetched[5],Ambush Mitts,base-defences.csv row 7,6,,212,45,,125% increased Evasion and Energy Shield,90,240,240,ev,79,77,81,,,76.79,80.99,82.91,100,,,79.85,90.5,ev=89;es=19,90,90,no,no,yes,yes,searches.e002.fetched[3],,,90
searches.e028.fetched[6],Sorcerer Gloves,base-defences.csv row 385,0,,,59,,+6 to maximum Energy Shield,50,71,71,es,50,44,56,,,,,43.75,56.25,,,43.75,56.25,es=53,50,50,yes,yes,yes,yes,searches.e002.fetched[5],,,50
searches.e028.fetched[7],Shagreen Gloves,base-defences.csv row 361,20,,350,,,39% increased Evasion Rating,94,350,350,ev,94,93,95,,,92.95,94.66,,,,,92.95,94.66,ev=210,94,94,yes,yes,yes,yes,searches.e012.fetched[5],,,94
searches.e028.fetched[8],Crusader Gloves,base-defences.csv row 101,0,165,,52,,33% increased Armour and Energy Shield; +14 to maximum Energy Shield,8,198,198,ar,17,15,19,14.91,19.09,,,0,15.79,,,7.46,17.44,ar=124;es=25,8,8,no,no,yes,yes,searches.e002.fetched[6],,,8
searches.e028.fetched[9],Assassin's Mitts,base-defences.csv row 25,0,,108,22,,,23,130,130,ev,21,18,24,,,18.42,23.68,12.5,37.5,,,15.46,30.59,ev=108;es=22,23,23,no,yes,yes,yes,searches.e007.fetched[3],,,23
searches.e030.fetched[0],Tribal Circlet,base-defences.csv row 432,5,,,31,,,40,36,,es,30,21,40,,,,,20.95,40,,,20.95,40,es=,,,no,yes,yes,no,searches.e014.fetched[2],,,
searches.e030.fetched[1],Ursine Pelt,base-defences.csv row 440,0,,576,,,94% increased Evasion Rating,43,691,691,ev,43,42,43,,,42.14,43.19,,,,,42.14,43.19,ev=297,43,43,yes,yes,yes,yes,searches.e009.fetched[2],,,43
searches.e030.fetched[2],Royal Burgonet,base-defences.csv row 319,0,455,,,,+30 to Armour,84,546,546,ar,84,83,85,83.33,85.09,,,,,,,83.33,85.09,ar=425,84,84,yes,yes,yes,yes,searches.e014.fetched[1],,,84
searches.e030.fetched[3],Mind Cage,base-defences.csv row 254,0,,,111,,35% increased Energy Shield,82,133,133,es,84,80,87,,,,,80.47,87.21,,,80.47,87.21,es=82,82,82,no,yes,yes,yes,searches.e004.fetched[0],,,82
searches.e030.fetched[4],Vaal Mask,base-defences.csv row 444,0,,221,40,,,47,265,265,ev,44,42,45,,,42.19,45.31,41.67,58.33,,,41.93,51.82,ev=221;es=40,47,47,no,no,yes,yes,searches.e009.fetched[1],,,47
searches.e030.fetched[5],Mind Cage,base-defences.csv row 254,0,,,79,,,55,95,95,es,55,50,59,,,,,50,59.09,,,50,59.09,es=79,55,55,yes,yes,yes,yes,searches.e009.fetched[3],,,55
searches.e030.fetched[6],Ancient Mask,base-defences.csv row 10,0,,316,63,,,14,379,379,ev,17,16,18,,,15.96,18.09,5.56,16.67,,,10.76,17.38,ev=316;es=63,14,14,no,no,yes,yes,searches.e004.fetched[1],,,14
searches.e030.fetched[7],Reaver Helmet,base-defences.csv row 307,0,537,,,,+161 to Armour; 42% increased Armour,54,644,644,ar,55,54,56,53.76,55.77,,,,,,,53.76,55.77,ar=217,54,54,no,yes,yes,yes,searches.e009.fetched[0],,,54
searches.e030.fetched[8],Lion Pelt,base-defences.csv row 238,0,,435,,,,96,522,522,ev,96,96,97,,,95.61,97.37,,,,,95.61,97.37,ev=435,96,96,yes,yes,yes,yes,searches.e014.fetched[3],,,96
searches.e030.fetched[9],Lion Pelt,base-defences.csv row 238,0,,393,,,,23,472,472,ev,23,22,24,,,21.93,23.68,,,,,21.93,23.68,ev=393,23,23,yes,yes,yes,yes,searches.e014.fetched[0],,,23
searches.e034.fetched[0],Ambush Mitts,base-defences.csv row 7,20,,107,23,,,90,107,107,ev,82,78,86,,,77.5,85.83,87.5,100,,,82.5,92.91,ev=89;es=19,90,90,no,no,yes,yes,searches.e017.fetched[0],,,90
searches.e034.fetched[1],Conjurer Gloves,base-defences.csv row 84,0,,,78,,78% increased Energy Shield,100,94,94,es,97,93,100,,,,,93.42,100,,,93.42,100,es=44,100,100,no,yes,yes,yes,searches.e017.fetched[1],,,100
searches.e034.fetched[2],Goliath Gauntlets,base-defences.csv row 178,0,450,,,,+118 to Armour; 45% increased Armour and Energy Shield,69,539,539,ar,71,69,72,69.23,71.88,,,,,,,69.23,71.88,ar=192,69,69,no,yes,yes,yes,searches.e002.fetched[0],,,69
searches.e034.fetched[3],Infiltrator Mitts,base-defences.csv row 204,0,,409,97,,+34 to Evasion Rating; 77% increased Evasion and Energy Shield; +15 to maximum Energy Shield,81,491,491,ev,78,77,79,,,77,79.1,75.33,84.75,,,76.16,81.93,ev=197;es=40,81,81,no,no,yes,yes,searches.e007.fetched[0],,,81
searches.e034.fetched[4],Runic Gauntlets,base-defences.csv row 324,30,,,,507,+80 to Ward; 113% increased Ward,7,,,ward,7,6,9,,,,,,,6.12,8.53,6.12,8.53,ward=103,7,7,yes,yes,yes,yes,searches.e007.fetched[1],,,7
searches.e034.fetched[5],Carnal Mitts,base-defences.csv row 59,0,,103,24,,+5 to Evasion Rating; +4 to maximum Energy Shield,61,124,124,ev,73,68,77,,,68.18,77.27,25,75,,,46.59,76.14,ev=98;es=20,61,61,no,no,yes,yes,searches.e002.fetched[2],,,61
searches.e034.fetched[6],Arcanist Gloves,base-defences.csv row 18,0,,,80,,+11 to maximum Energy Shield; 36% increased Energy Shield,43,96,96,es,40,35,46,,,,,35.08,45.59,,,35.08,45.59,es=48,43,43,no,yes,yes,yes,searches.e012.fetched[3],,,43
searches.e034.fetched[7],Murder Mitts,base-defences.csv row 259,0,,155,32,,27% increased Evasion and Energy Shield,3,186,186,ev,6,4,8,,,3.63,8.01,0,19.69,,,1.81,13.85,ev=122;es=25,3,3,no,no,yes,yes,searches.e022.fetched[2],,,3
searches.e034.fetched[8],Hydrascale Gauntlets,base-defences.csv row 199,0,142,142,,,18% increased Armour and Evasion,88,170,170,ar,90,87,92,86.97,92.27,86.97,92.27,,,,,86.97,92.27,ar=120;ev=120,88,88,no,yes,yes,yes,searches.e022.fetched[3],,,88
searches.e034.fetched[9],Sorcerer Gloves,base-defences.csv row 385,0,,,59,,+6 to maximum Energy Shield,50,71,71,es,50,44,56,,,,,43.75,56.25,,,43.75,56.25,es=53,50,50,yes,yes,yes,yes,searches.e002.fetched[5],,,50
searches.e036.fetched[0],Lion Pelt,base-defences.csv row 238,0,,435,,,,96,522,522,ev,96,96,97,,,95.61,97.37,,,,,95.61,97.37,ev=435,96,96,yes,yes,yes,yes,searches.e014.fetched[3],,,96
searches.e036.fetched[1],Tribal Circlet,base-defences.csv row 432,5,,,31,,,40,36,,es,30,21,40,,,,,20.95,40,,,20.95,40,es=,,,no,yes,yes,no,searches.e014.fetched[2],,,
searches.e036.fetched[2],Mind Cage,base-defences.csv row 254,0,,,111,,35% increased Energy Shield,82,133,133,es,84,80,87,,,,,80.47,87.21,,,80.47,87.21,es=82,82,82,no,yes,yes,yes,searches.e004.fetched[0],,,82
searches.e036.fetched[3],Ancient Mask,base-defences.csv row 10,0,,316,63,,,14,379,379,ev,17,16,18,,,15.96,18.09,5.56,16.67,,,10.76,17.38,ev=316;es=63,14,14,no,no,yes,yes,searches.e004.fetched[1],,,14
searches.e036.fetched[4],Royal Burgonet,base-defences.csv row 319,0,455,,,,+30 to Armour,84,546,546,ar,84,83,85,83.33,85.09,,,,,,,83.33,85.09,ar=425,84,84,yes,yes,yes,yes,searches.e014.fetched[1],,,84
searches.e036.fetched[5],Pig-Faced Bascinet,base-defences.csv row 287,0,422,293,,,82% increased Armour and Evasion,9,507,507,ar,8,8,9,7.63,9.24,7.14,9.43,,,,,7.39,9.34,ar=232;ev=161,9,9,no,yes,yes,yes,searches.e019.fetched[0],,,9
searches.e036.fetched[6],Pig-Faced Bascinet,base-defences.csv row 287,0,444,313,,,+7 to Armour; +7 to Evasion Rating; 77% increased Armour and Evasion,45,533,533,ar,44,43,44,42.84,44.5,43.97,46.33,,,,,43.41,45.41,ar=244;ev=170,45,45,no,no,yes,yes,searches.e019.fetched[2],,,45
searches.e036.fetched[7],Reaver Helmet,base-defences.csv row 307,0,537,,,,+161 to Armour; 42% increased Armour,54,644,644,ar,55,54,56,53.76,55.77,,,,,,,53.76,55.77,ar=217,54,54,no,yes,yes,yes,searches.e009.fetched[0],,,54
searches.e036.fetched[8],Mind Cage,base-defences.csv row 254,0,,,79,,,55,95,95,es,55,50,59,,,,,50,59.09,,,50,59.09,es=79,55,55,yes,yes,yes,yes,searches.e009.fetched[3],,,55
searches.e036.fetched[9],Ursine Pelt,base-defences.csv row 440,0,,576,,,94% increased Evasion Rating,43,691,691,ev,43,42,43,,,42.14,43.19,,,,,42.14,43.19,ev=297,43,43,yes,yes,yes,yes,searches.e009.fetched[2],,,43
searches.e038.fetched[0],Sorcerer Gloves,base-defences.csv row 385,0,,,105,,+12 to maximum Energy Shield; 59% increased Energy Shield,63,126,126,es,63,59,67,,,,,59.04,66.9,,,59.04,66.9,es=54,63,63,yes,yes,yes,yes,searches.d03.fetched[0],,,63
searches.e038.fetched[1],Antique Gauntlets,base-defences.csv row 13,0,136,,,,,28,163,163,ar,28,26,30,26,30,,,,,,,26,30,ar=136,28,28,yes,yes,yes,yes,searches.d03.fetched[1],,,28
searches.e038.fetched[2],Dragonscale Gauntlets,base-defences.csv row 119,20,203,163,,,+33 to Armour,83,203,203,ar,84,82,87,81.94,86.57,80.09,84.72,,,,,81.01,85.65,ar=136;ev=136,83,83,no,yes,yes,yes,searches.d03.fetched[2],,,83
searches.e038.fetched[3],Shagreen Gloves,base-defences.csv row 361,0,,447,,,+103 to Evasion Rating; 42% increased Evasion Rating,100,537,537,ev,99,98,100,,,98.39,100,,,,,98.39,100,ev=212,100,100,no,yes,yes,yes,searches.d03.fetched[3],,,100
searches.e038.fetched[4],Crusader Gloves,base-defences.csv row 101,0,137,,28,,,94,164,164,ar,89,86,92,86.11,91.67,,,83.33,100,,,84.72,95.84,ar=137;es=28,94,94,no,no,yes,yes,searches.d03.fetched[4],,,94
searches.e038.fetched[5],Hydrascale Gauntlets,base-defences.csv row 199,0,110,110,,,,25,132,132,ar,25,22,28,21.88,28.12,21.88,28.12,,,,,21.88,28.12,ar=110;ev=110,25,25,yes,yes,yes,yes,searches.d03.fetched[5],,,25
searches.e038.fetched[6],Slink Gloves,base-defences.csv row 378,0,,408,,,48% increased Evasion Rating,94,490,490,ev,94,93,94,,,92.61,94.48,,,,,92.61,94.48,ev=276,94,94,yes,yes,yes,yes,searches.d03.fetched[6],,,94
searches.e038.fetched[7],Stealth Gloves,base-defences.csv row 396,0,,356,,,40% increased Evasion Rating,68,427,427,ev,68,67,70,,,67.44,69.54,,,,,67.44,69.54,ev=254,68,68,yes,yes,yes,yes,searches.d03.fetched[7],,,68
searches.e038.fetched[8],Slink Gloves,base-defences.csv row 378,20,,325,,,,81,325,325,ev,80,79,81,,,78.94,81.25,,,,,78.94,81.25,ev=271,81,81,no,yes,yes,yes,searches.d03.fetched[8],,,81
searches.e038.fetched[9],Legion Gloves,base-defences.csv row 230,0,112,,23,,,50,134,134,ar,50,47,53,47.22,52.78,,,37.5,62.5,,,42.36,57.64,ar=112;es=23,50,50,yes,yes,yes,yes,searches.d03.fetched[9],,,50
searches.e040.fetched[0],Glorious Leather,base-defences.csv row 168,0,,545,,,+61 to Evasion Rating,49,654,654,ev,49,48,49,,,47.79,49.26,,,,,47.79,49.26,ev=484,49,49,yes,yes,yes,yes,,,,49
searches.e040.fetched[1],Dragonscale Boots,base-defences.csv row 117,0,121,121,,,,0,145,145,ar,0,0,3,0,2.78,0,2.78,,,,,0,2.78,ar=121;ev=121,0,0,yes,yes,yes,yes,,,,0
searches.e040.fetched[2],Legion Boots,base-defences.csv row 229,0,104,,21,,,0,125,125,ar,0,0,3,0,3.12,,,0,12.5,,,0,7.81,ar=104;es=21,0,0,yes,yes,yes,yes,,,,0
searches.e040.fetched[3],Shagreen Boots,base-defences.csv row 360,0,,357,,,71% increased Evasion Rating,81,429,429,ev,80,79,81,,,79.11,80.73,,,,,79.11,80.73,ev=209,81,81,no,yes,yes,yes,,,,81
searches.e040.fetched[4],Sadist Garb,base-defences.csv row 333,0,,924,202,,92% increased Evasion and Energy Shield,85,1108,1108,ev,85,84,85,,,84.36,85.17,85.34,89.06,,,84.85,87.11,ev=481;es=105,85,85,yes,yes,yes,yes,,,,85
searches.e040.fetched[5],Astral Plate,base-defences.csv row 27,0,764,,,,,75,917,917,ar,75,74,75,73.94,75.35,,,,,,,73.94,75.35,ar=764,75,75,yes,yes,yes,yes,,,,75
searches.e040.fetched[6],Crimson Raiment,base-defences.csv row 96,9,,318,99,,+30 to maximum Energy Shield,73,350,350,ev,69,68,71,,,68.21,70.5,67.09,78.56,,,67.65,74.53,ev=292;es=61,73,73,no,no,yes,yes,,,,73
searches.e040.fetched[7],Grand Ringmail,base-defences.csv row 180,0,625,,137,,+75 to Armour; +26 to maximum Energy Shield,6,750,750,ar,6,5,7,5.49,6.71,,,2.94,8.82,,,4.21,7.77,ar=550;es=111,6,6,yes,yes,yes,yes,,,,6
searches.e040.fetched[8],Dragonscale Boots,base-defences.csv row 117,20,215,215,,,41% increased Armour and Evasion,33,215,215,ar,34,32,35,32.07,35.36,32.07,35.36,,,,,32.07,35.36,ar=127;ev=127,33,33,no,yes,yes,yes,,,,33
searches.e040.fetched[9],Sage Slippers,base-defences.csv row 335,0,,,77,,+12 to maximum Energy Shield,33,92,92,es,33,28,39,,,,,27.78,38.89,,,27.78,38.89,es=65,33,33,yes,yes,yes,yes,,,,33
searches.e042.fetched[0],Infiltrator Boots,base-defences.csv row 203,0,,238,47,,28% increased Evasion and Energy Shield,35,286,286,ev,37,35,38,,,35.36,38.25,22.14,35.16,,,28.75,36.7,ev=186;es=37,35,35,no,yes,yes,yes,,,,35
searches.e042.fetched[1],General's Brigandine,base-defences.csv row 160,0,701,763,,,+40 to Evasion Rating; 55% increased Armour and Evasion,74,841,841,ar,75,74,75,73.87,75.16,73.87,75.16,,,,,73.87,75.16,ar=452;ev=452,74,74,no,yes,yes,yes,,,,74
searches.e042.fetched[2],Dragonscale Doublet,base-defences.csv row 118,0,557,507,,,+32 to Armour; 56% increased Armour and Evasion,32,668,668,ar,32,31,33,30.87,32.56,30.74,32.42,,,,,30.8,32.49,ar=325;ev=325,32,32,yes,yes,yes,yes,,,,32
searches.e042.fetched[3],Zodiac Leather,base-defences.csv row 478,20,,1510,,,35% increased Evasion Rating,61,1510,1510,ev,61,61,61,,,60.77,61.26,,,,,60.77,61.26,ev=932,61,61,yes,yes,yes,yes,,,,61
searches.e042.fetched[4],Savant's Robe,base-defences.csv row 346,0,,,208,,+85 to maximum Energy Shield,47,250,250,es,47,44,50,,,,,44.12,50,,,44.12,50,es=123,47,47,yes,yes,yes,yes,,,,47
searches.e042.fetched[5],Glorious Leather,base-defences.csv row 168,0,,545,,,+61 to Evasion Rating,49,654,654,ev,49,48,49,,,47.79,49.26,,,,,47.79,49.26,ev=484,49,49,yes,yes,yes,yes,searches.e040.fetched[0],,,49
searches.e042.fetched[6],Crusader Boots,base-defences.csv row 98,0,272,,70,,+37 to Armour; 67% increased Armour and Energy Shield; +16 to maximum Energy Shield,31,327,327,ar,27,25,29,25.42,28.74,,,20.56,40.52,,,22.99,34.63,ar=126;es=26,31,31,no,no,yes,yes,,,,31
searches.e042.fetched[7],Sadist Garb,base-defences.csv row 333,0,,924,202,,92% increased Evasion and Energy Shield,85,1108,1108,ev,85,84,85,,,84.36,85.17,85.34,89.06,,,84.85,87.11,ev=481;es=105,85,85,yes,yes,yes,yes,searches.e040.fetched[4],,,85
searches.e042.fetched[8],Savant's Robe,base-defences.csv row 346,0,,,119,,,24,143,143,es,24,21,26,,,,,20.59,26.47,,,20.59,26.47,es=119,24,24,yes,yes,yes,yes,,,,24
searches.e042.fetched[9],Full Plate,base-defences.csv row 154,0,303,,,,,54,364,364,ar,54,53,56,52.86,55.71,,,,,,,52.86,55.71,ar=303,54,54,yes,yes,yes,yes,,,,54
searches.e044.fetched[0],General's Brigandine,base-defences.csv row 160,0,701,763,,,+40 to Evasion Rating; 55% increased Armour and Evasion,74,841,841,ar,75,74,75,73.87,75.16,73.87,75.16,,,,,73.87,75.16,ar=452;ev=452,74,74,no,yes,yes,yes,searches.e042.fetched[1],,,74
searches.e044.fetched[1],Sorcerer Boots,base-defences.csv row 384,0,,,85,,+32 to maximum Energy Shield,25,102,102,es,25,19,31,,,,,18.75,31.25,,,18.75,31.25,es=53,25,25,yes,yes,yes,yes,,,,25
searches.e044.fetched[2],Dragonscale Doublet,base-defences.csv row 118,0,557,507,,,+32 to Armour; 56% increased Armour and Evasion,32,668,668,ar,32,31,33,30.87,32.56,30.74,32.42,,,,,30.8,32.49,ar=325;ev=325,32,32,yes,yes,yes,yes,searches.e042.fetched[2],,,32
searches.e044.fetched[3],Astral Plate,base-defences.csv row 27,0,1190,,,,+458 to Armour,30,1428,1428,ar,30,29,30,28.87,30.28,,,,,,,28.87,30.28,ar=732,30,30,yes,yes,yes,yes,,,,30
searches.e044.fetched[4],Zodiac Leather,base-defences.csv row 478,20,,1510,,,35% increased Evasion Rating,61,1510,1510,ev,61,61,61,,,60.77,61.26,,,,,60.77,61.26,ev=932,61,61,yes,yes,yes,yes,searches.e042.fetched[3],,,61
searches.e044.fetched[5],Ancient Greaves,base-defences.csv row 9,0,327,,,,+80 to Armour; 39% increased Armour,17,392,392,ar,18,17,20,16.92,20.05,,,,,,,16.92,20.05,ar=155,17,17,no,yes,yes,yes,,,,17
searches.e044.fetched[6],Zodiac Leather,base-defences.csv row 478,0,,916,,,+17 to Evasion Rating,35,1099,1099,ev,35,35,36,,,34.77,35.55,,,,,34.77,35.55,ev=899,35,35,yes,yes,yes,yes,,,,35
searches.e044.fetched[7],Sadist Garb,base-defences.csv row 333,0,,924,202,,92% increased Evasion and Energy Shield,85,1108,1108,ev,85,84,85,,,84.36,85.17,85.34,89.06,,,84.85,87.11,ev=481;es=105,85,85,yes,yes,yes,yes,searches.e040.fetched[4],,,85
searches.e044.fetched[8],Astral Plate,base-defences.csv row 27,0,764,,,,,75,917,917,ar,75,74,75,73.94,75.35,,,,,,,73.94,75.35,ar=764,75,75,yes,yes,yes,yes,searches.e040.fetched[5],,,75
searches.e044.fetched[9],Savant's Robe,base-defences.csv row 346,0,,,119,,,24,143,143,es,24,21,26,,,,,20.59,26.47,,,20.59,26.47,es=119,24,24,yes,yes,yes,yes,searches.e042.fetched[8],,,24
searches.e046.fetched[0],Infiltrator Boots,base-defences.csv row 203,0,,238,47,,28% increased Evasion and Energy Shield,35,286,286,ev,37,35,38,,,35.36,38.25,22.14,35.16,,,28.75,36.7,ev=186;es=37,35,35,no,yes,yes,yes,searches.e042.fetched[0],,,35
searches.e046.fetched[1],Legion Boots,base-defences.csv row 229,0,104,,21,,,0,125,125,ar,0,0,3,0,3.12,,,0,12.5,,,0,7.81,ar=104;es=21,0,0,yes,yes,yes,yes,searches.e040.fetched[2],,,0
searches.e046.fetched[2],Shagreen Boots,base-defences.csv row 360,0,,357,,,71% increased Evasion Rating,81,429,429,ev,80,79,81,,,79.11,80.73,,,,,79.11,80.73,ev=209,81,81,no,yes,yes,yes,searches.e040.fetched[3],,,81
searches.e046.fetched[3],Sadist Garb,base-defences.csv row 333,0,,924,202,,92% increased Evasion and Energy Shield,85,1108,1108,ev,85,84,85,,,84.36,85.17,85.34,89.06,,,84.85,87.11,ev=481;es=105,85,85,yes,yes,yes,yes,searches.e040.fetched[4],,,85
searches.e046.fetched[4],Crusader Boots,base-defences.csv row 98,0,272,,70,,+37 to Armour; 67% increased Armour and Energy Shield; +16 to maximum Energy Shield,31,327,327,ar,27,25,29,25.42,28.74,,,20.56,40.52,,,22.99,34.63,ar=126;es=26,31,31,no,no,yes,yes,searches.e042.fetched[6],,,31
searches.e046.fetched[5],Cutthroat's Garb,base-defences.csv row 105,0,,710,,,+17 to Evasion Rating; 25% increased Evasion Rating,33,852,852,ev,33,32,33,,,32.19,33.44,,,,,32.19,33.44,ev=551,33,33,yes,yes,yes,yes,,,,33
searches.e046.fetched[6],Triumphant Lamellar,base-defences.csv row 434,0,704,695,,,+106 to Armour; 41% increased Armour and Evasion,23,844,844,ar,23,23,24,22.7,23.94,21.6,22.59,,,,,22.15,23.27,ar=393;ev=493,23,23,yes,yes,yes,yes,,,,23
searches.e046.fetched[7],Grand Ringmail,base-defences.csv row 180,0,625,,137,,+75 to Armour; +26 to maximum Energy Shield,6,750,750,ar,6,5,7,5.49,6.71,,,2.94,8.82,,,4.21,7.77,ar=550;es=111,6,6,yes,yes,yes,yes,searches.e040.fetched[7],,,6
searches.e046.fetched[8],Conjurer Boots,base-defences.csv row 83,18,,,118,,+10 to maximum Energy Shield; 93% increased Energy Shield,100,120,120,es,97,93,100,,,,,93.23,100,,,93.23,100,es=42,100,100,no,yes,yes,yes,,,,100
searches.e046.fetched[9],Spidersilk Robe,base-defences.csv row 388,0,,,329,,+62 to maximum Energy Shield; 90% increased Energy Shield,63,394,394,es,63,62,65,,,,,61.84,65.13,,,61.84,65.13,es=111,63,63,yes,yes,yes,yes,,,,63
searches.e048.fetched[0],Crusader Boots,base-defences.csv row 98,0,151,,36,,+20 to Armour; +9 to maximum Energy Shield,61,181,181,ar,56,53,58,52.78,58.33,,,50,83.33,,,51.39,70.83,ar=131;es=27,61,61,no,no,yes,yes,,,,61
searches.e048.fetched[1],Zodiac Leather,base-defences.csv row 478,20,,1510,,,35% increased Evasion Rating,61,1510,1510,ev,61,61,61,,,60.77,61.26,,,,,60.77,61.26,ev=932,61,61,yes,yes,yes,yes,searches.e042.fetched[3],,,61
searches.e048.fetched[2],Shagreen Boots,base-defences.csv row 360,0,,323,,,+31 to Evasion Rating; 38% increased Evasion Rating,64,388,388,ev,64,63,65,,,63.04,65.06,,,,,63.04,65.06,ev=203,64,64,yes,yes,yes,yes,,,,64
searches.e048.fetched[3],Titan Greaves,base-defences.csv row 422,8,536,,,,+122 to Armour; 30% increased Armour,51,596,596,ar,51,50,52,49.76,51.68,,,,,,,49.76,51.68,ar=260,51,51,yes,yes,yes,yes,,,,51
searches.e048.fetched[4],Titan Greaves,base-defences.csv row 422,0,495,,,,+145 to Armour; 27% increased Armour,11,594,594,ar,10,9,11,9.11,11.24,,,,,,,9.11,11.24,ar=245,11,11,no,yes,yes,yes,,,,11
searches.e048.fetched[5],Goliath Greaves,base-defences.csv row 179,0,203,,,,,81,244,244,ar,81,80,83,79.69,82.81,,,,,,,79.69,82.81,ar=203,81,81,yes,yes,yes,yes,,,,81
searches.e048.fetched[6],Wyrmscale Boots,base-defences.csv row 469,0,116,118,,,+15 to Armour; +17 to Evasion Rating,82,139,139,ar,82,77,86,77.27,86.36,77.27,86.36,,,,,77.27,86.36,ar=101;ev=101,82,82,yes,yes,yes,yes,,,,82
searches.e048.fetched[7],Sorcerer Boots,base-defences.csv row 384,20,,,130,,+3 to maximum Energy Shield; 94% increased Energy Shield,25,130,130,es,23,20,26,,,,,20.34,25.71,,,20.34,25.71,es=53,25,25,no,yes,yes,yes,,,,25
searches.e048.fetched[8],Ancient Greaves,base-defences.csv row 9,0,273,,,,74% increased Armour,26,328,328,ar,26,24,27,24.39,26.89,,,,,,,24.39,26.89,ar=157,26,26,yes,yes,yes,yes,,,,26
searches.e048.fetched[9],Crusader Boots,base-defences.csv row 98,0,235,,67,,73% increased Armour and Energy Shield; +11 to maximum Energy Shield,92,282,282,ar,82,81,84,80.83,84.04,,,81.31,100,,,81.07,92.02,ar=136;es=28,92,92,no,no,yes,yes,,,,92
searches.e050.fetched[0],Shagreen Boots,base-defences.csv row 360,0,,323,,,+31 to Evasion Rating; 38% increased Evasion Rating,64,388,388,ev,64,63,65,,,63.04,65.06,,,,,63.04,65.06,ev=203,64,64,yes,yes,yes,yes,searches.e048.fetched[2],,,64
searches.e050.fetched[1],Infiltrator Boots,base-defences.csv row 203,0,,238,47,,28% increased Evasion and Energy Shield,35,286,286,ev,37,35,38,,,35.36,38.25,22.14,35.16,,,28.75,36.7,ev=186;es=37,35,35,no,yes,yes,yes,searches.e042.fetched[0],,,35
searches.e050.fetched[2],Titan Greaves,base-defences.csv row 422,8,536,,,,+122 to Armour; 30% increased Armour,51,596,596,ar,51,50,52,49.76,51.68,,,,,,,49.76,51.68,ar=260,51,51,yes,yes,yes,yes,searches.e048.fetched[3],,,51
searches.e050.fetched[3],Legion Boots,base-defences.csv row 229,0,104,,21,,,0,125,125,ar,0,0,3,0,3.12,,,0,12.5,,,0,7.81,ar=104;es=21,0,0,yes,yes,yes,yes,searches.e040.fetched[2],,,0
searches.e050.fetched[4],Shagreen Boots,base-defences.csv row 360,0,,357,,,71% increased Evasion Rating,81,429,429,ev,80,79,81,,,79.11,80.73,,,,,79.11,80.73,ev=209,81,81,no,yes,yes,yes,searches.e040.fetched[3],,,81
searches.e050.fetched[5],Sadist Garb,base-defences.csv row 333,0,,924,202,,92% increased Evasion and Energy Shield,85,1108,1108,ev,85,84,85,,,84.36,85.17,85.34,89.06,,,84.85,87.11,ev=481;es=105,85,85,yes,yes,yes,yes,searches.e040.fetched[4],,,85
searches.e050.fetched[6],Crusader Boots,base-defences.csv row 98,0,272,,70,,+37 to Armour; 67% increased Armour and Energy Shield; +16 to maximum Energy Shield,31,327,327,ar,27,25,29,25.42,28.74,,,20.56,40.52,,,22.99,34.63,ar=126;es=26,31,31,no,no,yes,yes,searches.e042.fetched[6],,,31
searches.e050.fetched[7],Crusader Boots,base-defences.csv row 98,0,235,,67,,73% increased Armour and Energy Shield; +11 to maximum Energy Shield,92,282,282,ar,82,81,84,80.83,84.04,,,81.31,100,,,81.07,92.02,ar=136;es=28,92,92,no,no,yes,yes,searches.e048.fetched[9],,,92
searches.e050.fetched[8],Goliath Greaves,base-defences.csv row 179,0,243,,,,22% increased Armour,69,291,291,ar,69,68,71,68.03,70.59,,,,,,,68.03,70.59,ar=199,69,69,yes,yes,yes,yes,,,,69
searches.e050.fetched[9],Ancient Greaves,base-defences.csv row 9,0,273,,,,74% increased Armour,26,328,328,ar,26,24,27,24.39,26.89,,,,,,,24.39,26.89,ar=157,26,26,yes,yes,yes,yes,searches.e048.fetched[8],,,26
searches.e058.fetched[0],Siege Helmet,base-defences.csv row 366,0,708,,,,+169 to Armour; 73% increased Armour,9,849,849,ar,9,8,10,8.46,10.11,,,,,,,8.46,10.11,ar=240,9,9,yes,yes,yes,yes,,,,9
searches.e058.fetched[1],Ezomyte Burgonet,base-defences.csv row 137,0,495,,,,+144 to Armour,14,594,594,ar,14,13,16,12.86,15.71,,,,,,,12.86,15.71,ar=351,14,14,yes,yes,yes,yes,,,,14
searches.e058.fetched[2],Conqueror's Helmet,base-defences.csv row 86,0,737,,,,33% increased Armour,71,884,884,ar,71,70,71,70.35,71.35,,,,,,,70.35,71.35,ar=554,71,71,yes,yes,yes,yes,,,,71
searches.e058.fetched[3],Lacquered Helmet,base-defences.csv row 222,0,195,191,,,+44 to Armour; +40 to Evasion Rating,76,234,234,ar,76,74,79,73.53,79.41,73.53,79.41,,,,,73.53,79.41,ar=151;ev=151,76,76,yes,yes,yes,yes,,,,76
searches.e058.fetched[4],Nightmare Bascinet,base-defences.csv row 264,0,165,302,,,+64 to Evasion Rating,13,198,198,ar,12,10,14,10,14,12.86,15.71,,,,,11.43,14.86,ar=165;ev=238,13,13,no,yes,yes,yes,,,,13
searches.e058.fetched[5],Nightmare Bascinet,base-defences.csv row 264,0,185,266,,,,93,222,222,ar,92,90,94,90,94,92.86,95.71,,,,,91.43,94.85,ar=185;ev=266,93,93,no,yes,yes,yes,,,,93
searches.e058.fetched[6],Ursine Pelt,base-defences.csv row 440,0,,396,,,33% increased Evasion Rating,45,476,476,ev,44,44,45,,,43.61,45.14,,,,,43.61,45.14,ev=298,45,45,no,yes,yes,yes,,,,45
searches.e058.fetched[7],Ancient Mask,base-defences.csv row 10,11,,685,154,,+10 to Evasion Rating; +11 to maximum Energy Shield; 69% increased Evasion and Energy Shield,100,740,740,ev,100,100,100,,,99.77,100,98.08,100,,,98.93,100,ev=355;es=71,100,100,yes,yes,yes,yes,,,,100
searches.e058.fetched[8],Steel Circlet,base-defences.csv row 397,0,,,50,,,17,60,60,es,17,8,25,,,,,8.33,25,,,8.33,25,es=50,17,17,yes,yes,yes,yes,,,,17
searches.e058.fetched[9],Eternal Burgonet,base-defences.csv row 133,0,413,,,,,71,496,496,ar,71,71,72,70.54,72.32,,,,,,,70.54,72.32,ar=413,71,71,yes,yes,yes,yes,,,,71
searches.e060.fetched[0],Elegant Ringmail,base-defences.csv row 127,0,522,,140,,+31 to Armour; 19% increased Armour and Energy Shield; +19 to maximum Energy Shield,55,627,627,ar,55,54,55,53.99,55.49,,,47.9,54.36,,,50.95,54.92,ar=408;es=99,55,55,yes,yes,yes,yes,,,,55
searches.e060.fetched[1],Sanguine Raiment,base-defences.csv row 343,0,,1192,224,,+47 to Evasion Rating; 84% increased Evasion and Energy Shield,69,1431,1431,ev,68,68,68,,,67.75,68.41,67.46,70.65,,,67.6,69.53,ev=601;es=122,69,69,no,no,yes,yes,,,,69
searches.e060.fetched[2],Hussar Brigandine,base-defences.csv row 197,0,239,239,,,,15,287,287,ar,15,14,16,14.13,16.3,14.13,16.3,,,,,14.13,16.3,ar=239;ev=239,15,15,yes,yes,yes,yes,,,,15
searches.e060.fetched[3],Full Plate,base-defences.csv row 154,0,378,,,,26% increased Armour,46,454,454,ar,46,45,47,44.58,46.85,,,,,,,44.58,46.85,ar=300,46,46,yes,yes,yes,yes,,,,46
searches.e060.fetched[4],Zodiac Leather,base-defences.csv row 478,0,,1496,,,+358 to Evasion Rating; 23% increased Evasion Rating,3,1795,1795,ev,3,3,4,,,3.01,3.65,,,,,3.01,3.65,ev=858,3,3,yes,yes,yes,yes,,,,3
searches.e060.fetched[5],Desert Brigandine,base-defences.csv row 111,16,503,503,,,,77,521,521,ar,77,76,77,76.25,77.4,76.25,77.4,,,,,76.25,77.4,ar=434;ev=434,77,77,yes,yes,yes,yes,,,,77
searches.e060.fetched[6],Sharkskin Tunic,base-defences.csv row 365,8,,870,,,36% increased Evasion Rating,39,966,966,ev,40,39,40,,,39.26,40.07,,,,,39.26,40.07,ev=592,39,39,no,yes,yes,yes,,,,39
searches.e060.fetched[7],Sharkskin Tunic,base-defences.csv row 365,0,,605,,,,55,726,726,ev,55,54,55,,,54.17,55.36,,,,,54.17,55.36,ev=605,55,55,yes,yes,yes,yes,,,,55
searches.e060.fetched[8],Coronal Leather,base-defences.csv row 92,0,,1278,,,+22 to Evasion Rating; 120% increased Evasion Rating,77,1534,1534,ev,77,77,77,,,76.91,77.43,,,,,76.91,77.43,ev=559,77,77,yes,yes,yes,yes,,,,77
searches.e060.fetched[9],Blood Raiment,base-defences.csv row 38,0,,474,79,,,57,569,569,ev,58,58,59,,,57.69,59.23,50,59.09,,,53.84,59.16,ev=474;es=79,57,57,no,no,yes,yes,,,,57
searches.e062.fetched[1],Lunaris Circlet,base-defences.csv row 241,0,,,46,,,71,55,55,es,71,64,79,,,,,64.29,78.57,,,64.29,78.57,es=46,71,71,yes,yes,yes,yes,,,,71
searches.e062.fetched[2],Harlequin Mask,base-defences.csv row 188,0,,175,36,,,65,210,210,ev,64,63,66,,,62.5,66.07,58.33,75,,,60.42,70.53,ev=175;es=36,65,65,no,yes,yes,yes,,,,65
searches.e062.fetched[3],Solaris Circlet,base-defences.csv row 379,0,,,78,,25% increased Energy Shield,25,93,93,es,30,25,35,,,,,25,35,,,25,35,es=62,25,25,no,yes,yes,yes,,,,25
searches.e062.fetched[4],Harlequin Mask,base-defences.csv row 188,0,,256,52,,49% increased Evasion and Energy Shield,52,308,308,ev,53,52,54,,,51.7,54.1,42.73,53.91,,,47.22,54.01,ev=172;es=35,52,52,no,yes,yes,yes,,,,52
searches.e062.fetched[5],General's Helmet,base-defences.csv row 161,0,676,,,,54% increased Armour,12,811,811,ar,12,12,13,11.75,12.75,,,,,,,11.75,12.75,ar=439,12,12,yes,yes,yes,yes,,,,12
searches.e062.fetched[7],Great Crown,base-defences.csv row 182,0,161,,33,,,100,193,193,ar,100,97,100,97.22,100,,,87.5,100,,,92.36,100,ar=161;es=33,100,100,yes,yes,yes,yes,,,,100
searches.e062.fetched[8],Secutor Helm,base-defences.csv row 354,20,140,140,,,6% increased Armour and Evasion,67,140,140,ar,67,65,69,64.83,69.2,64.83,69.2,,,,,64.83,69.2,ar=110;ev=110,67,67,yes,yes,yes,yes,,,,67
searches.f001.fetched[0],Glorious Leather,base-defences.csv row 168,0,,545,,,+61 to Evasion Rating,49,654,654,ev,49,48,49,,,47.79,49.26,,,,,47.79,49.26,ev=484,49,49,yes,yes,yes,yes,searches.e040.fetched[0],,,49
searches.f001.fetched[1],Shagreen Boots,base-defences.csv row 360,0,,357,,,71% increased Evasion Rating,81,429,429,ev,80,79,81,,,79.11,80.73,,,,,79.11,80.73,ev=209,81,81,no,yes,yes,yes,searches.e040.fetched[3],,,81
searches.f001.fetched[2],Sadist Garb,base-defences.csv row 333,0,,924,202,,92% increased Evasion and Energy Shield,85,1108,1108,ev,85,84,85,,,84.36,85.17,85.34,89.06,,,84.85,87.11,ev=481;es=105,85,85,yes,yes,yes,yes,searches.e040.fetched[4],,,85
searches.f001.fetched[3],Astral Plate,base-defences.csv row 27,0,764,,,,,75,917,917,ar,75,74,75,73.94,75.35,,,,,,,73.94,75.35,ar=764,75,75,yes,yes,yes,yes,searches.e040.fetched[5],,,75
searches.f001.fetched[4],Crimson Raiment,base-defences.csv row 96,9,,318,99,,+30 to maximum Energy Shield,73,350,350,ev,69,68,71,,,68.21,70.5,67.09,78.56,,,67.65,74.53,ev=292;es=61,73,73,no,no,yes,yes,searches.e040.fetched[6],,,73
searches.f001.fetched[5],Triumphant Lamellar,base-defences.csv row 434,0,704,695,,,+106 to Armour; 41% increased Armour and Evasion,23,844,844,ar,23,23,24,22.7,23.94,21.6,22.59,,,,,22.15,23.27,ar=393;ev=493,23,23,yes,yes,yes,yes,searches.e046.fetched[6],,,23
searches.f001.fetched[6],Grand Ringmail,base-defences.csv row 180,0,625,,137,,+75 to Armour; +26 to maximum Energy Shield,6,750,750,ar,6,5,7,5.49,6.71,,,2.94,8.82,,,4.21,7.77,ar=550;es=111,6,6,yes,yes,yes,yes,searches.e040.fetched[7],,,6
searches.f001.fetched[7],Cutthroat's Garb,base-defences.csv row 105,0,,710,,,+17 to Evasion Rating; 25% increased Evasion Rating,33,852,852,ev,33,32,33,,,32.19,33.44,,,,,32.19,33.44,ev=551,33,33,yes,yes,yes,yes,searches.e046.fetched[5],,,33
searches.f001.fetched[8],Marshall's Brigandine,base-defences.csv row 249,0,804,773,,,+119 to Armour; +88 to Evasion Rating,62,965,965,ar,62,61,62,61.17,62.23,61.17,62.23,,,,,61.17,62.23,ar=685;ev=685,62,62,yes,yes,yes,yes,,,,62
searches.f001.fetched[9],Spidersilk Robe,base-defences.csv row 388,0,,,329,,+62 to maximum Energy Shield; 90% increased Energy Shield,63,394,394,es,63,62,65,,,,,61.84,65.13,,,61.84,65.13,es=111,63,63,yes,yes,yes,yes,searches.e046.fetched[9],,,63
searches.f004.fetched[0],Glorious Leather,base-defences.csv row 168,0,,545,,,+61 to Evasion Rating,49,654,654,ev,49,48,49,,,47.79,49.26,,,,,47.79,49.26,ev=484,49,49,yes,yes,yes,yes,searches.e040.fetched[0],,,49
searches.f004.fetched[1],Savant's Robe,base-defences.csv row 346,0,,,208,,+85 to maximum Energy Shield,47,250,250,es,47,44,50,,,,,44.12,50,,,44.12,50,es=123,47,47,yes,yes,yes,yes,searches.e042.fetched[4],,,47
searches.f004.fetched[2],Savant's Robe,base-defences.csv row 346,0,,,119,,,24,143,143,es,24,21,26,,,,,20.59,26.47,,,20.59,26.47,es=119,24,24,yes,yes,yes,yes,searches.e042.fetched[8],,,24
searches.f004.fetched[3],Sadist Garb,base-defences.csv row 333,0,,924,202,,92% increased Evasion and Energy Shield,85,1108,1108,ev,85,84,85,,,84.36,85.17,85.34,89.06,,,84.85,87.11,ev=481;es=105,85,85,yes,yes,yes,yes,searches.e040.fetched[4],,,85
searches.f004.fetched[4],Lordly Plate,base-defences.csv row 239,0,693,,,,+58 to Armour; 56% increased Armour,52,831,831,ar,52,51,52,51.42,52.42,,,,,,,51.42,52.42,ar=386,52,52,yes,yes,yes,yes,,,,52
searches.f004.fetched[5],Cutthroat's Garb,base-defences.csv row 105,0,,710,,,+17 to Evasion Rating; 25% increased Evasion Rating,33,852,852,ev,33,32,33,,,32.19,33.44,,,,,32.19,33.44,ev=551,33,33,yes,yes,yes,yes,searches.e046.fetched[5],,,33
searches.f004.fetched[6],Grand Ringmail,base-defences.csv row 180,0,625,,137,,+75 to Armour; +26 to maximum Energy Shield,6,750,750,ar,6,5,7,5.49,6.71,,,2.94,8.82,,,4.21,7.77,ar=550;es=111,6,6,yes,yes,yes,yes,searches.e040.fetched[7],,,6
searches.f004.fetched[7],Marshall's Brigandine,base-defences.csv row 249,0,804,773,,,+119 to Armour; +88 to Evasion Rating,62,965,965,ar,62,61,62,61.17,62.23,61.17,62.23,,,,,61.17,62.23,ar=685;ev=685,62,62,yes,yes,yes,yes,searches.f001.fetched[8],,,62
searches.f004.fetched[8],Triumphant Lamellar,base-defences.csv row 434,0,704,695,,,+106 to Armour; 41% increased Armour and Evasion,23,844,844,ar,23,23,24,22.7,23.94,21.6,22.59,,,,,22.15,23.27,ar=393;ev=493,23,23,yes,yes,yes,yes,searches.e046.fetched[6],,,23
searches.f004.fetched[9],Carnal Boots,base-defences.csv row 58,0,,115,23,,11% increased Evasion and Energy Shield,26,139,139,ev,26,23,28,,,23.07,28.08,6.76,29.28,,,14.91,28.68,ev=104;es=21,26,26,yes,yes,yes,yes,,,,26
searches.f007.fetched[0],Astral Plate,base-defences.csv row 27,0,1190,,,,+458 to Armour,30,1428,1428,ar,30,29,30,28.87,30.28,,,,,,,28.87,30.28,ar=732,30,30,yes,yes,yes,yes,searches.e044.fetched[3],,,30
searches.f007.fetched[1],Zodiac Leather,base-defences.csv row 478,0,,916,,,+17 to Evasion Rating,35,1099,1099,ev,35,35,36,,,34.77,35.55,,,,,34.77,35.55,ev=899,35,35,yes,yes,yes,yes,searches.e044.fetched[6],,,35
searches.f007.fetched[2],Sadist Garb,base-defences.csv row 333,0,,924,202,,92% increased Evasion and Energy Shield,85,1108,1108,ev,85,84,85,,,84.36,85.17,85.34,89.06,,,84.85,87.11,ev=481;es=105,85,85,yes,yes,yes,yes,searches.e040.fetched[4],,,85
searches.f007.fetched[3],Savant's Robe,base-defences.csv row 346,0,,,119,,,24,143,143,es,24,21,26,,,,,20.59,26.47,,,20.59,26.47,es=119,24,24,yes,yes,yes,yes,searches.e042.fetched[8],,,24
searches.f007.fetched[4],Astral Plate,base-defences.csv row 27,0,764,,,,,75,917,917,ar,75,74,75,73.94,75.35,,,,,,,73.94,75.35,ar=764,75,75,yes,yes,yes,yes,searches.e040.fetched[5],,,75
searches.f007.fetched[5],Lordly Plate,base-defences.csv row 239,0,693,,,,+58 to Armour; 56% increased Armour,52,831,831,ar,52,51,52,51.42,52.42,,,,,,,51.42,52.42,ar=386,52,52,yes,yes,yes,yes,searches.f004.fetched[4],,,52
searches.f007.fetched[6],Crimson Raiment,base-defences.csv row 96,9,,318,99,,+30 to maximum Energy Shield,73,350,350,ev,69,68,71,,,68.21,70.5,67.09,78.56,,,67.65,74.53,ev=292;es=61,73,73,no,no,yes,yes,searches.e040.fetched[6],,,73
searches.f007.fetched[7],Grand Ringmail,base-defences.csv row 180,0,625,,137,,+75 to Armour; +26 to maximum Energy Shield,6,750,750,ar,6,5,7,5.49,6.71,,,2.94,8.82,,,4.21,7.77,ar=550;es=111,6,6,yes,yes,yes,yes,searches.e040.fetched[7],,,6
searches.f007.fetched[8],Crusader Boots,base-defences.csv row 98,0,136,,27,,,75,163,163,ar,83,81,86,80.56,86.11,,,50,83.33,,,65.28,84.72,ar=136;es=27,75,75,no,no,yes,yes,,,,75
searches.f007.fetched[9],Triumphant Lamellar,base-defences.csv row 434,0,704,695,,,+106 to Armour; 41% increased Armour and Evasion,23,844,844,ar,23,23,24,22.7,23.94,21.6,22.59,,,,,22.15,23.27,ar=393;ev=493,23,23,yes,yes,yes,yes,searches.e046.fetched[6],,,23
searches.f010.fetched[0],Shagreen Boots,base-defences.csv row 360,0,,357,,,71% increased Evasion Rating,81,429,429,ev,80,79,81,,,79.11,80.73,,,,,79.11,80.73,ev=209,81,81,no,yes,yes,yes,searches.e040.fetched[3],,,81
searches.f010.fetched[1],Sadist Garb,base-defences.csv row 333,0,,924,202,,92% increased Evasion and Energy Shield,85,1108,1108,ev,85,84,85,,,84.36,85.17,85.34,89.06,,,84.85,87.11,ev=481;es=105,85,85,yes,yes,yes,yes,searches.e040.fetched[4],,,85
searches.f010.fetched[2],Grand Ringmail,base-defences.csv row 180,0,625,,137,,+75 to Armour; +26 to maximum Energy Shield,6,750,750,ar,6,5,7,5.49,6.71,,,2.94,8.82,,,4.21,7.77,ar=550;es=111,6,6,yes,yes,yes,yes,searches.e040.fetched[7],,,6
searches.f010.fetched[3],Triumphant Lamellar,base-defences.csv row 434,0,704,695,,,+106 to Armour; 41% increased Armour and Evasion,23,844,844,ar,23,23,24,22.7,23.94,21.6,22.59,,,,,22.15,23.27,ar=393;ev=493,23,23,yes,yes,yes,yes,searches.e046.fetched[6],,,23
searches.f010.fetched[4],Cutthroat's Garb,base-defences.csv row 105,0,,710,,,+17 to Evasion Rating; 25% increased Evasion Rating,33,852,852,ev,33,32,33,,,32.19,33.44,,,,,32.19,33.44,ev=551,33,33,yes,yes,yes,yes,searches.e046.fetched[5],,,33
searches.f010.fetched[5],Spidersilk Robe,base-defences.csv row 388,0,,,329,,+62 to maximum Energy Shield; 90% increased Energy Shield,63,394,394,es,63,62,65,,,,,61.84,65.13,,,61.84,65.13,es=111,63,63,yes,yes,yes,yes,searches.e046.fetched[9],,,63
searches.f010.fetched[6],Commander's Brigandine,base-defences.csv row 80,0,298,298,,,,46,358,358,ar,46,45,47,45,47,45,47,,,,,45,47,ar=298;ev=298,46,46,yes,yes,yes,yes,,,,46
searches.f010.fetched[7],Paladin's Hauberk,base-defences.csv row 283,0,1906,,384,,+362 to Armour; 91% increased Armour and Energy Shield; +73 to maximum Energy Shield,10,2287,2287,ar,9,9,10,9.2,9.75,,,9.4,12.15,,,9.3,10.95,ar=636;es=128,10,10,no,yes,yes,yes,,,,10
searches.f010.fetched[8],Full Dragonscale,base-defences.csv row 152,20,608,482,,,,52,608,608,ar,52,51,52,51.06,52.23,50.45,51.93,,,,,50.75,52.08,ar=507;ev=402,52,52,yes,yes,yes,yes,,,,52
searches.f010.fetched[9],Lordly Plate,base-defences.csv row 239,0,370,,,,,27,444,444,ar,27,26,27,25.78,27.34,,,,,,,25.78,27.34,ar=370,27,27,yes,yes,yes,yes,,,,27
searches.f012.fetched[0],Golden Plate,base-defences.csv row 177,0,559,,,,,0,671,671,ar,0,0,1,0,0.6,,,,,,,0,0.6,ar=559,0,0,yes,yes,yes,yes,,,,0
searches.f012.fetched[1],Golden Plate,base-defences.csv row 177,6,593,,,,,0,671,671,ar,1,0,1,0,1.08,,,,,,,0,1.08,ar=559,0,0,no,yes,yes,yes,,,,0
searches.f012.fetched[2],Golden Plate,base-defences.csv row 177,0,559,,,,,0,671,671,ar,0,0,1,0,0.6,,,,,,,0,0.6,ar=559,0,0,yes,yes,yes,yes,,,,0
searches.f012.fetched[3],Golden Plate,base-defences.csv row 177,0,559,,,,,0,671,671,ar,0,0,1,0,0.6,,,,,,,0,0.6,ar=559,0,0,yes,yes,yes,yes,,,,0
searches.f012.fetched[4],Golden Plate,base-defences.csv row 177,0,559,,,,,0,671,671,ar,0,0,1,0,0.6,,,,,,,0,0.6,ar=559,0,0,yes,yes,yes,yes,,,,0
searches.f012.fetched[5],Golden Plate,base-defences.csv row 177,0,559,,,,,0,671,671,ar,0,0,1,0,0.6,,,,,,,0,0.6,ar=559,0,0,yes,yes,yes,yes,searches.f012.fetched[3],,,0
searches.f012.fetched[6],Golden Plate,base-defences.csv row 177,0,567,,,,,10,680,680,ar,10,9,10,8.93,10.12,,,,,,,8.93,10.12,ar=567,10,10,yes,yes,yes,yes,,,,10
searches.f012.fetched[7],Golden Plate,base-defences.csv row 177,0,559,,,,,0,671,671,ar,0,0,1,0,0.6,,,,,,,0,0.6,ar=559,0,0,yes,yes,yes,yes,,,,0
searches.f012.fetched[8],Golden Plate,base-defences.csv row 177,0,627,,,,,81,752,752,ar,81,80,82,80.36,81.55,,,,,,,80.36,81.55,ar=627,81,81,yes,yes,yes,yes,,,,81
searches.f012.fetched[9],Golden Plate,base-defences.csv row 177,0,597,,,,,45,716,716,ar,45,45,46,44.64,45.83,,,,,,,44.64,45.83,ar=597,45,45,yes,yes,yes,yes,,,,45
searches.f014.fetched[0],Crusader Boots,base-defences.csv row 98,0,235,,67,,73% increased Armour and Energy Shield; +11 to maximum Energy Shield,92,282,282,ar,82,81,84,80.83,84.04,,,81.31,100,,,81.07,92.02,ar=136;es=28,92,92,no,no,yes,yes,searches.e048.fetched[9],,,92
searches.f014.fetched[1],Two-Toned Boots,base-defences.csv row 438,20,194,152,,,+35 to Armour,5,194,194,ar,4,1,6,1.32,5.7,1.32,5.7,,,,,1.32,5.7,ar=127;ev=127,5,5,no,yes,yes,yes,,,,5
searches.f014.fetched[2],Satin Slippers,base-defences.csv row 345,20,,,35,,,75,35,35,es,79,69,90,,,,,68.75,89.58,,,68.75,89.58,es=29,75,75,no,yes,yes,yes,,,,75
searches.f014.fetched[3],Murder Boots,base-defences.csv row 258,8,,229,23,,,98,254,254,ev,97,95,98,,,94.91,98.21,94.44,100,,,94.68,99.1,ev=212;es=21,98,98,no,yes,yes,yes,,,,98
searches.f014.fetched[4],Titan Greaves,base-defences.csv row 422,0,268,,,,,73,322,322,ar,73,72,74,71.62,74.32,,,,,,,71.62,74.32,ar=268,73,73,yes,yes,yes,yes,,,,73
searches.f014.fetched[5],Wyrmscale Boots,base-defences.csv row 469,20,113,113,,,,18,113,113,ar,20,16,23,15.91,23.48,15.91,23.48,,,,,15.91,23.48,ar=94;ev=94,18,18,no,yes,yes,yes,,,,18
searches.f014.fetched[6],Shagreen Boots,base-defences.csv row 360,20,,234,,,,42,234,234,ev,42,41,43,,,40.51,42.82,,,,,40.51,42.82,ev=195,42,42,yes,yes,yes,yes,,,,42
searches.f014.fetched[7],Two-Toned Boots,base-defences.csv row 437,20,,192,40,,15% increased Evasion and Energy Shield,72,192,192,ev,69,67,71,,,67.2,71.01,65.58,83.7,,,66.39,77.35,ev=139;es=29,72,72,no,no,yes,yes,,,,72
searches.f014.fetched[8],Conjurer Boots,base-defences.csv row 83,0,,,52,,+10 to maximum Energy Shield,100,62,62,es,100,92,100,,,,,91.67,100,,,91.67,100,es=42,100,100,yes,yes,yes,yes,,,,100
searches.f014.fetched[9],Samite Slippers,base-defences.csv row 341,20,,,66,,+20 to maximum Energy Shield,100,66,66,es,100,92,100,,,,,91.67,100,,,91.67,100,es=35,100,100,yes,yes,yes,yes,,,,100
searches.f016.fetched[0],Shagreen Boots,base-defences.csv row 360,0,,357,,,71% increased Evasion Rating,81,429,429,ev,80,79,81,,,79.11,80.73,,,,,79.11,80.73,ev=209,81,81,no,yes,yes,yes,searches.e040.fetched[3],,,81
searches.f016.fetched[1],Sadist Garb,base-defences.csv row 333,0,,924,202,,92% increased Evasion and Energy Shield,85,1108,1108,ev,85,84,85,,,84.36,85.17,85.34,89.06,,,84.85,87.11,ev=481;es=105,85,85,yes,yes,yes,yes,searches.e040.fetched[4],,,85
searches.f016.fetched[2],Cutthroat's Garb,base-defences.csv row 105,0,,710,,,+17 to Evasion Rating; 25% increased Evasion Rating,33,852,852,ev,33,32,33,,,32.19,33.44,,,,,32.19,33.44,ev=551,33,33,yes,yes,yes,yes,searches.e046.fetched[5],,,33
searches.f016.fetched[3],Grand Ringmail,base-defences.csv row 180,0,625,,137,,+75 to Armour; +26 to maximum Energy Shield,6,750,750,ar,6,5,7,5.49,6.71,,,2.94,8.82,,,4.21,7.77,ar=550;es=111,6,6,yes,yes,yes,yes,searches.e040.fetched[7],,,6
searches.f016.fetched[4],Triumphant Lamellar,base-defences.csv row 434,0,704,695,,,+106 to Armour; 41% increased Armour and Evasion,23,844,844,ar,23,23,24,22.7,23.94,21.6,22.59,,,,,22.15,23.27,ar=393;ev=493,23,23,yes,yes,yes,yes,searches.e046.fetched[6],,,23
searches.f016.fetched[5],Crusader Boots,base-defences.csv row 98,0,235,,67,,73% increased Armour and Energy Shield; +11 to maximum Energy Shield,92,282,282,ar,82,81,84,80.83,84.04,,,81.31,100,,,81.07,92.02,ar=136;es=28,92,92,no,no,yes,yes,searches.e048.fetched[9],,,92
searches.f016.fetched[6],Spidersilk Robe,base-defences.csv row 388,0,,,329,,+62 to maximum Energy Shield; 90% increased Energy Shield,63,394,394,es,63,62,65,,,,,61.84,65.13,,,61.84,65.13,es=111,63,63,yes,yes,yes,yes,searches.e046.fetched[9],,,63
searches.f016.fetched[7],Commander's Brigandine,base-defences.csv row 80,0,298,298,,,,46,358,358,ar,46,45,47,45,47,45,47,,,,,45,47,ar=298;ev=298,46,46,yes,yes,yes,yes,searches.f010.fetched[6],,,46
searches.f016.fetched[8],Full Dragonscale,base-defences.csv row 152,20,608,482,,,,52,608,608,ar,52,51,52,51.06,52.23,50.45,51.93,,,,,50.75,52.08,ar=507;ev=402,52,52,yes,yes,yes,yes,searches.f010.fetched[8],,,52
searches.f016.fetched[9],Paladin's Hauberk,base-defences.csv row 283,0,1906,,384,,+362 to Armour; 91% increased Armour and Energy Shield; +73 to maximum Energy Shield,10,2287,2287,ar,9,9,10,9.2,9.75,,,9.4,12.15,,,9.3,10.95,ar=636;es=128,10,10,no,yes,yes,yes,searches.f010.fetched[7],,,10
searches.f018.fetched[0],Golden Plate,base-defences.csv row 177,6,593,,,,,0,671,671,ar,1,0,1,0,1.08,,,,,,,0,1.08,ar=559,0,0,no,yes,yes,yes,searches.f012.fetched[1],,,0
searches.f018.fetched[1],Golden Plate,base-defences.csv row 177,0,559,,,,,0,671,671,ar,0,0,1,0,0.6,,,,,,,0,0.6,ar=559,0,0,yes,yes,yes,yes,searches.f012.fetched[3],,,0
searches.f018.fetched[2],Golden Plate,base-defences.csv row 177,0,559,,,,,0,671,671,ar,0,0,1,0,0.6,,,,,,,0,0.6,ar=559,0,0,yes,yes,yes,yes,searches.f012.fetched[2],,,0
searches.f018.fetched[3],Golden Plate,base-defences.csv row 177,0,559,,,,,0,671,671,ar,0,0,1,0,0.6,,,,,,,0,0.6,ar=559,0,0,yes,yes,yes,yes,searches.f012.fetched[0],,,0
searches.f018.fetched[4],Golden Plate,base-defences.csv row 177,0,559,,,,,0,671,671,ar,0,0,1,0,0.6,,,,,,,0,0.6,ar=559,0,0,yes,yes,yes,yes,searches.f012.fetched[4],,,0
searches.f018.fetched[5],Golden Plate,base-defences.csv row 177,0,608,,,,,58,730,730,ar,58,58,59,57.74,58.93,,,,,,,57.74,58.93,ar=608,58,58,yes,yes,yes,yes,,,,58
searches.f018.fetched[6],Golden Plate,base-defences.csv row 177,0,586,,,,,32,703,703,ar,32,32,33,31.55,32.74,,,,,,,31.55,32.74,ar=586,32,32,yes,yes,yes,yes,,,,32
searches.f018.fetched[7],Golden Plate,base-defences.csv row 177,0,632,,,,,87,758,758,ar,87,86,88,86.31,87.5,,,,,,,86.31,87.5,ar=632,87,87,yes,yes,yes,yes,,,,87
searches.f018.fetched[8],Golden Plate,base-defences.csv row 177,0,559,,,,,0,671,671,ar,0,0,1,0,0.6,,,,,,,0,0.6,ar=559,0,0,yes,yes,yes,yes,,,,0
searches.f018.fetched[9],Golden Plate,base-defences.csv row 177,0,559,,,,,0,671,671,ar,0,0,1,0,0.6,,,,,,,0,0.6,ar=559,0,0,yes,yes,yes,yes,,,,0
searches.f024.fetched[0],Lacquered Helmet,base-defences.csv row 222,0,195,191,,,+44 to Armour; +40 to Evasion Rating,76,234,234,ar,76,74,79,73.53,79.41,73.53,79.41,,,,,73.53,79.41,ar=151;ev=151,76,76,yes,yes,yes,yes,searches.e058.fetched[3],,,76
searches.f024.fetched[1],Praetor Crown,base-defences.csv row 297,0,354,,126,,+28 to Armour; 68% increased Armour and Energy Shield; +17 to maximum Energy Shield,96,425,425,ar,90,89,92,89.24,91.72,,,95.75,100,,,92.5,95.86,ar=183;es=58,96,96,no,no,yes,yes,,,,96
searches.f024.fetched[2],Fluted Bascinet,base-defences.csv row 147,0,227,227,,,29% increased Armour and Evasion,55,272,272,ar,55,54,56,53.73,56.4,53.73,56.4,,,,,53.73,56.4,ar=176;ev=176,55,55,yes,yes,yes,yes,,,,55
searches.f024.fetched[3],Praetor Crown,base-defences.csv row 297,0,182,,57,,,87,218,218,ar,88,85,90,85.42,89.58,,,78.57,92.86,,,82,91.22,ar=182;es=57,87,87,no,yes,yes,yes,,,,87
searches.f024.fetched[4],Prophet Crown,base-defences.csv row 301,0,226,,32,,,3,271,271,ar,6,4,7,4.41,7.35,,,0,10,,,2.21,8.68,ar=226;es=32,3,3,no,no,yes,yes,,,,3
searches.f024.fetched[5],Runic Crown,base-defences.csv row 322,20,,,,408,99% increased Ward,28,,,ward,27,27,28,,,,,,,26.58,28.25,26.58,28.25,ward=171,28,28,no,yes,yes,yes,,,,28
searches.f024.fetched[6],Steel Circlet,base-defences.csv row 397,20,,,85,,+22 to maximum Energy Shield,0,85,85,es,0,0,4,,,,,0,4.17,,,0,4.17,es=49,0,0,yes,yes,yes,yes,,,,0
searches.f024.fetched[7],Festival Mask,base-defences.csv row 142,0,,83,18,,,52,100,100,ev,55,50,59,,,50,59.09,25,75,,,37.5,67.05,ev=83;es=18,52,52,no,yes,yes,yes,,,,52
searches.f024.fetched[8],Solaris Circlet,base-defences.csv row 379,0,,,61,,,13,73,73,es,13,6,19,,,,,6.25,18.75,,,6.25,18.75,es=61,13,13,yes,yes,yes,yes,,,,13
searches.f024.fetched[9],Samnite Helmet,base-defences.csv row 342,0,298,,,,,45,358,358,ar,45,44,46,43.88,45.92,,,,,,,43.88,45.92,ar=298,45,45,yes,yes,yes,yes,,,,45
searches.f026.fetched[1],Majestic Plate,base-defences.csv row 247,0,821,,,,48% increased Armour,26,986,986,ar,26,26,26,25.68,26.39,,,,,,,25.68,26.39,ar=555,26,26,yes,yes,yes,yes,,,,26
searches.f026.fetched[5],Sanguine Raiment,base-defences.csv row 343,0,,1066,245,,90% increased Evasion and Energy Shield; +16 to maximum Energy Shield,19,1279,1279,ev,20,19,20,,,19.26,19.9,15.79,18.89,,,17.52,19.4,ev=561;es=113,19,19,no,yes,yes,yes,,,,19
searches.f028.fetched[3],Deicide Mask,base-defences.csv row 109,0,,213,52,,7% increased Evasion and Energy Shield,30,256,256,ev,31,30,33,,,29.65,32.87,16.15,29.51,,,22.9,31.19,ev=199;es=49,30,30,no,yes,yes,yes,,,,30
searches.f046.fetched[0],Arcanist Gloves,base-defences.csv row 18,0,,,57,,23% increased Energy Shield,14,68,68,es,19,13,25,,,,,13.36,24.97,,,13.36,24.97,es=46,14,14,no,yes,yes,yes,searches.e017.fetched[3],,,14
searches.f046.fetched[1],Slink Gloves,base-defences.csv row 378,20,,706,,,+22 to Evasion Rating; 96% increased Evasion Rating,100,706,706,ev,100,100,100,,,99.88,100,,,,,99.88,100,ev=278,100,100,yes,yes,yes,yes,searches.e017.fetched[7],,,100
searches.f046.fetched[2],Hydrascale Gauntlets,base-defences.csv row 199,0,114,114,,,,50,137,137,ar,50,47,53,46.88,53.12,46.88,53.12,,,,,46.88,53.12,ar=114;ev=114,50,50,yes,yes,yes,yes,,,,50
searches.f046.fetched[3],Goliath Gauntlets,base-defences.csv row 178,0,287,,,,+92 to Armour,81,344,344,ar,81,79,83,78.85,82.69,,,,,,,78.85,82.69,ar=195,81,81,yes,yes,yes,yes,,,,81
searches.f046.fetched[4],Stealth Gloves,base-defences.csv row 396,0,,526,,,+181 to Evasion Rating; 27% increased Evasion Rating,6,631,631,ev,6,5,8,,,5.23,7.55,,,,,5.23,7.55,ev=233,6,6,yes,yes,yes,yes,,,,6
searches.f046.fetched[5],Slink Gloves,base-defences.csv row 378,0,,248,,,,17,298,298,ev,17,15,18,,,15.28,18.06,,,,,15.28,18.06,ev=248,17,17,yes,yes,yes,yes,,,,17
searches.f046.fetched[6],Spiked Gloves,base-defences.csv row 390,0,337,,,,+103 to Armour,42,404,404,ar,42,41,44,40.91,43.94,,,,,,,40.91,43.94,ar=234,42,42,yes,yes,yes,yes,,,,42
searches.f046.fetched[7],Velour Gloves,base-defences.csv row 449,20,,611,,,34% increased Evasion Rating,39,611,611,ev,39,38,39,,,38.27,39.42,,,,,38.27,39.42,ev=380,39,39,yes,yes,yes,yes,,,,39
searches.f046.fetched[8],Velour Gloves,base-defences.csv row 449,0,,394,,,,65,473,473,ev,65,64,66,,,63.89,65.74,,,,,63.89,65.74,ev=394,65,65,yes,yes,yes,yes,,,,65
searches.f048.fetched[0],Dragonscale Gauntlets,base-defences.csv row 119,0,123,123,,,,11,148,148,ar,11,8,14,8.33,13.89,8.33,13.89,,,,,8.33,13.89,ar=123;ev=123,11,11,yes,yes,yes,yes,,,,11
searches.f048.fetched[1],Carnal Mitts,base-defences.csv row 59,0,,136,28,,42% increased Evasion and Energy Shield,52,164,164,ev,52,49,56,,,49.3,55.7,18.31,53.52,,,33.8,54.61,ev=96;es=20,52,52,yes,yes,yes,yes,,,,52
searches.f048.fetched[2],Slink Gloves,base-defences.csv row 378,0,,364,,,+88 to Evasion Rating,94,437,437,ev,94,93,96,,,93.06,95.83,,,,,93.06,95.83,ev=276,94,94,yes,yes,yes,yes,,,,94
searches.f048.fetched[3],Sorcerer Gloves,base-defences.csv row 385,0,,,50,,,13,60,60,es,13,6,19,,,,,6.25,18.75,,,6.25,18.75,es=50,13,13,yes,yes,yes,yes,,,,13
searches.f048.fetched[4],Apothecary's Gloves,base-defences.csv row 15,20,138,,37,,,47,138,138,ar,44,41,46,41.15,46.35,,,35.42,56.25,,,38.28,51.3,ar=115;es=31,47,47,no,no,yes,yes,,,,47
searches.f048.fetched[5],Gripped Gloves,base-defences.csv row 184,20,,527,,,+51 to Evasion Rating; 62% increased Evasion Rating,0,527,527,ev,0,0,1,,,0,1.05,,,,,0,1.05,ev=220,0,0,yes,yes,yes,yes,,,,0
searches.f048.fetched[6],Dragonscale Gauntlets,base-defences.csv row 119,0,134,134,,,,72,161,161,ar,72,69,75,69.44,75,69.44,75,,,,,69.44,75,ar=134;ev=134,72,72,yes,yes,yes,yes,,,,72
searches.f048.fetched[7],Harpyskin Gloves,base-defences.csv row 191,0,,360,,,+11 to Evasion Rating,91,432,432,ev,91,90,92,,,90.22,92.39,,,,,90.22,92.39,ev=349,91,91,yes,yes,yes,yes,,,,91
searches.f048.fetched[8],Crusader Gloves,base-defences.csv row 101,0,123,,25,,,6,148,148,ar,11,8,14,8.33,13.89,,,0,16.67,,,4.17,15.28,ar=123;es=25,6,6,no,no,yes,yes,,,,6
searches.f048.fetched[9],Goliath Gauntlets,base-defences.csv row 178,0,178,,,,,15,214,214,ar,15,13,17,13.46,17.31,,,,,,,13.46,17.31,ar=178,15,15,yes,yes,yes,yes,,,,15
searches.f050.fetched[0],Titan Gauntlets,base-defences.csv row 421,0,363,,,,+111 to Armour,28,436,436,ar,28,26,29,26.39,29.17,,,,,,,26.39,29.17,ar=252,28,28,yes,yes,yes,yes,searches.e007.fetched[8],,,28
searches.f050.fetched[1],Assassin's Mitts,base-defences.csv row 25,0,,202,42,,74% increased Evasion and Energy Shield,69,242,242,ev,64,62,65,,,62.13,65.15,71.26,85.63,,,66.69,75.39,ev=116;es=24,69,69,no,no,yes,yes,,,,69
searches.f050.fetched[2],Conjurer Gloves,base-defences.csv row 84,0,,,58,,34% increased Energy Shield,86,69,69,es,90,84,95,,,,,84.43,95.1,,,84.43,95.1,es=43,86,86,no,yes,yes,yes,,,,86
searches.f050.fetched[3],Shagreen Gloves,base-defences.csv row 361,0,,216,,,+18 to Evasion Rating,60,259,259,ev,60,59,61,,,58.57,61.43,,,,,58.57,61.43,ev=198,60,60,yes,yes,yes,yes,,,,60
searches.f050.fetched[4],Murder Mitts,base-defences.csv row 259,0,,129,26,,,39,155,155,ev,44,42,47,,,41.67,47.22,16.67,50,,,29.17,48.61,ev=129;es=26,39,39,no,no,yes,yes,,,,39
searches.f050.fetched[5],Soldier Gloves,base-defences.csv row 381,0,131,,42,,+28 to Armour; +21 to maximum Energy Shield,100,157,157,ar,100,95,100,95.45,100,,,75,100,,,85.22,100,ar=103;es=21,100,100,yes,yes,yes,yes,,,,100
searches.f050.fetched[6],Precursor Gauntlets,base-defences.csv row 298,0,337,,,,,65,404,404,ar,65,64,66,64.13,66.3,,,,,,,64.13,66.3,ar=337,65,65,yes,yes,yes,yes,,,,65
searches.f050.fetched[7],Dragonscale Gauntlets,base-defences.csv row 119,0,126,126,,,,28,151,151,ar,28,25,31,25,30.56,25,30.56,,,,,25,30.56,ar=126;ev=126,28,28,yes,yes,yes,yes,,,,28
searches.f050.fetched[8],Spiked Gloves,base-defences.csv row 390,20,304,,,,15% increased Armour,0,304,304,ar,1,0,2,0,1.98,,,,,,,0,1.98,ar=220,0,0,no,yes,yes,yes,,,,0
searches.f050.fetched[9],Murder Mitts,base-defences.csv row 259,0,,145,32,,+19 to Evasion Rating; +6 to maximum Energy Shield,31,174,174,ev,28,25,31,,,25,30.56,16.67,50,,,20.84,40.28,ev=126;es=26,31,31,no,yes,yes,yes,,,,31
searches.f052.fetched[0],Sorcerer Gloves,base-defences.csv row 385,0,,,59,,+6 to maximum Energy Shield,50,71,71,es,50,44,56,,,,,43.75,56.25,,,43.75,56.25,es=53,50,50,yes,yes,yes,yes,searches.e002.fetched[5],,,50
searches.f052.fetched[1],Carnal Mitts,base-defences.csv row 59,0,,149,31,,62% increased Evasion and Energy Shield,9,179,179,ev,18,15,21,,,15.15,20.76,0,22.22,,,7.58,21.49,ev=92;es=19,9,9,no,no,yes,yes,searches.e002.fetched[7],,,9
searches.f052.fetched[2],Conjurer Gloves,base-defences.csv row 84,0,,,53,,36% increased Energy Shield,29,64,64,es,28,23,33,,,,,22.9,33.4,,,22.9,33.4,es=39,29,29,no,yes,yes,yes,,,,29
searches.f052.fetched[3],Murder Mitts,base-defences.csv row 259,0,,208,43,,53% increased Evasion and Energy Shield,92,250,250,ev,83,81,85,,,81.23,84.86,92.59,100,,,86.91,92.43,ev=136;es=28,92,92,no,no,yes,yes,,,,92
searches.f052.fetched[4],Dragonscale Gauntlets,base-defences.csv row 119,0,128,128,,,,39,154,154,ar,39,36,42,36.11,41.67,36.11,41.67,,,,,36.11,41.67,ar=128;ev=128,39,39,yes,yes,yes,yes,,,,39
searches.f052.fetched[5],Slink Gloves,base-defences.csv row 378,0,,288,,,18% increased Evasion Rating,6,346,346,ev,6,5,7,,,4.57,6.92,,,,,4.57,6.92,ev=244,6,6,yes,yes,yes,yes,,,,6
searches.f052.fetched[6],Ambush Mitts,base-defences.csv row 7,0,,114,17,,+32 to Evasion Rating,5,137,137,ev,10,5,15,,,5,15,0,25,,,2.5,20,ev=82;es=17,5,5,no,yes,yes,yes,,,,5
searches.f052.fetched[7],Assassin's Mitts,base-defences.csv row 25,20,,144,29,,,80,144,144,ev,84,82,86,,,82.02,86.4,68.75,89.58,,,75.39,87.99,ev=120;es=24,80,80,no,no,yes,yes,,,,80
searches.f052.fetched[8],Wyvernscale Gauntlets,base-defences.csv row 473,20,377,377,,,39% increased Armour and Evasion,68,377,377,ar,68,67,69,66.84,68.77,66.84,68.77,,,,,66.84,68.77,ar=226;ev=226,68,68,yes,yes,yes,yes,,,,68
searches.f052.fetched[9],Dragonscale Gauntlets,base-defences.csv row 119,20,568,555,,,+82 to Armour; +77 to Evasion Rating; 94% increased Armour and Evasion; 20% increased Armour and Evasion,100,568,568,ar,100,100,100,99.94,100,99.59,100,,,,,99.77,100,ar=139;ev=139,100,100,yes,yes,yes,yes,,,,100
searches.f054.fetched[0],Trapper Mitts,base-defences.csv row 430,28,,97,20,,,96,97,97,ev,90,87,93,,,86.59,93.1,61.72,100,,,74.16,96.55,ev=76;es=16,96,96,no,no,yes,yes,searches.e022.fetched[1],,,96
searches.f054.fetched[1],Hydrascale Gauntlets,base-defences.csv row 199,0,142,142,,,18% increased Armour and Evasion,88,170,170,ar,90,87,92,86.97,92.27,86.97,92.27,,,,,86.97,92.27,ar=120;ev=120,88,88,no,yes,yes,yes,searches.e022.fetched[3],,,88
searches.f054.fetched[2],Soldier Gloves,base-defences.csv row 381,0,97,,20,,,48,116,116,ar,45,41,50,40.91,50,,,25,75,,,32.95,62.5,ar=97;es=20,48,48,no,yes,yes,yes,searches.e022.fetched[8],,,48
searches.f054.fetched[3],Apothecary's Gloves,base-defences.csv row 15,0,113,,30,,,28,136,136,ar,31,28,34,28.12,34.38,,,12.5,37.5,,,20.31,35.94,ar=113;es=30,28,28,no,yes,yes,yes,searches.e022.fetched[9],,,28
searches.f054.fetched[4],Murder Mitts,base-defences.csv row 259,0,,137,28,,,94,164,164,ev,89,86,92,,,86.11,91.67,83.33,100,,,84.72,95.84,ev=137;es=28,94,94,no,no,yes,yes,,,,94
searches.f054.fetched[5],Legion Gloves,base-defences.csv row 230,0,117,,24,,,76,140,140,ar,78,75,81,75,80.56,,,62.5,87.5,,,68.75,84.03,ar=117;es=24,76,76,no,yes,yes,yes,,,,76
searches.f054.fetched[6],Ambush Mitts,base-defences.csv row 7,0,,90,19,,,95,108,108,ev,90,85,95,,,85,95,75,100,,,80,97.5,ev=90;es=19,95,95,no,yes,yes,yes,,,,95
searches.f054.fetched[7],Murder Mitts,base-defences.csv row 259,20,,256,51,,64% increased Evasion and Energy Shield,42,256,256,ev,50,49,52,,,49.04,51.86,22.02,38.96,,,35.53,45.41,ev=130;es=26,42,42,no,no,yes,yes,,,,42
searches.f054.fetched[8],Legion Gloves,base-defences.csv row 230,7,120,,39,,+13 to maximum Energy Shield,50,134,134,ar,51,48,53,48.23,53.43,,,49.53,72.9,,,48.88,63.16,ar=112;es=23,50,50,no,yes,yes,yes,,,,50
searches.f054.fetched[9],Ambush Mitts,base-defences.csv row 7,0,,89,19,,,90,107,107,ev,80,75,85,,,75,85,75,100,,,75,92.5,ev=89;es=19,90,90,no,no,yes,yes,,,,90
searches.f056.fetched[0],Sorcerer Gloves,base-defences.csv row 385,0,,,59,,+6 to maximum Energy Shield,50,71,71,es,50,44,56,,,,,43.75,56.25,,,43.75,56.25,es=53,50,50,yes,yes,yes,yes,searches.e002.fetched[5],,,50
searches.f056.fetched[1],Carnal Mitts,base-defences.csv row 59,0,,149,31,,62% increased Evasion and Energy Shield,9,179,179,ev,18,15,21,,,15.15,20.76,0,22.22,,,7.58,21.49,ev=92;es=19,9,9,no,no,yes,yes,searches.e002.fetched[7],,,9
searches.f056.fetched[2],Titan Gauntlets,base-defences.csv row 421,0,363,,,,+111 to Armour,28,436,436,ar,28,26,29,26.39,29.17,,,,,,,26.39,29.17,ar=252,28,28,yes,yes,yes,yes,searches.e007.fetched[8],,,28
searches.f056.fetched[3],Conjurer Gloves,base-defences.csv row 84,0,,,53,,36% increased Energy Shield,29,64,64,es,28,23,33,,,,,22.9,33.4,,,22.9,33.4,es=39,29,29,no,yes,yes,yes,searches.f052.fetched[2],,,29
searches.f056.fetched[4],Dragonscale Gauntlets,base-defences.csv row 119,0,123,123,,,,11,148,148,ar,11,8,14,8.33,13.89,8.33,13.89,,,,,8.33,13.89,ar=123;ev=123,11,11,yes,yes,yes,yes,searches.f048.fetched[0],,,11
searches.f056.fetched[5],Assassin's Mitts,base-defences.csv row 25,0,,202,42,,74% increased Evasion and Energy Shield,69,242,242,ev,64,62,65,,,62.13,65.15,71.26,85.63,,,66.69,75.39,ev=116;es=24,69,69,no,no,yes,yes,searches.f050.fetched[1],,,69
searches.f056.fetched[6],Conjurer Gloves,base-defences.csv row 84,0,,,58,,34% increased Energy Shield,86,69,69,es,90,84,95,,,,,84.43,95.1,,,84.43,95.1,es=43,86,86,no,yes,yes,yes,searches.f050.fetched[2],,,86
searches.f056.fetched[7],Slink Gloves,base-defences.csv row 378,0,,364,,,+88 to Evasion Rating,94,437,437,ev,94,93,96,,,93.06,95.83,,,,,93.06,95.83,ev=276,94,94,yes,yes,yes,yes,searches.f048.fetched[2],,,94
searches.f056.fetched[8],Shagreen Gloves,base-defences.csv row 361,0,,216,,,+18 to Evasion Rating,60,259,259,ev,60,59,61,,,58.57,61.43,,,,,58.57,61.43,ev=198,60,60,yes,yes,yes,yes,searches.f050.fetched[3],,,60
searches.f056.fetched[9],Soldier Gloves,base-defences.csv row 381,0,131,,42,,+28 to Armour; +21 to maximum Energy Shield,100,157,157,ar,100,95,100,95.45,100,,,75,100,,,85.22,100,ar=103;es=21,100,100,yes,yes,yes,yes,searches.f050.fetched[5],,,100
searches.f058.fetched[0],Hydrascale Gauntlets,base-defences.csv row 199,0,142,142,,,18% increased Armour and Evasion,88,170,170,ar,90,87,92,86.97,92.27,86.97,92.27,,,,,86.97,92.27,ar=120;ev=120,88,88,no,yes,yes,yes,searches.e022.fetched[3],,,88
searches.f058.fetched[1],Sorcerer Gloves,base-defences.csv row 385,0,,,59,,+6 to maximum Energy Shield,50,71,71,es,50,44,56,,,,,43.75,56.25,,,43.75,56.25,es=53,50,50,yes,yes,yes,yes,searches.e002.fetched[5],,,50
searches.f058.fetched[2],Soldier Gloves,base-defences.csv row 381,0,97,,20,,,48,116,116,ar,45,41,50,40.91,50,,,25,75,,,32.95,62.5,ar=97;es=20,48,48,no,yes,yes,yes,searches.e022.fetched[8],,,48
searches.f058.fetched[3],Arcanist Gloves,base-defences.csv row 18,0,,,57,,23% increased Energy Shield,14,68,68,es,19,13,25,,,,,13.36,24.97,,,13.36,24.97,es=46,14,14,no,yes,yes,yes,searches.e017.fetched[3],,,14
searches.f058.fetched[4],Carnal Mitts,base-defences.csv row 59,0,,149,31,,62% increased Evasion and Energy Shield,9,179,179,ev,18,15,21,,,15.15,20.76,0,22.22,,,7.58,21.49,ev=92;es=19,9,9,no,no,yes,yes,searches.e002.fetched[7],,,9
searches.f058.fetched[5],Apothecary's Gloves,base-defences.csv row 15,0,113,,30,,,28,136,136,ar,31,28,34,28.12,34.38,,,12.5,37.5,,,20.31,35.94,ar=113;es=30,28,28,no,yes,yes,yes,searches.e022.fetched[9],,,28
searches.f058.fetched[6],Slink Gloves,base-defences.csv row 378,20,,706,,,+22 to Evasion Rating; 96% increased Evasion Rating,100,706,706,ev,100,100,100,,,99.88,100,,,,,99.88,100,ev=278,100,100,yes,yes,yes,yes,searches.e017.fetched[7],,,100
searches.f058.fetched[7],Murder Mitts,base-defences.csv row 259,0,,137,28,,,94,164,164,ev,89,86,92,,,86.11,91.67,83.33,100,,,84.72,95.84,ev=137;es=28,94,94,no,no,yes,yes,searches.f054.fetched[4],,,94
searches.f058.fetched[8],Conjurer Gloves,base-defences.csv row 84,0,,,53,,36% increased Energy Shield,29,64,64,es,28,23,33,,,,,22.9,33.4,,,22.9,33.4,es=39,29,29,no,yes,yes,yes,searches.f052.fetched[2],,,29
searches.f058.fetched[9],Titan Gauntlets,base-defences.csv row 421,0,363,,,,+111 to Armour,28,436,436,ar,28,26,29,26.39,29.17,,,,,,,26.39,29.17,ar=252,28,28,yes,yes,yes,yes,searches.e007.fetched[8],,,28
searches.f060.fetched[0],Fluted Bascinet,base-defences.csv row 147,20,224,224,,,,93,224,224,ar,92,91,93,90.52,93.39,90.52,93.39,,,,,90.52,93.39,ar=187;ev=187,93,93,no,yes,yes,yes,searches.e019.fetched[6],,,93
searches.f060.fetched[1],Harlequin Mask,base-defences.csv row 188,0,,333,68,,80% increased Evasion and Energy Shield,100,400,400,ev,100,99,100,,,99.01,100,91.67,100,,,95.34,100,ev=185;es=38,100,100,yes,yes,yes,yes,,,,100
searches.f060.fetched[2],Royal Burgonet,base-defences.csv row 319,20,980,,,,+52 to Armour; 72% increased Armour,81,980,980,ar,80,80,81,79.94,80.79,,,,,,,79.94,80.79,ar=423,81,81,no,yes,yes,yes,,,,81
searches.f060.fetched[3],Harlequin Mask,base-defences.csv row 188,20,,511,126,,+143 to Evasion Rating; 36% increased Evasion and Energy Shield; +42 to maximum Energy Shield,48,511,511,ev,47,46,48,,,45.74,47.93,48.33,58.54,,,47.03,53.23,ev=170;es=35,48,48,no,yes,yes,yes,,,,48
searches.f060.fetched[4],Sallet,base-defences.csv row 339,0,37,37,,,,0,44,44,ar,0,0,5,0,4.55,0,4.55,,,,,0,4.55,ar=37;ev=37,0,0,yes,yes,yes,yes,,,,0
searches.f060.fetched[5],Hubris Circlet,base-defences.csv row 195,0,,,87,,,58,104,104,es,58,54,63,,,,,54.17,62.5,,,54.17,62.5,es=87,58,58,yes,yes,yes,yes,,,,58
searches.f060.fetched[6],Golden Mask,base-defences.csv row 176,0,,119,37,,24% increased Evasion and Energy Shield; +10 to maximum Energy Shield,0,143,143,ev,0,0,5,,,0,5.3,0,12.1,,,0,8.7,ev=96;es=20,0,0,yes,yes,yes,yes,,,,0
searches.f060.fetched[7],Hunter Hood,base-defences.csv row 196,0,,208,,,,21,250,250,ev,21,19,23,,,18.75,22.92,,,,,18.75,22.92,ev=208,21,21,yes,yes,yes,yes,,,,21
searches.f060.fetched[8],Nightmare Bascinet,base-defences.csv row 264,0,247,336,,,+70 to Armour; +83 to Evasion Rating,59,296,296,ar,60,58,62,58,62,55.71,58.57,,,,,56.85,60.28,ar=177;ev=253,59,59,no,yes,yes,yes,,,,59
searches.f060.fetched[9],Royal Burgonet,base-defences.csv row 319,20,656,,,,+66 to Armour; 21% increased Armour,16,656,656,ar,15,15,16,14.82,16.03,,,,,,,14.82,16.03,ar=386,16,16,no,yes,yes,yes,,,,16
searches.f062.fetched[0],Necromancer Circlet,base-defences.csv row 260,0,,,56,,,11,67,67,es,11,6,17,,,,,5.56,16.67,,,5.56,16.67,es=56,11,11,yes,yes,yes,yes,,,,11
searches.f062.fetched[1],Fencer Helm,base-defences.csv row 141,0,131,131,,,,82,157,157,ar,82,79,85,79.41,85.29,79.41,85.29,,,,,79.41,85.29,ar=131;ev=131,82,82,yes,yes,yes,yes,,,,82
searches.f062.fetched[2],Samnite Helmet,base-defences.csv row 342,0,517,,,,+58 to Armour; 41% increased Armour,67,621,621,ar,67,66,67,65.94,67.39,,,,,,,65.94,67.39,ar=309,67,67,yes,yes,yes,yes,,,,67
searches.f062.fetched[3],Samnite Helmet,base-defences.csv row 342,0,603,,,,+135 to Armour; 46% increased Armour,4,724,724,ar,4,3,5,3.41,4.81,,,,,,,3.41,4.81,ar=278,4,4,yes,yes,yes,yes,,,,4
searches.f062.fetched[4],Conqueror's Helmet,base-defences.csv row 86,0,1118,,,,100% increased Armour,77,1342,1342,ar,77,77,78,77,77.67,,,,,,,77,77.67,ar=559,77,77,yes,yes,yes,yes,,,,77
searches.f062.fetched[5],Ezomyte Burgonet,base-defences.csv row 137,20,446,,,,,74,446,446,ar,73,72,75,72.14,74.52,,,,,,,72.14,74.52,ar=372,74,74,no,yes,yes,yes,,,,74
searches.f062.fetched[6],Hubris Circlet,base-defences.csv row 195,0,,,148,,+25 to maximum Energy Shield; 30% increased Energy Shield,75,178,178,es,74,71,77,,,,,70.51,76.92,,,70.51,76.92,es=89,75,75,no,yes,yes,yes,,,,75
searches.f062.fetched[7],Ezomyte Burgonet,base-defences.csv row 137,0,453,,,,27% increased Armour,31,544,544,ar,31,29,32,29.43,31.68,,,,,,,29.43,31.68,ar=357,31,31,yes,yes,yes,yes,,,,31
searches.f062.fetched[8],Ursine Pelt,base-defences.csv row 440,20,,371,,,,67,371,371,ev,68,67,69,,,66.84,68.54,,,,,66.84,68.54,ev=309,67,67,no,yes,yes,yes,,,,67
searches.f062.fetched[9],Ursine Pelt,base-defences.csv row 440,0,,646,,,+61 to Evasion Rating; 84% increased Evasion Rating,29,775,775,ev,29,28,29,,,28.19,29.3,,,,,28.19,29.3,ev=290,29,29,yes,yes,yes,yes,,,,29
searches.f064.fetched[0],Noble Tricorne,base-defences.csv row 267,20,,533,,,85% increased Evasion Rating,24,533,533,ev,24,23,24,,,23.13,24.46,,,,,23.13,24.46,ev=240,24,24,yes,yes,yes,yes,,,,24
searches.f064.fetched[1],Hunter Hood,base-defences.csv row 196,0,,209,,,,25,251,251,ev,25,23,27,,,22.92,27.08,,,,,22.92,27.08,ev=209,25,25,yes,yes,yes,yes,,,,25
searches.f064.fetched[2],Great Crown,base-defences.csv row 182,20,194,,56,,9% increased Armour and Energy Shield; +13 to maximum Energy Shield,26,194,194,ar,30,27,32,27.42,31.67,,,10.78,29.89,,,19.1,30.78,ar=148;es=30,26,26,no,no,yes,yes,,,,26
searches.f064.fetched[3],Eternal Burgonet,base-defences.csv row 133,0,656,,,,53% increased Armour,100,788,788,ar,100,99,100,98.98,100,,,,,,,98.98,100,ar=429,100,100,yes,yes,yes,yes,,,,100
searches.f064.fetched[4],Great Crown,base-defences.csv row 182,0,184,,38,,15% increased Armour and Energy Shield,97,221,221,ar,94,92,97,92.03,96.86,,,90.22,100,,,91.12,98.43,ar=160;es=33,97,97,no,yes,yes,yes,,,,97
searches.f064.fetched[5],Praetor Crown,base-defences.csv row 297,0,161,,74,,+23 to maximum Energy Shield,0,193,193,ar,0,0,2,0,2.08,,,0,7.14,,,0,4.61,ar=161;es=51,0,0,yes,yes,yes,yes,,,,0
searches.f064.fetched[6],Pig-Faced Bascinet,base-defences.csv row 287,0,242,168,,,,38,290,290,ar,38,37,40,36.76,39.71,35.42,39.58,,,,,36.09,39.64,ar=242;ev=168,38,38,yes,yes,yes,yes,,,,38
searches.f064.fetched[7],Vaal Mask,base-defences.csv row 444,0,,215,54,,+15 to maximum Energy Shield,29,258,258,ev,25,23,27,,,23.44,26.56,25,41.67,,,24.22,34.12,ev=215;es=39,29,29,no,no,yes,yes,,,,29
searches.f064.fetched[8],Royal Burgonet,base-defences.csv row 319,0,438,,,,+43 to Armour,32,526,526,ar,32,31,32,30.7,32.46,,,,,,,30.7,32.46,ar=395,32,32,yes,yes,yes,yes,,,,32
searches.f064.fetched[9],Sinner Tricorne,base-defences.csv row 375,0,,380,,,,20,456,456,ev,20,19,21,,,18.75,20.54,,,,,18.75,20.54,ev=380,20,20,yes,yes,yes,yes,,,,20
searches.f066.fetched[0],Harlequin Mask,base-defences.csv row 188,0,,179,37,,,81,215,215,ev,79,77,80,,,76.79,80.36,75,91.67,,,75.9,86.02,ev=179;es=37,81,81,no,no,yes,yes,searches.e004.fetched[8],,,81
searches.f066.fetched[1],Samnite Helmet,base-defences.csv row 342,0,304,,,,,57,365,365,ar,57,56,58,56.12,58.16,,,,,,,56.12,58.16,ar=304,57,57,yes,yes,yes,yes,,,,57
searches.f066.fetched[2],Prophet Crown,base-defences.csv row 301,0,251,,36,,,80,301,301,ar,79,78,81,77.94,80.88,,,70,90,,,73.97,85.44,ar=251;es=36,80,80,no,yes,yes,yes,,,,80
searches.f066.fetched[3],Solaris Circlet,base-defences.csv row 379,0,,,61,,,13,73,73,es,13,6,19,,,,,6.25,18.75,,,6.25,18.75,es=61,13,13,yes,yes,yes,yes,,,,13
searches.f066.fetched[4],Wolf Pelt,base-defences.csv row 464,0,,227,,,+57 to Evasion Rating,91,272,272,ev,91,89,93,,,88.64,93.18,,,,,88.64,93.18,ev=170,91,91,yes,yes,yes,yes,,,,91
searches.f066.fetched[5],Deicide Mask,base-defences.csv row 109,0,,279,69,,40% increased Evasion and Energy Shield,30,334,334,ev,32,31,33,,,30.79,33.25,27.55,37.76,,,29.17,35.5,ev=199;es=49,30,30,no,no,yes,yes,,,,30
searches.f066.fetched[6],Nightmare Bascinet,base-defences.csv row 264,0,359,365,,,+184 to Armour; +114 to Evasion Rating,52,431,431,ar,52,50,54,50,54,50,52.86,,,,,50,53.43,ar=175;ev=251,52,52,yes,yes,yes,yes,,,,52
searches.f066.fetched[7],Hubris Circlet,base-defences.csv row 195,0,,,108,,29% increased Energy Shield,33,130,130,es,31,28,34,,,,,27.78,34.24,,,27.78,34.24,es=84,33,33,no,yes,yes,yes,,,,33
searches.f066.fetched[8],Eternal Burgonet,base-defences.csv row 133,0,395,,,,,39,474,474,ar,39,38,40,38.39,40.18,,,,,,,38.39,40.18,ar=395,39,39,yes,yes,yes,yes,,,,39
searches.f066.fetched[9],Ursine Pelt,base-defences.csv row 440,20,,380,,,,84,380,380,ev,83,82,84,,,82.14,83.84,,,,,82.14,83.84,ev=317,84,84,no,yes,yes,yes,,,,84
searches.f068.fetched[0],Grizzly Pelt,base-defences.csv row 185,0,,549,,,,64,659,659,ev,64,63,65,,,63.33,64.67,,,,,63.33,64.67,ev=549,64,64,yes,yes,yes,yes,searches.e024.fetched[6],,,64
searches.f068.fetched[1],Gilded Sallet,base-defences.csv row 164,0,180,169,,,+85 to Armour; +74 to Evasion Rating,71,216,216,ar,71,64,79,64.29,78.57,64.29,78.57,,,,,64.29,78.57,ar=95;ev=95,71,71,yes,yes,yes,yes,,,,71
searches.f068.fetched[2],Necromancer Circlet,base-defences.csv row 260,0,,,152,,+55 to maximum Energy Shield; 38% increased Energy Shield,0,182,182,es,2,0,6,,,,,0,5.64,,,0,5.64,es=55,0,0,no,yes,yes,yes,,,,0
searches.f068.fetched[3],Ezomyte Burgonet,base-defences.csv row 137,0,583,,,,+109 to Armour; 22% increased Armour,66,700,700,ar,65,64,67,64.17,66.51,,,,,,,64.17,66.51,ar=369,66,66,no,yes,yes,yes,,,,66
searches.f068.fetched[4],Magistrate Crown,base-defences.csv row 243,0,161,,33,,,2,193,193,ar,3,2,5,1.72,5.17,,,0,8.33,,,0.86,6.75,ar=161;es=33,2,2,no,yes,yes,yes,,,,2
searches.f068.fetched[5],Regicide Mask,base-defences.csv row 309,0,,208,54,,+58 to Evasion Rating; +23 to maximum Energy Shield,60,250,250,ev,53,50,56,,,50,55.88,50,83.33,,,50,69.6,ev=150;es=31,60,60,no,no,yes,yes,,,,60
searches.f068.fetched[6],Necromancer Circlet,base-defences.csv row 260,0,,,101,,+15 to maximum Energy Shield; 38% increased Energy Shield,33,121,121,es,35,31,39,,,,,31.4,39.45,,,31.4,39.45,es=58,33,33,no,yes,yes,yes,,,,33
searches.f068.fetched[7],Solaris Circlet,base-defences.csv row 379,0,,,79,,+13 to maximum Energy Shield,75,95,95,es,75,69,81,,,,,68.75,81.25,,,68.75,81.25,es=66,75,75,yes,yes,yes,yes,,,,75
searches.f068.fetched[8],Royal Burgonet,base-defences.csv row 319,0,700,,,,69% increased Armour,65,840,840,ar,65,65,66,64.75,65.78,,,,,,,64.75,65.78,ar=414,65,65,yes,yes,yes,yes,,,,65
searches.f068.fetched[9],Steel Circlet,base-defences.csv row 397,0,,,70,,+15 to maximum Energy Shield,100,84,84,es,100,92,100,,,,,91.67,100,,,91.67,100,es=55,100,100,yes,yes,yes,yes,,,,100
searches.f070.fetched[0],Harlequin Mask,base-defences.csv row 188,0,,179,37,,,81,215,215,ev,79,77,80,,,76.79,80.36,75,91.67,,,75.9,86.02,ev=179;es=37,81,81,no,no,yes,yes,searches.e004.fetched[8],,,81
searches.f070.fetched[1],Samnite Helmet,base-defences.csv row 342,0,304,,,,,57,365,365,ar,57,56,58,56.12,58.16,,,,,,,56.12,58.16,ar=304,57,57,yes,yes,yes,yes,searches.f066.fetched[1],,,57
searches.f070.fetched[2],Prophet Crown,base-defences.csv row 301,0,251,,36,,,80,301,301,ar,79,78,81,77.94,80.88,,,70,90,,,73.97,85.44,ar=251;es=36,80,80,no,yes,yes,yes,searches.f066.fetched[2],,,80
searches.f070.fetched[3],Necromancer Circlet,base-defences.csv row 260,0,,,56,,,11,67,67,es,11,6,17,,,,,5.56,16.67,,,5.56,16.67,es=56,11,11,yes,yes,yes,yes,searches.f062.fetched[0],,,11
searches.f070.fetched[4],Solaris Circlet,base-defences.csv row 379,0,,,61,,,13,73,73,es,13,6,19,,,,,6.25,18.75,,,6.25,18.75,es=61,13,13,yes,yes,yes,yes,searches.f066.fetched[3],,,13
searches.f070.fetched[5],Wolf Pelt,base-defences.csv row 464,0,,227,,,+57 to Evasion Rating,91,272,272,ev,91,89,93,,,88.64,93.18,,,,,88.64,93.18,ev=170,91,91,yes,yes,yes,yes,searches.f066.fetched[4],,,91
searches.f070.fetched[6],Deicide Mask,base-defences.csv row 109,0,,279,69,,40% increased Evasion and Energy Shield,30,334,334,ev,32,31,33,,,30.79,33.25,27.55,37.76,,,29.17,35.5,ev=199;es=49,30,30,no,no,yes,yes,searches.f066.fetched[5],,,30
searches.f070.fetched[7],Fencer Helm,base-defences.csv row 141,0,131,131,,,,82,157,157,ar,82,79,85,79.41,85.29,79.41,85.29,,,,,79.41,85.29,ar=131;ev=131,82,82,yes,yes,yes,yes,searches.f062.fetched[1],,,82
searches.f070.fetched[8],Samnite Helmet,base-defences.csv row 342,0,517,,,,+58 to Armour; 41% increased Armour,67,621,621,ar,67,66,67,65.94,67.39,,,,,,,65.94,67.39,ar=309,67,67,yes,yes,yes,yes,searches.f062.fetched[2],,,67
searches.f070.fetched[9],Noble Tricorne,base-defences.csv row 267,20,,533,,,85% increased Evasion Rating,24,533,533,ev,24,23,24,,,23.13,24.46,,,,,23.13,24.46,ev=240,24,24,yes,yes,yes,yes,searches.f064.fetched[0],,,24
searches.f072.fetched[0],Harlequin Mask,base-defences.csv row 188,0,,179,37,,,81,215,215,ev,79,77,80,,,76.79,80.36,75,91.67,,,75.9,86.02,ev=179;es=37,81,81,no,no,yes,yes,searches.e004.fetched[8],,,81
searches.f072.fetched[1],Fluted Bascinet,base-defences.csv row 147,20,224,224,,,,93,224,224,ar,92,91,93,90.52,93.39,90.52,93.39,,,,,90.52,93.39,ar=187;ev=187,93,93,no,yes,yes,yes,searches.e019.fetched[6],,,93
searches.f072.fetched[2],Samnite Helmet,base-defences.csv row 342,0,304,,,,,57,365,365,ar,57,56,58,56.12,58.16,,,,,,,56.12,58.16,ar=304,57,57,yes,yes,yes,yes,searches.f066.fetched[1],,,57
searches.f072.fetched[3],Harlequin Mask,base-defences.csv row 188,0,,333,68,,80% increased Evasion and Energy Shield,100,400,400,ev,100,99,100,,,99.01,100,91.67,100,,,95.34,100,ev=185;es=38,100,100,yes,yes,yes,yes,searches.f060.fetched[1],,,100
searches.f072.fetched[4],Prophet Crown,base-defences.csv row 301,0,251,,36,,,80,301,301,ar,79,78,81,77.94,80.88,,,70,90,,,73.97,85.44,ar=251;es=36,80,80,no,yes,yes,yes,searches.f066.fetched[2],,,80
searches.f072.fetched[5],Grizzly Pelt,base-defences.csv row 185,0,,549,,,,64,659,659,ev,64,63,65,,,63.33,64.67,,,,,63.33,64.67,ev=549,64,64,yes,yes,yes,yes,searches.e024.fetched[6],,,64
searches.f072.fetched[6],Harlequin Mask,base-defences.csv row 188,20,,511,126,,+143 to Evasion Rating; 36% increased Evasion and Energy Shield; +42 to maximum Energy Shield,48,511,511,ev,47,46,48,,,45.74,47.93,48.33,58.54,,,47.03,53.23,ev=170;es=35,48,48,no,yes,yes,yes,searches.f060.fetched[3],,,48
searches.f072.fetched[7],Royal Burgonet,base-defences.csv row 319,20,980,,,,+52 to Armour; 72% increased Armour,81,980,980,ar,80,80,81,79.94,80.79,,,,,,,79.94,80.79,ar=423,81,81,no,yes,yes,yes,searches.f060.fetched[2],,,81
searches.f072.fetched[8],Necromancer Circlet,base-defences.csv row 260,0,,,56,,,11,67,67,es,11,6,17,,,,,5.56,16.67,,,5.56,16.67,es=56,11,11,yes,yes,yes,yes,searches.f062.fetched[0],,,11
searches.f072.fetched[9],Solaris Circlet,base-defences.csv row 379,0,,,61,,,13,73,73,es,13,6,19,,,,,6.25,18.75,,,6.25,18.75,es=61,13,13,yes,yes,yes,yes,searches.f066.fetched[3],,,13
searches.g001.fetched[0],Reaver Helmet,base-defences.csv row 307,0,198,,,,,0,238,238,ar,0,0,1,0,1.43,,,,,,,0,1.43,ar=198,0,0,yes,yes,yes,yes,,,,0
searches.g001.fetched[2],Scholar's Robe,base-defences.csv row 353,0,,,43,,,0,52,52,es,0,0,5,,,,,0,5,,,0,5,es=43,0,0,yes,yes,yes,yes,,,,0
searches.g001.fetched[6],Two-Toned Boots,base-defences.csv row 439,0,153,,48,,+27 to Armour; +22 to maximum Energy Shield,0,184,184,ar,0,0,3,0,2.63,,,0,12.5,,,0,7.56,ar=126;es=26,0,0,yes,yes,yes,yes,,,,0
searches.g001.fetched[7],Branded Kite Shield,base-defences.csv row 43,9,858,,87,,+187 to Armour; 111% increased Armour and Energy Shield,0,944,944,ar,0,0,1,0,1.26,,,0,0.9,,,0,1.08,ar=186;es=38,0,0,yes,yes,yes,yes,,,,0
searches.g001.fetched[8],Ebony Tower Shield,base-defences.csv row 123,0,832,,,,133% increased Armour,0,998,998,ar,0,0,1,0,0.55,,,,,,,0,0.55,ar=357,0,0,yes,yes,yes,yes,,,,0
searches.g002.fetched[1],Hubris Circlet,base-defences.csv row 195,0,,,80,,,0,96,96,es,0,0,4,,,,,0,4.17,,,0,4.17,es=80,0,0,yes,yes,yes,yes,,,,0
searches.g002.fetched[2],Royal Burgonet,base-defences.csv row 319,16,520,,,,19% increased Armour,0,538,538,ar,0,0,0,0,0.11,,,,,,,0,0.11,ar=377,0,0,yes,yes,yes,yes,,,,0
searches.g002.fetched[3],Hubris Circlet,base-defences.csv row 195,0,,,140,,+27 to maximum Energy Shield; 31% increased Energy Shield,0,168,168,es,0,0,2,,,,,0,2.1,,,0,2.1,es=80,0,0,yes,yes,yes,yes,,,,0
searches.g002.fetched[4],Astral Plate,base-defences.csv row 27,30,924,,,,,0,924,924,ar,0,0,0,0,0.22,,,,,,,0,0.22,ar=711,0,0,yes,yes,yes,yes,,,,0
searches.g002.fetched[5],Hubris Circlet,base-defences.csv row 195,28,,,102,,,0,102,102,es,0,0,1,,,,,0,0.65,,,0,0.65,es=80,0,0,yes,yes,yes,yes,,,,0
searches.g002.fetched[6],Hubris Circlet,base-defences.csv row 195,0,,,132,,+13 to maximum Energy Shield; 42% increased Energy Shield,0,158,158,es,0,0,3,,,,,0,2.58,,,0,2.58,es=80,0,0,yes,yes,yes,yes,,,,0
searches.g002.fetched[7],Hubris Circlet,base-defences.csv row 195,0,,,106,,+26 to maximum Energy Shield,0,127,127,es,0,0,4,,,,,0,4.17,,,0,4.17,es=80,0,0,yes,yes,yes,yes,,,,0
searches.g002.fetched[8],Hubris Circlet,base-defences.csv row 195,0,,,91,,14% increased Energy Shield,0,109,109,es,0,0,2,,,,,0,2.19,,,0,2.19,es=80,0,0,yes,yes,yes,yes,,,,0
searches.g003.fetched[0],Astral Plate,base-defences.csv row 27,30,924,,,,,0,924,924,ar,0,0,0,0,0.22,,,,,,,0,0.22,ar=711,0,0,yes,yes,yes,yes,searches.g002.fetched[4],,,0
searches.g003.fetched[1],Elegant Ringmail,base-defences.csv row 127,0,627,,215,,58% increased Armour and Energy Shield; +39 to maximum Energy Shield,37,753,753,ar,35,35,36,34.86,35.99,,,36.61,41.48,,,35.73,38.73,ar=397;es=97,37,37,no,no,yes,yes,,,,37
searches.g003.fetched[3],Plank Kite Shield,base-defences.csv row 291,0,33,,9,,81% increased Armour and Energy Shield,0,39,39,ar,3,0,7,0,7.26,,,0,12.43,,,0,9.84,ar=18;es=5,0,0,no,yes,yes,yes,,,,0
searches.g003.fetched[5],Sentinel Jacket,base-defences.csv row 355,0,,769,249,,133% increased Evasion and Energy Shield; +40 to maximum Energy Shield,0,923,923,ev,0,0,1,,,0,0.64,0,0.91,,,0,0.78,ev=330;es=67,0,0,yes,yes,yes,yes,,,,0
searches.g003.fetched[7],Ezomyte Tower Shield,base-defences.csv row 139,0,700,,,,70% increased Armour,0,840,840,ar,0,0,0,0,0.09,,,,,,,0,0.09,ar=412,0,0,yes,yes,yes,yes,,,,0
searches.g003.fetched[9],Leather Cap,base-defences.csv row 226,0,,50,,,+31 to Evasion Rating,0,60,60,ev,0,0,6,,,0,6.25,,,,,0,6.25,ev=19,0,0,yes,yes,yes,yes,,,,0
searches.g004.fetched[2],Praetor Crown,base-defences.csv row 297,0,303,,96,,88% increased Armour and Energy Shield,0,363,363,ar,1,0,2,0,1.82,,,0,4.71,,,0,3.27,ar=161;es=51,0,0,no,yes,yes,yes,,,,0
searches.g004.fetched[4],Praetor Crown,base-defences.csv row 297,0,272,,86,,69% increased Armour and Energy Shield,0,327,327,ar,0,0,1,0,1.01,,,0,2.62,,,0,1.81,ar=161;es=51,0,0,yes,yes,yes,yes,,,,0
searches.g004.fetched[5],Prophet Crown,base-defences.csv row 301,0,421,,182,,88% increased Armour and Energy Shield; +65 to maximum Energy Shield,0,505,505,ar,0,0,1,0,0.59,,,0,1.49,,,0,1.04,ar=224;es=32,0,0,yes,yes,yes,yes,,,,0
searches.g004.fetched[7],Prophet Crown,base-defences.csv row 301,20,478,,201,,78% increased Armour and Energy Shield; +62 to maximum Energy Shield,0,478,478,ar,0,0,0,0,0.05,,,0,6.7,,,0,3.38,ar=224;es=32,0,0,yes,yes,yes,yes,,,,0
searches.g004.fetched[9],Prophet Crown,base-defences.csv row 301,0,363,,144,,62% increased Armour and Energy Shield; +57 to maximum Energy Shield,0,435,435,ar,0,0,1,0,1.13,,,0,3.95,,,0,2.54,ar=224;es=32,0,0,yes,yes,yes,yes,,,,0
searches.g005.fetched[1],Scholar Boots,base-defences.csv row 352,0,,,53,,132% increased Energy Shield,0,64,64,es,0,0,3,,,,,0,3.02,,,0,3.02,es=23,0,0,yes,yes,yes,yes,,,,0
searches.g005.fetched[5],Praetor Crown,base-defences.csv row 297,0,361,,114,,124% increased Armour and Energy Shield,0,433,433,ar,1,0,2,0,1.6,,,0,1.66,,,0,1.63,ar=161;es=51,0,0,no,yes,yes,yes,,,,0
searches.g005.fetched[6],Conquest Chainmail,base-defences.csv row 87,0,975,,199,,152% increased Armour and Energy Shield,0,1170,1170,ar,0,0,0,0,0.18,,,0,1.39,,,0,0.78,ar=387;es=79,0,0,yes,yes,yes,yes,,,,0
searches.g005.fetched[8],Aventail Helmet,base-defences.csv row 29,0,101,,21,,,0,121,121,ar,0,0,3,0,2.78,,,0,12.5,,,0,7.64,ar=101;es=21,0,0,yes,yes,yes,yes,,,,0
searches.g006.fetched[0],Sage's Robe,base-defences.csv row 336,0,,,95,,+5 to maximum Energy Shield; 13% increased Energy Shield,0,114,114,es,1,0,5,,,,,0,4.67,,,0,4.67,es=79,0,0,no,yes,yes,yes,,,,0
searches.g006.fetched[1],Lunaris Circlet,base-defences.csv row 241,0,,,53,,+12 to maximum Energy Shield,0,64,64,es,0,0,7,,,,,0,7.14,,,0,7.14,es=41,0,0,yes,yes,yes,yes,,,,0
searches.g006.fetched[4],Vine Circlet,base-defences.csv row 452,0,,,75,,+66 to maximum Energy Shield,67,90,90,es,67,50,83,,,,,50,83.33,,,50,83.33,es=9,67,67,yes,yes,yes,yes,,,,67
searches.g006.fetched[5],Battle Lamellar,base-defences.csv row 35,0,434,434,21,,30% increased Armour and Evasion; +21 to maximum Energy Shield,84,521,521,ar,84,83,85,82.87,84.62,82.87,84.62,,,,,82.87,84.62,ar=334;ev=334,84,84,yes,yes,yes,yes,,es,,84
searches.g006.fetched[6],Simple Robe,base-defences.csv row 374,0,,11,24,,+11 to Evasion Rating; +10 to maximum Energy Shield,0,13,,es,0,0,8,,,,,0,8.33,,,0,8.33,es=14,0,0,yes,yes,yes,yes,,ev,,0
searches.g006.fetched[8],Iron Circlet,base-defences.csv row 205,0,,,57,,+45 to maximum Energy Shield,0,68,68,es,0,0,17,,,,,0,16.67,,,0,16.67,es=12,0,0,yes,yes,yes,yes,,,,0
searches.g006.fetched[9],Velvet Gloves,base-defences.csv row 450,0,,,42,,+32 to maximum Energy Shield,0,50,50,es,0,0,17,,,,,0,16.67,,,0,16.67,es=10,0,0,yes,yes,yes,yes,,,,0
searches.g008.fetched[0],Goliath Greaves,base-defences.csv row 179,6,489,,,,+139 to Armour; 37% increased Armour,66,554,554,ar,65,64,66,63.71,65.86,,,,,,,63.71,65.86,ar=198,66,66,no,yes,yes,yes,,,,66
searches.g010.fetched[1],Carnal Mitts,base-defences.csv row 59,20,,108,23,,,0,108,108,ev,0,0,4,,,0,3.79,0,29.17,,,0,16.48,ev=90;es=19,0,0,yes,yes,yes,yes,,,,0
searches.g010.fetched[2],Widowsilk Robe,base-defences.csv row 460,0,,,361,,130% increased Energy Shield,0,433,433,es,0,0,1,,,,,0,0.72,,,0,0.72,es=157,0,0,yes,yes,yes,yes,,,,0
searches.g016.fetched[0],Lunaris Circlet,base-defences.csv row 241,0,,,154,,+113 to maximum Energy Shield,0,185,185,es,0,0,7,,,,,0,7.14,,,0,7.14,es=41,0,0,yes,yes,yes,yes,,,,0
searches.g016.fetched[4],Lunaris Circlet,base-defences.csv row 241,0,,,150,,+109 to maximum Energy Shield,0,180,180,es,0,0,7,,,,,0,7.14,,,0,7.14,es=41,0,0,yes,yes,yes,yes,,,,0
searches.g018.fetched[9],Lunaris Circlet,base-defences.csv row 241,0,,,41,,,0,49,49,es,0,0,7,,,,,0,7.14,,,0,7.14,es=41,0,0,yes,yes,yes,yes,,,,0
searches.g020.fetched[0],Dire Pelt,base-defences.csv row 115,0,,502,,,16% increased Evasion Rating,3,603,603,ev,3,2,3,,,2.04,3.37,,,,,2.04,3.37,ev=433,3,3,yes,yes,yes,yes,,,,3
searches.g020.fetched[1],Lion Pelt,base-defences.csv row 238,0,,435,,,,96,522,522,ev,96,96,97,,,95.61,97.37,,,,,95.61,97.37,ev=435,96,96,yes,yes,yes,yes,,,,96
searches.g020.fetched[2],Hubris Circlet,base-defences.csv row 195,0,,,150,,+59 to maximum Energy Shield,92,180,180,es,92,88,96,,,,,87.5,95.83,,,87.5,95.83,es=91,92,92,yes,yes,yes,yes,,,,92
searches.g020.fetched[3],Hubris Circlet,base-defences.csv row 195,0,,,81,,,8,97,97,es,8,4,13,,,,,4.17,12.5,,,4.17,12.5,es=81,8,8,yes,yes,yes,yes,,,,8
searches.g020.fetched[4],Secutor Helm,base-defences.csv row 354,20,241,264,,,+92 to Armour; +111 to Evasion Rating,61,241,241,ar,60,58,63,57.87,62.5,58.8,63.43,,,,,58.33,62.97,ar=109;ev=109,61,61,no,yes,yes,yes,,,,61
searches.g020.fetched[5],Lion Pelt,base-defences.csv row 238,0,,441,,,+37 to Evasion Rating,42,529,529,ev,42,41,43,,,41.23,42.98,,,,,41.23,42.98,ev=404,42,42,yes,yes,yes,yes,,,,42
searches.g020.fetched[6],Royal Burgonet,base-defences.csv row 319,0,529,,,,29% increased Armour,58,635,635,ar,58,57,59,57.35,58.71,,,,,,,57.35,58.71,ar=410,58,58,yes,yes,yes,yes,,,,58
searches.g020.fetched[8],Fluted Bascinet,base-defences.csv row 147,0,227,227,,,27% increased Armour and Evasion,66,273,273,ar,65,63,66,63.26,65.98,63.26,65.98,,,,,63.26,65.98,ar=179;ev=179,66,66,no,yes,yes,yes,,,,66
searches.g020.fetched[9],Hunter Hood,base-defences.csv row 196,0,,271,,,29% increased Evasion Rating,29,325,325,ev,29,28,31,,,27.87,31.1,,,,,27.87,31.1,ev=210,29,29,yes,yes,yes,yes,,,,29
searches.g022.fetched[1],Lacewood Spirit Shield,base-defences.csv row 219,0,,,90,,+40 to maximum Energy Shield,38,108,108,es,38,31,44,,,,,31.25,43.75,,,31.25,43.75,es=50,38,38,yes,yes,yes,yes,,,,38
searches.g022.fetched[4],Iron Mask,base-defences.csv row 209,0,,48,11,,,0,58,58,ev,0,0,4,,,0,4.17,0,16.67,,,0,10.42,ev=48;es=11,0,0,yes,yes,yes,yes,,,,0
searches.g023.fetched[1],Branded Kite Shield,base-defences.csv row 43,0,186,,38,,,0,223,223,ar,0,0,2,0,2.27,,,0,10,,,0,6.13,ar=186;es=38,0,0,yes,yes,yes,yes,,,,0
searches.g024.fetched[3],Ivory Spirit Shield,base-defences.csv row 213,0,,,70,,100% increased Energy Shield,0,84,84,es,0,0,5,,,,,0,5,,,0,5,es=35,0,0,yes,yes,yes,yes,,,,0
searches.g024.fetched[6],Samnite Helmet,base-defences.csv row 342,0,571,,,,107% increased Armour,0,686,686,ar,0,0,0,0,0.18,,,,,,,0,0.18,ar=276,0,0,yes,yes,yes,yes,,,,0
searches.g025.fetched[3],Necromancer Circlet,base-defences.csv row 260,0,,,55,,,0,66,66,es,0,0,6,,,,,0,5.56,,,0,5.56,es=55,0,0,yes,yes,yes,yes,,,,0
searches.g025.fetched[6],Lunaris Circlet,base-defences.csv row 241,0,,,145,,+104 to maximum Energy Shield,0,174,174,es,0,0,7,,,,,0,7.14,,,0,7.14,es=41,0,0,yes,yes,yes,yes,,,,0
searches.g027.fetched[7],Necromancer Circlet,base-defences.csv row 260,0,,,55,,,0,66,66,es,0,0,6,,,,,0,5.56,,,0,5.56,es=55,0,0,yes,yes,yes,yes,,,,0
searches.g027.fetched[9],Aventail Helmet,base-defences.csv row 29,0,101,,21,,,0,121,121,ar,0,0,3,0,2.78,,,0,12.5,,,0,7.64,ar=101;es=21,0,0,yes,yes,yes,yes,searches.g005.fetched[8],,,0
searches.g031.fetched[4],Reinforced Greaves,base-defences.csv row 310,0,186,,,,71% increased Armour,0,224,224,ar,0,0,1,0,0.58,,,,,,,0,0.58,ar=109,0,0,yes,yes,yes,yes,,,,0
searches.g031.fetched[6],Lunaris Circlet,base-defences.csv row 241,0,,,150,,+109 to maximum Energy Shield,0,180,180,es,0,0,7,,,,,0,7.14,,,0,7.14,es=41,0,0,yes,yes,yes,yes,,,,0
searches.g037.fetched[0],Hubris Circlet,base-defences.csv row 195,14,,,108,,+15 to maximum Energy Shield,0,114,114,es,0,0,1,,,,,0,1.46,,,0,1.46,es=80,0,0,yes,yes,yes,yes,,,,0
searches.g037.fetched[1],Reaver Helmet,base-defences.csv row 307,0,198,,,,,0,238,238,ar,0,0,1,0,1.43,,,,,,,0,1.43,ar=198,0,0,yes,yes,yes,yes,,,,0
searches.g037.fetched[2],Hubris Circlet,base-defences.csv row 195,0,,,153,,+36 to maximum Energy Shield; 32% increased Energy Shield,0,184,184,es,0,0,2,,,,,0,2.4,,,0,2.4,es=80,0,0,yes,yes,yes,yes,,,,0
searches.g037.fetched[4],Astral Plate,base-defences.csv row 27,30,924,,,,,0,924,924,ar,0,0,0,0,0.22,,,,,,,0,0.22,ar=711,0,0,yes,yes,yes,yes,searches.g002.fetched[4],,,0
searches.g037.fetched[5],Trapper Mitts,base-defences.csv row 430,0,,65,14,,,0,78,78,ev,0,0,4,,,0,4.17,0,25,,,0,14.59,ev=65;es=14,0,0,yes,yes,yes,yes,,,,0
searches.g037.fetched[6],Shagreen Gloves,base-defences.csv row 361,0,,189,,,,34,227,227,ev,34,33,36,,,32.86,35.71,,,,,32.86,35.71,ev=189,34,34,yes,yes,yes,yes,,,,34
searches.g038.fetched[0],Necromancer Circlet,base-defences.csv row 260,20,,,66,,,0,66,66,es,0,0,5,,,,,0,4.63,,,0,4.63,es=55,0,0,yes,yes,yes,yes,,,,0
searches.g038.fetched[1],Astral Plate,base-defences.csv row 27,30,924,,,,,0,924,924,ar,0,0,0,0,0.22,,,,,,,0,0.22,ar=711,0,0,yes,yes,yes,yes,searches.g002.fetched[4],,,0
searches.g038.fetched[2],Iron Mask,base-defences.csv row 209,0,,48,11,,,0,58,58,ev,0,0,4,,,0,4.17,0,16.67,,,0,10.42,ev=48;es=11,0,0,yes,yes,yes,yes,,,,0
searches.g038.fetched[3],Plank Kite Shield,base-defences.csv row 291,0,34,,9,,89% increased Armour and Energy Shield,0,41,41,ar,0,0,4,0,3.63,,,0,1.32,,,0,2.48,ar=18;es=5,0,0,yes,yes,yes,yes,,,,0
searches.g038.fetched[8],Plank Kite Shield,base-defences.csv row 291,0,37,,10,,107% increased Armour and Energy Shield,0,45,45,ar,0,0,2,0,1.66,,,0,3.62,,,0,2.64,ar=18;es=5,0,0,yes,yes,yes,yes,,,,0
searches.g038.fetched[9],Plank Kite Shield,base-defences.csv row 291,0,40,,11,,120% increased Armour and Energy Shield,0,48,48,ar,3,0,6,0,5.84,,,0,11.36,,,0,8.6,ar=18;es=5,0,0,no,yes,yes,yes,,,,0
searches.g043.fetched[0],Royal Burgonet,base-defences.csv row 319,0,686,,,,71% increased Armour,42,823,823,ar,42,42,43,41.89,42.92,,,,,,,41.89,42.92,ar=401,42,42,yes,yes,yes,yes,,,,42
searches.g043.fetched[1],Samnite Helmet,base-defences.csv row 342,0,395,,,,25% increased Armour,82,474,474,ar,82,81,82,80.82,82.45,,,,,,,80.82,82.45,ar=316,82,82,yes,yes,yes,yes,,,,82
searches.g043.fetched[2],Eternal Burgonet,base-defences.csv row 133,0,413,,,,,71,496,496,ar,71,71,72,70.54,72.32,,,,,,,70.54,72.32,ar=413,71,71,yes,yes,yes,yes,,,,71
searches.g043.fetched[3],Ezomyte Burgonet,base-defences.csv row 137,0,382,,,,+9 to Armour,77,458,458,ar,77,76,79,75.71,78.57,,,,,,,75.71,78.57,ar=373,77,77,yes,yes,yes,yes,,,,77
searches.g043.fetched[4],Eternal Burgonet,base-defences.csv row 133,8,653,,,,41% increased Armour,100,726,726,ar,100,99,100,99.08,100,,,,,,,99.08,100,ar=429,100,100,yes,yes,yes,yes,,,,100
searches.g043.fetched[5],Harlequin Mask,base-defences.csv row 188,0,,177,36,,,69,212,212,ev,71,70,73,,,69.64,73.21,58.33,75,,,63.98,74.1,ev=177;es=36,69,69,no,no,yes,yes,,,,69
searches.g043.fetched[6],Solaris Circlet,base-defences.csv row 379,0,,,137,,+9 to maximum Energy Shield; 87% increased Energy Shield,50,164,164,es,53,50,57,,,,,49.93,56.62,,,49.93,56.62,es=64,50,50,no,yes,yes,yes,,,,50
searches.g043.fetched[7],Close Helmet,base-defences.csv row 75,0,168,,,,27% increased Armour,10,201,201,ar,11,9,13,9.45,13.39,,,,,,,9.45,13.39,ar=132,10,10,no,yes,yes,yes,,,,10
searches.g043.fetched[8],Aventail Helmet,base-defences.csv row 29,0,111,,23,,,53,133,133,ar,56,53,58,52.78,58.33,,,37.5,62.5,,,45.14,60.42,ar=111;es=23,53,53,no,yes,yes,yes,,,,53
searches.g043.fetched[9],Sinner Tricorne,base-defences.csv row 375,0,,416,,,,84,499,499,ev,84,83,85,,,83.04,84.82,,,,,83.04,84.82,ev=416,84,84,yes,yes,yes,yes,,,,84
searches.h001.fetched[1],Velvet Slippers,base-defences.csv row 451,0,,,24,,+16 to maximum Energy Shield,0,29,29,es,0,0,17,,,,,0,16.67,,,0,16.67,es=8,0,0,yes,yes,yes,yes,,,,0
searches.h001.fetched[2],Velvet Slippers,base-defences.csv row 451,0,,,20,,+12 to maximum Energy Shield,0,24,24,es,0,0,17,,,,,0,16.67,,,0,16.67,es=8,0,0,yes,yes,yes,yes,,,,0
searches.h001.fetched[4],Bone Helmet,base-defences.csv row 41,0,230,,47,,17% increased Armour and Energy Shield,0,277,277,ar,0,0,0,0,0.03,,,0,9.97,,,0,5,ar=197;es=40,0,0,yes,yes,yes,yes,,,,0
searches.h001.fetched[5],Velvet Slippers,base-defences.csv row 451,0,,,21,,+13 to maximum Energy Shield,0,25,25,es,0,0,17,,,,,0,16.67,,,0,16.67,es=8,0,0,yes,yes,yes,yes,,,,0
searches.h001.fetched[9],Velvet Slippers,base-defences.csv row 451,0,,,24,,+16 to maximum Energy Shield,0,29,29,es,0,0,17,,,,,0,16.67,,,0,16.67,es=8,0,0,yes,yes,yes,yes,,,,0
searches.h007.fetched[0],General's Brigandine,base-defences.csv row 160,0,752,776,,,+250 to Armour; +272 to Evasion Rating; 12% increased Armour and Evasion,12,902,902,ar,13,12,14,11.96,13.75,10.82,12.61,,,,,11.39,13.18,ar=421;ev=421,12,12,no,yes,yes,yes,,,,12
searches.h007.fetched[1],Full Wyrmscale,base-defences.csv row 157,0,346,346,,,35% increased Armour and Evasion,5,415,415,ar,6,5,7,5.07,7.02,5.07,7.02,,,,,5.07,7.02,ar=256;ev=256,5,5,no,yes,yes,yes,,,,5
searches.h007.fetched[2],Crimson Raiment,base-defences.csv row 96,0,,478,99,,70% increased Evasion and Energy Shield,40,573,573,ev,43,42,44,,,42.21,43.68,36.76,44.12,,,39.48,43.9,ev=281;es=58,40,40,no,no,yes,yes,,,,40
searches.h007.fetched[3],Exquisite Leather,base-defences.csv row 136,0,,718,,,,13,862,862,ev,13,13,14,,,12.74,13.68,,,,,12.74,13.68,ev=718,13,13,yes,yes,yes,yes,,,,13
searches.h007.fetched[4],Desert Brigandine,base-defences.csv row 111,0,446,460,,,+14 to Evasion Rating,93,535,535,ar,93,93,94,92.67,94,92.67,94,,,,,92.67,94,ar=446;ev=446,93,93,yes,yes,yes,yes,,,,93
searches.h007.fetched[5],Supreme Leather,base-defences.csv row 412,0,,972,,,,58,1166,1166,ev,58,58,59,,,57.84,58.58,,,,,57.84,58.58,ev=972,58,58,yes,yes,yes,yes,,,,58
searches.h007.fetched[6],Destiny Leather,base-defences.csv row 112,0,,749,,,+133 to Evasion Rating,13,899,899,ev,13,12,13,,,12.08,12.92,,,,,12.08,12.92,ev=616,13,13,yes,yes,yes,yes,,,,13
searches.h007.fetched[7],Dragonscale Doublet,base-defences.csv row 118,0,431,429,,,+113 to Armour; +111 to Evasion Rating,13,517,517,ar,13,12,14,11.84,14.47,11.84,14.47,,,,,11.84,14.47,ar=318;ev=318,13,13,yes,yes,yes,yes,,,,13
searches.h007.fetched[8],Chain Hauberk,base-defences.csv row 64,0,405,,83,,43% increased Armour and Energy Shield,3,486,486,ar,7,6,8,5.66,7.78,,,0,5.59,,,2.83,6.68,ar=283;es=58,3,3,no,no,yes,yes,,,,3
searches.h007.fetched[9],Wyrmscale Doublet,base-defences.csv row 470,16,433,507,,,+144 to Armour; +208 to Evasion Rating,73,448,448,ar,74,72,76,72.48,75.8,71.68,75,,,,,72.08,75.4,ar=229;ev=229,73,73,no,yes,yes,yes,,,,73
searches.h013.fetched[0],Full Wyvernscale,base-defences.csv row 158,0,888,888,,,46% increased Armour and Evasion,77,1065,1065,ar,77,77,78,76.68,77.51,76.68,77.51,,,,,76.68,77.51,ar=608;ev=608,77,77,yes,yes,yes,yes,,,,77
searches.h013.fetched[1],Full Wyvernscale,base-defences.csv row 158,0,579,579,,,,41,695,695,ar,41,41,42,40.85,42.07,40.85,42.07,,,,,40.85,42.07,ar=579;ev=579,41,41,yes,yes,yes,yes,,,,41
searches.h013.fetched[2],Blood Raiment,base-defences.csv row 38,0,,943,183,,+318 to Evasion Rating; 23% increased Evasion and Energy Shield; +74 to maximum Energy Shield,19,1132,1132,ev,19,19,20,,,18.86,20.11,12.49,19.88,,,15.68,19.99,ev=449;es=75,19,19,yes,yes,yes,yes,,,,19
searches.h013.fetched[3],Chain Hauberk,base-defences.csv row 64,0,485,,100,,72% increased Armour and Energy Shield,2,582,582,ar,3,2,4,2.08,3.84,,,0,6.15,,,1.04,5,ar=282;es=58,2,2,no,yes,yes,yes,,,,2
searches.h015.fetched[0],Battle Lamellar,base-defences.csv row 35,0,331,331,,,,77,397,397,ar,77,76,78,76.14,78.41,76.14,78.41,,,,,76.14,78.41,ar=331;ev=331,77,77,yes,yes,yes,yes,,,,77
searches.h015.fetched[1],Exquisite Leather,base-defences.csv row 136,0,,1498,,,85% increased Evasion Rating,100,1798,,ev,100,99,100,,,99.49,100,,,,,99.49,100,ev=,,,yes,yes,yes,no,,,,
searches.h015.fetched[2],Crypt Armour,base-defences.csv row 104,0,,308,63,,,0,370,370,ev,0,0,1,,,0,0.82,0,3.85,,,0,2.33,ev=308;es=63,0,0,yes,yes,yes,yes,,,,0
searches.h015.fetched[3],Full Wyrmscale,base-defences.csv row 157,0,361,265,,,+96 to Armour,29,433,433,ar,29,28,30,27.63,30.26,27.63,30.26,,,,,27.63,30.26,ar=265;ev=265,29,29,yes,yes,yes,yes,,,,29
searches.h015.fetched[9],Crimson Raiment,base-defences.csv row 96,0,,321,82,,+51 to Evasion Rating; +26 to maximum Energy Shield,14,385,385,ev,15,14,16,,,13.75,16.25,6.25,18.75,,,10,17.5,ev=270;es=56,14,14,no,yes,yes,yes,,,,14
searches.h017.fetched[0],Copper Plate,base-defences.csv row 90,20,357,,,,37% increased Armour,91,357,357,ar,91,91,92,90.78,92.13,,,,,,,90.78,92.13,ar=217,91,91,yes,yes,yes,yes,,,,91
searches.h017.fetched[3],Royal Plate,base-defences.csv row 320,0,1257,,,,,42,1508,1508,ar,42,42,42,41.53,42.09,,,,,,,41.53,42.09,ar=1257,42,42,yes,yes,yes,yes,,,,42
searches.h017.fetched[4],Majestic Plate,base-defences.csv row 247,0,619,,,,,94,743,743,ar,94,93,94,93.16,94.21,,,,,,,93.16,94.21,ar=619,94,94,yes,yes,yes,yes,,,,94
searches.h017.fetched[8],Sentinel Jacket,base-defences.csv row 355,4,,555,123,,+196 to Evasion Rating; +49 to maximum Energy Shield,21,641,641,ev,19,18,20,,,17.93,20.34,19.87,30.56,,,18.9,25.45,ev=338;es=69,21,21,no,no,yes,yes,,,,21
searches.h019.fetched[0],Lion Pelt,base-defences.csv row 238,0,,435,,,,96,522,522,ev,96,96,97,,,95.61,97.37,,,,,95.61,97.37,ev=435,96,96,yes,yes,yes,yes,searches.g020.fetched[1],,,96
searches.h019.fetched[1],Full Wyvernscale,base-defences.csv row 158,0,888,888,,,46% increased Armour and Evasion,77,1065,1065,ar,77,77,78,76.68,77.51,76.68,77.51,,,,,76.68,77.51,ar=608;ev=608,77,77,yes,yes,yes,yes,searches.h013.fetched[0],,,77
searches.h019.fetched[2],Dire Pelt,base-defences.csv row 115,0,,502,,,16% increased Evasion Rating,3,603,603,ev,3,2,3,,,2.04,3.37,,,,,2.04,3.37,ev=433,3,3,yes,yes,yes,yes,searches.g020.fetched[0],,,3
searches.h019.fetched[3],Hubris Circlet,base-defences.csv row 195,0,,,150,,+59 to maximum Energy Shield,92,180,180,es,92,88,96,,,,,87.5,95.83,,,87.5,95.83,es=91,92,92,yes,yes,yes,yes,searches.g020.fetched[2],,,92
searches.h019.fetched[4],Full Wyvernscale,base-defences.csv row 158,0,579,579,,,,41,695,695,ar,41,41,42,40.85,42.07,40.85,42.07,,,,,40.85,42.07,ar=579;ev=579,41,41,yes,yes,yes,yes,searches.h013.fetched[1],,,41
searches.h019.fetched[5],Hubris Circlet,base-defences.csv row 195,0,,,81,,,8,97,97,es,8,4,13,,,,,4.17,12.5,,,4.17,12.5,es=81,8,8,yes,yes,yes,yes,searches.g020.fetched[3],,,8
searches.h019.fetched[6],Secutor Helm,base-defences.csv row 354,20,241,264,,,+92 to Armour; +111 to Evasion Rating,61,241,241,ar,60,58,63,57.87,62.5,58.8,63.43,,,,,58.33,62.97,ar=109;ev=109,61,61,no,yes,yes,yes,searches.g020.fetched[4],,,61
searches.h019.fetched[8],Blood Raiment,base-defences.csv row 38,0,,943,183,,+318 to Evasion Rating; 23% increased Evasion and Energy Shield; +74 to maximum Energy Shield,19,1132,1132,ev,19,19,20,,,18.86,20.11,12.49,19.88,,,15.68,19.99,ev=449;es=75,19,19,yes,yes,yes,yes,searches.h013.fetched[2],,,19
searches.h019.fetched[9],Fluted Bascinet,base-defences.csv row 147,0,227,227,,,27% increased Armour and Evasion,66,273,273,ar,65,63,66,63.26,65.98,63.26,65.98,,,,,63.26,65.98,ar=179;ev=179,66,66,no,yes,yes,yes,searches.g020.fetched[8],,,66
searches.h021.fetched[0],Lion Pelt,base-defences.csv row 238,0,,435,,,,96,522,522,ev,96,96,97,,,95.61,97.37,,,,,95.61,97.37,ev=435,96,96,yes,yes,yes,yes,searches.g020.fetched[1],,,96
searches.h021.fetched[1],Battle Lamellar,base-defences.csv row 35,0,331,331,,,,77,397,397,ar,77,76,78,76.14,78.41,76.14,78.41,,,,,76.14,78.41,ar=331;ev=331,77,77,yes,yes,yes,yes,searches.h015.fetched[0],,,77
searches.h021.fetched[2],Dire Pelt,base-defences.csv row 115,0,,502,,,16% increased Evasion Rating,3,603,603,ev,3,2,3,,,2.04,3.37,,,,,2.04,3.37,ev=433,3,3,yes,yes,yes,yes,searches.g020.fetched[0],,,3
searches.h021.fetched[3],Hubris Circlet,base-defences.csv row 195,0,,,150,,+59 to maximum Energy Shield,92,180,180,es,92,88,96,,,,,87.5,95.83,,,87.5,95.83,es=91,92,92,yes,yes,yes,yes,searches.g020.fetched[2],,,92
searches.h021.fetched[4],Hubris Circlet,base-defences.csv row 195,0,,,81,,,8,97,97,es,8,4,13,,,,,4.17,12.5,,,4.17,12.5,es=81,8,8,yes,yes,yes,yes,searches.g020.fetched[3],,,8
searches.h021.fetched[5],Secutor Helm,base-defences.csv row 354,20,241,264,,,+92 to Armour; +111 to Evasion Rating,61,241,241,ar,60,58,63,57.87,62.5,58.8,63.43,,,,,58.33,62.97,ar=109;ev=109,61,61,no,yes,yes,yes,searches.g020.fetched[4],,,61
searches.h021.fetched[6],Fluted Bascinet,base-defences.csv row 147,0,227,227,,,27% increased Armour and Evasion,66,273,273,ar,65,63,66,63.26,65.98,63.26,65.98,,,,,63.26,65.98,ar=179;ev=179,66,66,no,yes,yes,yes,searches.g020.fetched[8],,,66
searches.h021.fetched[7],Royal Burgonet,base-defences.csv row 319,0,529,,,,29% increased Armour,58,635,635,ar,58,57,59,57.35,58.71,,,,,,,57.35,58.71,ar=410,58,58,yes,yes,yes,yes,searches.g020.fetched[6],,,58
searches.h021.fetched[8],Exquisite Leather,base-defences.csv row 136,0,,1498,,,85% increased Evasion Rating,100,1798,,ev,100,99,100,,,99.49,100,,,,,99.49,100,ev=,,,yes,yes,yes,no,searches.h015.fetched[1],,,
searches.h021.fetched[9],Vaal Mask,base-defences.csv row 444,0,,233,42,,,82,280,280,ev,81,80,83,,,79.69,82.81,75,91.67,,,77.34,87.24,ev=233;es=42,82,82,no,yes,yes,yes,,,,82
searches.h023.fetched[0],Lion Pelt,base-defences.csv row 238,0,,435,,,,96,522,522,ev,96,96,97,,,95.61,97.37,,,,,95.61,97.37,ev=435,96,96,yes,yes,yes,yes,searches.g020.fetched[1],,,96
searches.h023.fetched[1],Dire Pelt,base-defences.csv row 115,0,,502,,,16% increased Evasion Rating,3,603,603,ev,3,2,3,,,2.04,3.37,,,,,2.04,3.37,ev=433,3,3,yes,yes,yes,yes,searches.g020.fetched[0],,,3
searches.h023.fetched[2],Copper Plate,base-defences.csv row 90,20,357,,,,37% increased Armour,91,357,357,ar,91,91,92,90.78,92.13,,,,,,,90.78,92.13,ar=217,91,91,yes,yes,yes,yes,searches.h017.fetched[0],,,91
searches.h023.fetched[4],Hubris Circlet,base-defences.csv row 195,0,,,150,,+59 to maximum Energy Shield,92,180,180,es,92,88,96,,,,,87.5,95.83,,,87.5,95.83,es=91,92,92,yes,yes,yes,yes,searches.g020.fetched[2],,,92
searches.h023.fetched[5],Hubris Circlet,base-defences.csv row 195,0,,,81,,,8,97,97,es,8,4,13,,,,,4.17,12.5,,,4.17,12.5,es=81,8,8,yes,yes,yes,yes,searches.g020.fetched[3],,,8
searches.h023.fetched[6],Secutor Helm,base-defences.csv row 354,20,241,264,,,+92 to Armour; +111 to Evasion Rating,61,241,241,ar,60,58,63,57.87,62.5,58.8,63.43,,,,,58.33,62.97,ar=109;ev=109,61,61,no,yes,yes,yes,searches.g020.fetched[4],,,61
searches.h023.fetched[7],Fluted Bascinet,base-defences.csv row 147,0,227,227,,,27% increased Armour and Evasion,66,273,273,ar,65,63,66,63.26,65.98,63.26,65.98,,,,,63.26,65.98,ar=179;ev=179,66,66,no,yes,yes,yes,searches.g020.fetched[8],,,66
searches.h023.fetched[8],Vaal Mask,base-defences.csv row 444,0,,233,42,,,82,280,280,ev,81,80,83,,,79.69,82.81,75,91.67,,,77.34,87.24,ev=233;es=42,82,82,no,yes,yes,yes,searches.h021.fetched[9],,,82
searches.h023.fetched[9],Royal Burgonet,base-defences.csv row 319,0,529,,,,29% increased Armour,58,635,635,ar,58,57,59,57.35,58.71,,,,,,,57.35,58.71,ar=410,58,58,yes,yes,yes,yes,searches.g020.fetched[6],,,58
searches.h025.fetched[0],Full Wyvernscale,base-defences.csv row 158,0,888,888,,,46% increased Armour and Evasion,77,1065,1065,ar,77,77,78,76.68,77.51,76.68,77.51,,,,,76.68,77.51,ar=608;ev=608,77,77,yes,yes,yes,yes,searches.h013.fetched[0],,,77
searches.h025.fetched[1],Full Wyvernscale,base-defences.csv row 158,0,579,579,,,,41,695,695,ar,41,41,42,40.85,42.07,40.85,42.07,,,,,40.85,42.07,ar=579;ev=579,41,41,yes,yes,yes,yes,searches.h013.fetched[1],,,41
searches.h025.fetched[2],Blood Raiment,base-defences.csv row 38,0,,943,183,,+318 to Evasion Rating; 23% increased Evasion and Energy Shield; +74 to maximum Energy Shield,19,1132,1132,ev,19,19,20,,,18.86,20.11,12.49,19.88,,,15.68,19.99,ev=449;es=75,19,19,yes,yes,yes,yes,searches.h013.fetched[2],,,19
searches.h025.fetched[3],Chain Hauberk,base-defences.csv row 64,0,485,,100,,72% increased Armour and Energy Shield,2,582,582,ar,3,2,4,2.08,3.84,,,0,6.15,,,1.04,5,ar=282;es=58,2,2,no,yes,yes,yes,searches.h013.fetched[3],,,2
searches.h027.fetched[0],Battle Lamellar,base-defences.csv row 35,0,331,331,,,,77,397,397,ar,77,76,78,76.14,78.41,76.14,78.41,,,,,76.14,78.41,ar=331;ev=331,77,77,yes,yes,yes,yes,searches.h015.fetched[0],,,77
searches.h027.fetched[1],Exquisite Leather,base-defences.csv row 136,0,,1498,,,85% increased Evasion Rating,100,1798,,ev,100,99,100,,,99.49,100,,,,,99.49,100,ev=,,,yes,yes,yes,no,searches.h015.fetched[1],,,
searches.h027.fetched[2],Crypt Armour,base-defences.csv row 104,0,,308,63,,,0,370,370,ev,0,0,1,,,0,0.82,0,3.85,,,0,2.33,ev=308;es=63,0,0,yes,yes,yes,yes,searches.h015.fetched[2],,,0
searches.h027.fetched[3],Full Wyrmscale,base-defences.csv row 157,0,361,265,,,+96 to Armour,29,433,433,ar,29,28,30,27.63,30.26,27.63,30.26,,,,,27.63,30.26,ar=265;ev=265,29,29,yes,yes,yes,yes,searches.h015.fetched[3],,,29
searches.h027.fetched[9],Crimson Raiment,base-defences.csv row 96,0,,321,82,,+51 to Evasion Rating; +26 to maximum Energy Shield,14,385,385,ev,15,14,16,,,13.75,16.25,6.25,18.75,,,10,17.5,ev=270;es=56,14,14,no,yes,yes,yes,searches.h015.fetched[9],,,14
searches.h029.fetched[0],Copper Plate,base-defences.csv row 90,20,357,,,,37% increased Armour,91,357,357,ar,91,91,92,90.78,92.13,,,,,,,90.78,92.13,ar=217,91,91,yes,yes,yes,yes,searches.h017.fetched[0],,,91
searches.h029.fetched[4],Royal Plate,base-defences.csv row 320,0,1257,,,,,42,1508,1508,ar,42,42,42,41.53,42.09,,,,,,,41.53,42.09,ar=1257,42,42,yes,yes,yes,yes,searches.h017.fetched[3],,,42
searches.h029.fetched[5],Majestic Plate,base-defences.csv row 247,0,619,,,,,94,743,743,ar,94,93,94,93.16,94.21,,,,,,,93.16,94.21,ar=619,94,94,yes,yes,yes,yes,searches.h017.fetched[4],,,94
searches.h029.fetched[9],Sentinel Jacket,base-defences.csv row 355,4,,555,123,,+196 to Evasion Rating; +49 to maximum Energy Shield,21,641,641,ev,19,18,20,,,17.93,20.34,19.87,30.56,,,18.9,25.45,ev=338;es=69,21,21,no,no,yes,yes,searches.h017.fetched[8],,,21
searches.h033.fetched[0],Copper Plate,base-defences.csv row 90,20,357,,,,37% increased Armour,91,357,357,ar,91,91,92,90.78,92.13,,,,,,,90.78,92.13,ar=217,91,91,yes,yes,yes,yes,searches.h017.fetched[0],,,91
searches.h033.fetched[3],Royal Plate,base-defences.csv row 320,0,1257,,,,,42,1508,1508,ar,42,42,42,41.53,42.09,,,,,,,41.53,42.09,ar=1257,42,42,yes,yes,yes,yes,searches.h017.fetched[3],,,42
searches.h033.fetched[5],Majestic Plate,base-defences.csv row 247,0,619,,,,,94,743,743,ar,94,93,94,93.16,94.21,,,,,,,93.16,94.21,ar=619,94,94,yes,yes,yes,yes,searches.h017.fetched[4],,,94
searches.h033.fetched[8],Assassin's Garb,base-defences.csv row 24,0,,1581,,,95% increased Evasion Rating,100,1898,1898,ev,100,99,100,,,99.34,100,,,,,99.34,100,ev=811,100,100,yes,yes,yes,yes,,,,100
searches.h039.fetched[1],Simple Robe,base-defences.csv row 374,0,,13,34,,+13 to Evasion Rating; +20 to maximum Energy Shield,0,16,,es,0,0,8,,,,,0,8.33,,,0,8.33,es=14,0,0,yes,yes,yes,yes,,ev,,0
searches.h039.fetched[2],Great Crown,base-defences.csv row 182,0,247,,50,,73% increased Armour and Energy Shield,0,297,297,ar,0,0,0,0,0.35,,,0,4.77,,,0,2.56,ar=143;es=29,0,0,yes,yes,yes,yes,,,,0
searches.h039.fetched[3],Baroque Round Shield,base-defences.csv row 31,0,255,255,,,109% increased Armour and Evasion,0,306,306,ar,0,0,1,0,1.38,0,1.38,,,,,0,1.38,ar=122;ev=122,0,0,yes,yes,yes,yes,,,,0
searches.h039.fetched[5],Simple Robe,base-defences.csv row 374,20,,18,36,,+15 to Evasion Rating; +16 to maximum Energy Shield,0,18,,es,0,0,7,,,,,0,6.94,,,0,6.94,es=14,0,0,yes,yes,yes,yes,,ev,,0
searches.h039.fetched[6],Great Crown,base-defences.csv row 182,0,247,,50,,73% increased Armour and Energy Shield,0,297,297,ar,0,0,0,0,0.35,,,0,4.77,,,0,2.56,ar=143;es=29,0,0,yes,yes,yes,yes,,,,0
searches.h039.fetched[7],Simple Robe,base-defences.csv row 374,0,,20,28,,+20 to Evasion Rating; +14 to maximum Energy Shield,0,24,,es,0,0,8,,,,,0,8.33,,,0,8.33,es=14,0,0,yes,yes,yes,yes,,ev,,0
searches.h039.fetched[8],Gladiator Plate,base-defences.csv row 167,0,856,,,,16% increased Armour,0,1027,1027,ar,0,0,0,0,0.33,,,,,,,0,0.33,ar=738,0,0,yes,yes,yes,yes,,,,0
searches.h039.fetched[9],Great Crown,base-defences.csv row 182,0,257,,52,,80% increased Armour and Energy Shield,0,309,309,ar,0,0,0,0,0.31,,,0,4.17,,,0,2.24,ar=143;es=29,0,0,yes,yes,yes,yes,,,,0
searches.h040.fetched[0],Spiked Gloves,base-defences.csv row 390,20,264,,,,,0,264,264,ar,0,0,1,0,1.26,,,,,,,0,1.26,ar=220,0,0,yes,yes,yes,yes,,,,0
searches.h040.fetched[1],Hubris Circlet,base-defences.csv row 195,0,,,100,,+20 to maximum Energy Shield,0,120,120,es,0,0,4,,,,,0,4.17,,,0,4.17,es=80,0,0,yes,yes,yes,yes,,,,0
searches.h040.fetched[2],Carnal Mitts,base-defences.csv row 59,0,,90,34,,+15 to maximum Energy Shield,0,108,108,ev,0,0,5,,,0,4.55,0,25,,,0,14.78,ev=90;es=19,0,0,yes,yes,yes,yes,,,,0
searches.h040.fetched[4],Great Crown,base-defences.csv row 182,0,256,,52,,79% increased Armour and Energy Shield,0,307,307,ar,0,0,2,0,1.64,,,0,8.24,,,0,4.94,ar=143;es=29,0,0,yes,yes,yes,yes,,,,0
searches.h040.fetched[7],Fluted Bascinet,base-defences.csv row 147,0,160,160,,,,0,192,192,ar,0,0,2,0,1.72,0,1.72,,,,,0,1.72,ar=160;ev=160,0,0,yes,yes,yes,yes,,,,0
searches.h040.fetched[9],Sage's Robe,base-defences.csv row 336,0,,,181,,129% increased Energy Shield,0,217,217,es,0,0,2,,,,,0,2.34,,,0,2.34,es=79,0,0,yes,yes,yes,yes,,,,0
searches.h044.fetched[1],Velvet Gloves,base-defences.csv row 450,0,,,26,,+16 to maximum Energy Shield,0,31,31,es,0,0,17,,,,,0,16.67,,,0,16.67,es=10,0,0,yes,yes,yes,yes,,,,0
searches.h044.fetched[5],Simple Robe,base-defences.csv row 374,15,,13,32,,+11 to Evasion Rating; +14 to maximum Energy Shield,0,13,,es,0,0,4,,,,,0,4.35,,,0,4.35,es=14,0,0,yes,yes,yes,yes,,ev,,0
searches.h044.fetched[6],Velvet Gloves,base-defences.csv row 450,0,,,42,,+32 to maximum Energy Shield,0,50,50,es,0,0,17,,,,,0,16.67,,,0,16.67,es=10,0,0,yes,yes,yes,yes,,,,0
searches.h044.fetched[8],Velvet Gloves,base-defences.csv row 450,0,,,42,,+32 to maximum Energy Shield,0,50,50,es,0,0,17,,,,,0,16.67,,,0,16.67,es=10,0,0,yes,yes,yes,yes,,,,0
searches.h044.fetched[9],Zealot Helmet,base-defences.csv row 477,0,216,,45,,73% increased Armour and Energy Shield,29,260,260,ar,33,31,34,30.92,34.14,,,18.06,32.51,,,24.49,33.33,ar=125;es=26,29,29,no,no,yes,yes,,,,29
searches.h046.fetched[0],Nightmare Bascinet,base-defences.csv row 264,0,483,694,,,181% increased Armour and Evasion,40,580,580,ar,40,39,40,38.83,40.26,39.42,40.44,,,,,39.12,40.35,ar=172;ev=247,40,40,yes,yes,yes,yes,,,,40
searches.h046.fetched[1],Nightmare Bascinet,base-defences.csv row 264,0,410,589,,,153% increased Armour and Evasion,0,492,492,ar,0,0,1,0,1.01,0,0.01,,,,,0,0.51,ar=162;ev=233,0,0,yes,yes,yes,yes,,,,0
searches.h046.fetched[3],Nightmare Bascinet,base-defences.csv row 264,20,502,721,,,158% increased Armour and Evasion,0,502,502,ar,1,0,1,0,1.22,0,0.12,,,,,0,0.67,ar=162;ev=233,0,0,no,yes,yes,yes,,,,0
searches.h046.fetched[4],Nightmare Bascinet,base-defences.csv row 264,8,507,730,,,190% increased Armour and Evasion,0,564,564,ar,0,0,0,0,0.15,0,0.68,,,,,0,0.41,ar=162;ev=233,0,0,yes,yes,yes,yes,,,,0
searches.h046.fetched[5],Nightmare Bascinet,base-defences.csv row 264,0,467,671,,,188% increased Armour and Evasion,0,560,560,ar,1,0,1,0,1.31,0,0.46,,,,,0,0.89,ar=162;ev=233,0,0,no,yes,yes,yes,,,,0
searches.h046.fetched[6],Nightmare Bascinet,base-defences.csv row 264,20,529,761,,,172% increased Armour and Evasion,0,529,529,ar,0,0,1,0,0.9,0,0.86,,,,,0,0.88,ar=162;ev=233,0,0,yes,yes,yes,yes,,,,0
searches.h046.fetched[7],Nightmare Bascinet,base-defences.csv row 264,20,525,755,,,170% increased Armour and Evasion,0,525,525,ar,0,0,1,0,0.77,0,0.51,,,,,0,0.64,ar=162;ev=233,0,0,yes,yes,yes,yes,,,,0
searches.h046.fetched[8],Nightmare Bascinet,base-defences.csv row 264,0,471,678,,,191% increased Armour and Evasion,0,566,566,ar,0,0,0,0,0.11,0,0.46,,,,,0,0.28,ar=162;ev=233,0,0,yes,yes,yes,yes,,,,0
searches.h046.fetched[9],Nightmare Bascinet,base-defences.csv row 264,0,465,669,,,187% increased Armour and Evasion,0,558,558,ar,0,0,1,0,0.78,0,0.79,,,,,0,0.78,ar=162;ev=233,0,0,yes,yes,yes,yes,,,,0
searches.h048.fetched[6],Steelscale Gauntlets,base-defences.csv row 402,0,104,104,,,60% increased Armour and Evasion,0,125,125,ar,0,0,3,0,3.12,0,3.12,,,,,0,3.12,ar=65;ev=65,0,0,yes,yes,yes,yes,,,,0
searches.h048.fetched[9],Destiny Leather,base-defences.csv row 112,0,,2284,,,280% increased Evasion Rating,0,2741,2741,ev,0,0,0,,,0,0.15,,,,,0,0.15,ev=601,0,0,yes,yes,yes,yes,,,,0
searches.h050.fetched[0],Prophet Crown,base-defences.csv row 301,0,358,,146,,60% increased Armour and Energy Shield; +59 to maximum Energy Shield,0,430,430,ar,0,0,0,0,0.18,,,0,11.25,,,0,5.71,ar=224;es=32,0,0,yes,yes,yes,yes,,,,0
searches.h050.fetched[1],Prophet Crown,base-defences.csv row 301,0,401,,154,,79% increased Armour and Energy Shield; +54 to maximum Energy Shield,0,481,481,ar,0,0,1,0,0.89,,,0,6.26,,,0,3.58,ar=224;es=32,0,0,yes,yes,yes,yes,,,,0
searches.h050.fetched[2],Prophet Crown,base-defences.csv row 301,0,396,,110,,77% increased Armour and Energy Shield; +30 to maximum Energy Shield,0,476,476,ar,0,0,0,0,0.03,,,0,8.59,,,0,4.31,ar=224;es=32,0,0,yes,yes,yes,yes,,,,0
searches.h050.fetched[3],Prophet Crown,base-defences.csv row 301,0,401,,166,,79% increased Armour and Energy Shield; +61 to maximum Energy Shield,0,481,481,ar,0,0,1,0,0.89,,,0,0.34,,,0,0.61,ar=224;es=32,0,0,yes,yes,yes,yes,,,,0
searches.h050.fetched[4],Prophet Crown,base-defences.csv row 301,0,437,,164,,95% increased Armour and Energy Shield; +52 to maximum Energy Shield,0,524,524,ar,0,0,1,0,1.06,,,0,7.18,,,0,4.12,ar=224;es=32,0,0,yes,yes,yes,yes,,,,0
searches.h050.fetched[6],Prophet Crown,base-defences.csv row 301,0,414,,152,,85% increased Armour and Energy Shield; +50 to maximum Energy Shield,0,497,497,ar,0,0,0,0,0.16,,,0,8.65,,,0,4.4,ar=224;es=32,0,0,yes,yes,yes,yes,,,,0
searches.h050.fetched[7],Prophet Crown,base-defences.csv row 301,0,403,,166,,80% increased Armour and Energy Shield; +60 to maximum Energy Shield,0,484,484,ar,0,0,0,0,0.49,,,0,10,,,0,5.25,ar=224;es=32,0,0,yes,yes,yes,yes,,,,0
searches.h050.fetched[9],Prophet Crown,base-defences.csv row 301,0,417,,175,,86% increased Armour and Energy Shield; +62 to maximum Energy Shield,0,500,500,ar,1,0,1,0,1.36,,,0,7.1,,,0,4.23,ar=224;es=32,0,0,no,yes,yes,yes,,,,0
searches.p1.fetched[3],Vaal Mask,base-defences.csv row 444,0,,234,42,,13% increased Evasion and Energy Shield,0,281,281,ev,0,0,2,,,0,1.63,0,10.18,,,0,5.9,ev=207;es=37,0,0,yes,yes,yes,yes,,,,0
searches.p2.fetched[5],Polished Spiked Shield,base-defences.csv row 296,0,,111,23,,,0,133,133,ev,0,0,3,,,0,2.5,0,12.5,,,0,7.5,ev=111;es=23,0,0,yes,yes,yes,yes,,,,0
searches.p2.fetched[7],Embroidered Gloves,base-defences.csv row 129,0,,,25,,,0,30,30,es,0,0,17,,,,,0,16.67,,,0,16.67,es=25,0,0,yes,yes,yes,yes,,,,0
