search,decides,control,league,link,query
p1,"the method: a composed link opens. The evidence: whether `+# to Strength and Intelligence` counts toward `+# total maximum Life`, and at what weight — the total less the item's life lines and half its Strength lines is the answer","pseudo.pseudo_total_life is required, so every item shows it",Standard,https://www.pathofexile.com/trade/search/Standard/H4sIAAAAAAAAA3VR0QrCMAz8lzwXcdM59VdESrQZBOo62lQco_9u50DcmH0Jvbsel-sAQVBigPMArhN2LZwB2x6S-jCZuAwgfUcf3ICChq2Qnwg2Ge4CReM209DiBK223FDWGg54s5RVDdpA6ZrU1-3uYitrfvTqLN9ZNmMAXVS76lAeymO14qdWn5TVfneq621RrkVQ8EQbadz4wXndIo3YN8WUT__cFw4zrUfP0s_ayxBBSrlA8Wj-OImPc6OAlvTUzPInxvMGHd4bIqgBAAA,"{""status"":{""option"":""any""},""stats"":[{""type"":""and"",""filters"":[{""id"":""pseudo.pseudo_total_life"",""disabled"":false}]},{""type"":""count"",""filters"":[{""id"":""explicit.stat_1535626285"",""disabled"":false},{""id"":""explicit.stat_2543977012"",""disabled"":false}],""value"":{""min"":1}}],""filters"":{""type_filters"":{""disabled"":false,""filters"":{""rarity"":{""option"":""rare""}}},""trade_filters"":{""disabled"":true,""filters"":{""sale_type"":{""option"":""any""}}}}}"
p2,the method: an `if` group shows a pseudo's value without filtering by it. The evidence: whether `#% increased Attack and Cast Speed` counts toward `+#% total Attack Speed` and `+#% total Cast Speed`,"every item carries `+#% to Fire Resistance`, so pseudo.pseudo_total_fire_resistance shown and a speed total absent is the site's answer; none of the three shown means an `if` group shows nothing",Standard,https://www.pathofexile.com/trade/search/Standard/H4sIAAAAAAAAA5WR36qDMAzG3yXXMkad87BXGVIyGyGcoqWJMJG---o8F3O4A-tN6Zfvlz_NDKKoo8BlhiEoDz1cAPsJUvGM5MB1Bp0CPXUHBXTsleIaYJdlugfPLethAaw51-bnWJVllb2OBW-esqtDL5SKXaQsa1OZkznVO0izQH8NcLdXPwiNbjisl9VB0duOI9lIwrlA39I_rezRqIrtr5VA5L5EWxT9CDapeel_Hcu-vN_8G2_EyDpt9pQlgpTyqjSi-5BJ47hNJOjJrh_6vvPlPABtPta7EgIAAA,"{""status"":{""option"":""any""},""stats"":[{""type"":""and"",""filters"":[{""id"":""explicit.stat_2672805335"",""disabled"":false},{""id"":""explicit.stat_3372524247"",""disabled"":false}]},{""type"":""if"",""filters"":[{""id"":""pseudo.pseudo_total_fire_resistance"",""disabled"":false},{""id"":""pseudo.pseudo_total_attack_speed"",""disabled"":false},{""id"":""pseudo.pseudo_total_cast_speed"",""disabled"":false}]}],""filters"":{""type_filters"":{""disabled"":false,""filters"":{""rarity"":{""option"":""rare""}}},""trade_filters"":{""disabled"":true,""filters"":{""sale_type"":{""option"":""any""}}}}}"
c1,complete: whether any listed item shows `+# total maximum Life` while carrying none of the five lines p1 and q4 evidenced. None found: the rows are all the site counts. Any found: its lines name what is missing,"c2, this search with one row taken out, must find items",Standard,https://www.pathofexile.com/trade/search/Standard/H4sIAAAAAAAAA52UYWuDMBCG_0s-SzEmauxfGSKZOUcgayQ5oUX877N1bI2Ucc4vwt09dzwE3plF1DhFdp6ZH9H6CzszfbmxJXt01sbbzPA2wqNuWMYG6xDC1rBmLY8RJuNP269Dj9p1zg6wzhob9buDdWrQLsLSLtnPtovHV9vgOjrbWzzdz3eiaBoh61yKF9uyb8R-HkaGoHucApgDTOz9FD7gANEHPeChG6m9zFUuuaqkJNuTkJ09iUnsSURiTyJS-1IoJZXK6U9PIXbuFCQRoQCpBy9FWRVVoUoyUpRSNHWd84LsTrqykycxif0_XLioG8m5EhXdhYLsXShM6vIX0S7tUzitoRW0ge6p8AtgmCCZjdpBt6XcPlXv3xe5WM9XdAUAAA,"{""status"":{""option"":""any""},""stats"":[{""type"":""and"",""filters"":[{""id"":""pseudo.pseudo_total_life"",""disabled"":false}]},{""type"":""not"",""filters"":[{""id"":""explicit.stat_3299347043"",""disabled"":false},{""id"":""implicit.stat_3299347043"",""disabled"":false},{""id"":""fractured.stat_3299347043"",""disabled"":false},{""id"":""scourge.stat_3299347043"",""disabled"":false},{""id"":""crafted.stat_3299347043"",""disabled"":false},{""id"":""explicit.stat_4080418644"",""disabled"":false},{""id"":""implicit.stat_4080418644"",""disabled"":false},{""id"":""fractured.stat_4080418644"",""disabled"":false},{""id"":""scourge.stat_4080418644"",""disabled"":false},{""id"":""crafted.stat_4080418644"",""disabled"":false},{""id"":""explicit.stat_538848803"",""disabled"":false},{""id"":""implicit.stat_538848803"",""disabled"":false},{""id"":""fractured.stat_538848803"",""disabled"":false},{""id"":""crafted.stat_538848803"",""disabled"":false},{""id"":""explicit.stat_1535626285"",""disabled"":false},{""id"":""explicit.stat_2543977012"",""disabled"":false},{""id"":""implicit.stat_1535626285"",""disabled"":false},{""id"":""fractured.stat_1535626285"",""disabled"":false},{""id"":""crafted.stat_1535626285"",""disabled"":false},{""id"":""explicit.stat_1379411836"",""disabled"":false},{""id"":""implicit.stat_1379411836"",""disabled"":false},{""id"":""fractured.stat_1379411836"",""disabled"":false},{""id"":""crafted.stat_1379411836"",""disabled"":false}]}],""filters"":{""trade_filters"":{""disabled"":true,""filters"":{""sale_type"":{""option"":""any""}}}}}"
c2,"c1's mutant: the same search with `+# to all Attributes` left out of the `not` group. It must find items, each carrying that line and no other row, each showing half of it",the mutant is the control: nothing found means a `not` group of this size decides nothing,Standard,https://www.pathofexile.com/trade/search/Standard/H4sIAAAAAAAAA5WU4WqEMAyA36W_5VBbtd6rDJHOxlHorLQp7BDffd45tqscI_ZPIcmX8FHShQVUGAO7LszNaNzErkxNN7Zmj8yWeFsY3mZ4xDXL2Ggsgt8TRm_hOUDU7rJfPTpUtrdmhK1Wm6DeLWxVo7IB1m7NfrtNDl91g6_ZmsHg5T6-52XbctHkgr_olv0g5vM0Mno1YPSgTzBhcNF_wAli8GrEUzNSe5HLXBSyFoJsT0IO9iQmsScRiT2JSO0rLqWQMqc_PYU4uFOQRIQCpB5Fxau6rEtZkZGyErxtmrwoye6kKQd5EpPY_0t0a_e00Nuie6Whfwr8AegjJLVBWej3n-H4E93PN_53SXaoBAAA,"{""status"":{""option"":""any""},""stats"":[{""type"":""and"",""filters"":[{""id"":""pseudo.pseudo_total_life"",""disabled"":false}]},{""type"":""not"",""filters"":[{""id"":""explicit.stat_3299347043"",""disabled"":false},{""id"":""implicit.stat_3299347043"",""disabled"":false},{""id"":""fractured.stat_3299347043"",""disabled"":false},{""id"":""scourge.stat_3299347043"",""disabled"":false},{""id"":""crafted.stat_3299347043"",""disabled"":false},{""id"":""explicit.stat_4080418644"",""disabled"":false},{""id"":""implicit.stat_4080418644"",""disabled"":false},{""id"":""fractured.stat_4080418644"",""disabled"":false},{""id"":""scourge.stat_4080418644"",""disabled"":false},{""id"":""crafted.stat_4080418644"",""disabled"":false},{""id"":""explicit.stat_538848803"",""disabled"":false},{""id"":""implicit.stat_538848803"",""disabled"":false},{""id"":""fractured.stat_538848803"",""disabled"":false},{""id"":""crafted.stat_538848803"",""disabled"":false},{""id"":""explicit.stat_1535626285"",""disabled"":false},{""id"":""explicit.stat_2543977012"",""disabled"":false},{""id"":""implicit.stat_1535626285"",""disabled"":false},{""id"":""fractured.stat_1535626285"",""disabled"":false},{""id"":""crafted.stat_1535626285"",""disabled"":false}]}],""filters"":{""trade_filters"":{""disabled"":true,""filters"":{""sale_type"":{""option"":""any""}}}}}"
c3,sound: whether any listed item carries one of the five lines while showing no `+# total maximum Life` — the pseudo inside a `not` group. None found: every row is counted wherever it appears,"c4, this search with an uncounted line among the rows, must find items",Standard,https://www.pathofexile.com/trade/search/Standard/H4sIAAAAAAAAA52U0WqEMBBF_yXPshgTNe6vlEVSHUsgayQZSxfx3xu7S9vIUsb6ImTmzOQQuAsLqHEO7LwwN6FxIzszPd7Ymn1VYuFlYXibIJ53bh6RZWwwFsHfS6aPBfiYrOkMnjakFUXTCFnnUsTe3gT9aiF2DdoGWLMHYq6HkcHrDmcP_QEmxDv7NzhAdF4PeGhHai9zlUuuKinJ9iRkZ09iEnsSkdiTiNS-FEpJpXL601OInTsFSUQoQOrBS1FWRVWokowUpRRNXee8ILuTtuzkSUxi_w8XLupGcq5ERXehIHsXCpO6_EVcMvau7QxbmF1NTDK-blMe6TW6p9k1BZh7d7r_WnSobWvNAM_mbxu-B8TBXvfQ_jr4AdDPkPQGbaG932SftNv3CQ-biQyIBQAA,"{""status"":{""option"":""any""},""stats"":[{""type"":""count"",""filters"":[{""id"":""explicit.stat_3299347043"",""disabled"":false},{""id"":""implicit.stat_3299347043"",""disabled"":false},{""id"":""fractured.stat_3299347043"",""disabled"":false},{""id"":""scourge.stat_3299347043"",""disabled"":false},{""id"":""crafted.stat_3299347043"",""disabled"":false},{""id"":""explicit.stat_4080418644"",""disabled"":false},{""id"":""implicit.stat_4080418644"",""disabled"":false},{""id"":""fractured.stat_4080418644"",""disabled"":false},{""id"":""scourge.stat_4080418644"",""disabled"":false},{""id"":""crafted.stat_4080418644"",""disabled"":false},{""id"":""explicit.stat_538848803"",""disabled"":false},{""id"":""implicit.stat_538848803"",""disabled"":false},{""id"":""fractured.stat_538848803"",""disabled"":false},{""id"":""crafted.stat_538848803"",""disabled"":false},{""id"":""explicit.stat_1535626285"",""disabled"":false},{""id"":""explicit.stat_2543977012"",""disabled"":false},{""id"":""implicit.stat_1535626285"",""disabled"":false},{""id"":""fractured.stat_1535626285"",""disabled"":false},{""id"":""crafted.stat_1535626285"",""disabled"":false},{""id"":""explicit.stat_1379411836"",""disabled"":false},{""id"":""implicit.stat_1379411836"",""disabled"":false},{""id"":""fractured.stat_1379411836"",""disabled"":false},{""id"":""crafted.stat_1379411836"",""disabled"":false}],""value"":{""min"":1}},{""type"":""not"",""filters"":[{""id"":""pseudo.pseudo_total_life"",""disabled"":false}]}],""filters"":{""trade_filters"":{""disabled"":true,""filters"":{""sale_type"":{""option"":""any""}}}}}"
c4,"c3's mutant: `#% increased maximum Life`, which p1 showed uncounted, added to the rows. It must find items carrying that line and no counted one",the mutant is the control: nothing found means a pseudo inside a `not` group decides nothing,Standard,https://www.pathofexile.com/trade/search/Standard/H4sIAAAAAAAAA52V22qEMBBA_yXPshiTaLK_UoqkOraBrEoupYv4743dpW1kKWN9ETJzZnIMGRfigw7Rk_NCpjmYaSRnoscrWYuvSAo8LSRcZ0jr3RTHQAoyGBvA3UKmTwH4mK3pTDhtSMsqpRhvSs5Sbm-8frGQsgZtPazFHTGXw8jgdBeig_4A49Oe3SscIDqnh3CoR27PS1lyKmvO0fYoZGePYjJ7FJHZo4jcXjApuZQl_ugxxM4dg2QiGCD3oIKJuqorKdBIJThTTVPSCu2O6rKTRzGZ_T9cKGsUp1SyGu-CQfYuGCZ3wRC5i5Ks4UoovAqG2JlgEBi7Nz0e6JFdXwyQfaq_gOeCvGsbYRv7F5NmPl23Ivc5P04Pp_zsIfbT6fZqwxS0ba0Z4FH9rcN3gVTY6R7aXws_QHARslyvLbS3nez_SdvzCXSf2jmyBgAA,"{""status"":{""option"":""any""},""stats"":[{""type"":""count"",""filters"":[{""id"":""explicit.stat_3299347043"",""disabled"":false},{""id"":""implicit.stat_3299347043"",""disabled"":false},{""id"":""fractured.stat_3299347043"",""disabled"":false},{""id"":""scourge.stat_3299347043"",""disabled"":false},{""id"":""crafted.stat_3299347043"",""disabled"":false},{""id"":""explicit.stat_4080418644"",""disabled"":false},{""id"":""implicit.stat_4080418644"",""disabled"":false},{""id"":""fractured.stat_4080418644"",""disabled"":false},{""id"":""scourge.stat_4080418644"",""disabled"":false},{""id"":""crafted.stat_4080418644"",""disabled"":false},{""id"":""explicit.stat_538848803"",""disabled"":false},{""id"":""implicit.stat_538848803"",""disabled"":false},{""id"":""fractured.stat_538848803"",""disabled"":false},{""id"":""crafted.stat_538848803"",""disabled"":false},{""id"":""explicit.stat_1535626285"",""disabled"":false},{""id"":""explicit.stat_2543977012"",""disabled"":false},{""id"":""implicit.stat_1535626285"",""disabled"":false},{""id"":""fractured.stat_1535626285"",""disabled"":false},{""id"":""crafted.stat_1535626285"",""disabled"":false},{""id"":""explicit.stat_1379411836"",""disabled"":false},{""id"":""implicit.stat_1379411836"",""disabled"":false},{""id"":""fractured.stat_1379411836"",""disabled"":false},{""id"":""crafted.stat_1379411836"",""disabled"":false},{""id"":""explicit.stat_983749596"",""disabled"":false},{""id"":""implicit.stat_983749596"",""disabled"":false},{""id"":""fractured.stat_983749596"",""disabled"":false},{""id"":""enchant.stat_983749596"",""disabled"":false},{""id"":""scourge.stat_983749596"",""disabled"":false},{""id"":""crafted.stat_983749596"",""disabled"":false}],""value"":{""min"":1}},{""type"":""not"",""filters"":[{""id"":""pseudo.pseudo_total_life"",""disabled"":false}]}],""filters"":{""trade_filters"":{""disabled"":true,""filters"":{""sale_type"":{""option"":""any""}}}}}"
c5,"the method: every member of an `if` group displays, not the first alone (p2's control was its group's first). Every item carries a cold and a fire resistance line, so both totals must show, the second as well as the first","`+#% to Cold Resistance` and `+#% to Fire Resistance` are both required; the site counted fire (q5, p2)",Standard,https://www.pathofexile.com/trade/search/Standard/H4sIAAAAAAAAA32Q4QqDMAyE3yW_RaQ6ZL7KkNLZFALFljbCRHz3VR3MjWL-BO7uI9cuEFnxFKFbwHkmN0IHapxhLXYnGY8FePa46xoKMGQZw2GQTjK-vKWBuNwA2QhRVaK9iyZlNUX1tJhSRtmIa5FF6roVN9GIps0g_QZ9CpDJ3fcRJ-3KY0l2rKwcnNUyYKR0YBzwokqONhTwmu7X_tQkFQxKozwJX4DDhD_ZqCzK40X_n77NG1PPxaSTAQAA,"{""status"":{""option"":""any""},""stats"":[{""type"":""and"",""filters"":[{""id"":""explicit.stat_4220027924"",""disabled"":false},{""id"":""explicit.stat_3372524247"",""disabled"":false}]},{""type"":""if"",""filters"":[{""id"":""pseudo.pseudo_total_cold_resistance"",""disabled"":false},{""id"":""pseudo.pseudo_total_fire_resistance"",""disabled"":false}]}],""filters"":{""trade_filters"":{""disabled"":true,""filters"":{""sale_type"":{""option"":""any""}}}}}"
c6,"complete, for a total the build ships: whether any listed item shows `+#% total Attack Speed` while carrying no `#% increased Attack Speed` line, local or not — the shipped total's one row. What is found names what else the site counts, the combined speed line of p2 among the candidates",c1 and c2 show what a `not` group over a line's every id finds,Standard,https://www.pathofexile.com/trade/search/Standard/H4sIAAAAAAAAA5WS0YrDIBBF_2WeQ0mbNi35lSXIrE5aWVdFR9gS8u9NmmXblLIYX5S5nhkv3h4iI6cITQ_Os3YWGkB7haG4K6Pw0QNfPd3rCgrotGEKs6DVWPaRknKbeRPsGI1AZpRfInqiiVE64qcZj02HJtLQDsVfV-v4XVf68UZLzZvpGaI-batqV-6Pb5oVv4T-Xkt0ASWnQCofidKlcKZ8QAbseM2EpfHdtizrY10dso3nEC_GcxCy8oJ2xYyF8f-Admif_n_MRUBF4qnwADgkWtyNaEjMQXoN8LRu0m-f098CAAA,"{""status"":{""option"":""any""},""stats"":[{""type"":""and"",""filters"":[{""id"":""pseudo.pseudo_total_attack_speed"",""disabled"":false}]},{""type"":""not"",""filters"":[{""id"":""explicit.stat_681332047"",""disabled"":false},{""id"":""implicit.stat_681332047"",""disabled"":false},{""id"":""fractured.stat_681332047"",""disabled"":false},{""id"":""scourge.stat_681332047"",""disabled"":false},{""id"":""crafted.stat_681332047"",""disabled"":false},{""id"":""explicit.stat_210067635"",""disabled"":false},{""id"":""implicit.stat_210067635"",""disabled"":false},{""id"":""fractured.stat_210067635"",""disabled"":false},{""id"":""enchant.stat_210067635"",""disabled"":false},{""id"":""crafted.stat_210067635"",""disabled"":false}]}],""filters"":{""trade_filters"":{""disabled"":true,""filters"":{""sale_type"":{""option"":""any""}}}}}"
d01,"total_life v2, sound, by the site's own sum: whether any listed item's rows sum to a half or more while it shows no `+# total maximum Life` — the rows weighted in a `weight2` group, the twin id c3 found left out. None found: c3's two kinds were all there is","d02, this search with the twin id among the rows, must find items",Standard,https://www.pathofexile.com/trade/search/Standard/H4sIAAAAAAAAA62VwW6DMAxA_yVnhIAEGvor04QyMF2kFFDibKtQ_31hVFuDOGxzc4kU28_Wy8Ezc6jQO3ac2TihHgd2ZGq4sGvyFQmBp5nhZYLw_g769IoFS1ivDYJdg7oLIfiYjG41pktRw4u65uKQCR5y35TxsPDXcnbM0yzQO-3Ui4FQ3Cvj4JrcSPr8KFJvVYveQkdHuXb09gR0UGtVj4-YKBYuMpmJXFZC7JGytPy1cAppI5yCioRTQJFwCigWXnIphZTZ7s_9xTcBtNFNIEWSCJzYUV7ysiqqQpZUSRTSxhIFFWmigDae-KEWeS55RfZEIG09EVCxp3-Anu8yz3pY0xb8bRENI-4tocmB78Z0vRocUZnG6B7YToelxzcggK3qoLl7-ClA6yHKdcpAs06yXZrL-QTxMKayUwcAAA,"{""status"":{""option"":""any""},""stats"":[{""type"":""weight2"",""filters"":[{""id"":""explicit.stat_3299347043"",""value"":{""weight"":1.0},""disabled"":false},{""id"":""implicit.stat_3299347043"",""value"":{""weight"":1.0},""disabled"":false},{""id"":""fractured.stat_3299347043"",""value"":{""weight"":1.0},""disabled"":false},{""id"":""scourge.stat_3299347043"",""value"":{""weight"":1.0},""disabled"":false},{""id"":""crafted.stat_3299347043"",""value"":{""weight"":1.0},""disabled"":false},{""id"":""explicit.stat_4080418644"",""value"":{""weight"":0.5},""disabled"":false},{""id"":""implicit.stat_4080418644"",""value"":{""weight"":0.5},""disabled"":false},{""id"":""fractured.stat_4080418644"",""value"":{""weight"":0.5},""disabled"":false},{""id"":""scourge.stat_4080418644"",""value"":{""weight"":0.5},""disabled"":false},{""id"":""crafted.stat_4080418644"",""value"":{""weight"":0.5},""disabled"":false},{""id"":""explicit.stat_538848803"",""value"":{""weight"":0.5},""disabled"":false},{""id"":""implicit.stat_538848803"",""value"":{""weight"":0.5},""disabled"":false},{""id"":""fractured.stat_538848803"",""value"":{""weight"":0.5},""disabled"":false},{""id"":""crafted.stat_538848803"",""value"":{""weight"":0.5},""disabled"":false},{""id"":""explicit.stat_1535626285"",""value"":{""weight"":0.5},""disabled"":false},{""id"":""implicit.stat_1535626285"",""value"":{""weight"":0.5},""disabled"":false},{""id"":""fractured.stat_1535626285"",""value"":{""weight"":0.5},""disabled"":false},{""id"":""crafted.stat_1535626285"",""value"":{""weight"":0.5},""disabled"":false},{""id"":""explicit.stat_1379411836"",""value"":{""weight"":0.5},""disabled"":false},{""id"":""implicit.stat_1379411836"",""value"":{""weight"":0.5},""disabled"":false},{""id"":""fractured.stat_1379411836"",""value"":{""weight"":0.5},""disabled"":false},{""id"":""crafted.stat_1379411836"",""value"":{""weight"":0.5},""disabled"":false}],""value"":{""min"":0.5}},{""type"":""not"",""filters"":[{""id"":""pseudo.pseudo_total_life"",""disabled"":false}]}],""filters"":{""trade_filters"":{""disabled"":true,""filters"":{""sale_type"":{""option"":""any""}}}}}"
d02,"d01's mutant: the twin id `explicit.stat_2543977012` weighted with the rows. It must find That Which Was Taken, which c3 showed carrying the line and no total",the mutant is the control: nothing found means a `weight2` group beside a `not` decides nothing,Standard,https://www.pathofexile.com/trade/search/Standard/H4sIAAAAAAAAA62VwW6EIBBA_4WzMSCo6K80jaE6bklYNYBtN2b_vVg37WI8tJ3lQsLMvJk8DrMQ55WfHakXMk5ejwOpiRou5Jp8RULgaSH-MkF4fwd9evUZSUivjQe7BXUXQvAxGd1qn65FDc-qiouSCh5y35SZYeVv5aRmKQ30Tjv1YiAU98o4uCY3kj4_itRb1frZQodHuXac7QnwoNaq3j9ioli4oJIKJgshjkg0zX8tHEPaCcegIuEYUCQcA4qF51xKISU9_Lm_-EaAdroRpEgSghM7YjnPi6zIZI4lZbngVVlSlmF1Y2ba-cagIuGP88R4WQnGJC_QnhCkvScEKvb0D9DzXeZZD1vair-ttGH0R-tscjB3Y7pdjR-9Mo3RPZCDDmuPb0AAW9VBc_fwU-DtDFGuUwaabZL9-l3PJ4k7jR2dBwAA,"{""status"":{""option"":""any""},""stats"":[{""type"":""weight2"",""filters"":[{""id"":""explicit.stat_3299347043"",""value"":{""weight"":1.0},""disabled"":false},{""id"":""implicit.stat_3299347043"",""value"":{""weight"":1.0},""disabled"":false},{""id"":""fractured.stat_3299347043"",""value"":{""weight"":1.0},""disabled"":false},{""id"":""scourge.stat_3299347043"",""value"":{""weight"":1.0},""disabled"":false},{""id"":""crafted.stat_3299347043"",""value"":{""weight"":1.0},""disabled"":false},{""id"":""explicit.stat_4080418644"",""value"":{""weight"":0.5},""disabled"":false},{""id"":""implicit.stat_4080418644"",""value"":{""weight"":0.5},""disabled"":false},{""id"":""fractured.stat_4080418644"",""value"":{""weight"":0.5},""disabled"":false},{""id"":""scourge.stat_4080418644"",""value"":{""weight"":0.5},""disabled"":false},{""id"":""crafted.stat_4080418644"",""value"":{""weight"":0.5},""disabled"":false},{""id"":""explicit.stat_538848803"",""value"":{""weight"":0.5},""disabled"":false},{""id"":""implicit.stat_538848803"",""value"":{""weight"":0.5},""disabled"":false},{""id"":""fractured.stat_538848803"",""value"":{""weight"":0.5},""disabled"":false},{""id"":""crafted.stat_538848803"",""value"":{""weight"":0.5},""disabled"":false},{""id"":""explicit.stat_1535626285"",""value"":{""weight"":0.5},""disabled"":false},{""id"":""explicit.stat_2543977012"",""value"":{""weight"":0.5},""disabled"":false},{""id"":""implicit.stat_1535626285"",""value"":{""weight"":0.5},""disabled"":false},{""id"":""fractured.stat_1535626285"",""value"":{""weight"":0.5},""disabled"":false},{""id"":""crafted.stat_1535626285"",""value"":{""weight"":0.5},""disabled"":false},{""id"":""explicit.stat_1379411836"",""value"":{""weight"":0.5},""disabled"":false},{""id"":""implicit.stat_1379411836"",""value"":{""weight"":0.5},""disabled"":false},{""id"":""fractured.stat_1379411836"",""value"":{""weight"":0.5},""disabled"":false},{""id"":""crafted.stat_1379411836"",""value"":{""weight"":0.5},""disabled"":false}],""value"":{""min"":0.5}},{""type"":""not"",""filters"":[{""id"":""pseudo.pseudo_total_life"",""disabled"":false}]}],""filters"":{""trade_filters"":{""disabled"":true,""filters"":{""sale_type"":{""option"":""any""}}}}}"
d03,"total_attack_speed v2, complete: whether any listed item shows `+#% total Attack Speed` while carrying none of its 2 rows (11 ids). None found: the rows are all the site counts. Any found: its lines name what is missing",c1 and c2: a `not` group over every id of a row finds what it should,Standard,https://www.pathofexile.com/trade/search/Standard/H4sIAAAAAAAAA6WSYWvDIBCG_8t9DsU0aVryV0aRm142mVPRE1ZC_nuTBrp2hJFsflHufN57lbeHxMg5QduDD2y8gxbQXWAobp2x8dIDXwLd6hoK6IxlinPD6LEcEmXtd_Mm2TNaicyoPmQKRBOjTcJXOx7bDm2i4TwUd1XneUmVvoI1yvBusiH3pRDNsakOC2LFItGcyqrai_r4C2E-_0escdVFVJwj6T8ja3yRU-_oNthKyuf4RusnqIgdb3nFE7D9b6talHUpTod6MT_nh8iMUYqoST4UvgGOmZ7uJrQk5-z9zPy0rqiIjCESAwAA,"{""status"":{""option"":""any""},""stats"":[{""type"":""and"",""filters"":[{""id"":""pseudo.pseudo_total_attack_speed"",""disabled"":false}]},{""type"":""not"",""filters"":[{""id"":""explicit.stat_210067635"",""disabled"":false},{""id"":""explicit.stat_681332047"",""disabled"":false},{""id"":""implicit.stat_681332047"",""disabled"":false},{""id"":""implicit.stat_210067635"",""disabled"":false},{""id"":""fractured.stat_210067635"",""disabled"":false},{""id"":""fractured.stat_681332047"",""disabled"":false},{""id"":""enchant.stat_210067635"",""disabled"":false},{""id"":""scourge.stat_681332047"",""disabled"":false},{""id"":""crafted.stat_210067635"",""disabled"":false},{""id"":""crafted.stat_681332047"",""disabled"":false},{""id"":""implicit.stat_3401410854"",""disabled"":false}]}],""filters"":{""trade_filters"":{""disabled"":true,""filters"":{""sale_type"":{""option"":""any""}}}}}"
d04,"adds_fire v1, complete: whether any listed item shows `Adds # to # Fire Damage` while carrying none of its 1 rows (10 ids). None found: the rows are all the site counts. Any found: its lines name what is missing",c1 and c2: a `not` group over every id of a row finds what it should,Standard,https://www.pathofexile.com/trade/search/Standard/H4sIAAAAAAAAA5WS0YrDIBBF_8XnUOzuptntryxBps7YFawGHWFLyL_XNtA2JZTEF-HOnHtHnF4kBs5J7HsROrbBi70AfxZDdauUwm8v-NzRTUdRCWMdUxwLFovcJcoYNuOlADEpYyMphBMcqRBoExwclV4DLtHQDtXd0wee86T_zllteXMdQjXyp5bfX3I3Y1bNEp8fW9k0sq7fEPa0NmNKLMkwETTnSLg85AVZkkJe_4Ff8ZCkQ45HWg7oCIbXjDQB3iW0Q_v0_2UvIiCpJ-EBcMw06U3gSI2L9Lq-13MBhXCtIt0CAAA,"{""status"":{""option"":""any""},""stats"":[{""type"":""and"",""filters"":[{""id"":""pseudo.pseudo_adds_fire_damage"",""disabled"":false}]},{""type"":""not"",""filters"":[{""id"":""explicit.stat_709508406"",""disabled"":false},{""id"":""explicit.stat_321077055"",""disabled"":false},{""id"":""implicit.stat_709508406"",""disabled"":false},{""id"":""implicit.stat_321077055"",""disabled"":false},{""id"":""fractured.stat_709508406"",""disabled"":false},{""id"":""fractured.stat_321077055"",""disabled"":false},{""id"":""enchant.stat_709508406"",""disabled"":false},{""id"":""scourge.stat_709508406"",""disabled"":false},{""id"":""crafted.stat_321077055"",""disabled"":false},{""id"":""crafted.stat_709508406"",""disabled"":false}]}],""filters"":{""trade_filters"":{""disabled"":true,""filters"":{""sale_type"":{""option"":""any""}}}}}"
d05,"adds_fire_to_attacks v1, complete: whether any listed item shows `Adds # to # Fire Damage to Attacks` while carrying none of its 1 rows (4 ids). None found: the rows are all the site counts. Any found: its lines name what is missing",c1 and c2: a `not` group over every id of a row finds what it should,Standard,https://www.pathofexile.com/trade/search/Standard/H4sIAAAAAAAAA5WR3QqDMAyF3yXXIhO3Cb7KkJKZdJTVH9oIE_HdV3Vsbngxc1M4p98hPwN4Qek85AM0rZimhhyw7mGMZicYlwGkb3nWCSLQxgq7xTAU5NZzR028PAqJvNLGsSKs8MZKgiaC5d0HmIzHq-WAabSex2KM3vF1I1vx_GitKY3EUz8qOWVpkh6y83EjLXohptqNaIeldI5pB1M61PIXUYzFarIwsUNitRI-gLiOv_56tGGJ84p-bzTVE0ZvZ8PCAQAA,"{""status"":{""option"":""any""},""stats"":[{""type"":""and"",""filters"":[{""id"":""pseudo.pseudo_adds_fire_damage_to_attacks"",""disabled"":false}]},{""type"":""not"",""filters"":[{""id"":""explicit.stat_1573130764"",""disabled"":false},{""id"":""implicit.stat_1573130764"",""disabled"":false},{""id"":""fractured.stat_1573130764"",""disabled"":false},{""id"":""crafted.stat_1573130764"",""disabled"":false}]}],""filters"":{""trade_filters"":{""disabled"":true,""filters"":{""sale_type"":{""option"":""any""}}}}}"
d06,"adds_fire_to_spells v1, complete: whether any listed item shows `Adds # to # Fire Damage to Spells` while carrying none of its 1 rows (5 ids). None found: the rows are all the site counts. Any found: its lines name what is missing",c1 and c2: a `not` group over every id of a row finds what it should,Standard,https://www.pathofexile.com/trade/search/Standard/H4sIAAAAAAAAA5WR3QrCMAyF3yXXQxxDQV9FRolLKoW6liYFx9i7W6f4hxeuN4Fz8p2W0xFEUbPAfoQQ1YUe9oD9AFM1O8U4jKBD5FknqMA6r5zuhqMiR-FMYXUfBonEWJfYEJ7xxEaDkcjeS2HJCR49F8qiF57aqXqm90F_pfMletc5Xd2eY-q6adb1drNrfqRVD8SdFyM2Yac5MS1gpAs5nXgB0SW0-tcd7dS-dVE6Skhs3oQXoCnzx66gL63PpX5_6u1cAcLWq3nzAQAA,"{""status"":{""option"":""any""},""stats"":[{""type"":""and"",""filters"":[{""id"":""pseudo.pseudo_adds_fire_damage_to_spells"",""disabled"":false}]},{""type"":""not"",""filters"":[{""id"":""explicit.stat_1133016593"",""disabled"":false},{""id"":""implicit.stat_1133016593"",""disabled"":false},{""id"":""fractured.stat_1133016593"",""disabled"":false},{""id"":""scourge.stat_1133016593"",""disabled"":false},{""id"":""crafted.stat_1133016593"",""disabled"":false}]}],""filters"":{""trade_filters"":{""disabled"":true,""filters"":{""sale_type"":{""option"":""any""}}}}}"
d07,"adds_elemental v1, what carries `Adds # to # Elemental Damage`: no line displays the pseudo's text, so the items found name its first rows",c1 and c2: a `not` group over every id of a row finds what it should,Standard,https://www.pathofexile.com/trade/search/Standard/H4sIAAAAAAAAA12OQQrDMAwE_6Jz6APylRKMijbF4NjGkg_B-O91k0PS6iLY0Wq3kRpbVZobpWw-RZqJ4059OsgAz0a2Zxy60ESrD4ZyAi9Dzooq6XEuxyLqELAhGgcnvPEbwyZe-RUwDCsHRV_6cvs1MgoL3E24DFYqfm6VA9xZ6r_2dz6pT8zU1QAAAA,"{""status"":{""option"":""any""},""stats"":[{""type"":""and"",""filters"":[{""id"":""pseudo.pseudo_adds_elemental_damage"",""disabled"":false}]}],""filters"":{""trade_filters"":{""disabled"":true,""filters"":{""sale_type"":{""option"":""any""}}}}}"
d08,"adds_elemental_to_attacks v1, what carries `Adds # to # Elemental Damage to Attacks`: no line displays the pseudo's text, so the items found name its first rows",c1 and c2: a `not` group over every id of a row finds what it should,Standard,https://www.pathofexile.com/trade/search/Standard/H4sIAAAAAAAAA12PQQ7DMAgE_8I56gPylSqyaCGVFce2DD5Elv9e6hyalgvSDrtAA1HUKjA3SFl9ijADxgP6NIiBewM9Mg-dYILVB-VyAk8mZ-FK6XY2h0TiOPDOUTE4wh1f7NSAKj43sQTygo_A5l0xCPelL5dYW1eQ2F2Er0FL5Z9ZwWDp477_Dz71BmnA7QTgAAAA,"{""status"":{""option"":""any""},""stats"":[{""type"":""and"",""filters"":[{""id"":""pseudo.pseudo_adds_elemental_damage_to_attacks"",""disabled"":false}]}],""filters"":{""trade_filters"":{""disabled"":true,""filters"":{""sale_type"":{""option"":""any""}}}}}"
d09,"adds_elemental_to_spells v1, what carries `Adds # to # Elemental Damage to Spells`: no line displays the pseudo's text, so the items found name its first rows",c1 and c2: a `not` group over every id of a row finds what it should,Standard,https://www.pathofexile.com/trade/search/Standard/H4sIAAAAAAAAA12PQQrEMAhF7-K6zAF6laGIg3YI2CREsyghd59Mu2hn3Ajv-7_awJy8GswNUvaQIsxAcYc-HcoQng18z3JwhgnWoC7lFAIPnE0qp8fZkJgNRWWT6KTItNFb0BNaFlUbARyMXirDupKa9KUvt9SxrRAL3sBl8FLlZ9ZIR_hx3v8D3_oAvrZaEN8AAAA,"{""status"":{""option"":""any""},""stats"":[{""type"":""and"",""filters"":[{""id"":""pseudo.pseudo_adds_elemental_damage_to_spells"",""disabled"":false}]}],""filters"":{""trade_filters"":{""disabled"":true,""filters"":{""sale_type"":{""option"":""any""}}}}}"
d10,"adds_damage v1, what carries `Adds # to # Damage`: no line displays the pseudo's text, so the items found name its first rows",c1 and c2: a `not` group over every id of a row finds what it should,Standard,https://www.pathofexile.com/trade/search/Standard/H4sIAAAAAAAAA12OQQqFMAxE75K1eACvIlIiiZ9CtaVJF1J69x_tQv_PZuDNZJgKoqhFYKoQk_p4wAR4nNCG2zFjrqBn4psTDLD5oJy74clwEi4Uxy4OicQR7vhhC5MXXANbbMMg3Ja2vBqsOSOxe4HnQXPhn6xgYNen_I-97gsu4ZdVywAAAA,"{""status"":{""option"":""any""},""stats"":[{""type"":""and"",""filters"":[{""id"":""pseudo.pseudo_adds_damage"",""disabled"":false}]}],""filters"":{""trade_filters"":{""disabled"":true,""filters"":{""sale_type"":{""option"":""any""}}}}}"
d11,"adds_damage_to_attacks v1, what carries `Adds # to # Damage to Attacks`: no line displays the pseudo's text, so the items found name its first rows",c1 and c2: a `not` group over every id of a row finds what it should,Standard,https://www.pathofexile.com/trade/search/Standard/H4sIAAAAAAAAA11OSQ6DMAz8i8-oD-ArFYrc2lQRgUSxc0BR_l43HKD4YnnGs1QQRS0CY4WY1McNRsBthzZ0xohnBd0Td5xggNkH5XwQngxOwoXi41gOicQRrvhhp3aq4nsR05EXfAU2xYxBuE1tuphZSEZidwFOgebCf7-Cwdx7q3vv33wB-IAwgtYAAAA,"{""status"":{""option"":""any""},""stats"":[{""type"":""and"",""filters"":[{""id"":""pseudo.pseudo_adds_damage_to_attacks"",""disabled"":false}]}],""filters"":{""trade_filters"":{""disabled"":true,""filters"":{""sale_type"":{""option"":""any""}}}}}"
d12,"adds_damage_to_spells v1, what carries `Adds # to # Damage to Spells`: no line displays the pseudo's text, so the items found name its first rows",c1 and c2: a `not` group over every id of a row finds what it should,Standard,https://www.pathofexile.com/trade/search/Standard/H4sIAAAAAAAAA12OQQrDMAwE_6Jz6APylRCMgpRiUGNjyYdg_PeqzqFpdRHMalfbQA2tKswNUraYDpgBjxP6NBQXlgZ2Zh6cYII9inG5hEiOs3Kl9LhWQCINhC98crAUNLOIuo2i4ibshh1Fua99vWX5j4LE4Qa-BiuVf24VxcNHqf_an3kDbvPIHtUAAAA,"{""status"":{""option"":""any""},""stats"":[{""type"":""and"",""filters"":[{""id"":""pseudo.pseudo_adds_damage_to_spells"",""disabled"":false}]}],""filters"":{""trade_filters"":{""disabled"":true,""filters"":{""sale_type"":{""option"":""any""}}}}}"
d13,"adds_cold v1, complete: whether any listed item shows `Adds # to # Cold Damage` while carrying none of its 1 rows (10 ids). None found: the rows are all the site counts. Any found: its lines name what is missing",c1 and c2: a `not` group over every id of a row finds what it should,Standard,https://www.pathofexile.com/trade/search/Standard/H4sIAAAAAAAAA6WS0WrDMAxF_0XPobTxWNb-SglGs5TO4NrBlqEl5N_nNrC1I5Rm9YtBV-fqPtwBkqDkBLsBQi82eNgB-jOM1VUpwn4AOfd8nRNU0FknHCfBUhn3iTOF1fRpJEraBEea8IgHLgTZhJ-Oy26HLvHYjtWPpw8y58mn3lljZXUJoTdr1Wy2qllvZ9yqWaRWH81brWr1_gCxxxeRp4J1EY3kyPR_5qlo7M0X-iXJkgk5HngBYSJ2sijVHfHwRju2N00oDYlIrG8Gv4DEzHe7CR3rqVJ_i3x53wNe65XnAgAA,"{""status"":{""option"":""any""},""stats"":[{""type"":""and"",""filters"":[{""id"":""pseudo.pseudo_adds_cold_damage"",""disabled"":false}]},{""type"":""not"",""filters"":[{""id"":""explicit.stat_1037193709"",""disabled"":false},{""id"":""explicit.stat_2387423236"",""disabled"":false},{""id"":""implicit.stat_2387423236"",""disabled"":false},{""id"":""implicit.stat_1037193709"",""disabled"":false},{""id"":""fractured.stat_1037193709"",""disabled"":false},{""id"":""fractured.stat_2387423236"",""disabled"":false},{""id"":""enchant.stat_1037193709"",""disabled"":false},{""id"":""scourge.stat_1037193709"",""disabled"":false},{""id"":""crafted.stat_2387423236"",""disabled"":false},{""id"":""crafted.stat_1037193709"",""disabled"":false}]}],""filters"":{""trade_filters"":{""disabled"":true,""filters"":{""sale_type"":{""option"":""any""}}}}}"
d14,"adds_cold_to_attacks v1, complete: whether any listed item shows `Adds # to # Cold Damage to Attacks` while carrying none of its 1 rows (4 ids). None found: the rows are all the site counts. Any found: its lines name what is missing",c1 and c2: a `not` group over every id of a row finds what it should,Standard,https://www.pathofexile.com/trade/search/Standard/H4sIAAAAAAAAA5WR3QqDMAyF3yXXIiKyga8ypGRNHGXVShthIr77qo7NDS9mbgrn9DvkZ4QgKH2AcgTXiXEtlIDtAFOyONG4jCBDx4tOkEBtrLBfDUNR7gL35NL1UUgUlHaWFGGDN1YSNRHU9xBhMgGvliNWow08VVPyjm-d7MXzo7NGG0nnflSRnc7ZKS_yYicteSGmOYzUHrX0nukAoz3W8hdRTdVmsjixR2K1ET6A-J6__ga0cYnLin5vNNcTtM2IEMIBAAA,"{""status"":{""option"":""any""},""stats"":[{""type"":""and"",""filters"":[{""id"":""pseudo.pseudo_adds_cold_damage_to_attacks"",""disabled"":false}]},{""type"":""not"",""filters"":[{""id"":""explicit.stat_4067062424"",""disabled"":false},{""id"":""implicit.stat_4067062424"",""disabled"":false},{""id"":""fractured.stat_4067062424"",""disabled"":false},{""id"":""crafted.stat_4067062424"",""disabled"":false}]}],""filters"":{""trade_filters"":{""disabled"":true,""filters"":{""sale_type"":{""option"":""any""}}}}}"
d15,"adds_cold_to_spells v1, complete: whether any listed item shows `Adds # to # Cold Damage to Spells` while carrying none of its 1 rows (5 ids). None found: the rows are all the site counts. Any found: its lines name what is missing",c1 and c2: a `not` group over every id of a row finds what it should,Standard,https://www.pathofexile.com/trade/search/Standard/H4sIAAAAAAAAA5WR0QrCMAxF_yXPQ1BEcb8io8Qmk0JdS5OCY-zfrVN0ig-uL4F7c27L7QCiqFmgHiBEdaGDGrDrYawmpxjHAbSPPOkEFbTOK6eH4ajIUThTWD2GQSIxNngyhBc8s9FgJLL3UlhygifPhWrRC4_NWL3Su6C_0vkavbNOV_fnmM12d9iud_vN4Uda9UTcZTHSJrSaE9MCRmzI6cwLCJuw1b_uaMZm1kXpKCGxmQlvQFPmj11BX1qfSv3-1Pu5AQTarzDzAQAA,"{""status"":{""option"":""any""},""stats"":[{""type"":""and"",""filters"":[{""id"":""pseudo.pseudo_adds_cold_damage_to_spells"",""disabled"":false}]},{""type"":""not"",""filters"":[{""id"":""explicit.stat_2469416729"",""disabled"":false},{""id"":""implicit.stat_2469416729"",""disabled"":false},{""id"":""fractured.stat_2469416729"",""disabled"":false},{""id"":""scourge.stat_2469416729"",""disabled"":false},{""id"":""crafted.stat_2469416729"",""disabled"":false}]}],""filters"":{""trade_filters"":{""disabled"":true,""filters"":{""sale_type"":{""option"":""any""}}}}}"
d16,"adds_lightning v1, complete: whether any listed item shows `Adds # to # Lightning Damage` while carrying none of its 1 rows (10 ids). None found: the rows are all the site counts. Any found: its lines name what is missing",c1 and c2: a `not` group over every id of a row finds what it should,Standard,https://www.pathofexile.com/trade/search/Standard/H4sIAAAAAAAAA5WS4arCMAyF36W_h-xaGV5fRUaJbTYDtR1tCsrYu9_q4OpkiO2fQk6-nATOKCIDpygOo_ADk3fiIMDdxFQ9lCwcR8G3AR91IyrRkWUMs0Aml4eIyfjN_CkwJipL_ZkduV4ZuECPGTMU4WQxAx3YiFM7Vf-Dnee1wXgdLGnizX0TJaVs9r-1lLuVadUq8pOb66be7poPCF2KXZbIVy5dAM0poCmweWO-8kGnz-BKjonap9BjAaEDdFy01YL46NFO7UsSckICGFQvhSfAIeGiN4JFNUfqPc339wdyyWfC7AIAAA,"{""status"":{""option"":""any""},""stats"":[{""type"":""and"",""filters"":[{""id"":""pseudo.pseudo_adds_lightning_damage"",""disabled"":false}]},{""type"":""not"",""filters"":[{""id"":""explicit.stat_3336890334"",""disabled"":false},{""id"":""explicit.stat_1334060246"",""disabled"":false},{""id"":""implicit.stat_3336890334"",""disabled"":false},{""id"":""implicit.stat_1334060246"",""disabled"":false},{""id"":""fractured.stat_3336890334"",""disabled"":false},{""id"":""fractured.stat_1334060246"",""disabled"":false},{""id"":""enchant.stat_3336890334"",""disabled"":false},{""id"":""scourge.stat_3336890334"",""disabled"":false},{""id"":""crafted.stat_1334060246"",""disabled"":false},{""id"":""crafted.stat_3336890334"",""disabled"":false}]}],""filters"":{""trade_filters"":{""disabled"":true,""filters"":{""sale_type"":{""option"":""any""}}}}}"
d17,"adds_lightning_to_attacks v1, complete: whether any listed item shows `Adds # to # Lightning Damage to Attacks` while carrying none of its 1 rows (4 ids). None found: the rows are all the site counts. Any found: its lines name what is missing",c1 and c2: a `not` group over every id of a row finds what it should,Standard,https://www.pathofexile.com/trade/search/Standard/H4sIAAAAAAAAA5WR3QqCQBCF32WuJQi0oFcJWSZntKF1ld0RCvHdWzXKwoucm4Vz9pvfHoKidgFOPTStSuPgBOgeMCSTE41zD_poedIJEijFKvvZEIpyG7ijZjc_BomCsVJd1YmrDGGNFRuNhioWtxAzkAS8WI5siTbwkA_Ju4ZrdK0G31srhehubMrsj1maplmWHVayJS9E6s1I6bHQzjNtYAqPpf5F5EO-mCxO7JHYLIQPoL7jr78BbVzitKLfQ43xBAhz8IDHAQAA,"{""status"":{""option"":""any""},""stats"":[{""type"":""and"",""filters"":[{""id"":""pseudo.pseudo_adds_lightning_damage_to_attacks"",""disabled"":false}]},{""type"":""not"",""filters"":[{""id"":""explicit.stat_1754445556"",""disabled"":false},{""id"":""implicit.stat_1754445556"",""disabled"":false},{""id"":""fractured.stat_1754445556"",""disabled"":false},{""id"":""crafted.stat_1754445556"",""disabled"":false}]}],""filters"":{""trade_filters"":{""disabled"":true,""filters"":{""sale_type"":{""option"":""any""}}}}}"
d18,"adds_lightning_to_spells v1, complete: whether any listed item shows `Adds # to # Lightning Damage to Spells` while carrying none of its 1 rows (5 ids). None found: the rows are all the site counts. Any found: its lines name what is missing",c1 and c2: a `not` group over every id of a row finds what it should,Standard,https://www.pathofexile.com/trade/search/Standard/H4sIAAAAAAAAA5WR0WrDMAxF_0XPodB1bUd_ZQSjRkomcG1jydAS8u9107J1ow-LXwz3-uiK6xHU0IrCYYSYTGKAA2C4wNTMTjU-R7BL4lknaKAXb5zvhlCVk3KhuLpfDonUeRm-LEgYHOEJB3YWnSb2XusAEsWj54r26JWndmq-I0K0VxF8Tl46sdVtJ_f2sVmvd9vN_v3FtOaByGkx0mfsrGSmBYx2seSBFxBdxt7-ldFO7VMXtaOMxO5J-AEsF_71VtHX1udS__7s7VwBsetCNfgBAAA,"{""status"":{""option"":""any""},""stats"":[{""type"":""and"",""filters"":[{""id"":""pseudo.pseudo_adds_lightning_damage_to_spells"",""disabled"":false}]},{""type"":""not"",""filters"":[{""id"":""explicit.stat_2831165374"",""disabled"":false},{""id"":""implicit.stat_2831165374"",""disabled"":false},{""id"":""fractured.stat_2831165374"",""disabled"":false},{""id"":""scourge.stat_2831165374"",""disabled"":false},{""id"":""crafted.stat_2831165374"",""disabled"":false}]}],""filters"":{""trade_filters"":{""disabled"":true,""filters"":{""sale_type"":{""option"":""any""}}}}}"
d19,"adds_physical v1, complete: whether any listed item shows `Adds # to # Physical Damage` while carrying none of its 1 rows (7 ids). None found: the rows are all the site counts. Any found: its lines name what is missing",c1 and c2: a `not` group over every id of a row finds what it should,Standard,https://www.pathofexile.com/trade/search/Standard/H4sIAAAAAAAAA51S7WrDMAx8F_0OJWHr56uMYDRL6QxubCwZGkLefW4DbTfCaKc_hjvd6bA0gihqFjiMEKK60MMBsB9gqq5MIT5G0CHyFSeooHNeOc2EowJH4UxhNT8GicTEr0GcRW8IT3jkoiIn-Om59Hfohad2qm6-fdAlXz5H76zT1SWIafbv9W6z3q6bBbdqUbLf1PWu2b7Vfyjc6eUhXUKrOTH9X_NMMrEhpyO_MMQm7PSpWO3UPnx4WURCYvMA3AWaMv_oFfRs5s39vplLfQPsdVk3UgIAAA,"{""status"":{""option"":""any""},""stats"":[{""type"":""and"",""filters"":[{""id"":""pseudo.pseudo_adds_physical_damage"",""disabled"":false}]},{""type"":""not"",""filters"":[{""id"":""explicit.stat_1940865751"",""disabled"":false},{""id"":""explicit.stat_960081730"",""disabled"":false},{""id"":""implicit.stat_1940865751"",""disabled"":false},{""id"":""fractured.stat_1940865751"",""disabled"":false},{""id"":""fractured.stat_960081730"",""disabled"":false},{""id"":""scourge.stat_1940865751"",""disabled"":false},{""id"":""crafted.stat_1940865751"",""disabled"":false}]}],""filters"":{""trade_filters"":{""disabled"":true,""filters"":{""sale_type"":{""option"":""any""}}}}}"
d20,"adds_physical_to_attacks v1, complete: whether any listed item shows `Adds # to # Physical Damage to Attacks` while carrying none of its 1 rows (4 ids). None found: the rows are all the site counts. Any found: its lines name what is missing",c1 and c2: a `not` group over every id of a row finds what it should,Standard,https://www.pathofexile.com/trade/search/Standard/H4sIAAAAAAAAA5WR2wrCMAyG3yXXQ4aiTF9FRolNpsW6lSYDx9i7223iCS80N4X_75djD6KorcCuhyaoa2rYAdYdDNnkJGPfg3aBJ50gg8p55TgbjpIchFtqFvNjkEhMOHXiLHpDeMEjG026KtqzpATkBA-eE1qhFx7KIXuUqBv9VoKvwTvrdDH2ZFb5arne5pui-JItuyPu8jdSRbTaRqY_GBux0p-IcihfJksTRyQ2L8IT0Njy219Bn5Y4rejzTmPcAMuJ8EDGAQAA,"{""status"":{""option"":""any""},""stats"":[{""type"":""and"",""filters"":[{""id"":""pseudo.pseudo_adds_physical_damage_to_attacks"",""disabled"":false}]},{""type"":""not"",""filters"":[{""id"":""explicit.stat_3032590688"",""disabled"":false},{""id"":""implicit.stat_3032590688"",""disabled"":false},{""id"":""fractured.stat_3032590688"",""disabled"":false},{""id"":""crafted.stat_3032590688"",""disabled"":false}]}],""filters"":{""trade_filters"":{""disabled"":true,""filters"":{""sale_type"":{""option"":""any""}}}}}"
d21,"adds_physical_to_spells v1, complete: whether any listed item shows `Adds # to # Physical Damage to Spells` while carrying none of its 1 rows (4 ids). None found: the rows are all the site counts. Any found: its lines name what is missing",c1 and c2: a `not` group over every id of a row finds what it should,Standard,https://www.pathofexile.com/trade/search/Standard/H4sIAAAAAAAAA5WR3QrCMAyF3yXXQ_Bngr6KjBKXbBbqWpoUHGPvbt3EP7zQ3BTO6ZfTpAOIoiaB_QA-qPUd7AG7HsZicrJxGED7wJNOUEBjnXKcDUtZDsKJ_GI-DBKJCadebI3OEJ6xZaPeSGDnJPNkBY-OM9mgEx6rsXgkdF6_JfAlOFtbXdyeZFabdVmut7vt8ku34o7Y899IE7HWFJn-YKT2Kbb8A1GN1ctkeeKIxOZFeAIaE7_dFXR5h9OKPr_pVld77nsrxQEAAA,"{""status"":{""option"":""any""},""stats"":[{""type"":""and"",""filters"":[{""id"":""pseudo.pseudo_adds_physical_damage_to_spells"",""disabled"":false}]},{""type"":""not"",""filters"":[{""id"":""explicit.stat_2435536961"",""disabled"":false},{""id"":""implicit.stat_2435536961"",""disabled"":false},{""id"":""fractured.stat_2435536961"",""disabled"":false},{""id"":""scourge.stat_2435536961"",""disabled"":false}]}],""filters"":{""trade_filters"":{""disabled"":true,""filters"":{""sale_type"":{""option"":""any""}}}}}"
d22,"adds_chaos v1, complete: whether any listed item shows `Adds # to # Chaos Damage` while carrying none of its 1 rows (7 ids). None found: the rows are all the site counts. Any found: its lines name what is missing",c1 and c2: a `not` group over every id of a row finds what it should,Standard,https://www.pathofexile.com/trade/search/Standard/H4sIAAAAAAAAA6WS3WrDMAyF30XXoazO-vsqJRg1UjqDawdLhpWQd5_bwNaOMFrmG8M5-uSD5AFEUbPAfoDYq4sB9oDhAmN1c4pxGEAvPd90ggo655XTZDgqci-cKS6myyKR2PYDo1jCM564IOQEj55LcYdeeGzG6rtpiDrXlD9771qni2sKW6_qpdm-vRsz062aRYwx9Xqz3a2XfyDu_E_kqWBdwlZzYnrhGQ5lhuGVYNLGnE78BNGMzd3EyyYSEts74QfQlPmhVtCznVb3-8dczxeMy-yQUAIAAA,"{""status"":{""option"":""any""},""stats"":[{""type"":""and"",""filters"":[{""id"":""pseudo.pseudo_adds_chaos_damage"",""disabled"":false}]},{""type"":""not"",""filters"":[{""id"":""explicit.stat_3531280422"",""disabled"":false},{""id"":""explicit.stat_2223678961"",""disabled"":false},{""id"":""implicit.stat_2223678961"",""disabled"":false},{""id"":""implicit.stat_3531280422"",""disabled"":false},{""id"":""fractured.stat_2223678961"",""disabled"":false},{""id"":""enchant.stat_2223678961"",""disabled"":false},{""id"":""scourge.stat_2223678961"",""disabled"":false}]}],""filters"":{""trade_filters"":{""disabled"":true,""filters"":{""sale_type"":{""option"":""any""}}}}}"
d23,"adds_chaos_to_attacks v1, complete: whether any listed item shows `Adds # to # Chaos Damage to Attacks` while carrying none of its 1 rows (4 ids). None found: the rows are all the site counts. Any found: its lines name what is missing",c1 and c2: a `not` group over every id of a row finds what it should,Standard,https://www.pathofexile.com/trade/search/Standard/H4sIAAAAAAAAA5WR3QrCMAyF3yXXwxunwl5FRolNpsVuHU0Gyti7WzfRKbuYuSmc0--Qnx5EUTuBoofQqgsNFIDNHYZsdJJx7EHvLY86QQaV88pxMhwluRXuKGymxyCRGHvBIIawxjMbTaIq2qskmpzgyXPiKvTCQzlk7_wm6FI-31rvrNPNsyGzP-S73TbP9wth2Ytw9b9EFdFqF5nWIzZipWuAcihnU6VpIxKbmfABNHb89VfQpwWO6_k90LMeCVlkor8BAAA,"{""status"":{""option"":""any""},""stats"":[{""type"":""and"",""filters"":[{""id"":""pseudo.pseudo_adds_chaos_damage_to_attacks"",""disabled"":false}]},{""type"":""not"",""filters"":[{""id"":""explicit.stat_674553446"",""disabled"":false},{""id"":""implicit.stat_674553446"",""disabled"":false},{""id"":""fractured.stat_674553446"",""disabled"":false},{""id"":""crafted.stat_674553446"",""disabled"":false}]}],""filters"":{""trade_filters"":{""disabled"":true,""filters"":{""sale_type"":{""option"":""any""}}}}}"
d24,"adds_chaos_to_spells v1, complete: whether any listed item shows `Adds # to # Chaos Damage to Spells` while carrying none of its 1 rows (3 ids). None found: the rows are all the site counts. Any found: its lines name what is missing",c1 and c2: a `not` group over every id of a row finds what it should,Standard,https://www.pathofexile.com/trade/search/Standard/H4sIAAAAAAAAA5WQ3QrCMAyF3yXXQ8QfcHsVGSUumRbqWpoMlLF3t9tEp-xCcxM4p9_hNB2IorYCRQc-qPUNFIDNHfpsdJJx7EDvgUedIIPaOuU4GZaSHIRb8qtpGSQSU13QiyG84pmNeiOBnZMEkxU8OU5YjU64L_vsFd94XYrnW3C2sroa-pjNdr3e5vlhv1tIy56Ivf6N1BErbSPTD0zZl7OeqX9EYjMT3oDGlj_eCrp0kfHD3xcf5gG7dfrjkAEAAA,"{""status"":{""option"":""any""},""stats"":[{""type"":""and"",""filters"":[{""id"":""pseudo.pseudo_adds_chaos_damage_to_spells"",""disabled"":false}]},{""type"":""not"",""filters"":[{""id"":""explicit.stat_2300399854"",""disabled"":false},{""id"":""implicit.stat_2300399854"",""disabled"":false},{""id"":""fractured.stat_2300399854"",""disabled"":false}]}],""filters"":{""trade_filters"":{""disabled"":true,""filters"":{""sale_type"":{""option"":""any""}}}}}"
b1,"the report: `+# to Strength and Intelligence` under the id That Which Was Taken carries, with `+# total maximum Life` required. c3 says none will be found","b2, the line alone, finds the items b1 should have",Standard,https://www.pathofexile.com/trade/search/Standard/H4sIAAAAAAAAA22P4QrCMAyE3yW_y9CpDPcqMkq0KQTCWtYMHGPvbrcKTjF_Anf3kcsMSVHHBO0MISqHHlrAfoLFbE42bjPoFGnTHRjwLEpDMdhlmZ5R-MFarYCtL-fTtWkOxzpnHSe8C-WUR0m0mDcSE40uVGVZDYpihT39Qbql293MXQZ0ZHfCB9BhpK9sQiFbyv--t84LO8z7Xv0AAAA,"{""status"":{""option"":""any""},""stats"":[{""type"":""and"",""filters"":[{""id"":""explicit.stat_2543977012"",""disabled"":false},{""id"":""pseudo.pseudo_total_life"",""disabled"":false}]}],""filters"":{""trade_filters"":{""disabled"":true,""filters"":{""sale_type"":{""option"":""any""}}}}}"
b2,"the report's control: the same line with no total asked, which finds the jewels",c3 fetched five of them,Standard,https://www.pathofexile.com/trade/search/Standard/H4sIAAAAAAAAA12OwQqDQAxE_yVnKa1tkforRZa0GyEQdNmNUFn23416qO0cZ94MkyEp6pSgzTAG5XGAFnCYoVRbYsEzg86BNt9DBT2LUtwD9mbTJwi_WU9rwdX32_XRNOdLbaznhC8ho3qURKUr3WHAhiN6cgfjW9A40Q-bUMjtT_6_rloAZ0A8OcoAAAA,"{""status"":{""option"":""any""},""stats"":[{""type"":""and"",""filters"":[{""id"":""explicit.stat_2543977012"",""disabled"":false}]}],""filters"":{""trade_filters"":{""disabled"":true,""filters"":{""sale_type"":{""option"":""any""}}}}}"
e001,"adds_fire v1, sound: whether any listed item carries a row — a count of its rows — while showing no `Adds # to # Fire Damage`. None found: every row is counted wherever it appears. Any found: a row, a twin or an id the site does not count","c4 and d02: a pseudo inside a `not` group, beside a count or a sum, finds what it should",Standard,https://www.pathofexile.com/trade/search/Standard/H4sIAAAAAAAAA5WS0UrEMBBF_2Wey5JVa3V_RSSMyWQNpElJJuJS-u8mVtQuZWnzEpg7Z-4k3BESI-cEpxHCwDZ4OAH6C0zNt1KElxH4MlCpq5A9QwPGOqY4S1YXgT4HZ5XlQ0VkJ55b8fQgHkurtgnfHJUmgy7R1KwS93dH0XWibW8Qtt_rsSS2eJiIinMkvd3kCtniQl69o9_xkFQ-Pp5pO6AiGt6z0gK45fDawAe6TDUvvS1hOU51yE9AfFiNx5Ao63CYL4laJ2lsJKmxxzOtuVSf3zFlfERN8l_hD-CYadGb0JGc97mOdD1f52CVBvECAAA,"{""status"":{""option"":""any""},""stats"":[{""type"":""count"",""filters"":[{""id"":""explicit.stat_709508406"",""disabled"":false},{""id"":""explicit.stat_321077055"",""disabled"":false},{""id"":""implicit.stat_709508406"",""disabled"":false},{""id"":""implicit.stat_321077055"",""disabled"":false},{""id"":""fractured.stat_709508406"",""disabled"":false},{""id"":""fractured.stat_321077055"",""disabled"":false},{""id"":""enchant.stat_709508406"",""disabled"":false},{""id"":""scourge.stat_709508406"",""disabled"":false},{""id"":""crafted.stat_321077055"",""disabled"":false},{""id"":""crafted.stat_709508406"",""disabled"":false}],""value"":{""min"":1}},{""type"":""not"",""filters"":[{""id"":""pseudo.pseudo_adds_fire_damage"",""disabled"":false}]}],""filters"":{""trade_filters"":{""disabled"":true,""filters"":{""sale_type"":{""option"":""any""}}}}}"
e002,"adds_fire_to_attacks v2, complete: whether any listed item shows `Adds # to # Fire Damage to Attacks` while carrying none of its 4 rows (17 ids). None found: the rows are all the site counts. Any found: its lines name what is missing",c1 and c2: a `not` group over every id of a row finds what it should,Standard,https://www.pathofexile.com/trade/search/Standard/H4sIAAAAAAAAA5WU3YqDMBCF3yXXUmL9a_sqi4TZZOyGtSrJBLaI797Ult0qZRlzI8z4Tc4cOBmFJ6DgxWkU_UC278RJQHcVUzJ3YuNjFHQdcK4bkYjGtoTu0bAmlgePwfS7x0eBMV411qEycIEzKoo1ItDfPsLGevhsMWINtB6nekp-x3c9vRuPP0NrtaXdXY9KiypLM1mV-ZtpyROxl81I40BTcGg2MNpBQ5uI5S6VPBbykMuSvQqHWG3CQbDTX9BtuMPrPrgz8oGFVSxJC6eyY5mXWV7uD2yrWMjKKxazUrZPZVXJouALYxBrXQxk4fB_QD3VLymL6XNgUL0U_gByARf_emhjoOe4rt-L-7kB4QrPb04EAAA,"{""status"":{""option"":""any""},""stats"":[{""type"":""and"",""filters"":[{""id"":""pseudo.pseudo_adds_fire_damage_to_attacks"",""disabled"":false}]},{""type"":""not"",""filters"":[{""id"":""explicit.stat_1573130764"",""disabled"":false},{""id"":""implicit.stat_1573130764"",""disabled"":false},{""id"":""fractured.stat_1573130764"",""disabled"":false},{""id"":""crafted.stat_1573130764"",""disabled"":false},{""id"":""explicit.stat_709508406"",""disabled"":false},{""id"":""implicit.stat_709508406"",""disabled"":false},{""id"":""fractured.stat_709508406"",""disabled"":false},{""id"":""enchant.stat_709508406"",""disabled"":false},{""id"":""scourge.stat_709508406"",""disabled"":false},{""id"":""crafted.stat_709508406"",""disabled"":false},{""id"":""explicit.stat_3964634628"",""disabled"":false},{""id"":""implicit.stat_3964634628"",""disabled"":false},{""id"":""fractured.stat_3964634628"",""disabled"":false},{""id"":""explicit.stat_321077055"",""disabled"":false},{""id"":""implicit.stat_321077055"",""disabled"":false},{""id"":""fractured.stat_321077055"",""disabled"":false},{""id"":""crafted.stat_321077055"",""disabled"":false}]}],""filters"":{""trade_filters"":{""disabled"":true,""filters"":{""sale_type"":{""option"":""any""}}}}}"
e003,"adds_fire_to_attacks v2, sound: whether any listed item carries a row — a count of its rows — while showing no `Adds # to # Fire Damage to Attacks`. None found: every row is counted wherever it appears. Any found: a row, a twin or an id the site does not count","c4 and d02: a pseudo inside a `not` group, beside a count or a sum, finds what it should",Standard,https://www.pathofexile.com/trade/search/Standard/H4sIAAAAAAAAA5WU3WrDMAyF38XXoTjNX9tXGcNottKZOU6w5bES8u512tItoQwnNwFJn3R0gjIyT0DBs9PI-oF0b9mJgb2wKbtlYuJtZHQZMMZlHyyxjLXaELp7SquYwJ_BaKlpNyMir5oiL3hTl7FWaQ8fBmNVC8bjlD0Q3W1GWgeSgkO1gZEOWtpELHdp-LHih5LXyaukEKtNUhC08hPshhk-fi13xnRgYVWSpIVTxbEu66Ks94dkq5KQlVdJzErZPudNw6sqXVgCsdaVgCwc_g94z9g3mIDzVXY6nmQ-zU0eZ2j7l0c4eAyq391fApTyotUOhYIOzigoxohAfvlXA-eRz45xkgOF4k_gFyAXcFHrwcTuN2nrf8j8XAEs-BxbYgQAAA,"{""status"":{""option"":""any""},""stats"":[{""type"":""count"",""filters"":[{""id"":""explicit.stat_1573130764"",""disabled"":false},{""id"":""implicit.stat_1573130764"",""disabled"":false},{""id"":""fractured.stat_1573130764"",""disabled"":false},{""id"":""crafted.stat_1573130764"",""disabled"":false},{""id"":""explicit.stat_709508406"",""disabled"":false},{""id"":""implicit.stat_709508406"",""disabled"":false},{""id"":""fractured.stat_709508406"",""disabled"":false},{""id"":""enchant.stat_709508406"",""disabled"":false},{""id"":""scourge.stat_709508406"",""disabled"":false},{""id"":""crafted.stat_709508406"",""disabled"":false},{""id"":""explicit.stat_3964634628"",""disabled"":false},{""id"":""implicit.stat_3964634628"",""disabled"":false},{""id"":""fractured.stat_3964634628"",""disabled"":false},{""id"":""explicit.stat_321077055"",""disabled"":false},{""id"":""implicit.stat_321077055"",""disabled"":false},{""id"":""fractured.stat_321077055"",""disabled"":false},{""id"":""crafted.stat_321077055"",""disabled"":false}],""value"":{""min"":1}},{""type"":""not"",""filters"":[{""id"":""pseudo.pseudo_adds_fire_damage_to_attacks"",""disabled"":false}]}],""filters"":{""trade_filters"":{""disabled"":true,""filters"":{""sale_type"":{""option"":""any""}}}}}"
e004,"adds_fire_to_spells v2, complete: whether any listed item shows `Adds # to # Fire Damage to Spells` while carrying none of its 3 rows (12 ids). None found: the rows are all the site counts. Any found: its lines name what is missing",c1 and c2: a `not` group over every id of a row finds what it should,Standard,https://www.pathofexile.com/trade/search/Standard/H4sIAAAAAAAAA5WT0YrDIBBF_8XnUJKmSbf9lSXIbByLYKM4I7SE_PvadNltQlmML8KMZ_TAdRTEwJHEeRTOs3GDOAsY7mIq5k5qfI6C7x7nuhKF0MYyhmfDqFT2hFG53XOToBRJbQJKBVe4oGQnyaO1lFhlCL4sJkqDJZy6qfidPjh-Nx1v3pre8O7xHFlVdV1WbXOq30wrfhBz3YzoAD3HgGoDQ72L4YIbiD6A5k13LO3rfVUej2XTZMvnECv3HGQhkgOsPE7toa0P7f4jXyQHWZv8x3RT95K2lMIACuVL4Q_gEHFxlsCmXM-xXX-bx_oG-N9x6lUDAAA,"{""status"":{""option"":""any""},""stats"":[{""type"":""and"",""filters"":[{""id"":""pseudo.pseudo_adds_fire_damage_to_spells"",""disabled"":false}]},{""type"":""not"",""filters"":[{""id"":""explicit.stat_1133016593"",""disabled"":false},{""id"":""implicit.stat_1133016593"",""disabled"":false},{""id"":""fractured.stat_1133016593"",""disabled"":false},{""id"":""scourge.stat_1133016593"",""disabled"":false},{""id"":""crafted.stat_1133016593"",""disabled"":false},{""id"":""explicit.stat_321077055"",""disabled"":false},{""id"":""implicit.stat_321077055"",""disabled"":false},{""id"":""fractured.stat_321077055"",""disabled"":false},{""id"":""crafted.stat_321077055"",""disabled"":false},{""id"":""explicit.stat_3964634628"",""disabled"":false},{""id"":""implicit.stat_3964634628"",""disabled"":false},{""id"":""fractured.stat_3964634628"",""disabled"":false}]}],""filters"":{""trade_filters"":{""disabled"":true,""filters"":{""sale_type"":{""option"":""any""}}}}}"
e005,"adds_fire_to_spells v2, sound: whether any listed item carries a row — a count of its rows — while showing no `Adds # to # Fire Damage to Spells`. None found: every row is counted wherever it appears. Any found: a row, a twin or an id the site does not count","c4 and d02: a pseudo inside a `not` group, beside a count or a sum, finds what it should",Standard,https://www.pathofexile.com/trade/search/Standard/H4sIAAAAAAAAA5WTYWvDIBCG_4ufQ4lNk679K6PILZ5FMFH0HCsh_33alm0JZRi_CL733HsvnBMLBBQDO0_MOtJ2ZGcG443N1V1JwvvE6OYwvfc2jsQqprQh9A9JyyTglzO617TLiOC8aWretacm1Uod4MNgqlJgAs7VE9HDZkR56Cl6lBuYkGb2V9xA9B4UbfJYpm_2vD4e67YtDl9CrLKXIIsgJcAqx6k7dM2h27-VBylB1kn-Yy4V-wQTMW_noNNq8jn3ea7jaF8uowsYpd09LgFSBqG0RyFhgCsKsiI4NCa88suOPw2TkQeJ4s_DL0A-4qI2gEnN75Otv1I-35CiNuFpAwAA,"{""status"":{""option"":""any""},""stats"":[{""type"":""count"",""filters"":[{""id"":""explicit.stat_1133016593"",""disabled"":false},{""id"":""implicit.stat_1133016593"",""disabled"":false},{""id"":""fractured.stat_1133016593"",""disabled"":false},{""id"":""scourge.stat_1133016593"",""disabled"":false},{""id"":""crafted.stat_1133016593"",""disabled"":false},{""id"":""explicit.stat_321077055"",""disabled"":false},{""id"":""implicit.stat_321077055"",""disabled"":false},{""id"":""fractured.stat_321077055"",""disabled"":false},{""id"":""crafted.stat_321077055"",""disabled"":false},{""id"":""explicit.stat_3964634628"",""disabled"":false},{""id"":""implicit.stat_3964634628"",""disabled"":false},{""id"":""fractured.stat_3964634628"",""disabled"":false}],""value"":{""min"":1}},{""type"":""not"",""filters"":[{""id"":""pseudo.pseudo_adds_fire_damage_to_spells"",""disabled"":false}]}],""filters"":{""trade_filters"":{""disabled"":true,""filters"":{""sale_type"":{""option"":""any""}}}}}"
e006,"adds_cold v1, sound: whether any listed item carries a row — a count of its rows — while showing no `Adds # to # Cold Damage`. None found: every row is counted wherever it appears. Any found: a row, a twin or an id the site does not count","c4 and d02: a pseudo inside a `not` group, beside a count or a sum, finds what it should",Standard,https://www.pathofexile.com/trade/search/Standard/H4sIAAAAAAAAA6WS0WrDMAxF_0XPoTTxWNb-yhhGtZXO4NjBlkdLyL_PXka7jlCazS8GXR3pIu4IkZFThP0IfmDjHewB3Rmm6kvJwusIfB4o15VPjqGCzlimMEtGZ4FOgzXK8KYgst6Ktt6JdrvLvdpEPFjKXR3aSFO1iDTipX1qRCOe7yCm_yfykLEuoOIUSP-decgaOfWObo2zmO8fjrSCUAE7XuXqhri7462CD7SJSnJ6k2NTT2XKd1ScXwzKEClpv5k_iVpHqbzVUmOPR1raUvZcxuTxATXJH4UrwCHRTW9ES3L28zvc5X0Cp3JohvsCAAA,"{""status"":{""option"":""any""},""stats"":[{""type"":""count"",""filters"":[{""id"":""explicit.stat_1037193709"",""disabled"":false},{""id"":""explicit.stat_2387423236"",""disabled"":false},{""id"":""implicit.stat_2387423236"",""disabled"":false},{""id"":""implicit.stat_1037193709"",""disabled"":false},{""id"":""fractured.stat_1037193709"",""disabled"":false},{""id"":""fractured.stat_2387423236"",""disabled"":false},{""id"":""enchant.stat_1037193709"",""disabled"":false},{""id"":""scourge.stat_1037193709"",""disabled"":false},{""id"":""crafted.stat_2387423236"",""disabled"":false},{""id"":""crafted.stat_1037193709"",""disabled"":false}],""value"":{""min"":1}},{""type"":""not"",""filters"":[{""id"":""pseudo.pseudo_adds_cold_damage"",""disabled"":false}]}],""filters"":{""trade_filters"":{""disabled"":true,""filters"":{""sale_type"":{""option"":""any""}}}}}"
e007,"adds_cold_to_attacks v2, complete: whether any listed item shows `Adds # to # Cold Damage to Attacks` while carrying none of its 4 rows (16 ids). None found: the rows are all the site counts. Any found: its lines name what is missing",c1 and c2: a `not` group over every id of a row finds what it should,Standard,https://www.pathofexile.com/trade/search/Standard/H4sIAAAAAAAAA5WUYWvDIBCG_4ufQzEmxLV_ZQS56aWT2Rj0Ai0h_302HVsTyjB-Ee587rxXXicWCWiM7DQxP5D1PTsx6G9sLpZMSrxPjG4DLnHDCtZZRxgeCWtSeIg4Gn94bAqMiUp7Z5SBC5xRUYoRgf6KCTY2wofDhHXgIs7tXPyW7z29Ko_XwVlt6XC_j6p5I3kjalG_qFb8IPayG-kCaBoDmh2MDtDRLmI9S8krWR4ryY_Zs2Qhm1myGOz1J_R7ukTtx3DGHcRKr7xbrfVqGiFLyXmTr1cOsu4iqjdZi0pU-V2ykM2rZDErxf4l2rl98k7yVACD6inwB1AYcXU2gks2XUy4_QXu6xvlGdvbJAQAAA,"{""status"":{""option"":""any""},""stats"":[{""type"":""and"",""filters"":[{""id"":""pseudo.pseudo_adds_cold_damage_to_attacks"",""disabled"":false}]},{""type"":""not"",""filters"":[{""id"":""explicit.stat_4067062424"",""disabled"":false},{""id"":""implicit.stat_4067062424"",""disabled"":false},{""id"":""fractured.stat_4067062424"",""disabled"":false},{""id"":""crafted.stat_4067062424"",""disabled"":false},{""id"":""explicit.stat_1037193709"",""disabled"":false},{""id"":""implicit.stat_1037193709"",""disabled"":false},{""id"":""fractured.stat_1037193709"",""disabled"":false},{""id"":""enchant.stat_1037193709"",""disabled"":false},{""id"":""scourge.stat_1037193709"",""disabled"":false},{""id"":""crafted.stat_1037193709"",""disabled"":false},{""id"":""explicit.stat_1662717006"",""disabled"":false},{""id"":""implicit.stat_1662717006"",""disabled"":false},{""id"":""explicit.stat_2387423236"",""disabled"":false},{""id"":""implicit.stat_2387423236"",""disabled"":false},{""id"":""fractured.stat_2387423236"",""disabled"":false},{""id"":""crafted.stat_2387423236"",""disabled"":false}]}],""filters"":{""trade_filters"":{""disabled"":true,""filters"":{""sale_type"":{""option"":""any""}}}}}"
e008,"adds_cold_to_attacks v2, sound: whether any listed item carries a row — a count of its rows — while showing no `Adds # to # Cold Damage to Attacks`. None found: every row is counted wherever it appears. Any found: a row, a twin or an id the site does not count","c4 and d02: a pseudo inside a `not` group, beside a count or a sum, finds what it should",Standard,https://www.pathofexile.com/trade/search/Standard/H4sIAAAAAAAAA5WU22rDMAyG38XXoSROiNe-yhhGs5XOzDlgy2Ul5N3ntGWbQxmObwySPv2SjDwzT0DBs9PMxonMOLATg-HKluLmiY7XmdF1wmhXYxiIFawzltDdXUZHB35N1ihDhxWRTdmKsuUNb2KsNh7eLcaoDqzHpXggpt-NdA4UBYd6B6McdLSLSHupylpUx1qUx-xespBNL1kMDuoDhj0qPr6YO-MOIplXXlXpvNqWi0qUZZs_rxwkVeH1i2h4zet8lSxk8ypZTDKxf4m3gl3ABlx3rTdx0aplzfJYrmF8ulqTx6DHw_2SoLWXarRaaujhjJKijQjUp38muEr-ZIxKDjTKP4ZfgFzAJNaDjdlvpW1_hvV8A7w3hUQ4BAAA,"{""status"":{""option"":""any""},""stats"":[{""type"":""count"",""filters"":[{""id"":""explicit.stat_4067062424"",""disabled"":false},{""id"":""implicit.stat_4067062424"",""disabled"":false},{""id"":""fractured.stat_4067062424"",""disabled"":false},{""id"":""crafted.stat_4067062424"",""disabled"":false},{""id"":""explicit.stat_1037193709"",""disabled"":false},{""id"":""implicit.stat_1037193709"",""disabled"":false},{""id"":""fractured.stat_1037193709"",""disabled"":false},{""id"":""enchant.stat_1037193709"",""disabled"":false},{""id"":""scourge.stat_1037193709"",""disabled"":false},{""id"":""crafted.stat_1037193709"",""disabled"":false},{""id"":""explicit.stat_1662717006"",""disabled"":false},{""id"":""implicit.stat_1662717006"",""disabled"":false},{""id"":""explicit.stat_2387423236"",""disabled"":false},{""id"":""implicit.stat_2387423236"",""disabled"":false},{""id"":""fractured.stat_2387423236"",""disabled"":false},{""id"":""crafted.stat_2387423236"",""disabled"":false}],""value"":{""min"":1}},{""type"":""not"",""filters"":[{""id"":""pseudo.pseudo_adds_cold_damage_to_attacks"",""disabled"":false}]}],""filters"":{""trade_filters"":{""disabled"":true,""filters"":{""sale_type"":{""option"":""any""}}}}}"
e009,"adds_cold_to_spells v2, complete: whether any listed item shows `Adds # to # Cold Damage to Spells` while carrying none of its 3 rows (11 ids). None found: the rows are all the site counts. Any found: its lines name what is missing",c1 and c2: a `not` group over every id of a row finds what it should,Standard,https://www.pathofexile.com/trade/search/Standard/H4sIAAAAAAAAA5WT4YrDIBCE38XfoTQmmGtf5Qiyp5si2Ci6QkvIu59Nj7smlMP4R5jxWx0YJxYJKEV2npjzZNzIzgzGO5urxcnG58To7nHRNavYYCxheBpGZ9lHTNodnpsEraNUzmqp4QoXlORk9GhtzKw2Eb4sZmoAG3Hu5-p3-ujo3XS8eWuUocPjOZK34tTWouOnN9OqH8RcdyNDAEUpoN7BROVSuOAOQgUYaNcdm_TNR9fyhjeiPH0Jsk1fwqyzlBDrLLUQvKu747E8y79IP_cv7cmtCqBRvgh_AIWEq7MRbO7pUsPtN3isb71XnOslAwAA,"{""status"":{""option"":""any""},""stats"":[{""type"":""and"",""filters"":[{""id"":""pseudo.pseudo_adds_cold_damage_to_spells"",""disabled"":false}]},{""type"":""not"",""filters"":[{""id"":""explicit.stat_2469416729"",""disabled"":false},{""id"":""implicit.stat_2469416729"",""disabled"":false},{""id"":""fractured.stat_2469416729"",""disabled"":false},{""id"":""scourge.stat_2469416729"",""disabled"":false},{""id"":""crafted.stat_2469416729"",""disabled"":false},{""id"":""explicit.stat_2387423236"",""disabled"":false},{""id"":""implicit.stat_2387423236"",""disabled"":false},{""id"":""fractured.stat_2387423236"",""disabled"":false},{""id"":""crafted.stat_2387423236"",""disabled"":false},{""id"":""explicit.stat_1662717006"",""disabled"":false},{""id"":""implicit.stat_1662717006"",""disabled"":false}]}],""filters"":{""trade_filters"":{""disabled"":true,""filters"":{""sale_type"":{""option"":""any""}}}}}"
e010,"adds_cold_to_spells v2, sound: whether any listed item carries a row — a count of its rows — while showing no `Adds # to # Cold Damage to Spells`. None found: every row is counted wherever it appears. Any found: a row, a twin or an id the site does not count","c4 and d02: a pseudo inside a `not` group, beside a count or a sum, finds what it should",Standard,https://www.pathofexile.com/trade/search/Standard/H4sIAAAAAAAAA5WTYWvDIBCG_4ufQ2lMMGv_yhhy00sRTAx6lpWQ_z5ty7aEMoxfBN977r0XzpkFAoqBnWfmJjJuZGcG440t1V1JwvvM6DZhelcujsQq1htL6B-S0UnAr8kaZeiQEclbcWpr0fFTqtUmwKfFVNWDDbhUT8QMu5Heg6LoUe9gQprZX3AHoTz0tMtjk75561re8EaUpy9BtulLmHWWEmKdpRaCd3V3PJZn-Rf5qNgVbMS8bYNJq1Yvuc1zvUb3crmmgFG7w-OSoHWQylktNQxwQUlOhgmtDa_8suNPw2TkQaP88_ALkI-4qg1gU_P7ZNuvkc838Ljq4zkDAAA,"{""status"":{""option"":""any""},""stats"":[{""type"":""count"",""filters"":[{""id"":""explicit.stat_2469416729"",""disabled"":false},{""id"":""implicit.stat_2469416729"",""disabled"":false},{""id"":""fractured.stat_2469416729"",""disabled"":false},{""id"":""scourge.stat_2469416729"",""disabled"":false},{""id"":""crafted.stat_2469416729"",""disabled"":false},{""id"":""explicit.stat_2387423236"",""disabled"":false},{""id"":""implicit.stat_2387423236"",""disabled"":false},{""id"":""fractured.stat_2387423236"",""disabled"":false},{""id"":""crafted.stat_2387423236"",""disabled"":false},{""id"":""explicit.stat_1662717006"",""disabled"":false},{""id"":""implicit.stat_1662717006"",""disabled"":false}],""value"":{""min"":1}},{""type"":""not"",""filters"":[{""id"":""pseudo.pseudo_adds_cold_damage_to_spells"",""disabled"":false}]}],""filters"":{""trade_filters"":{""disabled"":true,""filters"":{""sale_type"":{""option"":""any""}}}}}"
e011,"adds_lightning v1, sound: whether any listed item carries a row — a count of its rows — while showing no `Adds # to # Lightning Damage`. None found: every row is counted wherever it appears. Any found: a row, a twin or an id the site does not count","c4 and d02: a pseudo inside a `not` group, beside a count or a sum, finds what it should",Standard,https://www.pathofexile.com/trade/search/Standard/H4sIAAAAAAAAA5WS0WrEIBBF_2Wew5KtS2j3V0qRqU6ygtGgY-kS8u_VprTNEpbVF2Hmnrmj3BkiI6cI5xn8xMY7OAO6KyzNdyc3Xmfg60S5rnxyDA30xjKFtWV0btDnZI0yfCiIFEJ0zy-tEKes1Sbiu6Ws6tFGWppd5JjFbdc-nbo7iBmrXbbIQy59QMUpkK6wuWEe8iGnLuhqHhPz_4eBKggVsOeqrTbEXY-3Bj7QJirJGU2OzXEpU36i4vxuUKZISfvDeknUOkprhgs74wapccSB9qyK2e-s7BFQk_xX-AM4JNpoI1qS61K3CS_nCwAYEAIAAwAA,"{""status"":{""option"":""any""},""stats"":[{""type"":""count"",""filters"":[{""id"":""explicit.stat_3336890334"",""disabled"":false},{""id"":""explicit.stat_1334060246"",""disabled"":false},{""id"":""implicit.stat_3336890334"",""disabled"":false},{""id"":""implicit.stat_1334060246"",""disabled"":false},{""id"":""fractured.stat_3336890334"",""disabled"":false},{""id"":""fractured.stat_1334060246"",""disabled"":false},{""id"":""enchant.stat_3336890334"",""disabled"":false},{""id"":""scourge.stat_3336890334"",""disabled"":false},{""id"":""crafted.stat_1334060246"",""disabled"":false},{""id"":""crafted.stat_3336890334"",""disabled"":false}],""value"":{""min"":1}},{""type"":""not"",""filters"":[{""id"":""pseudo.pseudo_adds_lightning_damage"",""disabled"":false}]}],""filters"":{""trade_filters"":{""disabled"":true,""filters"":{""sale_type"":{""option"":""any""}}}}}"
e012,"adds_lightning_to_attacks v2, complete: whether any listed item shows `Adds # to # Lightning Damage to Attacks` while carrying none of its 4 rows (16 ids). None found: the rows are all the site counts. Any found: its lines name what is missing",c1 and c2: a `not` group over every id of a row finds what it should,Standard,https://www.pathofexile.com/trade/search/Standard/H4sIAAAAAAAAA5WUbWuDMBDHv0teS7EanetXGRJuyWnD0ijJCS3id19qx1aljCRvAvfP7564y8w8AU2enWY2jKQHy04M7I0t2aoE4WNmdBtxtSuWsU4bQvcQtArm0eOkhsPjEqCUF0b3Z7La9kLBBXoUFAQikF8-eFDaw6fBwHZgPC7tkv3GsAO9ioHX0Wip6XBPShzfKs55VVX1C2_ZD6IvyUjnQNLkUCUw0kFHScS2lrIs6-Y9L0seXUsUsqslikErz2BTong5TK7HBGLTr7isNv0qmqY6cl7WRXS_opDdhIWU8joveMKExSD7CYththP2H9Eu7dPuhJ1yoFA8Gf4AchNu3nowYU3XJdx_BffzDZoIYacpBAAA,"{""status"":{""option"":""any""},""stats"":[{""type"":""and"",""filters"":[{""id"":""pseudo.pseudo_adds_lightning_damage_to_attacks"",""disabled"":false}]},{""type"":""not"",""filters"":[{""id"":""explicit.stat_1754445556"",""disabled"":false},{""id"":""implicit.stat_1754445556"",""disabled"":false},{""id"":""fractured.stat_1754445556"",""disabled"":false},{""id"":""crafted.stat_1754445556"",""disabled"":false},{""id"":""explicit.stat_3336890334"",""disabled"":false},{""id"":""implicit.stat_3336890334"",""disabled"":false},{""id"":""fractured.stat_3336890334"",""disabled"":false},{""id"":""enchant.stat_3336890334"",""disabled"":false},{""id"":""scourge.stat_3336890334"",""disabled"":false},{""id"":""crafted.stat_3336890334"",""disabled"":false},{""id"":""explicit.stat_2885144362"",""disabled"":false},{""id"":""implicit.stat_2885144362"",""disabled"":false},{""id"":""explicit.stat_1334060246"",""disabled"":false},{""id"":""implicit.stat_1334060246"",""disabled"":false},{""id"":""fractured.stat_1334060246"",""disabled"":false},{""id"":""crafted.stat_1334060246"",""disabled"":false}]}],""filters"":{""trade_filters"":{""disabled"":true,""filters"":{""sale_type"":{""option"":""any""}}}}}"
e013,"adds_lightning_to_attacks v2, sound: whether any listed item carries a row — a count of its rows — while showing no `Adds # to # Lightning Damage to Attacks`. None found: every row is counted wherever it appears. Any found: a row, a twin or an id the site does not count","c4 and d02: a pseudo inside a `not` group, beside a count or a sum, finds what it should",Standard,https://www.pathofexile.com/trade/search/Standard/H4sIAAAAAAAAA5WU226DMAyG3yXXqOIQWNdXmarISwyNFgJKnGkV4t0X2mobqJpCbpDy-_MJOxPzBBQ8O01sGEkPlp0Y2Cubs5sShbeJ0XXEeC-HYIllrNWG0N0lraKAX6PRUtNhQUTxUnPO67puoq3SHt4NRqsWjMc5eyC63420DiQFh2oHIx20tItY11JVVXN8zauKJ9eShGxqSWLQygvYPVF8_GOuwx3Eql9pWa36VR6PdcF51ZTJ_UpCNhMWU8qbvOQ7JiwF2U5YCrOesP-Ic8Y-wQRcdq3XcdGKefHyWC47PF2t0WNQw-H-EaCUF0Z3F7LadkJBDx0KigIRyA__LOoS98dtDOdAofhz8QuQC7iy9WCi91t-2-dhOd8CBYSRPQQAAA,"{""status"":{""option"":""any""},""stats"":[{""type"":""count"",""filters"":[{""id"":""explicit.stat_1754445556"",""disabled"":false},{""id"":""implicit.stat_1754445556"",""disabled"":false},{""id"":""fractured.stat_1754445556"",""disabled"":false},{""id"":""crafted.stat_1754445556"",""disabled"":false},{""id"":""explicit.stat_3336890334"",""disabled"":false},{""id"":""implicit.stat_3336890334"",""disabled"":false},{""id"":""fractured.stat_3336890334"",""disabled"":false},{""id"":""enchant.stat_3336890334"",""disabled"":false},{""id"":""scourge.stat_3336890334"",""disabled"":false},{""id"":""crafted.stat_3336890334"",""disabled"":false},{""id"":""explicit.stat_2885144362"",""disabled"":false},{""id"":""implicit.stat_2885144362"",""disabled"":false},{""id"":""explicit.stat_1334060246"",""disabled"":false},{""id"":""implicit.stat_1334060246"",""disabled"":false},{""id"":""fractured.stat_1334060246"",""disabled"":false},{""id"":""crafted.stat_1334060246"",""disabled"":false}],""value"":{""min"":1}},{""type"":""not"",""filters"":[{""id"":""pseudo.pseudo_adds_lightning_damage_to_attacks"",""disabled"":false}]}],""filters"":{""trade_filters"":{""disabled"":true,""filters"":{""sale_type"":{""option"":""any""}}}}}"
e014,"adds_lightning_to_spells v2, complete: whether any listed item shows `Adds # to # Lightning Damage to Spells` while carrying none of its 3 rows (11 ids). None found: the rows are all the site counts. Any found: its lines name what is missing",c1 and c2: a `not` group over every id of a row finds what it should,Standard,https://www.pathofexile.com/trade/search/Standard/H4sIAAAAAAAAA5WTYWvDIBCG_4ufQ2mizUr_yghyi5dMsCp6wkrIf59Nx9aEMqJfhDufu3u514lFAkqRXSbmPGln2YWBvbG5WjI58T4xunlc4opVbNCGMDwSWuWwj5iUOzwuCUpFafT4SVbbUSq4woiSnIwejYm5gNIRPgxmdAATce7m6reFdfSqBX55o3tNh_tMsjnzum5P_E28qFb9IPpajAwBekoBVQETe5fCiAVEH2Cgoh5r9TXn4tgeG9HuVr8L2ajfxay07CK2mzyfaiF42xRs8h-km7sn92RXBVAonwJ_AIWEq7cRTPbpYsPtX7ifb7x3AgQqAwAA,"{""status"":{""option"":""any""},""stats"":[{""type"":""and"",""filters"":[{""id"":""pseudo.pseudo_adds_lightning_damage_to_spells"",""disabled"":false}]},{""type"":""not"",""filters"":[{""id"":""explicit.stat_2831165374"",""disabled"":false},{""id"":""implicit.stat_2831165374"",""disabled"":false},{""id"":""fractured.stat_2831165374"",""disabled"":false},{""id"":""scourge.stat_2831165374"",""disabled"":false},{""id"":""crafted.stat_2831165374"",""disabled"":false},{""id"":""explicit.stat_1334060246"",""disabled"":false},{""id"":""implicit.stat_1334060246"",""disabled"":false},{""id"":""fractured.stat_1334060246"",""disabled"":false},{""id"":""crafted.stat_1334060246"",""disabled"":false},{""id"":""explicit.stat_2885144362"",""disabled"":false},{""id"":""implicit.stat_2885144362"",""disabled"":false}]}],""filters"":{""trade_filters"":{""disabled"":true,""filters"":{""sale_type"":{""option"":""any""}}}}}"
e015,"adds_lightning_to_spells v2, sound: whether any listed item carries a row — a count of its rows — while showing no `Adds # to # Lightning Damage to Spells`. None found: every row is counted wherever it appears. Any found: a row, a twin or an id the site does not count","c4 and d02: a pseudo inside a `not` group, beside a count or a sum, finds what it should",Standard,https://www.pathofexile.com/trade/search/Standard/H4sIAAAAAAAAA5WTYWvDIBCG_4ufQ2limpX-lTHkFi-ZYFT0HCsh_33alm0JZUS_CN49995xrzMLBBQDu8zMOlLWsAsDc2VLdYukwOvM6Oowvfc2GmIVG5Qm9PeQkimAX06rXtEhI6I587ruTvylTblSBXjXmLIG0AGX6oGoqRgZPPQUPcoCJqSe_YgFRO9hoCKN9fQ15-2xOzZtt3v6Xchm-l3MapZdxHaT51PdtrxrCjb5D_JWsU_QEbPbJpWsVi-5zMNexj41lwsYpT3cLwFSBqHV-EFGmVFImGBEQVYEh1qHZ6JZ9qdqUvMgUfx5-AXIR1zlBtCp-K297f_I5xsT6AIOPgMAAA,"{""status"":{""option"":""any""},""stats"":[{""type"":""count"",""filters"":[{""id"":""explicit.stat_2831165374"",""disabled"":false},{""id"":""implicit.stat_2831165374"",""disabled"":false},{""id"":""fractured.stat_2831165374"",""disabled"":false},{""id"":""scourge.stat_2831165374"",""disabled"":false},{""id"":""crafted.stat_2831165374"",""disabled"":false},{""id"":""explicit.stat_1334060246"",""disabled"":false},{""id"":""implicit.stat_1334060246"",""disabled"":false},{""id"":""fractured.stat_1334060246"",""disabled"":false},{""id"":""crafted.stat_1334060246"",""disabled"":false},{""id"":""explicit.stat_2885144362"",""disabled"":false},{""id"":""implicit.stat_2885144362"",""disabled"":false}],""value"":{""min"":1}},{""type"":""not"",""filters"":[{""id"":""pseudo.pseudo_adds_lightning_damage_to_spells"",""disabled"":false}]}],""filters"":{""trade_filters"":{""disabled"":true,""filters"":{""sale_type"":{""option"":""any""}}}}}"
e016,"adds_physical v1, sound: whether any listed item carries a row — a count of its rows — while showing no `Adds # to # Physical Damage`. None found: every row is counted wherever it appears. Any found: a row, a twin or an id the site does not count","c4 and d02: a pseudo inside a `not` group, beside a count or a sum, finds what it should",Standard,https://www.pathofexile.com/trade/search/Standard/H4sIAAAAAAAAA51S7WrEIBB8l_0djoTe96uUQ7a6uQomiruWhpB3rzblPkood_WPsDOzMziOwIKSGI4j-CDW93AE7AeYqm8kA68jyBAoz7VPvUAFrXVCcYasyQB9Bme1lVWRqOawrvfbzW7TZK6xjG-OMqtFxzRVi5LDtq73ze6l_kNhu6dN2ohaUiTzf80jyTg_TDzTEyY6YisPxTpV8IEuUSmos7mdZipbfhrp_WIfgSkZv5ovhcawCu8DW41OGezwTEtOxeuyKltENKRuBleBxER3XEZHas70-x-V8wWKu6bjZgIAAA,"{""status"":{""option"":""any""},""stats"":[{""type"":""count"",""filters"":[{""id"":""explicit.stat_1940865751"",""disabled"":false},{""id"":""explicit.stat_960081730"",""disabled"":false},{""id"":""implicit.stat_1940865751"",""disabled"":false},{""id"":""fractured.stat_1940865751"",""disabled"":false},{""id"":""fractured.stat_960081730"",""disabled"":false},{""id"":""scourge.stat_1940865751"",""disabled"":false},{""id"":""crafted.stat_1940865751"",""disabled"":false}],""value"":{""min"":1}},{""type"":""not"",""filters"":[{""id"":""pseudo.pseudo_adds_physical_damage"",""disabled"":false}]}],""filters"":{""trade_filters"":{""disabled"":true,""filters"":{""sale_type"":{""option"":""any""}}}}}"
e017,"adds_physical_to_attacks v2, complete: whether any listed item shows `Adds # to # Physical Damage to Attacks` while carrying none of its 3 rows (11 ids). None found: the rows are all the site counts. Any found: its lines name what is missing",c1 and c2: a `not` group over every id of a row finds what it should,Standard,https://www.pathofexile.com/trade/search/Standard/H4sIAAAAAAAAA5WTYWvDIBCG_4ufQzHLkib9KyPITS-dzEbRExZC_vtsOramlGH8Irznc3cvvM4sEFAM7DQz60jbkZ0YjBNbirWSCm8zo8nhqitWsEEbQn8raJVkFzAqe7hdApQKwn1MQUswQsEFzigo6UQgP0NqoHSAd4MJHcAEXPql-B0xWno2Ar-c0VLT4bqTqHj1Une8adsn3YofRF92I4MHSdGj2sFIDwPtIrZeyu6Vt019rMtsL1nIg5csJkgb_Rl3EBv3WcTWfddw3pbHiuc7-Q_pl_4uPClUHhSKO-EPIB9x8zaASTldU_j4Fa7nGw7bV-0pAwAA,"{""status"":{""option"":""any""},""stats"":[{""type"":""and"",""filters"":[{""id"":""pseudo.pseudo_adds_physical_damage_to_attacks"",""disabled"":false}]},{""type"":""not"",""filters"":[{""id"":""explicit.stat_3032590688"",""disabled"":false},{""id"":""implicit.stat_3032590688"",""disabled"":false},{""id"":""fractured.stat_3032590688"",""disabled"":false},{""id"":""crafted.stat_3032590688"",""disabled"":false},{""id"":""explicit.stat_1940865751"",""disabled"":false},{""id"":""implicit.stat_1940865751"",""disabled"":false},{""id"":""fractured.stat_1940865751"",""disabled"":false},{""id"":""scourge.stat_1940865751"",""disabled"":false},{""id"":""crafted.stat_1940865751"",""disabled"":false},{""id"":""explicit.stat_960081730"",""disabled"":false},{""id"":""fractured.stat_960081730"",""disabled"":false}]}],""filters"":{""trade_filters"":{""disabled"":true,""filters"":{""sale_type"":{""option"":""any""}}}}}"
e018,"adds_physical_to_attacks v2, sound: whether any listed item carries a row — a count of its rows — while showing no `Adds # to # Physical Damage to Attacks`. None found: every row is counted wherever it appears. Any found: a row, a twin or an id the site does not count","c4 and d02: a pseudo inside a `not` group, beside a count or a sum, finds what it should",Standard,https://www.pathofexile.com/trade/search/Standard/H4sIAAAAAAAAA5WT0W6EIBBF_4Vns8FaXd1faRoyhXFLikpgaGqM_17Y3bR1s2mQF5O5c2a45rIwT0DBs9PCJkt6GtmJwTiztbgoUXhZGM0WY11OYSRWsF4bQneVtIoCflmjpaZDQkTFq6e6403bxl6lPbwZjF09GI9rcUP0sBvpHUgKDtUORjroaRex9VJ2z7xt6mNdZnvJQu68ZDE-_n93xh3Exn0WsXXfNZy35bHi-U7-Q14L9gkmYArboGPSyjWNuaVrnB5my3oMajpcPwKU8sK-z15LMELBAGcUFOtEID_8o6Vp7c_UuM2BQvGn8AuQC7jp9WDi9Mv17p9HOt-dP7ynPQMAAA,"{""status"":{""option"":""any""},""stats"":[{""type"":""count"",""filters"":[{""id"":""explicit.stat_3032590688"",""disabled"":false},{""id"":""implicit.stat_3032590688"",""disabled"":false},{""id"":""fractured.stat_3032590688"",""disabled"":false},{""id"":""crafted.stat_3032590688"",""disabled"":false},{""id"":""explicit.stat_1940865751"",""disabled"":false},{""id"":""implicit.stat_1940865751"",""disabled"":false},{""id"":""fractured.stat_1940865751"",""disabled"":false},{""id"":""scourge.stat_1940865751"",""disabled"":false},{""id"":""crafted.stat_1940865751"",""disabled"":false},{""id"":""explicit.stat_960081730"",""disabled"":false},{""id"":""fractured.stat_960081730"",""disabled"":false}],""value"":{""min"":1}},{""type"":""not"",""filters"":[{""id"":""pseudo.pseudo_adds_physical_damage_to_attacks"",""disabled"":false}]}],""filters"":{""trade_filters"":{""disabled"":true,""filters"":{""sale_type"":{""option"":""any""}}}}}"
e019,"adds_physical_to_spells v2, complete: whether any listed item shows `Adds # to # Physical Damage to Spells` while carrying none of its 2 rows (6 ids). None found: the rows are all the site counts. Any found: its lines name what is missing",c1 and c2: a `not` group over every id of a row finds what it should,Standard,https://www.pathofexile.com/trade/search/Standard/H4sIAAAAAAAAA5WS0WrDMAxF_0XPoaRLm639lRGMGimdwY2NJUNDyL_PTcfWjlIavwju9bFkSSOIoiaB_Qg-qPU97AH7AaZidrLxOYIOgWedoIDOOuV4NSxlOQgn8qtrMEgkJnwNYlt0hvCERzbqjQR2TjJPVvDgOJMdOuGpmYrfDL3XRxn4HJxtra4uJZm3TbXdVvWuXj94rfhB7Gkx0kVsNUWmBYy0PsUjLyDu_7Kry_Jj_V6Vr9f1DGmm5qZ9ua0Ric2N8AdoTHx3V9DlQc1z-L8Ll_MNZaxgiSoCAAA,"{""status"":{""option"":""any""},""stats"":[{""type"":""and"",""filters"":[{""id"":""pseudo.pseudo_adds_physical_damage_to_spells"",""disabled"":false}]},{""type"":""not"",""filters"":[{""id"":""explicit.stat_2435536961"",""disabled"":false},{""id"":""implicit.stat_2435536961"",""disabled"":false},{""id"":""fractured.stat_2435536961"",""disabled"":false},{""id"":""scourge.stat_2435536961"",""disabled"":false},{""id"":""explicit.stat_960081730"",""disabled"":false},{""id"":""fractured.stat_960081730"",""disabled"":false}]}],""filters"":{""trade_filters"":{""disabled"":true,""filters"":{""sale_type"":{""option"":""any""}}}}}"
e020,"adds_physical_to_spells v2, sound: whether any listed item carries a row — a count of its rows — while showing no `Adds # to # Physical Damage to Spells`. None found: every row is counted wherever it appears. Any found: a row, a twin or an id the site does not count","c4 and d02: a pseudo inside a `not` group, beside a count or a sum, finds what it should",Standard,https://www.pathofexile.com/trade/search/Standard/H4sIAAAAAAAAA5WS0WrDMAxF_0XPoSRNm639lVKMGiudwYmNJZeGkH-f3ZZtHWUsfjHo6ujKF0_AghIZ9hM4L8YNsAccRpiLm5KEwwQyekr11sVBoIDOWKFwl4xOAl29Na2RVUbUelNvt3Wza6rUqw3jyVLq6tAyzcUDMf1ipAvYSgykFzCcdg5nWkA8v2XXlOV79VaX_9_rL-RYwAVtpBx3b1LW1ZzHPPId3Mt0PVPUbnW_FGrNyn-MbFq0SmOPZ1LiFHuyll95ZtevocksoCb1o_ANSIj01Mto0_Dbdr__Rz6fQ_HdQT4CAAA,"{""status"":{""option"":""any""},""stats"":[{""type"":""count"",""filters"":[{""id"":""explicit.stat_2435536961"",""disabled"":false},{""id"":""implicit.stat_2435536961"",""disabled"":false},{""id"":""fractured.stat_2435536961"",""disabled"":false},{""id"":""scourge.stat_2435536961"",""disabled"":false},{""id"":""explicit.stat_960081730"",""disabled"":false},{""id"":""fractured.stat_960081730"",""disabled"":false}],""value"":{""min"":1}},{""type"":""not"",""filters"":[{""id"":""pseudo.pseudo_adds_physical_damage_to_spells"",""disabled"":false}]}],""filters"":{""trade_filters"":{""disabled"":true,""filters"":{""sale_type"":{""option"":""any""}}}}}"
e021,"adds_chaos v1, sound: whether any listed item carries a row — a count of its rows — while showing no `Adds # to # Chaos Damage`. None found: every row is counted wherever it appears. Any found: a row, a twin or an id the site does not count","c4 and d02: a pseudo inside a `not` group, beside a count or a sum, finds what it should",Standard,https://www.pathofexile.com/trade/search/Standard/H4sIAAAAAAAAA6VS7WrDMAx8F_0OpXHWru2rlGK0WOkMjh0seayEvPvsZeyLUFrqPwbdne7weQQWlMRwGCEMYoOHA6C_wFR9Ihk4jiCXgfK8DckLVNBZJxRnyJoM0PvgbGtlVSS62TS12q2flMpcYxlfHGVWh45pqhYlSqlm-7zbb-srEts_KLkpWBexlRTJ3GFDvn1Ff08wzm8Zz3SD4lTBG7pEpaHe5nrqqWz5qsSHxUIGpmTCar40GsM6JwysDfZ4piWbYvS9J--PaEj_GvwIJCb6w2V0pOdA_39ROR96FdIzZAIAAA,"{""status"":{""option"":""any""},""stats"":[{""type"":""count"",""filters"":[{""id"":""explicit.stat_3531280422"",""disabled"":false},{""id"":""explicit.stat_2223678961"",""disabled"":false},{""id"":""implicit.stat_2223678961"",""disabled"":false},{""id"":""implicit.stat_3531280422"",""disabled"":false},{""id"":""fractured.stat_2223678961"",""disabled"":false},{""id"":""enchant.stat_2223678961"",""disabled"":false},{""id"":""scourge.stat_2223678961"",""disabled"":false}],""value"":{""min"":1}},{""type"":""not"",""filters"":[{""id"":""pseudo.pseudo_adds_chaos_damage"",""disabled"":false}]}],""filters"":{""trade_filters"":{""disabled"":true,""filters"":{""sale_type"":{""option"":""any""}}}}}"
e022,"adds_chaos_to_attacks v2, complete: whether any listed item shows `Adds # to # Chaos Damage to Attacks` while carrying none of its 3 rows (11 ids). None found: the rows are all the site counts. Any found: its lines name what is missing",c1 and c2: a `not` group over every id of a row finds what it should,Standard,https://www.pathofexile.com/trade/search/Standard/H4sIAAAAAAAAA5WT3YrDIBCF38XrULbmp92-yhJkViddWRuDM8KWkHdfm5ZuU8pivBHO-M148DgKYuBI4jAKP7D1vTgI6M9iKuZKKnyMgs8DzroRheisYwzXgjVJHgij8ZvrpsAYUvoLPCkDJzii4iQyg_6mRBtL8OkwcR04wqmdinv_3vOr_vgzOKstby4XUs2uquuyqpoXzYobYU9riS6A5hjQ5CM6QMdrgKUPKWXZ7PbvzTbbSBby5CSLwT49WL9mCmkfwxHXzFi4L-tyK_dvlZTZ7v9F2ql9SE5KVACD6kH4AzhEXJwlcCmkcwSfP8Fl_QIPp8oSIwMAAA,"{""status"":{""option"":""any""},""stats"":[{""type"":""and"",""filters"":[{""id"":""pseudo.pseudo_adds_chaos_damage_to_attacks"",""disabled"":false}]},{""type"":""not"",""filters"":[{""id"":""explicit.stat_674553446"",""disabled"":false},{""id"":""implicit.stat_674553446"",""disabled"":false},{""id"":""fractured.stat_674553446"",""disabled"":false},{""id"":""crafted.stat_674553446"",""disabled"":false},{""id"":""explicit.stat_2223678961"",""disabled"":false},{""id"":""implicit.stat_2223678961"",""disabled"":false},{""id"":""fractured.stat_2223678961"",""disabled"":false},{""id"":""enchant.stat_2223678961"",""disabled"":false},{""id"":""scourge.stat_2223678961"",""disabled"":false},{""id"":""explicit.stat_3531280422"",""disabled"":false},{""id"":""implicit.stat_3531280422"",""disabled"":false}]}],""filters"":{""trade_filters"":{""disabled"":true,""filters"":{""sale_type"":{""option"":""any""}}}}}"
e023,"adds_chaos_to_attacks v2, sound: whether any listed item carries a row — a count of its rows — while showing no `Adds # to # Chaos Damage to Attacks`. None found: every row is counted wherever it appears. Any found: a row, a twin or an id the site does not count","c4 and d02: a pseudo inside a `not` group, beside a count or a sum, finds what it should",Standard,https://www.pathofexile.com/trade/search/Standard/H4sIAAAAAAAAA5WT3W7DIAyF34XrqFrIT7u-yjQhD5wOjUAEZloV5d3ntNW2VNWUcINk-_PhgBlFIqCcxHEUYSAbvDgK8GcxFZcMJ15GQecBOa5D9iQK0VlHGK8paziBX4Oz2tJuRlS7r5umquuWS41N8OaQizpwCafiRth-K9FF0JQjmvWIjtDRFmDpQ0pZtfvDc1uuNrIKuXOyikGv38FvUUn8WvGEWzQW7qumKuXhqZZytft_kddCfILLOE9ab3nMymlucxstHx4O1pAwm7C7bgqMSYrvISRloIcTKuIgEeiP9Ehx1vxpyVIRDKo_gV-AYsZFbQLH3S9nu_8Y8_oGWFkowjcDAAA,"{""status"":{""option"":""any""},""stats"":[{""type"":""count"",""filters"":[{""id"":""explicit.stat_674553446"",""disabled"":false},{""id"":""implicit.stat_674553446"",""disabled"":false},{""id"":""fractured.stat_674553446"",""disabled"":false},{""id"":""crafted.stat_674553446"",""disabled"":false},{""id"":""explicit.stat_2223678961"",""disabled"":false},{""id"":""implicit.stat_2223678961"",""disabled"":false},{""id"":""fractured.stat_2223678961"",""disabled"":false},{""id"":""enchant.stat_2223678961"",""disabled"":false},{""id"":""scourge.stat_2223678961"",""disabled"":false},{""id"":""explicit.stat_3531280422"",""disabled"":false},{""id"":""implicit.stat_3531280422"",""disabled"":false}],""value"":{""min"":1}},{""type"":""not"",""filters"":[{""id"":""pseudo.pseudo_adds_chaos_damage_to_attacks"",""disabled"":false}]}],""filters"":{""trade_filters"":{""disabled"":true,""filters"":{""sale_type"":{""option"":""any""}}}}}"
e024,"adds_chaos_to_spells v2, complete: whether any listed item shows `Adds # to # Chaos Damage to Spells` while carrying none of its 2 rows (5 ids). None found: the rows are all the site counts. Any found: its lines name what is missing",c1 and c2: a `not` group over every id of a row finds what it should,Standard,https://www.pathofexile.com/trade/search/Standard/H4sIAAAAAAAAA5WRXQrCMBCE77LPRWpbQb2KlLB2txqITchuQSm9u7GKf4hoXgIz-YZhMoAoai-wHsAHtb6DNWB3gjGbnGRsBtBT4EknyKC1TjleDUtJDsI9-dn1MkgkptmjF0N4wB0b9UYCOycJJiu4dZywFp3wWI_ZPb7z-imej8HZxurs0scUZZ6Xq9VyUX1Iy26IPfyNtBEb7SPTH8xrs3JRzotlXhXFz82-IvVYP62RVopIbJ6EB6Cx55e3gi7tPs36_q-XcwZjeg8C9gEAAA,"{""status"":{""option"":""any""},""stats"":[{""type"":""and"",""filters"":[{""id"":""pseudo.pseudo_adds_chaos_damage_to_spells"",""disabled"":false}]},{""type"":""not"",""filters"":[{""id"":""explicit.stat_2300399854"",""disabled"":false},{""id"":""implicit.stat_2300399854"",""disabled"":false},{""id"":""fractured.stat_2300399854"",""disabled"":false},{""id"":""explicit.stat_3531280422"",""disabled"":false},{""id"":""implicit.stat_3531280422"",""disabled"":false}]}],""filters"":{""trade_filters"":{""disabled"":true,""filters"":{""sale_type"":{""option"":""any""}}}}}"
e025,"adds_chaos_to_spells v2, sound: whether any listed item carries a row — a count of its rows — while showing no `Adds # to # Chaos Damage to Spells`. None found: every row is counted wherever it appears. Any found: a row, a twin or an id the site does not count","c4 and d02: a pseudo inside a `not` group, beside a count or a sum, finds what it should",Standard,https://www.pathofexile.com/trade/search/Standard/H4sIAAAAAAAAA5VR7QrCMAx8l_weMjcF9VVESlwzLXRraVJRxt7dVsUvRLR_Crm73HEZgAUlMqwGcF6M62EF2J9gLC5IAtYDyMlTmjcu9gIFtMYKhStkdALo6K1pjEyyRFV1WdbL5WI-S1xtGLeWEqtFyzQWN4np_pa0ARuJgfQfmtdk9byeVotyVlU_J_sq2RRwQBspt9eZVN10zGtudfXuY1meKWo3uX4KtWbV7NGx0tjhjpQ4xZ6s5U-G2fK-MTkF1KSeBg-BhEgvXEabll-ivd86vzOSd60ECgIAAA,"{""status"":{""option"":""any""},""stats"":[{""type"":""count"",""filters"":[{""id"":""explicit.stat_2300399854"",""disabled"":false},{""id"":""implicit.stat_2300399854"",""disabled"":false},{""id"":""fractured.stat_2300399854"",""disabled"":false},{""id"":""explicit.stat_3531280422"",""disabled"":false},{""id"":""implicit.stat_3531280422"",""disabled"":false}],""value"":{""min"":1}},{""type"":""not"",""filters"":[{""id"":""pseudo.pseudo_adds_chaos_damage_to_spells"",""disabled"":false}]}],""filters"":{""trade_filters"":{""disabled"":true,""filters"":{""sale_type"":{""option"":""any""}}}}}"
e026,"adds_elemental v2, complete: whether any listed item shows `Adds # to # Elemental Damage` while carrying none of its 3 rows (30 ids). None found: the rows are all the site counts. Any found: its lines name what is missing",c1 and c2: a `not` group over every id of a row finds what it should,Standard,https://www.pathofexile.com/trade/search/Standard/H4sIAAAAAAAAA52V3YqDMBCF3yXXUqKxVfsqi4RZM3YD8YckQkvx3TdtYbcRKaPeCDP55kw4SebOnAc_OXa-s2H0eujZmUF_Y3PyzITE153524jPuGIJa7XxaF8JrUJ4dDip4fD6SVDKSTTYYe_BSAUdXDBgSjv4NhiAFozDuZ6Tv8L94NcK43U0utH-8OhEFrw68jLnp5ViySohspQXBT8ePxC626oRExSN1kLjJ4uKLrJAKCrYNz_Qb9iIa4bJXpAONBZav6WlCNjuX8pFkVYigGQkE2WRZyITdAd3IKTGFhbuYUitRb6TVCLjSURkJKmriNhhpBDiVFZciJx-XMJifuJZvuH2UlQW3lNUlteXIrM8LxSdyHuSSuQ9iYidpHQVvxOfNOq5fnv3wzywoFC-Bf4BbyeM1jowKF8DZDm7Ht8v_v8wotoGAAA,"{""status"":{""option"":""any""},""stats"":[{""type"":""and"",""filters"":[{""id"":""pseudo.pseudo_adds_elemental_damage"",""disabled"":false}]},{""type"":""not"",""filters"":[{""id"":""explicit.stat_709508406"",""disabled"":false},{""id"":""explicit.stat_321077055"",""disabled"":false},{""id"":""implicit.stat_709508406"",""disabled"":false},{""id"":""implicit.stat_321077055"",""disabled"":false},{""id"":""fractured.stat_709508406"",""disabled"":false},{""id"":""fractured.stat_321077055"",""disabled"":false},{""id"":""enchant.stat_709508406"",""disabled"":false},{""id"":""scourge.stat_709508406"",""disabled"":false},{""id"":""crafted.stat_321077055"",""disabled"":false},{""id"":""crafted.stat_709508406"",""disabled"":false},{""id"":""explicit.stat_1037193709"",""disabled"":false},{""id"":""explicit.stat_2387423236"",""disabled"":false},{""id"":""implicit.stat_2387423236"",""disabled"":false},{""id"":""implicit.stat_1037193709"",""disabled"":false},{""id"":""fractured.stat_1037193709"",""disabled"":false},{""id"":""fractured.stat_2387423236"",""disabled"":false},{""id"":""enchant.stat_1037193709"",""disabled"":false},{""id"":""scourge.stat_1037193709"",""disabled"":false},{""id"":""crafted.stat_2387423236"",""disabled"":false},{""id"":""crafted.stat_1037193709"",""disabled"":false},{""id"":""explicit.stat_3336890334"",""disabled"":false},{""id"":""explicit.stat_1334060246"",""disabled"":false},{""id"":""implicit.stat_3336890334"",""disabled"":false},{""id"":""implicit.stat_1334060246"",""disabled"":false},{""id"":""fractured.stat_3336890334"",""disabled"":false},{""id"":""fractured.stat_1334060246"",""disabled"":false},{""id"":""enchant.stat_3336890334"",""disabled"":false},{""id"":""scourge.stat_3336890334"",""disabled"":false},{""id"":""crafted.stat_1334060246"",""disabled"":false},{""id"":""crafted.stat_3336890334"",""disabled"":false}]}],""filters"":{""trade_filters"":{""disabled"":true,""filters"":{""sale_type"":{""option"":""any""}}}}}"
e027,"adds_elemental v2, sound: whether any listed item carries a row — a count of its rows — while showing no `Adds # to # Elemental Damage`. None found: every row is counted wherever it appears. Any found: a row, a twin or an id the site does not count","c4 and d02: a pseudo inside a `not` group, beside a count or a sum, finds what it should",Standard,https://www.pathofexile.com/trade/search/Standard/H4sIAAAAAAAAA52V3WqEMBCF3yXXskTj775KKTI14zYQoySxdFn23RtraRuRZVxvhMx8OUdPdG7MefCzY-cbGyevRsPODMyV3ZPvSii83Ji_ThjWu3E2niWsV9qjXUtKhgJ-Tlp1yp8WpK14U_A652VolcrBm8bQ1IN2eE92CZGlvKp4UTwg1HBUIyYoGr2Fzs8WJV1kg1BU0HTvYA48iAsv3l6QDnQWen_EUgQczy_lokobEUAykom6yjORCXqCTyAkY5sIn2FI1qLcSSpR8CQiCpLkKiKeCFIIUdYNFyKnH5fQzEue5Qe-XorKJnuKyvbzpchszwtFJ8qepBJlTyLiJCmu4v_EI43XhH2AnnGZE4MKQyK9L7v8DAYz7o6FyeEsx9N6a0FK16LGAY0H3UoY4IJ7UovY715Bw4LE9t_CH-DtjFGvA43tamo7z5brC8KGFm3uBgAA,"{""status"":{""option"":""any""},""stats"":[{""type"":""count"",""filters"":[{""id"":""explicit.stat_709508406"",""disabled"":false},{""id"":""explicit.stat_321077055"",""disabled"":false},{""id"":""implicit.stat_709508406"",""disabled"":false},{""id"":""implicit.stat_321077055"",""disabled"":false},{""id"":""fractured.stat_709508406"",""disabled"":false},{""id"":""fractured.stat_321077055"",""disabled"":false},{""id"":""enchant.stat_709508406"",""disabled"":false},{""id"":""scourge.stat_709508406"",""disabled"":false},{""id"":""crafted.stat_321077055"",""disabled"":false},{""id"":""crafted.stat_709508406"",""disabled"":false},{""id"":""explicit.stat_1037193709"",""disabled"":false},{""id"":""explicit.stat_2387423236"",""disabled"":false},{""id"":""implicit.stat_2387423236"",""disabled"":false},{""id"":""implicit.stat_1037193709"",""disabled"":false},{""id"":""fractured.stat_1037193709"",""disabled"":false},{""id"":""fractured.stat_2387423236"",""disabled"":false},{""id"":""enchant.stat_1037193709"",""disabled"":false},{""id"":""scourge.stat_1037193709"",""disabled"":false},{""id"":""crafted.stat_2387423236"",""disabled"":false},{""id"":""crafted.stat_1037193709"",""disabled"":false},{""id"":""explicit.stat_3336890334"",""disabled"":false},{""id"":""explicit.stat_1334060246"",""disabled"":false},{""id"":""implicit.stat_3336890334"",""disabled"":false},{""id"":""implicit.stat_1334060246"",""disabled"":false},{""id"":""fractured.stat_3336890334"",""disabled"":false},{""id"":""fractured.stat_1334060246"",""disabled"":false},{""id"":""enchant.stat_3336890334"",""disabled"":false},{""id"":""scourge.stat_3336890334"",""disabled"":false},{""id"":""crafted.stat_1334060246"",""disabled"":false},{""id"":""crafted.stat_3336890334"",""disabled"":false}],""value"":{""min"":1}},{""type"":""not"",""filters"":[{""id"":""pseudo.pseudo_adds_elemental_damage"",""disabled"":false}]}],""filters"":{""trade_filters"":{""disabled"":true,""filters"":{""sale_type"":{""option"":""any""}}}}}"
e028,"adds_elemental_to_attacks v2, complete: whether any listed item shows `Adds # to # Elemental Damage to Attacks` while carrying none of its 12 rows (49 ids). None found: the rows are all the site counts. Any found: its lines name what is missing",c1 and c2: a `not` group over every id of a row finds what it should,Standard,https://www.pathofexile.com/trade/search/Standard/H4sIAAAAAAAAA5WW3WrDMAyF38XXpTj-TfsqowQvdruwNCmxAyul7z63HVtlyjjJTcDKF0nHktCFxeTSHNn2wsZT6saBbZkbzuy6uluy4e3C0vkU7ueerdi-61OYHobO5-NTDLMf149X47yPTejDMQzJ9Y13R3cITcqGlFz7GfMffBfdex8yu3d9DNfddfXrYxjTKx_h69R3bZfWt6CaSltZSW6NevG31Q_SHRcj-8m1aZ6CX8C0k9unRQTNxfKN5rXiBk4FIYpMECQM7YcbFviI7ThPh4ADRCooJKKU3BhlpDKihqWCkEIriCkiExW3lmuNBwYQZVwAQhRGAJpHvg3LjVAC7ysIKTKBGJIKRBQzgktbbWQuM3xGIEg5IxCGtBZEkN6CCDqHoKioXsYIW1m-YBBBCPUiZG2VkELiXiCkuBWIIYpBRKGY1UoprfUCxRCkrDCEobePEMUEk9LUGy4l3vkQUs4whCHdAhGkWyCCDkooKlrHda0rpaQReB0jSFFhOSRuuFALKgxBygpDGFph_xG76-5pg8ub3eR8aJ4O_oA0zYF8G12fl8X7KlgupLfnG1IB6NuvCgAA,"{""status"":{""option"":""any""},""stats"":[{""type"":""and"",""filters"":[{""id"":""pseudo.pseudo_adds_elemental_damage_to_attacks"",""disabled"":false}]},{""type"":""not"",""filters"":[{""id"":""explicit.stat_1573130764"",""disabled"":false},{""id"":""implicit.stat_1573130764"",""disabled"":false},{""id"":""fractured.stat_1573130764"",""disabled"":false},{""id"":""crafted.stat_1573130764"",""disabled"":false},{""id"":""explicit.stat_709508406"",""disabled"":false},{""id"":""implicit.stat_709508406"",""disabled"":false},{""id"":""fractured.stat_709508406"",""disabled"":false},{""id"":""enchant.stat_709508406"",""disabled"":false},{""id"":""scourge.stat_709508406"",""disabled"":false},{""id"":""crafted.stat_709508406"",""disabled"":false},{""id"":""explicit.stat_3964634628"",""disabled"":false},{""id"":""implicit.stat_3964634628"",""disabled"":false},{""id"":""fractured.stat_3964634628"",""disabled"":false},{""id"":""explicit.stat_321077055"",""disabled"":false},{""id"":""implicit.stat_321077055"",""disabled"":false},{""id"":""fractured.stat_321077055"",""disabled"":false},{""id"":""crafted.stat_321077055"",""disabled"":false},{""id"":""explicit.stat_4067062424"",""disabled"":false},{""id"":""implicit.stat_4067062424"",""disabled"":false},{""id"":""fractured.stat_4067062424"",""disabled"":false},{""id"":""crafted.stat_4067062424"",""disabled"":false},{""id"":""explicit.stat_1037193709"",""disabled"":false},{""id"":""implicit.stat_1037193709"",""disabled"":false},{""id"":""fractured.stat_1037193709"",""disabled"":false},{""id"":""enchant.stat_1037193709"",""disabled"":false},{""id"":""scourge.stat_1037193709"",""disabled"":false},{""id"":""crafted.stat_1037193709"",""disabled"":false},{""id"":""explicit.stat_1662717006"",""disabled"":false},{""id"":""implicit.stat_1662717006"",""disabled"":false},{""id"":""explicit.stat_2387423236"",""disabled"":false},{""id"":""implicit.stat_2387423236"",""disabled"":false},{""id"":""fractured.stat_2387423236"",""disabled"":false},{""id"":""crafted.stat_2387423236"",""disabled"":false},{""id"":""explicit.stat_1754445556"",""disabled"":false},{""id"":""implicit.stat_1754445556"",""disabled"":false},{""id"":""fractured.stat_1754445556"",""disabled"":false},{""id"":""crafted.stat_1754445556"",""disabled"":false},{""id"":""explicit.stat_3336890334"",""disabled"":false},{""id"":""implicit.stat_3336890334"",""disabled"":false},{""id"":""fractured.stat_3336890334"",""disabled"":false},{""id"":""enchant.stat_3336890334"",""disabled"":false},{""id"":""scourge.stat_3336890334"",""disabled"":false},{""id"":""crafted.stat_3336890334"",""disabled"":false},{""id"":""explicit.stat_2885144362"",""disabled"":false},{""id"":""implicit.stat_2885144362"",""disabled"":false},{""id"":""explicit.stat_1334060246"",""disabled"":false},{""id"":""implicit.stat_1334060246"",""disabled"":false},{""id"":""fractured.stat_1334060246"",""disabled"":false},{""id"":""crafted.stat_1334060246"",""disabled"":false}]}],""filters"":{""trade_filters"":{""disabled"":true,""filters"":{""sale_type"":{""option"":""any""}}}}}"
e029,"adds_elemental_to_attacks v2, sound: whether any listed item carries a row — a count of its rows — while showing no `Adds # to # Elemental Damage to Attacks`. None found: every row is counted wherever it appears. Any found: a row, a twin or an id the site does not count","c4 and d02: a pseudo inside a `not` group, beside a count or a sum, finds what it should",Standard,https://www.pathofexile.com/trade/search/Standard/H4sIAAAAAAAAA5WW3WrDMAyF38XXpTj-TfsqYwQvcbuwNAmxM1ZK331OW7bJlHHSm0Lkz5KOJaELC9HFObD9hQ1jbIee7Znrz-y6uVmS4eXC4nn06Xs9zH1kG3Zou-inu6ltksF_jV1bt3G7IFWhrSwkt0als00b3Fvn06mD64K_bh5Ie1qNHCZXx3nyzQqmntwhriJoLpbvNC8VN3AqCJFlgiC-r99dv8JHSK81HT0OEKmgkIhScmeUkcqIEpYKQjKtICaLTBTcWq41HhhA5HEBCFEYAWge6TUsN0IJvK8gJMsEYkgqEJHNCC5tsZOpzPAZgSD5jEAY0loQQXoLIugcgqKiehkjbGH5ikEEIdSLkKVVQgqJe4GQ7FUghigGEZliViultNYrFEOQvMIQhr4-QmQTTEpT7riUeOdDSD7DEIZ0C0SQboEIOiihqGgdl6UulJJG4HWMIFmFpZC44UKtqDAEySsMYWiF_Ue8btin62a_bHynNq17xXW55bHi9cPTBW8Mfm6G7f2vck0TKt_5k--j66rGndzRVzEZYnT1R3jmdfH7c21yN7nGV38-_AJxmj05G1yXbr_Fly-py-8bFHgPVcMKAAA,"{""status"":{""option"":""any""},""stats"":[{""type"":""count"",""filters"":[{""id"":""explicit.stat_1573130764"",""disabled"":false},{""id"":""implicit.stat_1573130764"",""disabled"":false},{""id"":""fractured.stat_1573130764"",""disabled"":false},{""id"":""crafted.stat_1573130764"",""disabled"":false},{""id"":""explicit.stat_709508406"",""disabled"":false},{""id"":""implicit.stat_709508406"",""disabled"":false},{""id"":""fractured.stat_709508406"",""disabled"":false},{""id"":""enchant.stat_709508406"",""disabled"":false},{""id"":""scourge.stat_709508406"",""disabled"":false},{""id"":""crafted.stat_709508406"",""disabled"":false},{""id"":""explicit.stat_3964634628"",""disabled"":false},{""id"":""implicit.stat_3964634628"",""disabled"":false},{""id"":""fractured.stat_3964634628"",""disabled"":false},{""id"":""explicit.stat_321077055"",""disabled"":false},{""id"":""implicit.stat_321077055"",""disabled"":false},{""id"":""fractured.stat_321077055"",""disabled"":false},{""id"":""crafted.stat_321077055"",""disabled"":false},{""id"":""explicit.stat_4067062424"",""disabled"":false},{""id"":""implicit.stat_4067062424"",""disabled"":false},{""id"":""fractured.stat_4067062424"",""disabled"":false},{""id"":""crafted.stat_4067062424"",""disabled"":false},{""id"":""explicit.stat_1037193709"",""disabled"":false},{""id"":""implicit.stat_1037193709"",""disabled"":false},{""id"":""fractured.stat_1037193709"",""disabled"":false},{""id"":""enchant.stat_1037193709"",""disabled"":false},{""id"":""scourge.stat_1037193709"",""disabled"":false},{""id"":""crafted.stat_1037193709"",""disabled"":false},{""id"":""explicit.stat_1662717006"",""disabled"":false},{""id"":""implicit.stat_1662717006"",""disabled"":false},{""id"":""explicit.stat_2387423236"",""disabled"":false},{""id"":""implicit.stat_2387423236"",""disabled"":false},{""id"":""fractured.stat_2387423236"",""disabled"":false},{""id"":""crafted.stat_2387423236"",""disabled"":false},{""id"":""explicit.stat_1754445556"",""disabled"":false},{""id"":""implicit.stat_1754445556"",""disabled"":false},{""id"":""fractured.stat_1754445556"",""disabled"":false},{""id"":""crafted.stat_1754445556"",""disabled"":false},{""id"":""explicit.stat_3336890334"",""disabled"":false},{""id"":""implicit.stat_3336890334"",""disabled"":false},{""id"":""fractured.stat_3336890334"",""disabled"":false},{""id"":""enchant.stat_3336890334"",""disabled"":false},{""id"":""scourge.stat_3336890334"",""disabled"":false},{""id"":""crafted.stat_3336890334"",""disabled"":false},{""id"":""explicit.stat_2885144362"",""disabled"":false},{""id"":""implicit.stat_2885144362"",""disabled"":false},{""id"":""explicit.stat_1334060246"",""disabled"":false},{""id"":""implicit.stat_1334060246"",""disabled"":false},{""id"":""fractured.stat_1334060246"",""disabled"":false},{""id"":""crafted.stat_1334060246"",""disabled"":false}],""value"":{""min"":1}},{""type"":""not"",""filters"":[{""id"":""pseudo.pseudo_adds_elemental_damage_to_attacks"",""disabled"":false}]}],""filters"":{""trade_filters"":{""disabled"":true,""filters"":{""sale_type"":{""option"":""any""}}}}}"
e030,"adds_elemental_to_spells v2, complete: whether any listed item shows `Adds # to # Elemental Damage to Spells` while carrying none of its 9 rows (34 ids). None found: the rows are all the site counts. Any found: its lines name what is missing",c1 and c2: a `not` group over every id of a row finds what it should,Standard,https://www.pathofexile.com/trade/search/Standard/H4sIAAAAAAAAA5WVbYuDMAzHv0tfy7APtrqvcgzp2TgKnUpb4cbwu1-3HXdrGUf0jdD4a_JPYnIjIeq4BnK8kXmJdp7IkejpSrbqYUmGjxuJ1wUe54ZUZLQugn8arEnHS4DVzIfnq9fGhB4cXGCK2vVGX_QZ-jj3YQHnQrrA2KA_HSR01C7AdtqqXxfTHN-5gK_F2cHGwz2mnlLOayqbjr-5rfpB7GU3Mno9xNWD2cGEYV79GXYQg9dj3OUjV88ZrZWqmwYtHkMU2jFIJgQDFDo6KSQXkrV4IRikVIJh8siYkJ2gUrEOHRkKKSJDMVl_oYisLCiiUM9bJRhnXOLVY5BSPYbJtWCIYlJIyRRVdY3XgkKKjLWcpn-YK4HPGAYpM4Zh8n7BEHmOMUSRY85FLevUafgcY5ByGmOYfLZiiLKSbUOF4JLtqOQ_yGk7vWyztOW8NtC_HPwB0a-QfRu0S3vzsRbL3Xx_vgHyQILbugcAAA,"{""status"":{""option"":""any""},""stats"":[{""type"":""and"",""filters"":[{""id"":""pseudo.pseudo_adds_elemental_damage_to_spells"",""disabled"":false}]},{""type"":""not"",""filters"":[{""id"":""explicit.stat_1133016593"",""disabled"":false},{""id"":""implicit.stat_1133016593"",""disabled"":false},{""id"":""fractured.stat_1133016593"",""disabled"":false},{""id"":""scourge.stat_1133016593"",""disabled"":false},{""id"":""crafted.stat_1133016593"",""disabled"":false},{""id"":""explicit.stat_321077055"",""disabled"":false},{""id"":""implicit.stat_321077055"",""disabled"":false},{""id"":""fractured.stat_321077055"",""disabled"":false},{""id"":""crafted.stat_321077055"",""disabled"":false},{""id"":""explicit.stat_3964634628"",""disabled"":false},{""id"":""implicit.stat_3964634628"",""disabled"":false},{""id"":""fractured.stat_3964634628"",""disabled"":false},{""id"":""explicit.stat_2469416729"",""disabled"":false},{""id"":""implicit.stat_2469416729"",""disabled"":false},{""id"":""fractured.stat_2469416729"",""disabled"":false},{""id"":""scourge.stat_2469416729"",""disabled"":false},{""id"":""crafted.stat_2469416729"",""disabled"":false},{""id"":""explicit.stat_2387423236"",""disabled"":false},{""id"":""implicit.stat_2387423236"",""disabled"":false},{""id"":""fractured.stat_2387423236"",""disabled"":false},{""id"":""crafted.stat_2387423236"",""disabled"":false},{""id"":""explicit.stat_1662717006"",""disabled"":false},{""id"":""implicit.stat_1662717006"",""disabled"":false},{""id"":""explicit.stat_2831165374"",""disabled"":false},{""id"":""implicit.stat_2831165374"",""disabled"":false},{""id"":""fractured.stat_2831165374"",""disabled"":false},{""id"":""scourge.stat_2831165374"",""disabled"":false},{""id"":""crafted.stat_2831165374"",""disabled"":false},{""id"":""explicit.stat_1334060246"",""disabled"":false},{""id"":""implicit.stat_1334060246"",""disabled"":false},{""id"":""fractured.stat_1334060246"",""disabled"":false},{""id"":""crafted.stat_1334060246"",""disabled"":false},{""id"":""explicit.stat_2885144362"",""disabled"":false},{""id"":""implicit.stat_2885144362"",""disabled"":false}]}],""filters"":{""trade_filters"":{""disabled"":true,""filters"":{""sale_type"":{""option"":""any""}}}}}"
e031,"adds_elemental_to_spells v2, sound: whether any listed item carries a row — a count of its rows — while showing no `Adds # to # Elemental Damage to Spells`. None found: every row is counted wherever it appears. Any found: a row, a twin or an id the site does not count","c4 and d02: a pseudo inside a `not` group, beside a count or a sum, finds what it should",Standard,https://www.pathofexile.com/trade/search/Standard/H4sIAAAAAAAAA5WV22rDMAyG38XXocSHOElfZQzjxUoxOAdiZ6yEvvuctmyzKUPJjcHSZ-mXHGsjPuiwenLeyDQHO43kTPR4JbfibomGt42E6wxxv5vWMZCC9NYFWB4ma6IBvmZnOxtOO6Io5byksmp59DXW6w8H0avXzsOteCJ2OIz0i-7CuoA5wPiY83KBA0S36D4cipGq54yWdV1WFVo8hsi0Y5BECAbIdLRSSC4ka_BCMEiuBMOkmTEhW0FlzVp0ZigkywzFJPcLRSRtQRGZet7UgnHGJV49BsnVY5hUC4bIXgopWU3rssRrQSFZxRpO4z_Ma4GvGAbJK4Zh0vuCIdIaY4isxpyLUpbxpuFrjEHy1xjDpG8rhsg72VRUCC7ZgU7-g7wX5FO7FfbpN9g4-uhtP-Y57sbp5bCbPaxmOj0WpY3xChwMMAbtlNGDvoAKk_IzOOdfBd3D_pwaoy3agPqz8QuEZYXE12sXD7-nl8_r_fsGCoSy8s4HAAA,"{""status"":{""option"":""any""},""stats"":[{""type"":""count"",""filters"":[{""id"":""explicit.stat_1133016593"",""disabled"":false},{""id"":""implicit.stat_1133016593"",""disabled"":false},{""id"":""fractured.stat_1133016593"",""disabled"":false},{""id"":""scourge.stat_1133016593"",""disabled"":false},{""id"":""crafted.stat_1133016593"",""disabled"":false},{""id"":""explicit.stat_321077055"",""disabled"":false},{""id"":""implicit.stat_321077055"",""disabled"":false},{""id"":""fractured.stat_321077055"",""disabled"":false},{""id"":""crafted.stat_321077055"",""disabled"":false},{""id"":""explicit.stat_3964634628"",""disabled"":false},{""id"":""implicit.stat_3964634628"",""disabled"":false},{""id"":""fractured.stat_3964634628"",""disabled"":false},{""id"":""explicit.stat_2469416729"",""disabled"":false},{""id"":""implicit.stat_2469416729"",""disabled"":false},{""id"":""fractured.stat_2469416729"",""disabled"":false},{""id"":""scourge.stat_2469416729"",""disabled"":false},{""id"":""crafted.stat_2469416729"",""disabled"":false},{""id"":""explicit.stat_2387423236"",""disabled"":false},{""id"":""implicit.stat_2387423236"",""disabled"":false},{""id"":""fractured.stat_2387423236"",""disabled"":false},{""id"":""crafted.stat_2387423236"",""disabled"":false},{""id"":""explicit.stat_1662717006"",""disabled"":false},{""id"":""implicit.stat_1662717006"",""disabled"":false},{""id"":""explicit.stat_2831165374"",""disabled"":false},{""id"":""implicit.stat_2831165374"",""disabled"":false},{""id"":""fractured.stat_2831165374"",""disabled"":false},{""id"":""scourge.stat_2831165374"",""disabled"":false},{""id"":""crafted.stat_2831165374"",""disabled"":false},{""id"":""explicit.stat_1334060246"",""disabled"":false},{""id"":""implicit.stat_1334060246"",""disabled"":false},{""id"":""fractured.stat_1334060246"",""disabled"":false},{""id"":""crafted.stat_1334060246"",""disabled"":false},{""id"":""explicit.stat_2885144362"",""disabled"":false},{""id"":""implicit.stat_2885144362"",""disabled"":false}],""value"":{""min"":1}},{""type"":""not"",""filters"":[{""id"":""pseudo.pseudo_adds_elemental_damage_to_spells"",""disabled"":false}]}],""filters"":{""trade_filters"":{""disabled"":true,""filters"":{""sale_type"":{""option"":""any""}}}}}"
e032,"adds_damage v2, complete: whether any listed item shows `Adds # to # Damage` while carrying none of its 5 rows (44 ids). None found: the rows are all the site counts. Any found: its lines name what is missing",c1 and c2: a `not` group over every id of a row finds what it should,Standard,https://www.pathofexile.com/trade/search/Standard/H4sIAAAAAAAAA52W0YqDMBBF_yXPssREjfZXliJZE7uCVTERthT_fdMWdjuhlKu-CMnc3DEnE-fKnNd-cexwZePku3FgB6aHC1uT-0yY-Lwyf5nsfdywhLVd7-38mOhMGJ6cXcz48XjV2hhXG33WJxuCTef0V29DWKt7Z9fjmvwtN4z-1XL2Z-q7pvMfN_86rTJeFrnK0xerJS8lVcF5mSrJ3yi682aTdtaNX2Zr9muQzFwzLvPJbjBpZt36TWnR_ZJSFmXFpcxgSRqCecFFVsB7DLlEWBCXaIshmxgl4mOH5lsPWz6GkIQUlCSSFVHsAcmlSiupeAVLhCxVJqSQOPsdEiixmOMODZQaYQ-50CpGFIQklBU9LdtBhticl-GM4TeFSLlSPM9hjIhHdE8AHhFDxCS-JgAXQh3xINARAa1eICUi2MEvl6koeSYEXu0iHEJVVsW7_0lU7dslUGJx5SI2hCGkIBDfKo7r8al9CW3NrI2tnwb-BX5eLIl1urf1ow-KG6_b8wuGXuTXlwkAAA,"{""status"":{""option"":""any""},""stats"":[{""type"":""and"",""filters"":[{""id"":""pseudo.pseudo_adds_damage"",""disabled"":false}]},{""type"":""not"",""filters"":[{""id"":""explicit.stat_1940865751"",""disabled"":false},{""id"":""explicit.stat_960081730"",""disabled"":false},{""id"":""implicit.stat_1940865751"",""disabled"":false},{""id"":""fractured.stat_1940865751"",""disabled"":false},{""id"":""fractured.stat_960081730"",""disabled"":false},{""id"":""scourge.stat_1940865751"",""disabled"":false},{""id"":""crafted.stat_1940865751"",""disabled"":false},{""id"":""explicit.stat_3336890334"",""disabled"":false},{""id"":""explicit.stat_1334060246"",""disabled"":false},{""id"":""implicit.stat_3336890334"",""disabled"":false},{""id"":""implicit.stat_1334060246"",""disabled"":false},{""id"":""fractured.stat_3336890334"",""disabled"":false},{""id"":""fractured.stat_1334060246"",""disabled"":false},{""id"":""enchant.stat_3336890334"",""disabled"":false},{""id"":""scourge.stat_3336890334"",""disabled"":false},{""id"":""crafted.stat_1334060246"",""disabled"":false},{""id"":""crafted.stat_3336890334"",""disabled"":false},{""id"":""explicit.stat_1037193709"",""disabled"":false},{""id"":""explicit.stat_2387423236"",""disabled"":false},{""id"":""implicit.stat_2387423236"",""disabled"":false},{""id"":""implicit.stat_1037193709"",""disabled"":false},{""id"":""fractured.stat_1037193709"",""disabled"":false},{""id"":""fractured.stat_2387423236"",""disabled"":false},{""id"":""enchant.stat_1037193709"",""disabled"":false},{""id"":""scourge.stat_1037193709"",""disabled"":false},{""id"":""crafted.stat_2387423236"",""disabled"":false},{""id"":""crafted.stat_1037193709"",""disabled"":false},{""id"":""explicit.stat_709508406"",""disabled"":false},{""id"":""explicit.stat_321077055"",""disabled"":false},{""id"":""implicit.stat_709508406"",""disabled"":false},{""id"":""implicit.stat_321077055"",""disabled"":false},{""id"":""fractured.stat_709508406"",""disabled"":false},{""id"":""fractured.stat_321077055"",""disabled"":false},{""id"":""enchant.stat_709508406"",""disabled"":false},{""id"":""scourge.stat_709508406"",""disabled"":false},{""id"":""crafted.stat_321077055"",""disabled"":false},{""id"":""crafted.stat_709508406"",""disabled"":false},{""id"":""explicit.stat_3531280422"",""disabled"":false},{""id"":""explicit.stat_2223678961"",""disabled"":false},{""id"":""implicit.stat_2223678961"",""disabled"":false},{""id"":""implicit.stat_3531280422"",""disabled"":false},{""id"":""fractured.stat_2223678961"",""disabled"":false},{""id"":""enchant.stat_2223678961"",""disabled"":false},{""id"":""scourge.stat_2223678961"",""disabled"":false}]}],""filters"":{""trade_filters"":{""disabled"":true,""filters"":{""sale_type"":{""option"":""any""}}}}}"
e033,"adds_damage v2, sound: whether any listed item carries a row — a count of its rows — while showing no `Adds # to # Damage`. None found: every row is counted wherever it appears. Any found: a row, a twin or an id the site does not count","c4 and d02: a pseudo inside a `not` group, beside a count or a sum, finds what it should",Standard,https://www.pathofexile.com/trade/search/Standard/H4sIAAAAAAAAA51W7W6DMAx8l_xGVT6AhL7KNKGMhC4SBZSEaVXVd19Yp22OqsrAH6TYlzt8cfCVhKjjEsjxSqY5umkkR6LHC7kV35EUeLmSeJltWu-mZYykIL0bovX3kDMpYD_nwXUuHlZIy5qSqrqSFUu5xgX9NtiU1esh2FvxENLUlComBX2CcOfNJL3XXVy8NfsxGGUhFcaf7AaSzus-bpIF6yWEqFVDhSjREJaSaU15WaNrjGLJbMGwZCVG0eRWYnjs2L3rccvHACdRCOgkRhVA7DGSCskaIWmDhnChZMkFF3jvd0BQwnIfd2BQ0oD3KBbYxRgEcBKlCp6W7Uam3IqqdMbwNwVnVEpaVWgbMRzZPYHgyDzEkOTXBIIFuI7hAKZjALB7EZIAYId_lWBc0ZJzfLfzdAilaupn_5Os27dDUMLyzsXQAA9RCGDiU8RrQT70sNh13Dm7NOuw27rLz3wzTg-nmznYxUyH-6vVxoTW6LM-2UcEK8XvDmlnr41t_y38AaJfLMgNerDtXUo-jK3PF5g8VYarCQAA,"{""status"":{""option"":""any""},""stats"":[{""type"":""count"",""filters"":[{""id"":""explicit.stat_1940865751"",""disabled"":false},{""id"":""explicit.stat_960081730"",""disabled"":false},{""id"":""implicit.stat_1940865751"",""disabled"":false},{""id"":""fractured.stat_1940865751"",""disabled"":false},{""id"":""fractured.stat_960081730"",""disabled"":false},{""id"":""scourge.stat_1940865751"",""disabled"":false},{""id"":""crafted.stat_1940865751"",""disabled"":false},{""id"":""explicit.stat_3336890334"",""disabled"":false},{""id"":""explicit.stat_1334060246"",""disabled"":false},{""id"":""implicit.stat_3336890334"",""disabled"":false},{""id"":""implicit.stat_1334060246"",""disabled"":false},{""id"":""fractured.stat_3336890334"",""disabled"":false},{""id"":""fractured.stat_1334060246"",""disabled"":false},{""id"":""enchant.stat_3336890334"",""disabled"":false},{""id"":""scourge.stat_3336890334"",""disabled"":false},{""id"":""crafted.stat_1334060246"",""disabled"":false},{""id"":""crafted.stat_3336890334"",""disabled"":false},{""id"":""explicit.stat_1037193709"",""disabled"":false},{""id"":""explicit.stat_2387423236"",""disabled"":false},{""id"":""implicit.stat_2387423236"",""disabled"":false},{""id"":""implicit.stat_1037193709"",""disabled"":false},{""id"":""fractured.stat_1037193709"",""disabled"":false},{""id"":""fractured.stat_2387423236"",""disabled"":false},{""id"":""enchant.stat_1037193709"",""disabled"":false},{""id"":""scourge.stat_1037193709"",""disabled"":false},{""id"":""crafted.stat_2387423236"",""disabled"":false},{""id"":""crafted.stat_1037193709"",""disabled"":false},{""id"":""explicit.stat_709508406"",""disabled"":false},{""id"":""explicit.stat_321077055"",""disabled"":false},{""id"":""implicit.stat_709508406"",""disabled"":false},{""id"":""implicit.stat_321077055"",""disabled"":false},{""id"":""fractured.stat_709508406"",""disabled"":false},{""id"":""fractured.stat_321077055"",""disabled"":false},{""id"":""enchant.stat_709508406"",""disabled"":false},{""id"":""scourge.stat_709508406"",""disabled"":false},{""id"":""crafted.stat_321077055"",""disabled"":false},{""id"":""crafted.stat_709508406"",""disabled"":false},{""id"":""explicit.stat_3531280422"",""disabled"":false},{""id"":""explicit.stat_2223678961"",""disabled"":false},{""id"":""implicit.stat_2223678961"",""disabled"":false},{""id"":""implicit.stat_3531280422"",""disabled"":false},{""id"":""fractured.stat_2223678961"",""disabled"":false},{""id"":""enchant.stat_2223678961"",""disabled"":false},{""id"":""scourge.stat_2223678961"",""disabled"":false}],""value"":{""min"":1}},{""type"":""not"",""filters"":[{""id"":""pseudo.pseudo_adds_damage"",""disabled"":false}]}],""filters"":{""trade_filters"":{""disabled"":true,""filters"":{""sale_type"":{""option"":""any""}}}}}"
e034,"adds_damage_to_attacks v2, complete: whether any listed item shows `Adds # to # Damage to Attacks` while carrying none of its 18 rows (71 ids). None found: the rows are all the site counts. Any found: its lines name what is missing",c1 and c2: a `not` group over every id of a row finds what it should,Standard,https://www.pathofexile.com/trade/search/Standard/H4sIAAAAAAAAA5WX626bQBCF34XfVjTsnbxKZaEtrFNUAhYsUiPL796NU7WZUVSd9R9k4FvmzJzZy63Zc8zH3jzfmvWap3Vpnpu4vDX30-NJefDt1uS3a3rcH5tTc5nmnLaPB9NYbl_3dIzr08elj-O492N8jS-pz-VvznH4uRdunPb4fU6FuMR5T_fz_fR35GXNX42cfl3naZjy03sovSatbEcuhC9GO_1Bptdq5LLFIR9bGiuYYYuXXEVwLW1nKDjrbQtrgRChBWL2YT22l1RBMPUQwdV3jii0XhOuBEFEir01xlhrHZ5iBJEpRhieMIQQ1tfahY60Nrj1EURaH2HSMvyIS81XmMEggrcXFBXLlwrBtsZop-B8QYhwWAmJHClT4TAEkQ5DGO4whOBayvuenDIKdxiECC0Qw7RAhKgLad922lOH1wVBZF0QhnULRPDpGCF47aGoeL6cU771RBU-RhDRkzp4o7TS-FcgRFQFYljGIEJkzHrdavIO7xYIkQ5DGF59hOBailMsBVNRfIQQShCEtQoCsE5BAJYqKCS-CnfOOG2cqtiAIohchRFGRKZa8p6sxQMDCBkXgPCFGwC4DufLvkibigUVIYQOBGE6EEDMdarMJj50Dt_eQ4ic6xCGtRVEsL7CvsHdaHWrAhmF777-i5zv50-Hw3Jo3OKY-k83_gF5OxJ7d49zOYc-TpnyhPv--w2kc_KrAA8AAA,"{""status"":{""option"":""any""},""stats"":[{""type"":""and"",""filters"":[{""id"":""pseudo.pseudo_adds_damage_to_attacks"",""disabled"":false}]},{""type"":""not"",""filters"":[{""id"":""explicit.stat_3032590688"",""disabled"":false},{""id"":""implicit.stat_3032590688"",""disabled"":false},{""id"":""fractured.stat_3032590688"",""disabled"":false},{""id"":""crafted.stat_3032590688"",""disabled"":false},{""id"":""explicit.stat_1940865751"",""disabled"":false},{""id"":""implicit.stat_1940865751"",""disabled"":false},{""id"":""fractured.stat_1940865751"",""disabled"":false},{""id"":""scourge.stat_1940865751"",""disabled"":false},{""id"":""crafted.stat_1940865751"",""disabled"":false},{""id"":""explicit.stat_960081730"",""disabled"":false},{""id"":""fractured.stat_960081730"",""disabled"":false},{""id"":""explicit.stat_1754445556"",""disabled"":false},{""id"":""implicit.stat_1754445556"",""disabled"":false},{""id"":""fractured.stat_1754445556"",""disabled"":false},{""id"":""crafted.stat_1754445556"",""disabled"":false},{""id"":""explicit.stat_3336890334"",""disabled"":false},{""id"":""implicit.stat_3336890334"",""disabled"":false},{""id"":""fractured.stat_3336890334"",""disabled"":false},{""id"":""enchant.stat_3336890334"",""disabled"":false},{""id"":""scourge.stat_3336890334"",""disabled"":false},{""id"":""crafted.stat_3336890334"",""disabled"":false},{""id"":""explicit.stat_2885144362"",""disabled"":false},{""id"":""implicit.stat_2885144362"",""disabled"":false},{""id"":""explicit.stat_1334060246"",""disabled"":false},{""id"":""implicit.stat_1334060246"",""disabled"":false},{""id"":""fractured.stat_1334060246"",""disabled"":false},{""id"":""crafted.stat_1334060246"",""disabled"":false},{""id"":""explicit.stat_4067062424"",""disabled"":false},{""id"":""implicit.stat_4067062424"",""disabled"":false},{""id"":""fractured.stat_4067062424"",""disabled"":false},{""id"":""crafted.stat_4067062424"",""disabled"":false},{""id"":""explicit.stat_1037193709"",""disabled"":false},{""id"":""implicit.stat_1037193709"",""disabled"":false},{""id"":""fractured.stat_1037193709"",""disabled"":false},{""id"":""enchant.stat_1037193709"",""disabled"":false},{""id"":""scourge.stat_1037193709"",""disabled"":false},{""id"":""crafted.stat_1037193709"",""disabled"":false},{""id"":""explicit.stat_1662717006"",""disabled"":false},{""id"":""implicit.stat_1662717006"",""disabled"":false},{""id"":""explicit.stat_2387423236"",""disabled"":false},{""id"":""implicit.stat_2387423236"",""disabled"":false},{""id"":""fractured.stat_2387423236"",""disabled"":false},{""id"":""crafted.stat_2387423236"",""disabled"":false},{""id"":""explicit.stat_1573130764"",""disabled"":false},{""id"":""implicit.stat_1573130764"",""disabled"":false},{""id"":""fractured.stat_1573130764"",""disabled"":false},{""id"":""crafted.stat_1573130764"",""disabled"":false},{""id"":""explicit.stat_709508406"",""disabled"":false},{""id"":""implicit.stat_709508406"",""disabled"":false},{""id"":""fractured.stat_709508406"",""disabled"":false},{""id"":""enchant.stat_709508406"",""disabled"":false},{""id"":""scourge.stat_709508406"",""disabled"":false},{""id"":""crafted.stat_709508406"",""disabled"":false},{""id"":""explicit.stat_3964634628"",""disabled"":false},{""id"":""implicit.stat_3964634628"",""disabled"":false},{""id"":""fractured.stat_3964634628"",""disabled"":false},{""id"":""explicit.stat_321077055"",""disabled"":false},{""id"":""implicit.stat_321077055"",""disabled"":false},{""id"":""fractured.stat_321077055"",""disabled"":false},{""id"":""crafted.stat_321077055"",""disabled"":false},{""id"":""explicit.stat_674553446"",""disabled"":false},{""id"":""implicit.stat_674553446"",""disabled"":false},{""id"":""fractured.stat_674553446"",""disabled"":false},{""id"":""crafted.stat_674553446"",""disabled"":false},{""id"":""explicit.stat_2223678961"",""disabled"":false},{""id"":""implicit.stat_2223678961"",""disabled"":false},{""id"":""fractured.stat_2223678961"",""disabled"":false},{""id"":""enchant.stat_2223678961"",""disabled"":false},{""id"":""scourge.stat_2223678961"",""disabled"":false},{""id"":""explicit.stat_3531280422"",""disabled"":false},{""id"":""implicit.stat_3531280422"",""disabled"":false}]}],""filters"":{""trade_filters"":{""disabled"":true,""filters"":{""sale_type"":{""option"":""any""}}}}}"
e035,"adds_damage_to_attacks v2, sound: whether any listed item carries a row — a count of its rows — while showing no `Adds # to # Damage to Attacks`. None found: every row is counted wherever it appears. Any found: a row, a twin or an id the site does not count","c4 and d02: a pseudo inside a `not` group, beside a count or a sum, finds what it should",Standard,https://www.pathofexile.com/trade/search/Standard/H4sIAAAAAAAAA5WX24rbMBCG30XXYdFZ8r5KKUa1la2p4wRbLl1C3r3y7tJ2hqX8yo2Jpc8z_xx0uIutpLJv4vkurrcyXRfxLNLyKh6nt5E68OUuyust1_fDdV-KOInzNJe8vg9NYx3Iv27zNEzl6UB6I412nfQx1rnjtKVvc66zzmne8uP0gUyXZuS8pqHsax4bmGFN59JEUC2qszJ6F5yCtUAI0wIxW43_-pIbCKIeIqj6zksZVTASV4IgLMTBWWudcx4PMYLwECMMDRhCsNI3xsdOGmPx0kcQXvoIk5fhe1parJACgwjaXpBXJF46RqesNV7D8YIQVmHVJemltg0VhiC8whCGVhhCUC11fpBeW41XGIQwLRBDtEAEy4s0QXUmyA7PC4LwvCAM6RaIoMsxQtDcQ17ReHmvgwpSNtQxgrCeNDFYbbTBrUAIywrEkIhBBIuYC0YZGTzeLRDCKwxhaPYRgmqpleJktA3JRwimBEFIqyAA6RQEIKGCXKK7cOetN9brhgMogvBdGGGYZ1rJEKRzuGMAwf0CELpxAwDV4UM9FxnbsKEiBNOBIEQHArC1TtfVJMTO48d7COFrHcKQtoII0leYDVqNzigdpdX46eu_yNeT-JnmPR-XyctUb5LqcXzm4_a4XD-9O962vI_Xp_dHn8Zx68d0SS-5L_VvKWn4sX1m67D252PVyJrG3P_z4i9Q1j2TuVua69ffvOK33uP3G6KZnJ8UDwAA,"{""status"":{""option"":""any""},""stats"":[{""type"":""count"",""filters"":[{""id"":""explicit.stat_3032590688"",""disabled"":false},{""id"":""implicit.stat_3032590688"",""disabled"":false},{""id"":""fractured.stat_3032590688"",""disabled"":false},{""id"":""crafted.stat_3032590688"",""disabled"":false},{""id"":""explicit.stat_1940865751"",""disabled"":false},{""id"":""implicit.stat_1940865751"",""disabled"":false},{""id"":""fractured.stat_1940865751"",""disabled"":false},{""id"":""scourge.stat_1940865751"",""disabled"":false},{""id"":""crafted.stat_1940865751"",""disabled"":false},{""id"":""explicit.stat_960081730"",""disabled"":false},{""id"":""fractured.stat_960081730"",""disabled"":false},{""id"":""explicit.stat_1754445556"",""disabled"":false},{""id"":""implicit.stat_1754445556"",""disabled"":false},{""id"":""fractured.stat_1754445556"",""disabled"":false},{""id"":""crafted.stat_1754445556"",""disabled"":false},{""id"":""explicit.stat_3336890334"",""disabled"":false},{""id"":""implicit.stat_3336890334"",""disabled"":false},{""id"":""fractured.stat_3336890334"",""disabled"":false},{""id"":""enchant.stat_3336890334"",""disabled"":false},{""id"":""scourge.stat_3336890334"",""disabled"":false},{""id"":""crafted.stat_3336890334"",""disabled"":false},{""id"":""explicit.stat_2885144362"",""disabled"":false},{""id"":""implicit.stat_2885144362"",""disabled"":false},{""id"":""explicit.stat_1334060246"",""disabled"":false},{""id"":""implicit.stat_1334060246"",""disabled"":false},{""id"":""fractured.stat_1334060246"",""disabled"":false},{""id"":""crafted.stat_1334060246"",""disabled"":false},{""id"":""explicit.stat_4067062424"",""disabled"":false},{""id"":""implicit.stat_4067062424"",""disabled"":false},{""id"":""fractured.stat_4067062424"",""disabled"":false},{""id"":""crafted.stat_4067062424"",""disabled"":false},{""id"":""explicit.stat_1037193709"",""disabled"":false},{""id"":""implicit.stat_1037193709"",""disabled"":false},{""id"":""fractured.stat_1037193709"",""disabled"":false},{""id"":""enchant.stat_1037193709"",""disabled"":false},{""id"":""scourge.stat_1037193709"",""disabled"":false},{""id"":""crafted.stat_1037193709"",""disabled"":false},{""id"":""explicit.stat_1662717006"",""disabled"":false},{""id"":""implicit.stat_1662717006"",""disabled"":false},{""id"":""explicit.stat_2387423236"",""disabled"":false},{""id"":""implicit.stat_2387423236"",""disabled"":false},{""id"":""fractured.stat_2387423236"",""disabled"":false},{""id"":""crafted.stat_2387423236"",""disabled"":false},{""id"":""explicit.stat_1573130764"",""disabled"":false},{""id"":""implicit.stat_1573130764"",""disabled"":false},{""id"":""fractured.stat_1573130764"",""disabled"":false},{""id"":""crafted.stat_1573130764"",""disabled"":false},{""id"":""explicit.stat_709508406"",""disabled"":false},{""id"":""implicit.stat_709508406"",""disabled"":false},{""id"":""fractured.stat_709508406"",""disabled"":false},{""id"":""enchant.stat_709508406"",""disabled"":false},{""id"":""scourge.stat_709508406"",""disabled"":false},{""id"":""crafted.stat_709508406"",""disabled"":false},{""id"":""explicit.stat_3964634628"",""disabled"":false},{""id"":""implicit.stat_3964634628"",""disabled"":false},{""id"":""fractured.stat_3964634628"",""disabled"":false},{""id"":""explicit.stat_321077055"",""disabled"":false},{""id"":""implicit.stat_321077055"",""disabled"":false},{""id"":""fractured.stat_321077055"",""disabled"":false},{""id"":""crafted.stat_321077055"",""disabled"":false},{""id"":""explicit.stat_674553446"",""disabled"":false},{""id"":""implicit.stat_674553446"",""disabled"":false},{""id"":""fractured.stat_674553446"",""disabled"":false},{""id"":""crafted.stat_674553446"",""disabled"":false},{""id"":""explicit.stat_2223678961"",""disabled"":false},{""id"":""implicit.stat_2223678961"",""disabled"":false},{""id"":""fractured.stat_2223678961"",""disabled"":false},{""id"":""enchant.stat_2223678961"",""disabled"":false},{""id"":""scourge.stat_2223678961"",""disabled"":false},{""id"":""explicit.stat_3531280422"",""disabled"":false},{""id"":""implicit.stat_3531280422"",""disabled"":false}],""value"":{""min"":1}},{""type"":""not"",""filters"":[{""id"":""pseudo.pseudo_adds_damage_to_attacks"",""disabled"":false}]}],""filters"":{""trade_filters"":{""disabled"":true,""filters"":{""sale_type"":{""option"":""any""}}}}}"
e036,"adds_damage_to_spells v2, complete: whether any listed item shows `Adds # to # Damage to Spells` while carrying none of its 13 rows (45 ids). None found: the rows are all the site counts. Any found: its lines name what is missing",c1 and c2: a `not` group over every id of a row finds what it should,Standard,https://www.pathofexile.com/trade/search/Standard/H4sIAAAAAAAAA5XW7W6CMBQG4Hvpb2L6RQFvZTGko8WQoBBakhnDvQ912ezRLC_-MWl9KG85R3plIdo4B7a_smGM3XBme2bPF7Zk95l14uPK4mX093HHMtZ2ffTTY6Jz6_AY_OyG3eOrts6F2tmTPfo6DnUYfd-Hlbku2M_er6C1ffDLYcl-L3we4rsL-6-x75ou7m53Ukut8lyZyog3V8t-SHfaTNrJNnGevNtgQjPM09FvEGmWynBeikJx_L4QQjasVEKYXBUa3zCE0A1DTLphiGgm28ZNa6TphVKaGy61gdNDhKSHTJIFEvRJlrnQWhm54UkChDaYqbQwhaw2NBhAXhoMMKTBAJHWCyJIelUWWiqp8HqBCE2PmDQLIkjtGyMLUXC-ofYRQlZZK5mvXVkpfBWE0A5DTFIvkEh7EhFpeiUFLwqe53B4RJDsCEmCIIDkqIw2ShtZ4kEQQpMghnYk56qqynzD-wshLx0JGLJnuRKy5Fri_8f_ksNyeDr-rMeiyTpfPw38gTjNPvltsP160Lqfo-gR7vb5BtvPTr7hCQAA,"{""status"":{""option"":""any""},""stats"":[{""type"":""and"",""filters"":[{""id"":""pseudo.pseudo_adds_damage_to_spells"",""disabled"":false}]},{""type"":""not"",""filters"":[{""id"":""explicit.stat_2435536961"",""disabled"":false},{""id"":""implicit.stat_2435536961"",""disabled"":false},{""id"":""fractured.stat_2435536961"",""disabled"":false},{""id"":""scourge.stat_2435536961"",""disabled"":false},{""id"":""explicit.stat_960081730"",""disabled"":false},{""id"":""fractured.stat_960081730"",""disabled"":false},{""id"":""explicit.stat_2831165374"",""disabled"":false},{""id"":""implicit.stat_2831165374"",""disabled"":false},{""id"":""fractured.stat_2831165374"",""disabled"":false},{""id"":""scourge.stat_2831165374"",""disabled"":false},{""id"":""crafted.stat_2831165374"",""disabled"":false},{""id"":""explicit.stat_1334060246"",""disabled"":false},{""id"":""implicit.stat_1334060246"",""disabled"":false},{""id"":""fractured.stat_1334060246"",""disabled"":false},{""id"":""crafted.stat_1334060246"",""disabled"":false},{""id"":""explicit.stat_2885144362"",""disabled"":false},{""id"":""implicit.stat_2885144362"",""disabled"":false},{""id"":""explicit.stat_2469416729"",""disabled"":false},{""id"":""implicit.stat_2469416729"",""disabled"":false},{""id"":""fractured.stat_2469416729"",""disabled"":false},{""id"":""scourge.stat_2469416729"",""disabled"":false},{""id"":""crafted.stat_2469416729"",""disabled"":false},{""id"":""explicit.stat_2387423236"",""disabled"":false},{""id"":""implicit.stat_2387423236"",""disabled"":false},{""id"":""fractured.stat_2387423236"",""disabled"":false},{""id"":""crafted.stat_2387423236"",""disabled"":false},{""id"":""explicit.stat_1662717006"",""disabled"":false},{""id"":""implicit.stat_1662717006"",""disabled"":false},{""id"":""explicit.stat_1133016593"",""disabled"":false},{""id"":""implicit.stat_1133016593"",""disabled"":false},{""id"":""fractured.stat_1133016593"",""disabled"":false},{""id"":""scourge.stat_1133016593"",""disabled"":false},{""id"":""crafted.stat_1133016593"",""disabled"":false},{""id"":""explicit.stat_321077055"",""disabled"":false},{""id"":""implicit.stat_321077055"",""disabled"":false},{""id"":""fractured.stat_321077055"",""disabled"":false},{""id"":""crafted.stat_321077055"",""disabled"":false},{""id"":""explicit.stat_3964634628"",""disabled"":false},{""id"":""implicit.stat_3964634628"",""disabled"":false},{""id"":""fractured.stat_3964634628"",""disabled"":false},{""id"":""explicit.stat_2300399854"",""disabled"":false},{""id"":""implicit.stat_2300399854"",""disabled"":false},{""id"":""fractured.stat_2300399854"",""disabled"":false},{""id"":""explicit.stat_3531280422"",""disabled"":false},{""id"":""implicit.stat_3531280422"",""disabled"":false}]}],""filters"":{""trade_filters"":{""disabled"":true,""filters"":{""sale_type"":{""option"":""any""}}}}}"
e037,"adds_damage_to_spells v2, sound: whether any listed item carries a row — a count of its rows — while showing no `Adds # to # Damage to Spells`. None found: every row is counted wherever it appears. Any found: a row, a twin or an id the site does not count","c4 and d02: a pseudo inside a `not` group, beside a count or a sum, finds what it should",Standard,https://www.pathofexile.com/trade/search/Standard/H4sIAAAAAAAAA5WW72qDMBTF3yWfpeSfUfsqY0imsQi2ioljpfTdF9uyLbdlHP0iJPnl5tzco_fCfLBh8Wx_YeMU-vHE9syezuya3WbixNuFhfPk4ngzLqfAMtb1Q3Dzfapv44T7moa-6cNuRWqpVZ4rUxkR17a9tx-Di6s6O3h3zR5If9yMdLNtwjK7dgPj45nng9tApFoqw3kpCsXxcyEISViphDC5KjSeMAShCUOYNGEI0cy2C5tipOqFUpobLrWB1UMIUQ8xiRaIoDdZ5kJrZeSGmwQQajBTaWEKWW0wGIA8GQxgiMEAIq0XhCDqVVloqaTC6wVCqHqESbUgBKl9Y2QhCs431D6CkCixknl0ZaXwKAhCHYYwSb1AROpJhEjVKyl4UfA8h8UjBNGOIIkQBCA6KqON0kaWuBAEoUoQhjqSc1VVZb7h_4UgT44EGJKzXAlZci3x7_G_yHvGPu2wuLVdOvaxVxLXdZtHf3QaX3ZHk3dLO-7ur9q2ra9be7QHV4ex9pMbBv8q1BrsZ68YY7atq_8M_AJhXlyy1tshbn47FG3r1ucbxss8IvUJAAA,"{""status"":{""option"":""any""},""stats"":[{""type"":""count"",""filters"":[{""id"":""explicit.stat_2435536961"",""disabled"":false},{""id"":""implicit.stat_2435536961"",""disabled"":false},{""id"":""fractured.stat_2435536961"",""disabled"":false},{""id"":""scourge.stat_2435536961"",""disabled"":false},{""id"":""explicit.stat_960081730"",""disabled"":false},{""id"":""fractured.stat_960081730"",""disabled"":false},{""id"":""explicit.stat_2831165374"",""disabled"":false},{""id"":""implicit.stat_2831165374"",""disabled"":false},{""id"":""fractured.stat_2831165374"",""disabled"":false},{""id"":""scourge.stat_2831165374"",""disabled"":false},{""id"":""crafted.stat_2831165374"",""disabled"":false},{""id"":""explicit.stat_1334060246"",""disabled"":false},{""id"":""implicit.stat_1334060246"",""disabled"":false},{""id"":""fractured.stat_1334060246"",""disabled"":false},{""id"":""crafted.stat_1334060246"",""disabled"":false},{""id"":""explicit.stat_2885144362"",""disabled"":false},{""id"":""implicit.stat_2885144362"",""disabled"":false},{""id"":""explicit.stat_2469416729"",""disabled"":false},{""id"":""implicit.stat_2469416729"",""disabled"":false},{""id"":""fractured.stat_2469416729"",""disabled"":false},{""id"":""scourge.stat_2469416729"",""disabled"":false},{""id"":""crafted.stat_2469416729"",""disabled"":false},{""id"":""explicit.stat_2387423236"",""disabled"":false},{""id"":""implicit.stat_2387423236"",""disabled"":false},{""id"":""fractured.stat_2387423236"",""disabled"":false},{""id"":""crafted.stat_2387423236"",""disabled"":false},{""id"":""explicit.stat_1662717006"",""disabled"":false},{""id"":""implicit.stat_1662717006"",""disabled"":false},{""id"":""explicit.stat_1133016593"",""disabled"":false},{""id"":""implicit.stat_1133016593"",""disabled"":false},{""id"":""fractured.stat_1133016593"",""disabled"":false},{""id"":""scourge.stat_1133016593"",""disabled"":false},{""id"":""crafted.stat_1133016593"",""disabled"":false},{""id"":""explicit.stat_321077055"",""disabled"":false},{""id"":""implicit.stat_321077055"",""disabled"":false},{""id"":""fractured.stat_321077055"",""disabled"":false},{""id"":""crafted.stat_321077055"",""disabled"":false},{""id"":""explicit.stat_3964634628"",""disabled"":false},{""id"":""implicit.stat_3964634628"",""disabled"":false},{""id"":""fractured.stat_3964634628"",""disabled"":false},{""id"":""explicit.stat_2300399854"",""disabled"":false},{""id"":""implicit.stat_2300399854"",""disabled"":false},{""id"":""fractured.stat_2300399854"",""disabled"":false},{""id"":""explicit.stat_3531280422"",""disabled"":false},{""id"":""implicit.stat_3531280422"",""disabled"":false}],""value"":{""min"":1}},{""type"":""not"",""filters"":[{""id"":""pseudo.pseudo_adds_damage_to_spells"",""disabled"":false}]}],""filters"":{""trade_filters"":{""disabled"":true,""filters"":{""sale_type"":{""option"":""any""}}}}}"
e038,"total_attack_speed v3, complete: whether any listed item shows `+#% total Attack Speed` while carrying none of its 3 rows (12 ids). None found: the rows are all the site counts. Any found: its lines name what is missing",c1 and c2: a `not` group over every id of a row finds what it should,Standard,https://www.pathofexile.com/trade/search/Standard/H4sIAAAAAAAAA6WTYWvDIBCG_4ufQzGJTdP8lVHkppdN5lT0hJWQ_76kga0dYSSbX5Q7n7tXfR1YIqCcWDcwH8h4xzoG7srG4paZEk8Do2vAW1yzgvXGEsYlYfQUDgmz9odlkuQJrAQiUG8yBcSZ0SbBs52WXQ824XgZi6-qztNaVfwI1ihDh1mGrErOm1NTH1eKFatE05Z1XXFx-oUw7_8jtqjqIyjKEfWfkS260KlXcDtkJeVzfMHtHVSEnvac4gHYf7e14KUoeXsU259DiObc8nPVrlrucueyyX0RNMq7wDdAMePD3gQW5WLXn99kHp93jd_BRQMAAA,"{""status"":{""option"":""any""},""stats"":[{""type"":""and"",""filters"":[{""id"":""pseudo.pseudo_total_attack_speed"",""disabled"":false}]},{""type"":""not"",""filters"":[{""id"":""explicit.stat_210067635"",""disabled"":false},{""id"":""explicit.stat_681332047"",""disabled"":false},{""id"":""implicit.stat_681332047"",""disabled"":false},{""id"":""implicit.stat_210067635"",""disabled"":false},{""id"":""fractured.stat_210067635"",""disabled"":false},{""id"":""fractured.stat_681332047"",""disabled"":false},{""id"":""enchant.stat_210067635"",""disabled"":false},{""id"":""scourge.stat_681332047"",""disabled"":false},{""id"":""crafted.stat_210067635"",""disabled"":false},{""id"":""crafted.stat_681332047"",""disabled"":false},{""id"":""implicit.stat_3401410854"",""disabled"":false},{""id"":""implicit.stat_2446980928"",""disabled"":false}]}],""filters"":{""trade_filters"":{""disabled"":true,""filters"":{""sale_type"":{""option"":""any""}}}}}"
e039,"total_attack_speed v3, sound: whether any listed item carries a row — the site's own sum of its rows, a half or more — while showing no `+#% total Attack Speed`. None found: every row is counted wherever it appears. Any found: a row, a twin or an id the site does not count","c4 and d02: a pseudo inside a `not` group, beside a count or a sum, finds what it should",Standard,https://www.pathofexile.com/trade/search/Standard/H4sIAAAAAAAAA7WUUW-EIAzHvwvPxqCi5_lVloV0WO_IODFQtl2M3304l-1u8WGLjheStv9fW6CMzBNQ8KwZmR1I2541DPorm5IPT3Q8jIyuA0b7K-rTmXKWsE4bQrc4dRtd-DYYrTSls0jmGefVoSrKGPoCJuCMX9SsyVIe4a328GQwajswHqdkFVTVWVHkXBz-DtKXfwFtaK1zoCg4bPcmbWgOe3WGfntvXtngTri5HuWgox1O6I6z2-UXgmci43UpNj8jIapjzY95_XvS403kRcdB5Wk5zfzP8ewtrY3m4DG0Nl02SZbASCAC9Sz9gBG_kmnO9QWKCRy0KG8M3wJyAe9iPRiUS0U_v5R5vQOfcZ-4cQQAAA,"{""status"":{""option"":""any""},""stats"":[{""type"":""weight2"",""filters"":[{""id"":""explicit.stat_210067635"",""value"":{""weight"":1.0},""disabled"":false},{""id"":""explicit.stat_681332047"",""value"":{""weight"":1.0},""disabled"":false},{""id"":""implicit.stat_681332047"",""value"":{""weight"":1.0},""disabled"":false},{""id"":""implicit.stat_210067635"",""value"":{""weight"":1.0},""disabled"":false},{""id"":""fractured.stat_210067635"",""value"":{""weight"":1.0},""disabled"":false},{""id"":""fractured.stat_681332047"",""value"":{""weight"":1.0},""disabled"":false},{""id"":""enchant.stat_210067635"",""value"":{""weight"":1.0},""disabled"":false},{""id"":""scourge.stat_681332047"",""value"":{""weight"":1.0},""disabled"":false},{""id"":""crafted.stat_210067635"",""value"":{""weight"":1.0},""disabled"":false},{""id"":""crafted.stat_681332047"",""value"":{""weight"":1.0},""disabled"":false},{""id"":""implicit.stat_3401410854"",""value"":{""weight"":1.0},""disabled"":false},{""id"":""implicit.stat_2446980928"",""value"":{""weight"":1.0},""disabled"":false}],""value"":{""min"":0.5}},{""type"":""not"",""filters"":[{""id"":""pseudo.pseudo_total_attack_speed"",""disabled"":false}]}],""filters"":{""trade_filters"":{""disabled"":true,""filters"":{""sale_type"":{""option"":""any""}}}}}"
e040,"total_cold_res v1, complete: whether any listed item shows `+#% total to Cold Resistance` while carrying none of its 5 rows (21 ids). None found: the rows are all the site counts. Any found: its lines name what is missing",c1 and c2: a `not` group over every id of a row finds what it should,Standard,https://www.pathofexile.com/trade/search/Standard/H4sIAAAAAAAAA5WU3WrEIBCF38XrsGTNr_sqJQSrkyLYGNRAl5B3r7sp7eouZfQmMJNvnMMcZyPOc786ctmIWbwyM7kQPl_JXtwzIfG2EX9d4B6XpCCT0h7skVAyhBcHqzSn4zN647kehdFytOBUKDILCJhUjr9rCMDEtYN92IvfwrPxrwrD16KVUP5062SsKS1L2jFav6hW_CDqMxuZLBd-tSAzGCfMaj8ggxCWTz7rjlg9ZeeG9X1Vt2j1KCRRj2IiLSginWTXdaxpW5oxSQTyNEkEk8wFQcRaqopVLe2rrsE3hmKixlBEapjyzPq2a8oMwyCQJ8MgmOi5oIjEYv8Qwz48rI6wUiyXMD4E_gBvV4j-dVzDeOygdP3dzjfYxu5NHQUAAA,"{""status"":{""option"":""any""},""stats"":[{""type"":""and"",""filters"":[{""id"":""pseudo.pseudo_total_cold_resistance"",""disabled"":false}]},{""type"":""not"",""filters"":[{""id"":""explicit.stat_4220027924"",""disabled"":false},{""id"":""implicit.stat_4220027924"",""disabled"":false},{""id"":""fractured.stat_4220027924"",""disabled"":false},{""id"":""scourge.stat_4220027924"",""disabled"":false},{""id"":""crafted.stat_4220027924"",""disabled"":false},{""id"":""explicit.stat_2915988346"",""disabled"":false},{""id"":""implicit.stat_2915988346"",""disabled"":false},{""id"":""fractured.stat_2915988346"",""disabled"":false},{""id"":""crafted.stat_2915988346"",""disabled"":false},{""id"":""explicit.stat_4277795662"",""disabled"":false},{""id"":""implicit.stat_4277795662"",""disabled"":false},{""id"":""fractured.stat_4277795662"",""disabled"":false},{""id"":""crafted.stat_4277795662"",""disabled"":false},{""id"":""explicit.stat_3393628375"",""disabled"":false},{""id"":""fractured.stat_3393628375"",""disabled"":false},{""id"":""crafted.stat_3393628375"",""disabled"":false},{""id"":""explicit.stat_2901986750"",""disabled"":false},{""id"":""implicit.stat_2901986750"",""disabled"":false},{""id"":""fractured.stat_2901986750"",""disabled"":false},{""id"":""scourge.stat_2901986750"",""disabled"":false},{""id"":""crafted.stat_2901986750"",""disabled"":false}]}],""filters"":{""trade_filters"":{""disabled"":true,""filters"":{""sale_type"":{""option"":""any""}}}}}"
e041,"total_cold_res v1, sound: whether any listed item carries a row — the site's own sum of its rows, a half or more — while showing no `+#% total to Cold Resistance`. None found: every row is counted wherever it appears. Any found: a row, a twin or an id the site does not count","c4 and d02: a pseudo inside a `not` group, beside a count or a sum, finds what it should",Standard,https://www.pathofexile.com/trade/search/Standard/H4sIAAAAAAAAA62V226DMAyG3yXXCEE4BHiVaUIZMV2klKDE2VYh3n1hVFuhvRkpN5Fi-7Pzy8YTscjRWdJMRI8o9UAawocLmaMfize8TAQvI_j7T5Cnd6QkIr1UCGY1SuFN8DUq2UmMl6A2pzRJKKtp7n0_uHKw8Ndw0qRx4ulCWv6mwAf3XFmYoytJnp9F6g3v0BkQ4SjbaWdOEA7qDO_xGRVtBad1WtRVleVlqOAhpJ3gIaiNTiGgfWMyxuqiLGl4Yx4n3TXmcdSun46DtjplWZ2VtMpYEfy6ENTmdSGg_bQkaV2VrEjCp-U46W5ajqM2v6cQ0G7s_g96vfE8S79MkriYF_x1hQwaH62P0YITOl6PFjVy1XZaidaAlb6YoQPyINmS7pflcxguoL25-AtA42Dja7mCdi1qv_mW7xs0KyBBGAcAAA,"{""status"":{""option"":""any""},""stats"":[{""type"":""weight2"",""filters"":[{""id"":""explicit.stat_4220027924"",""value"":{""weight"":1.0},""disabled"":false},{""id"":""implicit.stat_4220027924"",""value"":{""weight"":1.0},""disabled"":false},{""id"":""fractured.stat_4220027924"",""value"":{""weight"":1.0},""disabled"":false},{""id"":""scourge.stat_4220027924"",""value"":{""weight"":1.0},""disabled"":false},{""id"":""crafted.stat_4220027924"",""value"":{""weight"":1.0},""disabled"":false},{""id"":""explicit.stat_2915988346"",""value"":{""weight"":1.0},""disabled"":false},{""id"":""implicit.stat_2915988346"",""value"":{""weight"":1.0},""disabled"":false},{""id"":""fractured.stat_2915988346"",""value"":{""weight"":1.0},""disabled"":false},{""id"":""crafted.stat_2915988346"",""value"":{""weight"":1.0},""disabled"":false},{""id"":""explicit.stat_4277795662"",""value"":{""weight"":1.0},""disabled"":false},{""id"":""implicit.stat_4277795662"",""value"":{""weight"":1.0},""disabled"":false},{""id"":""fractured.stat_4277795662"",""value"":{""weight"":1.0},""disabled"":false},{""id"":""crafted.stat_4277795662"",""value"":{""weight"":1.0},""disabled"":false},{""id"":""explicit.stat_3393628375"",""value"":{""weight"":1.0},""disabled"":false},{""id"":""fractured.stat_3393628375"",""value"":{""weight"":1.0},""disabled"":false},{""id"":""crafted.stat_3393628375"",""value"":{""weight"":1.0},""disabled"":false},{""id"":""explicit.stat_2901986750"",""value"":{""weight"":1.0},""disabled"":false},{""id"":""implicit.stat_2901986750"",""value"":{""weight"":1.0},""disabled"":false},{""id"":""fractured.stat_2901986750"",""value"":{""weight"":1.0},""disabled"":false},{""id"":""scourge.stat_2901986750"",""value"":{""weight"":1.0},""disabled"":false},{""id"":""crafted.stat_2901986750"",""value"":{""weight"":1.0},""disabled"":false}],""value"":{""min"":0.5}},{""type"":""not"",""filters"":[{""id"":""pseudo.pseudo_total_cold_resistance"",""disabled"":false}]}],""filters"":{""trade_filters"":{""disabled"":true,""filters"":{""sale_type"":{""option"":""any""}}}}}"
e042,"total_fire_res v1, complete: whether any listed item shows `+#% total to Fire Resistance` while carrying none of its 5 rows (21 ids). None found: the rows are all the site counts. Any found: its lines name what is missing",c1 and c2: a `not` group over every id of a row finds what it should,Standard,https://www.pathofexile.com/trade/search/Standard/H4sIAAAAAAAAA5WU3WrDMAyF38XXoTR_tdtXGcF4sTIMXhJsBVpC3n1uM7baK0P2TUDKJ-ugY63Mo8LFs8vKphnNNLILU-ONbcUjExJvK8PbDI-4ZgUbjEVwe8LoEJ49LHo67B-JEyorB-NAOvAmFBl7CJg2Xr1bCMCgrIet24qfwuOErwrDdbamN3i4dyLrmldt1VQNf1Gt-EbMZzYyONXj4kBnML6fFvcBGUTv1IBZd8Tqq3PZnoWomxNZPQlJ1JOYSAuJSCbZNGV7LM9c0CdJQdJJUph4LhQi0cKFKHlZtxl9EZC4LQKQuiWoECfeHjPcQkD-uIXARG-FRCT--ofotu5pb4R94pQG-RT4BdAtEP3rlQW5L6B0993PF1nUWywaBQAA,"{""status"":{""option"":""any""},""stats"":[{""type"":""and"",""filters"":[{""id"":""pseudo.pseudo_total_fire_resistance"",""disabled"":false}]},{""type"":""not"",""filters"":[{""id"":""explicit.stat_3372524247"",""disabled"":false},{""id"":""implicit.stat_3372524247"",""disabled"":false},{""id"":""fractured.stat_3372524247"",""disabled"":false},{""id"":""scourge.stat_3372524247"",""disabled"":false},{""id"":""crafted.stat_3372524247"",""disabled"":false},{""id"":""explicit.stat_2915988346"",""disabled"":false},{""id"":""implicit.stat_2915988346"",""disabled"":false},{""id"":""fractured.stat_2915988346"",""disabled"":false},{""id"":""crafted.stat_2915988346"",""disabled"":false},{""id"":""explicit.stat_3441501978"",""disabled"":false},{""id"":""implicit.stat_3441501978"",""disabled"":false},{""id"":""fractured.stat_3441501978"",""disabled"":false},{""id"":""crafted.stat_3441501978"",""disabled"":false},{""id"":""explicit.stat_378817135"",""disabled"":false},{""id"":""fractured.stat_378817135"",""disabled"":false},{""id"":""crafted.stat_378817135"",""disabled"":false},{""id"":""explicit.stat_2901986750"",""disabled"":false},{""id"":""implicit.stat_2901986750"",""disabled"":false},{""id"":""fractured.stat_2901986750"",""disabled"":false},{""id"":""scourge.stat_2901986750"",""disabled"":false},{""id"":""crafted.stat_2901986750"",""disabled"":false}]}],""filters"":{""trade_filters"":{""disabled"":true,""filters"":{""sale_type"":{""option"":""any""}}}}}"
e043,"total_fire_res v1, sound: whether any listed item carries a row — the site's own sum of its rows, a half or more — while showing no `+#% total to Fire Resistance`. None found: every row is counted wherever it appears. Any found: a row, a twin or an id the site does not count","c4 and d02: a pseudo inside a `not` group, beside a count or a sum, finds what it should",Standard,https://www.pathofexile.com/trade/search/Standard/H4sIAAAAAAAAA62V226DMAyG3yXXCBEOBfoqU4UyMF2kFFDibKsQ774wqq3JejNcbiLF9mfnl41nZlCgNew4s3FCOQ7syMRwZUv0bXGGl5nhdQJ3_wHy_IYpi1gvFYLejLJzJviclGwlxmtQk2VlWqR5mpfO910oCyt_C2dHHieO3kkjXhW44F4oA0t0I8nLs0i9Fi1aDR0dZdrR6jPQQa0WPT6jIl_wtOZFXVVZfqAKTiEFglNQnk4UUNCYec6LhNdlRW5MAilsTALK7ycCKNCprCpe8qygP24_yX_bfk44Kk6h6lAWCX1U9pP-jMp-lPdvooCCmfs_6HTneZFukyRxsaz42_4YRny0OyYDthvj7WhwRKGaXmpoNBjpihlaYA-Srel-WC6HFh00dxe_AagteL5GKGi2osK1t35fvkBNwxUHAAA,"{""status"":{""option"":""any""},""stats"":[{""type"":""weight2"",""filters"":[{""id"":""explicit.stat_3372524247"",""value"":{""weight"":1.0},""disabled"":false},{""id"":""implicit.stat_3372524247"",""value"":{""weight"":1.0},""disabled"":false},{""id"":""fractured.stat_3372524247"",""value"":{""weight"":1.0},""disabled"":false},{""id"":""scourge.stat_3372524247"",""value"":{""weight"":1.0},""disabled"":false},{""id"":""crafted.stat_3372524247"",""value"":{""weight"":1.0},""disabled"":false},{""id"":""explicit.stat_2915988346"",""value"":{""weight"":1.0},""disabled"":false},{""id"":""implicit.stat_2915988346"",""value"":{""weight"":1.0},""disabled"":false},{""id"":""fractured.stat_2915988346"",""value"":{""weight"":1.0},""disabled"":false},{""id"":""crafted.stat_2915988346"",""value"":{""weight"":1.0},""disabled"":false},{""id"":""explicit.stat_3441501978"",""value"":{""weight"":1.0},""disabled"":false},{""id"":""implicit.stat_3441501978"",""value"":{""weight"":1.0},""disabled"":false},{""id"":""fractured.stat_3441501978"",""value"":{""weight"":1.0},""disabled"":false},{""id"":""crafted.stat_3441501978"",""value"":{""weight"":1.0},""disabled"":false},{""id"":""explicit.stat_378817135"",""value"":{""weight"":1.0},""disabled"":false},{""id"":""fractured.stat_378817135"",""value"":{""weight"":1.0},""disabled"":false},{""id"":""crafted.stat_378817135"",""value"":{""weight"":1.0},""disabled"":false},{""id"":""explicit.stat_2901986750"",""value"":{""weight"":1.0},""disabled"":false},{""id"":""implicit.stat_2901986750"",""value"":{""weight"":1.0},""disabled"":false},{""id"":""fractured.stat_2901986750"",""value"":{""weight"":1.0},""disabled"":false},{""id"":""scourge.stat_2901986750"",""value"":{""weight"":1.0},""disabled"":false},{""id"":""crafted.stat_2901986750"",""value"":{""weight"":1.0},""disabled"":false}],""value"":{""min"":0.5}},{""type"":""not"",""filters"":[{""id"":""pseudo.pseudo_total_fire_resistance"",""disabled"":false}]}],""filters"":{""trade_filters"":{""disabled"":true,""filters"":{""sale_type"":{""option"":""any""}}}}}"
e044,"total_lightning_res v1, complete: whether any listed item shows `+#% total to Lightning Resistance` while carrying none of its 5 rows (21 ids). None found: the rows are all the site counts. Any found: its lines name what is missing",c1 and c2: a `not` group over every id of a row finds what it should,Standard,https://www.pathofexile.com/trade/search/Standard/H4sIAAAAAAAAA5WU22qEMBBA_yXPsniP7q8UCakZbSBVSUboIv57s2tpN2Epoy-BmZxJzgRnYw4lro5dNzYvqOeJXZmcbmxPHhmfeNsY3hZ4xBVL2KANgj0SWvnw4mBV8-VYBM4ojTB6_MBJT6Ow4LSvNPXgWaWdfDfgqUEaB3u3J7_VpxlfVYevxehe4-V-HZHVPCt4XZT8RbXkB9Gfp5HByh5XC-oE4_p5tSOcIHorBzx1RmhflGVWpVnLG7I9CYnsSUzgQiJClzLnnLdVXedkFxISuZCYwIVExO9SV2meN012pskEJmoygQgvlrf-UZqaVym5ySQkciExwe9CIgL7f4lu755Ghx8pVioQT4E_AO0KwV4nDYhjBsUz8P59A9OkRY4iBQAA,"{""status"":{""option"":""any""},""stats"":[{""type"":""and"",""filters"":[{""id"":""pseudo.pseudo_total_lightning_resistance"",""disabled"":false}]},{""type"":""not"",""filters"":[{""id"":""explicit.stat_1671376347"",""disabled"":false},{""id"":""implicit.stat_1671376347"",""disabled"":false},{""id"":""fractured.stat_1671376347"",""disabled"":false},{""id"":""scourge.stat_1671376347"",""disabled"":false},{""id"":""crafted.stat_1671376347"",""disabled"":false},{""id"":""explicit.stat_3441501978"",""disabled"":false},{""id"":""implicit.stat_3441501978"",""disabled"":false},{""id"":""fractured.stat_3441501978"",""disabled"":false},{""id"":""crafted.stat_3441501978"",""disabled"":false},{""id"":""explicit.stat_4277795662"",""disabled"":false},{""id"":""implicit.stat_4277795662"",""disabled"":false},{""id"":""fractured.stat_4277795662"",""disabled"":false},{""id"":""crafted.stat_4277795662"",""disabled"":false},{""id"":""explicit.stat_3465022881"",""disabled"":false},{""id"":""fractured.stat_3465022881"",""disabled"":false},{""id"":""crafted.stat_3465022881"",""disabled"":false},{""id"":""explicit.stat_2901986750"",""disabled"":false},{""id"":""implicit.stat_2901986750"",""disabled"":false},{""id"":""fractured.stat_2901986750"",""disabled"":false},{""id"":""scourge.stat_2901986750"",""disabled"":false},{""id"":""crafted.stat_2901986750"",""disabled"":false}]}],""filters"":{""trade_filters"":{""disabled"":true,""filters"":{""sale_type"":{""option"":""any""}}}}}"
e045,"total_lightning_res v1, sound: whether any listed item carries a row — the site's own sum of its rows, a half or more — while showing no `+#% total to Lightning Resistance`. None found: every row is counted wherever it appears. Any found: a row, a twin or an id the site does not count","c4 and d02: a pseudo inside a `not` group, beside a count or a sum, finds what it should",Standard,https://www.pathofexile.com/trade/search/Standard/H4sIAAAAAAAAA62V0W6DMAxF_yXPCBEKBPiVqUIZGBYpBZSYbRXi3xdGtTWoT5i8IMX2sbm6imdmUeJkWTmzYUQ19Kxksr-zJfiNuMDbzPA-grv_AtV9YMwC1iqNYLagalwIvketaoXhWlTxTPCLyC6JcLmfUk-w8rdyVvIwcvRGWfmuwRW3UltYggdJ3c4itUbWOBlo6ChbD5PpgA6qjWzxjIl8wS9JwtOIFyKnCk4h7QSnoDydKCBfpyQWQhRplsVUnSiknU4UlKcTBbT3U5ZGcZzn_AQXHEftXHAc5P9dXDgz5ZlII6oLKKSdThSU9zxRQJ7gR0DXp8ybcsskCtNlxT9WSD_gq_UxWpiaIdw-FQ4odaXXPr3qu8qAVW6ivgb2ouPa8w_oGhnZQPV08V-AZgIv10oN1TbZfv2t5wdc_AenHQcAAA,"{""status"":{""option"":""any""},""stats"":[{""type"":""weight2"",""filters"":[{""id"":""explicit.stat_1671376347"",""value"":{""weight"":1.0},""disabled"":false},{""id"":""implicit.stat_1671376347"",""value"":{""weight"":1.0},""disabled"":false},{""id"":""fractured.stat_1671376347"",""value"":{""weight"":1.0},""disabled"":false},{""id"":""scourge.stat_1671376347"",""value"":{""weight"":1.0},""disabled"":false},{""id"":""crafted.stat_1671376347"",""value"":{""weight"":1.0},""disabled"":false},{""id"":""explicit.stat_3441501978"",""value"":{""weight"":1.0},""disabled"":false},{""id"":""implicit.stat_3441501978"",""value"":{""weight"":1.0},""disabled"":false},{""id"":""fractured.stat_3441501978"",""value"":{""weight"":1.0},""disabled"":false},{""id"":""crafted.stat_3441501978"",""value"":{""weight"":1.0},""disabled"":false},{""id"":""explicit.stat_4277795662"",""value"":{""weight"":1.0},""disabled"":false},{""id"":""implicit.stat_4277795662"",""value"":{""weight"":1.0},""disabled"":false},{""id"":""fractured.stat_4277795662"",""value"":{""weight"":1.0},""disabled"":false},{""id"":""crafted.stat_4277795662"",""value"":{""weight"":1.0},""disabled"":false},{""id"":""explicit.stat_3465022881"",""value"":{""weight"":1.0},""disabled"":false},{""id"":""fractured.stat_3465022881"",""value"":{""weight"":1.0},""disabled"":false},{""id"":""crafted.stat_3465022881"",""value"":{""weight"":1.0},""disabled"":false},{""id"":""explicit.stat_2901986750"",""value"":{""weight"":1.0},""disabled"":false},{""id"":""implicit.stat_2901986750"",""value"":{""weight"":1.0},""disabled"":false},{""id"":""fractured.stat_2901986750"",""value"":{""weight"":1.0},""disabled"":false},{""id"":""scourge.stat_2901986750"",""value"":{""weight"":1.0},""disabled"":false},{""id"":""crafted.stat_2901986750"",""value"":{""weight"":1.0},""disabled"":false}],""value"":{""min"":0.5}},{""type"":""not"",""filters"":[{""id"":""pseudo.pseudo_total_lightning_resistance"",""disabled"":false}]}],""filters"":{""trade_filters"":{""disabled"":true,""filters"":{""sale_type"":{""option"":""any""}}}}}"
e046,"total_ele_res v1, complete: whether any listed item shows `+#% total Elemental Resistance` while carrying none of its 10 rows (41 ids). None found: the rows are all the site counts. Any found: its lines name what is missing",c1 and c2: a `not` group over every id of a row finds what it should,Standard,https://www.pathofexile.com/trade/search/Standard/H4sIAAAAAAAAA5WWbWuDMBCA_0s-y9CYF-1fGUUyPUfAqiQRVor_fWk7tuZaxsUvSuIT83CX8y7MBxM2zw4XtqzBLjM7MDOf2V7cZuLE-4WF8wq38YEVbLRTAHefsEMcXj1sw_J2v3VhCWbqYIITzNcnB97GleYeIjtYbz4miNRoJg_7cS9-V5-X8Gp1-Fon29vwdt1OV9eaSy640C9WK34Qe8pGRmf6sDkYMhjfL5v7hAyid2YMWd9I7XlbybZpaqHI9iQE2ZOYxIVEoEgKUcmyanVDjyQFwZGkMGlcKARy0U1T6aqWGfsiIOm2CADOlmjRKC3LjGwhIE_ZQmCSs0IiUH4RiNRecF6WXLdckO1JCLInMYk9iUjsSQS211q3UimeYU9AnuwJDHIhELjmt7XiTa1zjheFQeWYQKQbq1Q8j1rVGT8jEoJcSEySYiQisScRuIArWXIeq1JONSYwqBr_Qxz340PHEDsJZwboHgb-gOA2SN71ZoLu3nrg1ud6fQPbZsH7GQkAAA,"{""status"":{""option"":""any""},""stats"":[{""type"":""and"",""filters"":[{""id"":""pseudo.pseudo_total_elemental_resistance"",""disabled"":false}]},{""type"":""not"",""filters"":[{""id"":""explicit.stat_3372524247"",""disabled"":false},{""id"":""implicit.stat_3372524247"",""disabled"":false},{""id"":""fractured.stat_3372524247"",""disabled"":false},{""id"":""scourge.stat_3372524247"",""disabled"":false},{""id"":""crafted.stat_3372524247"",""disabled"":false},{""id"":""explicit.stat_2915988346"",""disabled"":false},{""id"":""implicit.stat_2915988346"",""disabled"":false},{""id"":""fractured.stat_2915988346"",""disabled"":false},{""id"":""crafted.stat_2915988346"",""disabled"":false},{""id"":""explicit.stat_3441501978"",""disabled"":false},{""id"":""implicit.stat_3441501978"",""disabled"":false},{""id"":""fractured.stat_3441501978"",""disabled"":false},{""id"":""crafted.stat_3441501978"",""disabled"":false},{""id"":""explicit.stat_378817135"",""disabled"":false},{""id"":""fractured.stat_378817135"",""disabled"":false},{""id"":""crafted.stat_378817135"",""disabled"":false},{""id"":""explicit.stat_2901986750"",""disabled"":false},{""id"":""implicit.stat_2901986750"",""disabled"":false},{""id"":""fractured.stat_2901986750"",""disabled"":false},{""id"":""scourge.stat_2901986750"",""disabled"":false},{""id"":""crafted.stat_2901986750"",""disabled"":false},{""id"":""explicit.stat_4220027924"",""disabled"":false},{""id"":""implicit.stat_4220027924"",""disabled"":false},{""id"":""fractured.stat_4220027924"",""disabled"":false},{""id"":""scourge.stat_4220027924"",""disabled"":false},{""id"":""crafted.stat_4220027924"",""disabled"":false},{""id"":""explicit.stat_4277795662"",""disabled"":false},{""id"":""implicit.stat_4277795662"",""disabled"":false},{""id"":""fractured.stat_4277795662"",""disabled"":false},{""id"":""crafted.stat_4277795662"",""disabled"":false},{""id"":""explicit.stat_3393628375"",""disabled"":false},{""id"":""fractured.stat_3393628375"",""disabled"":false},{""id"":""crafted.stat_3393628375"",""disabled"":false},{""id"":""explicit.stat_1671376347"",""disabled"":false},{""id"":""implicit.stat_1671376347"",""disabled"":false},{""id"":""fractured.stat_1671376347"",""disabled"":false},{""id"":""scourge.stat_1671376347"",""disabled"":false},{""id"":""crafted.stat_1671376347"",""disabled"":false},{""id"":""explicit.stat_3465022881"",""disabled"":false},{""id"":""fractured.stat_3465022881"",""disabled"":false},{""id"":""crafted.stat_3465022881"",""disabled"":false}]}],""filters"":{""trade_filters"":{""disabled"":true,""filters"":{""sale_type"":{""option"":""any""}}}}}"
e047,"total_ele_res v1, sound: whether any listed item carries a row — the site's own sum of its rows, a half or more — while showing no `+#% total Elemental Resistance`. None found: every row is counted wherever it appears. Any found: a row, a twin or an id the site does not count","c4 and d02: a pseudo inside a `not` group, beside a count or a sum, finds what it should",Standard,https://www.pathofexile.com/trade/search/Standard/H4sIAAAAAAAAA63X0W6DIBQG4HfhujGKAtpXWRbD9NiRUG0AtzVN3304m60wb8ppb2xEPvAPIFyIddLNluwvZDo5NY1kT-R4JtfdT4kveLkQdz6Bv_8J6vDuKNmRQWkHZi1UvS-Cr5NWnXLZUqktS0EZrWgl_LMfUs-w-Gt1si-y3Ou9svJNg688SG3hurtJ6vgsaTCyc7OBHk_ZbprNAfBQZ-TgntGjMHDaFKyp67LiWxJ9IHCMFAWOoYKcMFA0MKuqYHnRiBqbE0aKByaCCscTAopyEnVdiKJk-FmXLoXvlu7EU8UnVHPB8i2pfGiqpEv_pko6FaxNGCiac-lQGHhFaZ5T0dAK-zHASFHgGCoIHAMFgWOgOHAhRMM4p9hFDiP9CzydinJKh-JdSlNyWpfiCascgoq2BOlQ-HYF96ul4CV-D4aRopwwVDDtMFAQOAaK9xac5ZT6zxR-OCGoaEfwOPR69-RR-fNAnrHrwt9OAePktk4AJwtzP2XrpXWTk7oFDUcYl38GrPI9GjsgGy0ubf6CviEje2jvbvxVcGaG4FkrNbRrz-ITzPL7BuNFJBbgDAAA,"{""status"":{""option"":""any""},""stats"":[{""type"":""weight2"",""filters"":[{""id"":""explicit.stat_3372524247"",""value"":{""weight"":1.0},""disabled"":false},{""id"":""implicit.stat_3372524247"",""value"":{""weight"":1.0},""disabled"":false},{""id"":""fractured.stat_3372524247"",""value"":{""weight"":1.0},""disabled"":false},{""id"":""scourge.stat_3372524247"",""value"":{""weight"":1.0},""disabled"":false},{""id"":""crafted.stat_3372524247"",""value"":{""weight"":1.0},""disabled"":false},{""id"":""explicit.stat_2915988346"",""value"":{""weight"":2.0},""disabled"":false},{""id"":""implicit.stat_2915988346"",""value"":{""weight"":2.0},""disabled"":false},{""id"":""fractured.stat_2915988346"",""value"":{""weight"":2.0},""disabled"":false},{""id"":""crafted.stat_2915988346"",""value"":{""weight"":2.0},""disabled"":false},{""id"":""explicit.stat_3441501978"",""value"":{""weight"":2.0},""disabled"":false},{""id"":""implicit.stat_3441501978"",""value"":{""weight"":2.0},""disabled"":false},{""id"":""fractured.stat_3441501978"",""value"":{""weight"":2.0},""disabled"":false},{""id"":""crafted.stat_3441501978"",""value"":{""weight"":2.0},""disabled"":false},{""id"":""explicit.stat_378817135"",""value"":{""weight"":1.0},""disabled"":false},{""id"":""fractured.stat_378817135"",""value"":{""weight"":1.0},""disabled"":false},{""id"":""crafted.stat_378817135"",""value"":{""weight"":1.0},""disabled"":false},{""id"":""explicit.stat_2901986750"",""value"":{""weight"":3.0},""disabled"":false},{""id"":""implicit.stat_2901986750"",""value"":{""weight"":3.0},""disabled"":false},{""id"":""fractured.stat_2901986750"",""value"":{""weight"":3.0},""disabled"":false},{""id"":""scourge.stat_2901986750"",""value"":{""weight"":3.0},""disabled"":false},{""id"":""crafted.stat_2901986750"",""value"":{""weight"":3.0},""disabled"":false},{""id"":""explicit.stat_4220027924"",""value"":{""weight"":1.0},""disabled"":false},{""id"":""implicit.stat_4220027924"",""value"":{""weight"":1.0},""disabled"":false},{""id"":""fractured.stat_4220027924"",""value"":{""weight"":1.0},""disabled"":false},{""id"":""scourge.stat_4220027924"",""value"":{""weight"":1.0},""disabled"":false},{""id"":""crafted.stat_4220027924"",""value"":{""weight"":1.0},""disabled"":false},{""id"":""explicit.stat_4277795662"",""value"":{""weight"":2.0},""disabled"":false},{""id"":""implicit.stat_4277795662"",""value"":{""weight"":2.0},""disabled"":false},{""id"":""fractured.stat_4277795662"",""value"":{""weight"":2.0},""disabled"":false},{""id"":""crafted.stat_4277795662"",""value"":{""weight"":2.0},""disabled"":false},{""id"":""explicit.stat_3393628375"",""value"":{""weight"":1.0},""disabled"":false},{""id"":""fractured.stat_3393628375"",""value"":{""weight"":1.0},""disabled"":false},{""id"":""crafted.stat_3393628375"",""value"":{""weight"":1.0},""disabled"":false},{""id"":""explicit.stat_1671376347"",""value"":{""weight"":1.0},""disabled"":false},{""id"":""implicit.stat_1671376347"",""value"":{""weight"":1.0},""disabled"":false},{""id"":""fractured.stat_1671376347"",""value"":{""weight"":1.0},""disabled"":false},{""id"":""scourge.stat_1671376347"",""value"":{""weight"":1.0},""disabled"":false},{""id"":""crafted.stat_1671376347"",""value"":{""weight"":1.0},""disabled"":false},{""id"":""explicit.stat_3465022881"",""value"":{""weight"":1.0},""disabled"":false},{""id"":""fractured.stat_3465022881"",""value"":{""weight"":1.0},""disabled"":false},{""id"":""crafted.stat_3465022881"",""value"":{""weight"":1.0},""disabled"":false}],""value"":{""min"":0.5}},{""type"":""not"",""filters"":[{""id"":""pseudo.pseudo_total_elemental_resistance"",""disabled"":false}]}],""filters"":{""trade_filters"":{""disabled"":true,""filters"":{""sale_type"":{""option"":""any""}}}}}"
e048,"total_chaos_res v1, complete: whether any listed item shows `+#% total to Chaos Resistance` while carrying none of its 4 rows (13 ids). None found: the rows are all the site counts. Any found: its lines name what is missing",c1 and c2: a `not` group over every id of a row finds what it should,Standard,https://www.pathofexile.com/trade/search/Standard/H4sIAAAAAAAAA5WTb2vDIBCHv4uvQ1m1-devMoLc9LIJLgY9YSXku882pWtCGdE3wp3Pj-fgnFggoBjYeWJuJOMGdmYwXNhc3Dqp8T4xuox4q2tWsN5YQr80jE7lMWDU7rBckhyBleoLXJAeg0kpg8LEaRPgw2IierAB524uHsmDo1fJ-DNaowwdriqSt1ycmoqX7Yu04o6Y72yk96AoetQZTFAu-k_MINaziLppjvVRlPu99iDKQ085wMZKtKLijahztPYwa689xEbsVJVvnKd5MsT2MGux_4hu7p42NG2uB43yqfAHkI-4ehvAolxWffvNrucX5u-oAYUDAAA,"{""status"":{""option"":""any""},""stats"":[{""type"":""and"",""filters"":[{""id"":""pseudo.pseudo_total_chaos_resistance"",""disabled"":false}]},{""type"":""not"",""filters"":[{""id"":""explicit.stat_2923486259"",""disabled"":false},{""id"":""implicit.stat_2923486259"",""disabled"":false},{""id"":""fractured.stat_2923486259"",""disabled"":false},{""id"":""scourge.stat_2923486259"",""disabled"":false},{""id"":""explicit.stat_378817135"",""disabled"":false},{""id"":""fractured.stat_378817135"",""disabled"":false},{""id"":""crafted.stat_378817135"",""disabled"":false},{""id"":""explicit.stat_3393628375"",""disabled"":false},{""id"":""fractured.stat_3393628375"",""disabled"":false},{""id"":""crafted.stat_3393628375"",""disabled"":false},{""id"":""explicit.stat_3465022881"",""disabled"":false},{""id"":""fractured.stat_3465022881"",""disabled"":false},{""id"":""crafted.stat_3465022881"",""disabled"":false}]}],""filters"":{""trade_filters"":{""disabled"":true,""filters"":{""sale_type"":{""option"":""any""}}}}}"
e049,"total_chaos_res v1, sound: whether any listed item carries a row — the site's own sum of its rows, a half or more — while showing no `+#% total to Chaos Resistance`. None found: every row is counted wherever it appears. Any found: a row, a twin or an id the site does not count","c4 and d02: a pseudo inside a `not` group, beside a count or a sum, finds what it should",Standard,https://www.pathofexile.com/trade/search/Standard/H4sIAAAAAAAAA62U3W7DIAyF34XrKEqg-X2VqUKMOC0SDRGYbVWUdx9Zqq2JejXCDRLH_uxjyUzEoUDvSDsRM6IyA2mJGO5kTn6UILxNBO8jhPdPUJcrUpKQXmkEu4qqCxJ8jVpJhemSxGlD2akuadGE2A-hPSz8NZ20eZoFeqeceNcQknuhHczJg6RuR5F6KyR6C108yknj7QXiQds5saqu8ypnRbS5CJK0oscDODtrrGElrVl1gLcI1NZcBGjn7lQWGaVhVvHuIlBbd_8AnZ8ibyrsfpYW84J_bPxg8NW2jw58Z9L14mhQaC6vwjhuwanQzSCBvKi21PuFhSJWdMCfHv4S0HrYxDqhga9d7X-q5XwD0aDAucgEAAA,"{""status"":{""option"":""any""},""stats"":[{""type"":""weight2"",""filters"":[{""id"":""explicit.stat_2923486259"",""value"":{""weight"":1.0},""disabled"":false},{""id"":""implicit.stat_2923486259"",""value"":{""weight"":1.0},""disabled"":false},{""id"":""fractured.stat_2923486259"",""value"":{""weight"":1.0},""disabled"":false},{""id"":""scourge.stat_2923486259"",""value"":{""weight"":1.0},""disabled"":false},{""id"":""explicit.stat_378817135"",""value"":{""weight"":1.0},""disabled"":false},{""id"":""fractured.stat_378817135"",""value"":{""weight"":1.0},""disabled"":false},{""id"":""crafted.stat_378817135"",""value"":{""weight"":1.0},""disabled"":false},{""id"":""explicit.stat_3393628375"",""value"":{""weight"":1.0},""disabled"":false},{""id"":""fractured.stat_3393628375"",""value"":{""weight"":1.0},""disabled"":false},{""id"":""crafted.stat_3393628375"",""value"":{""weight"":1.0},""disabled"":false},{""id"":""explicit.stat_3465022881"",""value"":{""weight"":1.0},""disabled"":false},{""id"":""fractured.stat_3465022881"",""value"":{""weight"":1.0},""disabled"":false},{""id"":""crafted.stat_3465022881"",""value"":{""weight"":1.0},""disabled"":false}],""value"":{""min"":0.5}},{""type"":""not"",""filters"":[{""id"":""pseudo.pseudo_total_chaos_resistance"",""disabled"":false}]}],""filters"":{""trade_filters"":{""disabled"":true,""filters"":{""sale_type"":{""option"":""any""}}}}}"
e050,"total_res v1, complete: whether any listed item shows `+#% total Resistance` while carrying none of its 11 rows (45 ids). None found: the rows are all the site counts. Any found: its lines name what is missing",c1 and c2: a `not` group over every id of a row finds what it should,Standard,https://www.pathofexile.com/trade/search/Standard/H4sIAAAAAAAAA5XW7WrDIBQG4HvxdyiJ3-mtjBJcYoaQJUENrJTc-2w7tnpaxjF_CprH-qKeeCEhmrgFcryQZY1umcmRmPlM9urWkzreLiSeV3trH0hFRjdF6-8dbkjNa7DbsBzuP11copk6b4NLfu5tEoML5n2y6d3RTMHup736HXNe4qsx7dc6ud7Fw3USHWOKCsopVy9Gq36I-ywmozd93LwdCkzol81_2ALRezPGov_I09O2Ea3WjEt0ehQB6VEmy4ISYCU5b0TdtErjVxJD4EpiTL4uGAGyKK0b1TBRMC8EyaeFAHC3pBRaKlEX7BYEedotCJOdFZQA-wsh8vSc0rqmqqUcnR5FQHqUydKjRJYeJWB6pVQrpKQF6RHkKT3CgCwIAWt-yyTVTJUcL4wB5Rgh8ok1Mp1HJVnBxwhFQBaUybYYSmTpUQIWcClqSlNVKqnGCAOqMULAukcZ15KKtqDuIchT3UMYUPf-Eaf99HD7SbcibwbbPTT8geg3m70bzGS7-zUKXt6uzzcGY5JY2wkAAA,"{""status"":{""option"":""any""},""stats"":[{""type"":""and"",""filters"":[{""id"":""pseudo.pseudo_total_resistance"",""disabled"":false}]},{""type"":""not"",""filters"":[{""id"":""explicit.stat_3372524247"",""disabled"":false},{""id"":""implicit.stat_3372524247"",""disabled"":false},{""id"":""fractured.stat_3372524247"",""disabled"":false},{""id"":""scourge.stat_3372524247"",""disabled"":false},{""id"":""crafted.stat_3372524247"",""disabled"":false},{""id"":""explicit.stat_2915988346"",""disabled"":false},{""id"":""implicit.stat_2915988346"",""disabled"":false},{""id"":""fractured.stat_2915988346"",""disabled"":false},{""id"":""crafted.stat_2915988346"",""disabled"":false},{""id"":""explicit.stat_3441501978"",""disabled"":false},{""id"":""implicit.stat_3441501978"",""disabled"":false},{""id"":""fractured.stat_3441501978"",""disabled"":false},{""id"":""crafted.stat_3441501978"",""disabled"":false},{""id"":""explicit.stat_378817135"",""disabled"":false},{""id"":""fractured.stat_378817135"",""disabled"":false},{""id"":""crafted.stat_378817135"",""disabled"":false},{""id"":""explicit.stat_2901986750"",""disabled"":false},{""id"":""implicit.stat_2901986750"",""disabled"":false},{""id"":""fractured.stat_2901986750"",""disabled"":false},{""id"":""scourge.stat_2901986750"",""disabled"":false},{""id"":""crafted.stat_2901986750"",""disabled"":false},{""id"":""explicit.stat_4220027924"",""disabled"":false},{""id"":""implicit.stat_4220027924"",""disabled"":false},{""id"":""fractured.stat_4220027924"",""disabled"":false},{""id"":""scourge.stat_4220027924"",""disabled"":false},{""id"":""crafted.stat_4220027924"",""disabled"":false},{""id"":""explicit.stat_4277795662"",""disabled"":false},{""id"":""implicit.stat_4277795662"",""disabled"":false},{""id"":""fractured.stat_4277795662"",""disabled"":false},{""id"":""crafted.stat_4277795662"",""disabled"":false},{""id"":""explicit.stat_3393628375"",""disabled"":false},{""id"":""fractured.stat_3393628375"",""disabled"":false},{""id"":""crafted.stat_3393628375"",""disabled"":false},{""id"":""explicit.stat_1671376347"",""disabled"":false},{""id"":""implicit.stat_1671376347"",""disabled"":false},{""id"":""fractured.stat_1671376347"",""disabled"":false},{""id"":""scourge.stat_1671376347"",""disabled"":false},{""id"":""crafted.stat_1671376347"",""disabled"":false},{""id"":""explicit.stat_3465022881"",""disabled"":false},{""id"":""fractured.stat_3465022881"",""disabled"":false},{""id"":""crafted.stat_3465022881"",""disabled"":false},{""id"":""explicit.stat_2923486259"",""disabled"":false},{""id"":""implicit.stat_2923486259"",""disabled"":false},{""id"":""fractured.stat_2923486259"",""disabled"":false},{""id"":""scourge.stat_2923486259"",""disabled"":false}]}],""filters"":{""trade_filters"":{""disabled"":true,""filters"":{""sale_type"":{""option"":""any""}}}}}"
e051,"total_res v1, sound: whether any listed item carries a row — the site's own sum of its rows, a half or more — while showing no `+#% total Resistance`. None found: every row is counted wherever it appears. Any found: a row, a twin or an id the site does not count","c4 and d02: a pseudo inside a `not` group, beside a count or a sum, finds what it should",Standard,https://www.pathofexile.com/trade/search/Standard/H4sIAAAAAAAAA63X3W6DIBgG4HvhuDEKAtpbWRbDFDsSpwZxW9P03oez2cpXT8pnT5qIPMIbfi9kcsrNEzleyDA6M_TkSFR_JtfDb4kveLkQdx61f_6lzendUXIgremctmuhaXyR_h47UxuXLJUqxiTlNKe59O9-qm7Wi79WJ8csSb3emEm9ddpXblU36evhJpmPvaTWqtrNVjd4aqqH2Z40Hqqtat0eLQoDp2XGy6JgudiS6BOBYyQQOIYKcsJAYGDmecbTrJQFNieMBAcmggrHEwICOcmiyGTGOL5z8VLYt3gHThWfUCEkT7ck9tRUiZcepko8FaxNGAjMuXgoDDynNE2pLGmO3QwwEggcQwWBY6AgcAwEA5dSllwIil3kMNJD4PEUyCkegqeUkglaMLnDKoegwJEgHgp7lwm_WkrB8GcwjARywlDBtMNAQeAYCJ4tBE8p9dvUDieCeAqcCOIhuG1SlheC8hI7nDDSw7YZT4Ft83no9e7ND-PvTWnCrwt_uy31g9u6KY2TnpshWf8qNzjVVVZPxrejrzXZ-M7ypT_G81Y1urp78F_B2VkH706q09XaHni_W34_KeMeaf4NAAA,"{""status"":{""option"":""any""},""stats"":[{""type"":""weight2"",""filters"":[{""id"":""explicit.stat_3372524247"",""value"":{""weight"":1.0},""disabled"":false},{""id"":""implicit.stat_3372524247"",""value"":{""weight"":1.0},""disabled"":false},{""id"":""fractured.stat_3372524247"",""value"":{""weight"":1.0},""disabled"":false},{""id"":""scourge.stat_3372524247"",""value"":{""weight"":1.0},""disabled"":false},{""id"":""crafted.stat_3372524247"",""value"":{""weight"":1.0},""disabled"":false},{""id"":""explicit.stat_2915988346"",""value"":{""weight"":2.0},""disabled"":false},{""id"":""implicit.stat_2915988346"",""value"":{""weight"":2.0},""disabled"":false},{""id"":""fractured.stat_2915988346"",""value"":{""weight"":2.0},""disabled"":false},{""id"":""crafted.stat_2915988346"",""value"":{""weight"":2.0},""disabled"":false},{""id"":""explicit.stat_3441501978"",""value"":{""weight"":2.0},""disabled"":false},{""id"":""implicit.stat_3441501978"",""value"":{""weight"":2.0},""disabled"":false},{""id"":""fractured.stat_3441501978"",""value"":{""weight"":2.0},""disabled"":false},{""id"":""crafted.stat_3441501978"",""value"":{""weight"":2.0},""disabled"":false},{""id"":""explicit.stat_378817135"",""value"":{""weight"":2.0},""disabled"":false},{""id"":""fractured.stat_378817135"",""value"":{""weight"":2.0},""disabled"":false},{""id"":""crafted.stat_378817135"",""value"":{""weight"":2.0},""disabled"":false},{""id"":""explicit.stat_2901986750"",""value"":{""weight"":3.0},""disabled"":false},{""id"":""implicit.stat_2901986750"",""value"":{""weight"":3.0},""disabled"":false},{""id"":""fractured.stat_2901986750"",""value"":{""weight"":3.0},""disabled"":false},{""id"":""scourge.stat_2901986750"",""value"":{""weight"":3.0},""disabled"":false},{""id"":""crafted.stat_2901986750"",""value"":{""weight"":3.0},""disabled"":false},{""id"":""explicit.stat_4220027924"",""value"":{""weight"":1.0},""disabled"":false},{""id"":""implicit.stat_4220027924"",""value"":{""weight"":1.0},""disabled"":false},{""id"":""fractured.stat_4220027924"",""value"":{""weight"":1.0},""disabled"":false},{""id"":""scourge.stat_4220027924"",""value"":{""weight"":1.0},""disabled"":false},{""id"":""crafted.stat_4220027924"",""value"":{""weight"":1.0},""disabled"":false},{""id"":""explicit.stat_4277795662"",""value"":{""weight"":2.0},""disabled"":false},{""id"":""implicit.stat_4277795662"",""value"":{""weight"":2.0},""disabled"":false},{""id"":""fractured.stat_4277795662"",""value"":{""weight"":2.0},""disabled"":false},{""id"":""crafted.stat_4277795662"",""value"":{""weight"":2.0},""disabled"":false},{""id"":""explicit.stat_3393628375"",""value"":{""weight"":2.0},""disabled"":false},{""id"":""fractured.stat_3393628375"",""value"":{""weight"":2.0},""disabled"":false},{""id"":""crafted.stat_3393628375"",""value"":{""weight"":2.0},""disabled"":false},{""id"":""explicit.stat_1671376347"",""value"":{""weight"":1.0},""disabled"":false},{""id"":""implicit.stat_1671376347"",""value"":{""weight"":1.0},""disabled"":false},{""id"":""fractured.stat_1671376347"",""value"":{""weight"":1.0},""disabled"":false},{""id"":""scourge.stat_1671376347"",""value"":{""weight"":1.0},""disabled"":false},{""id"":""crafted.stat_1671376347"",""value"":{""weight"":1.0},""disabled"":false},{""id"":""explicit.stat_3465022881"",""value"":{""weight"":2.0},""disabled"":false},{""id"":""fractured.stat_3465022881"",""value"":{""weight"":2.0},""disabled"":false},{""id"":""crafted.stat_3465022881"",""value"":{""weight"":2.0},""disabled"":false},{""id"":""explicit.stat_2923486259"",""value"":{""weight"":1.0},""disabled"":false},{""id"":""implicit.stat_2923486259"",""value"":{""weight"":1.0},""disabled"":false},{""id"":""fractured.stat_2923486259"",""value"":{""weight"":1.0},""disabled"":false},{""id"":""scourge.stat_2923486259"",""value"":{""weight"":1.0},""disabled"":false}],""value"":{""min"":0.5}},{""type"":""not"",""filters"":[{""id"":""pseudo.pseudo_total_resistance"",""disabled"":false}]}],""filters"":{""trade_filters"":{""disabled"":true,""filters"":{""sale_type"":{""option"":""any""}}}}}"
e052,"total_str v1, complete: whether any listed item shows `+# total to Strength` while carrying none of its 4 rows (18 ids). None found: the rows are all the site counts. Any found: its lines name what is missing",c1 and c2: a `not` group over every id of a row finds what it should,Standard,https://www.pathofexile.com/trade/search/Standard/H4sIAAAAAAAAA52UUWuDMBCA_0uepRgTbdq_MkQyc3aBzEhyQov432fr2Bop41xeAnf33eV7uEwsosYxsvPE_IDW9-zMdH9jc_bILIm3ieFtgEfcsIx11iGENWHNEh4ijMYf1qtBj9o1EQP0F_xY6o2N-t3BUtlpF2Gu5-ynY-_xVUe4Ds62Fg_3JzQyV7nkqpLyRbfsG7Gfu5Eu6BbHAGYHE1s_hgvsINqgO9w1I7UvhVJSqVyQ5SnExp2CJCIUIPXgpSiroipUSUaKUorT8ZjzguxOmrKRJzGJ_T9cuDieJOdKVHQXCrJ1oTCpy19EPddP67msbdAGmqfAL4BhhKQ2agfNuufbv-V-vgAogZbQegQAAA,"{""status"":{""option"":""any""},""stats"":[{""type"":""and"",""filters"":[{""id"":""pseudo.pseudo_total_strength"",""disabled"":false}]},{""type"":""not"",""filters"":[{""id"":""explicit.stat_4080418644"",""disabled"":false},{""id"":""implicit.stat_4080418644"",""disabled"":false},{""id"":""fractured.stat_4080418644"",""disabled"":false},{""id"":""scourge.stat_4080418644"",""disabled"":false},{""id"":""crafted.stat_4080418644"",""disabled"":false},{""id"":""explicit.stat_538848803"",""disabled"":false},{""id"":""implicit.stat_538848803"",""disabled"":false},{""id"":""fractured.stat_538848803"",""disabled"":false},{""id"":""crafted.stat_538848803"",""disabled"":false},{""id"":""explicit.stat_1535626285"",""disabled"":false},{""id"":""explicit.stat_2543977012"",""disabled"":false},{""id"":""implicit.stat_1535626285"",""disabled"":false},{""id"":""fractured.stat_1535626285"",""disabled"":false},{""id"":""crafted.stat_1535626285"",""disabled"":false},{""id"":""explicit.stat_1379411836"",""disabled"":false},{""id"":""implicit.stat_1379411836"",""disabled"":false},{""id"":""fractured.stat_1379411836"",""disabled"":false},{""id"":""crafted.stat_1379411836"",""disabled"":false}]}],""filters"":{""trade_filters"":{""disabled"":true,""filters"":{""sale_type"":{""option"":""any""}}}}}"
e053,"total_str v1, sound: whether any listed item carries a row — the site's own sum of its rows, a half or more — while showing no `+# total to Strength`. None found: every row is counted wherever it appears. Any found: a row, a twin or an id the site does not count","c4 and d02: a pseudo inside a `not` group, beside a count or a sum, finds what it should",Standard,https://www.pathofexile.com/trade/search/Standard/H4sIAAAAAAAAA62VwW6DMAxA_yVnhAgESPsrU4UyMDRSCihxtlWIf18Y1VZQTzO5RIrtZ-sdnIk5VOgdO09sGFEPPTsz1d_ZHP1EQuBtYngfIbx_gu6umLKItdog2DWomxCCr9HoWmO8FFUikYngshAi5H4o42Hhr-XszOMk0Bvt1LuBUNwq42COHiR9O4rUWlWjt9DQUa4evO2ADqqtavGIibbC80xKIWWSUX0TQDvdBNJGEoGzdcTzLC_SIpU5lZTmIjuVZcJTqm7KTDvfFNRG-HGeeFaeBOcyK8ieCKS9JwJq6-kfoMtT5k2HXZvE-bzgHxu2H_DVdh0d-GaI16vCAZWpHFroO7yyF12WPr-QALeqgerp4a8ArYdNrlMGqnWa_Y-wnG9H34cAMAYAAA,"{""status"":{""option"":""any""},""stats"":[{""type"":""weight2"",""filters"":[{""id"":""explicit.stat_4080418644"",""value"":{""weight"":1.0},""disabled"":false},{""id"":""implicit.stat_4080418644"",""value"":{""weight"":1.0},""disabled"":false},{""id"":""fractured.stat_4080418644"",""value"":{""weight"":1.0},""disabled"":false},{""id"":""scourge.stat_4080418644"",""value"":{""weight"":1.0},""disabled"":false},{""id"":""crafted.stat_4080418644"",""value"":{""weight"":1.0},""disabled"":false},{""id"":""explicit.stat_538848803"",""value"":{""weight"":1.0},""disabled"":false},{""id"":""implicit.stat_538848803"",""value"":{""weight"":1.0},""disabled"":false},{""id"":""fractured.stat_538848803"",""value"":{""weight"":1.0},""disabled"":false},{""id"":""crafted.stat_538848803"",""value"":{""weight"":1.0},""disabled"":false},{""id"":""explicit.stat_1535626285"",""value"":{""weight"":1.0},""disabled"":false},{""id"":""explicit.stat_2543977012"",""value"":{""weight"":1.0},""disabled"":false},{""id"":""implicit.stat_1535626285"",""value"":{""weight"":1.0},""disabled"":false},{""id"":""fractured.stat_1535626285"",""value"":{""weight"":1.0},""disabled"":false},{""id"":""crafted.stat_1535626285"",""value"":{""weight"":1.0},""disabled"":false},{""id"":""explicit.stat_1379411836"",""value"":{""weight"":1.0},""disabled"":false},{""id"":""implicit.stat_1379411836"",""value"":{""weight"":1.0},""disabled"":false},{""id"":""fractured.stat_1379411836"",""value"":{""weight"":1.0},""disabled"":false},{""id"":""crafted.stat_1379411836"",""value"":{""weight"":1.0},""disabled"":false}],""value"":{""min"":0.5}},{""type"":""not"",""filters"":[{""id"":""pseudo.pseudo_total_strength"",""disabled"":false}]}],""filters"":{""trade_filters"":{""disabled"":true,""filters"":{""sale_type"":{""option"":""any""}}}}}"
e054,"total_dex v1, complete: whether any listed item shows `+# total to Dexterity` while carrying none of its 4 rows (17 ids). None found: the rows are all the site counts. Any found: its lines name what is missing",c1 and c2: a `not` group over every id of a row finds what it should,Standard,https://www.pathofexile.com/trade/search/Standard/H4sIAAAAAAAAA5WU4YrDIAyA38XfZdTabd5e5SjFq-kheLVohJXSdz-3jt0s40j9IyT5oh8YZxZQYQzsMjM3onEDuzA1TGwp7pmU-JwZTiPc45oVrDcWwa8Jo1N4DBC1O6xbiw6VbTVcU5HBKQHaBPVlIZX2ygZYmqV4thwcvmsJ19GazuDhdodWVCcuSy7q05tuxQMxP7uR3qsOowe9gwmdi_4bdhCdVz3uOiO3PwopaylLQZanEBt3CpKJUIDcoxJlyeWxqs5kERKyMSExmQqJyF24OH_UnEtBf5EkZONCYjKXf4lmaV5mLc2gVxral8AfgD5CVhuUhXYd2u1PcVu_0HRRkkgEAAA,"{""status"":{""option"":""any""},""stats"":[{""type"":""and"",""filters"":[{""id"":""pseudo.pseudo_total_dexterity"",""disabled"":false}]},{""type"":""not"",""filters"":[{""id"":""explicit.stat_3261801346"",""disabled"":false},{""id"":""implicit.stat_3261801346"",""disabled"":false},{""id"":""fractured.stat_3261801346"",""disabled"":false},{""id"":""scourge.stat_3261801346"",""disabled"":false},{""id"":""crafted.stat_3261801346"",""disabled"":false},{""id"":""explicit.stat_538848803"",""disabled"":false},{""id"":""implicit.stat_538848803"",""disabled"":false},{""id"":""fractured.stat_538848803"",""disabled"":false},{""id"":""crafted.stat_538848803"",""disabled"":false},{""id"":""explicit.stat_2300185227"",""disabled"":false},{""id"":""implicit.stat_2300185227"",""disabled"":false},{""id"":""fractured.stat_2300185227"",""disabled"":false},{""id"":""crafted.stat_2300185227"",""disabled"":false},{""id"":""explicit.stat_1379411836"",""disabled"":false},{""id"":""implicit.stat_1379411836"",""disabled"":false},{""id"":""fractured.stat_1379411836"",""disabled"":false},{""id"":""crafted.stat_1379411836"",""disabled"":false}]}],""filters"":{""trade_filters"":{""disabled"":true,""filters"":{""sale_type"":{""option"":""any""}}}}}"
e055,"total_dex v1, sound: whether any listed item carries a row — the site's own sum of its rows, a half or more — while showing no `+# total to Dexterity`. None found: every row is counted wherever it appears. Any found: a row, a twin or an id the site does not count","c4 and d02: a pseudo inside a `not` group, beside a count or a sum, finds what it should",Standard,https://www.pathofexile.com/trade/search/Standard/H4sIAAAAAAAAA62UwW6DMAxA_yVnhAiBNuNXpgllxHSR0gYlZitC_PvCqLYG9TQ3l0ix_Ww9KZ5ZQIVjYM3M3IDGXVjD1GViS_YTiYHXmeE0QHz_AnP6wJJlrDcWwW9Bo2MIroM1ncF8LWpFeeCy4KI6xNxPZUdY-Vs5a3heRLo2Qb1biMW9sgGW7EYy52eReq86HD1oOip0bvQnoIM6r3p8xkSp8FpIWUlZCKpvAminm0BKJBE4qaNSFAWXdVkeqZIopJ0lCirRRAGlnrg4vlScS0H-vBTSzhMFlXj6D-jtLvNs4oYs8npZ8be9eHH4aCcOAUbt8u1q0aGyrYZrTDI4sQdt1ka_lEj3SkN79_BXgH6EJDcoC-02zn6Rr-cb809-yOcFAAA,"{""status"":{""option"":""any""},""stats"":[{""type"":""weight2"",""filters"":[{""id"":""explicit.stat_3261801346"",""value"":{""weight"":1.0},""disabled"":false},{""id"":""implicit.stat_3261801346"",""value"":{""weight"":1.0},""disabled"":false},{""id"":""fractured.stat_3261801346"",""value"":{""weight"":1.0},""disabled"":false},{""id"":""scourge.stat_3261801346"",""value"":{""weight"":1.0},""disabled"":false},{""id"":""crafted.stat_3261801346"",""value"":{""weight"":1.0},""disabled"":false},{""id"":""explicit.stat_538848803"",""value"":{""weight"":1.0},""disabled"":false},{""id"":""implicit.stat_538848803"",""value"":{""weight"":1.0},""disabled"":false},{""id"":""fractured.stat_538848803"",""value"":{""weight"":1.0},""disabled"":false},{""id"":""crafted.stat_538848803"",""value"":{""weight"":1.0},""disabled"":false},{""id"":""explicit.stat_2300185227"",""value"":{""weight"":1.0},""disabled"":false},{""id"":""implicit.stat_2300185227"",""value"":{""weight"":1.0},""disabled"":false},{""id"":""fractured.stat_2300185227"",""value"":{""weight"":1.0},""disabled"":false},{""id"":""crafted.stat_2300185227"",""value"":{""weight"":1.0},""disabled"":false},{""id"":""explicit.stat_1379411836"",""value"":{""weight"":1.0},""disabled"":false},{""id"":""implicit.stat_1379411836"",""value"":{""weight"":1.0},""disabled"":false},{""id"":""fractured.stat_1379411836"",""value"":{""weight"":1.0},""disabled"":false},{""id"":""crafted.stat_1379411836"",""value"":{""weight"":1.0},""disabled"":false}],""value"":{""min"":0.5}},{""type"":""not"",""filters"":[{""id"":""pseudo.pseudo_total_dexterity"",""disabled"":false}]}],""filters"":{""trade_filters"":{""disabled"":true,""filters"":{""sale_type"":{""option"":""any""}}}}}"
e056,"total_int v1, complete: whether any listed item shows `+# total to Intelligence` while carrying none of its 4 rows (18 ids). None found: the rows are all the site counts. Any found: its lines name what is missing",c1 and c2: a `not` group over every id of a row finds what it should,Standard,https://www.pathofexile.com/trade/search/Standard/H4sIAAAAAAAAA52U22rDMAyG38XXocR2jn2VEYIXK8XgxcGWYSXk3ec2Y2tCGep8Y5D0Sf4l5IUFVBgDOy_MzWjcxM5MTVe2ZndPcrwtDK8z3O2aZWw0FsFvDqOTeQ4QtTttV48Ole3NhGCtucA0QGK0CerdQooelQ2wdmv2k3Vy-CwrfM7WDAZPt2f0UjRlwducP0mWfRPm41Vi9GrA6EHTkTC46C9ABwavRnylwl44L2VZiSpxZESUhWzrOueC3CxSlUO3SMxO_X-0yDznTSlETdZCQg5aSMxOC4k4jFLWbcF5Iyv6XCjIcS4UZj-Xv4hu7R62M22tVxr6B8MvgD7CLjYoC_225sfv5Xa-ADZAGOB9BAAA,"{""status"":{""option"":""any""},""stats"":[{""type"":""and"",""filters"":[{""id"":""pseudo.pseudo_total_intelligence"",""disabled"":false}]},{""type"":""not"",""filters"":[{""id"":""explicit.stat_328541901"",""disabled"":false},{""id"":""implicit.stat_328541901"",""disabled"":false},{""id"":""fractured.stat_328541901"",""disabled"":false},{""id"":""scourge.stat_328541901"",""disabled"":false},{""id"":""crafted.stat_328541901"",""disabled"":false},{""id"":""explicit.stat_1535626285"",""disabled"":false},{""id"":""explicit.stat_2543977012"",""disabled"":false},{""id"":""implicit.stat_1535626285"",""disabled"":false},{""id"":""fractured.stat_1535626285"",""disabled"":false},{""id"":""crafted.stat_1535626285"",""disabled"":false},{""id"":""explicit.stat_2300185227"",""disabled"":false},{""id"":""implicit.stat_2300185227"",""disabled"":false},{""id"":""fractured.stat_2300185227"",""disabled"":false},{""id"":""crafted.stat_2300185227"",""disabled"":false},{""id"":""explicit.stat_1379411836"",""disabled"":false},{""id"":""implicit.stat_1379411836"",""disabled"":false},{""id"":""fractured.stat_1379411836"",""disabled"":false},{""id"":""crafted.stat_1379411836"",""disabled"":false}]}],""filters"":{""trade_filters"":{""disabled"":true,""filters"":{""sale_type"":{""option"":""any""}}}}}"
e057,"total_int v1, sound: whether any listed item carries a row — the site's own sum of its rows, a half or more — while showing no `+# total to Intelligence`. None found: every row is counted wherever it appears. Any found: a row, a twin or an id the site does not count","c4 and d02: a pseudo inside a `not` group, beside a count or a sum, finds what it should",Standard,https://www.pathofexile.com/trade/search/Standard/H4sIAAAAAAAAA62V3WqFMAzH36XXIm39Pq8yhnQaXaHHShu3HcR3X52H7SjnarE3hSb5JfwT0pl5VDh5dpmZHVHbgV2YGm5siX4swfAyM7yNEN4_QffvKFnEOm0Q3GbUbTDB12h0ozFeg-pEllkqKi6C64cyE6z4LZpdRMwDvNVevRkIsZ0yHpboDtLXk0CdUw1ODloyyTd2cj2QOY1THZ5Qz15rkSVZLvOAo5JkliZVUXAhqW2j1HToGwW1E_xEnRLORZlJWVB1opAOOlFQO50ooMNkJkWVClEmOXmeCKTjPBFQ-3n6B-j1wfOqw6rlcbas-PuCHSw-W66jh6m18XbVaFGZWg8IxugehgbYk0xrrl9QSOBUC_XDw18Augl2vl4ZqLeKjp_Cer4BYYozFDMGAAA,"{""status"":{""option"":""any""},""stats"":[{""type"":""weight2"",""filters"":[{""id"":""explicit.stat_328541901"",""value"":{""weight"":1.0},""disabled"":false},{""id"":""implicit.stat_328541901"",""value"":{""weight"":1.0},""disabled"":false},{""id"":""fractured.stat_328541901"",""value"":{""weight"":1.0},""disabled"":false},{""id"":""scourge.stat_328541901"",""value"":{""weight"":1.0},""disabled"":false},{""id"":""crafted.stat_328541901"",""value"":{""weight"":1.0},""disabled"":false},{""id"":""explicit.stat_1535626285"",""value"":{""weight"":1.0},""disabled"":false},{""id"":""explicit.stat_2543977012"",""value"":{""weight"":1.0},""disabled"":false},{""id"":""implicit.stat_1535626285"",""value"":{""weight"":1.0},""disabled"":false},{""id"":""fractured.stat_1535626285"",""value"":{""weight"":1.0},""disabled"":false},{""id"":""crafted.stat_1535626285"",""value"":{""weight"":1.0},""disabled"":false},{""id"":""explicit.stat_2300185227"",""value"":{""weight"":1.0},""disabled"":false},{""id"":""implicit.stat_2300185227"",""value"":{""weight"":1.0},""disabled"":false},{""id"":""fractured.stat_2300185227"",""value"":{""weight"":1.0},""disabled"":false},{""id"":""crafted.stat_2300185227"",""value"":{""weight"":1.0},""disabled"":false},{""id"":""explicit.stat_1379411836"",""value"":{""weight"":1.0},""disabled"":false},{""id"":""implicit.stat_1379411836"",""value"":{""weight"":1.0},""disabled"":false},{""id"":""fractured.stat_1379411836"",""value"":{""weight"":1.0},""disabled"":false},{""id"":""crafted.stat_1379411836"",""value"":{""weight"":1.0},""disabled"":false}],""value"":{""min"":0.5}},{""type"":""not"",""filters"":[{""id"":""pseudo.pseudo_total_intelligence"",""disabled"":false}]}],""filters"":{""trade_filters"":{""disabled"":true,""filters"":{""sale_type"":{""option"":""any""}}}}}"
e058,"total_cast_speed v1, complete: whether any listed item shows `+#% total Cast Speed` while carrying none of its 1 rows (6 ids). None found: the rows are all the site counts. Any found: its lines name what is missing",c1 and c2: a `not` group over every id of a row finds what it should,Standard,https://www.pathofexile.com/trade/search/Standard/H4sIAAAAAAAAA5WR3QqDMAyF3yXXIkx2ob7KkJK1cSt0bWlSmIjvPp1jf-xi9qblnH4nIRmBBSUztCOEKDZ4aAH9AFNxd2bjMIIMke66gQJ664TSalgzy5Epm1Cul5Ig6JRGFsWRaCGMZTy6-dn26JimbiqemT7Ir0y6Rme1lXJpQlV1s9vV-6qpf6QVD8ReNiN9Qi05kdnAkNdn9FuqsA45nWgDoRP28ldX3dS9TW-eakJD6k14AZIyffxldKTWNXwvfzk3JW3LqhsCAAA,"{""status"":{""option"":""any""},""stats"":[{""type"":""and"",""filters"":[{""id"":""pseudo.pseudo_total_cast_speed"",""disabled"":false}]},{""type"":""not"",""filters"":[{""id"":""explicit.stat_2891184298"",""disabled"":false},{""id"":""implicit.stat_2891184298"",""disabled"":false},{""id"":""fractured.stat_2891184298"",""disabled"":false},{""id"":""enchant.stat_2891184298"",""disabled"":false},{""id"":""scourge.stat_2891184298"",""disabled"":false},{""id"":""crafted.stat_2891184298"",""disabled"":false}]}],""filters"":{""trade_filters"":{""disabled"":true,""filters"":{""sale_type"":{""option"":""any""}}}}}"
e059,"total_cast_speed v1, sound: whether any listed item carries a row — the site's own sum of its rows, a half or more — while showing no `+#% total Cast Speed`. None found: every row is counted wherever it appears. Any found: a row, a twin or an id the site does not count","c4 and d02: a pseudo inside a `not` group, beside a count or a sum, finds what it should",Standard,https://www.pathofexile.com/trade/search/Standard/H4sIAAAAAAAAA62S0WrDMAxF_0XPITRhhTS_MobRbKUVuLax5W0l5N9rL2XrRt9Svxh0dY9krmdIgpITjDP4IOwdjIDuAkvzrRThdQa5BCr1T-LjSXpoYGIrFFeRTZHoK1jWLG01qX44dN3w0h-G0vuBNlPlr3YYu3ZX6IYTvlsq5gltoqW5kfj8LNIUUUuOZLajyOkTuifslLTP8UjbQTriJFue9nbXeeYS-67dLxV_C9t5eRR0SJSNb9dLiRe0SmMSlQIV-IM5ddIPpuAjGlJ3hV-DxEx_ehNaUus-_79nPVf-_YFmvQIAAA,"{""status"":{""option"":""any""},""stats"":[{""type"":""weight2"",""filters"":[{""id"":""explicit.stat_2891184298"",""value"":{""weight"":1.0},""disabled"":false},{""id"":""implicit.stat_2891184298"",""value"":{""weight"":1.0},""disabled"":false},{""id"":""fractured.stat_2891184298"",""value"":{""weight"":1.0},""disabled"":false},{""id"":""enchant.stat_2891184298"",""value"":{""weight"":1.0},""disabled"":false},{""id"":""scourge.stat_2891184298"",""value"":{""weight"":1.0},""disabled"":false},{""id"":""crafted.stat_2891184298"",""value"":{""weight"":1.0},""disabled"":false}],""value"":{""min"":0.5}},{""type"":""not"",""filters"":[{""id"":""pseudo.pseudo_total_cast_speed"",""disabled"":false}]}],""filters"":{""trade_filters"":{""disabled"":true,""filters"":{""sale_type"":{""option"":""any""}}}}}"
e060,"total_increased_phys v1, complete: whether any listed item shows `#% total increased Physical Damage` while carrying none of its 2 rows (11 ids). None found: the rows are all the site counts. Any found: its lines name what is missing",c1 and c2: a `not` group over every id of a row finds what it should,Standard,https://www.pathofexile.com/trade/search/Standard/H4sIAAAAAAAAA5WT0YrDIBBF_8XnUJo2LZv-yhJkVietYFWcERpC_n1ts-w2pSzRF-GO545XxlEQAycSp1H4wMY7cRLgBjFVj0oufI6Ch4APXYtK9MYyxrlgdJYDYdJ-M2_SOBURCLUMl4GMAis1XOGMGdWG4MtihnqwhFM3Vb_mzvM7c7wFa5Thzf02sj5s23rf7HYfb9yqH8Rci5E-guIUURcw6NQFXEkXFaHnsh7L9Pt6W7dN0x7Xp1-DvKZfwyzTryFI-RTPWEAs3-s_opu6p9nJMxVBo3wS_gCOCRdnCSzKeQhf_8B9fQO6FrHPIgMAAA,"{""status"":{""option"":""any""},""stats"":[{""type"":""and"",""filters"":[{""id"":""pseudo.pseudo_increased_physical_damage"",""disabled"":false}]},{""type"":""not"",""filters"":[{""id"":""explicit.stat_1509134228"",""disabled"":false},{""id"":""implicit.stat_1509134228"",""disabled"":false},{""id"":""fractured.stat_1509134228"",""disabled"":false},{""id"":""enchant.stat_1509134228"",""disabled"":false},{""id"":""crafted.stat_1509134228"",""disabled"":false},{""id"":""explicit.stat_1310194496"",""disabled"":false},{""id"":""implicit.stat_1310194496"",""disabled"":false},{""id"":""fractured.stat_1310194496"",""disabled"":false},{""id"":""enchant.stat_1310194496"",""disabled"":false},{""id"":""scourge.stat_1310194496"",""disabled"":false},{""id"":""crafted.stat_1310194496"",""disabled"":false}]}],""filters"":{""trade_filters"":{""disabled"":true,""filters"":{""sale_type"":{""option"":""any""}}}}}"
e061,"total_increased_phys v1, sound: whether any listed item carries a row — the site's own sum of its rows, a half or more — while showing no `#% total increased Physical Damage`. None found: every row is counted wherever it appears. Any found: a row, a twin or an id the site does not count","c4 and d02: a pseudo inside a `not` group, beside a count or a sum, finds what it should",Standard,https://www.pathofexile.com/trade/search/Standard/H4sIAAAAAAAAA62U3W6DMAyF38XXCAGl0-BVpilyEwORQkD56YYQ794wqq1UvVrITSQf-7N1ImcG69B5C_UMw-jkoKEG1BMsyY8ShI8Z3DRSiH-RbDtXQAKNVI7MJkoRJPoeleTSpWsRy89ZlZ_KongPuVdUnlb-Vg51nmaBLqTFi6JQ3KCytCR3kuyPIjUGufOGRDyKNO9QHzATN9i4QybaG37Ks7wqy-ot2vAI0rPhEai94REgywdvWooH7V_uH6DPh8xehj3L0vOy4u_bpQf3arNGS14M6XYxqbkhtCTY2E1WclRMYI8twYuGa8tfXuhjUBB7CPwVOONpl2tREdsGe_4Y1nMDdTh4WTcEAAA,"{""status"":{""option"":""any""},""stats"":[{""type"":""weight2"",""filters"":[{""id"":""explicit.stat_1509134228"",""value"":{""weight"":1.0},""disabled"":false},{""id"":""implicit.stat_1509134228"",""value"":{""weight"":1.0},""disabled"":false},{""id"":""fractured.stat_1509134228"",""value"":{""weight"":1.0},""disabled"":false},{""id"":""enchant.stat_1509134228"",""value"":{""weight"":1.0},""disabled"":false},{""id"":""crafted.stat_1509134228"",""value"":{""weight"":1.0},""disabled"":false},{""id"":""explicit.stat_1310194496"",""value"":{""weight"":1.0},""disabled"":false},{""id"":""implicit.stat_1310194496"",""value"":{""weight"":1.0},""disabled"":false},{""id"":""fractured.stat_1310194496"",""value"":{""weight"":1.0},""disabled"":false},{""id"":""enchant.stat_1310194496"",""value"":{""weight"":1.0},""disabled"":false},{""id"":""scourge.stat_1310194496"",""value"":{""weight"":1.0},""disabled"":false},{""id"":""crafted.stat_1310194496"",""value"":{""weight"":1.0},""disabled"":false}],""value"":{""min"":0.5}},{""type"":""not"",""filters"":[{""id"":""pseudo.pseudo_increased_physical_damage"",""disabled"":false}]}],""filters"":{""trade_filters"":{""disabled"":true,""filters"":{""sale_type"":{""option"":""any""}}}}}"
e062,"total_spell_crit v1, complete: whether any listed item shows `+#% total Critical Strike Chance for Spells` while carrying none of its 2 rows (10 ids). None found: the rows are all the site counts. Any found: its lines name what is missing",c1 and c2: a `not` group over every id of a row finds what it should,Standard,https://www.pathofexile.com/trade/search/Standard/H4sIAAAAAAAAA5WSYWvDIBCG_4ufQ-nWNun6V0YQp-d2zKl4J6yE_PeaZqxLKcP4RbjzudeXewdBrDiTOA0iRMbgxUkofxZjc-2Uxusg-BzhWjeiERYdQ5obaEo5EmQTNvMldUJGrZwkTvgJUn8or0HakCRFcI7KCIOk3hwU2CpHMPZj8yviAz8Sge_oUCNvpl_Jw7Hb757a7vBgWPND4NdawialOScw9QjpkNM71AM6KctrFJbGu133sj22z2218RrizngNAn5a7AqNhfH_gH7s_-y_5CIpU_JzK9wAThkWb0k5kHOQ7vM8nQsw5n9t7gIAAA,"{""status"":{""option"":""any""},""stats"":[{""type"":""and"",""filters"":[{""id"":""pseudo.pseudo_critical_strike_chance_for_spells"",""disabled"":false}]},{""type"":""not"",""filters"":[{""id"":""explicit.stat_587431675"",""disabled"":false},{""id"":""implicit.stat_587431675"",""disabled"":false},{""id"":""fractured.stat_587431675"",""disabled"":false},{""id"":""scourge.stat_587431675"",""disabled"":false},{""id"":""crafted.stat_587431675"",""disabled"":false},{""id"":""explicit.stat_737908626"",""disabled"":false},{""id"":""implicit.stat_737908626"",""disabled"":false},{""id"":""fractured.stat_737908626"",""disabled"":false},{""id"":""enchant.stat_737908626"",""disabled"":false},{""id"":""crafted.stat_737908626"",""disabled"":false}]}],""filters"":{""trade_filters"":{""disabled"":true,""filters"":{""sale_type"":{""option"":""any""}}}}}"
e063,"total_spell_crit v1, sound: whether any listed item carries a row — the site's own sum of its rows, a half or more — while showing no `+#% total Critical Strike Chance for Spells`. None found: every row is counted wherever it appears. Any found: a row, a twin or an id the site does not count","c4 and d02: a pseudo inside a `not` group, beside a count or a sum, finds what it should",Standard,https://www.pathofexile.com/trade/search/Standard/H4sIAAAAAAAAA62T0W7DIAxF_4XnKErbJenyK9OEPOK01mhAYLZVUf59sFTrUvVplBckru-xsXQn4Rk4eNFNwlgmM4pOwHgWc_GjROFlEny2GN8_kQ5H3opCDKQZ3SJSHyX8spoUcZlMst63T7tN09ax9AN0wIRf3KLblFWE9-ThTWP0DqA9zsUFRKcHgQYHioPDPpvklQnugNkc5WDgB8yz3nW7a5-rfbNtcnedAbrZdQYJR3WEMX-i1a7_wXn9U3miGIqqrOdEv0RhNHwvBtZj6E25XFI5YlKgpWdH7yjT1xTKwTjpLWrtxZ3GqfUvN_Zz0EfL9eFqYBdwVetBo1wGvE1zOt8UEMLy7AMAAA,"{""status"":{""option"":""any""},""stats"":[{""type"":""weight2"",""filters"":[{""id"":""explicit.stat_587431675"",""value"":{""weight"":1.0},""disabled"":false},{""id"":""implicit.stat_587431675"",""value"":{""weight"":1.0},""disabled"":false},{""id"":""fractured.stat_587431675"",""value"":{""weight"":1.0},""disabled"":false},{""id"":""scourge.stat_587431675"",""value"":{""weight"":1.0},""disabled"":false},{""id"":""crafted.stat_587431675"",""value"":{""weight"":1.0},""disabled"":false},{""id"":""explicit.stat_737908626"",""value"":{""weight"":1.0},""disabled"":false},{""id"":""implicit.stat_737908626"",""value"":{""weight"":1.0},""disabled"":false},{""id"":""fractured.stat_737908626"",""value"":{""weight"":1.0},""disabled"":false},{""id"":""enchant.stat_737908626"",""value"":{""weight"":1.0},""disabled"":false},{""id"":""crafted.stat_737908626"",""value"":{""weight"":1.0},""disabled"":false}],""value"":{""min"":0.5}},{""type"":""not"",""filters"":[{""id"":""pseudo.pseudo_critical_strike_chance_for_spells"",""disabled"":false}]}],""filters"":{""trade_filters"":{""disabled"":true,""filters"":{""sale_type"":{""option"":""any""}}}}}"
e064,"total_gem_levels v1, complete: whether any listed item shows `+# total to Level of Socketed Gems` while carrying none of its 1 rows (4 ids). None found: the rows are all the site counts. Any found: its lines name what is missing",c1 and c2: a `not` group over every id of a row finds what it should,Standard,https://www.pathofexile.com/trade/search/Standard/H4sIAAAAAAAAA5WR0QqDMAxF_yXPZagbbPgrQ0pmoxSqlTYdE_HfV3Vsbvgw-9Jwb84laQfwjBw85APYjrVtIQdsexjF7ETjOgD3Hc26AgGVNkxuMbSKcucpKHtYLsmW0UhUSk9psaypkYbuZHyElfZ4MxSxCo2nsRjFO761vBVPj87oUvNhmkdml9MxTZJzlm6kiReim91I5bDk4EjtYHxpg6vpD6IYi9VmcWOHiuRK-ADsAn31ejQklyf6_aPpPAFCyTPmwgEAAA,"{""status"":{""option"":""any""},""stats"":[{""type"":""and"",""filters"":[{""id"":""pseudo.pseudo_total_additional_gem_levels"",""disabled"":false}]},{""type"":""not"",""filters"":[{""id"":""explicit.stat_2843100721"",""disabled"":false},{""id"":""implicit.stat_2843100721"",""disabled"":false},{""id"":""fractured.stat_2843100721"",""disabled"":false},{""id"":""scourge.stat_2843100721"",""disabled"":false}]}],""filters"":{""trade_filters"":{""disabled"":true,""filters"":{""sale_type"":{""option"":""any""}}}}}"
e065,"total_gem_levels v1, sound: whether any listed item carries a row — the site's own sum of its rows, a half or more — while showing no `+# total to Level of Socketed Gems`. None found: every row is counted wherever it appears. Any found: a row, a twin or an id the site does not count","c4 and d02: a pseudo inside a `not` group, beside a count or a sum, finds what it should",Standard,https://www.pathofexile.com/trade/search/Standard/H4sIAAAAAAAAA62S0WrDMAxF_0XPISTZykp-ZQyjxUoqcOJgy91KyL9XXkrbjT5t84uNru6RufYCUVBShHYBPwv7CVrA6QRr8aWo8LqAnGbS-gfxcJAGCujZCYVNZKsSfc6OO5Yym0yzf36qq-qlqbX3iC5R5m92aOuyUrrliO-O1Nyji7QWFxKP_0XqA3aSAtm_o2LnUxjo96C3u86RNeSq3K0Zf4l28vIo1jlSsr7cNiNe0Bm0lvND6XGg0Tg6kovwYGQeeiXqpICWzF3hZpCQ6FtvREdmu9rPf5HXGTFygZI2AgAA,"{""status"":{""option"":""any""},""stats"":[{""type"":""weight2"",""filters"":[{""id"":""explicit.stat_2843100721"",""value"":{""weight"":1.0},""disabled"":false},{""id"":""implicit.stat_2843100721"",""value"":{""weight"":1.0},""disabled"":false},{""id"":""fractured.stat_2843100721"",""value"":{""weight"":1.0},""disabled"":false},{""id"":""scourge.stat_2843100721"",""value"":{""weight"":1.0},""disabled"":false}],""value"":{""min"":0.5}},{""type"":""not"",""filters"":[{""id"":""pseudo.pseudo_total_additional_gem_levels"",""disabled"":false}]}],""filters"":{""trade_filters"":{""disabled"":true,""filters"":{""sale_type"":{""option"":""any""}}}}}"
e066,"total_elemental_gem_levels v1, complete: whether any listed item shows `+# total to Level of Socketed Elemental Gems` while carrying none of its 2 rows (6 ids). None found: the rows are all the site counts. Any found: its lines name what is missing",c1 and c2: a `not` group over every id of a row finds what it should,Standard,https://www.pathofexile.com/trade/search/Standard/H4sIAAAAAAAAA5WS3QrCMAyF3yXXQ9yPTH0VGSWumRSydbSpKGPvbufEP7yYvWk56XdOSDuAF5TgYT-A7cXYDvaA3RXG5F6JhcMAcu3prmtIoDEs5OaC0VHuPQVtV_OmxAqyQq3N5BaPxNRSN4knahXTmdhHG208HpmiQYPsaazG5BnUWfkVRJeeTW1kNXWm8k2Z5kVW7jY_3JIHYtq_kc-UbFvk6XpdZunilEVI47CW4Ej_wfjaBneiBUQ1Vm_zi3N1qEm9CS9AXKCPux6Z1PwQ339iWjdHiKEYMgIAAA,"{""status"":{""option"":""any""},""stats"":[{""type"":""and"",""filters"":[{""id"":""pseudo.pseudo_total_additional_elemental_gem_levels"",""disabled"":false}]},{""type"":""not"",""filters"":[{""id"":""explicit.stat_3571342795"",""disabled"":false},{""id"":""implicit.stat_3571342795"",""disabled"":false},{""id"":""explicit.stat_2843100721"",""disabled"":false},{""id"":""implicit.stat_2843100721"",""disabled"":false},{""id"":""fractured.stat_2843100721"",""disabled"":false},{""id"":""scourge.stat_2843100721"",""disabled"":false}]}],""filters"":{""trade_filters"":{""disabled"":true,""filters"":{""sale_type"":{""option"":""any""}}}}}"
e067,"total_elemental_gem_levels v1, sound: whether any listed item carries a row — the site's own sum of its rows, a half or more — while showing no `+# total to Level of Socketed Elemental Gems`. None found: every row is counted wherever it appears. Any found: a row, a twin or an id the site does not count","c4 and d02: a pseudo inside a `not` group, beside a count or a sum, finds what it should",Standard,https://www.pathofexile.com/trade/search/Standard/H4sIAAAAAAAAA62S0W6DMAxF_8XPCAEtYuNXpinKiGGWDEGJ065C_PuSUW3t1KexvDjy9T22ZC_gRUvw0C5gZyE7QQt6usCafSlReFlALjPG_BlpeJcKMuiJBd0mkokSfsxMHUmeTOpQN-XhWDXPdaw9aQ6Y-Jsd2jIvIt2Q12-M0dxr9rhmVxKN_0W6n6l6Oh7Komiqcu9Me0i9050Eh2Y_ync2uAH_Dnq9qRwpLr7I6zXhr-uerDxa9ewxGJtvQYkVzUobQ-l44hcZR5xScsBRMZ6QPTxontp_s2NPpw2qm8SPQVzAu1qvGdU25O-rTe8TxBQtbtQCAAA,"{""status"":{""option"":""any""},""stats"":[{""type"":""weight2"",""filters"":[{""id"":""explicit.stat_3571342795"",""value"":{""weight"":1.0},""disabled"":false},{""id"":""implicit.stat_3571342795"",""value"":{""weight"":1.0},""disabled"":false},{""id"":""explicit.stat_2843100721"",""value"":{""weight"":1.0},""disabled"":false},{""id"":""implicit.stat_2843100721"",""value"":{""weight"":1.0},""disabled"":false},{""id"":""fractured.stat_2843100721"",""value"":{""weight"":1.0},""disabled"":false},{""id"":""scourge.stat_2843100721"",""value"":{""weight"":1.0},""disabled"":false}],""value"":{""min"":0.5}},{""type"":""not"",""filters"":[{""id"":""pseudo.pseudo_total_additional_elemental_gem_levels"",""disabled"":false}]}],""filters"":{""trade_filters"":{""disabled"":true,""filters"":{""sale_type"":{""option"":""any""}}}}}"
e068,"total_fire_gem_levels v1, complete: whether any listed item shows `+# total to Level of Socketed Fire Gems` while carrying none of its 3 rows (10 ids). None found: the rows are all the site counts. Any found: its lines name what is missing",c1 and c2: a `not` group over every id of a row finds what it should,Standard,https://www.pathofexile.com/trade/search/Standard/H4sIAAAAAAAAA5WSYYuDMAyG_0s_y1C74dxfOaRkNo5AZ6VNx4b436_O427KGL1-aUn65E3COwrPwMGL0yjswGR7cRLQP8SUPTMx8TUKfgz4jGuRiY4Mo1sSpGN48Bi03S2XYstgFGhNc7X47MihuuBVGbyh8bGCJg9ng5HtwHicmin71egtv9PA-2CoJd7NTSkp66Kq81q-KZb9EHT9L9E5aDk41OmIb21wF0wHNnMcqkLuy6o-pA-SgqxVyuNeFnlelUWyShKy2VcSs1rYR6KZmhcfRH840KheAn8Au4Crvx4MqsVQW1vP5xt9cggS9QIAAA,"{""status"":{""option"":""any""},""stats"":[{""type"":""and"",""filters"":[{""id"":""pseudo.pseudo_total_additional_fire_gem_levels"",""disabled"":false}]},{""type"":""not"",""filters"":[{""id"":""explicit.stat_339179093"",""disabled"":false},{""id"":""implicit.stat_339179093"",""disabled"":false},{""id"":""fractured.stat_339179093"",""disabled"":false},{""id"":""scourge.stat_339179093"",""disabled"":false},{""id"":""explicit.stat_3571342795"",""disabled"":false},{""id"":""implicit.stat_3571342795"",""disabled"":false},{""id"":""explicit.stat_2843100721"",""disabled"":false},{""id"":""implicit.stat_2843100721"",""disabled"":false},{""id"":""fractured.stat_2843100721"",""disabled"":false},{""id"":""scourge.stat_2843100721"",""disabled"":false}]}],""filters"":{""trade_filters"":{""disabled"":true,""filters"":{""sale_type"":{""option"":""any""}}}}}"
e069,"total_fire_gem_levels v1, sound: whether any listed item carries a row — the site's own sum of its rows, a half or more — while showing no `+# total to Level of Socketed Fire Gems`. None found: every row is counted wherever it appears. Any found: a row, a twin or an id the site does not count","c4 and d02: a pseudo inside a `not` group, beside a count or a sum, finds what it should",Standard,https://www.pathofexile.com/trade/search/Standard/H4sIAAAAAAAAA62T3W6DMAyF3yXXCPFTxOBVpinKiGGWAkGJ065CvHuTUm0F9WpZbhL52J8tR2dhlgQ5y9qF6ZlQT6xlYrqyNbkrXnhfGF1n8PEL4PBFBUtYj4rAbCJKL8H3rLBDSkMRL8smr5usKX3qWSgHAb9VszZPMw-XaMWnAl_bC2VhTR4gHP8J1BvRkTMgo0m2084MEM057Kiq8_JU1E0VvaQI0n6m4u1U5llWF3nsTDGkw8_FoHZf9xfQx1PmiN4cWVqtAf-wxKTplR1mC07qdLs4aRKKCykxGMw_ezTABxi5gjMoy170DZ1_sL6dERL4U-C3gIyDXa4VCvg239HU4dwAqUzDR_MDAAA,"{""status"":{""option"":""any""},""stats"":[{""type"":""weight2"",""filters"":[{""id"":""explicit.stat_339179093"",""value"":{""weight"":1.0},""disabled"":false},{""id"":""implicit.stat_339179093"",""value"":{""weight"":1.0},""disabled"":false},{""id"":""fractured.stat_339179093"",""value"":{""weight"":1.0},""disabled"":false},{""id"":""scourge.stat_339179093"",""value"":{""weight"":1.0},""disabled"":false},{""id"":""explicit.stat_3571342795"",""value"":{""weight"":1.0},""disabled"":false},{""id"":""implicit.stat_3571342795"",""value"":{""weight"":1.0},""disabled"":false},{""id"":""explicit.stat_2843100721"",""value"":{""weight"":1.0},""disabled"":false},{""id"":""implicit.stat_2843100721"",""value"":{""weight"":1.0},""disabled"":false},{""id"":""fractured.stat_2843100721"",""value"":{""weight"":1.0},""disabled"":false},{""id"":""scourge.stat_2843100721"",""value"":{""weight"":1.0},""disabled"":false}],""value"":{""min"":0.5}},{""type"":""not"",""filters"":[{""id"":""pseudo.pseudo_total_additional_fire_gem_levels"",""disabled"":false}]}],""filters"":{""trade_filters"":{""disabled"":true,""filters"":{""sale_type"":{""option"":""any""}}}}}"
e070,"total_cold_gem_levels v1, complete: whether any listed item shows `+# total to Level of Socketed Cold Gems` while carrying none of its 3 rows (10 ids). None found: the rows are all the site counts. Any found: its lines name what is missing",c1 and c2: a `not` group over every id of a row finds what it should,Standard,https://www.pathofexile.com/trade/search/Standard/H4sIAAAAAAAAA5WS22rDMAyG30XXodQ5LEtfZQTjxUoxqHGw5bIS8u5zmrE1pQzHNzaSv18H_gk8Kw4eThPYkY0d4ARquMGc3TMx8TEB30a8xzVk0BtidGvC6BgePQZtD-sl2bIiqbQ2i1p8dpa0PONFEl6RfFTQxqtPwsj2ijzO7Zz91hgsv6qBXyOZzvBhaUqKt7Iqq0Y04oVa9oOYy26kd6rj4FDvYHxngzvjDmI7S1HVoijzuqmSZ0lCtlXy97IQx2Odp28sCXnaWBKz2di_RDu3D16IHnFKo3wI_AHsAm7-ekUoV1M9W3s53_Rnrpn5AgAA,"{""status"":{""option"":""any""},""stats"":[{""type"":""and"",""filters"":[{""id"":""pseudo.pseudo_total_additional_cold_gem_levels"",""disabled"":false}]},{""type"":""not"",""filters"":[{""id"":""explicit.stat_1645459191"",""disabled"":false},{""id"":""implicit.stat_1645459191"",""disabled"":false},{""id"":""fractured.stat_1645459191"",""disabled"":false},{""id"":""scourge.stat_1645459191"",""disabled"":false},{""id"":""explicit.stat_3571342795"",""disabled"":false},{""id"":""implicit.stat_3571342795"",""disabled"":false},{""id"":""explicit.stat_2843100721"",""disabled"":false},{""id"":""implicit.stat_2843100721"",""disabled"":false},{""id"":""fractured.stat_2843100721"",""disabled"":false},{""id"":""scourge.stat_2843100721"",""disabled"":false}]}],""filters"":{""trade_filters"":{""disabled"":true,""filters"":{""sale_type"":{""option"":""any""}}}}}"
e071,"total_cold_gem_levels v1, sound: whether any listed item carries a row — the site's own sum of its rows, a half or more — while showing no `+# total to Level of Socketed Cold Gems`. None found: every row is counted wherever it appears. Any found: a row, a twin or an id the site does not count","c4 and d02: a pseudo inside a `not` group, beside a count or a sum, finds what it should",Standard,https://www.pathofexile.com/trade/search/Standard/H4sIAAAAAAAAA62T0W6EIBBF_2WejRFXa_VXmoZQGS0JioFh243x3wt1066bfSrlBTJ35syEyV3BkSDvoFvBLKTMDB2I-QJb9q0E4WUFuiwY4h-oxncqIYNBaUK7i0oGCT8XrXpFeSzi7Kmqq7plLQu5Z6E9Rv5eDh3Li0CXyok3jaF4ENrhll1Javov0mBFT96iTEe53ng7Yjro-E-numGnqmzaOvWfUkjHmcrn6sSKoimTd5dCuttdCuqwu7-AXm8yJxUMUuT1FvFXW8yGHlliceilyfeLkyGhuZBSRZOFZ2-05CNOXOMZtYMHfWPnH2xoZ4VEfhP4LSDr8ZDrhEa-z3dv7Hi-AHX9jC33AwAA,"{""status"":{""option"":""any""},""stats"":[{""type"":""weight2"",""filters"":[{""id"":""explicit.stat_1645459191"",""value"":{""weight"":1.0},""disabled"":false},{""id"":""implicit.stat_1645459191"",""value"":{""weight"":1.0},""disabled"":false},{""id"":""fractured.stat_1645459191"",""value"":{""weight"":1.0},""disabled"":false},{""id"":""scourge.stat_1645459191"",""value"":{""weight"":1.0},""disabled"":false},{""id"":""explicit.stat_3571342795"",""value"":{""weight"":1.0},""disabled"":false},{""id"":""implicit.stat_3571342795"",""value"":{""weight"":1.0},""disabled"":false},{""id"":""explicit.stat_2843100721"",""value"":{""weight"":1.0},""disabled"":false},{""id"":""implicit.stat_2843100721"",""value"":{""weight"":1.0},""disabled"":false},{""id"":""fractured.stat_2843100721"",""value"":{""weight"":1.0},""disabled"":false},{""id"":""scourge.stat_2843100721"",""value"":{""weight"":1.0},""disabled"":false}],""value"":{""min"":0.5}},{""type"":""not"",""filters"":[{""id"":""pseudo.pseudo_total_additional_cold_gem_levels"",""disabled"":false}]}],""filters"":{""trade_filters"":{""disabled"":true,""filters"":{""sale_type"":{""option"":""any""}}}}}"
e072,"total_lightning_gem_levels v1, complete: whether any listed item shows `+# total to Level of Socketed Lightning Gems` while carrying none of its 3 rows (10 ids). None found: the rows are all the site counts. Any found: its lines name what is missing",c1 and c2: a `not` group over every id of a row finds what it should,Standard,https://www.pathofexile.com/trade/search/Standard/H4sIAAAAAAAAA5WS3YrDIBCF38XrUPJjm01fZQnixkl2wGrQsWwJefc1zbLblLIYb5QZv3McORPzJCl4dp6YHQmtYWcmzY3N2b0TG-8To9sI97piGetRE7i1gSqWRw9B2cO6CbIktZBK4aIWjxqHTzJoBjHARWi4gvZRRqGXHxqiQC-1h7mds18jY-mVEXyNGjukw_IywXNe8eLUnJoXatkPgpfdSO9kR8GB2sH4zgY3wA5iO0t1rIuKl3VzTJ4lCdm6lG-8KvK8LotklyTk6ceSmM2P_Uu0c_uQhZgRJxWIh8IfQC7A5q6XGsQaqud8L-sb7FZNaP4CAAA,"{""status"":{""option"":""any""},""stats"":[{""type"":""and"",""filters"":[{""id"":""pseudo.pseudo_total_additional_lightning_gem_levels"",""disabled"":false}]},{""type"":""not"",""filters"":[{""id"":""explicit.stat_4043416969"",""disabled"":false},{""id"":""implicit.stat_4043416969"",""disabled"":false},{""id"":""fractured.stat_4043416969"",""disabled"":false},{""id"":""scourge.stat_4043416969"",""disabled"":false},{""id"":""explicit.stat_3571342795"",""disabled"":false},{""id"":""implicit.stat_3571342795"",""disabled"":false},{""id"":""explicit.stat_2843100721"",""disabled"":false},{""id"":""implicit.stat_2843100721"",""disabled"":false},{""id"":""fractured.stat_2843100721"",""disabled"":false},{""id"":""scourge.stat_2843100721"",""disabled"":false}]}],""filters"":{""trade_filters"":{""disabled"":true,""filters"":{""sale_type"":{""option"":""any""}}}}}"
e073,"total_lightning_gem_levels v1, sound: whether any listed item carries a row — the site's own sum of its rows, a half or more — while showing no `+# total to Level of Socketed Lightning Gems`. None found: every row is counted wherever it appears. Any found: a row, a twin or an id the site does not count","c4 and d02: a pseudo inside a `not` group, beside a count or a sum, finds what it should",Standard,https://www.pathofexile.com/trade/search/Standard/H4sIAAAAAAAAA62T226EIBCG34VrYzyu1VdpNoTKaCdBMTBsuzG-e6Fu2nWzV6XcQObw_ZMh_8osCXKWdSvTC6GeWcfEfGVb8p3xideV0XUBH_8AHN-pYAkbUBGYPYnSp-BzUdgjpaGJV1lVVvmpPbW-9iKUg8Df21mXp5mnS7TiTYFvHoSysCU3Ek7_RRqM6MkZkPEo22tnRogHHfdU1k1eVkXT1rF7iiEdZypeqjLPsqbIY2eKIT38XQzq8Hd_AZ3vKif0BsnSegv4my1mTc8ssVhwUqf7xUmTUFxIicFk_qmC5IzzyEeYuIILKMueiAf5H7bXNEICvwv8NpBxcKi1QgHfh3x0dzhf2ZZRCvwDAAA,"{""status"":{""option"":""any""},""stats"":[{""type"":""weight2"",""filters"":[{""id"":""explicit.stat_4043416969"",""value"":{""weight"":1.0},""disabled"":false},{""id"":""implicit.stat_4043416969"",""value"":{""weight"":1.0},""disabled"":false},{""id"":""fractured.stat_4043416969"",""value"":{""weight"":1.0},""disabled"":false},{""id"":""scourge.stat_4043416969"",""value"":{""weight"":1.0},""disabled"":false},{""id"":""explicit.stat_3571342795"",""value"":{""weight"":1.0},""disabled"":false},{""id"":""implicit.stat_3571342795"",""value"":{""weight"":1.0},""disabled"":false},{""id"":""explicit.stat_2843100721"",""value"":{""weight"":1.0},""disabled"":false},{""id"":""implicit.stat_2843100721"",""value"":{""weight"":1.0},""disabled"":false},{""id"":""fractured.stat_2843100721"",""value"":{""weight"":1.0},""disabled"":false},{""id"":""scourge.stat_2843100721"",""value"":{""weight"":1.0},""disabled"":false}],""value"":{""min"":0.5}},{""type"":""not"",""filters"":[{""id"":""pseudo.pseudo_total_additional_lightning_gem_levels"",""disabled"":false}]}],""filters"":{""trade_filters"":{""disabled"":true,""filters"":{""sale_type"":{""option"":""any""}}}}}"
e074,"total_chaos_gem_levels v1, complete: whether any listed item shows `+# total to Level of Socketed Chaos Gems` while carrying none of its 2 rows (8 ids). None found: the rows are all the site counts. Any found: its lines name what is missing",c1 and c2: a `not` group over every id of a row finds what it should,Standard,https://www.pathofexile.com/trade/search/Standard/H4sIAAAAAAAAA5WS6wrCMAyF3yW_h8x5xVeRUeKaaaGuo0lFGXt3OydehsjWPy05_ZIeThtgQQkMuwZcLcZVsAOsbtAmDyUK-wbkVtOjriGB0lgh3wtGx3LNFLSb9ZsSJ2gVam26bvFYnNCxOtJZWbqQ5dhCG8aDpQiXaJnavE1eQyonv4bQtbamMDLrXqWy9Wa1ThfZavmjW_JEzHkyUnosJHjSExguXPBHmkAMvGyXi3mabrL5eC9jkKGXMcy3l39E3uYfKcX0PGpSH4U3ID7Q111GS6qPe_jrunUH5zW6tpQCAAA,"{""status"":{""option"":""any""},""stats"":[{""type"":""and"",""filters"":[{""id"":""pseudo.pseudo_total_additional_chaos_gem_levels"",""disabled"":false}]},{""type"":""not"",""filters"":[{""id"":""explicit.stat_2675603254"",""disabled"":false},{""id"":""implicit.stat_2675603254"",""disabled"":false},{""id"":""fractured.stat_2675603254"",""disabled"":false},{""id"":""scourge.stat_2675603254"",""disabled"":false},{""id"":""explicit.stat_2843100721"",""disabled"":false},{""id"":""implicit.stat_2843100721"",""disabled"":false},{""id"":""fractured.stat_2843100721"",""disabled"":false},{""id"":""scourge.stat_2843100721"",""disabled"":false}]}],""filters"":{""trade_filters"":{""disabled"":true,""filters"":{""sale_type"":{""option"":""any""}}}}}"
e075,"total_chaos_gem_levels v1, sound: whether any listed item carries a row — the site's own sum of its rows, a half or more — while showing no `+# total to Level of Socketed Chaos Gems`. None found: every row is counted wherever it appears. Any found: a row, a twin or an id the site does not count","c4 and d02: a pseudo inside a `not` group, beside a count or a sum, finds what it should",Standard,https://www.pathofexile.com/trade/search/Standard/H4sIAAAAAAAAA62T0W7DIAxF_8XPUUTSpp3yK9OEvOCkSCREYLpVUf590FRdG_VpGS8grn2Mri4TeEYOHuoJ7MjaDlADDheYs6sShfcJ-DJSvP8i3Z24hAxabZjcImoVJfoejW4056lJlodjdRC7strH2jOaQIm_tENd5CLSlfb4aSg2t2g8zdmNpPv_IrUOGw6O1HaUb2xwHW0HrXx62-8KIY5lsdmnDaS1TxtQzz79AfTxUNnrGEaRV3PC3yI4WH4Vv9FTUDZfNsmW0UhUSqdAx2NzQutlR700dCbj4cXgNPrOjfMcKpIPF78N7AI91Xo0JJcHrn9RWj_2-GbYZAMAAA,"{""status"":{""option"":""any""},""stats"":[{""type"":""weight2"",""filters"":[{""id"":""explicit.stat_2675603254"",""value"":{""weight"":1.0},""disabled"":false},{""id"":""implicit.stat_2675603254"",""value"":{""weight"":1.0},""disabled"":false},{""id"":""fractured.stat_2675603254"",""value"":{""weight"":1.0},""disabled"":false},{""id"":""scourge.stat_2675603254"",""value"":{""weight"":1.0},""disabled"":false},{""id"":""explicit.stat_2843100721"",""value"":{""weight"":1.0},""disabled"":false},{""id"":""implicit.stat_2843100721"",""value"":{""weight"":1.0},""disabled"":false},{""id"":""fractured.stat_2843100721"",""value"":{""weight"":1.0},""disabled"":false},{""id"":""scourge.stat_2843100721"",""value"":{""weight"":1.0},""disabled"":false}],""value"":{""min"":0.5}},{""type"":""not"",""filters"":[{""id"":""pseudo.pseudo_total_additional_chaos_gem_levels"",""disabled"":false}]}],""filters"":{""trade_filters"":{""disabled"":true,""filters"":{""sale_type"":{""option"":""any""}}}}}"
e076,"total_spell_gem_levels v1, complete: whether any listed item shows `+# total to Level of Socketed Spell Gems` while carrying none of its 2 rows (5 ids). None found: the rows are all the site counts. Any found: its lines name what is missing",c1 and c2: a `not` group over every id of a row finds what it should,Standard,https://www.pathofexile.com/trade/search/Standard/H4sIAAAAAAAAA5WRXWrDMBCE77LPJiS2iUOuUozYWusg2FhCuyoNxnevbEN-iimNXiRm9M2K0QiiqEngPIIP6vwAZ8DhBlOxONn4GEFvgRbdQgG9Y6W4Gs5mOQgl63frZtQrskFr3ZyWjxKI2Vzoapi-iCVHWCf4yZThHlloaqfiPmTwujWEvgO7zulufpWp62NTVeXpsBFWbBLlqa4O-31T_oW469tIH7HTFMm-wUjnU7zQP4h2ap-6yB1FtGSehAegMdHLXUEms5b6-2_n9QM65AN7-gEAAA,"{""status"":{""option"":""any""},""stats"":[{""type"":""and"",""filters"":[{""id"":""pseudo.pseudo_total_additional_spell_gem_levels"",""disabled"":false}]},{""type"":""not"",""filters"":[{""id"":""explicit.stat_446733281"",""disabled"":false},{""id"":""explicit.stat_2843100721"",""disabled"":false},{""id"":""implicit.stat_2843100721"",""disabled"":false},{""id"":""fractured.stat_2843100721"",""disabled"":false},{""id"":""scourge.stat_2843100721"",""disabled"":false}]}],""filters"":{""trade_filters"":{""disabled"":true,""filters"":{""sale_type"":{""option"":""any""}}}}}"
e077,"total_spell_gem_levels v1, sound: whether any listed item carries a row — the site's own sum of its rows, a half or more — while showing no `+# total to Level of Socketed Spell Gems`. None found: every row is counted wherever it appears. Any found: a row, a twin or an id the site does not count","c4 and d02: a pseudo inside a `not` group, beside a count or a sum, finds what it should",Standard,https://www.pathofexile.com/trade/search/Standard/H4sIAAAAAAAAA62S3WrDMAyF30XXIeRvbcmrjGG0WMkMShxsuV0JeffZzdi6katuvrHR0fkkOF7AC0rw0C5gZzF2ghZwusKa3ZQoPC8g15li_UJmeJMKMugNC7lNNDpK9D6z6YzkyaSa5nCs6-pUxtYzcqCE39zQlnkR4dp4fGWK3h7Z05rtgqpTU5dFcaweIJnxv0i9w06CI_13lO9scAM9Dnq56xxNTKvIn9aE_8xosrKXz-wpaJtvlxIryAq1Ninx-PQzMauBRsV0JvawMziN_uLGeQ41qbvCt0FcoB-9HpnUtuDvb5bOB1fBMF6FAgAA,"{""status"":{""option"":""any""},""stats"":[{""type"":""weight2"",""filters"":[{""id"":""explicit.stat_446733281"",""value"":{""weight"":1.0},""disabled"":false},{""id"":""explicit.stat_2843100721"",""value"":{""weight"":1.0},""disabled"":false},{""id"":""implicit.stat_2843100721"",""value"":{""weight"":1.0},""disabled"":false},{""id"":""fractured.stat_2843100721"",""value"":{""weight"":1.0},""disabled"":false},{""id"":""scourge.stat_2843100721"",""value"":{""weight"":1.0},""disabled"":false}],""value"":{""min"":0.5}},{""type"":""not"",""filters"":[{""id"":""pseudo.pseudo_total_additional_spell_gem_levels"",""disabled"":false}]}],""filters"":{""trade_filters"":{""disabled"":true,""filters"":{""sale_type"":{""option"":""any""}}}}}"
e078,"total_projectile_gem_levels v1, complete: whether any listed item shows `+# total to Level of Socketed Projectile Gems` while carrying none of its 2 rows (9 ids). None found: the rows are all the site counts. Any found: its lines name what is missing",c1 and c2: a `not` group over every id of a row finds what it should,Standard,https://www.pathofexile.com/trade/search/Standard/H4sIAAAAAAAAA5WS3WrDMAyF30XXoST9Wba-yghGtZWi4cbGlsdKyLvPacbWhjIS39hI_o50kHqIgpIiHHtwXth1cATsrjAUt0xOvPcgV0-3uIECWrZCYUqwyWEfKRm3mS4lTtAqNIZHtfz0wX2QFrakznRRlj7JxqxjOOLJUlZo0UYamqH4rdQ5eVaJvrxlzbIZW1Pbqn451FX5tnuiVvwgfFmNtAG1pEBmBRO1S-FMKwgdsJVVNWbuX_e7qizrbbXc_RJk7n4J8-j-P6IZmru55nkHNKTuAn-AhEQPfyPmFZoWZL6s4_kGvnTwmcsCAAA,"{""status"":{""option"":""any""},""stats"":[{""type"":""and"",""filters"":[{""id"":""pseudo.pseudo_total_additional_projectile_gem_levels"",""disabled"":false}]},{""type"":""not"",""filters"":[{""id"":""explicit.stat_2176571093"",""disabled"":false},{""id"":""implicit.stat_2176571093"",""disabled"":false},{""id"":""fractured.stat_2176571093"",""disabled"":false},{""id"":""scourge.stat_2176571093"",""disabled"":false},{""id"":""crafted.stat_2176571093"",""disabled"":false},{""id"":""explicit.stat_2843100721"",""disabled"":false},{""id"":""implicit.stat_2843100721"",""disabled"":false},{""id"":""fractured.stat_2843100721"",""disabled"":false},{""id"":""scourge.stat_2843100721"",""disabled"":false}]}],""filters"":{""trade_filters"":{""disabled"":true,""filters"":{""sale_type"":{""option"":""any""}}}}}"
e079,"total_projectile_gem_levels v1, sound: whether any listed item carries a row — the site's own sum of its rows, a half or more — while showing no `+# total to Level of Socketed Projectile Gems`. None found: every row is counted wherever it appears. Any found: a row, a twin or an id the site does not count","c4 and d02: a pseudo inside a `not` group, beside a count or a sum, finds what it should",Standard,https://www.pathofexile.com/trade/search/Standard/H4sIAAAAAAAAA62T0W6DMAxF_8XPCAFdx8avTFPkEcM8BYISp1tV8e9LRrW1qE-jeUnkax9bV84JvKAED80J7CRsR2gAxyPM2Y8ShZcTyHGiGP8k7t-lggw6NkJuEVlHib4mwy1LnopUVdaP-7osnncx94AmUOIv5dCUeRHpmj2-GYrFHRpPc3Ym8XAvUuewleBIb0f51gbX03ZQ67CTe0y0MvzpYVcWRV2Vmw3fQFobvgF1bfg_QK8XmQPHrS7y_Zzw510erdza48lT0DZfLiVW0CjUmtPPiM_J2Q9qhQ2pngZl6EDGw43uqf8vPDZ1qEldBP4KxAW6yvUY6cuU6z-ZzjduC8vUsgMAAA,"{""status"":{""option"":""any""},""stats"":[{""type"":""weight2"",""filters"":[{""id"":""explicit.stat_2176571093"",""value"":{""weight"":1.0},""disabled"":false},{""id"":""implicit.stat_2176571093"",""value"":{""weight"":1.0},""disabled"":false},{""id"":""fractured.stat_2176571093"",""value"":{""weight"":1.0},""disabled"":false},{""id"":""scourge.stat_2176571093"",""value"":{""weight"":1.0},""disabled"":false},{""id"":""crafted.stat_2176571093"",""value"":{""weight"":1.0},""disabled"":false},{""id"":""explicit.stat_2843100721"",""value"":{""weight"":1.0},""disabled"":false},{""id"":""implicit.stat_2843100721"",""value"":{""weight"":1.0},""disabled"":false},{""id"":""fractured.stat_2843100721"",""value"":{""weight"":1.0},""disabled"":false},{""id"":""scourge.stat_2843100721"",""value"":{""weight"":1.0},""disabled"":false}],""value"":{""min"":0.5}},{""type"":""not"",""filters"":[{""id"":""pseudo.pseudo_total_additional_projectile_gem_levels"",""disabled"":false}]}],""filters"":{""trade_filters"":{""disabled"":true,""filters"":{""sale_type"":{""option"":""any""}}}}}"
e080,"total_bow_gem_levels v1, complete: whether any listed item shows `+# total to Level of Socketed Bow Gems` while carrying none of its 2 rows (7 ids). None found: the rows are all the site counts. Any found: its lines name what is missing",c1 and c2: a `not` group over every id of a row finds what it should,Standard,https://www.pathofexile.com/trade/search/Standard/H4sIAAAAAAAAA5WS3QqDMAyF3yXXMpz736sMKdHGUahW2nSbiO--qmM_sgvtTUtOv5ND0xYcI3sH5xZMzcpUcAasGuiiQQnCpQVuahrqEiIolGayo6BkKNeOvDSrcRNsGLVAKVXvFo6ZuYsrlULTjbQLBlI5zDQFtEDtqEu76N2iMvyvBT1qrXLFqz6TSOLkkOxPu2P8xy16IapcjBQWc_aW5AJmkuy43azj-JCs5yebg0yTzWFcbry90gwi7dKvNw-zsChJfBU-AFtPP3cdahLj8KY_qF9PUBTk4GACAAA,"{""status"":{""option"":""any""},""stats"":[{""type"":""and"",""filters"":[{""id"":""pseudo.pseudo_total_additional_bow_gem_levels"",""disabled"":false}]},{""type"":""not"",""filters"":[{""id"":""explicit.stat_2027269580"",""disabled"":false},{""id"":""implicit.stat_2027269580"",""disabled"":false},{""id"":""fractured.stat_2027269580"",""disabled"":false},{""id"":""explicit.stat_2843100721"",""disabled"":false},{""id"":""implicit.stat_2843100721"",""disabled"":false},{""id"":""fractured.stat_2843100721"",""disabled"":false},{""id"":""scourge.stat_2843100721"",""disabled"":false}]}],""filters"":{""trade_filters"":{""disabled"":true,""filters"":{""sale_type"":{""option"":""any""}}}}}"
e081,"total_bow_gem_levels v1, sound: whether any listed item carries a row — the site's own sum of its rows, a half or more — while showing no `+# total to Level of Socketed Bow Gems`. None found: every row is counted wherever it appears. Any found: a row, a twin or an id the site does not count","c4 and d02: a pseudo inside a `not` group, beside a count or a sum, finds what it should",Standard,https://www.pathofexile.com/trade/search/Standard/H4sIAAAAAAAAA62S0W7DIAxF_8XPUUTYunb5lalCNDiZJRIiMO2qKP8-WKqti_q0jBeQr-8xlu4EgTXHAPUEbmRyA9SghyvMxZeShLcJ-Dpiql-QuneWUEBLltEvIpkk4cdoqSEus0lJIffy5XV3EKn3rG3EzF_sUFelSHRDQZ8sJnOrbcC5uJGo_y9S63XD0aPZjlqtd3h-qoTYy2rzehtI6_U2oELjou_w76DjXWdPKUOi3M0Zf0vO4PhRasaA0bhyuRQ71lZpYyjnMD1P7qI67JXFM9oAD8bmwd_UNM1rg-qu8GNgH_FXb9AW1fK9dfTz-QRSCYeUGQMAAA,"{""status"":{""option"":""any""},""stats"":[{""type"":""weight2"",""filters"":[{""id"":""explicit.stat_2027269580"",""value"":{""weight"":1.0},""disabled"":false},{""id"":""implicit.stat_2027269580"",""value"":{""weight"":1.0},""disabled"":false},{""id"":""fractured.stat_2027269580"",""value"":{""weight"":1.0},""disabled"":false},{""id"":""explicit.stat_2843100721"",""value"":{""weight"":1.0},""disabled"":false},{""id"":""implicit.stat_2843100721"",""value"":{""weight"":1.0},""disabled"":false},{""id"":""fractured.stat_2843100721"",""value"":{""weight"":1.0},""disabled"":false},{""id"":""scourge.stat_2843100721"",""value"":{""weight"":1.0},""disabled"":false}],""value"":{""min"":0.5}},{""type"":""not"",""filters"":[{""id"":""pseudo.pseudo_total_additional_bow_gem_levels"",""disabled"":false}]}],""filters"":{""trade_filters"":{""disabled"":true,""filters"":{""sale_type"":{""option"":""any""}}}}}"
e082,"total_melee_gem_levels v1, complete: whether any listed item shows `+# total to Level of Socketed Melee Gems` while carrying none of its 2 rows (10 ids). None found: the rows are all the site counts. Any found: its lines name what is missing",c1 and c2: a `not` group over every id of a row finds what it should,Standard,https://www.pathofexile.com/trade/search/Standard/H4sIAAAAAAAAA5WS3YrCMBCF32Wui2gt2PVVpIQxmbqBNCnJRJTSd9_ULrtWRNLcJMzkO_PDGSAwcgxwHMD1rJ2FI6C9w1g8MilxGoDvPT3iCgpotWHyc0KrFO4DReU28yXYMRqBSulJLT07MkTiQp0wdCUTkoTSAc-GEtyiCTQ2Y_FXxDp-V4RuvdFS82bqStTl174uq0P1Rqz4JXS3lmg9So6eVD5CVn6jXVEjSBf9hfIB6bHlVS0tNlXW1X633R7KXfaqspCXXWUxi9k_Es3YPHkgecOjIvEU-AfYR1r8DWhIzGZ69fR0fgAhuSxq8gIAAA,"{""status"":{""option"":""any""},""stats"":[{""type"":""and"",""filters"":[{""id"":""pseudo.pseudo_total_additional_melee_gem_levels"",""disabled"":false}]},{""type"":""not"",""filters"":[{""id"":""explicit.stat_829382474"",""disabled"":false},{""id"":""implicit.stat_829382474"",""disabled"":false},{""id"":""fractured.stat_829382474"",""disabled"":false},{""id"":""enchant.stat_829382474"",""disabled"":false},{""id"":""scourge.stat_829382474"",""disabled"":false},{""id"":""crafted.stat_829382474"",""disabled"":false},{""id"":""explicit.stat_2843100721"",""disabled"":false},{""id"":""implicit.stat_2843100721"",""disabled"":false},{""id"":""fractured.stat_2843100721"",""disabled"":false},{""id"":""scourge.stat_2843100721"",""disabled"":false}]}],""filters"":{""trade_filters"":{""disabled"":true,""filters"":{""sale_type"":{""option"":""any""}}}}}"
e083,"total_melee_gem_levels v1, sound: whether any listed item carries a row — the site's own sum of its rows, a half or more — while showing no `+# total to Level of Socketed Melee Gems`. None found: every row is counted wherever it appears. Any found: a row, a twin or an id the site does not count","c4 and d02: a pseudo inside a `not` group, beside a count or a sum, finds what it should",Standard,https://www.pathofexile.com/trade/search/Standard/H4sIAAAAAAAAA62T0W6DMAxF_8XPCAFlKuNXpinyiKGRAkGJ061C_PuSUW2l6tPSvCTytY-TWHcBx8jeQbuAmVmZCVrA6QJr9qME4W0BvswU4p-khhNXkEGvNJPdRCWDRF-zVp3iPBaJpno9NFV9rEPqGbWniN-qoS3zIsClcvihKdT2qB2t2RWkxieBeosde0symURTd8Ip_UauM94OlMzpLPb8jHftZlY19aEsimNVpg4thXQ3tRTU7rv_A3q_yRxVMEaRv6wRf7XDZPiRFWZHXpp82wQbRi1QShXNFY4jaSIx0Cg0nUk7eNA4tv7lhn4WJYmbwF8BW0-7XIeaxHbBe0fH9Q3m0Qca8AMAAA,"{""status"":{""option"":""any""},""stats"":[{""type"":""weight2"",""filters"":[{""id"":""explicit.stat_829382474"",""value"":{""weight"":1.0},""disabled"":false},{""id"":""implicit.stat_829382474"",""value"":{""weight"":1.0},""disabled"":false},{""id"":""fractured.stat_829382474"",""value"":{""weight"":1.0},""disabled"":false},{""id"":""enchant.stat_829382474"",""value"":{""weight"":1.0},""disabled"":false},{""id"":""scourge.stat_829382474"",""value"":{""weight"":1.0},""disabled"":false},{""id"":""crafted.stat_829382474"",""value"":{""weight"":1.0},""disabled"":false},{""id"":""explicit.stat_2843100721"",""value"":{""weight"":1.0},""disabled"":false},{""id"":""implicit.stat_2843100721"",""value"":{""weight"":1.0},""disabled"":false},{""id"":""fractured.stat_2843100721"",""value"":{""weight"":1.0},""disabled"":false},{""id"":""scourge.stat_2843100721"",""value"":{""weight"":1.0},""disabled"":false}],""value"":{""min"":0.5}},{""type"":""not"",""filters"":[{""id"":""pseudo.pseudo_total_additional_melee_gem_levels"",""disabled"":false}]}],""filters"":{""trade_filters"":{""disabled"":true,""filters"":{""sale_type"":{""option"":""any""}}}}}"
e084,"total_minion_gem_levels v1, complete: whether any listed item shows `+# total to Level of Socketed Minion Gems` while carrying none of its 2 rows (8 ids). None found: the rows are all the site counts. Any found: its lines name what is missing",c1 and c2: a `not` group over every id of a row finds what it should,Standard,https://www.pathofexile.com/trade/search/Standard/H4sIAAAAAAAAA5WS7aqDMAyG7yW_Zbgp7uNWhpQcG0egWmnTcYZ476tznDPHGNo_DUmfN3lJe_CCEjycerCdsG3hBNjeYEgelVg49yC3jh55DQnUbITcVGAd052noO1mupRYQaNQax7VYthwGwN1oUYZupLxUUOzxx9Dka7ReBrKIfnr0lr51IV-O8MVy2YcS2VFmh_zothnH9SSJ8LNaqR2WElwpFcwvrLBXWgFMfeyO-TZNk33u-1iL4uQNy-LmJmXr0Q5lC9bittzqEm9JP4BcYFmbz0aUtO637_deO4STICFlQIAAA,"{""status"":{""option"":""any""},""stats"":[{""type"":""and"",""filters"":[{""id"":""pseudo.pseudo_total_additional_minion_gem_levels"",""disabled"":false}]},{""type"":""not"",""filters"":[{""id"":""explicit.stat_3604946673"",""disabled"":false},{""id"":""implicit.stat_3604946673"",""disabled"":false},{""id"":""fractured.stat_3604946673"",""disabled"":false},{""id"":""scourge.stat_3604946673"",""disabled"":false},{""id"":""explicit.stat_2843100721"",""disabled"":false},{""id"":""implicit.stat_2843100721"",""disabled"":false},{""id"":""fractured.stat_2843100721"",""disabled"":false},{""id"":""scourge.stat_2843100721"",""disabled"":false}]}],""filters"":{""trade_filters"":{""disabled"":true,""filters"":{""sale_type"":{""option"":""any""}}}}}"
e085,"total_minion_gem_levels v1, sound: whether any listed item carries a row — the site's own sum of its rows, a half or more — while showing no `+# total to Level of Socketed Minion Gems`. None found: every row is counted wherever it appears. Any found: a row, a twin or an id the site does not count","c4 and d02: a pseudo inside a `not` group, beside a count or a sum, finds what it should",Standard,https://www.pathofexile.com/trade/search/Standard/H4sIAAAAAAAAA62T3W6DMAyF38XXCPFXuvEqUxWlxLBIgaDE6VYh3n3OqLZS9WosN7Fsn8-RdTKDJ0nBQzODnUjbERqQ4xWW5LvChbcZ6Doh5z9Q9-9UQAKdNoRuLWrFJfycjG41pVEkyjqrXqu6Ppbce5EmYOSvcmjyNGO60l6eDbK4k8bjktxIevgvUudkS8Gh2o_yrQ2ux_2g7Z6Kl6rMs-xY5Hv3tIf0sKc9qM2e_gI63XUOms2YpYcl4m8WHC09s9_kMSibrpcgS9IIqZSOhuaQSRyIHgdh8ILGw5PJcfYPmAc6qVDcJX4F5AJuer00KNYXPn6jeL4AD20WcWUDAAA,"{""status"":{""option"":""any""},""stats"":[{""type"":""weight2"",""filters"":[{""id"":""explicit.stat_3604946673"",""value"":{""weight"":1.0},""disabled"":false},{""id"":""implicit.stat_3604946673"",""value"":{""weight"":1.0},""disabled"":false},{""id"":""fractured.stat_3604946673"",""value"":{""weight"":1.0},""disabled"":false},{""id"":""scourge.stat_3604946673"",""value"":{""weight"":1.0},""disabled"":false},{""id"":""explicit.stat_2843100721"",""value"":{""weight"":1.0},""disabled"":false},{""id"":""implicit.stat_2843100721"",""value"":{""weight"":1.0},""disabled"":false},{""id"":""fractured.stat_2843100721"",""value"":{""weight"":1.0},""disabled"":false},{""id"":""scourge.stat_2843100721"",""value"":{""weight"":1.0},""disabled"":false}],""value"":{""min"":0.5}},{""type"":""not"",""filters"":[{""id"":""pseudo.pseudo_total_additional_minion_gem_levels"",""disabled"":false}]}],""filters"":{""trade_filters"":{""disabled"":true,""filters"":{""sale_type"":{""option"":""any""}}}}}"
e086,"total_strength_gem_levels v1, complete: whether any listed item shows `+# total to Level of Socketed Strength Gems` while carrying none of its 2 rows (8 ids). None found: the rows are all the site counts. Any found: its lines name what is missing",c1 and c2: a `not` group over every id of a row finds what it should,Standard,https://www.pathofexile.com/trade/search/Standard/H4sIAAAAAAAAA5WS0YrCMBBF_2Wei9gqdvVXlhLGZloDsSmZiSil_25ql10rItm8JMzNmcnlZgAWlMBwGMD1YlwHB8DuBmP2UKLwPYDcenrUNWTQGCvkZ8HoWO6ZgnareVPiBK1Crc3ULR5ZPHWtnFRLZ2XpQpZjF20Yj5Yi36BlGqsx-53TOXk3h669NbWR1fQwtc935b7cboo3zbIfwpz_SzQeawmedDrCtQu-pXRg6aP42m7y9bos8mQjSciLkyRmYeUjUY3VU0IxOY-a1FPhDxAfaHGX0ZKao379dNO6AwjjGLWTAgAA,"{""status"":{""option"":""any""},""stats"":[{""type"":""and"",""filters"":[{""id"":""pseudo.pseudo_total_additional_strength_gem_levels"",""disabled"":false}]},{""type"":""not"",""filters"":[{""id"":""explicit.stat_916797432"",""disabled"":false},{""id"":""implicit.stat_916797432"",""disabled"":false},{""id"":""fractured.stat_916797432"",""disabled"":false},{""id"":""scourge.stat_916797432"",""disabled"":false},{""id"":""explicit.stat_2843100721"",""disabled"":false},{""id"":""implicit.stat_2843100721"",""disabled"":false},{""id"":""fractured.stat_2843100721"",""disabled"":false},{""id"":""scourge.stat_2843100721"",""disabled"":false}]}],""filters"":{""trade_filters"":{""disabled"":true,""filters"":{""sale_type"":{""option"":""any""}}}}}"
e087,"total_strength_gem_levels v1, sound: whether any listed item carries a row — the site's own sum of its rows, a half or more — while showing no `+# total to Level of Socketed Strength Gems`. None found: every row is counted wherever it appears. Any found: a row, a twin or an id the site does not count","c4 and d02: a pseudo inside a `not` group, beside a count or a sum, finds what it should",Standard,https://www.pathofexile.com/trade/search/Standard/H4sIAAAAAAAAA62T0W7DIAxF_8XPUZSk3dLmV6YJecFJkUiIwHSrovz7YKm2pupTGS8grn2Mri4zOEb2DpoZzMTKjNAAjhdYsh8lCG8z8GWicP9Jqj9xBRl0SjPZVVQySPQ1adUqzmOTOJav9bHe72LpGbWniF-7oSnzIsClcvihKfR2qB0t2RWkhn8CdRZb9pZkMsm1xtuekjlbj6rDflcWRV2VqSalkO5cSkFtbHoG9H5TOagQxCJ_WSL-Gr_R8KPoTY68NPm6CTaMWqCUKoY5HB1bGns-iZ4GoelM2sGD2XH6LzqMtChJ3Fz8NbD1tKl1qEmsb7z_RHF9A7DVej1jAwAA,"{""status"":{""option"":""any""},""stats"":[{""type"":""weight2"",""filters"":[{""id"":""explicit.stat_916797432"",""value"":{""weight"":1.0},""disabled"":false},{""id"":""implicit.stat_916797432"",""value"":{""weight"":1.0},""disabled"":false},{""id"":""fractured.stat_916797432"",""value"":{""weight"":1.0},""disabled"":false},{""id"":""scourge.stat_916797432"",""value"":{""weight"":1.0},""disabled"":false},{""id"":""explicit.stat_2843100721"",""value"":{""weight"":1.0},""disabled"":false},{""id"":""implicit.stat_2843100721"",""value"":{""weight"":1.0},""disabled"":false},{""id"":""fractured.stat_2843100721"",""value"":{""weight"":1.0},""disabled"":false},{""id"":""scourge.stat_2843100721"",""value"":{""weight"":1.0},""disabled"":false}],""value"":{""min"":0.5}},{""type"":""not"",""filters"":[{""id"":""pseudo.pseudo_total_additional_strength_gem_levels"",""disabled"":false}]}],""filters"":{""trade_filters"":{""disabled"":true,""filters"":{""sale_type"":{""option"":""any""}}}}}"
e088,"total_dexterity_gem_levels v1, complete: whether any listed item shows `+# total to Level of Socketed Dexterity Gems` while carrying none of its 2 rows (8 ids). None found: the rows are all the site counts. Any found: its lines name what is missing",c1 and c2: a `not` group over every id of a row finds what it should,Standard,https://www.pathofexile.com/trade/search/Standard/H4sIAAAAAAAAA5WS0arCMAyG3yXXQ9wUN30VGSUumRTqOtpUHGPvbucO5-iQw9abliTfn_ykPXhBCR5OPdhWtG3gBNh0MCSvTEyce5Cu5VecIIFaG2E3JTTFcOs5kN1MlxIraBQS6VEtPokfsV5Lp658U4bvbHyUIe3xYjgK1Gg8D-WQ_DZqrHxrxI_W6ErLZpxMZXlaHI7FLs--qCU_iL6tRmqHlQTHtILxlQ3uyiuImZdiv0u32zxLl3tZgsy9LGE-vfxHlEP5tqW4PYfE6i3wB4gL_FHr0bCa1j3_eeN5AtZd4SWYAgAA,"{""status"":{""option"":""any""},""stats"":[{""type"":""and"",""filters"":[{""id"":""pseudo.pseudo_total_additional_dexterity_gem_levels"",""disabled"":false}]},{""type"":""not"",""filters"":[{""id"":""explicit.stat_2718698372"",""disabled"":false},{""id"":""implicit.stat_2718698372"",""disabled"":false},{""id"":""fractured.stat_2718698372"",""disabled"":false},{""id"":""scourge.stat_2718698372"",""disabled"":false},{""id"":""explicit.stat_2843100721"",""disabled"":false},{""id"":""implicit.stat_2843100721"",""disabled"":false},{""id"":""fractured.stat_2843100721"",""disabled"":false},{""id"":""scourge.stat_2843100721"",""disabled"":false}]}],""filters"":{""trade_filters"":{""disabled"":true,""filters"":{""sale_type"":{""option"":""any""}}}}}"
e089,"total_dexterity_gem_levels v1, sound: whether any listed item carries a row — the site's own sum of its rows, a half or more — while showing no `+# total to Level of Socketed Dexterity Gems`. None found: every row is counted wherever it appears. Any found: a row, a twin or an id the site does not count","c4 and d02: a pseudo inside a `not` group, beside a count or a sum, finds what it should",Standard,https://www.pathofexile.com/trade/search/Standard/H4sIAAAAAAAAA62T0W6DMAxF_8XPCAFdB-NXpipKiWGWAkGJ0xUh_n3JqLYW9WksL4lyfY-jK2cGx5K9g3oGMzKZAWqQwwRL8q0E4X0GnkYM959I3QcXkEBLmtGuIqkg4XXU1BCn0SSKMq9e36pDGWsvUnuM_NUOdZ5mga7IybPGYG6ldrgkNxL1_0VqrWzYW1T7Ua4x3na4H7TJqXo55FlWFvnunHaQtjntQD3m9AfQ6a6ypzCMWXpcIv42goPhZ-M3OvTKpOsm2LDUQipFcaDDUeE11BNPosNeaLygdvCkeWz_ww49rVQo7i5-DWw9PtQ6qVGsj9z-pLi-AGsNzqdoAwAA,"{""status"":{""option"":""any""},""stats"":[{""type"":""weight2"",""filters"":[{""id"":""explicit.stat_2718698372"",""value"":{""weight"":1.0},""disabled"":false},{""id"":""implicit.stat_2718698372"",""value"":{""weight"":1.0},""disabled"":false},{""id"":""fractured.stat_2718698372"",""value"":{""weight"":1.0},""disabled"":false},{""id"":""scourge.stat_2718698372"",""value"":{""weight"":1.0},""disabled"":false},{""id"":""explicit.stat_2843100721"",""value"":{""weight"":1.0},""disabled"":false},{""id"":""implicit.stat_2843100721"",""value"":{""weight"":1.0},""disabled"":false},{""id"":""fractured.stat_2843100721"",""value"":{""weight"":1.0},""disabled"":false},{""id"":""scourge.stat_2843100721"",""value"":{""weight"":1.0},""disabled"":false}],""value"":{""min"":0.5}},{""type"":""not"",""filters"":[{""id"":""pseudo.pseudo_total_additional_dexterity_gem_levels"",""disabled"":false}]}],""filters"":{""trade_filters"":{""disabled"":true,""filters"":{""sale_type"":{""option"":""any""}}}}}"
e090,"total_intelligence_gem_levels v1, complete: whether any listed item shows `+# total to Level of Socketed Intelligence Gems` while carrying none of its 2 rows (8 ids). None found: the rows are all the site counts. Any found: its lines name what is missing",c1 and c2: a `not` group over every id of a row finds what it should,Standard,https://www.pathofexile.com/trade/search/Standard/H4sIAAAAAAAAA5WS0YqDMBBF_yXPUqp1se2vFAmzZpSBaSLJpGwR_31jXXZrKYvmJeFOzp1cJoMKAhKDOg_K9ULOqrMCe1dj9qikwmVQcu_xoRuVqZZY0M8FMknuA0bjdvOmxQmwBmNocktHsoLM1KFtUHd41Yw35JCcDAX4ZEweLXDAsR6z317Wybte-NUzNSS76XE6r_JTWRyOH9Ubt-wHoetmpPXQSPRoNjChcdF3uIFYZimO5SHf76siX51lFfKSZRWzyPIvUY_105TS9DwY1E_CHyA-4uJuAEY9j_v1803rG0w4ndibAgAA,"{""status"":{""option"":""any""},""stats"":[{""type"":""and"",""filters"":[{""id"":""pseudo.pseudo_total_additional_intelligence_gem_levels"",""disabled"":false}]},{""type"":""not"",""filters"":[{""id"":""explicit.stat_1719423857"",""disabled"":false},{""id"":""implicit.stat_1719423857"",""disabled"":false},{""id"":""fractured.stat_1719423857"",""disabled"":false},{""id"":""scourge.stat_1719423857"",""disabled"":false},{""id"":""explicit.stat_2843100721"",""disabled"":false},{""id"":""implicit.stat_2843100721"",""disabled"":false},{""id"":""fractured.stat_2843100721"",""disabled"":false},{""id"":""scourge.stat_2843100721"",""disabled"":false}]}],""filters"":{""trade_filters"":{""disabled"":true,""filters"":{""sale_type"":{""option"":""any""}}}}}"
e091,"total_intelligence_gem_levels v1, sound: whether any listed item carries a row — the site's own sum of its rows, a half or more — while showing no `+# total to Level of Socketed Intelligence Gems`. None found: every row is counted wherever it appears. Any found: a row, a twin or an id the site does not count","c4 and d02: a pseudo inside a `not` group, beside a count or a sum, finds what it should",Standard,https://www.pathofexile.com/trade/search/Standard/H4sIAAAAAAAAA62T0W6DMAxF_8XPCAFtRddfmaYoI4ZZMgQlTrsK8e9LRrWVqk9jeUnk63tsWc4EXrQED6cJ7ChkBziBHq4wZ99KFF4nkOuIMX5B6j6kggxaYkG3iGSihJ8jU0OSJ5Mq6_JlX-2OhzrmnjUHTPzFDqcyLyLdkNfvjNHcavY4ZzcS9f9Fap1uJDg021G-scF1uB20nlN13O_KoqircuuctpAe5rQFtZrTX0Bvd5k9xWUs8sOc8LcVHKw8W7_RYzA2Xy4lVjQrbQylhY5PGgSZqcOhQdVhrxjPyB6e1E8d_OBjWacNqrvAr0FcwFWu14xq6fPxM6XzBf_sWhprAwAA,"{""status"":{""option"":""any""},""stats"":[{""type"":""weight2"",""filters"":[{""id"":""explicit.stat_1719423857"",""value"":{""weight"":1.0},""disabled"":false},{""id"":""implicit.stat_1719423857"",""value"":{""weight"":1.0},""disabled"":false},{""id"":""fractured.stat_1719423857"",""value"":{""weight"":1.0},""disabled"":false},{""id"":""scourge.stat_1719423857"",""value"":{""weight"":1.0},""disabled"":false},{""id"":""explicit.stat_2843100721"",""value"":{""weight"":1.0},""disabled"":false},{""id"":""implicit.stat_2843100721"",""value"":{""weight"":1.0},""disabled"":false},{""id"":""fractured.stat_2843100721"",""value"":{""weight"":1.0},""disabled"":false},{""id"":""scourge.stat_2843100721"",""value"":{""weight"":1.0},""disabled"":false}],""value"":{""min"":0.5}},{""type"":""not"",""filters"":[{""id"":""pseudo.pseudo_total_additional_intelligence_gem_levels"",""disabled"":false}]}],""filters"":{""trade_filters"":{""disabled"":true,""filters"":{""sale_type"":{""option"":""any""}}}}}"
e092,"total_aura_gem_levels v1, complete: whether any listed item shows `+# total to Level of Socketed Aura Gems` while carrying none of its 2 rows (8 ids). None found: the rows are all the site counts. Any found: its lines name what is missing",c1 and c2: a `not` group over every id of a row finds what it should,Standard,https://www.pathofexile.com/trade/search/Standard/H4sIAAAAAAAAA5WS3QqDMAyF3yXXMtQ55vYqQ0pmoxQ6K206JuK7r86xHxlDe9OS0y_p4bQHx8jewbEH07IyDRwBmw6G6KEE4dQDdy096hIiqJRmspOgZCi3jrw0m2kTbBi1QCnV2G08eouipovQdCXtQgepHJ41BbZC7Wgohug1ozH8awbdWq1KxZvxUSLNdunhkO_y7Y9u0RNRl9VIZbFkb0muYFxpvK1pBTHzkmfbJI73abLcyxJk7mUJ8-3lH1EMxUdKIT2LksRH4Q2w9fR116EmMcU9_3TjugNV82XlkwIAAA,"{""status"":{""option"":""any""},""stats"":[{""type"":""and"",""filters"":[{""id"":""pseudo.pseudo_total_additional_aura_gem_levels"",""disabled"":false}]},{""type"":""not"",""filters"":[{""id"":""explicit.stat_2452998583"",""disabled"":false},{""id"":""implicit.stat_2452998583"",""disabled"":false},{""id"":""fractured.stat_2452998583"",""disabled"":false},{""id"":""scourge.stat_2452998583"",""disabled"":false},{""id"":""explicit.stat_2843100721"",""disabled"":false},{""id"":""implicit.stat_2843100721"",""disabled"":false},{""id"":""fractured.stat_2843100721"",""disabled"":false},{""id"":""scourge.stat_2843100721"",""disabled"":false}]}],""filters"":{""trade_filters"":{""disabled"":true,""filters"":{""sale_type"":{""option"":""any""}}}}}"
e093,"total_aura_gem_levels v1, sound: whether any listed item carries a row — the site's own sum of its rows, a half or more — while showing no `+# total to Level of Socketed Aura Gems`. None found: every row is counted wherever it appears. Any found: a row, a twin or an id the site does not count","c4 and d02: a pseudo inside a `not` group, beside a count or a sum, finds what it should",Standard,https://www.pathofexile.com/trade/search/Standard/H4sIAAAAAAAAA62T0W6DMAxF_8XPCAEtGuVXpinyiGGRAkGJ065C_PuSUW0t6tOyvCTKtY-jq5sFHCN7B-0CZmZlJmgBpyus2bcShNcF-DpTuL-QGj64ggx6pZnsJioZJPqcteoU57FJVMe6Op2aujmE2jNqT5G_tUNb5kWgS-XwXVNo7lE7WrMbSY3_ReotduwtyXSU64y3A6WDdj41x0NZFC9VmexTAmnvUwLq0ac_gN7uKkcVwljk9RrxtwhOhp_Fb3bkpcm3TbBh1AKlVDHQ8egtioFGoelM2sGTuXHyDzaMsyhJ3F38NrD19FDrUJPY3rf_RHF9AYulb6tjAwAA,"{""status"":{""option"":""any""},""stats"":[{""type"":""weight2"",""filters"":[{""id"":""explicit.stat_2452998583"",""value"":{""weight"":1.0},""disabled"":false},{""id"":""implicit.stat_2452998583"",""value"":{""weight"":1.0},""disabled"":false},{""id"":""fractured.stat_2452998583"",""value"":{""weight"":1.0},""disabled"":false},{""id"":""scourge.stat_2452998583"",""value"":{""weight"":1.0},""disabled"":false},{""id"":""explicit.stat_2843100721"",""value"":{""weight"":1.0},""disabled"":false},{""id"":""implicit.stat_2843100721"",""value"":{""weight"":1.0},""disabled"":false},{""id"":""fractured.stat_2843100721"",""value"":{""weight"":1.0},""disabled"":false},{""id"":""scourge.stat_2843100721"",""value"":{""weight"":1.0},""disabled"":false}],""value"":{""min"":0.5}},{""type"":""not"",""filters"":[{""id"":""pseudo.pseudo_total_additional_aura_gem_levels"",""disabled"":false}]}],""filters"":{""trade_filters"":{""disabled"":true,""filters"":{""sale_type"":{""option"":""any""}}}}}"
e094,"total_movement_gem_levels v1, complete: whether any listed item shows `+# total to Level of Socketed Movement Gems` while carrying none of its 2 rows (6 ids). None found: the rows are all the site counts. Any found: its lines name what is missing",c1 and c2: a `not` group over every id of a row finds what it should,Standard,https://www.pathofexile.com/trade/search/Standard/H4sIAAAAAAAAA5WS3QqDMAyF3yXXMjbdH77KkJLZKIVqpU3HhvTdV-fY3PBCe5NyTr-ckrYHx8jeQd6D6ViZFnLA9gEheTnRuPTAj45euoQEKqWZ7GgoGeXOkZdmMxbBhlELlFIN3eK2MTdqqGVRUyM03Ui72EUqh1dNka9QOwpFSD45reG5HLp3WpWKN8PFRHY-pIf0GMtMt-SNqGY18puSnvfZbrs9pbvFKYuQymLJ3pJcwbjSeFvTAqIIxWR-ca4WJYmJ8AXYevo561CTGB_i_0sM6wmb7UFIMQIAAA,"{""status"":{""option"":""any""},""stats"":[{""type"":""and"",""filters"":[{""id"":""pseudo.pseudo_total_additional_movement_gem_levels"",""disabled"":false}]},{""type"":""not"",""filters"":[{""id"":""explicit.stat_3852526385"",""disabled"":false},{""id"":""implicit.stat_3852526385"",""disabled"":false},{""id"":""explicit.stat_2843100721"",""disabled"":false},{""id"":""implicit.stat_2843100721"",""disabled"":false},{""id"":""fractured.stat_2843100721"",""disabled"":false},{""id"":""scourge.stat_2843100721"",""disabled"":false}]}],""filters"":{""trade_filters"":{""disabled"":true,""filters"":{""sale_type"":{""option"":""any""}}}}}"
e095,"total_movement_gem_levels v1, sound: whether any listed item carries a row — the site's own sum of its rows, a half or more — while showing no `+# total to Level of Socketed Movement Gems`. None found: every row is counted wherever it appears. Any found: a row, a twin or an id the site does not count","c4 and d02: a pseudo inside a `not` group, beside a count or a sum, finds what it should",Standard,https://www.pathofexile.com/trade/search/Standard/H4sIAAAAAAAAA62S0W6DMAxF_8XPCEE6topfmabII4ZFSghKHLYK8e9LRrW1U59K8-LI1_fYkr1AYOQYoF3ATazdCC3geIK1-FGS8LoAnyZK-U_SwwcLKKDXhslvolZJoq_J6E5zmU3ycGxEI55TSLUzmkiZv9mhrcsq0ZUO-G4omXs0gdbiTNL2UaTrmcTx6VBX1Yuo9860h9R77Dh6UvtRoXPRD3Q_6O2i0uq0-Kps1ow_r3t0fGvVU6CoXLkFyY7RSFRK5-NJX-tmsjSyHMhKQzOZADd65-6_6NTSoyJ5kfgzsI90VRvQkNxm_H-0-X0DZ71hNdMCAAA,"{""status"":{""option"":""any""},""stats"":[{""type"":""weight2"",""filters"":[{""id"":""explicit.stat_3852526385"",""value"":{""weight"":1.0},""disabled"":false},{""id"":""implicit.stat_3852526385"",""value"":{""weight"":1.0},""disabled"":false},{""id"":""explicit.stat_2843100721"",""value"":{""weight"":1.0},""disabled"":false},{""id"":""implicit.stat_2843100721"",""value"":{""weight"":1.0},""disabled"":false},{""id"":""fractured.stat_2843100721"",""value"":{""weight"":1.0},""disabled"":false},{""id"":""scourge.stat_2843100721"",""value"":{""weight"":1.0},""disabled"":false}],""value"":{""min"":0.5}},{""type"":""not"",""filters"":[{""id"":""pseudo.pseudo_total_additional_movement_gem_levels"",""disabled"":false}]}],""filters"":{""trade_filters"":{""disabled"":true,""filters"":{""sale_type"":{""option"":""any""}}}}}"
e096,"total_curse_gem_levels v1, complete: whether any listed item shows `+# total to Level of Socketed Curse Gems` while carrying none of its 2 rows (8 ids). None found: the rows are all the site counts. Any found: its lines name what is missing",c1 and c2: a `not` group over every id of a row finds what it should,Standard,https://www.pathofexile.com/trade/search/Standard/H4sIAAAAAAAAA5WS0YqDMBBF_2WepVRt67a_skiYNWMJpEYyk7Ii_nujLru1lEXzkjA3ZyaXmx5YUALDpQfXinENXACbDoZkUqLw2YN0LU11DQnUxgr5WTA6llumoN1u3pQ4QatQazN2i8cqeCZ1pZuydCfLsYU2jF-WIlyjZRrKIfkd0jh5N4S-W2sqI7vxVSo_ndPT-ZjlxZtuyQ9ibpuR2mMlwZPewHDlgr_SBmLpJfs45Ol-X2Tpai-rkBcvq5iFl3-JciifUorpedSkngp_gPhAi7uMltQc9-uvG9cDpdmQ-JQCAAA,"{""status"":{""option"":""any""},""stats"":[{""type"":""and"",""filters"":[{""id"":""pseudo.pseudo_total_additional_curse_gem_levels"",""disabled"":false}]},{""type"":""not"",""filters"":[{""id"":""explicit.stat_3691695237"",""disabled"":false},{""id"":""implicit.stat_3691695237"",""disabled"":false},{""id"":""fractured.stat_3691695237"",""disabled"":false},{""id"":""scourge.stat_3691695237"",""disabled"":false},{""id"":""explicit.stat_2843100721"",""disabled"":false},{""id"":""implicit.stat_2843100721"",""disabled"":false},{""id"":""fractured.stat_2843100721"",""disabled"":false},{""id"":""scourge.stat_2843100721"",""disabled"":false}]}],""filters"":{""trade_filters"":{""disabled"":true,""filters"":{""sale_type"":{""option"":""any""}}}}}"
e097,"total_curse_gem_levels v1, sound: whether any listed item carries a row — the site's own sum of its rows, a half or more — while showing no `+# total to Level of Socketed Curse Gems`. None found: every row is counted wherever it appears. Any found: a row, a twin or an id the site does not count","c4 and d02: a pseudo inside a `not` group, beside a count or a sum, finds what it should",Standard,https://www.pathofexile.com/trade/search/Standard/H4sIAAAAAAAAA62T3W7DIAyF38XXUZSftV3zKtOEaHAySyREYLpVUd69sFRbU_VqjBsQx_6Mjg4zOJbsHTQzmInJjNCAHC-wZN9KEN5m4MuE4f4Tqf_gCjLoSDPaVSQVJPyaNLXEeWwS9f5Y7o-7qj6E2rPUHiN_bYemzItAV-TkSWNo7qR2uGQ3Eg3_ReqsbNlbVOko1xpve0wHbX2qXl_qsigOVZnqUwrpwacU1Manv4De7yoHCmEs8t0S8bcIjoafxW9y6JXJ102wYamFVIpioMOx9dah6HEQGs-oHTwZHEf_cMM8KxWKu4vfBrYeN7VOahTrAx9_UVxXr3NtwWQDAAA,"{""status"":{""option"":""any""},""stats"":[{""type"":""weight2"",""filters"":[{""id"":""explicit.stat_3691695237"",""value"":{""weight"":1.0},""disabled"":false},{""id"":""implicit.stat_3691695237"",""value"":{""weight"":1.0},""disabled"":false},{""id"":""fractured.stat_3691695237"",""value"":{""weight"":1.0},""disabled"":false},{""id"":""scourge.stat_3691695237"",""value"":{""weight"":1.0},""disabled"":false},{""id"":""explicit.stat_2843100721"",""value"":{""weight"":1.0},""disabled"":false},{""id"":""implicit.stat_2843100721"",""value"":{""weight"":1.0},""disabled"":false},{""id"":""fractured.stat_2843100721"",""value"":{""weight"":1.0},""disabled"":false},{""id"":""scourge.stat_2843100721"",""value"":{""weight"":1.0},""disabled"":false}],""value"":{""min"":0.5}},{""type"":""not"",""filters"":[{""id"":""pseudo.pseudo_total_additional_curse_gem_levels"",""disabled"":false}]}],""filters"":{""trade_filters"":{""disabled"":true,""filters"":{""sale_type"":{""option"":""any""}}}}}"
e098,"total_vaal_gem_levels v1, complete: whether any listed item shows `+# total to Level of Socketed Vaal Gems` while carrying none of its 2 rows (6 ids). None found: the rows are all the site counts. Any found: its lines name what is missing",c1 and c2: a `not` group over every id of a row finds what it should,Standard,https://www.pathofexile.com/trade/search/Standard/H4sIAAAAAAAAA5WSTQqDMBCF7zJrKf6UKl6lSJiasQRSI8lEWsS7N2ppa3Fhs0jCe_nmhUkGcIzsHZQDmI6VaaEEbB8wRrMTjPMA_Oho1iVE0CjNZBdDySB3jrw0h2URbBi1QCnVVC1sewzTlW5CU0_ahQpSObxoCmyD2tFYjdE7ozW8lUH3Tqta8WG6lEiSPM6KU5EfN6pFL0Td_kbWKWlxzJI4ztNkd8oupLFYs7ck_2Bcbby90g6iGquv_oW-WpQkvoQPwNbT6qxDTWJ5iN_vMI0n_J1Fdy0CAAA,"{""status"":{""option"":""any""},""stats"":[{""type"":""and"",""filters"":[{""id"":""pseudo.pseudo_total_additional_vaal_gem_levels"",""disabled"":false}]},{""type"":""not"",""filters"":[{""id"":""explicit.stat_1170386874"",""disabled"":false},{""id"":""implicit.stat_1170386874"",""disabled"":false},{""id"":""explicit.stat_2843100721"",""disabled"":false},{""id"":""implicit.stat_2843100721"",""disabled"":false},{""id"":""fractured.stat_2843100721"",""disabled"":false},{""id"":""scourge.stat_2843100721"",""disabled"":false}]}],""filters"":{""trade_filters"":{""disabled"":true,""filters"":{""sale_type"":{""option"":""any""}}}}}"
e099,"total_vaal_gem_levels v1, sound: whether any listed item carries a row — the site's own sum of its rows, a half or more — while showing no `+# total to Level of Socketed Vaal Gems`. None found: every row is counted wherever it appears. Any found: a row, a twin or an id the site does not count","c4 and d02: a pseudo inside a `not` group, beside a count or a sum, finds what it should",Standard,https://www.pathofexile.com/trade/search/Standard/H4sIAAAAAAAAA62S0W6DMAxF_8XPCAXaFcSvTFPkEcMiBYISh65C_PuSUm3t1KexPCSRr--xJXsBz8jBQ7OAnVjbERrA8QJrdlWi8LoAXyaK8TPp_oNLyKDThsltolZRos_J6FZznkyyKCpxqE91dYy5M5pAib_ZoSlyEelKe3w3FM0dGk9rdiPp4b9Ijz2V9fFQCFGVxd6e9pA6hy0HR2o_yrc2uJ7-Dnq7yxx0HLzIX9aEv417tPxs1JOnoGy-PZIto5GolE7LE78zxqunQRqayXh4UjdV_sbGcg4VybvAj4FdoIdcj4bk1t_vhU3nC4TgjGrPAgAA,"{""status"":{""option"":""any""},""stats"":[{""type"":""weight2"",""filters"":[{""id"":""explicit.stat_1170386874"",""value"":{""weight"":1.0},""disabled"":false},{""id"":""implicit.stat_1170386874"",""value"":{""weight"":1.0},""disabled"":false},{""id"":""explicit.stat_2843100721"",""value"":{""weight"":1.0},""disabled"":false},{""id"":""implicit.stat_2843100721"",""value"":{""weight"":1.0},""disabled"":false},{""id"":""fractured.stat_2843100721"",""value"":{""weight"":1.0},""disabled"":false},{""id"":""scourge.stat_2843100721"",""value"":{""weight"":1.0},""disabled"":false}],""value"":{""min"":0.5}},{""type"":""not"",""filters"":[{""id"":""pseudo.pseudo_total_additional_vaal_gem_levels"",""disabled"":false}]}],""filters"":{""trade_filters"":{""disabled"":true,""filters"":{""sale_type"":{""option"":""any""}}}}}"
e100,"total_support_gem_levels v1, complete: whether any listed item shows `+# total to Level of Socketed Support Gems` while carrying none of its 2 rows (9 ids). None found: the rows are all the site counts. Any found: its lines name what is missing",c1 and c2: a `not` group over every id of a row finds what it should,Standard,https://www.pathofexile.com/trade/search/Standard/H4sIAAAAAAAAA5WSYYvCMAyG_0s-D3FzQ8-_IqPk1kwKdS1NepyM_ffrnKgTObZ-aUn6vMlL0gMLSmQ49uC8GNfBEbC7wpDdMilx6kGunm5xDRm0xgqFKWF0CnumqN1mupQ4QatQazOqpSdH710QdaaLsvRDlpOINozflhLeomUa6iF7lOmcfCpDv96axshm7EuVeVUW1Ve5rz6oZXfEXFYjbcBGYiC9guHGxXCmFUQTsJVVNebui0O5y7fbfZEvdr8IeXO_iJm5_5eoh_plrmneATWpl8ATkBBp9pfRkpoW5H1Tx_MHxXT908gCAAA,"{""status"":{""option"":""any""},""stats"":[{""type"":""and"",""filters"":[{""id"":""pseudo.pseudo_total_additional_support_gem_levels"",""disabled"":false}]},{""type"":""not"",""filters"":[{""id"":""explicit.stat_4154259475"",""disabled"":false},{""id"":""implicit.stat_4154259475"",""disabled"":false},{""id"":""fractured.stat_4154259475"",""disabled"":false},{""id"":""scourge.stat_4154259475"",""disabled"":false},{""id"":""crafted.stat_4154259475"",""disabled"":false},{""id"":""explicit.stat_2843100721"",""disabled"":false},{""id"":""implicit.stat_2843100721"",""disabled"":false},{""id"":""fractured.stat_2843100721"",""disabled"":false},{""id"":""scourge.stat_2843100721"",""disabled"":false}]}],""filters"":{""trade_filters"":{""disabled"":true,""filters"":{""sale_type"":{""option"":""any""}}}}}"
e101,"total_support_gem_levels v1, sound: whether any listed item carries a row — the site's own sum of its rows, a half or more — while showing no `+# total to Level of Socketed Support Gems`. None found: every row is counted wherever it appears. Any found: a row, a twin or an id the site does not count","c4 and d02: a pseudo inside a `not` group, beside a count or a sum, finds what it should",Standard,https://www.pathofexile.com/trade/search/Standard/H4sIAAAAAAAAA62T0W6DMAxF_8XPCAEDdeNXpinyiGGRAokSp1uF-PclpepK1afRvCTytY-tK2cGz8jBQzuDsazMBC3gdIIlOytReJ-BT5Zi_JvU8MUVZNArzeRWUcko0Y_VqlOcpyJRl01dNW_1oYm5R9SBEn8th7bMi0iXyuOnpljco_a0ZBeSGp9F6h12HBzJ_SjfmeAG2g_qHPb8jIm2hlev9UtZFIeq3Gv4HtKd4XtQG8P_A_q4yRxV3Ooib5aEv-zyZPjRHltPQZp8vQQbRi1QSpV-Rnz6YK1xLAYahaYjaQ8PWqfmV3Ls6FCSuAn8FbALtMn1qEmsI95_yHR-Ad1FRDCvAwAA,"{""status"":{""option"":""any""},""stats"":[{""type"":""weight2"",""filters"":[{""id"":""explicit.stat_4154259475"",""value"":{""weight"":1.0},""disabled"":false},{""id"":""implicit.stat_4154259475"",""value"":{""weight"":1.0},""disabled"":false},{""id"":""fractured.stat_4154259475"",""value"":{""weight"":1.0},""disabled"":false},{""id"":""scourge.stat_4154259475"",""value"":{""weight"":1.0},""disabled"":false},{""id"":""crafted.stat_4154259475"",""value"":{""weight"":1.0},""disabled"":false},{""id"":""explicit.stat_2843100721"",""value"":{""weight"":1.0},""disabled"":false},{""id"":""implicit.stat_2843100721"",""value"":{""weight"":1.0},""disabled"":false},{""id"":""fractured.stat_2843100721"",""value"":{""weight"":1.0},""disabled"":false},{""id"":""scourge.stat_2843100721"",""value"":{""weight"":1.0},""disabled"":false}],""value"":{""min"":0.5}},{""type"":""not"",""filters"":[{""id"":""pseudo.pseudo_total_additional_support_gem_levels"",""disabled"":false}]}],""filters"":{""trade_filters"":{""disabled"":true,""filters"":{""sale_type"":{""option"":""any""}}}}}"
e102,"total_skill_gem_levels v1, complete: whether any listed item shows `+# total to Level of Socketed Skill Gems` while carrying none of its 2 rows (7 ids). None found: the rows are all the site counts. Any found: its lines name what is missing",c1 and c2: a `not` group over every id of a row finds what it should,Standard,https://www.pathofexile.com/trade/search/Standard/H4sIAAAAAAAAA5WS3WrDMAyF30XXobRZRrq-yghGi5UiqsbBlsdKyLvXaUr_6IXnGxsdf0cHyyMERY0BdiO4Qdn1sAPsTzAVFyUJ3yPoaaBL3UIBHYuSXwS2qTwEitatls2oUxSD1vLslo7hwCJmT0cj9EsSkoXlgD9CCe5QAk3NVNya9E7fNaG_QbhlXc2pzGdZ1V91XW3emBVXgo__JTqPrUZPNh95jlVuq4_Nel2X-bmykJdgWUxoXfR7yiCaqXl48DQIj5bMQ-EOqI_0dDegkFkm9_qB5nUGCwAHN18CAAA,"{""status"":{""option"":""any""},""stats"":[{""type"":""and"",""filters"":[{""id"":""pseudo.pseudo_total_additional_skill_gem_levels"",""disabled"":false}]},{""type"":""not"",""filters"":[{""id"":""explicit.stat_524797741"",""disabled"":false},{""id"":""implicit.stat_524797741"",""disabled"":false},{""id"":""fractured.stat_524797741"",""disabled"":false},{""id"":""explicit.stat_2843100721"",""disabled"":false},{""id"":""implicit.stat_2843100721"",""disabled"":false},{""id"":""fractured.stat_2843100721"",""disabled"":false},{""id"":""scourge.stat_2843100721"",""disabled"":false}]}],""filters"":{""trade_filters"":{""disabled"":true,""filters"":{""sale_type"":{""option"":""any""}}}}}"
e103,"total_skill_gem_levels v1, sound: whether any listed item carries a row — the site's own sum of its rows, a half or more — while showing no `+# total to Level of Socketed Skill Gems`. None found: every row is counted wherever it appears. Any found: a row, a twin or an id the site does not count","c4 and d02: a pseudo inside a `not` group, beside a count or a sum, finds what it should",Standard,https://www.pathofexile.com/trade/search/Standard/H4sIAAAAAAAAA62S0W6DMAxF_8XPCAGjYuNXpinKiGHWDEGJ061C_PuSUW1t1aexvCTy9T2OpbuAFy3BQ7uAnYXsBC3o6QRr9q1E4XkBOc0Y6x9Iw5tUkEFPLOg2kUyU8HNm6kjyZFKHqm6emqYuY-tRc8CE39zQlnkR4Ya8fmWM3l6zxzU7g2j8J1DvdCfBodlNut6teqwfyqJoqt3L7SHdbLcH5Tsb3IB_B71cdI4UA1TkhzXhz7GZrNyLzOwxGJtvlxIrmpU2hlII49O_E7MacFSMR2QPdwan0T_cOM9pg-qi8GsQF_Cq12tGtX3wNvnpfAG7NnEpGAMAAA,"{""status"":{""option"":""any""},""stats"":[{""type"":""weight2"",""filters"":[{""id"":""explicit.stat_524797741"",""value"":{""weight"":1.0},""disabled"":false},{""id"":""implicit.stat_524797741"",""value"":{""weight"":1.0},""disabled"":false},{""id"":""fractured.stat_524797741"",""value"":{""weight"":1.0},""disabled"":false},{""id"":""explicit.stat_2843100721"",""value"":{""weight"":1.0},""disabled"":false},{""id"":""implicit.stat_2843100721"",""value"":{""weight"":1.0},""disabled"":false},{""id"":""fractured.stat_2843100721"",""value"":{""weight"":1.0},""disabled"":false},{""id"":""scourge.stat_2843100721"",""value"":{""weight"":1.0},""disabled"":false}],""value"":{""min"":0.5}},{""type"":""not"",""filters"":[{""id"":""pseudo.pseudo_total_additional_skill_gem_levels"",""disabled"":false}]}],""filters"":{""trade_filters"":{""disabled"":true,""filters"":{""sale_type"":{""option"":""any""}}}}}"
e104,"total_warcry_gem_levels v1, complete: whether any listed item shows `+# total to Level of Socketed Warcry Gems` while carrying none of its 2 rows (7 ids). None found: the rows are all the site counts. Any found: its lines name what is missing",c1 and c2: a `not` group over every id of a row finds what it should,Standard,https://www.pathofexile.com/trade/search/Standard/H4sIAAAAAAAAA5WS3QrCMAyF3yXXQ_YjTn0VGSWumRTqOtpUHWPvbreJOhFxvWnJ6XeSNO3AMbJ3sO_ANKxMDXvAuoU-GpUgHDrgtqExLiGCSmkmOwlKhnDjyEuzmjbBhlELlFINbuF4RVvaVpzoLDRdSLvgIZXDo6ZAV6gd9UUfPbPUhr9loVujVal4NZQlkk2e5rssz5IvbtEDUefFiCuNtydaQMzrSrfrLInjPP2_rr-QymLJ3pJcwMx6-UkUffH24mESFiWJt8ALYOtpdtehJjGN7vMLDesOmvFjymECAAA,"{""status"":{""option"":""any""},""stats"":[{""type"":""and"",""filters"":[{""id"":""pseudo.pseudo_total_additional_warcry_gem_levels"",""disabled"":false}]},{""type"":""not"",""filters"":[{""id"":""explicit.stat_1672793731"",""disabled"":false},{""id"":""implicit.stat_1672793731"",""disabled"":false},{""id"":""scourge.stat_1672793731"",""disabled"":false},{""id"":""explicit.stat_2843100721"",""disabled"":false},{""id"":""implicit.stat_2843100721"",""disabled"":false},{""id"":""fractured.stat_2843100721"",""disabled"":false},{""id"":""scourge.stat_2843100721"",""disabled"":false}]}],""filters"":{""trade_filters"":{""disabled"":true,""filters"":{""sale_type"":{""option"":""any""}}}}}"
e105,"total_warcry_gem_levels v1, sound: whether any listed item carries a row — the site's own sum of its rows, a half or more — while showing no `+# total to Level of Socketed Warcry Gems`. None found: every row is counted wherever it appears. Any found: a row, a twin or an id the site does not count","c4 and d02: a pseudo inside a `not` group, beside a count or a sum, finds what it should",Standard,https://www.pathofexile.com/trade/search/Standard/H4sIAAAAAAAAA62S3W6DMAyF38XXCPHTjY1XmarII4ZFCgQlTluEePclperK1Kux3CTy8fmcRGcGx8jeQT2DGVmZAWrAYYIluSpB-JiBp5FC_Uyq--ICEmiVZrKrqGSQ6DJq1ShOo0nkr1VRvZdVmYfeE2pPkb_aoc7TLNClcvipKZhb1I6W5EZS_X-RXGO87Wg_aPu44u1Q5llWFbsft4fUWmzYW5L7UZt_-gvo-NDZq5CgLH1ZIv6Wm8Hws8yMjrw06boJNoxaoJQqpjAcz2gbO4mOeqHpRNrBk8lx9h0cBlqUJB4KPwa2nja9DjWJ9Ya_sx_XN93gCyIaAwAA,"{""status"":{""option"":""any""},""stats"":[{""type"":""weight2"",""filters"":[{""id"":""explicit.stat_1672793731"",""value"":{""weight"":1.0},""disabled"":false},{""id"":""implicit.stat_1672793731"",""value"":{""weight"":1.0},""disabled"":false},{""id"":""scourge.stat_1672793731"",""value"":{""weight"":1.0},""disabled"":false},{""id"":""explicit.stat_2843100721"",""value"":{""weight"":1.0},""disabled"":false},{""id"":""implicit.stat_2843100721"",""value"":{""weight"":1.0},""disabled"":false},{""id"":""fractured.stat_2843100721"",""value"":{""weight"":1.0},""disabled"":false},{""id"":""scourge.stat_2843100721"",""value"":{""weight"":1.0},""disabled"":false}],""value"":{""min"":0.5}},{""type"":""not"",""filters"":[{""id"":""pseudo.pseudo_total_additional_warcry_gem_levels"",""disabled"":false}]}],""filters"":{""trade_filters"":{""disabled"":true,""filters"":{""sale_type"":{""option"":""any""}}}}}"
e106,"total_golem_gem_levels v1, complete: whether any listed item shows `+# total to Level of Socketed Golem Gems` while carrying none of its 2 rows (5 ids). None found: the rows are all the site counts. Any found: its lines name what is missing",c1 and c2: a `not` group over every id of a row finds what it should,Standard,https://www.pathofexile.com/trade/search/Standard/H4sIAAAAAAAAA5WR6wqDMAyF3yW_ZcwpU_YqQ0pmoxQyK206JuK7r07YDRlboTSc9DsppyN4QQkeDiPYXozt4ADYDTAl905sHEeQoae7riGBxrCQWxpGR7n3FLTdLIcSK8gKtTazWyxby3RWbdxMF2IfLbTxeGKKcIPsaaqm5DGks7I2hK49m9rIZn6VyvK8LPJsX-xX3JJVZFfmWbrdFrv0C2LOfyONw1qCI_0H42sbXEs_ENVUvYQRQ3KoSb0IT0BcoLe7HpnUkurn587rBu4gMr_7AQAA,"{""status"":{""option"":""any""},""stats"":[{""type"":""and"",""filters"":[{""id"":""pseudo.pseudo_total_additional_golem_gem_levels"",""disabled"":false}]},{""type"":""not"",""filters"":[{""id"":""explicit.stat_3448743676"",""disabled"":false},{""id"":""explicit.stat_2843100721"",""disabled"":false},{""id"":""implicit.stat_2843100721"",""disabled"":false},{""id"":""fractured.stat_2843100721"",""disabled"":false},{""id"":""scourge.stat_2843100721"",""disabled"":false}]}],""filters"":{""trade_filters"":{""disabled"":true,""filters"":{""sale_type"":{""option"":""any""}}}}}"
e107,"total_golem_gem_levels v1, sound: whether any listed item carries a row — the site's own sum of its rows, a half or more — while showing no `+# total to Level of Socketed Golem Gems`. None found: every row is counted wherever it appears. Any found: a row, a twin or an id the site does not count","c4 and d02: a pseudo inside a `not` group, beside a count or a sum, finds what it should",Standard,https://www.pathofexile.com/trade/search/Standard/H4sIAAAAAAAAA62S60rEMBCF32V-l9Kb26WvIhLGZloD06Ykk9Wl9N1NrOgq_eMlEBLmzPkmcLKCF5TgoVvBLmLsDB3gfIUte1OicL-CXBeK9Wcy45NUkMFgWMjtotFRopeFTW8kTyZVN825bepTe4q9F-RAib_boSvzItK18fjIFM0DsqctOyRV56Yui6Ktyp-TzPRfpMFhL8GR_jvK9za4kX4PerjpnEyMq8jvtoR_D2m2chTQ4ilom--HEivICrU2KfJ4HS3TpMa4mS7EHg4Gp9Ef3DjPoSZ1U_g0iAv0pdcjk9of-P2fpfUKa-1sMYYCAAA,"{""status"":{""option"":""any""},""stats"":[{""type"":""weight2"",""filters"":[{""id"":""explicit.stat_3448743676"",""value"":{""weight"":1.0},""disabled"":false},{""id"":""explicit.stat_2843100721"",""value"":{""weight"":1.0},""disabled"":false},{""id"":""implicit.stat_2843100721"",""value"":{""weight"":1.0},""disabled"":false},{""id"":""fractured.stat_2843100721"",""value"":{""weight"":1.0},""disabled"":false},{""id"":""scourge.stat_2843100721"",""value"":{""weight"":1.0},""disabled"":false}],""value"":{""min"":0.5}},{""type"":""not"",""filters"":[{""id"":""pseudo.pseudo_total_additional_golem_gem_levels"",""disabled"":false}]}],""filters"":{""trade_filters"":{""disabled"":true,""filters"":{""sale_type"":{""option"":""any""}}}}}"
