# generated by scripts/census.py from raw/spike-GERWARIC_7694-2026-09-13.db, raw/cpp-userstore-GERWARIC_7694-2026-09-13.db, ../trade-query/data/items-2026-09-12.json
array,template,items,lines,kinds,flags,example
explicitMods,# to maximum Life,2775,2791,object:2791,crafted=True:228;fractured=True:22,+92 to maximum Life
explicitMods,Base duration is # seconds,1668,1668,object:1668,,Base duration is 1.60 seconds
explicitMods,#% to Cold Resistance,1444,1444,object:1444,crafted=True:26;fractured=True:5,+28% to Cold Resistance
explicitMods,# to maximum Mana,1428,1430,object:1430,crafted=True:42;fractured=True:10,+54 to maximum Mana
explicitMods,#% to Fire Resistance,1418,1418,object:1418,crafted=True:32;fractured=True:7,+44% to Fire Resistance
explicitMods,#% to Lightning Resistance,1332,1332,object:1332,crafted=True:29;fractured=True:13,+45% to Lightning Resistance
explicitMods,# to maximum Energy Shield,1145,1147,object:1147,crafted=True:19;fractured=True:11,+14 to maximum Energy Shield
explicitMods,# to Dexterity,1076,1076,object:1076,crafted=True:14;fractured=True:9,+40 to Dexterity
explicitMods,# to Strength,954,954,object:954,fractured=True:13;crafted=True:8,+27 to Strength
explicitMods,# to Intelligence,874,874,object:874,crafted=True:6;fractured=True:2,+35 to Intelligence
explicitMods,#% more Monster Life,871,871,object:871,,28% more Monster Life
explicitMods,#% increased Attack Speed,823,823,object:823,crafted=True:7;fractured=True:7,4% increased Attack Speed
explicitMods,# metres to radius,805,805,object:805,,+1.9 metres to radius
explicitMods,#% increased Movement Speed,786,786,object:786,crafted=True:19;fractured=True:8,30% increased Movement Speed
explicitMods,#% to all Elemental Resistances,749,749,object:749,crafted=True:4;fractured=True:4,+12% to all Elemental Resistances
explicitMods,#% increased Physical Damage,708,712,object:712,crafted=True:16;fractured=True:3,23% increased Physical Damage
explicitMods,Regenerate # Life per second,691,694,object:694,crafted=True:12;fractured=True:10,Regenerate 23.2 Life per second
explicitMods,#% increased Monster Damage,649,649,object:649,,39% increased Monster Damage
explicitMods,#% increased Stun and Block Recovery,629,630,object:630,fractured=True:2,43% increased Stun and Block Recovery
explicitMods,#% to Chaos Resistance,618,618,object:618,fractured=True:7;mutated=True:1,+26% to Chaos Resistance
explicitMods,# to Accuracy Rating,594,595,object:595,fractured=True:8;crafted=True:2,+338 to Accuracy Rating
explicitMods,Base radius is # metres,585,585,object:585,,Base radius is 1.2 metres
explicitMods,#% increased Rarity of Items found,577,577,object:577,fractured=True:4,24% increased Rarity of Items found
explicitMods,# to Evasion Rating,556,556,object:556,crafted=True:4;fractured=True:3,+3 to Evasion Rating
explicitMods,#% increased Evasion Rating,509,512,object:512,crafted=True:10;fractured=True:3,65% increased Evasion Rating
explicitMods,Adds # to # Physical Damage,475,475,object:475,fractured=True:3;crafted=True:1,Adds 5 to 25 Physical Damage
explicitMods,# to Armour,463,464,object:464,crafted=True:16;fractured=True:6;mutated=True:3,+229 to Armour
explicitMods,#% increased Armour,461,462,object:462,crafted=True:11;fractured=True:3,141% increased Armour
explicitMods,#% increased Mana Regeneration Rate,450,450,object:450,fractured=True:5;crafted=True:3,48% increased Mana Regeneration Rate
explicitMods,Adds # to # Physical Damage to Attacks,438,438,object:438,crafted=True:1;fractured=True:1,Adds 3 to 6 Physical Damage to Attacks
explicitMods,#% increased Cast Speed,407,407,object:407,crafted=True:3;fractured=True:1,10% increased Cast Speed
explicitMods,# to all Attributes,365,365,object:365,fractured=True:1,+28 to all Attributes
explicitMods,Reinforcements have #% increased Attack Speed,357,357,object:357,,Reinforcements have 39% increased Attack Speed
explicitMods,Reinforcements have #% increased Cast Speed,357,357,object:357,,Reinforcements have 39% increased Cast Speed
explicitMods,Reinforcements have #% increased Movement Speed,357,357,object:357,,Reinforcements have 28% increased Movement Speed
explicitMods,Reward Rooms have #% increased Monsters,347,347,object:347,,Reward Rooms have 23% increased Monsters
explicitMods,#% increased Cooldown Recovery Rate,346,346,object:346,,47% increased Cooldown Recovery Rate
explicitMods,#% increased Energy Shield,333,338,object:338,crafted=True:9;fractured=True:3,97% increased Energy Shield
explicitMods,,326,858,object:817;string:41,,
explicitMods,#% increased Armour and Energy Shield,325,326,object:326,crafted=True:4;fractured=True:3,56% increased Armour and Energy Shield
explicitMods,Modifiers to Spell Damage apply to this Skill's Damage Over Time effect,322,322,object:322,,Modifiers to Spell Damage apply to this Skill's Damage Over Time effect
explicitMods,#% increased Magic Monsters,310,310,object:310,,21% increased Magic Monsters
explicitMods,Monsters Poison on Hit,303,303,object:303,,Monsters Poison on Hit
explicitMods,Deals # to # Cold Damage,300,300,object:300,,Deals 214 to 321 Cold Damage
explicitMods,Monsters deal #% extra Physical Damage as Lightning,300,300,object:300,,Monsters deal 110% extra Physical Damage as Lightning
explicitMods,Deals # to # Fire Damage,299,299,object:299,,Deals 659 to 988 Fire Damage
explicitMods,#% increased Spell Damage,298,299,object:299,crafted=True:8;mutated=True:2;fractured=True:2,29% increased Spell Damage
explicitMods,Deals # to # Physical Damage,288,288,object:288,,Deals 873 to 1310 Physical Damage
explicitMods,Players have #% less Area of Effect,288,288,object:288,,Players have 28% less Area of Effect
explicitMods,#% increased Monster Attack Speed,283,283,object:283,,38% increased Monster Attack Speed
explicitMods,#% increased Monster Cast Speed,283,283,object:283,,40% increased Monster Cast Speed
explicitMods,#% increased Monster Movement Speed,283,283,object:283,,25% increased Monster Movement Speed
explicitMods,#% increased number of Rare Monsters,281,281,object:281,,23% increased number of Rare Monsters
explicitMods,Monsters' skills Chain # additional times,276,276,object:276,,Monsters' skills Chain 3 additional times
explicitMods,Players cannot inflict Exposure,275,275,object:275,,Players cannot inflict Exposure
explicitMods,#% increased Armour and Evasion,274,275,object:275,crafted=True:5,33% increased Armour and Evasion
explicitMods,#% increased Critical Strike Chance,272,272,object:272,crafted=True:6;fractured=True:2;mutated=True:1,24% increased Critical Strike Chance
explicitMods,Adds # to # Lightning Damage to Attacks,270,270,object:270,crafted=True:4;fractured=True:3,Adds 2 to 43 Lightning Damage to Attacks
explicitMods,Deals # to # Lightning Damage,267,267,object:267,,Deals 179 to 1012 Lightning Damage
explicitMods,Monsters have #% increased Area of Effect,266,266,object:266,,Monsters have 100% increased Area of Effect
explicitMods,Monsters deal #% extra Physical Damage as Cold,264,264,object:264,,Monsters deal 106% extra Physical Damage as Cold
explicitMods,Monsters fire # additional Projectiles,264,264,object:264,,Monsters fire 2 additional Projectiles
explicitMods,Monsters deal #% extra Physical Damage as Fire,263,263,object:263,,Monsters deal 97% extra Physical Damage as Fire
explicitMods,Fires # Projectiles,257,257,object:257,,Fires 3 Projectiles
explicitMods,Monsters have #% increased Accuracy Rating,257,257,object:257,,Monsters have 50% increased Accuracy Rating
explicitMods,Players have #% to amount of Suppressed Spell Damage Prevented,257,257,object:257,,Players have -20% to amount of Suppressed Spell Damage Prevented
explicitMods,#% increased Charge Recovery,255,255,object:255,,21% increased Charge Recovery
explicitMods,Adds # to # Cold Damage,254,254,object:254,crafted=True:2;fractured=True:1,Adds 57 to 108 Cold Damage
explicitMods,#% to Global Critical Strike Multiplier,253,253,object:253,fractured=True:4;crafted=True:1,+16% to Global Critical Strike Multiplier
explicitMods,#% to Monster Critical Strike Multiplier,250,250,object:250,,+72% to Monster Critical Strike Multiplier
explicitMods,Adds # to # Lightning Damage,250,250,object:250,crafted=True:8;fractured=True:4,Adds 3 to 65 Lightning Damage
explicitMods,Monsters have #% increased Critical Strike Chance,250,250,object:250,,Monsters have 678% increased Critical Strike Chance
explicitMods,Players are Cursed with Temporal Chains,250,250,object:250,,Players are Cursed with Temporal Chains
explicitMods,Adds # to # Cold Damage to Attacks,244,244,object:244,crafted=True:2,Adds 1 to 2 Cold Damage to Attacks
explicitMods,Monsters gain a Power Charge on Hit,236,236,object:236,,Monsters gain a Power Charge on Hit
explicitMods,Players are Cursed with Vulnerability,236,236,object:236,,Players are Cursed with Vulnerability
explicitMods,Players gain #% reduced Flask Charges,236,236,object:236,,Players gain 50% reduced Flask Charges
explicitMods,Monsters have #% chance to Avoid Elemental Ailments,234,234,object:234,,Monsters have 70% chance to Avoid Elemental Ailments
explicitMods,Players have #% less Armour,234,234,object:234,,Players have 30% less Armour
explicitMods,Players have #% reduced Chance to Block,234,234,object:234,,Players have 40% reduced Chance to Block
explicitMods,Monsters gain an Endurance Charge on Hit,231,231,object:231,,Monsters gain an Endurance Charge on Hit
explicitMods,Monsters gain a Frenzy Charge on Hit,230,230,object:230,,Monsters gain a Frenzy Charge on Hit
explicitMods,Players are Cursed with Enfeeble,228,228,object:228,,Players are Cursed with Enfeeble
explicitMods,Monsters cannot be Stunned,226,226,object:226,,Monsters cannot be Stunned
explicitMods,Players are Cursed with Elemental Weakness,225,225,object:225,,Players are Cursed with Elemental Weakness
explicitMods,#% increased Evasion and Energy Shield,224,224,object:224,crafted=True:2,78% increased Evasion and Energy Shield
explicitMods,#% of Physical Attack Damage Leeched as Life,222,222,object:222,crafted=True:4;fractured=True:2,0.63% of Physical Attack Damage Leeched as Life
explicitMods,Area contains many Totems,221,221,object:221,,Area contains many Totems
explicitMods,#% Monster Chaos Resistance,219,219,object:219,,+35% Monster Chaos Resistance
explicitMods,#% Monster Elemental Resistances,219,219,object:219,,+55% Monster Elemental Resistances
explicitMods,"Monsters have a #% chance to avoid Poison, Impale, and Bleeding",219,219,object:219,,"Monsters have a 50% chance to avoid Poison, Impale, and Bleeding"
explicitMods,Monsters take #% reduced Extra Damage from Critical Strikes,216,216,object:216,,Monsters take 37% reduced Extra Damage from Critical Strikes
explicitMods,#% increased Light Radius,212,212,object:212,fractured=True:1,10% increased Light Radius
explicitMods,Adds # to # Fire Damage to Attacks,207,207,object:207,,Adds 7 to 12 Fire Damage to Attacks
explicitMods,Supported Skills deal #% less Damage,207,207,object:207,,Supported Skills deal 29% less Damage
explicitMods,Players have #% to all maximum Resistances,205,205,object:205,,Players have -20% to all maximum Resistances
explicitMods,Gain # Life per Enemy Killed,204,204,object:204,,Gain 4 Life per Enemy Killed
explicitMods,Gain # Mana per Enemy Killed,204,204,object:204,fractured=True:2,Gain 2 Mana per Enemy Killed
explicitMods,#% increased Area of Effect,203,203,object:203,crafted=True:10,6% increased Area of Effect
explicitMods,Adds # to # Fire Damage,202,202,object:202,fractured=True:1,Adds 38 to 71 Fire Damage
explicitMods,#% increased Elemental Damage with Attack Skills,200,200,object:200,crafted=True:17;fractured=True:3,21% increased Elemental Damage with Attack Skills
explicitMods,Players have #% less Recovery Rate of Life and Energy Shield,200,200,object:200,,Players have 60% less Recovery Rate of Life and Energy Shield
explicitMods,Monsters gain #% of Maximum Life as Extra Maximum Energy Shield,197,197,object:197,,Monsters gain 77% of Maximum Life as Extra Maximum Energy Shield
explicitMods,#% increased maximum Life,196,196,object:196,crafted=True:4;fractured=True:1,7% increased maximum Life
explicitMods,"Upgrades a normal item to rare or reforges a rare item, guaranteeing one property",196,196,object:168;string:28,,"Upgrades a normal item to rare or reforges a rare item, guaranteeing one property"
explicitMods,All Monster Damage from Hits always Ignites,195,195,object:195,,All Monster Damage from Hits always Ignites
explicitMods,#% Monster Physical Damage Reduction,194,194,object:194,,+50% Monster Physical Damage Reduction
explicitMods,#% increased Lightning Damage,192,192,object:192,crafted=True:6,15% increased Lightning Damage
explicitMods,#% increased maximum Energy Shield,190,190,object:190,crafted=True:1,6% increased maximum Energy Shield
explicitMods,#% increased Fire Damage,187,187,object:187,crafted=True:6;fractured=True:2,51% increased Fire Damage
explicitMods,#% less effect of Curses on Monsters,185,185,object:185,,60% less effect of Curses on Monsters
explicitMods,Unique Boss deals #% increased Damage,185,185,object:185,,Unique Boss deals 25% increased Damage
explicitMods,Unique Boss has #% increased Attack and Cast Speed,185,185,object:185,,Unique Boss has 30% increased Attack and Cast Speed
explicitMods,#% of Physical Damage Converted to Lightning Damage,184,184,object:184,crafted=True:1,50% of Physical Damage Converted to Lightning Damage
explicitMods,Base secondary duration is # seconds,179,179,object:179,,Base secondary duration is 15.00 seconds
explicitMods,#% less Duration,178,178,object:178,,41% less Duration
explicitMods,Reflects # Physical Damage to Melee Attackers,178,178,object:178,,Reflects 1 Physical Damage to Melee Attackers
explicitMods,This Skill's Cooldown does not recover during its effect,177,177,object:177,,This Skill's Cooldown does not recover during its effect
explicitMods,Monsters cannot be Taunted,176,176,object:176,,Monsters cannot be Taunted
explicitMods,Monsters' Action Speed cannot be modified to below Base Value\nMonsters' Movement Speed cannot be modified to below Base Value,176,176,object:176,,Monsters' Action Speed cannot be modified to below Base Value\nMonsters' Movement Speed cannot be mo
explicitMods,#% reduced Duration,175,175,object:175,,25% reduced Duration
explicitMods,Escalating Damage Taken,174,174,object:174,,Escalating Damage Taken
explicitMods,#% increased Duration,173,173,object:173,,29% increased Duration
explicitMods,"Monsters steal Power, Frenzy and Endurance charges on Hit",170,170,object:170,,"Monsters steal Power, Frenzy and Endurance charges on Hit"
explicitMods,#% increased Global Critical Strike Chance,169,169,object:169,,27% increased Global Critical Strike Chance
explicitMods,Players have #% reduced effect of Non-Curse Auras from Skills,169,169,object:169,,Players have 60% reduced effect of Non-Curse Auras from Skills
explicitMods,#% of Physical Damage Converted to Fire Damage,167,167,object:167,,25% of Physical Damage Converted to Fire Damage
explicitMods,Area has increased monster variety,166,166,object:166,,Area has increased monster variety
explicitMods,A collection of unknown Scarabs,165,165,object:165,,A collection of unknown Scarabs
explicitMods,Buffs on Players expire #% faster,164,164,object:164,,Buffs on Players expire 70% faster
explicitMods,Monsters are Hexproof,164,164,object:164,,Monsters are Hexproof
explicitMods,#% reduced Charges per use,162,162,object:162,,23% reduced Charges per use
explicitMods,Monsters have #% chance to Suppress Spell Damage,162,162,object:162,,Monsters have +100% chance to Suppress Spell Damage
explicitMods,Players have #% less Accuracy Rating,162,162,object:162,,Players have 25% less Accuracy Rating
explicitMods,"Monsters have a #% chance to Ignite, Freeze and Shock on Hit",161,161,object:161,,"Monsters have a 20% chance to Ignite, Freeze and Shock on Hit"
explicitMods,Rare Monsters have [PhysicalThorns|Physical Thorns] reflecting # Physical Damage,160,160,object:160,,Rare Monsters have [PhysicalThorns|Physical Thorns] reflecting 18 Physical Damage
explicitMods,#% increased Cold Damage,159,159,object:159,crafted=True:2;fractured=True:2,36% increased Cold Damage
explicitMods,#% of Physical Attack Damage Leeched as Mana,154,154,object:154,,0.33% of Physical Attack Damage Leeched as Mana
explicitMods,Monsters' Attacks have #% chance to Impale on Hit,154,154,object:154,,Monsters' Attacks have 60% chance to Impale on Hit
explicitMods,Unique Boss has #% increased Area of Effect,152,152,object:152,,Unique Boss has 70% increased Area of Effect
explicitMods,Unique Boss has #% increased Life,152,152,object:152,,Unique Boss has 35% increased Life
explicitMods,#% increased Projectile Speed,151,151,object:151,,30% increased Projectile Speed
explicitMods,Deals # Base Chaos Damage per second,151,151,object:151,,Deals 8.2 Base Chaos Damage per second
explicitMods,#% chance to Freeze enemies,145,145,object:145,,25% chance to Freeze enemies
explicitMods,#% increased Stun Duration on Enemies,145,145,object:145,fractured=True:1,25% increased Stun Duration on Enemies
explicitMods,Monsters Blind on Hit,142,142,object:142,,Monsters Blind on Hit
explicitMods,Rare Monsters have [ElementalThorns|Elemental Thorns] reflecting # Elemental Damage,142,142,object:142,,Rare Monsters have [ElementalThorns|Elemental Thorns] reflecting 18 Elemental Damage
explicitMods,Escalating Monster Speed,140,140,object:140,,Escalating Monster Speed
explicitMods,# to Maximum Charges,138,138,object:138,,+30 to Maximum Charges
explicitMods,Deals # Base Fire Damage per second,137,137,object:137,,Deals 1999.3 Base Fire Damage per second
explicitMods,#% reduced Enemy Stun Threshold,135,135,object:135,,15% reduced Enemy Stun Threshold
explicitMods,Properties restricted to level # and below,130,130,object:117;string:13,,Properties restricted to level 75 and below
explicitMods,Totem lasts # seconds,130,130,object:130,,Totem lasts 8 seconds
explicitMods,Upgrades a normal item to rare with one guaranteed property,130,130,object:117;string:13,,Upgrades a normal item to rare with one guaranteed property
explicitMods,#% increased maximum Mana,129,129,object:129,crafted=True:4,7% increased maximum Mana
explicitMods,Area contains two Unique Bosses,129,129,object:129,,Area contains two Unique Bosses
explicitMods,#% chance to gain a Flask Charge when you deal a Critical Strike,126,126,object:126,,35% chance to gain a Flask Charge when you deal a Critical Strike
explicitMods,Monsters Maim on Hit with Attacks,126,126,object:126,,Monsters Maim on Hit with Attacks
explicitMods,Players have #% less Cooldown Recovery Rate,126,126,object:126,,Players have 40% less Cooldown Recovery Rate
explicitMods,#% increased Global Accuracy Rating,125,125,object:125,fractured=True:1,12% increased Global Accuracy Rating
explicitMods,Overwhelming Monsters,123,123,object:123,,Overwhelming Monsters
explicitMods,Resistant Monsters,123,123,object:123,,Resistant Monsters
explicitMods,#% increased effect,122,122,object:122,,25% increased effect
explicitMods,Prismatic Monsters,120,120,object:120,,Prismatic Monsters
explicitMods,Gain # Life per Enemy Hit with Attacks,119,119,object:119,,Gain 2 Life per Enemy Hit with Attacks
explicitMods,Trap lasts # seconds,119,119,object:119,,Trap lasts 4 seconds
explicitMods,Maximum # Summoned Golem,117,117,object:117,,Maximum 1 Summoned Golem
explicitMods,Unique Bosses are Possessed,117,117,object:117,,Unique Bosses are Possessed
explicitMods,#% increased Total Heist Fee,113,113,object:113,,18% increased Total Heist Fee
explicitMods,Monsters Hinder on Hit with Spells,113,113,object:113,,Monsters Hinder on Hit with Spells
explicitMods,#% Chance to Block,111,111,object:111,,+9% Chance to Block
explicitMods,Patrol Packs take #% reduced damage,110,110,object:110,,Patrol Packs take 29% reduced damage
explicitMods,# to Level of Socketed Gems,108,108,object:108,,+1 to Level of Socketed Gems
explicitMods,Area has patches of Burning Ground,108,108,object:108,,Area has patches of Burning Ground
explicitMods,#% reduced Amount Recovered,107,107,object:107,fractured=True:1,25% reduced Amount Recovered
explicitMods,Totem of Costly Might,104,104,object:104,,Totem of Costly Might
explicitMods,#% increased Experience gain,102,102,object:102,mutated=True:3,65% increased Experience gain
explicitMods,#% chance to Poison on Hit,101,102,object:102,crafted=True:2;fractured=True:2,5% chance to Poison on Hit
explicitMods,Occasional Impotence,101,101,object:101,,Occasional Impotence
explicitMods,Shielding Monsters,101,101,object:101,,Shielding Monsters
explicitMods,Base duration is # second,99,99,object:99,,Base duration is 1.00 second
explicitMods,Chains # Times,99,99,object:99,,Chains +8 Times
explicitMods,"Players cannot Regenerate Life, Mana or Energy Shield",99,99,object:99,,"Players cannot Regenerate Life, Mana or Energy Shield"
explicitMods,Profane Monsters,99,99,object:99,,Profane Monsters
explicitMods,Reward Room Monsters take #% reduced Damage,99,99,object:99,,Reward Room Monsters take 23% reduced Damage
explicitMods,Totem of Costly Potency,99,99,object:99,,Totem of Costly Potency
explicitMods,Area is inhabited by # additional Rogue Exiles,97,97,object:97,,Area is inhabited by 2 additional Rogue Exiles
explicitMods,Patrolling Monsters deal #% increased Damage,97,97,object:97,,Patrolling Monsters deal 24% increased Damage
explicitMods,Adds # to # Lightning Damage to Spells,96,96,object:96,fractured=True:1,Adds 1 to 35 Lightning Damage to Spells
explicitMods,Blistering Cold,96,96,object:96,,Blistering Cold
explicitMods,Guards take #% reduced Damage,96,96,object:96,,Guards take 24% reduced Damage
explicitMods,Lethal Rare Monsters,96,96,object:96,,Lethal Rare Monsters
explicitMods,Adds # to # Fire Damage to Spells,95,95,object:95,fractured=True:2;crafted=True:2,Adds 2 to 5 Fire Damage to Spells
explicitMods,#% of Physical Damage Converted to Chaos Damage,94,94,object:94,,12% of Physical Damage Converted to Chaos Damage
explicitMods,Lightning Damage from Mana Costs,93,93,object:93,,Lightning Damage from Mana Costs
explicitMods,Siphoning Monsters,92,92,object:92,,Siphoning Monsters
explicitMods,#% chance to Suppress Spell Damage,91,91,object:91,crafted=True:5;fractured=True:4,+20% chance to Suppress Spell Damage
explicitMods,Added Small Passive Skills also grant: #% to Chaos Resistance,91,91,object:91,,Added Small Passive Skills also grant: +4% to Chaos Resistance
explicitMods,Reward Room Monsters deal #% increased Damage,91,91,object:91,,Reward Room Monsters deal 26% increased Damage
explicitMods,Area has patches of desecrated ground,90,90,object:90,,Area has patches of desecrated ground
explicitMods,Raging Dead,89,89,object:89,,Raging Dead
explicitMods,#% increased Spell Critical Strike Chance,88,88,object:88,crafted=True:1,120% increased Spell Critical Strike Chance
explicitMods,Can be Detached for a total Duration of # seconds,88,88,object:88,,Can be Detached for a total Duration of 5.00 seconds
explicitMods,Reduced Recovery,88,88,object:88,,Reduced Recovery
explicitMods,#% of Physical Damage Converted to Cold Damage,87,87,object:87,crafted=True:1,25% of Physical Damage Converted to Cold Damage
explicitMods,Grants # Life per Enemy Hit,87,87,object:87,,Grants 2 Life per Enemy Hit
explicitMods,Grants Immunity to Bleeding for # seconds if used while Bleeding\nGrants Immunity to Corrupted Blood for # seconds if used while affected by Corrupted Blood,87,87,object:87,,Grants Immunity to Bleeding for 14 seconds if used while Bleeding\nGrants Immunity to Corrupted Bloo
explicitMods,Hindering Flasks,87,87,object:87,,Hindering Flasks
explicitMods,#% chance to Ignite,86,86,object:86,crafted=True:4,10% chance to Ignite
explicitMods,#% reduced Movement Speed,86,86,object:86,,80% reduced Movement Speed
explicitMods,Area has patches of Chilled Ground,86,86,object:86,,Area has patches of Chilled Ground
explicitMods,Drought,86,86,object:86,,Drought
explicitMods,Increases and Reductions to Cast Speed also apply to this Skill's Activation frequency,86,86,object:86,,Increases and Reductions to Cast Speed also apply to this Skill's Activation frequency
explicitMods,Deadly Monsters,85,85,object:85,,Deadly Monsters
explicitMods,# to Level of Socketed Minion Gems,84,84,object:84,,+2 to Level of Socketed Minion Gems
explicitMods,#% increased Global Physical Damage,84,84,object:84,,25% increased Global Physical Damage
explicitMods,#% increased Projectile Damage,84,84,object:84,,30% increased Projectile Damage
explicitMods,#% maximum Player Resistances per #% Alert Level,84,84,object:84,,-4% maximum Player Resistances per 25% Alert Level
explicitMods,Precise Monsters,82,82,object:82,,Precise Monsters
explicitMods,Stalking Ruin,82,82,object:82,,Stalking Ruin
explicitMods,Razor Dance,81,81,object:81,,Razor Dance
explicitMods,Stormcaller Runes,81,81,object:81,,Stormcaller Runes
explicitMods,#% chance to gain a Frenzy Charge on Kill,80,80,object:80,,10% chance to gain a Frenzy Charge on Kill
explicitMods,#% reduced Attribute Requirements,80,80,object:80,fractured=True:1,32% reduced Attribute Requirements
explicitMods,#% increased Movement Speed during Effect,79,79,object:79,crafted=True:1,6% increased Movement Speed during Effect
explicitMods,Stormcaller Runes II,79,79,object:79,,Stormcaller Runes II
explicitMods,# Physical Damage taken from Attack Hits,78,78,object:78,,-55 Physical Damage taken from Attack Hits
explicitMods,Base secondary radius is # metres,78,78,object:78,,Base secondary radius is 2 metres
explicitMods,Mine lasts # seconds,78,78,object:78,,Mine lasts 5 seconds
explicitMods,Players have #% less Armour per #% Alert Level,78,78,object:78,,Players have 5% less Armour per 25% Alert Level
explicitMods,Supported Skills fire # additional Projectiles,78,78,object:78,,Supported Skills fire 4 additional Projectiles
explicitMods,Choking Miasma,77,77,object:77,,Choking Miasma
explicitMods,Players have #% less Mana Recovery Rate per #% Alert Level,77,77,object:77,,Players have 6% less Mana Recovery Rate per 25% Alert Level
explicitMods,Treacherous Auras,77,77,object:77,,Treacherous Auras
explicitMods,Adds # to # Cold Damage to Spells,76,76,object:76,fractured=True:1,Adds 36 to 72 Cold Damage to Spells
explicitMods,Dexterous Monsters,76,76,object:76,,Dexterous Monsters
explicitMods,Guards deal #% increased Damage,76,76,object:76,,Guards deal 17% increased Damage
explicitMods,Monsters cannot be Leeched from,76,76,object:76,,Monsters cannot be Leeched from
explicitMods,Minions deal #% increased Damage,75,75,object:75,crafted=True:6;fractured=True:1,Minions deal 30% increased Damage
explicitMods,Patrol Packs have #% increased chance to be replaced by an Elite Patrol Pack,75,75,object:75,,Patrol Packs have 29% increased chance to be replaced by an Elite Patrol Pack
explicitMods,# to # Added Physical Damage per # Armour or Evasion Rating on Shield,74,74,object:74,,5 to 8 Added Physical Damage per 15 Armour or Evasion Rating on Shield
explicitMods,# to # Base Off Hand Physical Damage,74,74,object:74,,63 to 95 Base Off Hand Physical Damage
explicitMods,#% increased Armour during Effect,74,74,object:74,,53% increased Armour during Effect
explicitMods,Summons a Totem which uses this Skill,74,74,object:74,,Summons a Totem which uses this Skill
explicitMods,Supported Skills deal #% less Projectile Damage,74,74,object:74,,Supported Skills deal 26% less Projectile Damage
explicitMods,Supported Skills deal #% more Damage over Time,74,74,object:74,,Supported Skills deal 42% more Damage over Time
explicitMods,# metre to radius,73,73,object:73,,+1 metre to radius
explicitMods,#% increased Charges per use,73,73,object:73,,50% increased Charges per use
explicitMods,#% increased Evasion Rating during Effect,73,73,object:73,,81% increased Evasion Rating during Effect
explicitMods,#% reduced Job speed,73,73,object:73,,28% reduced Job speed
explicitMods,Regenerate # Mana per second,73,73,object:73,crafted=True:3,Regenerate 5.3 Mana per second
explicitMods,Supported Skills deal no Elemental Damage,73,73,object:73,,Supported Skills deal no Elemental Damage
explicitMods,Supported Skills have #% increased Attack Speed,73,73,object:73,,Supported Skills have 50% increased Attack Speed
explicitMods,Can be Attached for a total Duration of # seconds,72,72,object:72,,Can be Attached for a total Duration of 3.00 seconds
explicitMods,Lessened Reach,72,72,object:72,,Lessened Reach
explicitMods,Players have #% less Evasion per #% Alert Level,72,72,object:72,,Players have 5% less Evasion per 25% Alert Level
explicitMods,Minions have #% increased maximum Life,70,70,object:70,fractured=True:1,Minions have 12% increased maximum Life
explicitMods,Unstoppable Monsters,70,70,object:70,,Unstoppable Monsters
explicitMods,Counts total Power of Enemies in Range,69,69,object:69,,Counts total Power of Enemies in Range
explicitMods,Deals # Base Cold Damage per second,69,69,object:69,,Deals 1297.4 Base Cold Damage per second
explicitMods,Explosion deals base Fire Damage equal to #% of the corpse's Maximum Life,69,69,object:69,,Explosion deals base Fire Damage equal to 34% of the corpse's Maximum Life
explicitMods,Less Cooldown Recovery,69,69,object:69,,Less Cooldown Recovery
explicitMods,Players have #% less Life Recovery Rate per #% Alert Level,68,68,object:68,,Players have 6% less Life Recovery Rate per 25% Alert Level
explicitMods,#% increased Skill Effect Duration,67,67,object:67,,20% increased Skill Effect Duration
explicitMods,Choking Miasma III,67,67,object:67,,Choking Miasma III
explicitMods,Players have #% less Energy Shield Recovery Rate per #% Alert Level,67,67,object:67,,Players have 16% less Energy Shield Recovery Rate per 25% Alert Level
explicitMods,#% additional Elemental Resistances during Effect,66,66,object:66,,33% additional Elemental Resistances during Effect
explicitMods,Players gain #% reduced Flask Charges per #% Alert Level,66,66,object:66,,Players gain 12% reduced Flask Charges per 25% Alert Level
explicitMods,Area has patches of Shocked Ground which increase Damage taken by #%,65,65,object:65,,Area has patches of Shocked Ground which increase Damage taken by 50%
explicitMods,Non-Channelling Skills have # to Total Mana Cost,65,65,object:65,crafted=True:44,Non-Channelling Skills have -6 to Total Mana Cost
explicitMods,Slaying Enemies close together can attract monsters from Beyond this realm,65,65,object:65,,Slaying Enemies close together can attract monsters from Beyond this realm
explicitMods,Supported Skills have #% increased Area of Effect,65,65,object:65,,Supported Skills have 49% increased Area of Effect
explicitMods,#% increased Buff Effect,64,64,object:64,,20% increased Buff Effect
explicitMods,#% reduced effect,64,64,object:64,,25% reduced effect
explicitMods,Adds # to # Chaos Damage,64,64,object:64,,Adds 15 to 23 Chaos Damage
explicitMods,Ailment and Curse Reflection,64,64,object:64,,Ailment and Curse Reflection
explicitMods,Projectiles Pierce all Targets,64,64,object:64,,Projectiles Pierce all Targets
explicitMods,This Gem gains #% increased Experience,64,64,object:64,,This Gem gains 115% increased Experience
explicitMods,#% Player Cold Resistance per #% Alert Level,63,63,object:63,,-5% Player Cold Resistance per 25% Alert Level
explicitMods,#% increased Recovery rate,63,63,object:63,fractured=True:1,135% increased Recovery rate
explicitMods,Deals # to # Chaos Damage,63,63,object:63,,Deals 1013 to 1583 Chaos Damage
explicitMods,Minions cannot Taunt Enemies,63,63,object:63,,Minions cannot Taunt Enemies
explicitMods,Supported Skills Cost Life instead of Mana,63,63,object:63,,Supported Skills Cost Life instead of Mana
explicitMods,#% Chance to Block Spell Damage,62,62,object:62,mutated=True:1,10% Chance to Block Spell Damage
explicitMods,Gain Lifetap after Spending a total of # Life on Upfront\nCosts and Effects of a Supported Skill,62,62,object:62,,Gain Lifetap after Spending a total of 273 Life on Upfront\nCosts and Effects of a Supported Skill
explicitMods,Lifetap lasts # seconds,62,62,object:62,,Lifetap lasts 4 seconds
explicitMods,Siphoned Charges,62,62,object:62,,Siphoned Charges
explicitMods,Supported Skills deal #% more Damage while you have Lifetap,62,62,object:62,,Supported Skills deal 19% more Damage while you have Lifetap
explicitMods,You and nearby allies gain # additional Evasion Rating,62,62,object:62,,You and nearby allies gain 1401 additional Evasion Rating
explicitMods,You and nearby allies gain #% more Evasion rating,62,62,object:62,,You and nearby allies gain 29% more Evasion rating
explicitMods,#% chance to Shock,61,61,object:61,crafted=True:1,10% chance to Shock
explicitMods,#% increased Damage,61,61,object:61,crafted=True:6,26% increased Damage
explicitMods,#% increased Mana Reservation Efficiency of Skills,61,61,object:61,,9% increased Mana Reservation Efficiency of Skills
explicitMods,Added Small Passive Skills also grant: #% to all Elemental Resistances,61,61,object:61,,Added Small Passive Skills also grant: +2% to all Elemental Resistances
explicitMods,Supported Skills have #% less Attack Speed,61,61,object:61,,Supported Skills have 10% less Attack Speed
explicitMods,#% chance to Ignite enemies,60,60,object:60,,25% chance to Ignite enemies
explicitMods,Buffs Expire Faster,60,60,object:60,,Buffs Expire Faster
explicitMods,Extra gore,60,60,object:60,,Extra gore
explicitMods,Fires # Arrows,60,60,object:60,,Fires 7 Arrows
explicitMods,#% of Attack Damage Leeched as Life during Effect,59,59,object:59,,0.4% of Attack Damage Leeched as Life during Effect
explicitMods,Supported Skills have #% more Skill Effect Duration,59,59,object:59,,Supported Skills have 48% more Skill Effect Duration
explicitMods,This Gem can only Support Skill Gems requiring Level # or lower,59,59,object:59,,This Gem can only Support Skill Gems requiring Level 69 or lower
explicitMods,Trigger Supported Spells when you take # total Damage from Hits,59,59,object:59,,Trigger Supported Spells when you take 3142 total Damage from Hits
explicitMods,#% increased Flask Effect Duration,58,58,object:58,crafted=True:1,33% increased Flask Effect Duration
explicitMods,Cannot be Frozen,58,58,object:58,,Cannot be Frozen
explicitMods,Projectiles deal #% less Damage with Hits and Ailments,58,58,object:58,,Projectiles deal 50% less Damage with Hits and Ailments
explicitMods,#% more Area of Effect per Valour consumed,57,57,object:57,,10% more Area of Effect per Valour consumed
explicitMods,#% more Aura effect per Valour consumed,57,57,object:57,,10% more Aura effect per Valour consumed
explicitMods,Activates every # seconds while Attached,57,57,object:57,,Activates every 0.5 seconds while Attached
explicitMods,Unlucky Criticals,57,57,object:57,,Unlucky Criticals
explicitMods,"While you have no placed Banner, you can gain Valour",57,57,object:57,,"While you have no placed Banner, you can gain Valour"
explicitMods,Blistering Cold IV,56,56,object:56,,Blistering Cold IV
explicitMods,Curses have #% reduced effect on Monsters,56,56,object:56,,Curses have 50% reduced effect on Monsters
explicitMods,No Travel Cost,56,56,object:56,,No Travel Cost
explicitMods,You and nearby allies gain # additional Armour,56,56,object:56,,You and nearby allies gain 930 additional Armour
explicitMods,You and nearby allies gain # to Accuracy Rating,56,56,object:56,,You and nearby allies gain +93 to Accuracy Rating
explicitMods,You and nearby allies gain #% increased Critical Strike Chance,56,56,object:56,,You and nearby allies gain 20% increased Critical Strike Chance
explicitMods,You and nearby allies gain #% more Armour,56,56,object:56,,You and nearby allies gain 49% more Armour
explicitMods,Supported Skills deal #% more Damage with Ailments,55,55,object:55,,Supported Skills deal 22% more Damage with Ailments
explicitMods,# to Level of Socketed Aura Gems,54,54,object:54,,+2 to Level of Socketed Aura Gems
explicitMods,#% increased Attack and Cast Speed,54,54,object:54,fractured=True:1,2% increased Attack and Cast Speed
explicitMods,#% reduced Effect of Curses on you during Effect,54,54,object:54,,47% reduced Effect of Curses on you during Effect
explicitMods,Gain # Charges when you are Hit by an Enemy,54,54,object:54,,Gain 6 Charges when you are Hit by an Enemy
explicitMods,Minions from Supported Skills deal #% more Damage,54,54,object:54,,Minions from Supported Skills deal 39% more Damage
explicitMods,Minions have #% more Maximum Life,54,54,object:54,,Minions have 40% more Maximum Life
explicitMods,Regenerate #% of Life per second,54,54,object:54,,Regenerate 1.08% of Life per second
explicitMods,#% Player Fire Resistance per #% Alert Level,53,53,object:53,,-4% Player Fire Resistance per 25% Alert Level
explicitMods,#% increased Energy Shield Recharge Rate,53,53,object:53,,33% increased Energy Shield Recharge Rate
explicitMods,"#% of Damage from Hits is taken from the Buff before your Life or Energy Shield\nBuff can take Damage equal to #% of your Armour, up to a maximum of #",53,53,object:53,,75% of Damage from Hits is taken from the Buff before your Life or Energy Shield\nBuff can take Dama
explicitMods,Buff grants # to Armour,53,53,object:53,,Buff grants +858 to Armour
explicitMods,Grants Immunity to Ignite for # seconds if used while Ignited\nRemoves all Burning when used,53,53,object:53,fractured=True:1,Grants Immunity to Ignite for 4 seconds if used while Ignited\nRemoves all Burning when used
explicitMods,Maximum # Summoned Skeletons,53,53,object:53,,Maximum 7 Summoned Skeletons
explicitMods,No Physical Damage,53,53,object:53,,No Physical Damage
explicitMods,Reflects #% of Damage taken from Buff as Fire Damage when Buff expires or is depleted,53,53,object:53,,Reflects 3000% of Damage taken from Buff as Fire Damage when Buff expires or is depleted
explicitMods,You and nearby Allies Regenerate # Mana per second,53,53,object:53,,You and nearby Allies Regenerate 6.4 Mana per second
explicitMods,#% Chance to Block Attack Damage while Dual Wielding,52,52,object:52,,+5% Chance to Block Attack Damage while Dual Wielding
explicitMods,#% increased Burning Damage,52,52,object:52,fractured=True:2,24% increased Burning Damage
explicitMods,#% increased Job speed,52,52,object:52,,14% increased Job speed
explicitMods,Added Small Passive Skills also grant: # to All Attributes,52,52,object:52,,Added Small Passive Skills also grant: +3 to All Attributes
explicitMods,Players have Point Blank,52,52,object:52,,Players have Point Blank
explicitMods,Supported Skills deal #% more Physical Damage,52,52,object:52,,Supported Skills deal 35% more Physical Damage
explicitMods,#% Chance to Avoid being Stunned during Effect,51,51,object:51,crafted=True:1,50% Chance to Avoid being Stunned during Effect
explicitMods,#% chance to Freeze,51,51,object:51,fractured=True:1,10% chance to Freeze
explicitMods,#% increased Minion Movement Speed,51,51,object:51,,40% increased Minion Movement Speed
explicitMods,Added Small Passive Skills also grant: Regenerate #% of Life per Second,51,51,object:51,,Added Small Passive Skills also grant: Regenerate 0.15% of Life per Second
explicitMods,Maximum # Stages,51,51,object:51,,Maximum 10 Stages
explicitMods,#% increased Block and Stun Recovery during Effect,50,50,object:50,,77% increased Block and Stun Recovery during Effect
explicitMods,#% increased Movement Speed when on Low Life,50,50,object:50,,6% increased Movement Speed when on Low Life
explicitMods,#% increased Warcry Speed,50,50,object:50,,40% increased Warcry Speed
explicitMods,Added Small Passive Skills also grant: # to Dexterity,50,50,object:50,,Added Small Passive Skills also grant: +2 to Dexterity
explicitMods,Monsters gain #% of their Physical Damage as Extra Chaos Damage,50,50,object:50,,Monsters gain 87% of their Physical Damage as Extra Chaos Damage
explicitMods,The Ring takes no Cut,50,50,object:50,,The Ring takes no Cut
explicitMods,Withered lasts # seconds,50,50,object:50,,Withered lasts 3 seconds
explicitMods,#% increased Stun Threshold reduction on enemies at Maximum charge distance,49,49,object:49,,75% increased Stun Threshold reduction on enemies at Maximum charge distance
explicitMods,#% more Damage with Hits at Maximum Charge Distance,49,49,object:49,,100% more Damage with Hits at Maximum Charge Distance
explicitMods,#% of Spell Damage Leeched as Energy Shield during Effect,49,49,object:49,,0.6% of Spell Damage Leeched as Energy Shield during Effect
explicitMods,Added Small Passive Skills also grant: # to Strength,49,49,object:49,,Added Small Passive Skills also grant: +5 to Strength
explicitMods,Added Small Passive Skills also grant: #% to Cold Resistance,49,49,object:49,,Added Small Passive Skills also grant: +2% to Cold Resistance
explicitMods,Attacks have #% chance to cause Bleeding,49,49,object:49,fractured=True:5,Attacks have 20% chance to cause Bleeding
explicitMods,Summons # Skeleton Warriors,49,49,object:49,,Summons 4 Skeleton Warriors
explicitMods,Supported Skills have #% increased Cast Speed,49,49,object:49,,Supported Skills have 10% increased Cast Speed
explicitMods,"#% chance to Freeze, Shock and Ignite during Effect",48,48,object:48,,"25% chance to Freeze, Shock and Ignite during Effect"
explicitMods,#% reduced Light Radius,48,48,object:48,,50% reduced Light Radius
explicitMods,#% to Fire and Chaos Resistances,48,48,object:48,crafted=True:35,+21% to Fire and Chaos Resistances
explicitMods,Area has patches of Consecrated Ground,48,48,object:48,,Area has patches of Consecrated Ground
explicitMods,Buff grants #% increased Movement Speed,48,48,object:48,,Buff grants 20% increased Movement Speed
explicitMods,Supported Attack Skills deal #% more Elemental Damage,48,48,object:48,,Supported Attack Skills deal 39% more Elemental Damage
explicitMods,Supported Skills deal #% more Spell Damage,48,48,object:48,,Supported Skills deal 39% more Spell Damage
explicitMods,Supported Skills have #% less Critical Strike Chance,48,48,object:48,,Supported Skills have 80% less Critical Strike Chance
explicitMods,# seconds to Attack Time,47,47,object:47,,+0.6 seconds to Attack Time
explicitMods,# to Maximum Power Charges,47,47,object:47,mutated=True:3,+1 to Maximum Power Charges
explicitMods,#% chance to cause Bleeding on Hit,47,47,object:47,crafted=True:2,30% chance to cause Bleeding on Hit
explicitMods,#% increased Amount Recovered,47,47,object:47,fractured=True:1,69% increased Amount Recovered
explicitMods,#% increased Cooldown Recovery Rate for each Normal or Magic Enemy in Area\n#% increased Cooldown Recovery Rate for each Rare or Unique Enemy in Area,47,47,object:47,,19% increased Cooldown Recovery Rate for each Normal or Magic Enemy in Area\n96% increased Cooldown
explicitMods,#% increased Elemental Damage,47,47,object:47,,14% increased Elemental Damage
explicitMods,#% increased effect of Non-Curse Auras from your Skills,47,47,object:47,,18% increased effect of Non-Curse Auras from your Skills
explicitMods,#% to Fire and Cold Resistances,47,47,object:47,crafted=True:12;fractured=True:2,+11% to Fire and Cold Resistances
explicitMods,Buff grants Phasing,47,47,object:47,,Buff grants Phasing
explicitMods,Gain an Inspiration Charge when you Spend Mana on Upfront\nCosts or Effects of Supported Skills,47,47,object:47,,Gain an Inspiration Charge when you Spend Mana on Upfront\nCosts or Effects of Supported Skills
explicitMods,Grants Immunity to Poison for # seconds if used while Poisoned,47,47,object:47,,Grants Immunity to Poison for 6 seconds if used while Poisoned
explicitMods,Historic,47,47,object:47,,Historic
explicitMods,Lose all Inspiration Charges after Spending a total of # Mana on Upfront Costs and Effects of Supported Skills,47,47,object:47,,Lose all Inspiration Charges after Spending a total of 548 Mana on Upfront Costs and Effects of Supp
explicitMods,Supported Skills deal #% increased Spell Damage,47,47,object:47,,Supported Skills deal 10% increased Spell Damage
explicitMods,Supported Skills deal #% more Elemental Damage per Inspiration Charge,47,47,object:47,,Supported Skills deal 5% more Elemental Damage per Inspiration Charge
explicitMods,Supported Skills have #% increased Aura effect,47,47,object:47,,Supported Skills have 24% increased Aura effect
explicitMods,Supported Skills have #% increased Critical Strike Chance per Inspiration Charge,47,47,object:47,,Supported Skills have 8% increased Critical Strike Chance per Inspiration Charge
explicitMods,Supported Skills have #% less Mana Cost,47,47,object:47,,Supported Skills have 32% less Mana Cost
explicitMods,You and nearby Allies Regenerate # Life per second,47,47,object:47,,You and nearby Allies Regenerate 193.2 Life per second
explicitMods,#% Arcane Might,46,46,object:46,,150% Arcane Might
explicitMods,#% reduced Mana Cost of Skills,46,46,object:46,crafted=True:9,14% reduced Mana Cost of Skills
explicitMods,Added Small Passive Skills also grant: # to Intelligence,46,46,object:46,,Added Small Passive Skills also grant: +4 to Intelligence
explicitMods,Area is inhabited by Skeletons,46,46,object:46,,Area is inhabited by Skeletons
explicitMods,Culling Strike,46,46,object:46,,Culling Strike
explicitMods,Gain #% of Physical Damage as Extra Cold Damage,46,46,object:46,,Gain 20% of Physical Damage as Extra Cold Damage
explicitMods,Supported Skills have #% less Area of Effect,46,46,object:46,,Supported Skills have 30% less Area of Effect
explicitMods,#% Player Lightning Resistance per #% Alert Level,45,45,object:45,fractured=True:1,-4% Player Lightning Resistance per 25% Alert Level
explicitMods,#% increased Chaos Damage,45,45,object:45,mutated=True:1,35% increased Chaos Damage
explicitMods,#% reduced Attack Speed,45,45,object:45,,20% reduced Attack Speed
explicitMods,#% to Cold and Lightning Resistances,45,45,object:45,crafted=True:12,+19% to Cold and Lightning Resistances
explicitMods,#% to Lightning and Chaos Resistances,45,45,object:45,crafted=True:32,+15% to Lightning and Chaos Resistances
explicitMods,Added Small Passive Skills also grant: #% to Fire Resistance,45,45,object:45,,Added Small Passive Skills also grant: +2% to Fire Resistance
explicitMods,Supported Skills deal #% increased Projectile Damage,45,45,object:45,,Supported Skills deal 10% increased Projectile Damage
explicitMods,#% increased Critical Strike Chance during Effect,44,44,object:44,crafted=True:3,26% increased Critical Strike Chance during Effect
explicitMods,#% reduced Effect of Shock on you during Effect,44,44,object:44,,45% reduced Effect of Shock on you during Effect
explicitMods,Gain # Charge when you are Hit by an Enemy,44,44,object:44,,Gain 1 Charge when you are Hit by an Enemy
explicitMods,Lockdown occurs immediately when Alert Level is full,44,44,object:44,,Lockdown occurs immediately when Alert Level is full
explicitMods,Razor Dance IV,44,44,object:44,,Razor Dance IV
explicitMods,Supported Skills deal #% more Chaos Damage,44,44,object:44,,Supported Skills deal 34% more Chaos Damage
explicitMods,This Spell's Cast Speed cannot be modified,44,44,object:44,,This Spell's Cast Speed cannot be modified
explicitMods,#% increased Flask Life Recovery rate,43,43,object:43,,20% increased Flask Life Recovery rate
explicitMods,Base Mine Detonation Time is # seconds,43,43,object:43,,Base Mine Detonation Time is 0.25 seconds
explicitMods,You and nearby allies are Immune to all Elemental Ailments,43,43,object:43,,You and nearby allies are Immune to all Elemental Ailments
explicitMods,You and nearby allies gain #% to all Elemental Resistances,43,43,object:43,,You and nearby allies gain +39% to all Elemental Resistances
explicitMods,#% increased Charges gained by Other Flasks during Effect,42,42,object:42,,62% increased Charges gained by Other Flasks during Effect
explicitMods,Alert Level increases by #% per second,42,42,object:42,,Alert Level increases by 0.2% per second
explicitMods,Base Aura radius is # metres,42,42,object:42,,Base Aura radius is 2.8 metres
explicitMods,Gains no Charges during Effect of any Overflowing Chalice Flask,42,42,object:42,,Gains no Charges during Effect of any Overflowing Chalice Flask
explicitMods,Immunity to Shock during Effect,42,42,object:42,,Immunity to Shock during Effect
explicitMods,Monsters Inflict Withered for # seconds on Hit,42,42,object:42,,Monsters Inflict Withered for 2 seconds on Hit
explicitMods,Stalking Ruin II,42,42,object:42,,Stalking Ruin II
explicitMods,#% faster start of Energy Shield Recharge,41,41,object:41,crafted=True:6,64% faster start of Energy Shield Recharge
explicitMods,#% increased Damage with Bleeding,41,41,object:41,fractured=True:5,27% increased Damage with Bleeding
explicitMods,Additional # seconds Base Duration per extra corpse Consumed,41,41,object:41,,Additional 1.00 seconds Base Duration per extra corpse Consumed
explicitMods,Adds # to # Cold Damage to Spells and Attacks,41,41,object:41,,Adds 9 to 17 Cold Damage to Spells and Attacks
explicitMods,Blistering Cold II,41,41,object:41,,Blistering Cold II
explicitMods,Grants Immunity to Chill for # seconds if used while Chilled\nGrants Immunity to Freeze for # seconds if used while Frozen,41,41,object:41,,Grants Immunity to Chill for 15 seconds if used while Chilled\nGrants Immunity to Freeze for 15 seco
explicitMods,Immunity to Poison during Effect,41,41,object:41,,Immunity to Poison during Effect
explicitMods,Razor Dance III,41,41,object:41,,Razor Dance III
explicitMods,Removes Curses on use,41,41,object:41,,Removes Curses on use
explicitMods,Supported Attack Skills cannot be used with Melee Weapons,41,41,object:41,,Supported Attack Skills cannot be used with Melee Weapons
explicitMods,Supported Skills have #% less Mine Throwing Speed,41,41,object:41,,Supported Skills have 48% less Mine Throwing Speed
explicitMods,#% chance to Avoid being Chilled during Effect,40,40,object:40,,30% chance to Avoid being Chilled during Effect
explicitMods,#% chance to Avoid being Frozen during Effect,40,40,object:40,,30% chance to Avoid being Frozen during Effect
explicitMods,#% chance to Avoid being Shocked during Effect,40,40,object:40,,36% chance to Avoid being Shocked during Effect
explicitMods,#% of Damage taken Recouped as Life,40,40,object:40,,9% of Damage taken Recouped as Life
explicitMods,Area is a large Maze,40,40,object:40,,Area is a large Maze
explicitMods,Base explosion radius is # metres,40,40,object:40,,Base explosion radius is 1.4 metres
explicitMods,Chilling Skitterbot's Aura Chills Enemies near it,40,40,object:40,,Chilling Skitterbot's Aura Chills Enemies near it
explicitMods,Immunity to Ignite during Effect\nRemoves Burning on use,40,40,object:40,,Immunity to Ignite during Effect\nRemoves Burning on use
explicitMods,Maximum # Summoned Skitterbot of each type,40,40,object:40,,Maximum 1 Summoned Skitterbot of each type
explicitMods,Minions from Supported Skills have #% less Maximum Life,40,40,object:40,,Minions from Supported Skills have 25% less Maximum Life
explicitMods,Minions have #% increased Movement Speed,40,40,object:40,crafted=True:1,Minions have 23% increased Movement Speed
explicitMods,Shocking Skitterbot's Aura Shocks Enemies near it,40,40,object:40,,Shocking Skitterbot's Aura Shocks Enemies near it
explicitMods,Skitterbots grant #% more Trap and Mine Damage,40,40,object:40,,Skitterbots grant 10% more Trap and Mine Damage
explicitMods,#% increased Area of Effect of Aura Skills,39,39,object:39,,18% increased Area of Effect of Aura Skills
explicitMods,#% increased Attack Speed during Effect,39,39,object:39,,12% increased Attack Speed during Effect
explicitMods,#% increased Poison Duration,39,39,object:39,,8% increased Poison Duration
explicitMods,#% to Chaos Damage over Time Multiplier,39,39,object:39,crafted=True:5;fractured=True:1,+25% to Chaos Damage over Time Multiplier
explicitMods,#% to Fire and Lightning Resistances,39,39,object:39,crafted=True:15,+16% to Fire and Lightning Resistances
explicitMods,Added Small Passive Skills also grant: #% increased Mana Regeneration Rate,39,39,object:39,,Added Small Passive Skills also grant: 4% increased Mana Regeneration Rate
explicitMods,Deals # Base Physical Damage per second,39,39,object:39,,Deals 1296.3 Base Physical Damage per second
explicitMods,Supported Skills Summon two Totems instead of one,39,39,object:39,,Supported Skills Summon two Totems instead of one
explicitMods,Supported Skills have # to maximum number of Summoned Totems,39,39,object:39,,Supported Skills have +2 to maximum number of Summoned Totems
explicitMods,# to Level of Socketed Melee Gems,38,38,object:38,,+1 to Level of Socketed Melee Gems
explicitMods,#% chance to Avoid being Stunned,38,38,object:38,crafted=True:3,20% chance to Avoid being Stunned
explicitMods,#% less Duration of Supported Skills and Damaging Ailments they inflict,38,38,object:38,,25% less Duration of Supported Skills and Damaging Ailments they inflict
explicitMods,#% of Damage from Hits is taken from the Buff before Life or Energy Shield\nBuff can take # Damage,38,38,object:38,,70% of Damage from Hits is taken from the Buff before Life or Energy Shield\nBuff can take 2209 Dama
explicitMods,#% of Damage taken Recouped as Mana,38,38,object:38,crafted=True:1,9% of Damage taken Recouped as Mana
explicitMods,#% reduced Rarity of Items found,38,38,object:38,,15% reduced Rarity of Items found
explicitMods,#% to Damage over Time Multiplier,38,38,object:38,fractured=True:1,+18% to Damage over Time Multiplier
explicitMods,Buff grants Immunity to Bleeding,38,38,object:38,,Buff grants Immunity to Bleeding
explicitMods,Deals #% more Damage with Hits against Branded Enemy,38,38,object:38,,Deals 80% more Damage with Hits against Branded Enemy
explicitMods,Deals up to #% more Damage with Hits to closer targets,38,38,object:38,,Deals up to 11% more Damage with Hits to closer targets
explicitMods,Has # Abyssal Socket,38,38,object:38,fractured=True:1,Has 1 Abyssal Socket
explicitMods,Identifies an item,38,38,object:38,,Identifies an item
explicitMods,Supported Non-Instant Skills have # Cooldown Use,38,38,object:38,,Supported Non-Instant Skills have +1 Cooldown Use
explicitMods,#% chance to Avoid being Chilled,37,37,object:37,crafted=True:1,50% chance to Avoid being Chilled
explicitMods,#% chance to Avoid being Ignited during Effect,37,37,object:37,,42% chance to Avoid being Ignited during Effect
explicitMods,#% increased Dexterity,37,37,object:37,,8% increased Dexterity
explicitMods,#% increased Flask Charges gained,37,37,object:37,fractured=True:1,31% increased Flask Charges gained
explicitMods,#% increased maximum travel distance,37,37,object:37,,32% increased maximum travel distance
explicitMods,#% reduced Cast Speed,37,37,object:37,,16% reduced Cast Speed
explicitMods,#% to Cold and Chaos Resistances,37,37,object:37,crafted=True:26,+10% to Cold and Chaos Resistances
explicitMods,Adds # to # Chaos Damage to Attacks,37,37,object:37,crafted=True:1,Adds 12 to 24 Chaos Damage to Attacks
explicitMods,Effect is not removed when Unreserved Mana is Filled\nEffect does not Queue,37,37,object:37,,Effect is not removed when Unreserved Mana is Filled\nEffect does not Queue
explicitMods,Melee Hits from Supported Skills Fortify,37,37,object:37,,Melee Hits from Supported Skills Fortify
explicitMods,Supported Skills cannot inflict Elemental Ailments,37,37,object:37,,Supported Skills cannot inflict Elemental Ailments
explicitMods,Supported Skills deal #% more Damage with Ailments caused by Melee Hits,37,37,object:37,,Supported Skills deal 20% more Damage with Ailments caused by Melee Hits
explicitMods,Supported Skills deal #% more Elemental Damage,37,37,object:37,,Supported Skills deal 34% more Elemental Damage
explicitMods,Supported Skills deal #% more Melee Damage,37,37,object:37,,Supported Skills deal 20% more Melee Damage
explicitMods,Supported Skills have #% increased Minion Movement Speed,37,37,object:37,,Supported Skills have 11% increased Minion Movement Speed
explicitMods,You and nearby allies deal #% more Damage over Time,37,37,object:37,,You and nearby allies deal 20% more Damage over Time
explicitMods,You and nearby allies have #% increased Skill Effect Duration,37,37,object:37,,You and nearby allies have 19% increased Skill Effect Duration
explicitMods,#% increased Totem Life,36,36,object:36,fractured=True:1,20% increased Totem Life
explicitMods,#% less Effect of Supported Curses,36,36,object:36,,35% less Effect of Supported Curses
explicitMods,#% of Attack Physical Damage Leeched as Life,36,36,object:36,,1.2% of Attack Physical Damage Leeched as Life
explicitMods,#% to Fire Damage over Time Multiplier,36,36,object:36,crafted=True:8,+11% to Fire Damage over Time Multiplier
explicitMods,Arcane Surge grants #% increased Cast Speed\nArcane Surge grants #% increased Mana Regeneration rate,36,36,object:36,,Arcane Surge grants 20% increased Cast Speed\nArcane Surge grants 30% increased Mana Regeneration ra
explicitMods,Arcane Surge lasts # seconds,36,36,object:36,,Arcane Surge lasts 4 seconds
explicitMods,Choking Miasma II,36,36,object:36,,Choking Miasma II
explicitMods,Deals #% of your Maximum Energy Shield as Base Fire Damage per second,36,36,object:36,,Deals 70% of your Maximum Energy Shield as Base Fire Damage per second
explicitMods,Deals #% of your Maximum Life as Base Fire Damage per second,36,36,object:36,,Deals 70% of your Maximum Life as Base Fire Damage per second
explicitMods,Debuff can have up to # layers of Damage,36,36,object:36,,Debuff can have up to 20 layers of Damage
explicitMods,Fires Projectiles in a circle,36,36,object:36,,Fires Projectiles in a circle
explicitMods,Gain Arcane Surge after Spending a total of # Mana on\nUpfront Costs and Effects of a Supported Skill,36,36,object:36,,Gain Arcane Surge after Spending a total of 17 Mana on\nUpfront Costs and Effects of a Supported Ski
explicitMods,Grants #% increased Attack Speed,36,36,object:36,,Grants 20% increased Attack Speed
explicitMods,Grants #% more Spell Damage,36,36,object:36,,Grants 39% more Spell Damage
explicitMods,Immunity to Bleeding and Corrupted Blood during Effect,36,36,object:36,,Immunity to Bleeding and Corrupted Blood during Effect
explicitMods,"Immunity to Freeze, Chill, Curses and Stuns during Effect",36,36,object:36,,"Immunity to Freeze, Chill, Curses and Stuns during Effect"
explicitMods,Maximum of # corpses allowed,36,36,object:36,,Maximum of 10 corpses allowed
explicitMods,Supported Skills deal #% more Spell Damage while you have Arcane Surge,36,36,object:36,,Supported Skills deal 15% more Spell Damage while you have Arcane Surge
explicitMods,Supported Skills have #% increased Skill Effect Duration,36,36,object:36,,Supported Skills have 24% increased Skill Effect Duration
explicitMods,You Burn for #% of your Maximum Energy Shield per second as Fire Damage,36,36,object:36,,You Burn for 70% of your Maximum Energy Shield per second as Fire Damage
explicitMods,You Burn for #% of your Maximum Life per second as Fire Damage,36,36,object:36,,You Burn for 90% of your Maximum Life per second as Fire Damage
explicitMods,You and nearby allies gain #% additional Fire Resistance,36,36,object:36,,You and nearby allies gain 53% additional Fire Resistance
explicitMods,You and nearby allies gain #% increased Attack Speed,36,36,object:36,,You and nearby allies gain 24% increased Attack Speed
explicitMods,You and nearby allies gain #% increased Cast Speed,36,36,object:36,,You and nearby allies gain 24% increased Cast Speed
explicitMods,You and nearby allies gain #% increased Movement Speed,36,36,object:36,,You and nearby allies gain 16% increased Movement Speed
explicitMods,You can apply an additional Curse,36,36,object:36,,You can apply an additional Curse
explicitMods,You take #% of your Maximum Energy Shield per second as Physical Damage,36,36,object:36,,You take 4% of your Maximum Energy Shield per second as Physical Damage
explicitMods,You take #% of your Maximum Life per second as Physical Damage,36,36,object:36,,You take 4% of your Maximum Life per second as Physical Damage
explicitMods,#% increased Damage with Poison,35,35,object:35,fractured=True:2,26% increased Damage with Poison
explicitMods,#% more Damage with Hits and Ailments for each remaining Chain,35,35,object:35,,15% more Damage with Hits and Ailments for each remaining Chain
explicitMods,Added Small Passive Skills also grant: # to Maximum Energy Shield,35,35,object:35,,Added Small Passive Skills also grant: +6 to Maximum Energy Shield
explicitMods,Golems grant # Life Regenerated per second,35,35,object:35,,Golems grant 105 Life Regenerated per second
explicitMods,Golems grant #% increased Defences,35,35,object:35,,Golems grant 20% increased Defences
explicitMods,Link breaks if target leaves range or line of sight for # seconds\nMaximum # Link from any source per target\nYou die if Linked target dies,35,35,object:35,,Link breaks if target leaves range or line of sight for 4 seconds\nMaximum 1 Link from any source pe
explicitMods,Modifiers to Projectile Damage apply to this Skill's Damage Over Time effect,35,35,object:35,,Modifiers to Projectile Damage apply to this Skill's Damage Over Time effect
explicitMods,Stalking Ruin III,35,35,object:35,,Stalking Ruin III
explicitMods,#% increased Critical Strike Chance against Shocked Enemies,34,34,object:34,,41% increased Critical Strike Chance against Shocked Enemies
explicitMods,#% reduced Effect of Chill on you during Effect,34,34,object:34,,50% reduced Effect of Chill on you during Effect
explicitMods,#% reduced Effect of Curses on you,34,34,object:34,,60% reduced Effect of Curses on you
explicitMods,#% reduced Freeze Duration on you during Effect,34,34,object:34,,48% reduced Freeze Duration on you during Effect
explicitMods,Added Small Passive Skills also grant: # to Evasion,34,34,object:34,,Added Small Passive Skills also grant: +11 to Evasion
explicitMods,Area is inhabited by Goatmen,34,34,object:34,,Area is inhabited by Goatmen
explicitMods,Minions have #% increased Chill Effect,34,34,object:34,,Minions have 18% increased Chill Effect
explicitMods,Minions have #% increased Shock Effect,34,34,object:34,,Minions have 18% increased Shock Effect
explicitMods,Raging Dead IV,34,34,object:34,,Raging Dead IV
explicitMods,Supported Skills deal #% increased Damage,34,34,object:34,,Supported Skills deal 36% increased Damage
explicitMods,Supported Skills deal #% increased Damage over Time,34,34,object:34,,Supported Skills deal 10% increased Damage over Time
explicitMods,#% Chance to Block Attack Damage,33,33,object:33,,15% Chance to Block Attack Damage
explicitMods,#% increased Area Damage,33,33,object:33,crafted=True:3,10% increased Area Damage
explicitMods,#% increased Duration of Ailments inflicted with Supported Skills,33,33,object:33,,79% increased Duration of Ailments inflicted with Supported Skills
explicitMods,Added Small Passive Skills also grant: # to Maximum Life,33,33,object:33,,Added Small Passive Skills also grant: +3 to Maximum Life
explicitMods,Added Small Passive Skills also grant: #% to Lightning Resistance,33,33,object:33,,Added Small Passive Skills also grant: +5% to Lightning Resistance
explicitMods,Adds # to # Fire Damage to Spells and Attacks,33,33,object:33,,Adds 24 to 35 Fire Damage to Spells and Attacks
explicitMods,Burst Base radius is # metres,33,33,object:33,,Burst Base radius is 1.5 metres
explicitMods,Creates a portal to town,33,33,object:33,,Creates a portal to town
explicitMods,Gain # Momentum when you Use a Supported Skill\nGain # Momentum every # seconds while Channelling a Supported Skill\nLose all Momentum if you Move,33,33,object:33,,Gain 1 Momentum when you Use a Supported Skill\nGain 1 Momentum every 0.55 seconds while Channelling
explicitMods,Grants Immunity to Shock for # seconds if used while Shocked,33,33,object:33,,Grants Immunity to Shock for 4 seconds if used while Shocked
explicitMods,Minions have #% to all Elemental Resistances,33,33,object:33,,Minions have +30% to all Elemental Resistances
explicitMods,Raging Dead II,33,33,object:33,,Raging Dead II
explicitMods,Stalking Ruin IV,33,33,object:33,,Stalking Ruin IV
explicitMods,Supported Skills deal #% more Damage,33,33,object:33,,Supported Skills deal 29% more Damage
explicitMods,Supported Skills deal #% more Damage with Bleeding and Poison caused by Melee Hits,33,33,object:33,,Supported Skills deal 49% more Damage with Bleeding and Poison caused by Melee Hits
explicitMods,Supported Skills deal #% more Melee Physical Damage,33,33,object:33,,Supported Skills deal 49% more Melee Physical Damage
explicitMods,Supported Skills deal #% more Trap and Mine Damage,33,33,object:33,,Supported Skills deal 50% more Trap and Mine Damage
explicitMods,Supported Skills have #% increased Attack Speed per Momentum,33,33,object:33,,Supported Skills have 19% increased Attack Speed per Momentum
explicitMods,Supported Skills have #% increased Effect of non-Damaging Ailments on Enemies,33,33,object:33,,Supported Skills have 69% increased Effect of non-Damaging Ailments on Enemies
explicitMods,Supported Skills have #% increased Totem Life,33,33,object:33,,Supported Skills have 80% increased Totem Life
explicitMods,Supported Skills have #% less Trap Throwing Speed,33,33,object:33,,Supported Skills have 10% less Trap Throwing Speed
explicitMods,Swiftness grants #% increased Movement Speed per Momentum lost,33,33,object:33,,Swiftness grants 15% increased Movement Speed per Momentum lost
explicitMods,Unique Boss drops # additional Maps,33,33,object:33,,Unique Boss drops 4 additional Maps
explicitMods,"When you reach # Momentum, lose all Momentum and gain\nSwiftness for # seconds",33,33,object:33,,"When you reach 4 Momentum, lose all Momentum and gain\nSwiftness for 1.5 seconds"
explicitMods,# to Level of Socketed Bow Gems,32,32,object:32,fractured=True:2,+1 to Level of Socketed Bow Gems
explicitMods,# to maximum number of Summoned Totems,32,32,object:32,,+4 to maximum number of Summoned Totems
explicitMods,#% increased Ignite Duration on Enemies,32,32,object:32,,15% increased Ignite Duration on Enemies
explicitMods,#% increased Stun Duration against Enemies that are on Full Life,32,32,object:32,,79% increased Stun Duration against Enemies that are on Full Life
explicitMods,#% of Maximum Life taken as Chaos Damage per second,32,32,object:32,,25% of Maximum Life taken as Chaos Damage per second
explicitMods,Added Small Passive Skills also grant: # to Armour,32,32,object:32,,Added Small Passive Skills also grant: +27 to Armour
explicitMods,Area is inhabited by Humanoids,32,32,object:32,,Area is inhabited by Humanoids
explicitMods,Can grow into an Armour or Jewellery item on the Genesis Tree,32,32,object:32,,Can grow into an Armour or Jewellery item on the Genesis Tree
explicitMods,Cursed enemies have #% to Fire Resistance,32,32,object:32,,Cursed enemies have -31% to Fire Resistance
explicitMods,Damaging Hits always Stun Enemies that are on Full Life,32,32,object:32,,Damaging Hits always Stun Enemies that are on Full Life
explicitMods,Gain #% of Physical Damage as Extra Chaos Damage,32,32,object:32,fractured=True:1,Gain 37% of Physical Damage as Extra Chaos Damage
explicitMods,Hits against Cursed Enemies have #% chance to Ignite,32,32,object:32,,Hits against Cursed Enemies have +25% chance to Ignite
explicitMods,Recover #% of Life on use,32,32,object:32,,Recover 88% of Life on use
explicitMods,Supported Skills deal #% less Damage with Hits,32,32,object:32,,Supported Skills deal 80% less Damage with Hits
explicitMods,Supported Skills have # to # added Cold Damage,32,32,object:32,,Supported Skills have 188 to 282 added Cold Damage
explicitMods,Supported Skills have #% reduced Cooldown Recovery Rate,32,32,object:32,,Supported Skills have 2% reduced Cooldown Recovery Rate
explicitMods,# to # Added Physical Damage with Bow Attacks,31,31,object:31,,6 to 10 Added Physical Damage with Bow Attacks
explicitMods,# to Level of Socketed Spell Gems,31,31,object:31,,+1 to Level of Socketed Spell Gems
explicitMods,# to Level of Supported Skill Gems,31,31,object:31,,+2 to Level of Supported Skill Gems
explicitMods,# to Maximum Endurance Charges,31,31,object:31,,+1 to Maximum Endurance Charges
explicitMods,#% increased travel distance,31,31,object:31,,51% increased travel distance
explicitMods,Damage cannot be Reflected,31,31,object:31,mutated=True:2,Damage cannot be Reflected
explicitMods,Supported Skills Reserve Life instead of Mana,31,31,object:31,,Supported Skills Reserve Life instead of Mana
explicitMods,Supported Skills have #% increased Critical Strike Chance,31,31,object:31,,Supported Skills have 108% increased Critical Strike Chance
explicitMods,# maximum Stages,30,30,object:30,,17 maximum Stages
explicitMods,#% increased Cast Speed during Effect,30,30,object:30,,15% increased Cast Speed during Effect
explicitMods,#% increased Damage over Time,30,30,object:30,,35% increased Damage over Time
explicitMods,#% increased Hit Rate for each blade,30,30,object:30,,33% increased Hit Rate for each blade
explicitMods,#% increased Life Regeneration rate,30,30,object:30,mutated=True:1,15% increased Life Regeneration rate
explicitMods,#% more Damage for each blade,30,30,object:30,,30% more Damage for each blade
explicitMods,#% more Minion Movement Speed,30,30,object:30,,55% more Minion Movement Speed
explicitMods,Area is inhabited by Ghosts,30,30,object:30,,Area is inhabited by Ghosts
explicitMods,Can have up to # active spinning blades,30,30,object:30,,Can have up to 10 active spinning blades
explicitMods,Cannot be Chilled,30,30,object:30,,Cannot be Chilled
explicitMods,Exerts the next # Melee Attacks you perform,30,30,object:30,,Exerts the next 2 Melee Attacks you perform
explicitMods,Life Recovery from Flasks also applies to Energy Shield during Effect,30,30,object:30,,Life Recovery from Flasks also applies to Energy Shield during Effect
explicitMods,Minions deal # to # additional Cold Damage,30,30,object:30,,Minions deal 11 to 17 additional Cold Damage
explicitMods,Primordial,30,30,object:30,,Primordial
explicitMods,Supported Skills deal #% more Area Damage,30,30,object:30,,Supported Skills deal 12% more Area Damage
explicitMods,Supported Skills deal #% more Burning Damage,30,30,object:30,,Supported Skills deal 38% more Burning Damage
explicitMods,Supported Skills have #% increased Totem Placement speed,30,30,object:30,,Supported Skills have 10% increased Totem Placement speed
explicitMods,# to Level of all Lightning Spell Skill Gems,29,29,object:29,,+2 to Level of all Lightning Spell Skill Gems
explicitMods,# to Strength and Dexterity,29,29,object:29,crafted=True:5,+8 to Strength and Dexterity
explicitMods,#% chance to gain a Frenzy Charge when an Enemy Dies while in this Skill's Area,29,29,object:29,,25% chance to gain a Frenzy Charge when an Enemy Dies while in this Skill's Area
explicitMods,#% increased Chill Duration on Enemies,29,29,object:29,,38% increased Chill Duration on Enemies
explicitMods,#% increased Strength Requirement,29,29,object:29,,40% increased Strength Requirement
explicitMods,#% reduced Frenzy Charge Duration,29,29,object:29,,20% reduced Frenzy Charge Duration
explicitMods,Activates every second while Attached,29,29,object:29,,Activates every second while Attached
explicitMods,Added Small Passive Skills have #% increased Effect,29,29,object:29,,Added Small Passive Skills have 25% increased Effect
explicitMods,Area is inhabited by Lunaris fanatics,29,29,object:29,,Area is inhabited by Lunaris fanatics
explicitMods,Chilled Ground Base final radius is # metres,29,29,object:29,,Chilled Ground Base final radius is 3 metres
explicitMods,Chilled Ground Base initial radius is # metres,29,29,object:29,,Chilled Ground Base initial radius is 1.5 metres
explicitMods,Reflects # Cold Damage to Melee Attackers,29,29,object:29,,Reflects 100 Cold Damage to Melee Attackers
explicitMods,Socketed Gems are Supported by Level # Trap,29,29,object:29,,Socketed Gems are Supported by Level 15 Trap
explicitMods,"Spawned corpses' level matches the area level, up to a maximum of Level #",29,29,object:29,,"Spawned corpses' level matches the area level, up to a maximum of Level 20"
explicitMods,Spawns # corpses,29,29,object:29,,Spawns 5 corpses
explicitMods,Supported Skills deal no Chaos Damage,29,29,object:29,,Supported Skills deal no Chaos Damage
explicitMods,Supported Skills have #% chance to Ignite,29,29,object:29,,Supported Skills have 25% chance to Ignite
explicitMods,Supported Skills have #% to Critical Strike Multiplier,29,29,object:29,,Supported Skills have +138% to Critical Strike Multiplier
explicitMods,"While in Blood Stance, Aura makes Enemies take up to #% more Physical Damage from Hits",29,29,object:29,,"While in Blood Stance, Aura makes Enemies take up to 19% more Physical Damage from Hits"
explicitMods,"While in Sand Stance, Buff makes you take up to #% less Damage from Enemies in Aura",29,29,object:29,,"While in Sand Stance, Buff makes you take up to 19% less Damage from Enemies in Aura"
explicitMods,You and nearby Allies gain #% increased Energy Shield Recharge Rate,29,29,object:29,,You and nearby Allies gain 30% increased Energy Shield Recharge Rate
explicitMods,You and nearby allies gain # additional Energy Shield,29,29,object:29,,You and nearby allies gain 217 additional Energy Shield
explicitMods,# Maximum Virulence,28,28,object:28,,40 Maximum Virulence
explicitMods,# to Level of all Physical Spell Skill Gems,28,28,object:28,,+1 to Level of all Physical Spell Skill Gems
explicitMods,#% chance to Avoid Elemental Ailments,28,28,object:28,crafted=True:3;fractured=True:1,17% chance to Avoid Elemental Ailments
explicitMods,#% chance to Impale Enemies on Hit,28,28,object:28,,20% chance to Impale Enemies on Hit
explicitMods,#% increased Area of Effect per # metre additional Melee Strike Range,28,28,object:28,,20% increased Area of Effect per 0.1 metre additional Melee Strike Range
explicitMods,#% increased Quantity of Items found,28,28,object:28,,9% increased Quantity of Items found
explicitMods,#% increased total Recovery per second from Life Leech,28,28,object:28,,50% increased total Recovery per second from Life Leech
explicitMods,#% less Movement Speed,28,28,object:28,,20% less Movement Speed
explicitMods,#% more Totem Life,28,28,object:28,,20% more Totem Life
explicitMods,#% reduced Life Regeneration rate,28,28,object:28,,75% reduced Life Regeneration rate
explicitMods,Aftershock deals #% more Damage with Hits and Ailments,28,28,object:28,,Aftershock deals 177% more Damage with Hits and Ailments
explicitMods,Agony Crawler deals #% increased Physical Damage per Virulence you have,28,28,object:28,,Agony Crawler deals 9% increased Physical Damage per Virulence you have
explicitMods,Agony Crawler has # to # Added Physical Damage per Virulence you have,28,28,object:28,,Agony Crawler has 45 to 84 Added Physical Damage per Virulence you have
explicitMods,Agony Crawler has #% increased Attack Speed per Virulence you have,28,28,object:28,,Agony Crawler has 4% increased Attack Speed per Virulence you have
explicitMods,Allies Deal Extra Physical Damage,28,28,object:28,,Allies Deal Extra Physical Damage
explicitMods,Buff grants #% chance to Poison on Hit,28,28,object:28,,Buff grants 20% chance to Poison on Hit
explicitMods,Buff grants #% more Damage with Poison,28,28,object:28,,Buff grants 10% more Damage with Poison
explicitMods,Cold Exposure applies #% to Cold Resistance,28,28,object:28,,Cold Exposure applies -15% to Cold Resistance
explicitMods,Curse Skills have #% increased Skill Effect Duration,28,28,object:28,,Curse Skills have 50% increased Skill Effect Duration
explicitMods,Fires an additional Projectile for every # prior Mines in Detonation Sequence,28,28,object:28,,Fires an additional Projectile for every 2 prior Mines in Detonation Sequence
explicitMods,Grants Virulence when you Poison an Enemy,28,28,object:28,,Grants Virulence when you Poison an Enemy
explicitMods,Instant Recovery,28,28,object:28,,Instant Recovery
explicitMods,Maximum # Summoned Agony Crawler,28,28,object:28,,Maximum 1 Summoned Agony Crawler
explicitMods,Regenerate # Life over # second when you Cast a Spell,28,28,object:28,,Regenerate 8 Life over 1 second when you Cast a Spell
explicitMods,Socketed Gems have #% increased Reservation Efficiency,28,28,object:28,,Socketed Gems have 15% increased Reservation Efficiency
explicitMods,Zealot's Oath during Effect,28,28,object:28,,Zealot's Oath during Effect
explicitMods,# to Level of Socketed Curse Gems,27,27,object:27,,+1 to Level of Socketed Curse Gems
explicitMods,# to Minimum Endurance Charges,27,27,object:27,crafted=True:20,+1 to Minimum Endurance Charges
explicitMods,#% chance to gain a Power Charge on Kill,27,27,object:27,,34% chance to gain a Power Charge on Kill
explicitMods,#% increased Damage when on Low Life,27,27,object:27,,20% increased Damage when on Low Life
explicitMods,#% increased Flask Mana Recovery rate,27,27,object:27,fractured=True:1,20% increased Flask Mana Recovery rate
explicitMods,#% increased Mana Recovery from Flasks,27,27,object:27,,23% increased Mana Recovery from Flasks
explicitMods,#% increased Movement Speed per Frenzy Charge,27,27,object:27,mutated=True:1,2% increased Movement Speed per Frenzy Charge
explicitMods,#% reduced maximum Life,27,27,object:27,,20% reduced maximum Life
explicitMods,#% to maximum Cold Resistance,27,27,object:27,,-2% to maximum Cold Resistance
explicitMods,"Area contains a Vaal Side Area\n#% increased Quantity of Items found in Area",27,27,object:25;string:2,,"Area contains a Vaal Side Area\n5% increased Quantity of Items found in Area"
explicitMods,Area is inhabited by Demons,27,27,object:27,,Area is inhabited by Demons
explicitMods,Blistering Cold III,27,27,object:27,,Blistering Cold III
explicitMods,Cannot be Cast or Triggered while Elusive\nGrants Elusive,27,27,object:27,,Cannot be Cast or Triggered while Elusive\nGrants Elusive
explicitMods,Enemies Ignited by Supported Skills have #% to Fire Resistance,27,27,object:27,,Enemies Ignited by Supported Skills have -10% to Fire Resistance
explicitMods,First Repeat of Supported Skills deals #% more Damage,27,27,object:27,,First Repeat of Supported Skills deals 22% more Damage
explicitMods,Inflicts # Withered Debuffs the first time each Enemy enters the Area,27,27,object:27,,Inflicts 5 Withered Debuffs the first time each Enemy enters the Area
explicitMods,Rampage,27,27,object:27,,Rampage
explicitMods,Second Repeat of Supported Skills deals #% more Damage,27,27,object:27,,Second Repeat of Supported Skills deals 44% more Damage
explicitMods,Supported Skills Repeat # additional times,27,27,object:27,,Supported Skills Repeat 2 additional times
explicitMods,Supported Skills deal #% less Attack Damage,27,27,object:27,,Supported Skills deal 19% less Attack Damage
explicitMods,Supported Skills deal #% more Fire Damage,27,27,object:27,,Supported Skills deal 19% more Fire Damage
explicitMods,Supported Skills deal #% more Projectile Damage,27,27,object:27,,Supported Skills deal 19% more Projectile Damage
explicitMods,Supported Skills have # to # added Lightning Damage,27,27,object:27,,Supported Skills have 19 to 358 added Lightning Damage
explicitMods,Supported Skills have #% more Melee Attack Speed,27,27,object:27,,Supported Skills have 45% more Melee Attack Speed
explicitMods,"You and nearby Non-Minion Allies have a #% chance to create Consecrated Ground on Hitting a Rare or Unique Enemy, lasting # seconds",27,27,object:27,,You and nearby Non-Minion Allies have a 10% chance to create Consecrated Ground on Hitting a Rare or
explicitMods,You and nearby allies deal # to # additional Lightning Damage with Attacks,27,27,object:27,,You and nearby allies deal 10 to 161 additional Lightning Damage with Attacks
explicitMods,You and nearby allies deal #% more Spell Damage,27,27,object:27,,You and nearby allies deal 14% more Spell Damage
explicitMods,You and nearby allies deal #% more Spell Lightning Damage,27,27,object:27,,You and nearby allies deal 19% more Spell Lightning Damage
explicitMods,You and nearby allies have #% increased Spell Critical Strike Chance,27,27,object:27,,You and nearby allies have 35% increased Spell Critical Strike Chance
explicitMods,#% chance to Shock enemies,26,26,object:26,,40% chance to Shock enemies
explicitMods,#% reduced Recovery rate,26,26,object:26,fractured=True:1,33% reduced Recovery rate
explicitMods,Adds # to # Lightning Damage to Spells and Attacks,26,26,object:26,,Adds 1 to 30 Lightning Damage to Spells and Attacks
explicitMods,Area contains unbridged gaps to cross,26,26,object:26,,Area contains unbridged gaps to cross
explicitMods,Belt: Reflects (#-#) Physical Damage to Melee Attackers,26,26,object:22;string:4,,Belt: Reflects (51-100) Physical Damage to Melee Attackers
explicitMods,Exposure applies #% to Elemental Resistance matching highest Damage taken,26,26,object:26,,Exposure applies -15% to Elemental Resistance matching highest Damage taken
explicitMods,Monsters have #% chance to Avoid Ailments,26,26,object:26,,Monsters have 50% chance to Avoid Ailments
explicitMods,Other Armour: Reflects (#-#) Physical Damage to Melee Attackers,26,26,object:22;string:4,,Other Armour: Reflects (51-100) Physical Damage to Melee Attackers
explicitMods,Players have #% increased Cooldown Recovery Rate for Movement Skills,26,26,object:26,,Players have 200% increased Cooldown Recovery Rate for Movement Skills
explicitMods,Supported Skills deal #% more Chaos Damage over Time,26,26,object:26,,Supported Skills deal 47% more Chaos Damage over Time
explicitMods,Supported Skills deal #% more Physical Damage over Time,26,26,object:26,,Supported Skills deal 47% more Physical Damage over Time
explicitMods,Supported Skills deal #% more Physical Projectile Attack Damage,26,26,object:26,,Supported Skills deal 47% more Physical Projectile Attack Damage
explicitMods,Supported Skills have #% less Projectile Attack Speed,26,26,object:26,,Supported Skills have 10% less Projectile Attack Speed
explicitMods,Unique Boss gives #% increased Experience,26,26,object:26,,Unique Boss gives 2000% increased Experience
explicitMods,You take #% reduced Extra Damage from Critical Strikes,26,26,object:26,fractured=True:1,You take 30% reduced Extra Damage from Critical Strikes
explicitMods,# to Level of Socketed Fire Gems,25,25,object:25,,+2 to Level of Socketed Fire Gems
explicitMods,# to Strength and Intelligence,25,25,object:25,crafted=True:4,+10 to Strength and Intelligence
explicitMods,#% chance to Summon a Sentinel of Purity when you Hit a Rare or Unique Enemy,25,25,object:25,,20% chance to Summon a Sentinel of Purity when you Hit a Rare or Unique Enemy
explicitMods,#% chance to cause Bleeding,25,25,object:25,,25% chance to cause Bleeding
explicitMods,#% increased Attack Damage against Bleeding Enemies,25,25,object:25,,25% increased Attack Damage against Bleeding Enemies
explicitMods,#% increased Buff Duration per Endurance Charge removed,25,25,object:25,,20% increased Buff Duration per Endurance Charge removed
explicitMods,#% increased Trap Throwing Speed,25,25,object:25,crafted=True:3,12% increased Trap Throwing Speed
explicitMods,#% less Damage with Ailments,25,25,object:25,,50% less Damage with Ailments
explicitMods,#% less Elemental Damage taken,25,25,object:25,,25% less Elemental Damage taken
explicitMods,#% less Physical Damage taken,25,25,object:25,,26% less Physical Damage taken
explicitMods,#% less Physical Damage taken per Endurance Charge removed,25,25,object:25,,15.0% less Physical Damage taken per Endurance Charge removed
explicitMods,#% to Cold Damage over Time Multiplier,25,25,object:25,,+6% to Cold Damage over Time Multiplier
explicitMods,#% to Critical Strike Multiplier per Power Charge,25,25,object:25,mutated=True:1,+3% to Critical Strike Multiplier per Power Charge
explicitMods,Area is inhabited by Animals,25,25,object:25,,Area is inhabited by Animals
explicitMods,Base Debuff Duration is # seconds,25,25,object:25,,Base Debuff Duration is 2.00 seconds
explicitMods,Buff grants #% Chance to Block Spell Damage while holding a Shield,25,25,object:25,,Buff grants +25% Chance to Block Spell Damage while holding a Shield
explicitMods,Buff grants #% more Physical Damage,25,25,object:25,,Buff grants 12% more Physical Damage
explicitMods,Buff grants Immunity to Shock,25,25,object:25,,Buff grants Immunity to Shock
explicitMods,Cursed enemies have #% to Chaos Resistance,25,25,object:25,,Cursed enemies have -30% to Chaos Resistance
explicitMods,Cursed enemies take #% increased Damage from Projectile Hits,25,25,object:25,,Cursed enemies take 26% increased Damage from Projectile Hits
explicitMods,Damage Penetrates #% Lightning Resistance,25,25,object:25,,Damage Penetrates 20% Lightning Resistance
explicitMods,Maximum # Summoned Sentinels of Purity,25,25,object:25,,Maximum 4 Summoned Sentinels of Purity
explicitMods,Projectiles which Hit Cursed Enemies Split towards # additional targets,25,25,object:25,,Projectiles which Hit Cursed Enemies Split towards 2 additional targets
explicitMods,Regenerate #% of Debuff Damage as Life,25,25,object:25,,Regenerate 0.50% of Debuff Damage as Life
explicitMods,Summon a Sentinel of Purity when you Kill an Enemy,25,25,object:25,,Summon a Sentinel of Purity when you Kill an Enemy
explicitMods,Supported Skills Penetrate #% Lightning Resistance,25,25,object:25,,Supported Skills Penetrate 23% Lightning Resistance
explicitMods,Supported Skills throw Traps randomly around targeted location,25,25,object:25,,Supported Skills throw Traps randomly around targeted location
explicitMods,You and nearby allies gain #% of Physical Damage as Extra Cold Damage,25,25,object:25,,You and nearby allies gain 39% of Physical Damage as Extra Cold Damage
explicitMods,# to Maximum Frenzy Charges,24,24,object:24,,+1 to Maximum Frenzy Charges
explicitMods,#% increased Duration of Lightning Ailments,24,24,object:24,,100% increased Duration of Lightning Ailments
explicitMods,#% increased Effect of Lightning Ailments,24,24,object:24,,30% increased Effect of Lightning Ailments
explicitMods,#% increased Global Defences,24,24,object:24,mutated=True:1,33% increased Global Defences
explicitMods,#% increased Job Experience gain,24,24,object:24,,4% increased Job Experience gain
explicitMods,#% of Recovery applied Instantly,24,24,object:24,fractured=True:1,50% of Recovery applied Instantly
explicitMods,#% reduced Travel Fee,24,24,object:24,,9% reduced Travel Fee
explicitMods,#% to Physical Damage over Time Multiplier,24,24,object:24,fractured=True:3;crafted=True:2,+35% to Physical Damage over Time Multiplier
explicitMods,Adds Knockback to Melee Attacks during Effect,24,24,object:24,,Adds Knockback to Melee Attacks during Effect
explicitMods,Area contains a Large Chest,24,24,object:24,,Area contains a Large Chest
explicitMods,Area is inhabited by Undead,24,24,object:24,,Area is inhabited by Undead
explicitMods,Armour: (#-#)% to Cold Resistance,24,24,object:20;string:4,,Armour: (6-11)% to Cold Resistance
explicitMods,Banner causes you and Allies to Recover # Life when Blocking,24,24,object:24,,Banner causes you and Allies to Recover 34 Life when Blocking
explicitMods,Banner grants #% Chance to Block Attack Damage to You and Allies,24,24,object:24,,Banner grants +4% Chance to Block Attack Damage to You and Allies
explicitMods,Base Burning Damage is #% of Overkill Damage,24,24,object:24,,Base Burning Damage is 25% of Overkill Damage
explicitMods,Belt: (#-#)% to Cold Resistance,24,24,object:20;string:4,,Belt: (6-11)% to Cold Resistance
explicitMods,Bow: Adds (#-#) to (#-#) Cold Damage,24,24,object:20;string:4,,Bow: Adds (2-3) to (6-7) Cold Damage
explicitMods,Buff grants #% of your Physical Damage as Extra Fire Damage,24,24,object:24,,Buff grants 19% of your Physical Damage as Extra Fire Damage
explicitMods,Cannot be used by default\nBecomes Usable once for # seconds when you Block a Hit,24,24,object:24,,Cannot be used by default\nBecomes Usable once for 2 seconds when you Block a Hit
explicitMods,Maximum # Raised Zombies,24,24,object:24,,Maximum 7 Raised Zombies
explicitMods,Minions deal #% more Damage,24,24,object:24,,Minions deal 38% more Damage
explicitMods,Other Jewellery: (#-#)% increased Cold Damage,24,24,object:20;string:4,,Other Jewellery: (6-10)% increased Cold Damage
explicitMods,Other Weapon: Adds (#-#) to (#-#) Cold Damage,24,24,object:20;string:4,,Other Weapon: Adds (1-2) to (3-4) Cold Damage
explicitMods,Projectiles from Supported Skills Pierce # additional Targets,24,24,object:24,,Projectiles from Supported Skills Pierce 4 additional Targets
explicitMods,Projectiles that have Pierced deal #% more Damage,24,24,object:24,,Projectiles that have Pierced deal 6% more Damage
explicitMods,Quiver: (#-#)% to Cold Resistance,24,24,object:20;string:4,,Quiver: (6-11)% to Cold Resistance
explicitMods,Removes #% of your maximum Energy Shield on use,24,24,object:24,,Removes 80% of your maximum Energy Shield on use
explicitMods,Restless Dead,24,24,object:24,,Restless Dead
explicitMods,Supported Skills also fire Projectiles from up to # points on each side of you,24,24,object:24,,Supported Skills also fire Projectiles from up to 4 points on each side of you
explicitMods,Supported Skills deal #% increased Fire Damage,24,24,object:24,,Supported Skills deal 10% increased Fire Damage
explicitMods,Two Handed Melee Weapon: Adds (#-#) to (#-#) Cold Damage,24,24,object:20;string:4,,Two Handed Melee Weapon: Adds (2-3) to (6-7) Cold Damage
explicitMods,Wall will be # meters long,24,24,object:24,,Wall will be 6 meters long
explicitMods,You and nearby allies gain #% additional Lightning Resistance,24,24,object:24,,You and nearby allies gain 53% additional Lightning Resistance
explicitMods,You take #% of your maximum Life as Chaos Damage on use,24,24,object:24,,You take 50% of your maximum Life as Chaos Damage on use
explicitMods,# to # Added Fire Damage with Bow Attacks,23,23,object:23,fractured=True:1,5 to 10 Added Fire Damage with Bow Attacks
explicitMods,#% increased Melee Damage,23,23,object:23,fractured=True:1,12% increased Melee Damage
explicitMods,#% less Effect of Curse against Players,23,23,object:23,,50% less Effect of Curse against Players
explicitMods,Amulet: (#-#)% increased maximum Energy Shield,23,23,object:21;string:2,,Amulet: (5-7)% increased maximum Energy Shield
explicitMods,Belt: (#-#) to maximum Energy Shield,23,23,object:21;string:2,,Belt: (4-8) to maximum Energy Shield
explicitMods,Buff grants # to # Added Attack Cold Damage,23,23,object:23,,Buff grants 28 to 42 Added Attack Cold Damage
explicitMods,Buff grants # to # Added Spell Cold Damage,23,23,object:23,,Buff grants 28 to 42 Added Spell Cold Damage
explicitMods,"Buff grants #% of Life Regenerated per second per\n# power, counting a maximum of # Power",23,23,object:23,,"Buff grants 2% of Life Regenerated per second per\n5 power, counting a maximum of 25 Power"
explicitMods,Can use Items requiring up to Level #,23,23,object:23,,Can use Items requiring up to Level 100
explicitMods,Cursed Normal and Magic Enemies have #% less Action Speed,23,23,object:23,,Cursed Normal and Magic Enemies have 29% less Action Speed
explicitMods,Cursed Rare and Unique Enemies have #% less Action Speed,23,23,object:23,,Cursed Rare and Unique Enemies have 18% less Action Speed
explicitMods,Enemies Maimed by Supported Skills take #% increased Physical Damage,23,23,object:23,,Enemies Maimed by Supported Skills take 10% increased Physical Damage
explicitMods,Grants # Endurance Charge per # Power to you and Allied Players,23,23,object:23,,Grants 1 Endurance Charge per 5 Power to you and Allied Players
explicitMods,Minions Regenerate #% of Life per second,23,23,object:23,,Minions Regenerate 0.7% of Life per second
explicitMods,Minions deal #% more Physical Damage,23,23,object:23,,Minions deal 95% more Physical Damage
explicitMods,One Handed Weapon: (#-#)% increased Spell Damage,23,23,object:21;string:2,,One Handed Weapon: (20-29)% increased Spell Damage
explicitMods,Other effects on Cursed enemies expire #% slower,23,23,object:23,,Other effects on Cursed enemies expire 25% slower
explicitMods,Quiver: (#-#)% increased Damage with Bow Skills,23,23,object:21;string:2,,Quiver: (11-20)% increased Damage with Bow Skills
explicitMods,Recharges # Charges when you take a Critical Strike,23,23,object:23,,Recharges 5 Charges when you take a Critical Strike
explicitMods,Ring: (#-#) to maximum Energy Shield,23,23,object:21;string:2,,Ring: (4-8) to maximum Energy Shield
explicitMods,Supported Attacks have #% chance to Maim on Hit,23,23,object:23,,Supported Attacks have 30% chance to Maim on Hit
explicitMods,Supported Skills have # to # added Chaos Damage,23,23,object:23,,Supported Skills have 167 to 251 added Chaos Damage
explicitMods,Supported Skills have #% to Critical Strike Chance,23,23,object:23,,Supported Skills have +2% to Critical Strike Chance
explicitMods,Two Handed Weapon: (#-#)% increased Spell Damage,23,23,object:21;string:2,,Two Handed Weapon: (35-52)% increased Spell Damage
explicitMods,"When Dual Wielding, Deals #% Damage from each Weapon combined",23,23,object:23,,"When Dual Wielding, Deals 75% Damage from each Weapon combined"
explicitMods,# to Level of all Fire Spell Skill Gems,22,22,object:22,,+1 to Level of all Fire Spell Skill Gems
explicitMods,#% chance to gain Onslaught for # seconds on Kill,22,22,object:22,crafted=True:4,13% chance to gain Onslaught for 4 seconds on Kill
explicitMods,#% chance to gain a Power Charge when Projectile Hits a Rare or Unique Enemy,22,22,object:22,,20% chance to gain a Power Charge when Projectile Hits a Rare or Unique Enemy
explicitMods,#% increased Damage with Movement Skills,22,22,object:22,,70% increased Damage with Movement Skills
explicitMods,#% increased Effect of Elusive from this Skill,22,22,object:22,,14% increased Effect of Elusive from this Skill
explicitMods,#% increased Movement Speed while Ignited,22,22,object:22,,10% increased Movement Speed while Ignited
explicitMods,#% more Critical Strike Chance per Power Charge,22,22,object:22,,10% more Critical Strike Chance per Power Charge
explicitMods,#% reduced Hiring Fee,22,22,object:22,,7% reduced Hiring Fee
explicitMods,#% to Quality of Supported Skill Gems,22,22,object:22,,+24% to Quality of Supported Skill Gems
explicitMods,Base tertiary radius is # metres,22,22,object:22,,Base tertiary radius is 3.1 metres
explicitMods,Belt: (#-#)% increased Flask Life Recovery rate,22,22,object:19;string:3,,Belt: (8-11)% increased Flask Life Recovery rate
explicitMods,Boots: (#-#) to maximum Life,22,22,object:19;string:3,,Boots: (5-14) to maximum Life
explicitMods,Each Supported Spell will Trigger when its Cooldown is over,22,22,object:22,,Each Supported Spell will Trigger when its Cooldown is over
explicitMods,"Enemies you Kill have a #% chance to Explode, dealing a quarter of their maximum Life as Chaos Damage",22,22,object:22,,"Enemies you Kill have a 20% chance to Explode, dealing a quarter of their maximum Life as Chaos Dama"
explicitMods,Fires a Projectile at up to # targets\nModifiers to number of Projectiles instead apply to number of targets fired at,22,22,object:22,,Fires a Projectile at up to 7 targets\nModifiers to number of Projectiles instead apply to number of
explicitMods,Gloves: (#-#) to maximum Life,22,22,object:19;string:3,,Gloves: (5-14) to maximum Life
explicitMods,Gloves: Adds (#-#) to (#-#) Physical Damage to Attacks,22,22,object:18;string:4,,Gloves: Adds (4-5) to (8-9) Physical Damage to Attacks
explicitMods,Helmet: (#-#) to maximum Life,22,22,object:19;string:3,,Helmet: (5-14) to maximum Life
explicitMods,Hits can't be Evaded,22,22,object:22,crafted=True:2,Hits can't be Evaded
explicitMods,Items and Gems have #% reduced Attribute Requirements,22,22,object:22,,Items and Gems have 10% reduced Attribute Requirements
explicitMods,One Handed Weapon: Adds (#-#) to (#-#) Physical Damage,22,22,object:18;string:4,,One Handed Weapon: Adds (13-18) to (27-31) Physical Damage
explicitMods,Other Armour: (#-#) to maximum Life,22,22,object:19;string:3,,Other Armour: (10-24) to maximum Life
explicitMods,Other Jewellery: Regenerate (#-#) Life per second,22,22,object:19;string:3,,Other Jewellery: Regenerate (1-2) Life per second
explicitMods,Projectiles Pierce an additional Target,22,22,object:22,crafted=True:7,Projectiles Pierce an additional Target
explicitMods,Quiver: (#-#)% of Physical Attack Damage Leeched as Life,22,22,object:19;string:3,,Quiver: (0.5-0.7)% of Physical Attack Damage Leeched as Life
explicitMods,Quiver: Adds (#-#) to (#-#) Physical Damage to Attacks,22,22,object:18;string:4,,Quiver: Adds (9-12) to (19-22) Physical Damage to Attacks
explicitMods,Raging Dead III,22,22,object:22,,Raging Dead III
explicitMods,Supported Skills deal #% increased Area Damage,22,22,object:22,,Supported Skills deal 10% increased Area Damage
explicitMods,Two Handed Weapon: Adds (#-#) to (#-#) Physical Damage,22,22,object:18;string:4,,Two Handed Weapon: Adds (20-28) to (43-51) Physical Damage
explicitMods,Weapon: (#-#)% of Physical Attack Damage Leeched as Life,22,22,object:19;string:3,,Weapon: (2-2.2)% of Physical Attack Damage Leeched as Life
explicitMods,# metres to radius per Stage,21,21,object:21,,+0.4 metres to radius per Stage
explicitMods,# to Dexterity and Intelligence,21,21,object:21,crafted=True:3,+20 to Dexterity and Intelligence
explicitMods,"#% chance to Freeze, Shock and Ignite",21,21,object:21,,"22% chance to Freeze, Shock and Ignite"
explicitMods,#% chance to cause Bleeding on Critical Strike,21,21,object:21,,50% chance to cause Bleeding on Critical Strike
explicitMods,#% increased Area of Effect of Hex Skills,21,21,object:21,,18% increased Area of Effect of Hex Skills
explicitMods,#% increased Area of Effect of Supported Curse Skills,21,21,object:21,,84% increased Area of Effect of Supported Curse Skills
explicitMods,#% increased Duration of Elemental Ailments on Enemies,21,21,object:21,,16% increased Duration of Elemental Ailments on Enemies
explicitMods,#% increased Effect of Offering,21,21,object:21,,10% increased Effect of Offering
explicitMods,#% increased Life Recovered,21,21,object:21,fractured=True:1,56% increased Life Recovered
explicitMods,#% increased Movement Speed when on Full Life,21,21,object:21,,10% increased Movement Speed when on Full Life
explicitMods,#% increased Warcry Cooldown Recovery Rate,21,21,object:21,mutated=True:1,50% increased Warcry Cooldown Recovery Rate
explicitMods,#% increased time before Lockdown,21,21,object:21,,4% increased time before Lockdown
explicitMods,#% more Damage with Bleeding while in Blood Stance,21,21,object:21,,50% more Damage with Bleeding while in Blood Stance
explicitMods,#% more Spell Damage for each stage,21,21,object:21,,165% more Spell Damage for each stage
explicitMods,#% to Critical Strike Chance,21,21,object:21,,+6% to Critical Strike Chance
explicitMods,Area is inhabited by ranged monsters,21,21,object:21,,Area is inhabited by ranged monsters
explicitMods,Cannot inflict Shock,21,21,object:21,,Cannot inflict Shock
explicitMods,Cursed enemies have #% to Cold Resistance,21,21,object:21,,Cursed enemies have -32% to Cold Resistance
explicitMods,Enemies Ignited by you during Effect take #% increased Damage,21,21,object:21,,Enemies Ignited by you during Effect take 10% increased Damage
explicitMods,Hits against Cursed Enemies have #% chance to Freeze,21,21,object:21,,Hits against Cursed Enemies have +25% chance to Freeze
explicitMods,Kill Enemies that have #% Life or lower when Hit by Supported Skills,21,21,object:21,,Kill Enemies that have 10% Life or lower when Hit by Supported Skills
explicitMods,Minion Movement Speed is Capped,21,21,object:21,,Minion Movement Speed is Capped
explicitMods,Minions deal # to # additional Chaos Damage,21,21,object:21,,Minions deal 26 to 39 additional Chaos Damage
explicitMods,Minions have #% increased Cooldown Recovery Rate,21,21,object:21,,Minions have 40% increased Cooldown Recovery Rate
explicitMods,Monsters Reflect Hexes,21,21,object:21,,Monsters Reflect Hexes
explicitMods,Monsters are Immune to randomly chosen Elemental Ailments or Stun,21,21,object:21,,Monsters are Immune to randomly chosen Elemental Ailments or Stun
explicitMods,Monsters' Melee Attacks apply random Hexes on Hit,21,21,object:21,,Monsters' Melee Attacks apply random Hexes on Hit
explicitMods,Raised Spectres are Level #,21,21,object:21,,Raised Spectres are Level 70
explicitMods,Summons a Ballista Totem which uses this Skill,21,21,object:21,,Summons a Ballista Totem which uses this Skill
explicitMods,Supported Skills deal #% increased Cold Damage,21,21,object:21,,Supported Skills deal 10% increased Cold Damage
explicitMods,"While Channelling a Supported Skill, take #% less Damage from Hits",21,21,object:21,,"While Channelling a Supported Skill, take 14% less Damage from Hits"
explicitMods,You and nearby allies gain #% additional Cold Resistance,21,21,object:21,,You and nearby allies gain 52% additional Cold Resistance
explicitMods,# Life gained when you Block,20,20,object:20,,37 Life gained when you Block
explicitMods,# metres to Melee Strike Range,20,20,object:20,,+1.8 metres to Melee Strike Range
explicitMods,# to maximum number of Skeletons,20,20,object:20,,+1 to maximum number of Skeletons
explicitMods,#% Chance to Block Attack Damage during Effect,20,20,object:20,,+12% Chance to Block Attack Damage during Effect
explicitMods,#% Chance to Block Spell Damage during Effect,20,20,object:20,,+6% Chance to Block Spell Damage during Effect
explicitMods,#% chance to cause Enemies to Flee on use,20,20,object:20,,75% chance to cause Enemies to Flee on use
explicitMods,#% chance to gain a Frenzy Charge when a Mine from Supported\nSkills is Detonated targeting an Enemy,20,20,object:20,,20% chance to gain a Frenzy Charge when a Mine from Supported\nSkills is Detonated targeting an Enem
explicitMods,#% chance to gain a Power Charge when a Mine from Supported\nSkills is Detonated targeting an Enemy,20,20,object:20,,20% chance to gain a Power Charge when a Mine from Supported\nSkills is Detonated targeting an Enemy
explicitMods,#% increased Damage while Leeching,20,20,object:20,crafted=True:1,35% increased Damage while Leeching
explicitMods,#% increased Damage with Bow Skills,20,20,object:20,,31% increased Damage with Bow Skills
explicitMods,#% increased Freeze Duration on Enemies,20,20,object:20,fractured=True:1,25% increased Freeze Duration on Enemies
explicitMods,#% increased Intelligence,20,20,object:20,,10% increased Intelligence
explicitMods,#% increased Physical Damage taken,20,20,object:20,,41% increased Physical Damage taken
explicitMods,#% increased Skill Duration per Frenzy Charge removed,20,20,object:20,,100% increased Skill Duration per Frenzy Charge removed
explicitMods,#% increased Strength,20,20,object:20,mutated=True:1,11% increased Strength
explicitMods,#% less Area Damage,20,20,object:20,,40% less Area Damage
explicitMods,#% more Attack Damage per Frenzy Charge,20,20,object:20,,7% more Attack Damage per Frenzy Charge
explicitMods,#% more Attack Speed per Frenzy Charge,20,20,object:20,,7% more Attack Speed per Frenzy Charge
explicitMods,#% more Burning Damage,20,20,object:20,,30% more Burning Damage
explicitMods,#% more Melee Physical Damage,20,20,object:20,,29% more Melee Physical Damage
explicitMods,#% more Melee Physical Damage during effect,20,20,object:20,,20% more Melee Physical Damage during effect
explicitMods,#% of Attack Damage Leeched as Mana,20,20,object:20,,0.2% of Attack Damage Leeched as Mana
explicitMods,#% to maximum Fire Resistance,20,20,object:20,,-2% to maximum Fire Resistance
explicitMods,Area is inhabited by Solaris fanatics,20,20,object:20,,Area is inhabited by Solaris fanatics
explicitMods,Banner grants # Damage taken of each Damage Type from Suppressed Hits to You and Allies,20,20,object:20,,Banner grants -12 Damage taken of each Damage Type from Suppressed Hits to You and Allies
explicitMods,Banner grants #% chance to Suppress Spell Damage to You and Allies,20,20,object:20,,Banner grants +8% chance to Suppress Spell Damage to You and Allies
explicitMods,Banner grants #% increased Movement Speed to You and Allies,20,20,object:20,,Banner grants 8% increased Movement Speed to You and Allies
explicitMods,Buff grants #% increased Stealth,20,20,object:20,,Buff grants 100% increased Stealth
explicitMods,Can't be Evaded,20,20,object:20,,Can't be Evaded
explicitMods,Cursed Enemies are Debilitated for # Seconds when they Hit,20,20,object:20,,Cursed Enemies are Debilitated for 2.65 Seconds when they Hit
explicitMods,Cursed Enemies take #% increased Damage while on Low Life,20,20,object:20,,Cursed Enemies take 58% increased Damage while on Low Life
explicitMods,Cursed enemies have #% to Elemental Resistances,20,20,object:20,,Cursed enemies have -30% to Elemental Resistances
explicitMods,Final Boss drops higher Level Items,20,20,object:20,,Final Boss drops higher Level Items
explicitMods,Fires tendrils at up to # Targets,20,20,object:20,,Fires tendrils at up to 9 Targets
explicitMods,Herald of Thunder has #% increased Buff Effect,20,20,object:20,,Herald of Thunder has 50% increased Buff Effect
explicitMods,Knocks Back Enemies in an Area when you use a Flask,20,20,object:20,,Knocks Back Enemies in an Area when you use a Flask
explicitMods,Reforges a rare item with new random modifiers,20,20,object:16;string:4,,Reforges a rare item with new random modifiers
explicitMods,Socketed Gems are supported by Level # Blind,20,20,object:20,,Socketed Gems are supported by Level 18 Blind
explicitMods,Supported Curse Skills apply their Curses as Auras\nSupported Curse Skills also count as Aura Skills,20,20,object:20,,Supported Curse Skills apply their Curses as Auras\nSupported Curse Skills also count as Aura Skills
explicitMods,Supported Skills deal #% increased Chaos Damage,20,20,object:20,,Supported Skills deal 10% increased Chaos Damage
explicitMods,Supported Skills have #% increased Critical Strike Chance per\nPower Charge when used by Mines,20,20,object:20,,Supported Skills have 20% increased Critical Strike Chance per\nPower Charge when used by Mines
explicitMods,Supported Skills have #% increased Mine Throwing Speed per Frenzy Charge,20,20,object:20,,Supported Skills have 8% increased Mine Throwing Speed per Frenzy Charge
explicitMods,Supported Skills have #% increased Trap Throwing Speed,20,20,object:20,,Supported Skills have 19% increased Trap Throwing Speed
explicitMods,Using Supported Skills is Instant,20,20,object:20,,Using Supported Skills is Instant
explicitMods,# Added Passive Skill is Prismatic Heart,19,19,object:19,,1 Added Passive Skill is Prismatic Heart
explicitMods,#% additional Physical Damage Reduction,19,19,object:19,fractured=True:2,2% additional Physical Damage Reduction
explicitMods,#% increased Curse Duration,19,19,object:19,,20% increased Curse Duration
explicitMods,#% increased Damage taken while on Full Energy Shield,19,19,object:19,,15% increased Damage taken while on Full Energy Shield
explicitMods,#% increased Mine Damage,19,19,object:19,,8% increased Mine Damage
explicitMods,#% increased Reservation Efficiency of Skills,19,19,object:19,,6% increased Reservation Efficiency of Skills
explicitMods,#% of Attack Damage Leeched as Life,19,19,object:19,,2% of Attack Damage Leeched as Life
explicitMods,#% of Physical Damage from Hits taken as Fire Damage,19,19,object:19,crafted=True:5;fractured=True:1,7% of Physical Damage from Hits taken as Fire Damage
explicitMods,#% of Physical Damage from Hits taken as Lightning Damage,19,19,object:19,crafted=True:3,50% of Physical Damage from Hits taken as Lightning Damage
explicitMods,#% reduced Mana Regeneration Rate,19,19,object:19,,20% reduced Mana Regeneration Rate
explicitMods,#% to maximum Chance to Block Attack Damage,19,19,object:19,,+3% to maximum Chance to Block Attack Damage
explicitMods,Area is inhabited by Abominations,19,19,object:19,,Area is inhabited by Abominations
explicitMods,Base radius is # metre,19,19,object:19,,Base radius is 1 metre
explicitMods,Belt: (#-#)% chance to Avoid being Shocked,19,19,object:17;string:2,,Belt: (51-55)% chance to Avoid being Shocked
explicitMods,Body Armour: (#-#)% chance to Avoid Lightning Damage from Hits,19,19,object:17;string:2,,Body Armour: (8-9)% chance to Avoid Lightning Damage from Hits
explicitMods,Cursed enemies have #% to Lightning Resistance,19,19,object:19,,Cursed enemies have -36% to Lightning Resistance
explicitMods,"Each second, #% more Rage loss Rate",19,19,object:19,,"Each second, 20% more Rage loss Rate"
explicitMods,Feeding Frenzy base Duration is # seconds,19,19,object:19,,Feeding Frenzy base Duration is 5.9 seconds
explicitMods,Golems grant # Mana Regenerated per second,19,19,object:19,,Golems grant 18.6 Mana Regenerated per second
explicitMods,Golems grant #% increased Attack and Cast Speed,19,19,object:19,,Golems grant 10% increased Attack and Cast Speed
explicitMods,Golems grant #% to Chaos Resistance,19,19,object:19,,Golems grant +17% to Chaos Resistance
explicitMods,Golems grant #% to Damage over Time Multiplier,19,19,object:19,,Golems grant +16% to Damage over Time Multiplier
explicitMods,Hits against Cursed Enemies have #% chance to Shock,19,19,object:19,,Hits against Cursed Enemies have +25% chance to Shock
explicitMods,Increases and Reductions to Mine Duration also apply to this Skill's Buff Duration,19,19,object:19,,Increases and Reductions to Mine Duration also apply to this Skill's Buff Duration
explicitMods,Lose # Rage per second,19,19,object:19,,Lose 5 Rage per second
explicitMods,Maximum # Firestorms at a time,19,19,object:19,,Maximum 12 Firestorms at a time
explicitMods,Mine Detonation is Instant,19,19,object:19,,Mine Detonation is Instant
explicitMods,Mines cannot be Re-armed,19,19,object:19,,Mines cannot be Re-armed
explicitMods,Minions from Supported Skills are Aggressive,19,19,object:19,,Minions from Supported Skills are Aggressive
explicitMods,Minions from Supported Skills have #% chance to grant Feeding Frenzy to you on Hit,19,19,object:19,,Minions from Supported Skills have 44% chance to grant Feeding Frenzy to you on Hit
explicitMods,One Handed Weapon: Adds (#-#) to (#-#) Lightning Damage to Spells,19,19,object:17;string:2,,One Handed Weapon: Adds (5-14) to (169-179) Lightning Damage to Spells
explicitMods,One impact every # seconds,19,19,object:19,,One impact every 0.15 seconds
explicitMods,Only one Mine of this type can Detonate in each Detonation Sequence,19,19,object:19,,Only one Mine of this type can Detonate in each Detonation Sequence
explicitMods,Other Armour: (#-#)% chance to Avoid being Shocked,19,19,object:17;string:2,,Other Armour: (51-55)% chance to Avoid being Shocked
explicitMods,Reflects # to # Physical Damage to Attackers on Block,19,19,object:19,,Reflects 240 to 300 Physical Damage to Attackers on Block
explicitMods,Regenerate #% of Life per second while on Low Life,19,19,object:19,,Regenerate 3% of Life per second while on Low Life
explicitMods,Shield: (#-#)% chance to Avoid Lightning Damage from Hits,19,19,object:17;string:2,,Shield: (8-9)% chance to Avoid Lightning Damage from Hits
explicitMods,Socketed Gems are Supported by Level # Concentrated Effect,19,19,object:19,,Socketed Gems are Supported by Level 20 Concentrated Effect
explicitMods,"Supported Spells lose # Intensity every # seconds while moving, or immediately if you teleport",19,19,object:19,,"Supported Spells lose 1 Intensity every 0.5 seconds while moving, or immediately if you teleport"
explicitMods,This Spell's Cast Time is added to its Cooldown if Triggered,19,19,object:19,,This Spell's Cast Time is added to its Cooldown if Triggered
explicitMods,Two Handed Weapon: Adds (#-#) to (#-#) Lightning Damage to Spells,19,19,object:17;string:2,,Two Handed Weapon: Adds (8-26) to (316-335) Lightning Damage to Spells
explicitMods,You and nearby allies deal # to # additional Fire Damage with Attacks,19,19,object:19,,You and nearby allies deal 109 to 155 additional Fire Damage with Attacks
explicitMods,You and nearby allies deal # to # additional Fire Damage with Spells,19,19,object:19,,You and nearby allies deal 109 to 155 additional Fire Damage with Spells
explicitMods,# Added Passive Skill is Brewed for Potency,18,18,object:18,,1 Added Passive Skill is Brewed for Potency
explicitMods,# Mana gained when you Block,18,18,object:18,,18 Mana gained when you Block
explicitMods,# to # Added Chaos Damage,18,18,object:18,,22 to 33 Added Chaos Damage
explicitMods,# to Level of Socketed Cold Gems,18,18,object:18,fractured=True:1,+1 to Level of Socketed Cold Gems
explicitMods,# to Level of Socketed Support Gems,18,18,object:18,crafted=True:6,+2 to Level of Socketed Support Gems
explicitMods,# to maximum number of Raised Zombies,18,18,object:18,,+1 to maximum number of Raised Zombies
explicitMods,#% chance to Blind Enemies on Hit with Attacks,18,18,object:18,,5% chance to Blind Enemies on Hit with Attacks
explicitMods,#% chance to Impale Enemies on Hit with Attacks,18,18,object:18,crafted=True:2,23% chance to Impale Enemies on Hit with Attacks
explicitMods,#% chance to Knock Enemies Back on hit,18,18,object:18,,25% chance to Knock Enemies Back on hit
explicitMods,#% increased Attack Speed if you've changed Stance Recently,18,18,object:18,,25% increased Attack Speed if you've changed Stance Recently
explicitMods,#% increased Attack Speed per Frenzy Charge,18,18,object:18,,10% increased Attack Speed per Frenzy Charge
explicitMods,#% increased Chance to Block,18,18,object:18,crafted=True:4,48% increased Chance to Block
explicitMods,#% increased Global Evasion Rating when on Low Life,18,18,object:18,,150% increased Global Evasion Rating when on Low Life
explicitMods,#% increased Impale Effect,18,18,object:18,,40% increased Impale Effect
explicitMods,#% increased Movement Speed for # seconds on Throwing a Trap,18,18,object:18,,15% increased Movement Speed for 9 seconds on Throwing a Trap
explicitMods,#% of Physical Attack Damage Leeched as Mana per Blue Socket,18,18,object:18,,0.3% of Physical Attack Damage Leeched as Mana per Blue Socket
explicitMods,#% reduced Damage when on Low Life,18,18,object:18,,50% reduced Damage when on Low Life
explicitMods,Added Chaos Damage equal to #% of Flask's Recovery Amount if Charges were consumed from a Life Flask,18,18,object:18,,Added Chaos Damage equal to 4% of Flask's Recovery Amount if Charges were consumed from a Life Flask
explicitMods,Armour: (#-#)% to Fire Resistance,18,18,object:15;string:3,,Armour: (24-29)% to Fire Resistance
explicitMods,Belt: (#-#)% to Fire Resistance,18,18,object:15;string:3,,Belt: (24-29)% to Fire Resistance
explicitMods,Bow: Adds (#-#) to (#-#) Fire Damage,18,18,object:15;string:3,,Bow: Adds (63-85) to (128-148) Fire Damage
explicitMods,"Each Spore Pod applies #% less Movement Speed to nearby Enemies, to a maximum of #%",18,18,object:18,,"Each Spore Pod applies 5% less Movement Speed to nearby Enemies, to a maximum of 30%"
explicitMods,Fires # additional Projectiles,18,18,object:18,,Fires 5 additional Projectiles
explicitMods,Holy Relic's Nova Skill grants # Life regenerated per second to Allies,18,18,object:18,,Holy Relic's Nova Skill grants 140.4 Life regenerated per second to Allies
explicitMods,Holy Relic's Nova Skill grants # Life regenerated per second to Minions,18,18,object:18,,Holy Relic's Nova Skill grants 849 Life regenerated per second to Minions
explicitMods,Instant Recovery when on Low Life,18,18,object:18,,Instant Recovery when on Low Life
explicitMods,Maximum # Summoned Holy Relic,18,18,object:18,,Maximum 1 Summoned Holy Relic
explicitMods,Melee Skills deal #% less Area Damage while in Sand Stance,18,18,object:18,,Melee Skills deal 5% less Area Damage while in Sand Stance
explicitMods,Melee Skills deal #% more Area Damage while in Blood Stance,18,18,object:18,,Melee Skills deal 15% more Area Damage while in Blood Stance
explicitMods,Melee Skills have #% less Area of Effect while in Blood Stance,18,18,object:18,,Melee Skills have 5% less Area of Effect while in Blood Stance
explicitMods,Melee Skills have #% more Area of Effect while in Sand Stance,18,18,object:18,,Melee Skills have 15% more Area of Effect while in Sand Stance
explicitMods,Minions from Supported Skills are Defensive,18,18,object:18,,Minions from Supported Skills are Defensive
explicitMods,Minions from Supported Skills deal #% more Damage with Hits and Ailments to Enemies that are Near you,18,18,object:18,,Minions from Supported Skills deal 30% more Damage with Hits and Ailments to Enemies that are Near y
explicitMods,Minions from Supported Skills have #% chance to Taunt on Hit,18,18,object:18,,Minions from Supported Skills have 20% chance to Taunt on Hit
explicitMods,Minions from Supported Skills take #% less Damage,18,18,object:18,,Minions from Supported Skills take 29% less Damage
explicitMods,Minions have #% Chance to Block Attack Damage,18,18,object:18,,Minions have +25% Chance to Block Attack Damage
explicitMods,Nearby Enemies are Intimidated,18,18,object:18,,Nearby Enemies are Intimidated
explicitMods,One Handed Weapon: Damage Penetrates #% Cold Resistance,18,18,object:16;string:2,,One Handed Weapon: Damage Penetrates 5% Cold Resistance
explicitMods,Other Item: (#-#) to Dexterity,18,18,object:16;string:2,,Other Item: (28-32) to Dexterity
explicitMods,Other Jewellery: (#-#)% increased Fire Damage,18,18,object:15;string:3,,Other Jewellery: (19-22)% increased Fire Damage
explicitMods,Other Weapon: Adds (#-#) to (#-#) Fire Damage,18,18,object:15;string:3,,Other Weapon: Adds (34-46) to (68-80) Fire Damage
explicitMods,Quiver: (#-#)% to Fire Resistance,18,18,object:15;string:3,,Quiver: (24-29)% to Fire Resistance
explicitMods,Razor Dance II,18,18,object:18,,Razor Dance II
explicitMods,Regenerate # Life per second per Level,18,18,object:18,,Regenerate 3 Life per second per Level
explicitMods,Socketed Gems are supported by Level # Cast on Death,18,18,object:18,,Socketed Gems are supported by Level 20 Cast on Death
explicitMods,Supported Skills Repeat an additional time,18,18,object:18,,Supported Skills Repeat an additional time
explicitMods,Supported Skills also count as Blessing Skills\nYou can only have one Aura on you from your Blessing Skills,18,18,object:18,,Supported Skills also count as Blessing Skills\nYou can only have one Aura on you from your Blessing
explicitMods,Supported Skills deal #% increased Lightning Damage,18,18,object:18,,Supported Skills deal 10% increased Lightning Damage
explicitMods,Supported Skills have #% more Cast Speed,18,18,object:18,,Supported Skills have 52% more Cast Speed
explicitMods,Supported Skills have #% more Minion maximum Life,18,18,object:18,,Supported Skills have 49% more Minion maximum Life
explicitMods,Survival,18,18,object:18,,Survival
explicitMods,The Ring's Cut reduced by #%,18,18,object:18,,The Ring's Cut reduced by 6%
explicitMods,Tiger Prey,18,18,object:18,,Tiger Prey
explicitMods,Two Handed Melee Weapon: Adds (#-#) to (#-#) Fire Damage,18,18,object:15;string:3,,Two Handed Melee Weapon: Adds (63-85) to (128-148) Fire Damage
explicitMods,Two Handed Weapon: Damage Penetrates (#-#)% Cold Resistance,18,18,object:16;string:2,,Two Handed Weapon: Damage Penetrates (9-10)% Cold Resistance
explicitMods,Your Critical Strikes do not deal extra Damage,18,18,object:18,,Your Critical Strikes do not deal extra Damage
explicitMods,# Added Passive Skill is Spiteful Presence,17,17,object:17,,1 Added Passive Skill is Spiteful Presence
explicitMods,# to # added Fire Damage against Burning Enemies,17,17,object:17,,286 to 429 added Fire Damage against Burning Enemies
explicitMods,# to Level of all Minion Skill Gems,17,17,object:17,fractured=True:1,+2 to Level of all Minion Skill Gems
explicitMods,# to Minimum Frenzy Charges,17,17,object:17,crafted=True:2,+1 to Minimum Frenzy Charges
explicitMods,#% chance to Trigger Level # Summon Raging Spirit on Kill,17,17,object:17,,25% chance to Trigger Level 10 Summon Raging Spirit on Kill
explicitMods,#% chance to Trigger Supported Non-Minion Spells on Death,17,17,object:17,,100% chance to Trigger Supported Non-Minion Spells on Death
explicitMods,#% increased Effect of Socketed Abyss Jewels,17,17,object:17,,93% increased Effect of Socketed Abyss Jewels
explicitMods,#% increased Rage Effect,17,17,object:17,,59% increased Rage Effect
explicitMods,#% less Damage with Poison while Incubating and not at Maximum Plague Value,17,17,object:17,,20% less Damage with Poison while Incubating and not at Maximum Plague Value
explicitMods,#% more Damage with Ailments for each stage,17,17,object:17,,60% more Damage with Ailments for each stage
explicitMods,#% more Damage with Hits and Ailments for each stage,17,17,object:17,,25% more Damage with Hits and Ailments for each stage
explicitMods,#% of Damage from Hits is taken from Buff before your Life or Energy Shield\nBuff can take Damage equal to Mana Spent by this Skill's effect,17,17,object:17,,75% of Damage from Hits is taken from Buff before your Life or Energy Shield\nBuff can take Damage e
explicitMods,Added Small Passive Skills also grant: # to Maximum Mana,17,17,object:17,,Added Small Passive Skills also grant: +9 to Maximum Mana
explicitMods,Added Small Passive Skills grant Nothing,17,17,object:17,,Added Small Passive Skills grant Nothing
explicitMods,Adds # Passive Skills,17,17,object:17,,Adds 4 Passive Skills
explicitMods,Amulet: (#-#)% increased Evasion Rating,17,17,object:15;string:2,,Amulet: (24-28)% increased Evasion Rating
explicitMods,Area becomes fatal after some time,17,17,object:17,,Area becomes fatal after some time
explicitMods,Area is inhabited by Cultists of Kitava,17,17,object:17,,Area is inhabited by Cultists of Kitava
explicitMods,Area is inhabited by Sea Witches and their Spawn,17,17,object:17,,Area is inhabited by Sea Witches and their Spawn
explicitMods,At least # Rage required to start Berserking,17,17,object:17,,At least 5 Rage required to start Berserking
explicitMods,Belt: (#-#)% chance to Avoid being Frozen,17,17,object:15;string:2,,Belt: (43-46)% chance to Avoid being Frozen
explicitMods,Belt: Minions have (#-#)% increased maximum Life,17,17,object:16;string:1,,Belt: Minions have (22-24)% increased maximum Life
explicitMods,Body Armour: (#-#)% chance to Avoid Cold Damage from Hits,17,17,object:15;string:2,,Body Armour: (6-7)% chance to Avoid Cold Damage from Hits
explicitMods,Buff grants Added Lightning Damage equal to #% of Mana Spent by this Skill's effect,17,17,object:17,,Buff grants Added Lightning Damage equal to 10% of Mana Spent by this Skill's effect
explicitMods,Elemental Ailments inflicted by Supported Skills spread to other enemies within # metres,17,17,object:17,,Elemental Ailments inflicted by Supported Skills spread to other enemies within 1.5 metres
explicitMods,Gain # Power Charge on use,17,17,object:17,,Gain 1 Power Charge on use
explicitMods,Gloves: Adds (#-#) to (#-#) Cold Damage to Attacks,17,17,object:15;string:2,,Gloves: Adds (5-7) to (10-12) Cold Damage to Attacks
explicitMods,Gloves: Minions deal (#-#)% increased Damage,17,17,object:16;string:1,,Gloves: Minions deal (22-24)% increased Damage
explicitMods,Hadal Dive,17,17,object:17,,Hadal Dive
explicitMods,Has no Sockets,17,17,object:17,,Has no Sockets
explicitMods,Helmet: Minions deal (#-#)% increased Damage,17,17,object:16;string:1,,Helmet: Minions deal (22-24)% increased Damage
explicitMods,Maximum # Summoned Mirage Archer,17,17,object:17,,Maximum 1 Summoned Mirage Archer
explicitMods,Mirage Archer deals #% less Damage with Supported Skills,17,17,object:17,,Mirage Archer deals 32% less Damage with Supported Skills
explicitMods,Mirage Archer lasts # seconds,17,17,object:17,,Mirage Archer lasts 4 seconds
explicitMods,Mirage Archer uses Supported Skill with #% less Attack Speed,17,17,object:17,,Mirage Archer uses Supported Skill with 60% less Attack Speed
explicitMods,"Nearby Enemies take at least #% more Physical Damage,\n raising up to #% as they stay in the Aura for # seconds",17,17,object:17,,"Nearby Enemies take at least 19% more Physical Damage,\n raising up to 39% as they stay in the Aura"
explicitMods,One Handed Weapon: Adds (#-#) to (#-#) Cold Damage to Spells,17,17,object:15;string:2,,One Handed Weapon: Adds (24-31) to (47-54) Cold Damage to Spells
explicitMods,One Handed Weapon: Minions deal (#-#)% increased Damage,17,17,object:16;string:1,,One Handed Weapon: Minions deal (50-66)% increased Damage
explicitMods,Other Armour: (#-#)% chance to Avoid being Frozen,17,17,object:15;string:2,,Other Armour: (43-46)% chance to Avoid being Frozen
explicitMods,Other Armour: Minions have (#-#)% increased maximum Life,17,17,object:16;string:1,,Other Armour: Minions have (22-24)% increased maximum Life
explicitMods,Other Jewellery: (#-#) to Evasion Rating,17,17,object:15;string:2,,Other Jewellery: (81-120) to Evasion Rating
explicitMods,Other Jewellery: Adds (#-#) to (#-#) Cold Damage to Attacks,17,17,object:15;string:2,,Other Jewellery: Adds (10-13) to (20-24) Cold Damage to Attacks
explicitMods,Other Jewellery: Adds (#-#) to (#-#) Lightning Damage to Attacks,17,17,object:15;string:2,,Other Jewellery: Adds (3-7) to (68-72) Lightning Damage to Attacks
explicitMods,Other Jewellery: Minions have (#-#)% increased Movement Speed,17,17,object:16;string:1,,Other Jewellery: Minions have (22-24)% increased Movement Speed
explicitMods,Quiver: (#-#) to Accuracy Rating,17,17,object:15;string:2,,Quiver: (251-350) to Accuracy Rating
explicitMods,Quiver: Adds (#-#) to (#-#) Cold Damage to Attacks,17,17,object:15;string:2,,Quiver: Adds (15-20) to (30-35) Cold Damage to Attacks
explicitMods,Quiver: Adds (#-#) to (#-#) Lightning Damage to Attacks,17,17,object:15;string:2,,Quiver: Adds (5-11) to (124-140) Lightning Damage to Attacks
explicitMods,Quiver: Minions have (#-#)% increased Movement Speed,17,17,object:16;string:1,,Quiver: Minions have (22-24)% increased Movement Speed
explicitMods,Satyr Storm,17,17,object:17,,Satyr Storm
explicitMods,Shield: (#-#)% chance to Avoid Cold Damage from Hits,17,17,object:15;string:2,,Shield: (6-7)% chance to Avoid Cold Damage from Hits
explicitMods,Spends #% of current Mana,17,17,object:17,,Spends 57% of current Mana
explicitMods,Supported Skills Cost nothing,17,17,object:17,,Supported Skills Cost nothing
explicitMods,Supported Skills deal #% less Splash Damage to surrounding targets,17,17,object:17,,Supported Skills deal 40% less Splash Damage to surrounding targets
explicitMods,Supported Skills deal Splash Damage to surrounding targets,17,17,object:17,,Supported Skills deal Splash Damage to surrounding targets
explicitMods,Supported Skills have # to maximum number of Summoned Ballista Totems,17,17,object:17,,Supported Skills have +2 to maximum number of Summoned Ballista Totems
explicitMods,"Supported Skills have #% chance to Freeze, Shock and Ignite",17,17,object:17,,"Supported Skills have 20% chance to Freeze, Shock and Ignite"
explicitMods,Supported Skills have #% chance to throw up to # additional Trap or Mine,17,17,object:17,,Supported Skills have 17% chance to throw up to 1 additional Trap or Mine
explicitMods,Supported Skills have #% chance to throw up to # additional Traps or Mines,17,34,object:34,,Supported Skills have 11% chance to throw up to 2 additional Traps or Mines
explicitMods,Supported Skills have #% less Cast Speed,17,17,object:17,,Supported Skills have 40% less Cast Speed
explicitMods,Supported Skills have #% more Melee Splash Area of Effect,17,17,object:17,,Supported Skills have 57% more Melee Splash Area of Effect
explicitMods,Supported Skills will summon a Ballista Totem which uses that Skill,17,17,object:17,,Supported Skills will summon a Ballista Totem which uses that Skill
explicitMods,Supported Skills will summon a Totem which uses that Skill,17,17,object:17,,Supported Skills will summon a Totem which uses that Skill
explicitMods,Two Handed Weapon: Adds (#-#) to (#-#) Cold Damage to Spells,17,17,object:15;string:2,,Two Handed Weapon: Adds (44-59) to (88-101) Cold Damage to Spells
explicitMods,Two Handed Weapon: Minions deal (#-#)% increased Damage,17,17,object:16;string:1,,Two Handed Weapon: Minions deal (85-106)% increased Damage
explicitMods,Weapon: (#-#) to Accuracy Rating,17,17,object:15;string:2,,Weapon: (326-455) to Accuracy Rating
explicitMods,"When you Hit an Enemy with an Arrow from a Supported Skill, Summon a Mirage Archer which uses that Skill\nMirage Archer can use Triggered Attacks as though they were not Triggered",17,17,object:17,,"When you Hit an Enemy with an Arrow from a Supported Skill, Summon a Mirage Archer which uses that S"
explicitMods,"When you inflict Poison while Incubating, adds #% of the Expected Poison\nDamage to Plague Value",17,17,object:17,,"When you inflict Poison while Incubating, adds 40% of the Expected Poison\nDamage to Plague Value"
explicitMods,"While Infecting, deals Chaos Damage per second equal to #% of the Plague Value when Infecting began, and loses Plague Value at the same rate",17,17,object:17,,"While Infecting, deals Chaos Damage per second equal to 16% of the Plague Value when Infecting began"
explicitMods,Will be Consumed when you Die\nto create a Portal to Town,17,17,object:17,,Will be Consumed when you Die\nto create a Portal to Town
explicitMods,You and nearby allies gain #% additional maximum Fire Resistance,17,17,object:17,,You and nearby allies gain 4% additional maximum Fire Resistance
explicitMods,# Added Passive Skill is Righteous Path,16,16,object:16,,1 Added Passive Skill is Righteous Path
explicitMods,# Maximum Stages,16,16,object:16,,4 Maximum Stages
explicitMods,#% chance to Avoid Bleeding,16,16,object:16,,6% chance to Avoid Bleeding
explicitMods,#% increased Global Damage,16,16,object:16,,386% increased Global Damage
explicitMods,#% increased Knockback Distance,16,16,object:16,,200% increased Knockback Distance
explicitMods,#% increased Totem Placement speed,16,16,object:16,,45% increased Totem Placement speed
explicitMods,#% more Area of Effect for each stage,16,16,object:16,,50% more Area of Effect for each stage
explicitMods,#% more Damage while Dead,16,16,object:16,,152% more Damage while Dead
explicitMods,#% of Melee Physical Damage taken reflected to Attacker,16,16,object:16,,1000% of Melee Physical Damage taken reflected to Attacker
explicitMods,#% reduced Effect of Chill on you,16,16,object:16,,31% reduced Effect of Chill on you
explicitMods,#% reduced Energy Shield Recharge Rate,16,16,object:16,,50% reduced Energy Shield Recharge Rate
explicitMods,#% reduced Reservation Efficiency of Skills,16,16,object:16,,25% reduced Reservation Efficiency of Skills
explicitMods,#% to Melee Critical Strike Multiplier,16,16,object:16,,+114% to Melee Critical Strike Multiplier
explicitMods,Amulet: Adds (#-#) to (#-#) Physical Damage to Attacks,16,16,object:13;string:3,,Amulet: Adds (9-12) to (19-22) Physical Damage to Attacks
explicitMods,Consecrated Ground grants Immunity to Curses to you and Allies,16,16,object:16,,Consecrated Ground grants Immunity to Curses to you and Allies
explicitMods,"Consumes # Charge per Projectile Fired from # Life Flask, if possible",16,16,object:16,,"Consumes 1 Charge per Projectile Fired from 1 Life Flask, if possible"
explicitMods,Deal no Elemental Damage,16,16,object:16,,Deal no Elemental Damage
explicitMods,Gain # Endurance Charge on use,16,16,object:16,,Gain 1 Endurance Charge on use
explicitMods,"Golems deal #% more Damage per Non-Golem Minion near them, up to #%",16,16,object:16,,"Golems deal 5% more Damage per Non-Golem Minion near them, up to 50%"
explicitMods,Grants Level # Despair Curse Aura during Effect,16,16,object:16,,Grants Level 21 Despair Curse Aura during Effect
explicitMods,Hexproof,16,16,object:16,,Hexproof
explicitMods,Immunity to Freeze and Chill during Effect,16,16,object:16,,Immunity to Freeze and Chill during Effect
explicitMods,Inflicts a random Hex on you when your Totems die,16,16,object:16,,Inflicts a random Hex on you when your Totems die
explicitMods,Maximum of # Geysers at a time,16,16,object:16,,Maximum of 3 Geysers at a time
explicitMods,Minions deal # to # additional Lightning Damage,16,16,object:16,,Minions deal 2 to 36 additional Lightning Damage
explicitMods,Minions have #% chance to Poison Enemies on Hit,16,16,object:16,,Minions have 13% chance to Poison Enemies on Hit
explicitMods,Recharges # Charges when you Consume an Ignited corpse,16,16,object:16,,Recharges 5 Charges when you Consume an Ignited corpse
explicitMods,Ring: Adds (#-#) to (#-#) Physical Damage to Attacks,16,16,object:13;string:3,,Ring: Adds (6-8) to (12-13) Physical Damage to Attacks
explicitMods,Socketed Gems are Supported by Level # Spell Totem,16,16,object:16,,Socketed Gems are Supported by Level 20 Spell Totem
explicitMods,Socketed Gems are Supported by Level # Vile Toxins,16,16,object:16,,Socketed Gems are Supported by Level 20 Vile Toxins
explicitMods,Supported Skills apply supported Curses on Hit,16,16,object:16,,Supported Skills apply supported Curses on Hit
explicitMods,Supported Skills can have up to # additional Traps placed at a time,16,16,object:16,,Supported Skills can have up to 3 additional Traps placed at a time
explicitMods,Supported Skills deal #% increased Physical Damage,16,16,object:16,,Supported Skills deal 10% increased Physical Damage
explicitMods,Supported Skills deal #% more Cold Damage Over Time,16,16,object:16,,Supported Skills deal 29% more Cold Damage Over Time
explicitMods,Supported Skills deal #% more Damage with Hits and Ailments against Chilled Enemies,16,16,object:16,,Supported Skills deal 29% more Damage with Hits and Ailments against Chilled Enemies
explicitMods,Supported Skills gain a Base Reservation equal to Base Mana and Life Cost,16,16,object:16,,Supported Skills gain a Base Reservation equal to Base Mana and Life Cost
explicitMods,Supported Skills have #% chance to Freeze Enemies which are Chilled,16,16,object:16,,Supported Skills have +20% chance to Freeze Enemies which are Chilled
explicitMods,Supported Skills have #% less Curse Duration,16,16,object:16,,Supported Skills have 26% less Curse Duration
explicitMods,Supported Skills have a Base Mine Detonation Time of # seconds,16,16,object:16,,Supported Skills have a Base Mine Detonation Time of 0.25 seconds
explicitMods,Supported Skills throw up to # additional Traps,16,16,object:16,,Supported Skills throw up to 2 additional Traps
explicitMods,"This Skill's Mana Reservation is the total of the Mana Reservations of Supported Skills, and cannot be further modified",16,16,object:16,,"This Skill's Mana Reservation is the total of the Mana Reservations of Supported Skills, and cannot"
explicitMods,You cannot Cast Supported Curse Spells,16,16,object:16,,You cannot Cast Supported Curse Spells
explicitMods,# Added Passive Skill is Exposure Therapy,15,15,object:15,,1 Added Passive Skill is Exposure Therapy
explicitMods,# metres to Weapon Range,15,15,object:15,,+0.2 metres to Weapon Range
explicitMods,# to maximum number of Summoned Golems,15,15,object:15,,+3 to maximum number of Summoned Golems
explicitMods,#% chance to cause Bleeding while in Blood Stance,15,15,object:15,,25% chance to cause Bleeding while in Blood Stance
explicitMods,#% increased Accuracy Rating when on Low Life,15,15,object:15,,100% increased Accuracy Rating when on Low Life
explicitMods,#% increased Attack Speed when on Full Life,15,15,object:15,,30% increased Attack Speed when on Full Life
explicitMods,#% increased Attack Speed when on Low Life,15,15,object:15,,25% increased Attack Speed when on Low Life
explicitMods,#% increased Claw Physical Damage when on Low Life,15,15,object:15,,100% increased Claw Physical Damage when on Low Life
explicitMods,#% increased Damage while you have no Frenzy Charges,15,15,object:15,,64% increased Damage while you have no Frenzy Charges
explicitMods,#% increased Effect of Cold Ailments,15,15,object:15,,23% increased Effect of Cold Ailments
explicitMods,#% increased Life Recovery from Flasks,15,15,object:15,,37% increased Life Recovery from Flasks
explicitMods,#% increased Movement Speed if you haven't been Hit Recently,15,15,object:15,crafted=True:1,5% increased Movement Speed if you haven't been Hit Recently
explicitMods,#% increased Spell Damage per Power Charge,15,15,object:15,,15% increased Spell Damage per Power Charge
explicitMods,#% increased Trap Damage,15,15,object:15,,20% increased Trap Damage
explicitMods,#% increased angle while in Sand Stance,15,15,object:15,,50% increased angle while in Sand Stance
explicitMods,#% less Damage,15,15,object:15,,30% less Damage
explicitMods,#% more Area of Effect,15,15,object:15,,20% more Area of Effect
explicitMods,#% reduced Global Physical Damage,15,15,object:15,,10% reduced Global Physical Damage
explicitMods,#% reduced maximum Mana,15,15,object:15,,15% reduced maximum Mana
explicitMods,#% to Cold Resistance while affected by Herald of Ice,15,15,object:15,,+57% to Cold Resistance while affected by Herald of Ice
explicitMods,Added Small Passive Skills also grant: #% increased Damage,15,15,object:15,,Added Small Passive Skills also grant: 3% increased Damage
explicitMods,Adds # to # Physical Damage to Hits against Cursed Enemies,15,15,object:15,,Adds 30 to 45 Physical Damage to Hits against Cursed Enemies
explicitMods,Amulet: (#-#)% increased Cast Speed,15,15,object:12;string:3,,Amulet: (9-12)% increased Cast Speed
explicitMods,Arrows Pierce # additional Targets,15,15,object:15,,Arrows Pierce 2 additional Targets
explicitMods,Attacks with this Weapon Penetrate #% Elemental Resistances,15,15,object:15,crafted=True:1,Attacks with this Weapon Penetrate 30% Elemental Resistances
explicitMods,Base smaller explosion radius is # metres,15,15,object:15,,Base smaller explosion radius is 1.4 metres
explicitMods,Belt: (#-#)% increased Trap and Mine Throwing Speed,15,15,object:12;string:3,,Belt: (11-13)% increased Trap and Mine Throwing Speed
explicitMods,Body Armour: (#-#)% increased Totem Placement speed,15,15,object:12;string:3,,Body Armour: (26-30)% increased Totem Placement speed
explicitMods,Boots: #% increased Movement Speed,15,15,object:12;string:3,,Boots: 25% increased Movement Speed
explicitMods,Buff grants # to # Added Attack Lightning Damage,15,15,object:15,,Buff grants 14 to 57 Added Attack Lightning Damage
explicitMods,Buff grants # to # Added Spell Lightning Damage,15,15,object:15,,Buff grants 14 to 57 Added Spell Lightning Damage
explicitMods,Cannot Leech when on Low Life,15,15,object:15,,Cannot Leech when on Low Life
explicitMods,Cannot be Stunned,15,15,object:15,,Cannot be Stunned
explicitMods,Causes # smaller explosions\nSmaller explosions have between #% reduced and #% increased base radius at random,15,15,object:15,,Causes 10 smaller explosions\nSmaller explosions have between 30% reduced and 30% increased base rad
explicitMods,Creates a storm when you Kill a Shocked Enemy,15,15,object:15,,Creates a storm when you Kill a Shocked Enemy
explicitMods,Cursed Normal or Magic enemies deal #% less Damage,15,15,object:15,,Cursed Normal or Magic enemies deal 25% less Damage
explicitMods,Cursed Rare or Unique enemies deal #% less Damage,15,15,object:15,,Cursed Rare or Unique enemies deal 16% less Damage
explicitMods,Cursed enemies grant # Life when Hit by Attacks,15,15,object:15,,Cursed enemies grant 50 Life when Hit by Attacks
explicitMods,Cursed enemies grant # Life when Killed,15,15,object:15,,Cursed enemies grant 576 Life when Killed
explicitMods,Cursed enemies grant # Mana when Hit by Attacks,15,15,object:15,,Cursed enemies grant 25 Mana when Hit by Attacks
explicitMods,Cursed enemies grant # Mana when Killed,15,15,object:15,,Cursed enemies grant 77 Mana when Killed
explicitMods,Cursed enemies have #% reduced Accuracy Rating,15,15,object:15,,Cursed enemies have 17% reduced Accuracy Rating
explicitMods,Cursed enemies have #% to Physical Damage Reduction,15,15,object:15,,Cursed enemies have -20% to Physical Damage Reduction
explicitMods,Cursed enemies have a #% chance to grant a Frenzy Charge when slain,15,15,object:15,,Cursed enemies have a 100% chance to grant a Frenzy Charge when slain
explicitMods,Cursed enemies have a #% chance to grant a Power Charge when slain,15,15,object:15,,Cursed enemies have a 100% chance to grant a Power Charge when slain
explicitMods,Disabled,15,15,object:15,,Disabled
explicitMods,"During Effect, #% reduced Damage taken of each Element for which your Uncapped Elemental Resistance is lowest",15,15,object:15,,"During Effect, 6% reduced Damage taken of each Element for which your Uncapped Elemental Resistance"
explicitMods,"During Effect, Damage Penetrates #% Resistance of each Element for which your Uncapped Elemental Resistance is highest",15,15,object:15,,"During Effect, Damage Penetrates 8% Resistance of each Element for which your Uncapped Elemental Res"
explicitMods,"Each Mine applies #% increased Damage Taken to Enemies near it, up\nto a maximum of #%",15,15,object:15,,"Each Mine applies 4% increased Damage Taken to Enemies near it, up\nto a maximum of 150%"
explicitMods,Every third Attack with Supported Melee Attacks deals a Ruthless Blow,15,15,object:15,,Every third Attack with Supported Melee Attacks deals a Ruthless Blow
explicitMods,Fires Projectiles every second,15,15,object:15,,Fires Projectiles every second
explicitMods,Gain # Frenzy Charge on use,15,15,object:15,,Gain 1 Frenzy Charge on use
explicitMods,Gain # Life per Enemy Hit with Spells,15,15,object:15,,Gain 20 Life per Enemy Hit with Spells
explicitMods,Gloves: (#-#)% increased Attack Speed,15,15,object:12;string:3,,Gloves: (11-13)% increased Attack Speed
explicitMods,Golems grant # to # additional Physical Damage for Non-Golem Minions,15,15,object:15,,Golems grant 27 to 41 additional Physical Damage for Non-Golem Minions
explicitMods,Grants Minions #% increased Attack Speed,15,15,object:15,,Grants Minions 29% increased Attack Speed
explicitMods,Grants Minions #% increased Cast Speed,15,15,object:15,,Grants Minions 29% increased Cast Speed
explicitMods,Grants Minions #% increased Movement Speed,15,15,object:15,,Grants Minions 29% increased Movement Speed
explicitMods,Helmet: (#-#)% increased Warcry Speed,15,15,object:12;string:3,,Helmet: (21-25)% increased Warcry Speed
explicitMods,Hits against Cursed Enemies have #% to Critical Strike Chance,15,15,object:15,,Hits against Cursed Enemies have +1.5% to Critical Strike Chance
explicitMods,Hits against Cursed Enemies have #% to Critical Strike Multiplier,15,15,object:15,,Hits against Cursed Enemies have +48% to Critical Strike Multiplier
explicitMods,Leeches # Life to you for each corpse Consumed,15,15,object:15,,Leeches 325 Life to you for each corpse Consumed
explicitMods,Leeches # Mana to you for each corpse Consumed,15,15,object:15,,Leeches 62 Mana to you for each corpse Consumed
explicitMods,Map has # additional Synthesis Global Modifiers,15,15,object:15,,Map has 2 additional Synthesis Global Modifiers
explicitMods,Map has # additional random Modifiers,15,15,object:15,,Map has 3 additional random Modifiers
explicitMods,Maximum # Raised Spectres,15,15,object:15,,Maximum 2 Raised Spectres
explicitMods,Melee Weapon: (#-#)% increased Attack Speed,15,15,object:12;string:3,,Melee Weapon: (23-25)% increased Attack Speed
explicitMods,Mercury Footprints,15,15,object:15,,Mercury Footprints
explicitMods,Monster Level: #,15,15,object:15,,Monster Level: 81
explicitMods,Nearby Enemies have #% increased Effect of Curses on them,15,15,object:15,,Nearby Enemies have 18% increased Effect of Curses on them
explicitMods,Nearby allies gain #% increased Damage,15,15,object:15,,Nearby allies gain 18% increased Damage
explicitMods,Other Armour: (#-#)% increased Stun and Block Recovery,15,15,object:12;string:3,,Other Armour: (23-25)% increased Stun and Block Recovery
explicitMods,"Projectiles continuously lose Damage, up to #% less Damage by the time they dissipate\nProjectiles have #% chance to Freeze, which is lost over the first quarter of their flight",15,15,object:15,,"Projectiles continuously lose Damage, up to 50% less Damage by the time they dissipate\nProjectiles"
explicitMods,Quiver: (#-#)% increased Attack Speed,15,15,object:12;string:3,,Quiver: (8-9)% increased Attack Speed
explicitMods,Ranged Weapon: (#-#)% increased Attack Speed,15,15,object:12;string:3,,Ranged Weapon: (13-14)% increased Attack Speed
explicitMods,Ring: (#-#)% increased Cast Speed,15,15,object:12;string:3,,Ring: (9-12)% increased Cast Speed
explicitMods,Ruthless Blows with Supported Skills deal #% more Damage with\nAilments caused by Melee Hits,15,15,object:15,,Ruthless Blows with Supported Skills deal 95% more Damage with\nAilments caused by Melee Hits
explicitMods,Ruthless Blows with Supported Skills deal #% more Melee Damage,15,15,object:15,,Ruthless Blows with Supported Skills deal 95% more Melee Damage
explicitMods,Ruthless Blows with Supported Skills have a base Stun Duration of # seconds,15,15,object:15,,Ruthless Blows with Supported Skills have a base Stun Duration of 0.8 seconds
explicitMods,Skills Chain # times,15,15,object:15,,Skills Chain +2 times
explicitMods,Storm Hits an Enemy every # Seconds,15,15,object:15,,Storm Hits an Enemy every 0.25 Seconds
explicitMods,Supported Area of Effect Skills also affect areas in front of and behind the targeted area,15,15,object:15,,Supported Area of Effect Skills also affect areas in front of and behind the targeted area
explicitMods,Supported Skills Penetrate #% Cold Resistance,15,15,object:15,,Supported Skills Penetrate 25% Cold Resistance
explicitMods,Supported Skills deal #% increased Attack Damage,15,15,object:15,,Supported Skills deal 5% increased Attack Damage
explicitMods,Supported Skills deal #% increased Elemental Damage,15,15,object:15,,Supported Skills deal 10% increased Elemental Damage
explicitMods,Supported Skills deal #% increased Melee Damage,15,15,object:15,,Supported Skills deal 5% increased Melee Damage
explicitMods,Totems Summoned by this Skill cannot Evade,15,15,object:15,,Totems Summoned by this Skill cannot Evade
explicitMods,# Added Passive Skill is Liquid Inspiration,14,14,object:14,,1 Added Passive Skill is Liquid Inspiration
explicitMods,# Added Passive Skill is Widespread Destruction,14,14,object:14,,1 Added Passive Skill is Widespread Destruction
explicitMods,# Flask Charges recovered every # seconds,14,14,object:14,,0.5 Flask Charges recovered every 3 seconds
explicitMods,# maximum Beam Targets,14,14,object:14,,5 maximum Beam Targets
explicitMods,# to Armour and Evasion Rating,14,14,object:14,crafted=True:8,+366 to Armour and Evasion Rating
explicitMods,# to Level of all Chaos Spell Skill Gems,14,14,object:14,,+2 to Level of all Chaos Spell Skill Gems
explicitMods,# to Total Mana Cost of Skills,14,14,object:14,,-8 to Total Mana Cost of Skills
explicitMods,#% Chance for Trap to Trigger an additional time,14,14,object:14,,15% Chance for Trap to Trigger an additional time
explicitMods,#% chance to Avoid being Ignited while on Low Life,14,14,object:14,,100% chance to Avoid being Ignited while on Low Life
explicitMods,"#% chance to Summon a Phantasm when Supported Skills, or Non-Phantasm Minions\nfrom Supported Skills, Hit a Rare or Unique Enemy",14,14,object:14,,"20% chance to Summon a Phantasm when Supported Skills, or Non-Phantasm Minions\nfrom Supported Skill"
explicitMods,"#% chance to Summon a Phantasm when Supported Skills, or Non-Phantasm Minions\nfrom Supported Skills, deal a Killing Blow",14,14,object:14,,"79% chance to Summon a Phantasm when Supported Skills, or Non-Phantasm Minions\nfrom Supported Skill"
explicitMods,#% increased Damage taken from Ghosts,14,14,object:14,,10% increased Damage taken from Ghosts
explicitMods,#% increased Damage taken from Skeletons,14,14,object:14,,10% increased Damage taken from Skeletons
explicitMods,#% increased Golem Damage for each Type of Golem you have Summoned,14,14,object:14,,19% increased Golem Damage for each Type of Golem you have Summoned
explicitMods,#% increased Movement Speed while on Full Energy Shield,14,14,object:14,,20% increased Movement Speed while on Full Energy Shield
explicitMods,#% more Damage with Hits per #% Chill Effect on Enemy,14,14,object:14,,17% more Damage with Hits per 5% Chill Effect on Enemy
explicitMods,#% of Attack Damage Leeched as Life against Bleeding Enemies,14,14,object:14,,3% of Attack Damage Leeched as Life against Bleeding Enemies
explicitMods,#% of Damage dealt to you or Allies in Area with Hits by Enemies in Area is taken from Frost Shield's Life before your Life or Energy Shield,14,14,object:14,,20% of Damage dealt to you or Allies in Area with Hits by Enemies in Area is taken from Frost Shield
explicitMods,#% of Damage dealt to you or Allies in Area with Hits by Enemies outside Area is taken from Frost Shield's Life before your Life or Energy Shield,14,14,object:14,,60% of Damage dealt to you or Allies in Area with Hits by Enemies outside Area is taken from Frost S
explicitMods,#% reduced Freeze Duration on you,14,14,object:14,,50% reduced Freeze Duration on you
explicitMods,#% reduced Projectile Speed,14,14,object:14,,25% reduced Projectile Speed
explicitMods,#% reduced Strength Requirement,14,14,object:14,,30% reduced Strength Requirement
explicitMods,#% to Fire Resistance while on Low Life,14,14,object:14,,+25% to Fire Resistance while on Low Life
explicitMods,Amulet: (#-#)% increased Global Critical Strike Chance,14,14,object:13;string:1,,Amulet: (30-34)% increased Global Critical Strike Chance
explicitMods,Armour: (#-#)% to Lightning Resistance,14,14,object:12;string:2,,Armour: (36-41)% to Lightning Resistance
explicitMods,Beams Hit Enemies every # seconds,14,14,object:14,,Beams Hit Enemies every 0.33 seconds
explicitMods,Beams deal #% less Damage,14,14,object:14,,Beams deal 30% less Damage
explicitMods,Belt: (#-#)% increased Stun Duration on Enemies,14,14,object:13;string:1,,Belt: (26-30)% increased Stun Duration on Enemies
explicitMods,Belt: (#-#)% to Lightning Resistance,14,14,object:12;string:2,,Belt: (36-41)% to Lightning Resistance
explicitMods,Boots: (#-#)% chance to Avoid Elemental Ailments,14,14,object:13;string:1,,Boots: (21-25)% chance to Avoid Elemental Ailments
explicitMods,Bow: Adds (#-#) to (#-#) Lightning Damage,14,14,object:12;string:2,,Bow: Adds (19-25) to (366-425) Lightning Damage
explicitMods,Buff grants # to # Added Lightning Damage per Stage,14,14,object:14,,Buff grants 5 to 86 Added Lightning Damage per Stage
explicitMods,"Buff grants #% increased Stun Threshold per # Power, counting a maximum of # Power",14,14,object:14,,"Buff grants 15% increased Stun Threshold per 5 Power, counting a maximum of 25 Power"
explicitMods,"Buff grants #% more Armour per # Power, counting a maximum of # Power",14,14,object:14,,"Buff grants 5% more Armour per 5 Power, counting a maximum of 25 Power"
explicitMods,Cannot be Shocked,14,14,object:14,,Cannot be Shocked
explicitMods,Cannot inflict Chill,14,14,object:14,,Cannot inflict Chill
explicitMods,Chaos Damage taken does not bypass Energy Shield,14,14,object:14,,Chaos Damage taken does not bypass Energy Shield
explicitMods,Churning Claws,14,14,object:14,,Churning Claws
explicitMods,Contains the Immortalised Grandmasters\nPvP damage scaling in effect,14,14,object:14,,Contains the Immortalised Grandmasters\nPvP damage scaling in effect
explicitMods,Curse Enemies with Vulnerability on Block,14,14,object:14,,Curse Enemies with Vulnerability on Block
explicitMods,Deep One's Presence,14,14,object:14,,Deep One's Presence
explicitMods,"Drops Shocked Ground while moving, lasting # seconds",14,14,object:14,,"Drops Shocked Ground while moving, lasting 2 seconds"
explicitMods,"Each Mine applies #% increased Critical Strike Chance to Hits against Enemies near it, up to a maximum of #%",14,14,object:14,,"Each Mine applies 10% increased Critical Strike Chance to Hits against Enemies near it, up to a maxi"
explicitMods,Enemies are Slowed,14,14,object:14,,Enemies are Slowed
explicitMods,Enemies in Area deal #% less Damage while at maximum Stages,14,14,object:14,,Enemies in Area deal 20% less Damage while at maximum Stages
explicitMods,Exerted Attacks have #% more Area of Effect,14,14,object:14,,Exerted Attacks have 50% more Area of Effect
explicitMods,Exerts the next # Melee Slam Attacks you perform,14,14,object:14,,Exerts the next 6 Melee Slam Attacks you perform
explicitMods,Fire Exposure Aura applies #% to Fire Resistance,14,14,object:14,,Fire Exposure Aura applies -15% to Fire Resistance
explicitMods,Frost Shield has # maximum Life per Stage,14,14,object:14,,Frost Shield has 910 maximum Life per Stage
explicitMods,Gains # Stage every # seconds while you are losing Energy Shield,14,14,object:14,,Gains 1 Stage every 0.3 seconds while you are losing Energy Shield
explicitMods,Gains a Stage when you Spend a total of # Mana while in Area,14,14,object:14,,Gains a Stage when you Spend a total of 233 Mana while in Area
explicitMods,Gloves: (#-#)% increased Global Critical Strike Chance,14,14,object:13;string:1,,Gloves: (18-20)% increased Global Critical Strike Chance
explicitMods,Gloves: Adds (#-#) to (#-#) Lightning Damage to Attacks,14,14,object:12;string:2,,Gloves: Adds (1-3) to (33-34) Lightning Damage to Attacks
explicitMods,Golem Skills have #% increased Cooldown Recovery Rate,14,14,object:14,,Golem Skills have 22% increased Cooldown Recovery Rate
explicitMods,Golems grant # to Accuracy Rating,14,14,object:14,,Golems grant +420 to Accuracy Rating
explicitMods,Golems grant #% increased Critical Strike Chance,14,14,object:14,,Golems grant 40% increased Critical Strike Chance
explicitMods,Knocks back and Interrupts Enemies in a smaller Area,14,14,object:14,,Knocks back and Interrupts Enemies in a smaller Area
explicitMods,Maximum # Summoned Phantasm,14,14,object:14,,Maximum 10 Summoned Phantasm
explicitMods,Maximum # Summoned Raging Spirits,14,14,object:14,,Maximum 6 Summoned Raging Spirits
explicitMods,Minimum # second between Stages,14,14,object:14,,Minimum 1 second between Stages
explicitMods,Minions from Supported Skills always target the Prey if possible,14,14,object:14,,Minions from Supported Skills always target the Prey if possible
explicitMods,Minions from Supported Skills deal #% more Damage to the Prey with Hits and Ailments,14,14,object:14,,Minions from Supported Skills deal 24% more Damage to the Prey with Hits and Ailments
explicitMods,Minions have #% chance to Taunt on Hit with Attacks,14,14,object:14,,Minions have 3% chance to Taunt on Hit with Attacks
explicitMods,Minions have #% increased Attack Speed,14,14,object:14,crafted=True:1;fractured=True:1,Minions have 18% increased Attack Speed
explicitMods,Minions have #% increased Attack and Cast Speed,14,14,object:14,,Minions have 10% increased Attack and Cast Speed
explicitMods,Modifiers to Trap Throwing Speed also apply to wave release Frequency,14,14,object:14,,Modifiers to Trap Throwing Speed also apply to wave release Frequency
explicitMods,Non-Curse Auras from Supported Skills have #% increased Effect,14,14,object:14,,Non-Curse Auras from Supported Skills have 38% increased Effect
explicitMods,One Handed Weapon: Damage Penetrates #% Fire Resistance,14,14,object:12;string:2,,One Handed Weapon: Damage Penetrates 6% Fire Resistance
explicitMods,Other Armour: (#-#) to maximum Energy Shield,14,14,object:12;string:2,,Other Armour: (27-32) to maximum Energy Shield
explicitMods,Other Armour: (#-#)% increased Mana Reservation Efficiency of Skills,14,14,object:13;string:1,,Other Armour: (5-6)% increased Mana Reservation Efficiency of Skills
explicitMods,Other Item: (#-#) to Strength,14,14,object:12;string:2,,Other Item: (33-37) to Strength
explicitMods,Other Jewellery: (#-#)% increased Lightning Damage,14,14,object:12;string:2,,Other Jewellery: (23-26)% increased Lightning Damage
explicitMods,Passive Skills in Radius can be Allocated without being connected to your tree\n#% to all Elemental Resistances\nPassage,14,14,object:14,,Passive Skills in Radius can be Allocated without being connected to your tree\n-10% to all Elementa
explicitMods,Phantasms last # seconds,14,14,object:14,,Phantasms last 15 seconds
explicitMods,Quiver: (#-#)% increased Global Critical Strike Chance,14,14,object:13;string:1,,Quiver: (30-34)% increased Global Critical Strike Chance
explicitMods,Quiver: (#-#)% to Lightning Resistance,14,14,object:12;string:2,,Quiver: (36-41)% to Lightning Resistance
explicitMods,Recover #% of Life when you Kill an Enemy during Effect,14,14,object:14,,Recover 1% of Life when you Kill an Enemy during Effect
explicitMods,Releases # waves,14,14,object:14,,Releases 6 waves
explicitMods,Releases waves every # seconds,14,14,object:14,,Releases waves every 0.9 seconds
explicitMods,Removes Chill after Damaging,14,14,object:14,,Removes Chill after Damaging
explicitMods,Ring: (#-#)% increased Global Critical Strike Chance,14,14,object:13;string:1,,Ring: (18-20)% increased Global Critical Strike Chance
explicitMods,Shield: (#-#) to maximum Energy Shield,14,14,object:12;string:2,,Shield: (50-59) to maximum Energy Shield
explicitMods,Shield: (#-#)% increased Chance to Block,14,14,object:13;string:1,,Shield: (58-63)% increased Chance to Block
explicitMods,Shockwaves deal #% less Damage,14,14,object:14,,Shockwaves deal 40% less Damage
explicitMods,Socketed Gems are Supported by Level # Chance to Poison,14,14,object:14,,Socketed Gems are Supported by Level 10 Chance to Poison
explicitMods,Spectral Swipe,14,14,object:14,,Spectral Swipe
explicitMods,Summoned Golems Regenerate #% of their Life per second,14,14,object:14,,Summoned Golems Regenerate 2% of their Life per second
explicitMods,Summoned Golems have #% increased Cooldown Recovery Rate,14,14,object:14,,Summoned Golems have 44% increased Cooldown Recovery Rate
explicitMods,Supported Auras do not affect you,14,14,object:14,,Supported Auras do not affect you
explicitMods,Supported Skills gain Added Lightning Damage equal to #% of Unreserved Maximum Mana,14,14,object:14,,Supported Skills gain Added Lightning Damage equal to 15% of Unreserved Maximum Mana
explicitMods,Supported Skills gain Base Mana Cost equal to #% of Unreserved Maximum Mana,14,14,object:14,,Supported Skills gain Base Mana Cost equal to 5% of Unreserved Maximum Mana
explicitMods,Supported Skills require #% reduced amount of Damage taken to Trigger,14,14,object:14,,Supported Skills require 11% reduced amount of Damage taken to Trigger
explicitMods,Two Handed Melee Weapon: Adds (#-#) to (#-#) Lightning Damage,14,14,object:12;string:2,,Two Handed Melee Weapon: Adds (19-25) to (366-425) Lightning Damage
explicitMods,Two Handed Weapon: Damage Penetrates (#-#)% Fire Resistance,14,14,object:12;string:2,,Two Handed Weapon: Damage Penetrates (11-12)% Fire Resistance
explicitMods,Wave Areas gain # metres to radius for each previous Area in Wave,14,14,object:14,,Wave Areas gain +0.2 metres to radius for each previous Area in Wave
explicitMods,Wave Damages # Areas,14,14,object:14,,Wave Damages 5 Areas
explicitMods,Wave cannot stop before Damaging # Areas,14,14,object:14,,Wave cannot stop before Damaging 2 Areas
explicitMods,Wave causes Shockwaves from up to # Enemies in each Area,14,14,object:14,,Wave causes Shockwaves from up to 5 Enemies in each Area
explicitMods,Weapon: (#-#)% increased Critical Strike Chance,14,14,object:13;string:1,,Weapon: (25-29)% increased Critical Strike Chance
explicitMods,You gain #% to Spell Critical Strike Chance per Stage while in Area,14,14,object:14,,You gain +0.38% to Spell Critical Strike Chance per Stage while in Area
explicitMods,You lose # Energy Shield per second,14,14,object:14,,You lose 730 Energy Shield per second
explicitMods,# Added Passive Skill is Guerilla Tactics,13,13,object:13,,1 Added Passive Skill is Guerilla Tactics
explicitMods,# Added Passive Skill is Martial Prowess,13,13,object:13,,1 Added Passive Skill is Martial Prowess
explicitMods,# to maximum number of Spectres,13,13,object:13,,+1 to maximum number of Spectres
explicitMods,#% chance to Blind Enemies on hit,13,13,object:13,crafted=True:3,16% chance to Blind Enemies on hit
explicitMods,#% chance to Cause Monsters to Flee,13,13,object:13,,10% chance to Cause Monsters to Flee
explicitMods,"#% chance to Trigger Supported Spells when you are Stunned, or\nBlock a Stunning Hit",13,13,object:13,,"89% chance to Trigger Supported Spells when you are Stunned, or\nBlock a Stunning Hit"
explicitMods,"#% chance to gain a Power, Frenzy or Endurance Charge on Kill",13,13,object:13,,"14% chance to gain a Power, Frenzy or Endurance Charge on Kill"
explicitMods,#% increased Attack Speed with Swords,13,13,object:13,,8% increased Attack Speed with Swords
explicitMods,#% increased Cold Damage with Attack Skills,13,13,object:13,,36% increased Cold Damage with Attack Skills
explicitMods,#% increased Debuff Duration per Curse applied,13,13,object:13,,100% increased Debuff Duration per Curse applied
explicitMods,#% increased Effect of Cruelty granted by Supported Skills,13,13,object:13,,3% increased Effect of Cruelty granted by Supported Skills
explicitMods,#% increased Effect of your Curses,13,13,object:13,fractured=True:1,32% increased Effect of your Curses
explicitMods,#% increased Mine Throwing Speed,13,13,object:13,crafted=True:4;fractured=True:1,14% increased Mine Throwing Speed
explicitMods,#% increased Rarity of Items Dropped by Frozen Enemies,13,13,object:13,,40% increased Rarity of Items Dropped by Frozen Enemies
explicitMods,#% increased Trap Trigger Area of Effect,13,13,object:13,,60% increased Trap Trigger Area of Effect
explicitMods,#% more Damage per Curse applied,13,13,object:13,,43% more Damage per Curse applied
explicitMods,#% reduced Damage,13,13,object:13,,25% reduced Damage
explicitMods,#% reduced Flask Charges used,13,13,object:13,,20% reduced Flask Charges used
explicitMods,Allies have Energy Shield,13,13,object:13,,Allies have Energy Shield
explicitMods,Applied Curses have #% less Effect,13,13,object:13,,Applied Curses have 25% less Effect
explicitMods,Arrows Pierce all Targets,13,13,object:13,,Arrows Pierce all Targets
explicitMods,Aura grants # to # added Lightning Damage,13,13,object:13,,Aura grants 12 to 220 added Lightning Damage
explicitMods,Aura grants #% chance to Shock,13,13,object:13,,Aura grants 19% chance to Shock
explicitMods,Banner grants #% increased Accuracy Rating to You and Allies,13,13,object:13,,Banner grants 8% increased Accuracy Rating to You and Allies
explicitMods,Banner grants #% more Physical Damage with Melee Skills to You and Allies,13,13,object:13,,Banner grants 4% more Physical Damage with Melee Skills to You and Allies
explicitMods,Belt: (#-#)% chance to Avoid being Ignited,13,13,object:12;string:1,,Belt: (43-46)% chance to Avoid being Ignited
explicitMods,Body Armour: (#-#)% chance to Avoid Fire Damage from Hits,13,13,object:12;string:1,,Body Armour: (6-7)% chance to Avoid Fire Damage from Hits
explicitMods,"Buff grants #% increased Movement Speed per # Power, counting a maximum of # Power",13,13,object:13,,"Buff grants 3% increased Movement Speed per 5 Power, counting a maximum of 30 Power"
explicitMods,Buff grants #% less Fire Damage taken from Hits while stationary,13,13,object:13,,Buff grants 20% less Fire Damage taken from Hits while stationary
explicitMods,Buff grants #% less Physical Damage taken from Hits while stationary,13,13,object:13,,Buff grants 20% less Physical Damage taken from Hits while stationary
explicitMods,Buff grants Immunity to Freeze,13,13,object:13,,Buff grants Immunity to Freeze
explicitMods,"Chill Enemy for # seconds when Hit, reducing their Action Speed by #%",13,13,object:13,,"Chill Enemy for 0.5 seconds when Hit, reducing their Action Speed by 30%"
explicitMods,Conduit,13,13,object:13,,Conduit
explicitMods,Consumes Frenzy Charges on use,13,13,object:13,,Consumes Frenzy Charges on use
explicitMods,Creates a portal to the Rogue Harbour from a Town or Hideout\nUsed as Currency for services in the Rogue Harbour,13,13,object:13,,Creates a portal to the Rogue Harbour from a Town or Hideout\nUsed as Currency for services in the R
explicitMods,Cruelty has a Base Duration of # seconds,13,13,object:13,,Cruelty has a Base Duration of 4 seconds
explicitMods,Enemies Taunted by this Warcry are Intimidated,13,13,object:13,,Enemies Taunted by this Warcry are Intimidated
explicitMods,Exerted Attacks deal Double Damage,13,13,object:13,,Exerted Attacks deal Double Damage
explicitMods,Exploding Orbs deal #% of Skill Damage for each # seconds of remaining Duration,13,13,object:13,,Exploding Orbs deal 75% of Skill Damage for each 0.4 seconds of remaining Duration
explicitMods,First Impact deals #% more Damage with Hits and Ailments,13,13,object:13,,First Impact deals 325% more Damage with Hits and Ailments
explicitMods,First Impact has #% more Area of Effect,13,13,object:13,,First Impact has 100% more Area of Effect
explicitMods,Gain Onslaught for # seconds per Frenzy Charge consumed on use,13,13,object:13,,Gain Onslaught for 3 seconds per Frenzy Charge consumed on use
explicitMods,Gain a Power Charge after Spending a total of # Mana,13,13,object:13,mutated=True:4,Gain a Power Charge after Spending a total of 200 Mana
explicitMods,Gloves: Adds (#-#) to (#-#) Fire Damage to Attacks,13,13,object:12;string:1,,Gloves: Adds (5-7) to (11-13) Fire Damage to Attacks
explicitMods,Grants # Mana per Enemy Hit,13,13,object:13,,Grants 2 Mana per Enemy Hit
explicitMods,Grants Minions #% Chance to Block Attack Damage,13,13,object:13,,Grants Minions +35% Chance to Block Attack Damage
explicitMods,Grants Minions #% Chance to Block Spell Damage,13,13,object:13,,Grants Minions +34% Chance to Block Spell Damage
explicitMods,Grants Minions #% increased Critical Strike Chance,13,13,object:13,,Grants Minions 148% increased Critical Strike Chance
explicitMods,Grants Minions #% of Life Regenerated per Second if they have Blocked recently,13,13,object:13,,Grants Minions 4% of Life Regenerated per Second if they have Blocked recently
explicitMods,Grants Minions #% to Critical Strike Multiplier,13,13,object:13,,Grants Minions +39% to Critical Strike Multiplier
explicitMods,Hits after the first on each Enemy deal #% less Damage,13,13,object:13,,Hits after the first on each Enemy deal 90% less Damage
explicitMods,Hits from Supported Skills grant Cruelty,13,13,object:13,,Hits from Supported Skills grant Cruelty
explicitMods,Lightning strikes # target within # metres,13,13,object:13,,Lightning strikes 1 target within 5 metres
explicitMods,Minions deal # to # additional Physical Damage,13,13,object:13,,Minions deal 94 to 148 additional Physical Damage
explicitMods,Minions from Supported Skills deal #% increased Damage,13,13,object:13,,Minions from Supported Skills deal 10% increased Damage
explicitMods,Minions have #% increased Cast Speed,13,13,object:13,crafted=True:1;fractured=True:1,Minions have 20% increased Cast Speed
explicitMods,Modifiers which would cause projectiles to Fork instead cause them to change direction additional times,13,13,object:13,,Modifiers which would cause projectiles to Fork instead cause them to change direction additional ti
explicitMods,One Handed Weapon: Adds (#-#) to (#-#) Fire Damage to Spells,13,13,object:12;string:1,,One Handed Weapon: Adds (28-39) to (57-67) Fire Damage to Spells
explicitMods,Only applies Hexes from Curse Skill Gems requiring Level # or lower,13,13,object:13,,Only applies Hexes from Curse Skill Gems requiring Level 72 or lower
explicitMods,Orbs jump every # seconds,13,13,object:13,,Orbs jump every 0.4 seconds
explicitMods,Other Armour: (#-#) to Evasion Rating,13,13,object:12;string:1,,Other Armour: (91-105) to Evasion Rating
explicitMods,Other Armour: (#-#)% chance to Avoid being Ignited,13,13,object:12;string:1,,Other Armour: (43-46)% chance to Avoid being Ignited
explicitMods,Other Jewellery: Adds (#-#) to (#-#) Fire Damage to Attacks,13,13,object:12;string:1,,Other Jewellery: Adds (11-15) to (23-27) Fire Damage to Attacks
explicitMods,Projectile changes direction # times,13,13,object:13,,Projectile changes direction 3 times
explicitMods,Quiver: Adds (#-#) to (#-#) Fire Damage to Attacks,13,13,object:12;string:1,,Quiver: Adds (17-22) to (33-38) Fire Damage to Attacks
explicitMods,Recover #% of Life on Kill,13,13,object:13,,Recover 6% of Life on Kill
explicitMods,Removes #% of Life Recovered from Mana when used,13,13,object:13,fractured=True:1,Removes 10% of Life Recovered from Mana when used
explicitMods,"Sends beams to # Enemies, including the Branded Enemy",13,13,object:13,,"Sends beams to 3 Enemies, including the Branded Enemy"
explicitMods,Shield: (#-#) to Evasion Rating,13,13,object:12;string:1,,Shield: (151-225) to Evasion Rating
explicitMods,Shield: (#-#) to maximum Life,13,13,object:11;string:2,,Shield: (100-114) to maximum Life
explicitMods,Shield: (#-#)% chance to Avoid Fire Damage from Hits,13,13,object:12;string:1,,Shield: (6-7)% chance to Avoid Fire Damage from Hits
explicitMods,Socketed Gems are Supported by Level # Cold to Fire,13,13,object:13,,Socketed Gems are Supported by Level 5 Cold to Fire
explicitMods,Socketed Gems are supported by Level # Multistrike,13,13,object:13,,Socketed Gems are supported by Level 1 Multistrike
explicitMods,Supported Skills deal #% more Damage with Hits,13,13,object:13,,Supported Skills deal 16% more Damage with Hits
explicitMods,Supported Skills gain #% of Physical Damage as Extra Fire Damage,13,13,object:13,,Supported Skills gain 29% of Physical Damage as Extra Fire Damage
explicitMods,Supported Skills have no Reservation,13,13,object:13,,Supported Skills have no Reservation
explicitMods,"Supported Spells gain Intensity when you Cast them, to a maximum of #\nSupported Skills deal #% more Area Damage with Hits per Intensity\nSupported Skills have #% less Area of Effect per Intensity",13,13,object:13,,"Supported Spells gain Intensity when you Cast them, to a maximum of 3\nSupported Skills deal 16% mor"
explicitMods,Supported Strike Skills target # additional nearby Enemies,13,13,object:13,,Supported Strike Skills target 2 additional nearby Enemies
explicitMods,"This Spell deals # to #, plus #% of your maximum Life, as base Fire Damage",13,13,object:13,,"This Spell deals 3 to 5, plus 12% of your maximum Life, as base Fire Damage"
explicitMods,Traps do not Trigger at the end of their Duration,13,13,object:13,,Traps do not Trigger at the end of their Duration
explicitMods,Two Handed Weapon: Adds (#-#) to (#-#) Fire Damage to Spells,13,13,object:12;string:1,,Two Handed Weapon: Adds (48-65) to (96-113) Fire Damage to Spells
explicitMods,You and nearby allies gain #% increased Damage,13,13,object:13,,You and nearby allies gain 50% increased Damage
explicitMods,Your Non-Blessing Skills which Reserve Mana are Disabled while you have an Aura from a Supported Skill on you,13,13,object:13,,Your Non-Blessing Skills which Reserve Mana are Disabled while you have an Aura from a Supported Ski
explicitMods,# Added Passive Skill is Smite the Weak,12,12,object:12,,1 Added Passive Skill is Smite the Weak
explicitMods,# Added Passive Skill is Wicked Pall,12,12,object:12,,1 Added Passive Skill is Wicked Pall
explicitMods,# Enemy Writhing Worms escape the Flask when used\nWrithing Worms are destroyed when Hit,12,12,object:12,,2 Enemy Writhing Worms escape the Flask when used\nWrithing Worms are destroyed when Hit
explicitMods,# to Level of all Cold Spell Skill Gems,12,12,object:12,mutated=True:5;fractured=True:1,+2 to Level of all Cold Spell Skill Gems
explicitMods,# to Level of all Raise Spectre Gems,12,12,object:12,,+1 to Level of all Raise Spectre Gems
explicitMods,# to Level of all Raise Zombie Gems,12,12,object:12,,+1 to Level of all Raise Zombie Gems
explicitMods,# to Level of all Spell Skill Gems,12,12,object:12,,+1 to Level of all Spell Skill Gems
explicitMods,# to Monster Level of Area,12,12,object:12,,-1 to Monster Level of Area
explicitMods,#% Chance to Block Attack Damage while wielding a Staff,12,12,object:12,,+10% Chance to Block Attack Damage while wielding a Staff
explicitMods,#% Chance to Summon a Normal Sentinel of Dominance on Hitting\na Rare or Unique Monster,12,12,object:12,,25% Chance to Summon a Normal Sentinel of Dominance on Hitting\na Rare or Unique Monster
explicitMods,#% chance to Avoid being Frozen,12,12,object:12,crafted=True:1,34% chance to Avoid being Frozen
explicitMods,#% chance to Suppress Spell Damage while your Off Hand is empty,12,12,object:12,,+22% chance to Suppress Spell Damage while your Off Hand is empty
explicitMods,#% chance to detonate an additional corpse,12,12,object:12,,11% chance to detonate an additional corpse
explicitMods,#% increased Activation frequency,12,12,object:12,,10% increased Activation frequency
explicitMods,#% increased Attack Speed while Ignited,12,12,object:12,,25% increased Attack Speed while Ignited
explicitMods,#% increased Attack Speed with Movement Skills,12,12,object:12,,15% increased Attack Speed with Movement Skills
explicitMods,#% increased Cast Speed while Ignited,12,12,object:12,,27% increased Cast Speed while Ignited
explicitMods,#% increased Cold Damage while your Off Hand is empty,12,12,object:12,,197% increased Cold Damage while your Off Hand is empty
explicitMods,#% increased Critical Strike Chance against Blinded Enemies,12,12,object:12,,123% increased Critical Strike Chance against Blinded Enemies
explicitMods,#% increased Critical Strike Chance with Bows,12,12,object:12,,10% increased Critical Strike Chance with Bows
explicitMods,#% increased Effect of Chill inflicted with Supported Skills,12,12,object:12,,39% increased Effect of Chill inflicted with Supported Skills
explicitMods,#% increased Evasion Rating per Frenzy Charge,12,12,object:12,,10% increased Evasion Rating per Frenzy Charge
explicitMods,#% of Fire Damage Converted to Chaos Damage,12,12,object:12,,30% of Fire Damage Converted to Chaos Damage
explicitMods,#% of Physical Damage taken as Fire Damage,12,12,object:12,,16% of Physical Damage taken as Fire Damage
explicitMods,#% reduced Global Accuracy Rating,12,12,object:12,,15% reduced Global Accuracy Rating
explicitMods,#% reduced Mana Cost of Minion Skills,12,12,object:12,,14% reduced Mana Cost of Minion Skills
explicitMods,#% reduced maximum Energy Shield,12,12,object:12,,25% reduced maximum Energy Shield
explicitMods,#% to Chaos Resistance when on Low Life,12,12,object:12,,+25% to Chaos Resistance when on Low Life
explicitMods,#% to Critical Strike Multiplier with Bows,12,12,object:12,,+14% to Critical Strike Multiplier with Bows
explicitMods,<currencyitem>{#x Chaos Orb},12,12,object:10;string:2,,<currencyitem>{3x Chaos Orb}
explicitMods,Additional Debuff stages add #% of Damage,12,12,object:12,,Additional Debuff stages add 80% of Damage
explicitMods,Adds # to # Fire Damage in Main Hand,12,12,object:12,,Adds 199 to 334 Fire Damage in Main Hand
explicitMods,Adds # to # Physical Damage to Attacks per Level,12,12,object:12,,Adds 1 to 2 Physical Damage to Attacks per Level
explicitMods,Armour: (#-#)% to Chaos Resistance,12,12,object:10;string:2,,Armour: (21-25)% to Chaos Resistance
explicitMods,Beam Splits towards # additional targets,12,12,object:12,,Beam Splits towards 5 additional targets
explicitMods,Belt: (#-#)% to Chaos Resistance,12,12,object:10;string:2,,Belt: (21-25)% to Chaos Resistance
explicitMods,Bounces up to # times\nModifiers to number of Projectiles instead apply to the number of Bounces,12,12,object:12,,Bounces up to 3 times\nModifiers to number of Projectiles instead apply to the number of Bounces
explicitMods,Bow Attacks fire an additional Arrow,12,12,object:12,fractured=True:1,Bow Attacks fire an additional Arrow
explicitMods,Burning Debuff can have a maximum of # stages,12,12,object:12,,Burning Debuff can have a maximum of 8 stages
explicitMods,Cannot Block,12,12,object:12,,Cannot Block
explicitMods,Craicic Presence,12,12,object:12,,Craicic Presence
explicitMods,Curse Enemies with Flammability on Hit,12,12,object:12,,Curse Enemies with Flammability on Hit
explicitMods,Elusive from Supported Skills also grants #% to Critical Strike Multiplier for\nSkills Supported by Nightblade,12,12,object:12,,Elusive from Supported Skills also grants +132% to Critical Strike Multiplier for\nSkills Supported
explicitMods,Enemies Chilled by Supported Skills increase Cold Damage taken by Chill Effect,12,12,object:12,,Enemies Chilled by Supported Skills increase Cold Damage taken by Chill Effect
explicitMods,Enemies in Chilling Areas from Supported Skills increase Cold Damage taken by Chill Effect,12,12,object:12,,Enemies in Chilling Areas from Supported Skills increase Cold Damage taken by Chill Effect
explicitMods,Gore Footprints,12,12,object:12,,Gore Footprints
explicitMods,Ignite on Cursed enemies has #% increased Duration,12,12,object:12,,Ignite on Cursed enemies has 20% increased Duration
explicitMods,"Life Recovery other than Flasks cannot Recover Life to above Low Life\nWhen taking Damage from Hits, #% of Life loss below half Life is Prevented, then #% of Life loss prevented this way is lost over # seconds",12,12,object:12,,"Life Recovery other than Flasks cannot Recover Life to above Low Life\nWhen taking Damage from Hits,"
explicitMods,Maximum # Flame Walls at a time,12,12,object:12,,Maximum 3 Flame Walls at a time
explicitMods,Maximum # Summoned Magic Sentinels of Dominance,12,12,object:12,,Maximum 3 Summoned Magic Sentinels of Dominance
explicitMods,Maximum # Summoned Normal Sentinels of Dominance,12,12,object:12,,Maximum 9 Summoned Normal Sentinels of Dominance
explicitMods,Maximum # Summoned Rare Sentinel of Dominance,12,12,object:12,,Maximum 1 Summoned Rare Sentinel of Dominance
explicitMods,Minions have #% reduced maximum Life,12,12,object:12,,Minions have 20% reduced maximum Life
explicitMods,Monsters gain #% of their Physical Damage as Extra Damage of a random Element,12,12,object:12,,Monsters gain 187% of their Physical Damage as Extra Damage of a random Element
explicitMods,Monsters gain an Endurance Charge when hit,12,12,object:12,,Monsters gain an Endurance Charge when hit
explicitMods,Monsters have # to Maximum Endurance Charges,12,12,object:12,,Monsters have +1 to Maximum Endurance Charges
explicitMods,One Handed Weapon: Adds (#-#) to (#-#) Chaos Damage,12,12,object:10;string:2,,One Handed Weapon: Adds (37-59) to (79-103) Chaos Damage
explicitMods,Other Jewellery: (#-#)% increased Chaos Damage,12,12,object:10;string:2,,Other Jewellery: (23-26)% increased Chaos Damage
explicitMods,Projectiles which pass through the wall deal # to # Added Fire Damage,12,12,object:12,,Projectiles which pass through the wall deal 83 to 125 Added Fire Damage
explicitMods,Quiver: Adds (#-#) to (#-#) Chaos Damage to Attacks,12,12,object:10;string:2,,Quiver: Adds (11-15) to (27-33) Chaos Damage to Attacks
explicitMods,Reflects # Fire Damage to Melee Attackers,12,12,object:12,,Reflects 100 Fire Damage to Melee Attackers
explicitMods,Regenerate # Energy Shield per second,12,12,object:12,,Regenerate 19 Energy Shield per second
explicitMods,Second Stage deals #% less Damage,12,12,object:12,,Second Stage deals 15% less Damage
explicitMods,Second form has #% more Projectile Speed,12,12,object:12,,Second form has 300% more Projectile Speed
explicitMods,Secondary Debuff Deals # Base Fire Damage per second,12,12,object:12,,Secondary Debuff Deals 3006.6 Base Fire Damage per second
explicitMods,Skills gain a Base Life Cost equal to #% of Base Mana Cost while not on Low Life,12,12,object:12,,Skills gain a Base Life Cost equal to 40% of Base Mana Cost while not on Low Life
explicitMods,Socketed Gems are Supported by Level # Ice Bite,12,12,object:12,,Socketed Gems are Supported by Level 18 Ice Bite
explicitMods,Sockets cannot be modified,12,12,object:12,,Sockets cannot be modified
explicitMods,Spirals through # rotations,12,12,object:12,,Spirals through 4.25 rotations
explicitMods,Strikes # Areas,12,12,object:12,,Strikes 4 Areas
explicitMods,Strikes every # seconds,12,12,object:12,,Strikes every 0.36 seconds
explicitMods,Supported Skills can only be used with Claws or Daggers,12,12,object:12,,Supported Skills can only be used with Claws or Daggers
explicitMods,Supported Skills deal #% increased Burning Damage,12,12,object:12,,Supported Skills deal 9% increased Burning Damage
explicitMods,Supported Skills deal #% increased Trap Damage,12,12,object:12,,Supported Skills deal 10% increased Trap Damage
explicitMods,Supported Skills deal #% more Cold Damage,12,12,object:12,,Supported Skills deal 12% more Cold Damage
explicitMods,Supported Skills gain #% of Physical Damage as Extra Chaos Damage,12,12,object:12,,Supported Skills gain 29% of Physical Damage as Extra Chaos Damage
explicitMods,Supported Skills grant Elusive on Critical Strike,12,12,object:12,,Supported Skills grant Elusive on Critical Strike
explicitMods,Supported Skills have #% chance to inflict Withered on Hit,12,12,object:12,,Supported Skills have 25% chance to inflict Withered on Hit
explicitMods,Supported Skills have #% to Critical Strike Chance while Elusive,12,12,object:12,,Supported Skills have +1% to Critical Strike Chance while Elusive
explicitMods,Third Stage deals #% less Damage,12,12,object:12,,Third Stage deals 30% less Damage
explicitMods,"Trigger a Socketed Warcry Skill on losing Endurance Charges, with a # second Cooldown",12,12,object:12,,"Trigger a Socketed Warcry Skill on losing Endurance Charges, with a 0.25 second Cooldown"
explicitMods,Two Handed Weapon: Adds (#-#) to (#-#) Chaos Damage,12,12,object:10;string:2,,Two Handed Weapon: Adds (61-103) to (149-193) Chaos Damage
explicitMods,Unique Boss drops # additional Currency Items,12,12,object:12,,Unique Boss drops 18 additional Currency Items
explicitMods,You lose all Endurance Charges on reaching maximum Endurance Charges,12,12,object:12,,You lose all Endurance Charges on reaching maximum Endurance Charges
explicitMods,Your Cold Damage can Ignite but not Freeze or Chill,12,12,object:12,,Your Cold Damage can Ignite but not Freeze or Chill
explicitMods,Your Fire Damage can Shock but not Ignite,12,12,object:12,,Your Fire Damage can Shock but not Ignite
explicitMods,Your Lightning Damage can Freeze but not Shock,12,12,object:12,,Your Lightning Damage can Freeze but not Shock
explicitMods,# Added Passive Skill is Disorienting Display,11,11,object:11,,1 Added Passive Skill is Disorienting Display
explicitMods,# metres to Melee Strike Range per White Socket,11,11,object:11,,+0.2 metres to Melee Strike Range per White Socket
explicitMods,# seconds between appearance of Wall sections,11,11,object:11,,0.2 seconds between appearance of Wall sections
explicitMods,# to # Added Lightning Damage with Bow Attacks,11,11,object:11,,3 to 33 Added Lightning Damage with Bow Attacks
explicitMods,# to Character Level,11,11,object:11,,+1 to Character Level
explicitMods,# to Level of Socketed Strength Gems,11,11,object:11,,+1 to Level of Socketed Strength Gems
explicitMods,# to Level of all Skill Gems,11,11,object:11,,+1 to Level of all Skill Gems
explicitMods,#% Chance to Cause Monster to Flee on Block,11,11,object:11,,10% Chance to Cause Monster to Flee on Block
explicitMods,#% chance to Avoid being Shocked,11,11,object:11,,59% chance to Avoid being Shocked
explicitMods,#% chance to deal Double Damage,11,11,object:11,fractured=True:1;crafted=True:1,7% chance to deal Double Damage
explicitMods,#% chance to gain Phasing for # seconds on Kill,11,11,object:11,,7% chance to gain Phasing for 4 seconds on Kill
explicitMods,#% chance to grant a Frenzy Charge to nearby Allies on Hit,11,11,object:11,,5% chance to grant a Frenzy Charge to nearby Allies on Hit
explicitMods,#% chance to grant a Power Charge to nearby Allies on Kill,11,11,object:11,,10% chance to grant a Power Charge to nearby Allies on Kill
explicitMods,#% chance to inflict Withered for # seconds on Hit,11,11,object:11,,24% chance to inflict Withered for 2 seconds on Hit
explicitMods,#% chance to remove a Hex after Damaging,11,11,object:11,,89% chance to remove a Hex after Damaging
explicitMods,#% increased Accuracy Rating per Frenzy Charge,11,11,object:11,,6% increased Accuracy Rating per Frenzy Charge
explicitMods,#% increased Area of Effect per # Intelligence,11,11,object:11,,1% increased Area of Effect per 20 Intelligence
explicitMods,"#% increased Armour while not Ignited, Frozen or Shocked",11,11,object:11,,"40% increased Armour while not Ignited, Frozen or Shocked"
explicitMods,#% increased Attack Speed per # Dexterity,11,11,object:11,,1% increased Attack Speed per 10 Dexterity
explicitMods,#% increased Attack Speed while holding a Shield,11,11,object:11,,5% increased Attack Speed while holding a Shield
explicitMods,#% increased Chaos Damage taken,11,11,object:11,,6% increased Chaos Damage taken
explicitMods,#% increased Damage with Two Handed Weapons,11,11,object:11,,13% increased Damage with Two Handed Weapons
explicitMods,#% increased Experience Gain of Gems,11,11,object:11,,6% increased Experience Gain of Gems
explicitMods,#% increased Global Attack Speed per Green Socket,11,11,object:11,,12% increased Global Attack Speed per Green Socket
explicitMods,#% increased Global Physical Damage per Red Socket,11,11,object:11,,25% increased Global Physical Damage per Red Socket
explicitMods,#% increased Physical Weapon Damage per # Strength,11,11,object:11,,16% increased Physical Weapon Damage per 10 Strength
explicitMods,#% increased Rarity of Items Dropped by Enemies Slain from Supported Skills,11,11,object:11,,56% increased Rarity of Items Dropped by Enemies Slain from Supported Skills
explicitMods,#% increased Rarity of Items dropped in Heists,11,11,object:11,,27% increased Rarity of Items dropped in Heists
explicitMods,#% increased Rarity of Items found during Effect,11,11,object:11,,42% increased Rarity of Items found during Effect
explicitMods,#% increased effect of Non-Curse Auras from your Skills on your Minions,11,11,object:11,,20% increased effect of Non-Curse Auras from your Skills on your Minions
explicitMods,"#% increased maximum Life, Mana and Global Energy Shield",11,11,object:11,,"13% increased maximum Life, Mana and Global Energy Shield"
explicitMods,#% more Damage with Ailments if Enemy is Hexed,11,11,object:11,,90% more Damage with Ailments if Enemy is Hexed
explicitMods,#% more Damage with Hits if Enemy is Hexed,11,11,object:11,,200% more Damage with Hits if Enemy is Hexed
explicitMods,#% more Projectile Speed,11,11,object:11,,100% more Projectile Speed
explicitMods,#% more Recovery if used while on Low Life,11,11,object:11,,102% more Recovery if used while on Low Life
explicitMods,#% of Attack Damage Leeched as Life against Chilled Enemies,11,11,object:11,,1% of Attack Damage Leeched as Life against Chilled Enemies
explicitMods,#% of Chaos Damage Leeched as Life during Effect,11,11,object:11,,2% of Chaos Damage Leeched as Life during Effect
explicitMods,#% of Maximum Life Converted to Energy Shield,11,11,object:11,,50% of Maximum Life Converted to Energy Shield
explicitMods,#% of Physical Damage from Hits taken as Cold Damage,11,11,object:11,mutated=True:1,4% of Physical Damage from Hits taken as Cold Damage
explicitMods,#% reduced Chaos Damage taken over time,11,11,object:11,,5% reduced Chaos Damage taken over time
explicitMods,#% to Chaos Resistance during any Flask Effect,11,11,object:11,,+50% to Chaos Resistance during any Flask Effect
explicitMods,#% to Quality of all Skill Gems,11,11,object:11,,+29% to Quality of all Skill Gems
explicitMods,#% to maximum Cold Resistance while affected by Herald of Ice,11,11,object:11,,+1% to maximum Cold Resistance while affected by Herald of Ice
explicitMods,<currencyitem>{#x Exalted Orb},11,11,object:8;string:3,,<currencyitem>{3x Exalted Orb}
explicitMods,Adds # to # Chaos Damage to Spells,11,11,object:11,,Adds 18 to 31 Chaos Damage to Spells
explicitMods,"Adds an incubated Currency item to an equippable item\nItem drops after killing # monsters",11,11,object:11,,"Adds an incubated Currency item to an equippable item\nItem drops after killing 4180 monsters"
explicitMods,"Adds incubated Stacked Decks to an equippable item\nItem drops after killing # monsters",11,11,object:11,,"Adds incubated Stacked Decks to an equippable item\nItem drops after killing 4477 monsters"
explicitMods,"All Damage can Ignite, Freeze, and Shock",11,11,object:11,,"All Damage can Ignite, Freeze, and Shock"
explicitMods,Attacks with this Weapon deal Double Damage to Chilled Enemies,11,11,object:11,,Attacks with this Weapon deal Double Damage to Chilled Enemies
explicitMods,Beams Split towards targets within a base radius of # metres,11,11,object:11,,Beams Split towards targets within a base radius of 3.5 metres
explicitMods,Body Armour: (#-#) to maximum Energy Shield,11,11,object:9;string:2,,Body Armour: (50-61) to maximum Energy Shield
explicitMods,Buff Duration is refreshed after you spend a total of # Life,11,11,object:11,,Buff Duration is refreshed after you spend a total of 26 Life
explicitMods,Buff grants #% less Maximum Energy Shield,11,11,object:11,,Buff grants 50% less Maximum Energy Shield
explicitMods,Can queue up to # uses,11,11,object:11,,Can queue up to 50 uses
explicitMods,Cannot be Ignited,11,11,object:11,,Cannot be Ignited
explicitMods,Chaos Damage with Hits is Resisted by lowest Resistance instead,11,11,object:11,,Chaos Damage with Hits is Resisted by lowest Resistance instead
explicitMods,Curse Enemies with Despair on Hit,11,11,object:11,,Curse Enemies with Despair on Hit
explicitMods,Cursed Enemies have a #% chance to grant a Frenzy Charge when Hit,11,11,object:11,,Cursed Enemies have a 5% chance to grant a Frenzy Charge when Hit
explicitMods,Damage of Enemies Hitting you is Unlucky while you are on Low Life,11,11,object:11,,Damage of Enemies Hitting you is Unlucky while you are on Low Life
explicitMods,Deal no Physical Damage,11,11,object:11,,Deal no Physical Damage
explicitMods,Enemies have #% less Movement Speed when the Debuff starts,11,11,object:11,,Enemies have 80% less Movement Speed when the Debuff starts
explicitMods,Enemies take #% increased Damage from Trap or Mine Hits,11,11,object:11,,Enemies take 25% increased Damage from Trap or Mine Hits
explicitMods,"Energy Blades have minimum Lightning Damage equal to #% of Energy Shield, plus #\nEnergy Blades have maximum Lightning Damage equal to #% of Energy Shield, plus #",11,11,object:11,,"Energy Blades have minimum Lightning Damage equal to 2% of Energy Shield, plus 2\nEnergy Blades have"
explicitMods,Farric Presence,11,11,object:11,,Farric Presence
explicitMods,Fire Exposure applies #% to Fire Resistance,11,11,object:11,,Fire Exposure applies -30% to Fire Resistance
explicitMods,Flasks applied to you have #% increased Effect,11,11,object:11,crafted=True:1,Flasks applied to you have 25% increased Effect
explicitMods,Gain # Mana per Enemy Hit with Attacks,11,11,object:11,,Gain 30 Mana per Enemy Hit with Attacks
explicitMods,Gain # Rage on Attack Hit,11,11,object:11,,Gain 2 Rage on Attack Hit
explicitMods,Gain #% of Elemental Damage as Extra Chaos Damage,11,11,object:11,,Gain 6% of Elemental Damage as Extra Chaos Damage
explicitMods,Gain #% of Elemental Damage as Extra Chaos Damage during effect,11,11,object:11,,Gain 7% of Elemental Damage as Extra Chaos Damage during effect
explicitMods,Gain #% of Physical Damage as Extra Chaos Damage during effect,11,11,object:11,,Gain 7% of Physical Damage as Extra Chaos Damage during effect
explicitMods,Gain an Endurance Charge when you take a Critical Strike,11,11,object:11,,Gain an Endurance Charge when you take a Critical Strike
explicitMods,Grants #% of Life Recovery to Minions,11,11,object:11,,Grants 55% of Life Recovery to Minions
explicitMods,Helmet: (#-#) to maximum Energy Shield,11,11,object:9;string:2,,Helmet: (39-45) to maximum Energy Shield
explicitMods,Herald of Ice has #% increased Buff Effect,11,11,object:11,,Herald of Ice has 42% increased Buff Effect
explicitMods,Herald of Purity has #% increased Mana Reservation Efficiency,11,11,object:11,,Herald of Purity has 39% increased Mana Reservation Efficiency
explicitMods,Ignites caused by Supported Skills spread to other Enemies within # metres,11,11,object:11,,Ignites caused by Supported Skills spread to other Enemies within 2 metres
explicitMods,Locks enemy in place,11,11,object:11,,Locks enemy in place
explicitMods,Mines have #% increased Detonation Speed,11,11,object:11,,Mines have 46% increased Detonation Speed
explicitMods,Minions have # to Armour,11,11,object:11,,Minions have +320 to Armour
explicitMods,Modifiers to Trap Throwing Speed also apply to strike Frequency,11,11,object:11,,Modifiers to Trap Throwing Speed also apply to strike Frequency
explicitMods,One Handed Weapon: Damage Penetrates #% Lightning Resistance,11,11,object:10;string:1,,One Handed Weapon: Damage Penetrates 6% Lightning Resistance
explicitMods,Orb disappears after # Strikes,11,11,object:11,,Orb disappears after 28 Strikes
explicitMods,Other Item: (#-#) to Intelligence,11,11,object:10;string:1,,Other Item: (33-37) to Intelligence
explicitMods,Regenerate #% of Life per second if you have been Hit Recently,11,11,object:11,,Regenerate 2% of Life per second if you have been Hit Recently
explicitMods,Share Endurance Charges with nearby party members,11,11,object:11,,Share Endurance Charges with nearby party members
explicitMods,Shocks Enemies as though dealing #% more Damage,11,11,object:11,,Shocks Enemies as though dealing 290% more Damage
explicitMods,Socketed Gems are Supported by Level # Faster Casting,11,11,object:11,,Socketed Gems are Supported by Level 18 Faster Casting
explicitMods,Socketed Gems are Supported by Level # Generosity,11,11,object:11,,Socketed Gems are Supported by Level 30 Generosity
explicitMods,Socketed Gems are Supported by Level # Increased Area of Effect,11,11,object:11,,Socketed Gems are Supported by Level 20 Increased Area of Effect
explicitMods,Socketed Gems are supported by Level # Chance to Flee,11,11,object:11,,Socketed Gems are supported by Level 2 Chance to Flee
explicitMods,Socketed Gems fire an additional Projectile,11,11,object:11,,Socketed Gems fire an additional Projectile
explicitMods,Strikes every # seconds while Channelling a Lightning Skill near the Orb,11,11,object:11,,Strikes every 0.50 seconds while Channelling a Lightning Skill near the Orb
explicitMods,"Strikes every # seconds, and when you use a Lightning Skill near the Orb",11,11,object:11,,"Strikes every 2.60 seconds, and when you use a Lightning Skill near the Orb"
explicitMods,Supported Attack Skills deal #% more Damage while on Full Life,11,11,object:11,,Supported Attack Skills deal 33% more Damage while on Full Life
explicitMods,Supported Attacks have #% chance to Impale Enemies on Hit,11,11,object:11,,Supported Attacks have 60% chance to Impale Enemies on Hit
explicitMods,Supported Attacks have #% increased Impale Effect,11,11,object:11,,Supported Attacks have 38% increased Impale Effect
explicitMods,Supported Skills deal #% less Damage when Reoccurring,11,11,object:11,,Supported Skills deal 26% less Damage when Reoccurring
explicitMods,Supported Skills deal #% more Damage with Ignite,11,11,object:11,,Supported Skills deal 24% more Damage with Ignite
explicitMods,Supported Skills deal #% more Melee Area Damage,11,11,object:11,,Supported Skills deal 38% more Melee Area Damage
explicitMods,Supported Skills have #% chance to Poison on Hit,11,11,object:11,,Supported Skills have 40% chance to Poison on Hit
explicitMods,"Supported Spells gain a Seal every # seconds, to a maximum of # Seals\nSupported Spells are Unsealed when cast, and their effects Reoccur for each Seal lost",11,11,object:11,,"Supported Spells gain a Seal every 0.71 seconds, to a maximum of 3 Seals\nSupported Spells are Unsea"
explicitMods,Transfiguration of Body,11,11,object:11,,Transfiguration of Body
explicitMods,Transfiguration of Mind,11,11,object:11,,Transfiguration of Mind
explicitMods,Transfiguration of Soul,11,11,object:11,,Transfiguration of Soul
explicitMods,Two Handed Energy Blades have #% more Lightning Damage,11,11,object:11,,Two Handed Energy Blades have 70% more Lightning Damage
explicitMods,Two Handed Weapon: Damage Penetrates (#-#)% Lightning Resistance,11,11,object:10;string:1,,Two Handed Weapon: Damage Penetrates (11-12)% Lightning Resistance
explicitMods,You and nearby allies gain #% additional maximum Cold Resistance,11,11,object:11,,You and nearby allies gain 4% additional maximum Cold Resistance
explicitMods,# Added Passive Skill is Fuel the Fight,10,10,object:10,,1 Added Passive Skill is Fuel the Fight
explicitMods,# Added Passive Skill is Surprise Sabotage,10,10,object:10,,1 Added Passive Skill is Surprise Sabotage
explicitMods,# Added Passive Skill is Unholy Grace,10,10,object:10,,1 Added Passive Skill is Unholy Grace
explicitMods,# Added Passive Skill is Unwaveringly Evil,10,10,object:10,,1 Added Passive Skill is Unwaveringly Evil
explicitMods,# Physical Damage taken from Projectile Attacks,10,10,object:10,,-150 Physical Damage taken from Projectile Attacks
explicitMods,"# metres to Explosion Radius per Explosive Arrow on Target, up to a maximum of # metres",10,10,object:10,,"+0.2 metres to Explosion Radius per Explosive Arrow on Target, up to a maximum of +1.2 metres"
explicitMods,# metres to radius of Consecrated Ground,10,10,object:10,,+0.3 metres to radius of Consecrated Ground
explicitMods,# to Evasion Rating while on Full Life,10,10,object:10,,+500 to Evasion Rating while on Full Life
explicitMods,# to Evasion Rating while on Low Life,10,10,object:10,,+100 to Evasion Rating while on Low Life
explicitMods,# to Level of Socketed Movement Gems,10,10,object:10,,+5 to Level of Socketed Movement Gems
explicitMods,# to maximum number of Summoned Ballista Totems,10,10,object:10,,+3 to maximum number of Summoned Ballista Totems
explicitMods,#% Chance to Block Attack Damage per Summoned Skeleton,10,10,object:10,,+1% Chance to Block Attack Damage per Summoned Skeleton
explicitMods,#% additional Physical Damage Reduction while affected by Herald of Purity,10,10,object:10,,4% additional Physical Damage Reduction while affected by Herald of Purity
explicitMods,#% chance to Avoid being Poisoned,10,10,object:10,,6% chance to Avoid being Poisoned
explicitMods,#% chance to Block Projectile Attack Damage,10,10,object:10,,+25% chance to Block Projectile Attack Damage
explicitMods,#% chance to Poison on Hit during Effect,10,10,object:10,,25% chance to Poison on Hit during Effect
explicitMods,"#% chance to Steal Power, Frenzy, and Endurance Charges on Hit",10,10,object:10,,"25% chance to Steal Power, Frenzy, and Endurance Charges on Hit"
explicitMods,#% chance to be Ignited,10,10,object:10,,+25% chance to be Ignited
explicitMods,#% chance to gain a Frenzy Charge on Hit,10,10,object:10,,25% chance to gain a Frenzy Charge on Hit
explicitMods,#% chance to gain an Endurance Charge on Kill,10,10,object:10,,3% chance to gain an Endurance Charge on Kill
explicitMods,#% chance to inflict Cold Exposure on Hit,10,10,object:10,,25% chance to inflict Cold Exposure on Hit
explicitMods,#% increased Attack Damage while holding a Shield,10,10,object:10,,13% increased Attack Damage while holding a Shield
explicitMods,#% increased Attack Speed while Dual Wielding,10,10,object:10,fractured=True:1,5% increased Attack Speed while Dual Wielding
explicitMods,#% increased Attack Speed with Bows,10,10,object:10,,8% increased Attack Speed with Bows
explicitMods,#% increased Attack and Cast Speed per Summoned Raging Spirit,10,10,object:10,,2% increased Attack and Cast Speed per Summoned Raging Spirit
explicitMods,#% increased Cold Damage while affected by Herald of Ice,10,10,object:10,,51% increased Cold Damage while affected by Herald of Ice
explicitMods,#% increased Damage per Curse on you,10,10,object:10,,17% increased Damage per Curse on you
explicitMods,#% increased Damage with Hits and Ailments against Blinded Enemies,10,10,object:10,,41% increased Damage with Hits and Ailments against Blinded Enemies
explicitMods,#% increased Damage with One Handed Weapons,10,10,object:10,,12% increased Damage with One Handed Weapons
explicitMods,#% increased Damage with Poison if you have at least # Dexterity,10,10,object:10,,91% increased Damage with Poison if you have at least 300 Dexterity
explicitMods,#% increased Elemental Damage with Attack Skills during any Flask Effect,10,10,object:10,,30% increased Elemental Damage with Attack Skills during any Flask Effect
explicitMods,#% increased Fire Damage taken,10,10,object:10,,10% increased Fire Damage taken
explicitMods,#% increased Life Recovery rate,10,10,object:10,,9% increased Life Recovery rate
explicitMods,#% increased Mana Cost of Skills,10,10,object:10,,50% increased Mana Cost of Skills
explicitMods,#% increased Mana Regeneration Rate per Raised Spectre,10,10,object:10,,30% increased Mana Regeneration Rate per Raised Spectre
explicitMods,#% increased Movement Speed for you and nearby Allies,10,10,object:10,,10% increased Movement Speed for you and nearby Allies
explicitMods,#% increased Poison Duration if you have at least # Intelligence,10,10,object:10,,20% increased Poison Duration if you have at least 150 Intelligence
explicitMods,#% more Damage with Ignite,10,10,object:10,,5% more Damage with Ignite
explicitMods,#% of Lightning Damage Leeched as Life during Effect,10,10,object:10,,20% of Lightning Damage Leeched as Life during Effect
explicitMods,#% reduced Enemy Stun Threshold with this Weapon,10,10,object:10,,25% reduced Enemy Stun Threshold with this Weapon
explicitMods,#% reduced Stun and Block Recovery,10,10,object:10,,37% reduced Stun and Block Recovery
explicitMods,#% reduced raising of Alert Level from opening Chests,10,10,object:10,,9% reduced raising of Alert Level from opening Chests
explicitMods,#% to Critical Strike Multiplier with Cold Skills,10,10,object:10,,+17% to Critical Strike Multiplier with Cold Skills
explicitMods,#% to maximum Lightning Resistance,10,10,object:10,,+5% to maximum Lightning Resistance
explicitMods,<currencyitem>{#x Orb of Fusing},10,10,object:8;string:2,,<currencyitem>{20x Orb of Fusing}
explicitMods,Adds # to # Chaos Damage to Spells and Attacks during any Flask Effect,10,10,object:10,,Adds 36 to 52 Chaos Damage to Spells and Attacks during any Flask Effect
explicitMods,Always Freezes enemies,10,10,object:10,,Always Freezes enemies
explicitMods,An additional Curse can be applied to you,10,10,object:10,,An additional Curse can be applied to you
explicitMods,Applied Curses have #% increased Effect,10,10,object:10,,Applied Curses have 23% increased Effect
explicitMods,Attacks with this Weapon deal # to # added Chaos Damage against\nEnemies affected by at least # Poisons,10,10,object:10,,Attacks with this Weapon deal 80 to 120 added Chaos Damage against\nEnemies affected by at least 5 P
explicitMods,Attacks with this Weapon have #% increased Elemental Damage,10,10,object:10,,Attacks with this Weapon have 104% increased Elemental Damage
explicitMods,Blind does not affect your Light Radius,10,10,object:10,,Blind does not affect your Light Radius
explicitMods,Blind you inflict is Reflected to you,10,10,object:10,,Blind you inflict is Reflected to you
explicitMods,Blood Magic,10,10,object:10,,Blood Magic
explicitMods,Body Armour: (#-#) to Evasion Rating,10,10,object:9;string:1,,Body Armour: (151-200) to Evasion Rating
explicitMods,Can have up to # Crafted Modifiers,10,10,object:10,crafted=True:10,Can have up to 3 Crafted Modifiers
explicitMods,Consumes up to # Steel Shards,10,10,object:10,,Consumes up to 4 Steel Shards
explicitMods,Damage with Weapons Penetrates #% Elemental Resistances,10,10,object:10,,Damage with Weapons Penetrates 5% Elemental Resistances
explicitMods,Deals #% of your maximum Energy Shield as base Chaos Damage,10,10,object:10,,Deals 5% of your maximum Energy Shield as base Chaos Damage
explicitMods,Explosion deals #% less Base Damage,10,10,object:10,,Explosion deals 50.0% less Base Damage
explicitMods,Explosion deals #% more Damage with Ailments per Explosive Arrow on Target,10,10,object:10,,Explosion deals 3% more Damage with Ailments per Explosive Arrow on Target
explicitMods,Explosion deals #% more Damage with Hits per Explosive Arrow on Target,10,10,object:10,,Explosion deals 6% more Damage with Hits per Explosive Arrow on Target
explicitMods,Explosion will have # to # added Fire Damage,10,10,object:10,,Explosion will have 579 to 868 added Fire Damage
explicitMods,Fertile Presence,10,10,object:10,,Fertile Presence
explicitMods,Fires #% more Projectiles per Steel Shard consumed,10,10,object:10,,Fires 50% more Projectiles per Steel Shard consumed
explicitMods,Fires extra Projectiles at up to # surrounding Enemies,10,10,object:10,,Fires extra Projectiles at up to 8 surrounding Enemies
explicitMods,Found Items have #% chance to drop Corrupted in Area,10,10,object:10,,Found Items have 10% chance to drop Corrupted in Area
explicitMods,Gain a Power Charge on Non-Critical Strike,10,10,object:10,,Gain a Power Charge on Non-Critical Strike
explicitMods,Golems grant #% increased Area of Effect,10,10,object:10,,Golems grant 20% increased Area of Effect
explicitMods,Golems grant #% increased Damage,10,10,object:10,,Golems grant 20% increased Damage
explicitMods,Grants Level # Frostbite Skill,10,10,object:10,,Grants Level 5 Frostbite Skill
explicitMods,Helmet: (#-#) to Evasion Rating,10,10,object:9;string:1,,Helmet: (121-140) to Evasion Rating
explicitMods,Herald of Ash has #% increased Buff Effect,10,10,object:10,,Herald of Ash has 43% increased Buff Effect
explicitMods,Hexes Transfer to all Enemies within # metres when Hexed Enemy dies,10,10,object:10,,Hexes Transfer to all Enemies within 3 metres when Hexed Enemy dies
explicitMods,Hits with Supported Skills for which the highest Damage Type is Elemental cause you to gain # Resonance of other Elements per second for # seconds\nLose # Resonance per second of each Element you are not gaining,10,10,object:10,,Hits with Supported Skills for which the highest Damage Type is Elemental cause you to gain 25 Reson
explicitMods,Ignites you inflict with Attacks deal Damage #% faster,10,10,object:10,,Ignites you inflict with Attacks deal Damage 35% faster
explicitMods,Kinetic Blast creates # additional explosions,10,10,object:10,,Kinetic Blast creates 5 additional explosions
explicitMods,Lose all Power Charges on Critical Strike,10,10,object:10,,Lose all Power Charges on Critical Strike
explicitMods,Maximum # Explosive Arrows stuck in an Enemy,10,10,object:10,,Maximum 20 Explosive Arrows stuck in an Enemy
explicitMods,Maximum # Ragestorm,10,10,object:10,,Maximum 1 Ragestorm
explicitMods,Minion deals #% more Damage,10,10,object:10,,Minion deals 40% more Damage
explicitMods,Minions have #% to Chaos Resistance,10,10,object:10,,Minions have +29% to Chaos Resistance
explicitMods,Monsters have # to Maximum Power Charges,10,10,object:10,,Monsters have +1 to Maximum Power Charges
explicitMods,Nearby Enemies are Blinded,10,10,object:10,,Nearby Enemies are Blinded
explicitMods,Other Weapon: Adds (#-#) to (#-#) Lightning Damage,10,10,object:9;string:1,,Other Weapon: Adds (10-14) to (197-229) Lightning Damage
explicitMods,Projectiles can Chain when impacting the ground\nProjectiles do not change direction when Chaining,10,10,object:10,,Projectiles can Chain when impacting the ground\nProjectiles do not change direction when Chaining
explicitMods,Ragestorm Hits #% more Frequently,10,10,object:10,,Ragestorm Hits 250% more Frequently
explicitMods,Recover #% of Mana when you Kill an Enemy during Effect,10,10,object:10,,Recover 1% of Mana when you Kill an Enemy during Effect
explicitMods,Reduced Recovery II,10,10,object:10,,Reduced Recovery II
explicitMods,Regenerate #% of Life per second for each Raised Zombie,10,10,object:10,,Regenerate 0.6% of Life per second for each Raised Zombie
explicitMods,Regenerate #% of Life per second while Frozen,10,10,object:10,,Regenerate 20% of Life per second while Frozen
explicitMods,Second form has #% increased Critical Strike Chance,10,10,object:10,,Second form has 600% increased Critical Strike Chance
explicitMods,Second form has #% to Critical Strike Multiplier,10,10,object:10,,Second form has +66% to Critical Strike Multiplier
explicitMods,"Shocks nearby Enemies during Effect, causing #% increased Damage taken",10,10,object:10,,"Shocks nearby Enemies during Effect, causing 10% increased Damage taken"
explicitMods,Shockwave deals #% less Damage,10,10,object:10,,Shockwave deals 25% less Damage
explicitMods,Skills Cost no Mana during Effect,10,10,object:10,,Skills Cost no Mana during Effect
explicitMods,Socketed Gems fire # additional Projectiles,10,10,object:10,,Socketed Gems fire 4 additional Projectiles
explicitMods,Socketed Gems fire Projectiles in a circle,10,10,object:10,,Socketed Gems fire Projectiles in a circle
explicitMods,Socketed Gems have no Reservation\nYour Blessing Skills are Disabled,10,10,object:10,,Socketed Gems have no Reservation\nYour Blessing Skills are Disabled
explicitMods,Supported Attacks will Trigger a Supported Spell when you Crit an Enemy,10,10,object:10,,Supported Attacks will Trigger a Supported Spell when you Crit an Enemy
explicitMods,Supported Skills Chain # times,10,10,object:10,,Supported Skills Chain +2 times
explicitMods,Supported Skills deal # to # added Fire Damage against Burning Enemies,10,10,object:10,,Supported Skills deal 205 to 308 added Fire Damage against Burning Enemies
explicitMods,Supported Skills deal #% increased Melee Physical Damage,10,10,object:10,,Supported Skills deal 10% increased Melee Physical Damage
explicitMods,Supported Skills deal #% less Spell Damage,10,10,object:10,,Supported Skills deal 10% less Spell Damage
explicitMods,Supported Skills deal #% more Damage per Power Charge,10,10,object:10,,Supported Skills deal 4% more Damage per Power Charge
explicitMods,Supported Skills deal #% more Elemental Damage per # of lowest Resonance,10,10,object:10,,Supported Skills deal 3% more Elemental Damage per 5 of lowest Resonance
explicitMods,Supported Skills have #% chance to gain a Power Charge on Critical Strike,10,10,object:10,,Supported Skills have 50% chance to gain a Power Charge on Critical Strike
explicitMods,Supported Skills have #% increased Minion Attack Speed,10,10,object:10,,Supported Skills have 31% increased Minion Attack Speed
explicitMods,Supported Skills have #% increased Minion Cast Speed,10,10,object:10,,Supported Skills have 31% increased Minion Cast Speed
explicitMods,Supported Skills penetrate #% Elemental Resistances while each Resonance is at least #,10,10,object:10,,Supported Skills penetrate 15% Elemental Resistances while each Resonance is at least 25
explicitMods,Supported Skills throw up to # additional Mines,10,10,object:10,,Supported Skills throw up to 4 additional Mines
explicitMods,Take # Chaos Damage per Second during Effect,10,10,object:10,,Take 30 Chaos Damage per Second during Effect
explicitMods,Total Recovery per second from Life Leech is Doubled,10,10,object:10,,Total Recovery per second from Life Leech is Doubled
explicitMods,"Trigger a Socketed Spell when you Use a Skill, with a # second Cooldown\nSpells Triggered this way have #% more Cost",10,10,object:10,crafted=True:10;fractured=True:1,"Trigger a Socketed Spell when you Use a Skill, with a 8 second Cooldown\nSpells Triggered this way h"
explicitMods,Triggers Level # Death Walk when Equipped,10,10,object:10,,Triggers Level 20 Death Walk when Equipped
explicitMods,Unwavering Stance,10,10,object:10,,Unwavering Stance
explicitMods,Upgrades a normal item to a rare item,10,10,object:10,,Upgrades a normal item to a rare item
explicitMods,Wave has #% reduced delay between Areas,10,10,object:10,,Wave has 25% reduced delay between Areas
explicitMods,Will be Consumed when you level up\nto grant Soul Eater for # minutes,10,10,object:10,,Will be Consumed when you level up\nto grant Soul Eater for 5 minutes
explicitMods,Will be Consumed when you reach #% of Life\nto Refill all Flasks,10,10,object:10,,Will be Consumed when you reach 25% of Life\nto Refill all Flasks
explicitMods,Will be Consumed when you reach #% of Life\nto grant Adrenaline for # seconds,10,10,object:10,,Will be Consumed when you reach 25% of Life\nto grant Adrenaline for 10 seconds
explicitMods,You and nearby allies gain #% additional maximum Lightning Resistance,10,10,object:10,,You and nearby allies gain 4% additional maximum Lightning Resistance
explicitMods,"You are Shocked during Effect, causing #% increased Damage taken",10,10,object:10,,"You are Shocked during Effect, causing 50% increased Damage taken"
explicitMods,Your Critical Strikes do not deal extra Damage during Effect,10,10,object:10,,Your Critical Strikes do not deal extra Damage during Effect
explicitMods,# Added Passive Skill is Dark Ideation,9,9,object:9,,1 Added Passive Skill is Dark Ideation
explicitMods,# Added Passive Skill is Sleepless Sentries,9,9,object:9,,1 Added Passive Skill is Sleepless Sentries
explicitMods,# Added Passive Skill is Touch of Cruelty,9,9,object:9,,1 Added Passive Skill is Touch of Cruelty
explicitMods,# Chaos Damage taken,9,9,object:9,,-32 Chaos Damage taken
explicitMods,# Physical Damage taken on Minion Death,9,9,object:9,,350 Physical Damage taken on Minion Death
explicitMods,# Volleys,9,9,object:9,,7 Volleys
explicitMods,"# metres to radius per stage, up to a maximum of # metres",9,9,object:9,,"+0.5 metres to radius per stage, up to a maximum of +2.8 metres"
explicitMods,# to Level of Socketed Skill Gems,9,9,object:9,,+1 to Level of Socketed Skill Gems
explicitMods,#% Chance to Block Spell Damage while Dual Wielding,9,9,object:9,,+1% Chance to Block Spell Damage while Dual Wielding
explicitMods,#% chance for Lightning to Strike the Marker when Cast,9,9,object:9,,15% chance for Lightning to Strike the Marker when Cast
explicitMods,#% chance to Avoid Elemental Ailments while Phasing,9,9,object:9,,30% chance to Avoid Elemental Ailments while Phasing
explicitMods,#% chance to Avoid being Chilled or Frozen if you have used a Fire Skill Recently,9,9,object:9,,100% chance to Avoid being Chilled or Frozen if you have used a Fire Skill Recently
explicitMods,#% chance to Blind Enemies on Critical Strike,9,9,object:9,,50% chance to Blind Enemies on Critical Strike
explicitMods,#% chance to Curse Non-Cursed Enemies with Enfeeble on Hit,9,9,object:9,,25% chance to Curse Non-Cursed Enemies with Enfeeble on Hit
explicitMods,#% chance to Summon a Sentinel of Absolution on Hitting a Rare or Unique Enemy,9,9,object:9,,25% chance to Summon a Sentinel of Absolution on Hitting a Rare or Unique Enemy
explicitMods,"#% chance to Trigger Socketed Spells when you Spend at least # Mana on an\nUpfront Cost to Use or Trigger a Skill, with a # second Cooldown",9,9,object:9,,50% chance to Trigger Socketed Spells when you Spend at least 100 Mana on an\nUpfront Cost to Use or
explicitMods,#% chance to inflict Fire Exposure on Hit,9,9,object:9,,25% chance to inflict Fire Exposure on Hit
explicitMods,#% increased Attack Damage per # of the lowest of Armour and Evasion Rating,9,9,object:9,,1% increased Attack Damage per 200 of the lowest of Armour and Evasion Rating
explicitMods,#% increased Attributes,9,9,object:9,crafted=True:1,6% increased Attributes
explicitMods,#% increased Beam frequency,9,9,object:9,,19% increased Beam frequency
explicitMods,#% increased Cast Speed per Power Charge,9,9,object:9,,2% increased Cast Speed per Power Charge
explicitMods,#% increased Damage while Ignited,9,9,object:9,,53% increased Damage while Ignited
explicitMods,#% increased Duration of Ailments on Enemies,9,9,object:9,,40% increased Duration of Ailments on Enemies
explicitMods,#% increased Effect of Curse,9,9,object:9,,10% increased Effect of Curse
explicitMods,#% increased Effect of Elusive from Supported Skills,9,9,object:9,,32% increased Effect of Elusive from Supported Skills
explicitMods,#% increased Effect of Non-Damaging Ailments,9,9,object:9,,15% increased Effect of Non-Damaging Ailments
explicitMods,#% increased Effect of Shrine Buffs on you,9,9,object:9,,69% increased Effect of Shrine Buffs on you
explicitMods,#% increased Elemental Damage if you've Warcried Recently,9,9,object:9,,150% increased Elemental Damage if you've Warcried Recently
explicitMods,#% increased Evasion Rating during Onslaught,9,9,object:9,,100% increased Evasion Rating during Onslaught
explicitMods,#% increased Minion Attack Speed per # Dexterity,9,9,object:9,,2% increased Minion Attack Speed per 50 Dexterity
explicitMods,#% increased Minion Movement Speed per # Dexterity,9,9,object:9,,2% increased Minion Movement Speed per 50 Dexterity
explicitMods,#% increased Movement Speed if you've Warcried Recently,9,9,object:9,,15% increased Movement Speed if you've Warcried Recently
explicitMods,#% increased Physical Damage while affected by Herald of Purity,9,9,object:9,,45% increased Physical Damage while affected by Herald of Purity
explicitMods,#% increased Projectile Attack Damage per # Accuracy Rating,9,9,object:9,,1% increased Projectile Attack Damage per 200 Accuracy Rating
explicitMods,#% increased Rarity of Items found when on Low Life,9,9,object:9,,100% increased Rarity of Items found when on Low Life
explicitMods,#% increased Totem Damage,9,9,object:9,,16% increased Totem Damage
explicitMods,"#% increased angle per stage, up to #%",9,9,object:9,,"100% increased angle per stage, up to 300%"
explicitMods,#% less Attack Speed if Dual Wielding,9,9,object:9,,30% less Attack Speed if Dual Wielding
explicitMods,#% less Hit Damage while Dual Wielding,9,9,object:9,,20% less Hit Damage while Dual Wielding
explicitMods,#% more Damage with Hits against Burning enemies,9,9,object:9,,78% more Damage with Hits against Burning enemies
explicitMods,#% of Damage Leeched as Life against Shocked Enemies,9,9,object:9,,1% of Damage Leeched as Life against Shocked Enemies
explicitMods,#% reduced Bleeding Duration,9,9,object:9,,25% reduced Bleeding Duration
explicitMods,#% reduced Flask Charges gained,9,9,object:9,crafted=True:1,20% reduced Flask Charges gained
explicitMods,#% reduced Frenzy Charge Duration per Frenzy Charge,9,9,object:9,,10% reduced Frenzy Charge Duration per Frenzy Charge
explicitMods,#% reduced Mana Cost of Skills during Effect,9,9,object:9,crafted=True:2,25% reduced Mana Cost of Skills during Effect
explicitMods,#% reduced Mine Throwing Speed,9,9,object:9,,14% reduced Mine Throwing Speed
explicitMods,#% reduced Skill Effect Duration,9,9,object:9,,20% reduced Skill Effect Duration
explicitMods,#% to Chaos Resistance while affected by Herald of Agony,9,9,object:9,,+37% to Chaos Resistance while affected by Herald of Agony
explicitMods,#% to Damage over Time Multiplier for Poison per Frenzy Charge,9,9,object:9,,+5% to Damage over Time Multiplier for Poison per Frenzy Charge
explicitMods,#% to Damage over Time Multiplier with Attack Skills,9,9,object:9,fractured=True:1,+17% to Damage over Time Multiplier with Attack Skills
explicitMods,#% to Fire Resistance while affected by Herald of Ash,9,9,object:9,,+60% to Fire Resistance while affected by Herald of Ash
explicitMods,<currencyitem>{#x Orb of Alteration},9,9,object:8;string:1,,<currencyitem>{10x Orb of Alteration}
explicitMods,"<whiteitem>{Map}\n<default>{Map Tier:} <normal>{#}",9,9,object:8;string:1,,"<whiteitem>{Map}\n<default>{Map Tier:} <normal>{12}"
explicitMods,Adds # to # Cold Damage against Chilled Enemies,9,9,object:9,,Adds 40 to 60 Cold Damage against Chilled Enemies
explicitMods,"Adds an incubated Unique item to an equippable item\nItem drops after killing # monsters",9,9,object:9,,"Adds an incubated Unique item to an equippable item\nItem drops after killing 4477 monsters"
explicitMods,Allies Resist Elemental Damage,9,9,object:9,,Allies Resist Elemental Damage
explicitMods,Amulet: (#-#)% increased Armour,9,9,object:7;string:2,,Amulet: (24-28)% increased Armour
explicitMods,Amulet: (#-#)% to Global Critical Strike Multiplier,9,9,object:8;string:1,,Amulet: (25-29)% to Global Critical Strike Multiplier
explicitMods,Armour: (#-#) to maximum Energy Shield,9,9,object:9,,Armour: (6-11) to maximum Energy Shield
explicitMods,Aspect of the Hellion,9,9,object:9,,Aspect of the Hellion
explicitMods,Attack Hits against Cursed Enemies have #% chance to inflict Bleeding,9,9,object:9,,Attack Hits against Cursed Enemies have 25% chance to inflict Bleeding
explicitMods,Attacks have #% Arcane Might,9,9,object:9,,Attacks have 150% Arcane Might
explicitMods,Attacks have #% chance to Poison while at maximum Frenzy Charges,9,9,object:9,,Attacks have 60% chance to Poison while at maximum Frenzy Charges
explicitMods,Belt: (#-#) to Armour,9,9,object:7;string:2,,Belt: (323-400) to Armour
explicitMods,Belt: (#-#)% increased Flask Mana Recovery rate,9,9,object:8;string:1,,Belt: (11-15)% increased Flask Mana Recovery rate
explicitMods,Belt: (#-#)% reduced Enemy Stun Threshold,9,9,object:8;string:1,,Belt: (12-13)% reduced Enemy Stun Threshold
explicitMods,"Bleeding Enemies you Kill Explode, dealing #% of\ntheir Maximum Life as Physical Damage",9,9,object:9,,"Bleeding Enemies you Kill Explode, dealing 5% of\ntheir Maximum Life as Physical Damage"
explicitMods,Body Armour: (#-#) to Armour,9,9,object:7;string:2,,Body Armour: (151-200) to Armour
explicitMods,Body Armour: (#-#)% increased Stun Threshold,9,9,object:8;string:1,,Body Armour: (31-39)% increased Stun Threshold
explicitMods,Bow: # to Level of Socketed Bow Gems,9,9,object:7;string:2,,Bow: +1 to Level of Socketed Bow Gems
explicitMods,Buff grants #% increased Attack Speed,9,9,object:9,,Buff grants 11% increased Attack Speed
explicitMods,Burning Ground deals #% of Fire Damage per second of Ignite affecting Enemy,9,9,object:9,,Burning Ground deals 30% of Fire Damage per second of Ignite affecting Enemy
explicitMods,Cannot Ignite,9,9,object:9,,Cannot Ignite
explicitMods,Contains additional waves of Undead Monsters,9,9,object:9,,Contains additional waves of Undead Monsters
explicitMods,Contains waves of Monsters,9,9,object:9,,Contains waves of Monsters
explicitMods,Crushing Claws,9,9,object:9,,Crushing Claws
explicitMods,Culling Strike against Burning Enemies,9,9,object:9,,Culling Strike against Burning Enemies
explicitMods,Cursed enemies take #% increased Physical Damage,9,9,object:9,,Cursed enemies take 30% increased Physical Damage
explicitMods,Deals #% of your maximum Life as base Chaos Damage,9,9,object:9,,Deals 14% of your maximum Life as base Chaos Damage
explicitMods,Debuffs on you expire #% faster,9,9,object:9,,Debuffs on you expire 100% faster
explicitMods,"Each Mine from Supported Skills applies #% chance to deal Double Damage to Hits against Enemies near it, up to a maximum of #%",9,9,object:9,,Each Mine from Supported Skills applies 2% chance to deal Double Damage to Hits against Enemies near
explicitMods,Gain # Frenzy Charges on use,9,9,object:9,,Gain 3 Frenzy Charges on use
explicitMods,Gain #% of Maximum Life as Extra Maximum Energy Shield,9,9,object:9,crafted=True:1,Gain 7% of Maximum Life as Extra Maximum Energy Shield
explicitMods,Gain a Frenzy Charge if an Attack Ignites an Enemy,9,9,object:9,,Gain a Frenzy Charge if an Attack Ignites an Enemy
explicitMods,Grants Immunity to Hinder for # seconds if used while Hindered,9,9,object:9,,Grants Immunity to Hinder for 6 seconds if used while Hindered
explicitMods,Grants Immunity to Maim for # seconds if used while Maimed,9,9,object:9,,Grants Immunity to Maim for 6 seconds if used while Maimed
explicitMods,Helmet: (#-#) to Armour,9,9,object:7;string:2,,Helmet: (121-140) to Armour
explicitMods,"Hits on Ignited Enemies create Burning Ground, no more than once every # seconds",9,9,object:9,,"Hits on Ignited Enemies create Burning Ground, no more than once every 2 seconds"
explicitMods,Hits up to # additional enemies near the target,9,9,object:9,,Hits up to 5 additional enemies near the target
explicitMods,Maximum # Lingering Blades can be left in the ground at a time,9,9,object:9,,Maximum 40 Lingering Blades can be left in the ground at a time
explicitMods,Maximum # Summoned Sentinels of Absolution,9,9,object:9,,Maximum 3 Summoned Sentinels of Absolution
explicitMods,Melee Hits which Stun Fortify,9,9,object:9,,Melee Hits which Stun Fortify
explicitMods,Minions have #% increased Area of Effect,9,9,object:9,,Minions have 10% increased Area of Effect
explicitMods,Minions' Hits can only Kill Ignited Enemies,9,9,object:9,,Minions' Hits can only Kill Ignited Enemies
explicitMods,Modifiers to number of Projectiles instead apply to\nthe number of targets Projectile Splits towards,9,9,object:9,,Modifiers to number of Projectiles instead apply to\nthe number of targets Projectile Splits towards
explicitMods,Monsters have # to Maximum Frenzy Charges,9,9,object:9,,Monsters have +1 to Maximum Frenzy Charges
explicitMods,Monsters have #% chance to gain an Endurance Charge on Hit,9,9,object:9,,Monsters have 38% chance to gain an Endurance Charge on Hit
explicitMods,Nearby Allies gain #% increased Mana Regeneration Rate,9,9,object:9,,Nearby Allies gain 80% increased Mana Regeneration Rate
explicitMods,Nearby Allies gain #% of Life Regenerated per second,9,9,object:9,,Nearby Allies gain 4% of Life Regenerated per second
explicitMods,Nearby Enemies have #% increased Fire and Cold Resistances,9,9,object:9,,Nearby Enemies have 50% increased Fire and Cold Resistances
explicitMods,Never deal Critical Strikes,9,9,object:9,,Never deal Critical Strikes
explicitMods,One Handed Weapon: (#-#)% increased Cast Speed,9,9,object:8;string:1,,One Handed Weapon: (21-24)% increased Cast Speed
explicitMods,Other Armour: (#-#) to Armour,9,9,object:7;string:2,,Other Armour: (91-105) to Armour
explicitMods,Other Armour: (#-#) to maximum Mana,9,9,object:8;string:1,,Other Armour: (55-59) to maximum Mana
explicitMods,Other Armour: (#-#)% chance to Avoid being Stunned,9,9,object:8;string:1,,Other Armour: (23-26)% chance to Avoid being Stunned
explicitMods,Other Jewellery: (#-#)% increased Mana Regeneration Rate,9,9,object:8;string:1,,Other Jewellery: (50-59)% increased Mana Regeneration Rate
explicitMods,Other One Handed Weapon: (#-#)% increased Impale Effect,9,9,object:7;string:2,,Other One Handed Weapon: (12-16)% increased Impale Effect
explicitMods,Projectiles Split towards # targets,9,9,object:9,,Projectiles Split towards 5 targets
explicitMods,"Pulse has #% increased Area of Effect per #s of Stun Duration, up to #%",9,9,object:9,,"Pulse has 15% increased Area of Effect per 0.1s of Stun Duration, up to 400%"
explicitMods,Quiver: (#-#)% increased Projectile Speed,9,9,object:7;string:2,,Quiver: (34-41)% increased Projectile Speed
explicitMods,Quiver: (#-#)% of Physical Attack Damage Leeched as Mana,9,9,object:8;string:1,,Quiver: (0.2-0.4)% of Physical Attack Damage Leeched as Mana
explicitMods,Quiver: (#-#)% to Global Critical Strike Multiplier,9,9,object:8;string:1,,Quiver: (25-29)% to Global Critical Strike Multiplier
explicitMods,Reforges the links between sockets on an item,9,9,object:9,,Reforges the links between sockets on an item
explicitMods,Regenerate # Mana per Second per Power Charge,9,9,object:9,,Regenerate 2 Mana per Second per Power Charge
explicitMods,Regenerate #% of Life per second during Effect,9,9,object:9,crafted=True:5,Regenerate 3% of Life per second during Effect
explicitMods,Ring: (#-#) to Armour,9,9,object:7;string:2,,Ring: (80-120) to Armour
explicitMods,Ring: (#-#)% to Global Critical Strike Multiplier,9,9,object:8;string:1,,Ring: (15-17)% to Global Critical Strike Multiplier
explicitMods,Sentinels of Purity deal #% increased Damage,9,9,object:9,,Sentinels of Purity deal 87% increased Damage
explicitMods,Shard Projectiles Deal #% less Damage,9,9,object:9,,Shard Projectiles Deal 50% less Damage
explicitMods,Shield: (#-#) to Armour,9,9,object:7;string:2,,Shield: (151-225) to Armour
explicitMods,Shield: (#-#)% increased Mana Regeneration Rate,9,9,object:8;string:1,,Shield: (50-59)% increased Mana Regeneration Rate
explicitMods,Shield: (#-#)% increased Spell Critical Strike Chance,9,9,object:8;string:1,,Shield: (80-89)% increased Spell Critical Strike Chance
explicitMods,Skills which throw Mines throw up to # additional Mine if you have at least # Dexterity,9,9,object:9,,Skills which throw Mines throw up to 1 additional Mine if you have at least 800 Dexterity
explicitMods,Skills which throw Mines throw up to # additional Mine if you have at least # Intelligence,9,9,object:9,,Skills which throw Mines throw up to 1 additional Mine if you have at least 800 Intelligence
explicitMods,Socketed Gems are Supported by Level # Cold Penetration,9,9,object:9,,Socketed Gems are Supported by Level 18 Cold Penetration
explicitMods,Socketed Gems are Supported by Level # Fortify,9,9,object:9,,Socketed Gems are Supported by Level 20 Fortify
explicitMods,Summoned Raging Spirits deal #% increased Damage,9,9,object:9,,Summoned Raging Spirits deal 208% increased Damage
explicitMods,Supported Attacks deal #% more Damage with Bleeding,9,9,object:9,,Supported Attacks deal 29% more Damage with Bleeding
explicitMods,Supported Attacks have #% chance to cause Bleeding,9,9,object:9,,Supported Attacks have 25% chance to cause Bleeding
explicitMods,Supported Skills Penetrate #% Fire Resistance,9,9,object:9,,Supported Skills Penetrate 20% Fire Resistance
explicitMods,"Supported Skills deal #% more Damage with Hits for each Poison on the Enemy, up to #",9,9,object:9,,"Supported Skills deal 5% more Damage with Hits for each Poison on the Enemy, up to 8"
explicitMods,Supported Skills deal #% more Damage with Poison,9,9,object:9,,Supported Skills deal 19% more Damage with Poison
explicitMods,Supported Skills have #% increased Fortification Duration,9,9,object:9,,Supported Skills have 20% increased Fortification Duration
explicitMods,Supported Skills have #% less Skill Effect Duration,9,9,object:9,,Supported Skills have 59% less Skill Effect Duration
explicitMods,Take #% of maximum Life and #% of maximum Energy Shield as Chaos Damage,9,9,object:9,,Take 40% of maximum Life and 25% of maximum Energy Shield as Chaos Damage
explicitMods,This Spell and Minions Convert #% of Physical Damage to Lightning Damage,9,9,object:9,,This Spell and Minions Convert 50% of Physical Damage to Lightning Damage
explicitMods,This item is destroyed when applied to a Sanctum,9,9,object:9,,This item is destroyed when applied to a Sanctum
explicitMods,Totems Reflect #% of their maximum Life as Fire Damage to nearby Enemies when Hit,9,9,object:9,,Totems Reflect 25% of their maximum Life as Fire Damage to nearby Enemies when Hit
explicitMods,Two Handed Melee Weapon: (#-#)% increased Impale Effect,9,9,object:7;string:2,,Two Handed Melee Weapon: (25-29)% increased Impale Effect
explicitMods,Two Handed Weapon: (#-#)% increased Cast Speed,9,9,object:8;string:1,,Two Handed Weapon: (32-37)% increased Cast Speed
explicitMods,Upgrades a normal item to a random rarity,9,9,object:9,,Upgrades a normal item to a random rarity
explicitMods,Wand: (#-#)% increased Projectile Speed,9,9,object:7;string:2,,Wand: (34-41)% increased Projectile Speed
explicitMods,Warcries Knock Back and Interrupt Enemies in a smaller Area,9,9,object:9,,Warcries Knock Back and Interrupt Enemies in a smaller Area
explicitMods,Will be Consumed when you level up\nto grant #% increased Experience gained for # seconds,9,9,object:9,,Will be Consumed when you level up\nto grant 100% increased Experience gained for 60 seconds
explicitMods,Will be Consumed when you reach #% of Life\nto grant #% chance to Avoid Damage from Hits for # seconds,9,9,object:9,,Will be Consumed when you reach 25% of Life\nto grant 75% chance to Avoid Damage from Hits for 4 sec
explicitMods,Winter Bloom,9,9,object:9,,Winter Bloom
explicitMods,"With at least # Intelligence in Radius, Blight has #% increased Hinder Duration",9,9,object:9,,"With at least 40 Intelligence in Radius, Blight has 50% increased Hinder Duration"
explicitMods,"With at least # Intelligence in Radius, Blight inflicts Withered for # seconds",9,9,object:9,,"With at least 40 Intelligence in Radius, Blight inflicts Withered for 2 seconds"
explicitMods,You have Onslaught while Fortified,9,9,object:9,,You have Onslaught while Fortified
explicitMods,# Added Passive Skill is Call to the Slaughter,8,8,object:8,,1 Added Passive Skill is Call to the Slaughter
explicitMods,# Added Passive Skill is Distilled Perfection,8,8,object:8,,1 Added Passive Skill is Distilled Perfection
explicitMods,# Added Passive Skill is Doedre's Spite,8,8,object:8,,1 Added Passive Skill is Doedre's Spite
explicitMods,# Added Passive Skill is Evil Eye,8,8,object:8,,1 Added Passive Skill is Evil Eye
explicitMods,# Added Passive Skill is Magnifier,8,8,object:8,,1 Added Passive Skill is Magnifier
explicitMods,# Added Passive Skill is Renewal,8,8,object:8,,1 Added Passive Skill is Renewal
explicitMods,# to # Added Fire Damage,8,8,object:8,,806 to 1210 Added Fire Damage
explicitMods,# to # Added Physical Damage,8,8,object:8,,158 to 238 Added Physical Damage
explicitMods,# to Area of Effect length,8,8,object:8,,+7 to Area of Effect length
explicitMods,# to Level of Socketed AoE Gems,8,8,object:8,crafted=True:7,+1 to Level of Socketed AoE Gems
explicitMods,# to Level of Socketed Projectile Gems,8,8,object:8,crafted=True:7,+1 to Level of Socketed Projectile Gems
explicitMods,# to Maximum Life per # Intelligence,8,8,object:8,,+2 to Maximum Life per 10 Intelligence
explicitMods,#% Chance to Block Attack Damage when in Off Hand,8,8,object:8,,+8% Chance to Block Attack Damage when in Off Hand
explicitMods,#% Chance to Block Spell Damage if you were Damaged by a Hit Recently,8,8,object:8,,+2% Chance to Block Spell Damage if you were Damaged by a Hit Recently
explicitMods,#% Chance to Block Spell Damage per Power Charge,8,8,object:8,,+5% Chance to Block Spell Damage per Power Charge
explicitMods,#% chance to Avoid being Chilled during Onslaught,8,8,object:8,,100% chance to Avoid being Chilled during Onslaught
explicitMods,#% chance to Cover Enemies in Ash on Hit,8,8,object:8,,10% chance to Cover Enemies in Ash on Hit
explicitMods,#% chance to create Desecrated Ground when you Block,8,8,object:8,,100% chance to create Desecrated Ground when you Block
explicitMods,#% chance to gain Phasing for # seconds when your Trap is triggered by an Enemy,8,8,object:8,,30% chance to gain Phasing for 4 seconds when your Trap is triggered by an Enemy
explicitMods,#% chance to gain a Frenzy Charge on Killing an Enemy affected by at least # Poisons,8,8,object:8,,29% chance to gain a Frenzy Charge on Killing an Enemy affected by at least 5 Poisons
explicitMods,#% chance to gain a Frenzy Charge when you Stun an Enemy,8,8,object:8,,15% chance to gain a Frenzy Charge when you Stun an Enemy
explicitMods,#% chance to gain a Frenzy Charge when your Trap is triggered by an Enemy,8,8,object:8,,15% chance to gain a Frenzy Charge when your Trap is triggered by an Enemy
explicitMods,#% chance to gain a Power Charge on Killing an Enemy affected by fewer than # Poisons,8,8,object:8,,13% chance to gain a Power Charge on Killing an Enemy affected by fewer than 5 Poisons
explicitMods,#% chance to receive additional Gold when opening a Reward Chest in a Heist,8,8,object:8,,7% chance to receive additional Gold when opening a Reward Chest in a Heist
explicitMods,#% increased Area of Effect per # Rampage Kills,8,8,object:8,,2% increased Area of Effect per 25 Rampage Kills
explicitMods,#% increased Armour against Projectiles,8,8,object:8,,200% increased Armour against Projectiles
explicitMods,#% increased Attack and Cast Speed if you've used a Movement Skill Recently,8,8,object:8,,15% increased Attack and Cast Speed if you've used a Movement Skill Recently
explicitMods,#% increased Chaos Damage per Level,8,8,object:8,,1% increased Chaos Damage per Level
explicitMods,#% increased Cooldown Recovery Rate for throwing Traps,8,8,object:8,,13% increased Cooldown Recovery Rate for throwing Traps
explicitMods,#% increased Critical Strike Chance against Enemies that are on Full Life,8,8,object:8,,100% increased Critical Strike Chance against Enemies that are on Full Life
explicitMods,#% increased Damage with Poison per Frenzy Charge,8,8,object:8,,10% increased Damage with Poison per Frenzy Charge
explicitMods,#% increased Duration of Cold Ailments,8,8,object:8,,35% increased Duration of Cold Ailments
explicitMods,#% increased Duration of Curses on you,8,8,object:8,,100% increased Duration of Curses on you
explicitMods,#% increased Duration of Shrine Effects on you,8,8,object:8,,50% increased Duration of Shrine Effects on you
explicitMods,#% increased Duration per Stage,8,8,object:8,,30% increased Duration per Stage
explicitMods,#% increased Effect of Buffs granted by your Golems,8,8,object:8,,30% increased Effect of Buffs granted by your Golems
explicitMods,#% increased Energy Shield Recovery rate,8,8,object:8,,12% increased Energy Shield Recovery rate
explicitMods,#% increased Fire Damage while affected by Herald of Ash,8,8,object:8,,58% increased Fire Damage while affected by Herald of Ash
explicitMods,#% increased Light Radius during Effect,8,8,object:8,,25% increased Light Radius during Effect
explicitMods,#% increased Movement Speed while Phasing,8,8,object:8,,15% increased Movement Speed while Phasing
explicitMods,#% increased Physical Damage per Endurance Charge,8,8,object:8,,7% increased Physical Damage per Endurance Charge
explicitMods,#% increased Physical Damage with Ranged Weapons,8,8,object:8,,96% increased Physical Damage with Ranged Weapons
explicitMods,#% increased Poison Duration per Power Charge,8,8,object:8,,3% increased Poison Duration per Power Charge
explicitMods,#% increased Projectile Damage per Power Charge,8,8,object:8,,5% increased Projectile Damage per Power Charge
explicitMods,#% increased Projectile Frequency per Stage,8,8,object:8,,20% increased Projectile Frequency per Stage
explicitMods,#% increased Projectile Speed per Frenzy Charge,8,8,object:8,,5% increased Projectile Speed per Frenzy Charge
explicitMods,#% increased Shock Duration on Enemies,8,8,object:8,,15% increased Shock Duration on Enemies
explicitMods,#% increased Spell Damage per #% Chance to Block Attack Damage,8,8,object:8,,8% increased Spell Damage per 5% Chance to Block Attack Damage
explicitMods,#% more Area of Effect if Consuming a corpse,8,8,object:8,,300% more Area of Effect if Consuming a corpse
explicitMods,#% more Damage with Bleeding,8,8,object:8,,50% more Damage with Bleeding
explicitMods,#% more Projectile Frequency while Channelling,8,8,object:8,,80% more Projectile Frequency while Channelling
explicitMods,#% of Attack Damage Leeched as Life on Critical Strike,8,8,object:8,,1% of Attack Damage Leeched as Life on Critical Strike
explicitMods,#% of Chaos Damage Leeched as Life,8,8,object:8,,0.2% of Chaos Damage Leeched as Life
explicitMods,#% of Damage from Hits against target is taken from your Energy Shield before them,8,8,object:8,,30% of Damage from Hits against target is taken from your Energy Shield before them
explicitMods,#% of Damage you Reflect to Enemies when Hit is leeched as Life,8,8,object:8,,100% of Damage you Reflect to Enemies when Hit is leeched as Life
explicitMods,#% reduced Experience gain,8,8,object:8,,50% reduced Experience gain
explicitMods,#% reduced Ignite Duration on Enemies,8,8,object:8,,50% reduced Ignite Duration on Enemies
explicitMods,#% reduced Maximum number of Summoned Raging Spirits,8,8,object:8,,75% reduced Maximum number of Summoned Raging Spirits
explicitMods,#% reduced Trap Duration,8,8,object:8,,71% reduced Trap Duration
explicitMods,#% to Cold Resistance when Socketed with a Green Gem,8,8,object:8,,+99% to Cold Resistance when Socketed with a Green Gem
explicitMods,#% to Elemental Resistances during Effect,8,8,object:8,,+10% to Elemental Resistances during Effect
explicitMods,#% to Fire Resistance when Socketed with a Red Gem,8,8,object:8,,+95% to Fire Resistance when Socketed with a Red Gem
explicitMods,#% to Global Critical Strike Multiplier per Green Socket,8,8,object:8,,+10% to Global Critical Strike Multiplier per Green Socket
explicitMods,#% to Lightning Resistance when Socketed with a Blue Gem,8,8,object:8,,+81% to Lightning Resistance when Socketed with a Blue Gem
explicitMods,#% to all maximum Resistances,8,8,object:8,,+4% to all maximum Resistances
explicitMods,#% to all maximum Resistances while you have no Endurance Charges,8,8,object:8,,+2% to all maximum Resistances while you have no Endurance Charges
explicitMods,#% to maximum Fire Resistance while affected by Herald of Ash,8,8,object:8,,+1% to maximum Fire Resistance while affected by Herald of Ash
explicitMods,Adds # to # Chaos Damage in Off Hand,8,8,object:8,,Adds 178 to 338 Chaos Damage in Off Hand
explicitMods,All Sockets are White,8,8,object:8,,All Sockets are White
explicitMods,Allies Move and Attack Faster,8,8,object:8,,Allies Move and Attack Faster
explicitMods,Animated Lingering Blades deal # to # Added Attack Physical Damage,8,8,object:8,,Animated Lingering Blades deal 17 to 80 Added Attack Physical Damage
explicitMods,Area contains no monsters,8,8,object:8,,Area contains no monsters
explicitMods,Attack Skills have # to maximum number of Summoned Totems,8,8,object:8,,Attack Skills have +1 to maximum number of Summoned Totems
explicitMods,Attacks Chain an additional time when in Main Hand,8,8,object:8,,Attacks Chain an additional time when in Main Hand
explicitMods,Attacks fire an additional Projectile when in Off Hand,8,8,object:8,,Attacks fire an additional Projectile when in Off Hand
explicitMods,"Buff grants #% to all Elemental Resistances per # power, counting a maximum of # Power",8,8,object:8,,"Buff grants +5% to all Elemental Resistances per 5 power, counting a maximum of 30 Power"
explicitMods,"Buff grants #% to all Maximum Elemental\nResistances per # Power, counting a maximum of # Power",8,8,object:8,,"Buff grants +1% to all Maximum Elemental\nResistances per 10 Power, counting a maximum of 30 Power"
explicitMods,"Buff grants Added Attack Damage equal to #% of the Damage of your Main\nHand Weapon per # Power, counting a maximum of # Power",8,8,object:8,,"Buff grants Added Attack Damage equal to 4% of the Damage of your Main\nHand Weapon per 5 Power, cou"
explicitMods,Buff has #% more Effect on your Minions,8,8,object:8,,Buff has 100% more Effect on your Minions
explicitMods,Buff makes you Unaffected by Temporal Chains,8,8,object:8,,Buff makes you Unaffected by Temporal Chains
explicitMods,Carved to glorify # new faithful converted by High Templar Dominus\nPassives in radius are Conquered by the Templars,8,8,object:8,,Carved to glorify 4302 new faithful converted by High Templar Dominus\nPassives in radius are Conque
explicitMods,Causes Bleeding,8,8,object:8,,Causes Bleeding
explicitMods,Chests have #% increased Item Rarity,8,8,object:8,,Chests have 3112% increased Item Rarity
explicitMods,Commanded leadership over # warriors under Akoya\nPassives in radius are Conquered by the Karui,8,8,object:8,,Commanded leadership over 12667 warriors under Akoya\nPassives in radius are Conquered by the Karui
explicitMods,Counts as Dual Wielding,8,8,object:8,,Counts as Dual Wielding
explicitMods,Counts total Power of Enemies and Allies in Range,8,8,object:8,,Counts total Power of Enemies and Allies in Range
explicitMods,Creates # fissures,8,8,object:8,,Creates 6 fissures
explicitMods,Curse Enemies with Socketed Hex Curse Gem on Hit,8,8,object:8,,Curse Enemies with Socketed Hex Curse Gem on Hit
explicitMods,Cursed Enemies grant # Rage when Stunned,8,8,object:8,,Cursed Enemies grant 10 Rage when Stunned
explicitMods,Cursed enemies grant #% Life Leech when Hit by Attacks,8,8,object:8,,Cursed enemies grant 2.8% Life Leech when Hit by Attacks
explicitMods,Cursed enemies grant #% Mana Leech when Hit by Attacks,8,8,object:8,,Cursed enemies grant 2.8% Mana Leech when Hit by Attacks
explicitMods,Cursed enemies have a #% chance to grant an Endurance Charge when slain,8,8,object:8,,Cursed enemies have a 100% chance to grant an Endurance Charge when slain
explicitMods,Damage Penetrates #% of Enemy Elemental Resistances,8,8,object:8,,Damage Penetrates 15% of Enemy Elemental Resistances
explicitMods,Damages Enemies # times,8,8,object:8,,Damages Enemies 8 times
explicitMods,Damaging Ailments deal damage #% faster,8,8,object:8,,Damaging Ailments deal damage 5% faster
explicitMods,Enemies Cannot Leech Mana From you,8,8,object:8,,Enemies Cannot Leech Mana From you
explicitMods,"Exerted Attacks deal #% more Damage per affected Ally, to a maximum of #%",8,8,object:8,,"Exerted Attacks deal 5% more Damage per affected Ally, to a maximum of 25%"
explicitMods,Exerted Strikes target # additional Enemies,8,8,object:8,,Exerted Strikes target 2 additional Enemies
explicitMods,Exerts the next # Melee Strike Attacks you perform,8,8,object:8,,Exerts the next 8 Melee Strike Attacks you perform
explicitMods,Fires projectiles every # seconds,8,8,object:8,,Fires projectiles every 1.2 seconds
explicitMods,Gain # Endurance Charges on use,8,8,object:8,,Gain 2 Endurance Charges on use
explicitMods,Gain # Life per Ignited Enemy Killed,8,8,object:8,,Gain 219 Life per Ignited Enemy Killed
explicitMods,Gain # Trauma the first time this Attack Hits an Enemy\nTake # Physical Damage per Trauma when you gain Trauma\nTrauma lasts # seconds,8,8,object:8,,Gain 1 Trauma the first time this Attack Hits an Enemy\nTake 194 Physical Damage per Trauma when you
explicitMods,Gain #% of Cold Damage as Extra Fire Damage against Frozen Enemies,8,8,object:8,,Gain 30% of Cold Damage as Extra Fire Damage against Frozen Enemies
explicitMods,Gain #% of Cold Damage as Extra Fire Damage per #% Chill Effect on Enemy,8,8,object:8,,Gain 1% of Cold Damage as Extra Fire Damage per 1% Chill Effect on Enemy
explicitMods,Gain #% of Non-Chaos Damage as extra Chaos Damage,8,8,object:8,crafted=True:4,Gain 3% of Non-Chaos Damage as extra Chaos Damage
explicitMods,Gain #% of Physical Attack Damage as Extra Fire Damage,8,8,object:8,,Gain 15% of Physical Attack Damage as Extra Fire Damage
explicitMods,Gain #% of Physical Damage as Extra Chaos Damage while at maximum Power Charges,8,8,object:8,,Gain 11% of Physical Damage as Extra Chaos Damage while at maximum Power Charges
explicitMods,Gain #% to Critical Strike Chance for # seconds after Spending a total of # Mana,8,8,object:8,,Gain +2% to Critical Strike Chance for 2 seconds after Spending a total of 800 Mana
explicitMods,Gain a Frenzy Charge on Critical Strike,8,8,object:8,,Gain a Frenzy Charge on Critical Strike
explicitMods,Gain a Frenzy Charge on every #th Rampage Kill,8,8,object:8,,Gain a Frenzy Charge on every 50th Rampage Kill
explicitMods,Golems have # to Armour,8,8,object:8,,Golems have +936 to Armour
explicitMods,Golems have #% increased Attack and Cast Speed,8,8,object:8,,Golems have 18% increased Attack and Cast Speed
explicitMods,Grants Level # Aspect of the Spider Skill,8,8,object:8,,Grants Level 20 Aspect of the Spider Skill
explicitMods,Grants Level # Purity of Elements Skill,8,8,object:8,,Grants Level 10 Purity of Elements Skill
explicitMods,Grants Level # Summon Stone Golem Skill,8,8,object:8,,Grants Level 12 Summon Stone Golem Skill
explicitMods,Has # Abyssal Sockets,8,8,object:8,,Has 2 Abyssal Sockets
explicitMods,Has no Attribute Requirements,8,8,object:8,,Has no Attribute Requirements
explicitMods,Herald of Purity has #% increased Buff Effect,8,8,object:8,,Herald of Purity has 53% increased Buff Effect
explicitMods,Hits against Cursed Enemies have #% chance to double Stun Duration,8,8,object:8,,Hits against Cursed Enemies have 56% chance to double Stun Duration
explicitMods,Ignites you inflict deal Damage #% faster,8,8,object:8,mutated=True:1,Ignites you inflict deal Damage 22% faster
explicitMods,Increases and Reductions to Cast Speed also apply to Projectile Frequency,8,8,object:8,,Increases and Reductions to Cast Speed also apply to Projectile Frequency
explicitMods,Iron Grip,8,8,object:8,,Iron Grip
explicitMods,Lightning Damage of Enemies Hitting you is Lucky,8,8,object:8,,Lightning Damage of Enemies Hitting you is Lucky
explicitMods,Linked target Recovers # Life when they Block,8,8,object:8,,Linked target Recovers 48 Life when they Block
explicitMods,Linked target takes #% less Damage,8,8,object:8,,Linked target takes 5% less Damage
explicitMods,Linked target's Chance to Block Attack Damage is equal to yours\nLinked target's Maximum Chance to Block Attack Damage is equal to yours,8,8,object:8,,Linked target's Chance to Block Attack Damage is equal to yours\nLinked target's Maximum Chance to B
explicitMods,Lose all Power Charges on reaching Maximum Power Charges,8,8,object:8,,Lose all Power Charges on reaching Maximum Power Charges
explicitMods,Manifested Dancing Dervishes die when Rampage ends,8,8,object:8,,Manifested Dancing Dervishes die when Rampage ends
explicitMods,Manifested Dancing Dervishes disables both weapon slots,8,8,object:8,,Manifested Dancing Dervishes disables both weapon slots
explicitMods,Maximum # Animated Weapons,8,8,object:8,,Maximum 16 Animated Weapons
explicitMods,Maximum # Spikes,8,8,object:8,,Maximum 18 Spikes
explicitMods,Melee Hits Fortify for # seconds,8,8,object:8,,Melee Hits Fortify for 8 seconds
explicitMods,Melee Hits count as Rampage Kills\nRampage,8,8,object:8,,Melee Hits count as Rampage Kills\nRampage
explicitMods,Minions convert #% of Physical Damage to Chaos Damage per White Socket,8,8,object:8,,Minions convert 25% of Physical Damage to Chaos Damage per White Socket
explicitMods,Minions convert #% of Physical Damage to Cold Damage per Green Socket,8,8,object:8,,Minions convert 25% of Physical Damage to Cold Damage per Green Socket
explicitMods,Minions convert #% of Physical Damage to Fire Damage per Red Socket,8,8,object:8,,Minions convert 25% of Physical Damage to Fire Damage per Red Socket
explicitMods,Minions convert #% of Physical Damage to Lightning Damage per Blue Socket,8,8,object:8,,Minions convert 25% of Physical Damage to Lightning Damage per Blue Socket
explicitMods,Minions from Supported Skills deal #% more Elemental Damage,8,8,object:8,,Minions from Supported Skills deal 19% more Elemental Damage
explicitMods,Minions from Supported Skills have #% to all Elemental Resistances,8,8,object:8,,Minions from Supported Skills have +29% to all Elemental Resistances
explicitMods,Minions from Supported Skills have #% to all maximum Elemental Resistances,8,8,object:8,,Minions from Supported Skills have +2% to all maximum Elemental Resistances
explicitMods,"Minions from Supported Skills inflict Exposure on Hit, applying #% to the Elemental Resistance matching highest Damage type taken by Enemy",8,8,object:8,,"Minions from Supported Skills inflict Exposure on Hit, applying -10% to the Elemental Resistance mat"
explicitMods,"Minions have #% chance to Freeze, Shock and Ignite",8,8,object:8,,"Minions have 9% chance to Freeze, Shock and Ignite"
explicitMods,Minions' Attacks deal # to # additional Physical Damage,8,8,object:8,,Minions' Attacks deal 126 to 184 additional Physical Damage
explicitMods,Modifiers to number of Projectiles do not apply to this Skill,8,8,object:8,,Modifiers to number of Projectiles do not apply to this Skill
explicitMods,Monsters have #% Chance to Block Attack Damage,8,8,object:8,,Monsters have +50% Chance to Block Attack Damage
explicitMods,Nearby Allies' Damage with Hits is Lucky,8,8,object:8,,Nearby Allies' Damage with Hits is Lucky
explicitMods,Only affects Passives in Large Ring,8,8,object:8,,Only affects Passives in Large Ring
explicitMods,Pain Attunement,8,8,object:8,,Pain Attunement
explicitMods,Ragestorm deals #% more Damage per # Rage Sacrificed,8,8,object:8,,Ragestorm deals 10% more Damage per 1 Rage Sacrificed
explicitMods,Ragestorm has # metres to radius per # Rage sacrificed,8,8,object:8,,Ragestorm has +0.1 metres to radius per 2 Rage sacrificed
explicitMods,Recover # Energy Shield when your Trap is triggered by an Enemy,8,8,object:8,,Recover 50 Energy Shield when your Trap is triggered by an Enemy
explicitMods,Recover # Life when your Trap is triggered by an Enemy,8,8,object:8,,Recover 100 Life when your Trap is triggered by an Enemy
explicitMods,Recover Full Life at the end of the Effect,8,8,object:8,,Recover Full Life at the end of the Effect
explicitMods,Reflects # Chaos Damage to Melee Attackers,8,8,object:8,,Reflects 30 Chaos Damage to Melee Attackers
explicitMods,Reforges the colour of sockets on an item,8,8,object:8,,Reforges the colour of sockets on an item
explicitMods,Reforges the number of sockets on an item,8,8,object:8,,Reforges the number of sockets on an item
explicitMods,Regenerate #% of Energy Shield per second,8,8,object:8,,Regenerate 0.6% of Energy Shield per second
explicitMods,"Sacrifices #% of Rage to create a Ragestorm, if you have at least # Rage",8,8,object:8,,"Sacrifices 25% of Rage to create a Ragestorm, if you have at least 10 Rage"
explicitMods,Shattering Spikes deal #% less damage,8,8,object:8,,Shattering Spikes deal 30% less damage
explicitMods,Socketed Gems Cost and Reserve Life instead of Mana,8,8,object:8,,Socketed Gems Cost and Reserve Life instead of Mana
explicitMods,Socketed Gems are Supported by Level # Added Cold Damage,8,8,object:8,,Socketed Gems are Supported by Level 10 Added Cold Damage
explicitMods,Socketed Gems are Supported by Level # Blasphemy,8,8,object:8,,Socketed Gems are Supported by Level 20 Blasphemy
explicitMods,Socketed Gems are Supported by Level # Elemental Proliferation,8,8,object:8,,Socketed Gems are Supported by Level 5 Elemental Proliferation
explicitMods,Socketed Gems are Supported by Level # Faster Attacks,8,8,object:8,,Socketed Gems are Supported by Level 30 Faster Attacks
explicitMods,Socketed Gems are Supported by Level # Hypothermia,8,8,object:8,,Socketed Gems are Supported by Level 1 Hypothermia
explicitMods,Socketed Gems are Supported by Level # Inspiration,8,8,object:8,,Socketed Gems are Supported by Level 1 Inspiration
explicitMods,Socketed Gems are Supported by Level # Spell Echo,8,8,object:8,,Socketed Gems are Supported by Level 10 Spell Echo
explicitMods,Socketed Gems have Elemental Equilibrium,8,8,object:8,,Socketed Gems have Elemental Equilibrium
explicitMods,Spreads Tar when you take a Critical Strike,8,8,object:8,,Spreads Tar when you take a Critical Strike
explicitMods,Spreads when affected Enemy dies,8,8,object:8,,Spreads when affected Enemy dies
explicitMods,Summoned Raging Spirits' Hits always Ignite,8,8,object:8,,Summoned Raging Spirits' Hits always Ignite
explicitMods,Supported Skills always fire at least # Projectile,8,8,object:8,,Supported Skills always fire at least 1 Projectile
explicitMods,Supported Skills can have up to # additional Remote Mines placed at a time,8,8,object:8,,Supported Skills can have up to 3 additional Remote Mines placed at a time
explicitMods,Supported Skills deal #% less Trap Damage,8,8,object:8,,Supported Skills deal 6% less Trap Damage
explicitMods,Supported Skills have # to # added Cold Damage per Frenzy Charge,8,8,object:8,,Supported Skills have 17 to 25 added Cold Damage per Frenzy Charge
explicitMods,Supported Skills have #% chance to Freeze,8,8,object:8,,Supported Skills have 15% chance to Freeze
explicitMods,Supported Skills have #% chance to gain a Frenzy Charge on Killing a Frozen Enemy,8,8,object:8,,Supported Skills have 70% chance to gain a Frenzy Charge on Killing a Frozen Enemy
explicitMods,Supported Skills have #% increased Cooldown Recovery Rate for throwing Traps,8,8,object:8,,Supported Skills have 107% increased Cooldown Recovery Rate for throwing Traps
explicitMods,Supported Skills have #% increased Mine Throwing Speed,8,8,object:8,,Supported Skills have 5% increased Mine Throwing Speed
explicitMods,Trigger Level # Create Lesser Shrine when you Kill an Enemy,8,8,object:8,,Trigger Level 1 Create Lesser Shrine when you Kill an Enemy
explicitMods,Trigger Level # Gore Shockwave on Melee Hit if you have at least # Strength,8,8,object:8,,Trigger Level 1 Gore Shockwave on Melee Hit if you have at least 150 Strength
explicitMods,Trigger Level # Void Gaze when you use a Skill,8,8,object:8,,Trigger Level 10 Void Gaze when you use a Skill
explicitMods,Triggers Level # Manifest Dancing Dervishes on Rampage,8,8,object:8,,Triggers Level 15 Manifest Dancing Dervishes on Rampage
explicitMods,Upgrades a normal item to a magic item,8,8,object:8,,Upgrades a normal item to a magic item
explicitMods,You and your Minions take #% reduced Reflected Elemental Damage,8,8,object:8,,You and your Minions take 52% reduced Reflected Elemental Damage
explicitMods,You gain Onslaught for # seconds on Culling Strike,8,8,object:8,,You gain Onslaught for 3 seconds on Culling Strike
explicitMods,You have Onslaught while at maximum Endurance Charges,8,8,object:8,,You have Onslaught while at maximum Endurance Charges
explicitMods,You take #% reduced Extra Damage from Critical Strikes while you have no Power Charges,8,8,object:8,,You take 50% reduced Extra Damage from Critical Strikes while you have no Power Charges
explicitMods,Your Hits can only Kill Frozen Enemies,8,8,object:8,,Your Hits can only Kill Frozen Enemies
explicitMods,# Accuracy Rating per # Intelligence,7,7,object:7,,+4 Accuracy Rating per 2 Intelligence
explicitMods,# Added Passive Skill is Haemorrhage,7,7,object:7,,1 Added Passive Skill is Haemorrhage
explicitMods,# Life Regeneration per second,7,7,object:7,,1.7 Life Regeneration per second
explicitMods,# Life gained per Enemy Hit with Supported Attacks,7,7,object:7,,54 Life gained per Enemy Hit with Supported Attacks
explicitMods,# Life per # Dexterity,7,7,object:7,,+1 Life per 4 Dexterity
explicitMods,# Mana gained on Killing a Frozen Enemy,7,7,object:7,,+24 Mana gained on Killing a Frozen Enemy
explicitMods,# Mana per # Strength,7,7,object:7,,+1 Mana per 4 Strength
explicitMods,# Physical Damage taken from Hits by Animals,7,7,object:7,,-40 Physical Damage taken from Hits by Animals
explicitMods,# metres to Radius per # Rage,7,7,object:7,,+0.1 metres to Radius per 5 Rage
explicitMods,# to Armour while Frozen,7,7,object:7,,+5000 to Armour while Frozen
explicitMods,# to Evasion Rating while in Sand Stance,7,7,object:7,,+705 to Evasion Rating while in Sand Stance
explicitMods,# to Level of all Chaos Skill Gems,7,7,object:7,,+1 to Level of all Chaos Skill Gems
explicitMods,# to Maximum Spirit Charges per Abyss Jewel affecting you,7,7,object:7,,+1 to Maximum Spirit Charges per Abyss Jewel affecting you
explicitMods,# to Spectre maximum Life,7,7,object:7,,+1000 to Spectre maximum Life
explicitMods,# to Ward,7,7,object:7,,+96 to Ward
explicitMods,# to maximum number of Summoned Holy Relics,7,7,object:7,,+1 to maximum number of Summoned Holy Relics
explicitMods,#% Global chance to Blind Enemies on hit,7,7,object:7,,10% Global chance to Blind Enemies on hit
explicitMods,#% chance for Slain monsters to drop an additional Scroll of Wisdom,7,7,object:7,,3% chance for Slain monsters to drop an additional Scroll of Wisdom
explicitMods,#% chance to Avoid being Shocked while Chilled,7,7,object:7,,100% chance to Avoid being Shocked while Chilled
explicitMods,#% chance to Cause Bleeding on Critical Strike,7,7,object:7,,50% chance to Cause Bleeding on Critical Strike
explicitMods,#% chance to Cause Poison on Critical Strike,7,7,object:7,,50% chance to Cause Poison on Critical Strike
explicitMods,#% chance to Maim on Hit,7,7,object:7,,20% chance to Maim on Hit
explicitMods,#% chance to Shock Chilled Enemies,7,7,object:7,,50% chance to Shock Chilled Enemies
explicitMods,#% chance to be Shocked,7,7,object:7,,+20% chance to be Shocked
explicitMods,#% chance to create Consecrated Ground when you Block,7,7,object:7,,100% chance to create Consecrated Ground when you Block
explicitMods,#% chance to deal Double Damage to Bleeding Enemies,7,7,object:7,,23% chance to deal Double Damage to Bleeding Enemies
explicitMods,#% increased Area of Effect while in Sand Stance,7,7,object:7,,21% increased Area of Effect while in Sand Stance
explicitMods,#% increased Attack Speed per maximum Totem,7,7,object:7,,5% increased Attack Speed per maximum Totem
explicitMods,#% increased Critical Strike Chance with Lightning Skills,7,7,object:7,,18% increased Critical Strike Chance with Lightning Skills
explicitMods,#% increased Critical Strike Chance with One Handed Melee Weapons,7,7,object:7,,18% increased Critical Strike Chance with One Handed Melee Weapons
explicitMods,#% increased Damage with Hits against Chilled Enemies,7,7,object:7,,42% increased Damage with Hits against Chilled Enemies
explicitMods,#% increased Damage with Hits and Ailments against Hindered Enemies,7,7,object:7,,100% increased Damage with Hits and Ailments against Hindered Enemies
explicitMods,#% increased Damage with Hits and Ailments per Curse on Enemy,7,7,object:7,,12% increased Damage with Hits and Ailments per Curse on Enemy
explicitMods,#% increased Dexterity if Strength is higher than Intelligence,7,7,object:7,,15% increased Dexterity if Strength is higher than Intelligence
explicitMods,#% increased Effect of Chills you inflict while Leeching Mana,7,7,object:7,,90% increased Effect of Chills you inflict while Leeching Mana
explicitMods,#% increased Effect of Shocks you inflict while Leeching Energy Shield,7,7,object:7,,73% increased Effect of Shocks you inflict while Leeching Energy Shield
explicitMods,#% increased Elemental Damage per # Dexterity,7,7,object:7,,1% increased Elemental Damage per 10 Dexterity
explicitMods,"#% increased Endurance, Frenzy and Power Charge Duration",7,7,object:7,,"159% increased Endurance, Frenzy and Power Charge Duration"
explicitMods,#% increased Energy Shield per # Strength,7,7,object:7,,1% increased Energy Shield per 10 Strength
explicitMods,#% increased Evasion Rating per # Intelligence,7,7,object:7,,2% increased Evasion Rating per 10 Intelligence
explicitMods,#% increased Flask Charges used,7,7,object:7,,10% increased Flask Charges used
explicitMods,#% increased Global Critical Strike Chance when in Main Hand,7,7,object:7,,69% increased Global Critical Strike Chance when in Main Hand
explicitMods,#% increased Global Defences per White Socket,7,7,object:7,,8% increased Global Defences per White Socket
explicitMods,#% increased Intelligence Requirement,7,7,object:7,,60% increased Intelligence Requirement
explicitMods,#% increased Intelligence for each Unique Item Equipped,7,7,object:7,,2% increased Intelligence for each Unique Item Equipped
explicitMods,#% increased Mana Regeneration Rate per Power Charge,7,7,object:7,,10% increased Mana Regeneration Rate per Power Charge
explicitMods,#% increased Melee Damage per Endurance Charge,7,7,object:7,,4% increased Melee Damage per Endurance Charge
explicitMods,#% increased Melee Physical Damage per # Dexterity,7,7,object:7,,2% increased Melee Physical Damage per 10 Dexterity
explicitMods,"#% increased Movement Speed per # Evasion Rating, up to #%",7,7,object:7,,"1% increased Movement Speed per 600 Evasion Rating, up to 75%"
explicitMods,#% increased Power Charge Duration,7,7,object:7,,100% increased Power Charge Duration
explicitMods,#% increased Projectile Damage while in Blood Stance,7,7,object:7,,58% increased Projectile Damage while in Blood Stance
explicitMods,#% increased Rogue's Marker value of primary Heist Target,7,7,object:7,,20% increased Rogue's Marker value of primary Heist Target
explicitMods,#% increased Skeleton Duration,7,7,object:7,,168% increased Skeleton Duration
explicitMods,#% increased Spell Damage per # Intelligence,7,7,object:7,,1% increased Spell Damage per 16 Intelligence
explicitMods,#% increased Stun Duration on you,7,7,object:7,,50% increased Stun Duration on you
explicitMods,#% increased Ward,7,7,object:7,,32% increased Ward
explicitMods,#% more Attack Damage per Endurance Charge,7,7,object:7,,2% more Attack Damage per Endurance Charge
explicitMods,#% more Attack Speed while you're in a Blood Bladestorm,7,7,object:7,,10% more Attack Speed while you're in a Blood Bladestorm
explicitMods,#% more Damage while at maximum Stages,7,7,object:7,,23% more Damage while at maximum Stages
explicitMods,#% more Physical Damage with Unarmed Melee Attacks,7,7,object:7,,798% more Physical Damage with Unarmed Melee Attacks
explicitMods,#% of Damage is taken from Mana before Life per Power Charge,7,7,object:7,,1% of Damage is taken from Mana before Life per Power Charge
explicitMods,#% of Life Recovery from Flasks is applied to nearby Allies instead of You,7,7,object:7,,100% of Life Recovery from Flasks is applied to nearby Allies instead of You
explicitMods,#% of Lightning Damage is taken from Mana before Life,7,7,object:7,,30% of Lightning Damage is taken from Mana before Life
explicitMods,#% of Physical Attack Damage Leeched as Life per Red Socket,7,7,object:7,,0.3% of Physical Attack Damage Leeched as Life per Red Socket
explicitMods,#% of Spell Damage Leeched as Energy Shield,7,7,object:7,,4% of Spell Damage Leeched as Energy Shield
explicitMods,#% reduced Critical Strike Chance per Power Charge,7,7,object:7,,40% reduced Critical Strike Chance per Power Charge
explicitMods,#% reduced Effect of Marks from Supported Skills,7,7,object:7,,21% reduced Effect of Marks from Supported Skills
explicitMods,#% reduced Mana Cost per Endurance Charge,7,7,object:7,,4% reduced Mana Cost per Endurance Charge
explicitMods,#% reduced Spell Damage taken from Blinded Enemies,7,7,object:7,,30% reduced Spell Damage taken from Blinded Enemies
explicitMods,#% reduced Totem Damage,7,7,object:7,,31% reduced Totem Damage
explicitMods,#% to Critical Strike Multiplier if Dexterity is higher than Intelligence,7,7,object:7,,+27% to Critical Strike Multiplier if Dexterity is higher than Intelligence
explicitMods,#% to Critical Strike Multiplier while Dual Wielding,7,7,object:7,,+15% to Critical Strike Multiplier while Dual Wielding
explicitMods,#% to Critical Strike Multiplier with Fire Skills,7,7,object:7,,+17% to Critical Strike Multiplier with Fire Skills
explicitMods,#% to Lightning Resistance while affected by Herald of Thunder,7,7,object:7,,+58% to Lightning Resistance while affected by Herald of Thunder
explicitMods,#% to maximum Lightning Resistance while affected by Herald of Thunder,7,7,object:7,,+1% to maximum Lightning Resistance while affected by Herald of Thunder
explicitMods,"Adds an incubated Labyrinth item to an equippable item\nItem drops after killing # monsters",7,7,object:7,,"Adds an incubated Labyrinth item to an equippable item\nItem drops after killing 4773 monsters"
explicitMods,"Adds an incubated Rare Abyss item to an equippable item\nItem drops after killing # monsters",7,7,object:7,,"Adds an incubated Rare Abyss item to an equippable item\nItem drops after killing 8924 monsters"
explicitMods,Allies Regenerate Life,7,7,object:7,,Allies Regenerate Life
explicitMods,Arrows fire Beams every # seconds,7,7,object:7,,Arrows fire Beams every 0.40 seconds
explicitMods,Attack Skills have Added Lightning Damage equal to #% of maximum Mana,7,7,object:7,,Attack Skills have Added Lightning Damage equal to 6% of maximum Mana
explicitMods,Augments a magic item with a new random modifier,7,7,object:7,,Augments a magic item with a new random modifier
explicitMods,Bladestorm deals #% less Damage with Hits and Ailments,7,7,object:7,,Bladestorm deals 50% less Damage with Hits and Ailments
explicitMods,Can grow into a Mysterious item on the Genesis Tree,7,7,object:7,,Can grow into a Mysterious item on the Genesis Tree
explicitMods,Can have up to # Chilling Areas,7,7,object:7,,Can have up to 10 Chilling Areas
explicitMods,Cannot Leech Life,7,7,object:7,,Cannot Leech Life
explicitMods,Cold Exposure you inflict applies an extra #% to Cold Resistance,7,7,object:7,,Cold Exposure you inflict applies an extra -12% to Cold Resistance
explicitMods,Consumes one Cooldown Use per Statue Summoned,7,7,object:7,,Consumes one Cooldown Use per Statue Summoned
explicitMods,"Corrupts an item, modifying it unpredictably",7,7,object:7,,"Corrupts an item, modifying it unpredictably"
explicitMods,Count as having maximum number of Endurance Charges\nCount as having maximum number of Frenzy Charges\nCount as having maximum number of Power Charges,7,7,object:7,,Count as having maximum number of Endurance Charges\nCount as having maximum number of Frenzy Charge
explicitMods,Critical Strikes do not inherently inflict non-Damaging Ailments,7,7,object:7,,Critical Strikes do not inherently inflict non-Damaging Ailments
explicitMods,Critical Strikes inflict Malignant Madness if The Eater of Worlds is dominant,7,7,object:7,,Critical Strikes inflict Malignant Madness if The Eater of Worlds is dominant
explicitMods,Each Arrow can fire # Beams,7,7,object:7,,Each Arrow can fire 5 Beams
explicitMods,Elemental Damage from Supported Skills cannot be Reflected,7,7,object:7,,Elemental Damage from Supported Skills cannot be Reflected
explicitMods,Elemental Resistances are Zero,7,7,object:7,,Elemental Resistances are Zero
explicitMods,"Enemies Killed with Attack or Spell Hits Explode, dealing #% of their Life as Fire Damage",7,7,object:7,,"Enemies Killed with Attack or Spell Hits Explode, dealing 10% of their Life as Fire Damage"
explicitMods,"Enemies in range are Hindered, with up to #% reduced Movement Speed, based on distance from the Void Sphere",7,7,object:7,,"Enemies in range are Hindered, with up to 38% reduced Movement Speed, based on distance from the Voi"
explicitMods,Every third successive strike Freezes enemies as though dealing #% more Damage,7,7,object:7,,Every third successive strike Freezes enemies as though dealing 200% more Damage
explicitMods,Fires Projectiles #% faster,7,7,object:7,,Fires Projectiles 17% faster
explicitMods,Fires Projectiles sequentially,7,7,object:7,,Fires Projectiles sequentially
explicitMods,Gain # Life per Cursed Enemy Hit with Attacks,7,7,object:7,,Gain 20 Life per Cursed Enemy Hit with Attacks
explicitMods,Gain # Mana per Cursed Enemy Hit with Attacks,7,7,object:7,,Gain 13 Mana per Cursed Enemy Hit with Attacks
explicitMods,Gain # Power Charges on use,7,7,object:7,,Gain 2 Power Charges on use
explicitMods,Gain #% of Fire Damage as Extra Chaos Damage,7,7,object:7,,Gain 8% of Fire Damage as Extra Chaos Damage
explicitMods,Gain #% of Physical Damage as Extra Cold Damage during effect,7,7,object:7,,Gain 13% of Physical Damage as Extra Cold Damage during effect
explicitMods,Gain Rampage while at Maximum Endurance Charges,7,7,object:7,,Gain Rampage while at Maximum Endurance Charges
explicitMods,Grants Level # Envy Skill,7,7,object:7,,Grants Level 25 Envy Skill
explicitMods,Heist Chests have a #% chance to Duplicate contained Basic Currency,7,7,object:7,,Heist Chests have a 12% chance to Duplicate contained Basic Currency
explicitMods,Heist Chests have a #% chance to Duplicate contained Scarabs,7,7,object:7,,Heist Chests have a 8% chance to Duplicate contained Scarabs
explicitMods,Herald of Agony has #% increased Mana Reservation Efficiency,7,7,object:7,,Herald of Agony has 39% increased Mana Reservation Efficiency
explicitMods,Herald of Ash has #% increased Mana Reservation Efficiency,7,7,object:7,,Herald of Ash has 37% increased Mana Reservation Efficiency
explicitMods,Herald of Thunder also creates a storm when you Shock an Enemy,7,7,object:7,,Herald of Thunder also creates a storm when you Shock an Enemy
explicitMods,Herald of Thunder's Storms Hit Enemies with #% increased Frequency,7,7,object:7,,Herald of Thunder's Storms Hit Enemies with 40% increased Frequency
explicitMods,Hexes applied by Socketed Curse Skills are Reflected back to you,7,7,object:7,,Hexes applied by Socketed Curse Skills are Reflected back to you
explicitMods,Inflict non-Damaging Ailments as though dealing #% more Damage,7,7,object:7,,Inflict non-Damaging Ailments as though dealing 164% more Damage
explicitMods,Kill Enemies that have #% or lower Life on Hit if The Searing Exarch is dominant,7,7,object:7,,Kill Enemies that have 15% or lower Life on Hit if The Searing Exarch is dominant
explicitMods,Life Flasks gain # Charge every # seconds,7,7,object:7,,Life Flasks gain 1 Charge every 3 seconds
explicitMods,Lose #% of Mana when you use an Attack Skill,7,7,object:7,,Lose 3% of Mana when you use an Attack Skill
explicitMods,Lose all Endurance Charges when Rampage ends,7,7,object:7,,Lose all Endurance Charges when Rampage ends
explicitMods,Mana Recovery occurs instantly at the end of Effect,7,7,object:7,,Mana Recovery occurs instantly at the end of Effect
explicitMods,Maximum # Arrows in the ground,7,7,object:7,,Maximum 100 Arrows in the ground
explicitMods,Maximum Quality is #%,7,7,object:7,,Maximum Quality is 200%
explicitMods,Maximum of # Bladestorms at a time,7,7,object:7,,Maximum of 3 Bladestorms at a time
explicitMods,Minions have #% Chance to Block Spell Damage,7,7,object:7,,Minions have +25% Chance to Block Spell Damage
explicitMods,"Nearby Enemies are Hindered, with #% reduced Movement Speed",7,7,object:7,,"Nearby Enemies are Hindered, with 25% reduced Movement Speed"
explicitMods,No Chance to Block,7,7,object:7,,No Chance to Block
explicitMods,Players are Cursed with Flammability,7,7,object:7,,Players are Cursed with Flammability
explicitMods,Players are Cursed with Frostbite,7,7,object:7,,Players are Cursed with Frostbite
explicitMods,Projectiles can Split without hitting a target,7,7,object:7,,Projectiles can Split without hitting a target
explicitMods,"Projectiles continuously gain Damage, up to #% more Damage by the time they dissipate",7,7,object:7,,"Projectiles continuously gain Damage, up to 200% more Damage by the time they dissipate"
explicitMods,Pulses every # seconds,7,7,object:7,,Pulses every 0.40 seconds
explicitMods,Recover # Life when you Ignite an Enemy,7,7,object:7,,Recover 27 Life when you Ignite an Enemy
explicitMods,Recover #% of Energy Shield when you Kill an Enemy during Effect,7,7,object:7,,Recover 1% of Energy Shield when you Kill an Enemy during Effect
explicitMods,Recover #% of Mana on Kill,7,7,object:7,,Recover 3% of Mana on Kill
explicitMods,Recover Energy Shield equal to #% of Armour when you Block,7,7,object:7,,Recover Energy Shield equal to 2% of Armour when you Block
explicitMods,Reflects # to # Lightning Damage to Attackers on Block,7,7,object:7,,Reflects 1 to 217 Lightning Damage to Attackers on Block
explicitMods,Reforges a magic item with new random modifiers,7,7,object:7,,Reforges a magic item with new random modifiers
explicitMods,Regenerate # Life per Second while in Blood Stance,7,7,object:7,,Regenerate 183.8 Life per Second while in Blood Stance
explicitMods,Regenerate # Life per second per Endurance Charge,7,7,object:7,,Regenerate 75 Life per second per Endurance Charge
explicitMods,Releases a Stronger Pulse every # Pulses\nStronger Pulses always Critically Strike,7,7,object:7,,Releases a Stronger Pulse every 5 Pulses\nStronger Pulses always Critically Strike
explicitMods,Sand Bladestorms grant #% increased Movement Speed to you,7,7,object:7,,Sand Bladestorms grant 30% increased Movement Speed to you
explicitMods,Skills fire # additional Projectiles,7,7,object:7,,Skills fire 2 additional Projectiles
explicitMods,Socketed Curse Gems have #% increased Reservation Efficiency,7,7,object:7,,Socketed Curse Gems have 20% increased Reservation Efficiency
explicitMods,Socketed Gems are Supported by Level # Added Chaos Damage,7,7,object:7,,Socketed Gems are Supported by Level 29 Added Chaos Damage
explicitMods,Socketed Gems are Supported by Level # Bonechill,7,7,object:7,,Socketed Gems are Supported by Level 15 Bonechill
explicitMods,Spawned corpses are Level #,7,7,object:7,,Spawned corpses are Level 70
explicitMods,Summoned Raging Spirits' Melee Strikes deal Fire-only Splash\nDamage to Surrounding Targets,7,7,object:7,,Summoned Raging Spirits' Melee Strikes deal Fire-only Splash\nDamage to Surrounding Targets
explicitMods,Summoned Skeletons Cover Enemies in Ash on Hit,7,7,object:7,,Summoned Skeletons Cover Enemies in Ash on Hit
explicitMods,Summoned Skeletons have Avatar of Fire,7,7,object:7,,Summoned Skeletons have Avatar of Fire
explicitMods,Summoned Skeletons take #% of their Maximum Life per second as Fire Damage,7,7,object:7,,Summoned Skeletons take 23.9% of their Maximum Life per second as Fire Damage
explicitMods,Supported Skills Trigger once total Mana Spent on other Bow\nAttacks exceeds #% of their Mana Cost,7,7,object:7,,Supported Skills Trigger once total Mana Spent on other Bow\nAttacks exceeds 300% of their Mana Cost
explicitMods,Supported Skills deal #% more Damage with Hits and Ailments per # Mana Cost,7,7,object:7,,Supported Skills deal 1% more Damage with Hits and Ailments per 1 Mana Cost
explicitMods,Supported Skills have #% chance to Blind enemies on hit,7,7,object:7,,Supported Skills have 10% chance to Blind enemies on hit
explicitMods,Supported Skills have #% increased Effect of Maim,7,7,object:7,,Supported Skills have 20% increased Effect of Maim
explicitMods,Take # Lightning Damage when Herald of Thunder Hits an Enemy,7,7,object:7,,Take 250 Lightning Damage when Herald of Thunder Hits an Enemy
explicitMods,Take # Physical Damage when you use a Movement Skill,7,7,object:7,,Take 147 Physical Damage when you use a Movement Skill
explicitMods,The Merchant has an additional Choice,7,7,object:7,,The Merchant has an additional Choice
explicitMods,Totems fire # additional Projectiles,7,7,object:7,,Totems fire 2 additional Projectiles
explicitMods,Totems gain #% to all Elemental Resistances,7,7,object:7,,Totems gain +6% to all Elemental Resistances
explicitMods,Trigger Level # Fog of War when your Trap is triggered,7,7,object:7,,Trigger Level 20 Fog of War when your Trap is triggered
explicitMods,Trigger Supported Skill when you Hit a Rare or Unique Enemy with an Attack,7,7,object:7,,Trigger Supported Skill when you Hit a Rare or Unique Enemy with an Attack
explicitMods,Unaffected by Chill while Leeching Mana,7,7,object:7,,Unaffected by Chill while Leeching Mana
explicitMods,Unaffected by Poison,7,7,object:7,,Unaffected by Poison
explicitMods,Unaffected by Shock while Leeching Energy Shield,7,7,object:7,,Unaffected by Shock while Leeching Energy Shield
explicitMods,Unaffected by Shocked Ground,7,7,object:7,,Unaffected by Shocked Ground
explicitMods,Uses both hand slots,7,7,object:7,,Uses both hand slots
explicitMods,Weapon: (#-#)% increased Spell Critical Strike Chance,7,7,object:6;string:1,,Weapon: (80-89)% increased Spell Critical Strike Chance
explicitMods,Will be Consumed when you reach #% of Life\nto grant Shade Form for # seconds,7,7,object:7,,Will be Consumed when you reach 25% of Life\nto grant Shade Form for 3 seconds
explicitMods,You and your Minions take #% reduced Reflected Physical Damage,7,7,object:7,,You and your Minions take 41% reduced Reflected Physical Damage
explicitMods,You can only Socket Corrupted Gems in this item,7,7,object:7,,You can only Socket Corrupted Gems in this item
explicitMods,You cannot be Chilled for # seconds after being Chilled,7,7,object:7,,You cannot be Chilled for 3 seconds after being Chilled
explicitMods,You cannot be Frozen for # seconds after being Frozen,7,7,object:7,,You cannot be Frozen for 3 seconds after being Frozen
explicitMods,You cannot be Ignited for # seconds after being Ignited,7,7,object:7,,You cannot be Ignited for 3 seconds after being Ignited
explicitMods,You cannot be Shocked for # seconds after being Shocked,7,7,object:7,,You cannot be Shocked for 3 seconds after being Shocked
explicitMods,You cannot be Shocked while at maximum Endurance Charges,7,7,object:7,,You cannot be Shocked while at maximum Endurance Charges
explicitMods,You gain Onslaught for # seconds on Critical Strike,7,7,object:7,,You gain Onslaught for 4 seconds on Critical Strike
explicitMods,You grant # Frenzy Charges to allies on Death,7,7,object:7,,You grant 5 Frenzy Charges to allies on Death
explicitMods,You have Culling Strike against Cursed Enemies,7,7,object:7,,You have Culling Strike against Cursed Enemies
explicitMods,You have no Armour or Maximum Energy Shield,7,7,object:7,,You have no Armour or Maximum Energy Shield
explicitMods,Your Chaos Damage has #% chance to Poison Enemies,7,7,object:7,,Your Chaos Damage has 60% chance to Poison Enemies
explicitMods,Your Spells have Culling Strike,7,7,object:7,,Your Spells have Culling Strike
explicitMods,# Added Passive Skill is Battle-Hardened,6,6,object:6,,1 Added Passive Skill is Battle-Hardened
explicitMods,# Added Passive Skill is Deep Chill,6,6,object:6,,1 Added Passive Skill is Deep Chill
explicitMods,# Added Passive Skill is Drive the Destruction,6,6,object:6,,1 Added Passive Skill is Drive the Destruction
explicitMods,# Added Passive Skill is Electric Presence,6,6,object:6,,1 Added Passive Skill is Electric Presence
explicitMods,# Added Passive Skill is Feasting Fiends,6,6,object:6,,1 Added Passive Skill is Feasting Fiends
explicitMods,# Added Passive Skill is Spiked Concoction,6,6,object:6,,1 Added Passive Skill is Spiked Concoction
explicitMods,# Added Passive Skill is Vile Reinvigoration,6,6,object:6,,1 Added Passive Skill is Vile Reinvigoration
explicitMods,# Added Passive Skill is Wound Aggravation,6,6,object:6,,1 Added Passive Skill is Wound Aggravation
explicitMods,# Dexterity per # Dexterity on Allocated Passives in Radius,6,6,object:6,,-1 Dexterity per 1 Dexterity on Allocated Passives in Radius
explicitMods,# Life gained on Kill per Frenzy Charge,6,6,object:6,,20 Life gained on Kill per Frenzy Charge
explicitMods,# Maximum Life per Level,6,6,object:6,,+2 Maximum Life per Level
explicitMods,# to # Added Lightning Damage with Wand Attacks,6,6,object:6,,4 to 43 Added Lightning Damage with Wand Attacks
explicitMods,# to # Added Spell Cold Damage while wielding a Two Handed Weapon,6,6,object:6,,12 to 16 Added Spell Cold Damage while wielding a Two Handed Weapon
explicitMods,# to Level of Socketed Lightning Gems,6,6,object:6,,+1 to Level of Socketed Lightning Gems
explicitMods,# to Level of Socketed Skill Gems per # Player Levels,6,6,object:6,,+1 to Level of Socketed Skill Gems per 25 Player Levels
explicitMods,# to Level of Supported Fire Skill Gems,6,6,object:6,,+1 to Level of Supported Fire Skill Gems
explicitMods,# to Level of all Fire Skill Gems,6,6,object:6,,+1 to Level of all Fire Skill Gems
explicitMods,#% Chance to Block Attack Damage if you have Blocked Spell Damage Recently,6,6,object:6,,+20% Chance to Block Attack Damage if you have Blocked Spell Damage Recently
explicitMods,#% Chance to Block Spell Damage while on Low Life,6,6,object:6,,+30% Chance to Block Spell Damage while on Low Life
explicitMods,#% Chance to Block Spell Damage while wielding a Staff,6,6,object:6,,+1% Chance to Block Spell Damage while wielding a Staff
explicitMods,#% chance for Energy Shield Recharge to start when you use a Skill,6,6,object:6,,10% chance for Energy Shield Recharge to start when you use a Skill
explicitMods,#% chance to Avoid Projectiles while Phasing,6,6,object:6,,20% chance to Avoid Projectiles while Phasing
explicitMods,#% chance to Block Spell Damage if you have Blocked Attack Damage Recently,6,6,object:6,,+20% chance to Block Spell Damage if you have Blocked Attack Damage Recently
explicitMods,#% chance to Chill Attackers for # seconds on Block,6,6,object:6,,41% chance to Chill Attackers for 4 seconds on Block
explicitMods,#% chance to Freeze Enemies for # second when they Hit you,6,6,object:6,,20% chance to Freeze Enemies for 1 second when they Hit you
explicitMods,#% chance to Hinder Enemies on Hit with Spells,6,6,object:6,,5% chance to Hinder Enemies on Hit with Spells
explicitMods,#% chance to Suppress Spell Damage per Fortification,6,6,object:6,,+4% chance to Suppress Spell Damage per Fortification
explicitMods,#% chance to create a Smoke Cloud when Hit,6,6,object:6,,25% chance to create a Smoke Cloud when Hit
explicitMods,#% chance to deal Damage without removing Charges,6,6,object:6,,3% chance to deal Damage without removing Charges
explicitMods,#% chance to gain a Frenzy Charge on Hit while Blinded,6,6,object:6,,17% chance to gain a Frenzy Charge on Hit while Blinded
explicitMods,#% chance to gain a Power Charge on Hit,6,6,object:6,,20% chance to gain a Power Charge on Hit
explicitMods,#% increased Attack Damage,6,6,object:6,,14% increased Attack Damage
explicitMods,#% increased Attack Speed with One Handed Melee Weapons,6,6,object:6,,4% increased Attack Speed with One Handed Melee Weapons
explicitMods,#% increased Attack Speed with Two Handed Melee Weapons,6,6,object:6,,4% increased Attack Speed with Two Handed Melee Weapons
explicitMods,#% increased Attack and Cast Speed while at maximum Fortification,6,6,object:6,,19% increased Attack and Cast Speed while at maximum Fortification
explicitMods,#% increased Cast Speed while holding a Shield,6,6,object:6,,3% increased Cast Speed while holding a Shield
explicitMods,#% increased Cold Damage if you have used a Fire Skill Recently,6,6,object:6,,22% increased Cold Damage if you have used a Fire Skill Recently
explicitMods,#% increased Damage for each type of Abyss Jewel affecting you,6,6,object:6,,10% increased Damage for each type of Abyss Jewel affecting you
explicitMods,#% increased Damage taken per Frenzy Charge,6,6,object:6,,1% increased Damage taken per Frenzy Charge
explicitMods,#% increased Damage with Hits and Ailments against Ignited Enemies,6,6,object:6,,36% increased Damage with Hits and Ailments against Ignited Enemies
explicitMods,#% increased Duration of Poisons you inflict during Effect,6,6,object:6,,53% increased Duration of Poisons you inflict during Effect
explicitMods,#% increased Effect of Non-Curse Auras from your Skills on Enemies,6,6,object:6,,17% increased Effect of Non-Curse Auras from your Skills on Enemies
explicitMods,#% increased Effect of Shock,6,6,object:6,,20% increased Effect of Shock
explicitMods,#% increased Elemental Damage per Frenzy Charge,6,6,object:6,,6% increased Elemental Damage per Frenzy Charge
explicitMods,#% increased Elemental Damage per Power charge,6,6,object:6,,3% increased Elemental Damage per Power charge
explicitMods,#% increased Endurance Charge Duration,6,6,object:6,,30% increased Endurance Charge Duration
explicitMods,#% increased Energy Shield Recharge Rate during any Flask Effect,6,6,object:6,,151% increased Energy Shield Recharge Rate during any Flask Effect
explicitMods,#% increased Fire Damage if you have used a Cold Skill Recently,6,6,object:6,,28% increased Fire Damage if you have used a Cold Skill Recently
explicitMods,#% increased Fire Damage with Hits and Ailments against Blinded Enemies,6,6,object:6,,38% increased Fire Damage with Hits and Ailments against Blinded Enemies
explicitMods,#% increased Lightning Damage per Frenzy Charge,6,6,object:6,,16% increased Lightning Damage per Frenzy Charge
explicitMods,#% increased Mana Regeneration Rate while moving,6,6,object:6,,38% increased Mana Regeneration Rate while moving
explicitMods,#% increased Maximum Life if no Equipped Items are Corrupted,6,6,object:6,,9% increased Maximum Life if no Equipped Items are Corrupted
explicitMods,#% increased Melee Critical Strike Chance,6,6,object:6,,10% increased Melee Critical Strike Chance
explicitMods,#% increased Movement Speed per # Dexterity on Allocated Passives in Radius,6,6,object:6,,3% increased Movement Speed per 10 Dexterity on Allocated Passives in Radius
explicitMods,#% increased Rarity of Items found per # Rampage Kills,6,6,object:6,,1% increased Rarity of Items found per 15 Rampage Kills
explicitMods,#% increased rotation speed if Dual Wielding,6,6,object:6,,25% increased rotation speed if Dual Wielding
explicitMods,#% more Area of Effect per Charge removed,6,6,object:6,,15% more Area of Effect per Charge removed
explicitMods,#% more Damage with Arrow Hits at Close Range,6,6,object:6,,50% more Damage with Arrow Hits at Close Range
explicitMods,#% more Effect of Chill,6,6,object:6,,23% more Effect of Chill
explicitMods,#% of Attack Damage Leeched as Life against Maimed Enemies,6,6,object:6,,0.5% of Attack Damage Leeched as Life against Maimed Enemies
explicitMods,#% of Attack Damage Leeched as Mana against Poisoned Enemies,6,6,object:6,,0.5% of Attack Damage Leeched as Mana against Poisoned Enemies
explicitMods,#% of Damage Leeched as Energy Shield against Frozen Enemies,6,6,object:6,,1% of Damage Leeched as Energy Shield against Frozen Enemies
explicitMods,#% of Damage Leeched as Life,6,6,object:6,,1% of Damage Leeched as Life
explicitMods,"#% of Physical Damage Converted to Fire, Cold or Lightning Damage",6,6,object:6,,"100% of Physical Damage Converted to Fire, Cold or Lightning Damage"
explicitMods,#% of Physical Damage from Hits taken as Cold Damage during Effect,6,6,object:6,,14% of Physical Damage from Hits taken as Cold Damage during Effect
explicitMods,#% reduced Effect of Chill and Shock on you,6,6,object:6,crafted=True:1,39% reduced Effect of Chill and Shock on you
explicitMods,#% reduced Elemental Resistances,6,6,object:6,,61% reduced Elemental Resistances
explicitMods,#% reduced Flask Effect Duration,6,6,object:6,,20% reduced Flask Effect Duration
explicitMods,#% reduced Spark Duration,6,6,object:6,,19% reduced Spark Duration
explicitMods,#% reduced Strength,6,6,object:6,,10% reduced Strength
explicitMods,#% slower start of Energy Shield Recharge during any Flask Effect,6,6,object:6,,50% slower start of Energy Shield Recharge during any Flask Effect
explicitMods,#% to Critical Strike Multiplier with Elemental Skills,6,6,object:6,,+15% to Critical Strike Multiplier with Elemental Skills
explicitMods,#% to Damage over Time Multiplier for Bleeding from Hits with this Weapon,6,6,object:6,,+29% to Damage over Time Multiplier for Bleeding from Hits with this Weapon
explicitMods,#% to Maximum Effect of Shock,6,6,object:6,,+10% to Maximum Effect of Shock
explicitMods,<currencyitem>{#x Orb of Regret},6,6,object:6,,<currencyitem>{40x Orb of Regret}
explicitMods,Adds # to # Physical Damage to Attacks per # Dexterity,6,6,object:6,,Adds 1 to 3 Physical Damage to Attacks per 25 Dexterity
explicitMods,Adds # to # Physical Damage to Attacks with this Weapon per # Player Levels,6,6,object:6,,Adds 3 to 5 Physical Damage to Attacks with this Weapon per 3 Player Levels
explicitMods,"Adds an incubated Fragment item to an equippable item\nItem drops after killing # monsters",6,6,object:6,,"Adds an incubated Fragment item to an equippable item\nItem drops after killing 8924 monsters"
explicitMods,Ancestral Bond,6,6,object:6,,Ancestral Bond
explicitMods,Ancestrally Boosted Slams deal #% more Damage with Hits and Ailments,6,6,object:6,,Ancestrally Boosted Slams deal 97% more Damage with Hits and Ailments
explicitMods,Ancestrally Boosted Slams have #% increased Area of Effect,6,6,object:6,,Ancestrally Boosted Slams have 58% increased Area of Effect
explicitMods,Area contains additional waves of Ravager Maws,6,6,object:6,,Area contains additional waves of Ravager Maws
explicitMods,"Area contains patches of moving Marked Ground, inflicting random Marks",6,6,object:6,,"Area contains patches of moving Marked Ground, inflicting random Marks"
explicitMods,"Attaches to a new Enemy after Activating, no more than once every # seconds",6,6,object:6,,"Attaches to a new Enemy after Activating, no more than once every 0.3 seconds"
explicitMods,Attacks have #% to Critical Strike Chance,6,6,object:6,,Attacks have +1.47% to Critical Strike Chance
explicitMods,"Attacks with Supported Skill are Ancestrally Boosted, no more than once every # seconds\nAncestral Boost does not apply to repeats of the Attack",6,6,object:6,,"Attacks with Supported Skill are Ancestrally Boosted, no more than once every 1.84 seconds\nAncestra"
explicitMods,Attacks with this Weapon Penetrate #% Chaos Resistance,6,6,object:6,crafted=True:1,Attacks with this Weapon Penetrate 4% Chaos Resistance
explicitMods,Attacks with this Weapon Penetrate #% Cold Resistance,6,6,object:6,,Attacks with this Weapon Penetrate 6% Cold Resistance
explicitMods,Attacks with this Weapon deal Double Damage,6,6,object:6,,Attacks with this Weapon deal Double Damage
explicitMods,Beam deals #% more Damage with Hits per Stage after the first\nBeam deals #% more Damage with Ailments per Stage after the first,6,6,object:6,,Beam deals 250% more Damage with Hits per Stage after the first\nBeam deals 105% more Damage with Ai
explicitMods,Beams Chain # Times,6,6,object:6,,Beams Chain 4 Times
explicitMods,Bow Attacks have Culling Strike,6,6,object:6,,Bow Attacks have Culling Strike
explicitMods,Bow Knockback at Close Range,6,6,object:6,,Bow Knockback at Close Range
explicitMods,Buff grants #% to Maximum total Life Recovery per second from Leech,6,6,object:6,,Buff grants +2% to Maximum total Life Recovery per second from Leech
explicitMods,"Buff grants gain #% of Physical Damage as\nExtra Fire Damage per # power, counting a maximum of # Power",6,6,object:6,,"Buff grants gain 5% of Physical Damage as\nExtra Fire Damage per 5 power, counting a maximum of 25 P"
explicitMods,Burning Ground deals #% of the Fire Damage per Second of strongest Ignite on Enemy\nCaustic Ground deals #% of the Chaos Damage per Second of strongest Poison on Enemy\nCan create each Ground effect no more than once each second,6,6,object:6,,Burning Ground deals 22% of the Fire Damage per Second of strongest Ignite on Enemy\nCaustic Ground
explicitMods,Can grow into a Unique item on the Genesis Tree,6,6,object:6,,Can grow into a Unique item on the Genesis Tree
explicitMods,Can't use other Rings,6,6,object:6,,Can't use other Rings
explicitMods,Cannot Evade Enemy Attacks,6,6,object:6,,Cannot Evade Enemy Attacks
explicitMods,Celestial Footprints,6,6,object:6,,Celestial Footprints
explicitMods,Consumes up to # corpses,6,6,object:6,,Consumes up to 3 corpses
explicitMods,Counts total Power of Enemies and Corpses in Range,6,6,object:6,,Counts total Power of Enemies and Corpses in Range
explicitMods,"Curse Enemies with Elemental Weakness when you Block their Spell Damage, ignoring Curse Limit",6,6,object:6,,"Curse Enemies with Elemental Weakness when you Block their Spell Damage, ignoring Curse Limit"
explicitMods,"Curse Enemies with Punishment when you Block their Melee Damage, ignoring Curse Limit",6,6,object:6,,"Curse Enemies with Punishment when you Block their Melee Damage, ignoring Curse Limit"
explicitMods,Curse Enemies with Temporal Chains on Hit,6,6,object:6,,Curse Enemies with Temporal Chains on Hit
explicitMods,"Curse Enemies with Temporal Chains when you Block their Projectile Attack Damage, ignoring Curse Limit",6,6,object:6,,"Curse Enemies with Temporal Chains when you Block their Projectile Attack Damage, ignoring Curse Lim"
explicitMods,Cursed Enemies have a #% chance to grant an Endurance Charge when Hit,6,6,object:6,,Cursed Enemies have a 4% chance to grant an Endurance Charge when Hit
explicitMods,Damages # nearby Enemies when you gain Stages,6,6,object:6,,Damages 5 nearby Enemies when you gain Stages
explicitMods,Deal Triple Damage with Elemental Skills,6,6,object:6,,Deal Triple Damage with Elemental Skills
explicitMods,Deals # to # base Cold Damage per Frenzy Charge removed,6,6,object:6,,Deals 126 to 189 base Cold Damage per Frenzy Charge removed
explicitMods,Deals # to # base Fire Damage per Endurance Charge removed,6,6,object:6,,Deals 126 to 189 base Fire Damage per Endurance Charge removed
explicitMods,Deals # to # base Lightning Damage per Power Charge removed,6,6,object:6,,Deals 79 to 237 base Lightning Damage per Power Charge removed
explicitMods,Deals Damage every # seconds,6,6,object:6,,Deals Damage every 0.25 seconds
explicitMods,"During initial Duration, can be hit by your Projectiles up to # times",6,6,object:6,,"During initial Duration, can be hit by your Projectiles up to 20 times"
explicitMods,Each Snare applies #% less Movement Speed to Normal or Magic Enemies,6,6,object:6,,Each Snare applies 40% less Movement Speed to Normal or Magic Enemies
explicitMods,Each Snare applies #% less Movement Speed to Rare Enemies,6,6,object:6,,Each Snare applies 30% less Movement Speed to Rare Enemies
explicitMods,Each Snare applies #% less Movement Speed to Unique Enemies,6,6,object:6,,Each Snare applies 25% less Movement Speed to Unique Enemies
explicitMods,Each Spore Pod fires # Thorn Arrows,6,6,object:6,,Each Spore Pod fires 11 Thorn Arrows
explicitMods,Eldritch Battery,6,6,object:6,,Eldritch Battery
explicitMods,Enemies Blinded by you have Malediction,6,6,object:6,,Enemies Blinded by you have Malediction
explicitMods,Enemies in range are Hindered,6,6,object:6,,Enemies in range are Hindered
explicitMods,"Enemies near corpses affected by your Curses are Blinded\nEnemies Killed near corpses affected by your Curses explode, dealing\n#% of their Life as Physical Damage",6,6,object:6,,Enemies near corpses affected by your Curses are Blinded\nEnemies Killed near corpses affected by yo
explicitMods,Ensnared Enemies take #% increased Projectile Damage from Attack Hits,6,6,object:6,,Ensnared Enemies take 19% increased Projectile Damage from Attack Hits
explicitMods,Every # seconds:\nGain #% of Life per Enemy Hit with Attacks for # seconds\nGain #% of Life per Enemy Killed for # seconds,6,6,object:6,,Every 10 seconds:\nGain 2% of Life per Enemy Hit with Attacks for 5 seconds\nGain 5% of Life per Ene
explicitMods,Exerted Attacks Trigger Combust the first time they deal a Melee Hit,6,6,object:6,,Exerted Attacks Trigger Combust the first time they deal a Melee Hit
explicitMods,Explosion deals Base Fire Damage equal to #% of the Monster's maximum Life,6,6,object:6,,Explosion deals Base Fire Damage equal to 8% of the Monster's maximum Life
explicitMods,First Mine Detonates Instantly\nMines get #% more Detonation Speed for each prior Mine in Detonation Sequence,6,6,object:6,,First Mine Detonates Instantly\nMines get 10% more Detonation Speed for each prior Mine in Detonatio
explicitMods,Freezes on Cursed enemies have #% increased Duration,6,6,object:6,,Freezes on Cursed enemies have 20% increased Duration
explicitMods,"Gain # Flask Charge when you Hit a Cursed Enemy, no more than once every # seconds",6,6,object:6,,"Gain 1 Flask Charge when you Hit a Cursed Enemy, no more than once every 3 seconds"
explicitMods,Gain # Life when you lose an Endurance Charge,6,6,object:6,,Gain 100 Life when you lose an Endurance Charge
explicitMods,Gain #% of Physical Attack Damage as Extra Lightning Damage,6,6,object:6,,Gain 15% of Physical Attack Damage as Extra Lightning Damage
explicitMods,Gain Soul Eater during any Flask Effect,6,6,object:6,,Gain Soul Eater during any Flask Effect
explicitMods,Gain a Power Charge every Second if you haven't lost Power Charges Recently,6,6,object:6,,Gain a Power Charge every Second if you haven't lost Power Charges Recently
explicitMods,Grants Level # Aspect of the Cat Skill,6,6,object:6,,Grants Level 20 Aspect of the Cat Skill
explicitMods,Grants Level # Icestorm Skill,6,6,object:6,,Grants Level 1 Icestorm Skill
explicitMods,Grants Level # Precision Skill,6,6,object:6,,Grants Level 30 Precision Skill
explicitMods,Grants Perfect Agony during effect,6,6,object:6,,Grants Perfect Agony during effect
explicitMods,Heist Chests have a #% chance to Duplicate contained Catalysts,6,6,object:6,,Heist Chests have a 6% chance to Duplicate contained Catalysts
explicitMods,Heist Chests have a #% chance to Duplicate contained Delirium Orbs and Splinters,6,6,object:6,,Heist Chests have a 9% chance to Duplicate contained Delirium Orbs and Splinters
explicitMods,Herald of Ice has #% increased Mana Reservation Efficiency,6,6,object:6,,Herald of Ice has 38% increased Mana Reservation Efficiency
explicitMods,Herald of Thunder has #% increased Mana Reservation Efficiency,6,6,object:6,,Herald of Thunder has 34% increased Mana Reservation Efficiency
explicitMods,"If you Consumed a corpse Recently, you and nearby Allies Regenerate #% of Life per second",6,6,object:6,,"If you Consumed a corpse Recently, you and nearby Allies Regenerate 5% of Life per second"
explicitMods,Implicit Modifier magnitudes are tripled,6,6,object:6,,Implicit Modifier magnitudes are tripled
explicitMods,Improves the quality of a weapon,6,6,object:6,,Improves the quality of a weapon
explicitMods,Increases and Reductions to Energy Shield in Radius are Transformed to apply to Armour at #% of their value,6,6,object:6,,Increases and Reductions to Energy Shield in Radius are Transformed to apply to Armour at 200% of th
explicitMods,Intelligence from Passives in Radius is Transformed to Dexterity,6,6,object:6,,Intelligence from Passives in Radius is Transformed to Dexterity
explicitMods,Leaves a Lingering Blade in the ground for every Volley,6,6,object:6,,Leaves a Lingering Blade in the ground for every Volley
explicitMods,Life Leech effects are not removed at Full Life\nLife Leech effects apply Recovery Linked Target instead of you\nLinked target's Maximum total Life Recovery per second from Leech is equal to yours,6,6,object:6,,Life Leech effects are not removed at Full Life\nLife Leech effects apply Recovery Linked Target ins
explicitMods,Linked target has #% to Critical Strike Multiplier,6,6,object:6,,Linked target has +45% to Critical Strike Multiplier
explicitMods,Linked target's Main Hand Critical Strike Chance is equal to yours,6,6,object:6,,Linked target's Main Hand Critical Strike Chance is equal to yours
explicitMods,Lose all Eaten Souls when you use a Flask,6,6,object:6,,Lose all Eaten Souls when you use a Flask
explicitMods,Lose all Power Charges when you Block,6,6,object:6,,Lose all Power Charges when you Block
explicitMods,Maximum # Raised Spectre,6,6,object:6,,Maximum 1 Raised Spectre
explicitMods,Maximum # Snares per Enemy,6,6,object:6,,Maximum 3 Snares per Enemy
explicitMods,Maximum # Summoned Mirage Warriors,6,6,object:6,,Maximum 6 Summoned Mirage Warriors
explicitMods,Maximum # Tornado,6,6,object:6,,Maximum 1 Tornado
explicitMods,Maximum of # Orbs at a time,6,6,object:6,,Maximum of 60 Orbs at a time
explicitMods,Minions deal # to # additional Fire Damage,6,6,object:6,,Minions deal 16 to 22 additional Fire Damage
explicitMods,Minions have #% chance to Blind on Hit with Attacks,6,6,object:6,fractured=True:1,Minions have 5% chance to Blind on Hit with Attacks
explicitMods,Minions have #% chance to Hinder Enemies on Hit with Spells,6,6,object:6,,Minions have 8% chance to Hinder Enemies on Hit with Spells
explicitMods,Minions have #% to Critical Strike Multiplier per Withered Debuff on Enemy,6,6,object:6,,Minions have +5% to Critical Strike Multiplier per Withered Debuff on Enemy
explicitMods,Modifiers to number of Projectiles instead apply\nto the number of targets Projectiles Split towards,6,6,object:6,,Modifiers to number of Projectiles instead apply\nto the number of targets Projectiles Split towards
explicitMods,Monsters have #% chance to gain a Power Charge on Hit,6,6,object:6,,Monsters have 58% chance to gain a Power Charge on Hit
explicitMods,Nearby allies Recover #% of your Maximum Life when you Die,6,6,object:6,,Nearby allies Recover 1% of your Maximum Life when you Die
explicitMods,Non-Aura Curses you inflict are not removed from Dying Enemies,6,6,object:6,,Non-Aura Curses you inflict are not removed from Dying Enemies
explicitMods,Other Jewellery: Adds (#-#) to (#-#) Physical Damage to Attacks,6,6,object:5;string:1,,Other Jewellery: Adds (4-6) to (9-10) Physical Damage to Attacks
explicitMods,Precision has #% increased Mana Reservation Efficiency,6,6,object:6,,Precision has 100% increased Mana Reservation Efficiency
explicitMods,Primary Projectile Chains # Times,6,6,object:6,,Primary Projectile Chains +3 Times
explicitMods,Projectiles Pierce # additional Targets while you have Phasing,6,6,object:6,,Projectiles Pierce 5 additional Targets while you have Phasing
explicitMods,Projectiles from Supported Skills Pierce all Targets while Returning,6,6,object:6,,Projectiles from Supported Skills Pierce all Targets while Returning
explicitMods,Projectiles from Supported Skills Return to you,6,6,object:6,,Projectiles from Supported Skills Return to you
explicitMods,Projectiles from Supported Skills deal #% less Damage with Hits and Ailments while Returning,6,6,object:6,,Projectiles from Supported Skills deal 66% less Damage with Hits and Ailments while Returning
explicitMods,Projectiles from Supported Skills deal #% more Damage with Hits per Intensity,6,6,object:6,,Projectiles from Supported Skills deal 20% more Damage with Hits per Intensity
explicitMods,Quicksilver Flasks you Use also apply to nearby Allies,6,6,object:6,,Quicksilver Flasks you Use also apply to nearby Allies
explicitMods,Reflects # to # Lightning Damage to Melee Attackers,6,6,object:6,,Reflects 1 to 250 Lightning Damage to Melee Attackers
explicitMods,Reflects #% of Damage Taken to Enemies,6,6,object:6,,Reflects 10% of Damage Taken to Enemies
explicitMods,Regenerate # Life per second if no Equipped Items are Corrupted,6,6,object:6,,Regenerate 400 Life per second if no Equipped Items are Corrupted
explicitMods,Rotates # times,6,6,object:6,,Rotates 4 times
explicitMods,Rotates # times if Dual Wielding,6,6,object:6,,Rotates +1 times if Dual Wielding
explicitMods,Sends a beam to the Branded Enemy,6,6,object:6,,Sends a beam to the Branded Enemy
explicitMods,Shocks you when you reach Maximum Power Charges,6,6,object:6,,Shocks you when you reach Maximum Power Charges
explicitMods,Siege Ballista has # to maximum number of Summoned Totems per # Dexterity,6,6,object:6,,Siege Ballista has +1 to maximum number of Summoned Totems per 200 Dexterity
explicitMods,Socketed Gems are Supported by Level # Ancestral Call,6,6,object:6,,Socketed Gems are Supported by Level 18 Ancestral Call
explicitMods,Socketed Gems are Supported by Level # Lifetap,6,6,object:6,,Socketed Gems are Supported by Level 1 Lifetap
explicitMods,Socketed Gems are Supported by Level # Melee Physical Damage,6,6,object:6,,Socketed Gems are Supported by Level 30 Melee Physical Damage
explicitMods,Socketed Gems are Supported by Level # Minion Life,6,6,object:6,,Socketed Gems are Supported by Level 20 Minion Life
explicitMods,Socketed Gems are supported by Level # Melee Splash,6,6,object:6,,Socketed Gems are supported by Level 18 Melee Splash
explicitMods,"Steal Power, Frenzy, and Endurance Charges on Hit",6,6,object:6,,"Steal Power, Frenzy, and Endurance Charges on Hit"
explicitMods,Strength's Damage bonus applies to all Spell Damage as well for Supported Skills,6,6,object:6,,Strength's Damage bonus applies to all Spell Damage as well for Supported Skills
explicitMods,Stun Threshold is based on Energy Shield instead of Life,6,6,object:6,,Stun Threshold is based on Energy Shield instead of Life
explicitMods,"Summons Mirage Warriors from # corpses per # Power, minimum # corpse",6,6,object:6,,"Summons Mirage Warriors from 2 corpses per 5 Power, minimum 1 corpse"
explicitMods,Supported Skills deal #% less Minimum Attack Damage,6,6,object:6,,Supported Skills deal 69% less Minimum Attack Damage
explicitMods,Supported Skills deal #% more Maximum Attack Damage,6,6,object:6,,Supported Skills deal 58% more Maximum Attack Damage
explicitMods,Supported Skills gain #% of Physical Damage as Extra Lightning Damage,6,6,object:6,,Supported Skills gain 28% of Physical Damage as Extra Lightning Damage
explicitMods,Supported Skills have #% chance to Shock,6,6,object:6,,Supported Skills have 20% chance to Shock
explicitMods,Supported Skills have #% chance to gain a Frenzy Charge when your Trap is triggered by an Enemy,6,6,object:6,,Supported Skills have 30% chance to gain a Frenzy Charge when your Trap is triggered by an Enemy
explicitMods,Supported Skills have #% chance to gain a Power Charge when your Trap is triggered by an Enemy,6,6,object:6,,Supported Skills have 30% chance to gain a Power Charge when your Trap is triggered by an Enemy
explicitMods,Supported Skills have #% increased Attack Critical Strike Chance,6,6,object:6,,Supported Skills have 20% increased Attack Critical Strike Chance
explicitMods,Supported Skills have #% increased Spell Critical Strike Chance,6,6,object:6,,Supported Skills have 20% increased Spell Critical Strike Chance
explicitMods,Supported Skills have #% increased Trap Throwing Speed per Frenzy Charge,6,6,object:6,,Supported Skills have 10% increased Trap Throwing Speed per Frenzy Charge
explicitMods,Supported Skills have #% increased Trap Trigger Area of Effect,6,6,object:6,,Supported Skills have 23% increased Trap Trigger Area of Effect
explicitMods,Supported Skills have #% of Physical Damage Converted to Lightning Damage,6,6,object:6,,Supported Skills have 50% of Physical Damage Converted to Lightning Damage
explicitMods,Supported Skills have #% to Critical Strike Multiplier per Power Charge when used by Traps,6,6,object:6,,Supported Skills have +15% to Critical Strike Multiplier per Power Charge when used by Traps
explicitMods,"Supported Spells gain Intensity when you Cast them, to a maximum of #\nSupported Skills fire # fewer Projectile per Intensity",6,6,object:6,,"Supported Spells gain Intensity when you Cast them, to a maximum of 3\nSupported Skills fire 1 fewer"
explicitMods,Supported Triggered Spells deal #% less Damage,6,6,object:6,,Supported Triggered Spells deal 20% less Damage
explicitMods,The Effect of Chill on you is reversed,6,6,object:6,,The Effect of Chill on you is reversed
explicitMods,Thorn Arrows deal #% less Damage,6,6,object:6,,Thorn Arrows deal 50% less Damage
explicitMods,Tornado has #% increased Movement Speed,6,6,object:6,,Tornado has 80% increased Movement Speed
explicitMods,Totems from Supported Skills gain the Avenging Flame\nSkill and Trigger it when Hit by an Enemy,6,6,object:6,,Totems from Supported Skills gain the Avenging Flame\nSkill and Trigger it when Hit by an Enemy
explicitMods,Trigger Level # Death Aura when Equipped,6,6,object:6,,Trigger Level 20 Death Aura when Equipped
explicitMods,Trigger Level # Feast of Flesh every # seconds,6,6,object:6,,Trigger Level 15 Feast of Flesh every 5 seconds
explicitMods,Trigger Level # Spirit Burst when you Use a Skill while you have a Spirit Charge,6,6,object:6,,Trigger Level 20 Spirit Burst when you Use a Skill while you have a Spirit Charge
explicitMods,Trigger Level # Summon Phantasm Skill when you Consume a corpse,6,6,object:6,,Trigger Level 25 Summon Phantasm Skill when you Consume a corpse
explicitMods,"Trigger a Socketed Spell when you Attack with this Weapon, with a # second Cooldown",6,6,object:6,,"Trigger a Socketed Spell when you Attack with this Weapon, with a 0.25 second Cooldown"
explicitMods,Trigger a Supported Spell every # seconds while Channelling Supported Skills,6,6,object:6,,Trigger a Supported Spell every 0.36 seconds while Channelling Supported Skills
explicitMods,Unaffected by Blind,6,6,object:6,,Unaffected by Blind
explicitMods,Unaffected by Temporal Chains,6,6,object:6,,Unaffected by Temporal Chains
explicitMods,Will be Consumed when you Die\nto prevent #% of Experience loss,6,6,object:6,,Will be Consumed when you Die\nto prevent 75% of Experience loss
explicitMods,"With at least # Intelligence in Radius, #% increased Freezing Pulse Damage if\nyou've Shattered an Enemy Recently",6,6,object:6,,"With at least 40 Intelligence in Radius, 25% increased Freezing Pulse Damage if\nyou've Shattered an"
explicitMods,"With at least # Intelligence in Radius, Freezing Pulse fires # additional Projectiles",6,6,object:6,,"With at least 40 Intelligence in Radius, Freezing Pulse fires 2 additional Projectiles"
explicitMods,"With at least # Intelligence in Radius, Spark fires # additional Projectiles",6,6,object:6,,"With at least 40 Intelligence in Radius, Spark fires 2 additional Projectiles"
explicitMods,"With at least # Intelligence in Radius, Spark fires Projectiles in a circle",6,6,object:6,,"With at least 40 Intelligence in Radius, Spark fires Projectiles in a circle"
explicitMods,You do not inherently take less Damage for having Fortification,6,6,object:6,,You do not inherently take less Damage for having Fortification
explicitMods,You gain Phasing for # seconds on using a Vaal Skill,6,6,object:6,,You gain Phasing for 10 seconds on using a Vaal Skill
explicitMods,You have Onslaught while not on Low Mana,6,6,object:6,,You have Onslaught while not on Low Mana
explicitMods,You have Phasing if you've Killed Recently,6,6,object:6,,You have Phasing if you've Killed Recently
explicitMods,You take # Chaos Damage per second for # seconds on Kill,6,6,object:6,,You take 450 Chaos Damage per second for 3 seconds on Kill
explicitMods,# Added Passive Skill is Burning Bright,5,5,object:5,,1 Added Passive Skill is Burning Bright
explicitMods,# Added Passive Skill is Circling Oblivion,5,5,object:5,,1 Added Passive Skill is Circling Oblivion
explicitMods,# Added Passive Skill is Fan the Flames,5,5,object:5,,1 Added Passive Skill is Fan the Flames
explicitMods,# Added Passive Skill is Flow of Life,5,5,object:5,,1 Added Passive Skill is Flow of Life
explicitMods,# Added Passive Skill is Openness,5,5,object:5,,1 Added Passive Skill is Openness
explicitMods,# Added Passive Skill is Repeater,5,5,object:5,,1 Added Passive Skill is Repeater
explicitMods,# Added Passive Skill is Sadist,5,5,object:5,,1 Added Passive Skill is Sadist
explicitMods,# Added Passive Skill is Smoking Remains,5,5,object:5,,1 Added Passive Skill is Smoking Remains
explicitMods,# Added Passive Skill is Volatile Presence,5,5,object:5,,1 Added Passive Skill is Volatile Presence
explicitMods,# Dexterity Requirement,5,5,object:5,,+160 Dexterity Requirement
explicitMods,# Intelligence Requirement,5,5,object:5,,+300 Intelligence Requirement
explicitMods,# Maximum Mana per Level,5,5,object:5,mutated=True:1,+2 Maximum Mana per Level
explicitMods,# Strength Requirement,5,5,object:5,,+100 Strength Requirement
explicitMods,# to # Added Cold Damage,5,5,object:5,,297 to 552 Added Cold Damage
explicitMods,# to # Added Cold Damage with Wand Attacks,5,5,object:5,,5 to 10 Added Cold Damage with Wand Attacks
explicitMods,# to # Added Lightning Damage,5,5,object:5,,57 to 1114 Added Lightning Damage
explicitMods,# to # Lightning Damage per Power Charge,5,5,object:5,,1 to 7 Lightning Damage per Power Charge
explicitMods,# to Accuracy Rating per # Dexterity on Unallocated Passives in Radius,5,5,object:5,,+125 to Accuracy Rating per 10 Dexterity on Unallocated Passives in Radius
explicitMods,# to Level of Supported Chaos Skill Gems,5,5,object:5,,+1 to Level of Supported Chaos Skill Gems
explicitMods,# to Level of all Lightning Skill Gems,5,5,object:5,,+1 to Level of all Lightning Skill Gems
explicitMods,# to Minimum Power Charges,5,5,object:5,crafted=True:1,+1 to Minimum Power Charges
explicitMods,# to [Accuracy|Accuracy] Rating,5,5,object:5,,+13 to [Accuracy|Accuracy] Rating
explicitMods,# to [Intelligence|Intelligence],5,5,object:5,,+8 to [Intelligence|Intelligence]
explicitMods,# to maximum number of Raised Zombies per # Strength,5,5,object:5,,+1 to maximum number of Raised Zombies per 500 Strength
explicitMods,#% Chance to Block Attack Damage for every # Fire Damage taken from Hits Recently,5,5,object:5,,-1% Chance to Block Attack Damage for every 200 Fire Damage taken from Hits Recently
explicitMods,#% Chance to Block Attack Damage while on Consecrated Ground,5,5,object:5,,+5% Chance to Block Attack Damage while on Consecrated Ground
explicitMods,#% chance to Trigger Level # Summon Volatile Anomaly on Kill,5,5,object:5,,20% chance to Trigger Level 20 Summon Volatile Anomaly on Kill
explicitMods,#% chance to create Chilled Ground when you Freeze an Enemy,5,5,object:5,,15% chance to create Chilled Ground when you Freeze an Enemy
explicitMods,#% chance to gain an Endurance Charge when you Block,5,5,object:5,,20% chance to gain an Endurance Charge when you Block
explicitMods,#% increased Attack Speed with Axes,5,5,object:5,,6% increased Attack Speed with Axes
explicitMods,#% increased Blind Effect,5,5,object:5,,11% increased Blind Effect
explicitMods,#% increased Cast Speed while wielding a Staff,5,5,object:5,fractured=True:1,3% increased Cast Speed while wielding a Staff
explicitMods,#% increased Critical Strike Chance with Two Handed Melee Weapons,5,5,object:5,,17% increased Critical Strike Chance with Two Handed Melee Weapons
explicitMods,#% increased Damage per # Dexterity,5,5,object:5,,1% increased Damage per 15 Dexterity
explicitMods,#% increased Damage per # of your lowest Attribute,5,5,object:5,,1% increased Damage per 5 of your lowest Attribute
explicitMods,#% increased Damage per Frenzy Charge with Hits against Enemies on Low Life,5,5,object:5,,6% increased Damage per Frenzy Charge with Hits against Enemies on Low Life
explicitMods,#% increased Damage while Shocked,5,5,object:5,,60% increased Damage while Shocked
explicitMods,#% increased Damage while on Consecrated Ground,5,5,object:5,,50% increased Damage while on Consecrated Ground
explicitMods,#% increased Damage with Axes,5,5,object:5,,16% increased Damage with Axes
explicitMods,#% increased Damage with Maces or Sceptres,5,5,object:5,,16% increased Damage with Maces or Sceptres
explicitMods,#% increased Duration of Elemental Ailments on Cursed enemies,5,5,object:5,,20% increased Duration of Elemental Ailments on Cursed enemies
explicitMods,#% increased Effect of Buffs on you,5,5,object:5,,10% increased Effect of Buffs on you
explicitMods,#% increased Effect of Chilled Ground,5,5,object:5,,40% increased Effect of Chilled Ground
explicitMods,#% increased Elemental Damage per Grand Spectrum,5,5,object:5,,15% increased Elemental Damage per Grand Spectrum
explicitMods,#% increased Lightning Damage per # Intelligence,5,5,object:5,,1% increased Lightning Damage per 10 Intelligence
explicitMods,#% increased Lightning Damage while affected by Herald of Thunder,5,5,object:5,,51% increased Lightning Damage while affected by Herald of Thunder
explicitMods,#% increased Melee Damage against Bleeding Enemies,5,5,object:5,,50% increased Melee Damage against Bleeding Enemies
explicitMods,#% increased Movement Speed while Shocked,5,5,object:5,,15% increased Movement Speed while Shocked
explicitMods,#% increased Movement Speed while area is not in Lockdown\nPlayers have #% increased Movement Speed while area is not in Lockdown,5,5,object:5,,7% increased Movement Speed while area is not in Lockdown\nPlayers have 7% increased Movement Speed
explicitMods,#% increased Quantity of Items dropped in Heists,5,5,object:5,,12% increased Quantity of Items dropped in Heists
explicitMods,#% increased Quantity of Items found during Effect,5,5,object:5,,12% increased Quantity of Items found during Effect
explicitMods,#% increased Rarity of Items Dropped by Enemies killed with a Critical Strike,5,5,object:5,,42% increased Rarity of Items Dropped by Enemies killed with a Critical Strike
explicitMods,#% increased Shock Duration on you,5,5,object:5,,100% increased Shock Duration on you
explicitMods,#% increased Spell Damage if your opposite Ring is an Elder Item,5,5,object:5,,77% increased Spell Damage if your opposite Ring is an Elder Item
explicitMods,#% increased Warcry Buff Effect,5,5,object:5,,25% increased Warcry Buff Effect
explicitMods,#% increased beam width,5,5,object:5,,20% increased beam width
explicitMods,#% less Critical Strike Chance,5,5,object:5,,40% less Critical Strike Chance
explicitMods,#% less Duration of Ignites you inflict,5,5,object:5,,50% less Duration of Ignites you inflict
explicitMods,#% more Area of Effect if Consuming a Minion,5,5,object:5,,300% more Area of Effect if Consuming a Minion
explicitMods,#% more Critical Strike Chance against Enemies that are on Full Life,5,5,object:5,,100% more Critical Strike Chance against Enemies that are on Full Life
explicitMods,#% more Damage for each type of Elemental Ailment on the Enemy,5,5,object:5,,13% more Damage for each type of Elemental Ailment on the Enemy
explicitMods,#% more Damage per Trauma,5,5,object:5,,7% more Damage per Trauma
explicitMods,#% more Damage with Hits and Ailments against Enemies that are on Full Life,5,5,object:5,,94% more Damage with Hits and Ailments against Enemies that are on Full Life
explicitMods,#% more Damage with Hits and Ailments if using your Life,5,5,object:5,,136% more Damage with Hits and Ailments if using your Life
explicitMods,#% more Damage with Hits and Ailments per Stage,5,5,object:5,,150% more Damage with Hits and Ailments per Stage
explicitMods,#% more Damage with Hits per #% Shock Effect on Enemy,5,5,object:5,,24% more Damage with Hits per 5% Shock Effect on Enemy
explicitMods,#% more Poison Duration,5,5,object:5,,30% more Poison Duration
explicitMods,#% of Cold Damage Converted to Fire Damage,5,5,object:5,,40% of Cold Damage Converted to Fire Damage
explicitMods,#% of Cold Damage taken as Fire Damage,5,5,object:5,,18% of Cold Damage taken as Fire Damage
explicitMods,#% of Damage taken from Stunning Hits is Recovered as Life,5,5,object:5,,60% of Damage taken from Stunning Hits is Recovered as Life
explicitMods,#% of Fire Damage Leeched as Life,5,5,object:5,,0.47% of Fire Damage Leeched as Life
explicitMods,#% of Lightning Damage Converted to Chaos Damage,5,5,object:5,,60% of Lightning Damage Converted to Chaos Damage
explicitMods,#% of Lightning Damage Converted to Cold Damage,5,5,object:5,,40% of Lightning Damage Converted to Cold Damage
explicitMods,#% of Lightning Damage Leeched as Life,5,5,object:5,,0.4% of Lightning Damage Leeched as Life
explicitMods,#% of Lightning Damage taken as Fire Damage,5,5,object:5,,12% of Lightning Damage taken as Fire Damage
explicitMods,#% of Physical Damage Converted to Cold Damage while Sphere has no Ailments\n#% of Physical Damage Converted to Lightning Damage while sphere is Shocked or Sapped\n#% of Physical Damage Converted to Cold Damage while Sphere is Frozen or Brittle,5,5,object:5,,100% of Physical Damage Converted to Cold Damage while Sphere has no Ailments\n100% of Physical Dama
explicitMods,#% of Physical Damage from Hits taken as Chaos Damage,5,5,object:5,mutated=True:2,9% of Physical Damage from Hits taken as Chaos Damage
explicitMods,#% reduced Attack and Cast Speed per Frenzy Charge,5,5,object:5,,3% reduced Attack and Cast Speed per Frenzy Charge
explicitMods,#% reduced Golem Size,5,5,object:5,,25% reduced Golem Size
explicitMods,#% reduced Mana Reservation Efficiency of Skills,5,5,object:5,,1% reduced Mana Reservation Efficiency of Skills
explicitMods,#% reduced Movement Speed per # Dexterity on Unallocated Passives in Radius,5,5,object:5,,2% reduced Movement Speed per 10 Dexterity on Unallocated Passives in Radius
explicitMods,#% to Critical Strike Multiplier,5,5,object:5,,+12% to Critical Strike Multiplier
explicitMods,#% to Critical Strike Multiplier with Lightning Skills,5,5,object:5,,+17% to Critical Strike Multiplier with Lightning Skills
explicitMods,#% to Critical Strike Multiplier with One Handed Melee Weapons,5,5,object:5,,+17% to Critical Strike Multiplier with One Handed Melee Weapons
explicitMods,#% to Quality,5,5,object:5,crafted=True:3,+18% to Quality
explicitMods,#% to [Resistances|Lightning Resistance],5,5,object:5,,+9% to [Resistances|Lightning Resistance]
explicitMods,<currencyitem>{#x Currency},5,5,object:4;string:1,,<currencyitem>{5x Currency}
explicitMods,<currencyitem>{#x Divine Orb},5,5,object:4;string:1,,<currencyitem>{2x Divine Orb}
explicitMods,<currencyitem>{#x Orb of Chance},5,5,object:4;string:1,,<currencyitem>{20x Orb of Chance}
explicitMods,<currencyitem>{#x Vaal Orb},5,5,object:4;string:1,,<currencyitem>{10x Vaal Orb}
explicitMods,<currencyitem>{Gemcutter's Prism},5,5,object:4;string:1,,<currencyitem>{Gemcutter's Prism}
explicitMods,<currencyitem>{Vaal Orb},5,5,object:4;string:1,,<currencyitem>{Vaal Orb}
explicitMods,"<gemitem>{Level # Golem Gem}\n<corrupted>{Corrupted}",5,5,object:4;string:1,,"<gemitem>{Level 21 Golem Gem}\n<corrupted>{Corrupted}"
explicitMods,<magicitem>{Jewel of Potency},5,5,object:4;string:1,,<magicitem>{Jewel of Potency}
explicitMods,<uniqueitem>{Coruscating Elixir},5,5,object:4;string:1,,<uniqueitem>{Coruscating Elixir}
explicitMods,<uniqueitem>{Doedre Item},5,5,object:4;string:1,,<uniqueitem>{Doedre Item}
explicitMods,<uniqueitem>{Gloves},5,5,object:4;string:1,,<uniqueitem>{Gloves}
explicitMods,"<uniqueitem>{Item}\n<default>{Influenced Item}",5,5,object:4;string:1,,"<uniqueitem>{Item}\n<default>{Influenced Item}"
explicitMods,<uniqueitem>{Lightning Coil},5,5,object:4;string:1,,<uniqueitem>{Lightning Coil}
explicitMods,<uniqueitem>{Mao Kun},5,5,object:4;string:1,,<uniqueitem>{Mao Kun}
explicitMods,<uniqueitem>{Ring},5,5,object:4;string:1,,<uniqueitem>{Ring}
explicitMods,"<whiteitem>{Five-Link Staff}\n<default>{Item Level:} <normal>{#}",5,5,object:4;string:1,,"<whiteitem>{Five-Link Staff}\n<default>{Item Level:} <normal>{66}"
explicitMods,"<whiteitem>{Five-Linked Body Armour}\n<default>{Influenced Item}",5,5,object:4;string:1,,"<whiteitem>{Five-Linked Body Armour}\n<default>{Influenced Item}"
explicitMods,A Rune is Improved for each # Mana Spent,5,5,object:5,,A Rune is Improved for each 5 Mana Spent
explicitMods,Added Small Passive Skills also grant: #% increased Attack and Cast Speed with Cold Skills,5,5,object:5,,Added Small Passive Skills also grant: 2% increased Attack and Cast Speed with Cold Skills
explicitMods,Adds # Jewel Socket Passive Skills,5,5,object:5,,Adds 3 Jewel Socket Passive Skills
explicitMods,Adds # Small Passive Skills which grant nothing,5,5,object:5,,Adds 5 Small Passive Skills which grant nothing
explicitMods,Adds # to # Lightning Damage to Spells during Effect,5,5,object:5,,Adds 15 to 56 Lightning Damage to Spells during Effect
explicitMods,"Adds an incubated Breach item to an equippable item\nItem drops after killing # monsters",5,5,object:5,,"Adds an incubated Breach item to an equippable item\nItem drops after killing 10407 monsters"
explicitMods,"Adds an incubated Map item to an equippable item\nItem drops after killing # monsters",5,5,object:5,,"Adds an incubated Map item to an equippable item\nItem drops after killing 3133 monsters"
explicitMods,"Adds an incubated item to an equippable item\nItem drops after killing # monsters",5,5,object:5,,"Adds an incubated item to an equippable item\nItem drops after killing 7795 monsters"
explicitMods,"Adds incubated Currency items to an equippable item\nItem drops after killing # monsters",5,5,object:5,,"Adds incubated Currency items to an equippable item\nItem drops after killing 10168 monsters"
explicitMods,Agony Crawler deals #% increased Damage,5,5,object:5,,Agony Crawler deals 99% increased Damage
explicitMods,All Damage inflicts Poison against Enemies affected by at least # Grasping Vines,5,5,object:5,,All Damage inflicts Poison against Enemies affected by at least 3 Grasping Vines
explicitMods,"All Monster Damage can Ignite, Freeze and Shock",5,5,object:5,,"All Monster Damage can Ignite, Freeze and Shock"
explicitMods,Allies have increased Accuracy and Critical Strike Chance,5,5,object:5,,Allies have increased Accuracy and Critical Strike Chance
explicitMods,Allies' Aura Buffs do not affect you,5,5,object:5,,Allies' Aura Buffs do not affect you
explicitMods,An additional Room is revealed on the Sanctum Map,5,5,object:5,,An additional Room is revealed on the Sanctum Map
explicitMods,Area contains # additional Rogue Exiles,5,5,object:4;string:1,,Area contains 5 additional Rogue Exiles
explicitMods,Area contains # to # additional packs of Incursion Monsters,5,5,object:4;string:1,,Area contains 12 to 16 additional packs of Incursion Monsters
explicitMods,Area contains Runes of the Searing Exarch,5,5,object:5,,Area contains Runes of the Searing Exarch
explicitMods,Area contains additional waves of Bone Rhoas,5,5,object:5,,Area contains additional waves of Bone Rhoas
explicitMods,Arrows deal #% increased Damage with Hits and Ailments to Targets they Pierce,5,5,object:5,,Arrows deal 50% increased Damage with Hits and Ailments to Targets they Pierce
explicitMods,Attacks with this Weapon Maim on hit,5,5,object:5,,Attacks with this Weapon Maim on hit
explicitMods,Brands gain #% increased Attachment Range,5,5,object:5,,Brands gain 29% increased Attachment Range
explicitMods,Buff causes Debuffs on you to expire #% faster,5,5,object:5,,Buff causes Debuffs on you to expire 23% faster
explicitMods,Can expand from up to # Frostbolt Projectiles,5,5,object:5,,Can expand from up to 2 Frostbolt Projectiles
explicitMods,Can grow into a Currency item on the Genesis Tree,5,5,object:5,,Can grow into a Currency item on the Genesis Tree
explicitMods,Can have an additional Brand Attached to an Enemy,5,5,object:5,,Can have an additional Brand Attached to an Enemy
explicitMods,Can only be Hit once every # second,5,5,object:5,,Can only be Hit once every 1 second
explicitMods,Can't use Chest armour,5,5,object:5,,Can't use Chest armour
explicitMods,Cannot Knockback Unique Enemies more than once per second\nFinal Burst Deals #% more Damage\nFinal Burst has #% more Radius\nFinal Burst cannot Knockback,5,5,object:5,,Cannot Knockback Unique Enemies more than once per second\nFinal Burst Deals 200% more Damage\nFinal
explicitMods,Cannot Leech Life from Critical Strikes,5,5,object:5,,Cannot Leech Life from Critical Strikes
explicitMods,Cannot Leech Mana,5,5,object:5,,Cannot Leech Mana
explicitMods,Cannot be Frozen if Dexterity is higher than Intelligence,5,5,object:5,,Cannot be Frozen if Dexterity is higher than Intelligence
explicitMods,Cannot be Ignited if Strength is higher than Dexterity,5,5,object:5,,Cannot be Ignited if Strength is higher than Dexterity
explicitMods,Cannot be Shocked if Intelligence is higher than Strength,5,5,object:5,,Cannot be Shocked if Intelligence is higher than Strength
explicitMods,Cannot be Stunned by Spells if your opposite Ring is a Shaper Item,5,5,object:5,,Cannot be Stunned by Spells if your opposite Ring is a Shaper Item
explicitMods,Causes # Bursts,5,5,object:5,,Causes 4 Bursts
explicitMods,Chaos Damage taken does not bypass Energy Shield during effect,5,5,object:5,,Chaos Damage taken does not bypass Energy Shield during effect
explicitMods,Chills Enemies as though dealing #% more Damage,5,5,object:5,,Chills Enemies as though dealing 190% more Damage
explicitMods,Combat Rush grants #% more Attack Speed to Travel Skills not Supported by Close Combat,5,5,object:5,,Combat Rush grants 20% more Attack Speed to Travel Skills not Supported by Close Combat
explicitMods,Commissioned # coins to commemorate Caspiro\nPassives in radius are Conquered by the Eternal Empire,5,5,object:5,,Commissioned 6960 coins to commemorate Caspiro\nPassives in radius are Conquered by the Eternal Empi
explicitMods,Corrupted Blood cannot be inflicted on you,5,5,object:5,,Corrupted Blood cannot be inflicted on you
explicitMods,Corrupting an Essence in Area can only result in\nupgrading or transforming Essences,5,5,object:4;string:1,,Corrupting an Essence in Area can only result in\nupgrading or transforming Essences
explicitMods,Costs #% more Life per Blood Charge,5,5,object:5,,Costs 20% more Life per Blood Charge
explicitMods,Create Consecrated Ground when you Shatter an Enemy,5,5,object:5,,Create Consecrated Ground when you Shatter an Enemy
explicitMods,Creates a Smoke Cloud on Rampage,5,5,object:5,,Creates a Smoke Cloud on Rampage
explicitMods,Crimson Flock,5,5,object:5,,Crimson Flock
explicitMods,Critical Strikes have Culling Strike,5,5,object:5,,Critical Strikes have Culling Strike
explicitMods,Curse Enemies with Frostbite on Hit,5,5,object:5,,Curse Enemies with Frostbite on Hit
explicitMods,Cursed Enemies have a #% chance to grant a Power Charge when Hit,5,5,object:5,,Cursed Enemies have a 5% chance to grant a Power Charge when Hit
explicitMods,Damage Penetrates #% Fire Resistance,5,5,object:5,,Damage Penetrates 4% Fire Resistance
explicitMods,Damage of Enemies Hitting you is Unlucky while you have a Magic Ring Equipped,5,5,object:5,,Damage of Enemies Hitting you is Unlucky while you have a Magic Ring Equipped
explicitMods,Deal no Chaos Damage,5,5,object:5,,Deal no Chaos Damage
explicitMods,Deals # Chaos Damage per second to nearby Enemies,5,5,object:5,,Deals 50 Chaos Damage per second to nearby Enemies
explicitMods,Deals #% more Damage per Blood Charge,5,5,object:5,,Deals 15% more Damage per Blood Charge
explicitMods,Deals #% more Damage with Hits and Ailments when cast on Frostbolt,5,5,object:5,,Deals 50% more Damage with Hits and Ailments when cast on Frostbolt
explicitMods,Debuff deals #% more Damage per Stage,5,5,object:5,,Debuff deals 20% more Damage per Stage
explicitMods,Delirium Encounters in Area contain all Unique Delirium Bosses\nDelirium Reward Types in Area gain # to count on defeating a Unique Delirium Boss\nCan only be used with Tier #+ Maps,5,5,object:4;string:1,,Delirium Encounters in Area contain all Unique Delirium Bosses\nDelirium Reward Types in Area gain +
explicitMods,Denoted service of # dekhara in the akhara of Balbala\nPassives in radius are Conquered by the Maraketh,5,5,object:5,,Denoted service of 2442 dekhara in the akhara of Balbala\nPassives in radius are Conquered by the Ma
explicitMods,Dexterity from Passives in Radius is Transformed to Intelligence,5,5,object:5,,Dexterity from Passives in Radius is Transformed to Intelligence
explicitMods,Does not require a corpse,5,5,object:5,,Does not require a corpse
explicitMods,"Drenched Enemies have Cold and Lightning Exposure, applying #% to Resistances",5,5,object:5,,"Drenched Enemies have Cold and Lightning Exposure, applying -10% to Resistances"
explicitMods,Enemies Cannot Leech Life From you,5,5,object:5,,Enemies Cannot Leech Life From you
explicitMods,Enemies display their Monster Category,5,5,object:5,,Enemies display their Monster Category
explicitMods,Enemies you Attack Reflect # Physical Damage to you,5,5,object:5,,Enemies you Attack Reflect 100 Physical Damage to you
explicitMods,Enemy Projectiles Pierce you,5,5,object:5,,Enemy Projectiles Pierce you
explicitMods,Explosion deals base Fire Damage equal to #% of the Minion's maximum Life,5,5,object:5,,Explosion deals base Fire Damage equal to 22% of the Minion's maximum Life
explicitMods,Far Shot,5,5,object:5,,Far Shot
explicitMods,Final wave always Ignites,5,5,object:5,,Final wave always Ignites
explicitMods,Final wave deals #% more Damage with Hits,5,5,object:5,,Final wave deals 500% more Damage with Hits
explicitMods,Final wave deals #% more Damage with Ignite,5,5,object:5,,Final wave deals 250% more Damage with Ignite
explicitMods,Fires # Shard Projectiles in a Spiral when Projectile ends,5,5,object:5,,Fires 8 Shard Projectiles in a Spiral when Projectile ends
explicitMods,Flasks applied to you have #% reduced Effect,5,5,object:5,,Flasks applied to you have 20% reduced Effect
explicitMods,Gain #% of Maximum Mana as Extra Maximum Energy Shield,5,5,object:5,,Gain 10% of Maximum Mana as Extra Maximum Energy Shield
explicitMods,Gain #% of Weapon Physical Damage as Extra Damage of a random Element,5,5,object:5,,Gain 100% of Weapon Physical Damage as Extra Damage of a random Element
explicitMods,Gain Unholy Might for # seconds on Rampage,5,5,object:5,,Gain Unholy Might for 3 seconds on Rampage
explicitMods,Gain a Blood Charge if this Skill Hits Enemies and none of them Die\nLose a Blood Charge when an Enemy Dies while affected by this Skill's Debuff,5,5,object:5,,Gain a Blood Charge if this Skill Hits Enemies and none of them Die\nLose a Blood Charge when an Ene
explicitMods,Gain a Power Charge on Killing a Frozen Enemy,5,5,object:5,,Gain a Power Charge on Killing a Frozen Enemy
explicitMods,Glancing Blows,5,5,object:5,,Glancing Blows
explicitMods,Golems Deal #% less Damage,5,5,object:5,,Golems Deal 33% less Damage
explicitMods,Golems have #% increased Movement Speed,5,5,object:5,,Golems have 92% increased Movement Speed
explicitMods,Golems have #% less Life,5,5,object:5,,Golems have 34% less Life
explicitMods,Grants Level # Ravenous Skill,5,5,object:5,,Grants Level 20 Ravenous Skill
explicitMods,Half of your Strength is added to your Minions,5,5,object:5,,Half of your Strength is added to your Minions
explicitMods,Herald of Agony has #% increased Buff Effect,5,5,object:5,,Herald of Agony has 49% increased Buff Effect
explicitMods,Hinders nearby Enemies with #% reduced Movement Speed if used while not on Full Life,5,5,object:5,,Hinders nearby Enemies with 33% reduced Movement Speed if used while not on Full Life
explicitMods,Hinders nearby Enemies with #% reduced Movement Speed if used while not on Full Mana,5,5,object:5,,Hinders nearby Enemies with 28% reduced Movement Speed if used while not on Full Mana
explicitMods,Hits with this Weapon gain #% of Physical Damage as Extra Cold or Lightning Damage,5,5,object:5,,Hits with this Weapon gain 94% of Physical Damage as Extra Cold or Lightning Damage
explicitMods,Ignited Enemies Killed by your Hits are destroyed,5,5,object:5,,Ignited Enemies Killed by your Hits are destroyed
explicitMods,Ignites you cause are reflected back to you,5,5,object:5,,Ignites you cause are reflected back to you
explicitMods,Ignites you inflict with this weapon spread to other Enemies within # metres,5,5,object:5,,Ignites you inflict with this weapon spread to other Enemies within 2.8 metres
explicitMods,Improves the quality of an armour,5,5,object:5,,Improves the quality of an armour
explicitMods,Increases and Reductions to Life in Radius are Transformed to apply to Energy Shield,5,5,object:5,,Increases and Reductions to Life in Radius are Transformed to apply to Energy Shield
explicitMods,Increases and Reductions to Light Radius also apply to Area of Effect at #% of their value,5,5,object:5,,Increases and Reductions to Light Radius also apply to Area of Effect at 50% of their value
explicitMods,Increases and Reductions to Light Radius also apply to Damage,5,5,object:5,,Increases and Reductions to Light Radius also apply to Damage
explicitMods,Increases and Reductions to Projectile Speed also apply to\nthis Skill's Area of Effect,5,5,object:5,,Increases and Reductions to Projectile Speed also apply to\nthis Skill's Area of Effect
explicitMods,Knocks Enemies Back on Hit,5,5,object:5,,Knocks Enemies Back on Hit
explicitMods,Left ring slot: you and your Minions prevent #% of Reflected Elemental Damage,5,5,object:5,,Left ring slot: you and your Minions prevent +100% of Reflected Elemental Damage
explicitMods,Life Flasks used while on Low Life apply Recovery Instantly,5,5,object:5,,Life Flasks used while on Low Life apply Recovery Instantly
explicitMods,Life Leech from Hits with this Weapon is instant,5,5,object:5,,Life Leech from Hits with this Weapon is instant
explicitMods,Life Recovery from Regeneration is not applied,5,5,object:5,,Life Recovery from Regeneration is not applied
explicitMods,Mana Flasks used while on Low Mana apply Recovery Instantly,5,5,object:5,,Mana Flasks used while on Low Mana apply Recovery Instantly
explicitMods,Maximum # Stages\nLeaves # Spore Pod per Stage,5,5,object:5,,Maximum 5 Stages\nLeaves 1 Spore Pod per Stage
explicitMods,Maximum # hovering Projectiles,5,5,object:5,,Maximum 12 hovering Projectiles
explicitMods,Maximum of # Clones that fire Arrows upwards,5,5,object:5,,Maximum of 3 Clones that fire Arrows upwards
explicitMods,Minions Regenerate # Life per second,5,5,object:5,,Minions Regenerate 33 Life per second
explicitMods,Minions can hear the whispers for # seconds after they deal a Critical Strike,5,5,object:5,,Minions can hear the whispers for 5 seconds after they deal a Critical Strike
explicitMods,Minions deal # to # additional Attack Physical Damage,5,5,object:5,,Minions deal 7 to 13 additional Attack Physical Damage
explicitMods,Minions from Supported Skills take #% of their total Maximum Life and Energy Shield as Physical Damage per second while you have an Aura from a Supported Skill on you,5,5,object:5,,Minions from Supported Skills take 13.7% of their total Maximum Life and Energy Shield as Physical D
explicitMods,Minions have #% increased Critical Strike Chance per Maximum Power Charge you have,5,5,object:5,,Minions have 50% increased Critical Strike Chance per Maximum Power Charge you have
explicitMods,Minions have #% to Critical Strike Multiplier,5,5,object:5,fractured=True:1,Minions have +37% to Critical Strike Multiplier
explicitMods,Modifiers to number of Projectiles only apply to the final Spiral,5,5,object:5,,Modifiers to number of Projectiles only apply to the final Spiral
explicitMods,"Monsters Ignite, Freeze and Shock on Hit",5,5,object:5,,"Monsters Ignite, Freeze and Shock on Hit"
explicitMods,Monsters have #% chance to gain a Frenzy Charge on Hit,5,5,object:5,,Monsters have 35% chance to gain a Frenzy Charge on Hit
explicitMods,"More Fire modifiers\nNo Cold modifiers",5,5,object:4;string:1,,"More Fire modifiers\nNo Cold modifiers"
explicitMods,Nearby stationary Enemies gain a Grasping Vine every # seconds,5,5,object:5,,Nearby stationary Enemies gain a Grasping Vine every 0.5 seconds
explicitMods,Passive Skills in Radius can be Allocated without being connected to your tree\nPassage,5,5,object:5,,Passive Skills in Radius can be Allocated without being connected to your tree\nPassage
explicitMods,Players have #% less Defences,5,5,object:5,,Players have 27% less Defences
explicitMods,Projectiles deal #% more Damage per previous Projectile fired in sequence,5,5,object:5,,Projectiles deal 6% more Damage per previous Projectile fired in sequence
explicitMods,"Pulses every # seconds while Frozen, Shocked, Brittle or Sapped",5,5,object:5,,"Pulses every 0.4 seconds while Frozen, Shocked, Brittle or Sapped"
explicitMods,Randomises the values of the implicit modifiers of an item,5,5,object:5,,Randomises the values of the implicit modifiers of an item
explicitMods,Rare Monsters have Volatile Cores,5,5,object:5,,Rare Monsters have Volatile Cores
explicitMods,Recharges # Charge when you Consume an Ignited corpse,5,5,object:5,,Recharges 1 Charge when you Consume an Ignited corpse
explicitMods,Recover #% of Life when Supported Skills Cull an Enemy,5,5,object:5,,Recover 1% of Life when Supported Skills Cull an Enemy
explicitMods,Recover #% of Life when you Block,5,5,object:5,,Recover 5% of Life when you Block
explicitMods,Recover an additional #% of Flask's Life Recovery Amount over # seconds if used while not on Full Life,5,5,object:5,,Recover an additional 24% of Flask's Life Recovery Amount over 10 seconds if used while not on Full
explicitMods,Regenerate # Energy Shield per second while a Rare or Unique Enemy is Nearby,5,5,object:5,crafted=True:3,Regenerate 180 Energy Shield per second while a Rare or Unique Enemy is Nearby
explicitMods,Regenerate # Rage per second for every # Life Recovery per second from Regeneration\nDoes not delay Inherent Loss of Rage,5,5,object:5,,Regenerate 1 Rage per second for every 200 Life Recovery per second from Regeneration\nDoes not dela
explicitMods,Regenerate #% of Life per second per Frenzy Charge,5,5,object:5,,Regenerate 0.5% of Life per second per Frenzy Charge
explicitMods,Regenerate #% of Life per second while moving,5,5,object:5,,Regenerate 0.9% of Life per second while moving
explicitMods,Removes a random modifier from an item,5,5,object:5,,Removes a random modifier from an item
explicitMods,Removes all but one Life on use\nRemoved life is Regenerated as Energy Shield over # seconds,5,5,object:5,,Removes all but one Life on use\nRemoved life is Regenerated as Energy Shield over 2 seconds
explicitMods,Restless Ground III,5,5,object:5,,Restless Ground III
explicitMods,Right ring slot: you and your Minions prevent #% of Reflected Physical Damage,5,5,object:5,,Right ring slot: you and your Minions prevent +100% of Reflected Physical Damage
explicitMods,Rituals have #% improved Favour Rewards\nRituals spawn Monsters #% faster\nRituals have #% more maximum monsters alive,5,5,object:5,,Rituals have 20% improved Favour Rewards\nRituals spawn Monsters 20% faster\nRituals have 20% more m
explicitMods,Runes can be improved # times,5,5,object:5,,Runes can be improved 3 times
explicitMods,Runes deal #% more Damage with Hits and Ailments per Improvement,5,5,object:5,,Runes deal 100% more Damage with Hits and Ailments per Improvement
explicitMods,Runes have #% more Area of Effect per Improvement,5,5,object:5,,Runes have 40% more Area of Effect per Improvement
explicitMods,Sacrifices #% of Skeleton's Life to deal that much Chaos Damage,5,5,object:5,,Sacrifices 14% of Skeleton's Life to deal that much Chaos Damage
explicitMods,Scorch Enemies in Close Range when you Block,5,5,object:5,,Scorch Enemies in Close Range when you Block
explicitMods,Secondary Debuff deals #% of the total remaining Expected Poison Damage of all Poisons on the dying Enemy per second as Chaos Damage,5,5,object:5,,Secondary Debuff deals 50% of the total remaining Expected Poison Damage of all Poisons on the dying
explicitMods,Shocks you cause are reflected back to you,5,5,object:5,,Shocks you cause are reflected back to you
explicitMods,Socketed Gems are Supported by Level # Added Fire Damage,5,5,object:5,,Socketed Gems are Supported by Level 10 Added Fire Damage
explicitMods,Socketed Gems are Supported by Level # Burning Damage,5,5,object:5,,Socketed Gems are Supported by Level 16 Burning Damage
explicitMods,Socketed Gems are Supported by Level # Fire Penetration,5,5,object:5,,Socketed Gems are Supported by Level 10 Fire Penetration
explicitMods,Socketed Gems are Supported by Level # Innervate,5,5,object:5,,Socketed Gems are Supported by Level 18 Innervate
explicitMods,Socketed Gems deal # to # Added Fire Damage,5,5,object:5,,Socketed Gems deal 63 to 94 Added Fire Damage
explicitMods,Spectral Stampede,5,5,object:5,,Spectral Stampede
explicitMods,Spells cause you to gain Energy Shield equal to their Upfront\nCost every third time you Pay it,5,5,object:5,,Spells cause you to gain Energy Shield equal to their Upfront\nCost every third time you Pay it
explicitMods,Spends #% of Brand's Cost,5,5,object:5,,Spends 20% of Brand's Cost
explicitMods,Storms Hit Enemies with #% increased Frequency,5,5,object:5,,Storms Hit Enemies with 8% increased Frequency
explicitMods,Supported Aura Skills have no Reservation,5,5,object:5,,Supported Aura Skills have no Reservation
explicitMods,Supported Skills Fire Projectiles in a circle,5,5,object:5,,Supported Skills Fire Projectiles in a circle
explicitMods,Supported Skills Fire Projectiles sequentially,5,5,object:5,,Supported Skills Fire Projectiles sequentially
explicitMods,Supported Skills can only be used with Axes or Swords,5,5,object:5,,Supported Skills can only be used with Axes or Swords
explicitMods,Supported Skills can only be used with Bows,5,5,object:5,,Supported Skills can only be used with Bows
explicitMods,Supported Skills can only be used with Bows or Wands,5,5,object:5,,Supported Skills can only be used with Bows or Wands
explicitMods,"Supported Skills can only be used with Maces, Sceptres or Staves",5,5,object:5,,"Supported Skills can only be used with Maces, Sceptres or Staves"
explicitMods,Supported Skills cannot apply Auras on you unless you have Minions from a Supported Skill,5,5,object:5,,Supported Skills cannot apply Auras on you unless you have Minions from a Supported Skill
explicitMods,Supported Skills deal #% increased Damage with Poison,5,5,object:5,,Supported Skills deal 11% increased Damage with Poison
explicitMods,Supported Skills deal #% more Damage for each prior Mine in Detonation Sequence,5,5,object:5,,Supported Skills deal 5% more Damage for each prior Mine in Detonation Sequence
explicitMods,"Supported Skills deal up to #% more Melee Damage to Enemies, based on proximity",5,5,object:5,,"Supported Skills deal up to 36% more Melee Damage to Enemies, based on proximity"
explicitMods,Supported Skills fire a Payload Arrow into the air\nProjectiles from the Supported Skill Fire from where the Payload Arrow lands,5,5,object:5,,Supported Skills fire a Payload Arrow into the air\nProjectiles from the Supported Skill Fire from w
explicitMods,Supported Skills gain #% of Cold Damage as Extra Fire Damage,5,5,object:5,,Supported Skills gain 10% of Cold Damage as Extra Fire Damage
explicitMods,Supported Skills grant Combat Rush on Hit\nCombat Rush lasts # seconds or until you use a Travel Skill,5,5,object:5,,Supported Skills grant Combat Rush on Hit\nCombat Rush lasts 2 seconds or until you use a Travel Ski
explicitMods,Supported Skills have #% chance to Unnerve Enemies for # seconds on Hit,5,5,object:5,,Supported Skills have 10% chance to Unnerve Enemies for 4 seconds on Hit
explicitMods,Supported Skills have #% increased Blinding duration,5,5,object:5,,Supported Skills have 30% increased Blinding duration
explicitMods,Supported Skills have #% increased Curse Duration,5,5,object:5,,Supported Skills have 10% increased Curse Duration
explicitMods,Supported Skills have #% increased Minion maximum Life,5,5,object:5,,Supported Skills have 20% increased Minion maximum Life
explicitMods,Supported Skills have #% increased Projectile Speed,5,5,object:5,,Supported Skills have 10% increased Projectile Speed
explicitMods,Supported Skills have #% less Projectile Speed,5,5,object:5,,Supported Skills have 30% less Projectile Speed
explicitMods,Supported Skills have #% more Attack Time per Projectile,5,5,object:5,,Supported Skills have 10% more Attack Time per Projectile
explicitMods,Supported Skills have #% more Trap and Mine Throwing Time per Projectile,5,5,object:5,,Supported Skills have 10% more Trap and Mine Throwing Time per Projectile
explicitMods,Supported Skills have #% of Cold Damage Converted to Fire Damage,5,5,object:5,,Supported Skills have 50% of Cold Damage Converted to Fire Damage
explicitMods,Supported Skills will Trigger Shockwave on Melee Hit,5,5,object:5,,Supported Skills will Trigger Shockwave on Melee Hit
explicitMods,"Supported Warcries will Trigger when their Cooldown is over\nThis Skill's Mana Reservation is the total of the Mana Reservations of Supported Skills, and cannot be further modified",5,5,object:5,,Supported Warcries will Trigger when their Cooldown is over\nThis Skill's Mana Reservation is the to
explicitMods,Take no Extra Damage from Critical Strikes if you have a Magic Ring in left slot,5,5,object:5,,Take no Extra Damage from Critical Strikes if you have a Magic Ring in left slot
explicitMods,Temporal Chains has #% reduced Effect on you,5,5,object:5,,Temporal Chains has 50% reduced Effect on you
explicitMods,Trigger Level # Consecrate when you deal a Critical Strike,5,5,object:5,,Trigger Level 10 Consecrate when you deal a Critical Strike
explicitMods,Trigger Level # Lightning Warp on Hit with this Weapon,5,5,object:5,,Trigger Level 15 Lightning Warp on Hit with this Weapon
explicitMods,Unaffected by Ignite,5,5,object:5,,Unaffected by Ignite
explicitMods,"Unique Boss deals #% increased Damage\nUnique Boss has #% increased Attack and Cast Speed\nUnique Boss has #% increased Life\nUnique Boss has #% increased Area of Effect",5,5,object:4;string:1,,"Unique Boss deals 10% increased Damage\nUnique Boss has 10% increased Attack and Cast Speed\nUniqu"
explicitMods,Upgrades a normal item to a rare item with up to four linked sockets,5,5,object:5,,Upgrades a normal item to a rare item with up to four linked sockets
explicitMods,Uses your Life if no Skeletons in range,5,5,object:5,,Uses your Life if no Skeletons in range
explicitMods,Warcry Skills have #% increased Area of Effect,5,5,object:5,,Warcry Skills have 20% increased Area of Effect
explicitMods,Will be Consumed when you use a Jeweller's Orb\non an item to ensure maximum Sockets,5,5,object:5,,Will be Consumed when you use a Jeweller's Orb\non an item to ensure maximum Sockets
explicitMods,"With at least # Dexterity in Radius, Ethereal Knives fires # additional Projectiles",5,5,object:5,,"With at least 40 Dexterity in Radius, Ethereal Knives fires 5 additional Projectiles"
explicitMods,"With at least # Dexterity in Radius, Ethereal Knives fires Projectiles in a circle",5,5,object:5,,"With at least 40 Dexterity in Radius, Ethereal Knives fires Projectiles in a circle"
explicitMods,"With at least # Strength in Radius, Ground Slam has a #% chance\nto grant an Endurance Charge when you Stun an Enemy",5,5,object:5,,"With at least 40 Strength in Radius, Ground Slam has a 35% chance\nto grant an Endurance Charge when"
explicitMods,"With at least # Strength in Radius, Ground Slam\nhas a #% increased angle",5,5,object:5,,"With at least 40 Strength in Radius, Ground Slam\nhas a 50% increased angle"
explicitMods,"With at least # Strength in Radius, Molten Strike Projectiles Chain # time",5,5,object:5,,"With at least 40 Strength in Radius, Molten Strike Projectiles Chain +1 time"
explicitMods,"With at least # Strength in Radius, Molten Strike Projectiles Chain on impacting ground",5,5,object:5,,"With at least 40 Strength in Radius, Molten Strike Projectiles Chain on impacting ground"
explicitMods,"With at least # Strength in Radius, Molten Strike fires #% less Projectiles",5,5,object:5,,"With at least 40 Strength in Radius, Molten Strike fires 50% less Projectiles"
explicitMods,"With at least # Strength, #% of Damage dealt by your Raised Zombies is Leeched to you as Life",5,5,object:5,,"With at least 1000 Strength, 1.95% of Damage dealt by your Raised Zombies is Leeched to you as Life"
explicitMods,You are Hexproof if you have a Magic Ring in right slot,5,5,object:5,,You are Hexproof if you have a Magic Ring in right slot
explicitMods,You cannot have non-Golem Minions,5,5,object:5,,You cannot have non-Golem Minions
explicitMods,You gain # Grasping Vines when you take a Critical Strike,5,5,object:5,,You gain 3 Grasping Vines when you take a Critical Strike
explicitMods,You gain Onslaught for # seconds on Kill,5,5,object:5,,You gain Onslaught for 4 seconds on Kill
explicitMods,You have Phasing if you have Blocked Recently,5,5,object:5,,You have Phasing if you have Blocked Recently
explicitMods,You take #% reduced Extra Damage from Critical Strikes by Poisoned Enemies,5,5,object:5,,You take 33% reduced Extra Damage from Critical Strikes by Poisoned Enemies
explicitMods,Your Aura Buffs do not affect allies,5,5,object:5,,Your Aura Buffs do not affect allies
explicitMods,"Your Minions spread Caustic Ground on Death, dealing #% of their maximum Life as Chaos Damage per second",5,5,object:5,,"Your Minions spread Caustic Ground on Death, dealing 20% of their maximum Life as Chaos Damage per s"
explicitMods,Your spells have #% chance to Shock against Frozen Enemies,5,5,object:5,,Your spells have 100% chance to Shock against Frozen Enemies
explicitMods,# Added Passive Skill is Aggressive Defence,4,4,object:4,,1 Added Passive Skill is Aggressive Defence
explicitMods,# Added Passive Skill is Blast-Freeze,4,4,object:4,,1 Added Passive Skill is Blast-Freeze
explicitMods,# Added Passive Skill is Brush with Death,4,4,object:4,,1 Added Passive Skill is Brush with Death
explicitMods,# Added Passive Skill is Chip Away,4,4,object:4,,1 Added Passive Skill is Chip Away
explicitMods,# Added Passive Skill is Empowered Envoy,4,4,object:4,,1 Added Passive Skill is Empowered Envoy
explicitMods,# Added Passive Skill is Enduring Composure,4,4,object:4,,1 Added Passive Skill is Enduring Composure
explicitMods,# Added Passive Skill is Feed the Fury,4,4,object:4,,1 Added Passive Skill is Feed the Fury
explicitMods,# Added Passive Skill is Introspection,4,4,object:4,,1 Added Passive Skill is Introspection
explicitMods,# Added Passive Skill is Invigorating Portents,4,4,object:4,,1 Added Passive Skill is Invigorating Portents
explicitMods,# Added Passive Skill is Iron Breaker,4,4,object:4,,1 Added Passive Skill is Iron Breaker
explicitMods,# Added Passive Skill is Peak Vigour,4,4,object:4,,1 Added Passive Skill is Peak Vigour
explicitMods,# Added Passive Skill is Quick Getaway,4,4,object:4,,1 Added Passive Skill is Quick Getaway
explicitMods,# Added Passive Skill is Replenishing Presence,4,4,object:4,,1 Added Passive Skill is Replenishing Presence
explicitMods,# Added Passive Skill is Snowstorm,4,4,object:4,,1 Added Passive Skill is Snowstorm
explicitMods,# Added Passive Skill is Streamlined,4,4,object:4,,1 Added Passive Skill is Streamlined
explicitMods,# Added Passive Skill is Student of Decay,4,4,object:4,,1 Added Passive Skill is Student of Decay
explicitMods,# Added Passive Skill is Uncompromising,4,4,object:4,,1 Added Passive Skill is Uncompromising
explicitMods,# Added Passive Skill is Unspeakable Gifts,4,4,object:4,,1 Added Passive Skill is Unspeakable Gifts
explicitMods,# Added Passive Skill is Vast Power,4,4,object:4,,1 Added Passive Skill is Vast Power
explicitMods,# Added Passive Skill is a Jewel Socket,4,4,object:4,,1 Added Passive Skill is a Jewel Socket
explicitMods,# Intelligence per # Intelligence on Allocated Passives in Radius,4,4,object:4,,-1 Intelligence per 1 Intelligence on Allocated Passives in Radius
explicitMods,# maximum Energy Shield per # Strength,4,4,object:4,,+2 maximum Energy Shield per 5 Strength
explicitMods,# metres to Pulse radius per Energy,4,4,object:4,,+0.1 metres to Pulse radius per Energy
explicitMods,# seconds to Duration of Frenzy and Power Charges on Culling Strike,4,4,object:4,,+3 seconds to Duration of Frenzy and Power Charges on Culling Strike
explicitMods,# to # Added Cold Damage with Axe Attacks,4,4,object:4,,6 to 13 Added Cold Damage with Axe Attacks
explicitMods,# to # Added Fire Damage with Staff Attacks,4,4,object:4,fractured=True:1,12 to 22 Added Fire Damage with Staff Attacks
explicitMods,# to # Added Physical Damage with Axe Attacks,4,4,object:4,,4 to 6 Added Physical Damage with Axe Attacks
explicitMods,# to # Added Physical Damage with Wand Attacks,4,4,object:4,,5 to 7 Added Physical Damage with Wand Attacks
explicitMods,# to # Added Spell Chaos Damage while wielding a Two Handed Weapon,4,4,object:4,,11 to 13 Added Spell Chaos Damage while wielding a Two Handed Weapon
explicitMods,# to Level of Socketed Elemental Gems,4,4,object:4,,+1 to Level of Socketed Elemental Gems
explicitMods,# to Level of Socketed Golem Gems,4,4,object:4,,+3 to Level of Socketed Golem Gems
explicitMods,# to Level of Supported Cold Skill Gems,4,4,object:4,,+1 to Level of Supported Cold Skill Gems
explicitMods,# to Maximum Resolve,4,4,object:4,,+8 to Maximum Resolve
explicitMods,# to [Strength|Strength],4,4,object:4,,+6 to [Strength|Strength]
explicitMods,# to length per #% of Unreserved maximum Mana you have,4,4,object:4,,+6 to length per 25% of Unreserved maximum Mana you have
explicitMods,#% Chance for Strongboxes in Area to be openable again,4,4,object:3;string:1,,15% Chance for Strongboxes in Area to be openable again
explicitMods,#% Chance to Block Attack Damage if you were Damaged by a Hit Recently,4,4,object:4,,+2% Chance to Block Attack Damage if you were Damaged by a Hit Recently
explicitMods,#% Chance to Block Spell Damage while holding a Shield,4,4,object:4,,+3% Chance to Block Spell Damage while holding a Shield
explicitMods,#% Increased effect of Explicit Modifiers on Strongboxes in Area,4,4,object:3;string:1,,75% Increased effect of Explicit Modifiers on Strongboxes in Area
explicitMods,#% Increased number of Monster Packs Substituted by Allflame Embers in Area,4,4,object:3;string:1,,75% Increased number of Monster Packs Substituted by Allflame Embers in Area
explicitMods,#% additional Physical Damage Reduction if you weren't Damaged by a Hit Recently,4,4,object:4,,2% additional Physical Damage Reduction if you weren't Damaged by a Hit Recently
explicitMods,#% chance on completing a Heist to generate an additional Reveal with Whakano,4,4,object:4,,7% chance on completing a Heist to generate an additional Reveal with Whakano
explicitMods,#% chance to Avoid being Ignited,4,4,object:4,,23% chance to Avoid being Ignited
explicitMods,#% chance to Ignite when in Main Hand,4,4,object:4,,25% chance to Ignite when in Main Hand
explicitMods,#% chance to Sap Enemies in Chilling Areas,4,4,object:4,,24% chance to Sap Enemies in Chilling Areas
explicitMods,#% chance to Shock Attackers for # seconds on Block,4,4,object:4,,50% chance to Shock Attackers for 4 seconds on Block
explicitMods,#% chance to Trigger Level # Animate Weapon on Kill,4,4,object:4,,25% chance to Trigger Level 20 Animate Weapon on Kill
explicitMods,#% chance to gain Chaotic Might for # seconds on Kill,4,4,object:4,,10% chance to gain Chaotic Might for 10 seconds on Kill
explicitMods,#% chance to gain a Frenzy Charge on Critical Strike,4,4,object:4,,6% chance to gain a Frenzy Charge on Critical Strike
explicitMods,#% chance to gain a Frenzy Charge on Killing a Frozen Enemy,4,4,object:4,,20% chance to gain a Frenzy Charge on Killing a Frozen Enemy
explicitMods,#% chance to gain a Power Charge on Critical Strike,4,4,object:4,,15% chance to gain a Power Charge on Critical Strike
explicitMods,#% chance to gain a Power Charge when you Stun,4,4,object:4,,30% chance to gain a Power Charge when you Stun
explicitMods,#% chance to gain a Power Charge when you Throw a Trap,4,4,object:4,,25% chance to gain a Power Charge when you Throw a Trap
explicitMods,#% chance to grant Chaotic Might to nearby Enemies on Kill,4,4,object:4,,5% chance to grant Chaotic Might to nearby Enemies on Kill
explicitMods,#% chance to grant Onslaught to nearby Enemies on Kill,4,4,object:4,,5% chance to grant Onslaught to nearby Enemies on Kill
explicitMods,#% chance to summon an extra Minion,4,4,object:4,,28% chance to summon an extra Minion
explicitMods,#% increased Area of Effect angle,4,4,object:4,,92% increased Area of Effect angle
explicitMods,#% increased Area of Effect during Effect,4,4,object:4,,24% increased Area of Effect during Effect
explicitMods,#% increased Armour per # Reserved Mana,4,4,object:4,,1% increased Armour per 50 Reserved Mana
explicitMods,#% increased Attack Critical Strike Chance while Dual Wielding,4,4,object:4,,16% increased Attack Critical Strike Chance while Dual Wielding
explicitMods,#% increased Attack Speed if you haven't gained a Frenzy Charge Recently,4,4,object:4,,20% increased Attack Speed if you haven't gained a Frenzy Charge Recently
explicitMods,#% increased Attack Speed with Daggers,4,4,object:4,,8% increased Attack Speed with Daggers
explicitMods,#% increased Attack Speed with Wands,4,4,object:4,,7% increased Attack Speed with Wands
explicitMods,#% increased Bleeding Duration,4,4,object:4,,14% increased Bleeding Duration
explicitMods,#% increased Cast Speed if you've dealt a Critical Strike Recently,4,4,object:4,,6% increased Cast Speed if you've dealt a Critical Strike Recently
explicitMods,#% increased Cast Speed with Fire Skills,4,4,object:4,,3% increased Cast Speed with Fire Skills
explicitMods,#% increased Cast Speed with Lightning Skills,4,4,object:4,,3% increased Cast Speed with Lightning Skills
explicitMods,#% increased Critical Strike Chance if you haven't gained a Power Charge Recently,4,4,object:4,,67% increased Critical Strike Chance if you haven't gained a Power Charge Recently
explicitMods,#% increased Damage taken,4,4,object:4,,10% increased Damage taken
explicitMods,#% increased Damage with Hits against Rare monsters,4,4,object:4,,22% increased Damage with Hits against Rare monsters
explicitMods,#% increased Damage with Hits and Ailments against Marked Enemy,4,4,object:4,,33% increased Damage with Hits and Ailments against Marked Enemy
explicitMods,#% increased Damage with Hits to Close Range Enemies,4,4,object:4,,10% increased Damage with Hits to Close Range Enemies
explicitMods,#% increased Damage with Ignite inflicted on Chilled Enemies,4,4,object:4,,100% increased Damage with Ignite inflicted on Chilled Enemies
explicitMods,#% increased Damage with Swords,4,4,object:4,,15% increased Damage with Swords
explicitMods,#% increased Effect of Curses on you,4,4,object:4,,50% increased Effect of Curses on you
explicitMods,#% increased Effect of Mark,4,4,object:4,,2% increased Effect of Mark
explicitMods,#% increased Evasion Rating if you have been Hit Recently,4,4,object:4,,50% increased Evasion Rating if you have been Hit Recently
explicitMods,#% increased Evasion Rating while moving,4,4,object:4,,34% increased Evasion Rating while moving
explicitMods,#% increased Flask Charges gained during any Flask Effect,4,4,object:4,,50% increased Flask Charges gained during any Flask Effect
explicitMods,#% increased Global Critical Strike Chance per Level,4,4,object:4,,3% increased Global Critical Strike Chance per Level
explicitMods,#% increased Herald of Ice Damage,4,4,object:4,,50% increased Herald of Ice Damage
explicitMods,#% increased Magic Pack Size,4,4,object:3;string:1,,40% increased Magic Pack Size
explicitMods,#% increased Mana Burn rate,4,4,object:4,,33% increased Mana Burn rate
explicitMods,#% increased Mana Recovered,4,4,object:4,,65% increased Mana Recovered
explicitMods,#% increased Mana Recovery Rate per # Intelligence on Allocated Passives in Radius,4,4,object:4,,3% increased Mana Recovery Rate per 10 Intelligence on Allocated Passives in Radius
explicitMods,#% increased Mana Recovery rate,4,4,object:4,,10% increased Mana Recovery rate
explicitMods,#% increased Mana Regeneration Rate during any Flask Effect,4,4,object:4,,50% increased Mana Regeneration Rate during any Flask Effect
explicitMods,#% increased Mana Reservation Efficiency of Skills per # total Attributes,4,4,object:4,,2% increased Mana Reservation Efficiency of Skills per 250 total Attributes
explicitMods,#% increased Maps found in Area for each Map Modifier affecting Area,4,4,object:3;string:1,,10% increased Maps found in Area for each Map Modifier affecting Area
explicitMods,#% increased Melee Damage when on Full Life,4,4,object:4,,60% increased Melee Damage when on Full Life
explicitMods,#% increased Minion Accuracy Rating,4,4,object:4,,22% increased Minion Accuracy Rating
explicitMods,#% increased Movement Speed during any Flask Effect,4,4,object:4,,7% increased Movement Speed during any Flask Effect
explicitMods,#% increased Movement Speed while affected by a Magic Abyss Jewel,4,4,object:4,,25% increased Movement Speed while affected by a Magic Abyss Jewel
explicitMods,#% increased Reservation Efficiency of Skills while affected by a Unique Abyss Jewel,4,4,object:4,,19% increased Reservation Efficiency of Skills while affected by a Unique Abyss Jewel
explicitMods,#% increased Spell Damage taken when on Low Mana,4,4,object:4,,25% increased Spell Damage taken when on Low Mana
explicitMods,#% increased Spell Damage while Dual Wielding,4,4,object:4,,14% increased Spell Damage while Dual Wielding
explicitMods,#% increased Taunt Duration,4,4,object:4,,20% increased Taunt Duration
explicitMods,#% increased effect of Area Prefix Modifiers\nArea Suffix Modifiers have no effect,4,4,object:3;string:1,,100% increased effect of Area Prefix Modifiers\nArea Suffix Modifiers have no effect
explicitMods,#% less Animate Weapon Duration,4,4,object:4,,30% less Animate Weapon Duration
explicitMods,#% less Damage taken if you have not been Hit Recently,4,4,object:4,,20% less Damage taken if you have not been Hit Recently
explicitMods,#% less Damage while in Blood Stance,4,4,object:4,,75% less Damage while in Blood Stance
explicitMods,#% more Area Radius against Enemies affected by an Ailment of the chosen Element,4,4,object:4,,80% more Area Radius against Enemies affected by an Ailment of the chosen Element
explicitMods,#% more Area of Effect per Endurance Charge,4,4,object:4,,10% more Area of Effect per Endurance Charge
explicitMods,#% more Damage with Hits and Ailments against Burning Enemies,4,4,object:4,,25% more Damage with Hits and Ailments against Burning Enemies
explicitMods,#% more Damage with Hits and Ailments for each Cast of this Spell currently waiting,4,4,object:4,,1% more Damage with Hits and Ailments for each Cast of this Spell currently waiting
explicitMods,#% of Chaos Damage taken does not bypass Energy Shield,4,4,object:4,,33% of Chaos Damage taken does not bypass Energy Shield
explicitMods,#% of Damage Leeched as Life on Critical Strike,4,4,object:4,,1.2% of Damage Leeched as Life on Critical Strike
explicitMods,"#% of Damage Leeched as Life while you have at least # total Endurance, Frenzy and Power Charges",4,4,object:4,,"0.5% of Damage Leeched as Life while you have at least 5 total Endurance, Frenzy and Power Charges"
explicitMods,#% of Damage Taken from Hits is Leeched as Life during Effect,4,4,object:4,crafted=True:1,15% of Damage Taken from Hits is Leeched as Life during Effect
explicitMods,#% of Damage from Hits is taken from your Raised Spectres' Life before you,4,4,object:4,,10% of Damage from Hits is taken from your Raised Spectres' Life before you
explicitMods,#% of Non-Chaos Damage taken bypasses Energy Shield,4,4,object:4,,33% of Non-Chaos Damage taken bypasses Energy Shield
explicitMods,#% of Spell Damage Leeched as Energy Shield for each Curse on Enemy,4,4,object:4,,0.2% of Spell Damage Leeched as Energy Shield for each Curse on Enemy
explicitMods,#% reduced Duration of Elemental Ailments on You while affected by a Rare Abyss Jewel,4,4,object:4,,59% reduced Duration of Elemental Ailments on You while affected by a Rare Abyss Jewel
explicitMods,#% reduced Intelligence,4,4,object:4,,10% reduced Intelligence
explicitMods,#% reduced Poison Duration on you,4,4,object:4,,33% reduced Poison Duration on you
explicitMods,#% to Chaos Damage over Time Multiplier with Attack Skills,4,4,object:4,,+23% to Chaos Damage over Time Multiplier with Attack Skills
explicitMods,#% to Critical Strike Multiplier for Spell Damage,4,4,object:4,,+13% to Critical Strike Multiplier for Spell Damage
explicitMods,#% to Damage over Time Multiplier for Poison from Critical Strikes during Effect,4,4,object:4,,+27% to Damage over Time Multiplier for Poison from Critical Strikes during Effect
explicitMods,#% to [Resistances|Fire Resistance],4,4,object:4,,+14% to [Resistances|Fire Resistance]
explicitMods,#% to all Elemental Resistances per # Devotion,4,4,object:4,,+2% to all Elemental Resistances per 10 Devotion
explicitMods,#% to amount of Suppressed Spell Damage Prevented,4,4,object:4,,-10% to amount of Suppressed Spell Damage Prevented
explicitMods,<currencyitem>{#x Essence},4,4,object:4,,<currencyitem>{3x Essence}
explicitMods,<currencyitem>{#x Orb of Alchemy},4,4,object:3;string:1,,<currencyitem>{7x Orb of Alchemy}
explicitMods,<currencyitem>{#x Quality Currency},4,4,object:3;string:1,,<currencyitem>{20x Quality Currency}
explicitMods,<currencyitem>{#x Regal Orb},4,4,object:3;string:1,,<currencyitem>{5x Regal Orb}
explicitMods,<currencyitem>{#x Scroll of Wisdom},4,4,object:4,,<currencyitem>{40x Scroll of Wisdom}
explicitMods,<currencyitem>{Chaos Orb},4,4,object:3;string:1,,<currencyitem>{Chaos Orb}
explicitMods,<currencyitem>{Exalted Orb},4,4,object:3;string:1,,<currencyitem>{Exalted Orb}
explicitMods,<divination>{Divination Card},4,4,object:4,,<divination>{Divination Card}
explicitMods,"<gemitem>{Minion Gem}\n<default>{Quality:} <augmented>{#%}",4,4,object:4,,"<gemitem>{Minion Gem}\n<default>{Quality:} <augmented>{+20%}"
explicitMods,"<gemitem>{Mirror Arrow}\n<default>{Quality:} <augmented>{#%}",4,4,object:4,,"<gemitem>{Mirror Arrow}\n<default>{Quality:} <augmented>{+20%}"
explicitMods,"<gemitem>{Portal}\n<default>{Quality:} <augmented>{#-#%}",4,4,object:4,,"<gemitem>{Portal}\n<default>{Quality:} <augmented>{+1-20%}"
explicitMods,<magicitem>{Perandus' Gold Ring},4,4,object:3;string:1,,<magicitem>{Perandus' Gold Ring}
explicitMods,"<rareitem>{Jewellery}\n<default>{Item Level:} <normal>{#}",4,4,object:3;string:1,,"<rareitem>{Jewellery}\n<default>{Item Level:} <normal>{79}"
explicitMods,"<rareitem>{Jewel}\n<enchanted>{Implicit Modifier:} \n<magicitem>{Corrupted Blood cannot be inflicted on you}\n<corrupted>{Corrupted}",4,4,object:3;string:1,,"<rareitem>{Jewel}\n<enchanted>{Implicit Modifier:} \n<magicitem>{Corrupted Blood cannot be inflict"
explicitMods,<rareitem>{Two-Stone Ring},4,4,object:3;string:1,,<rareitem>{Two-Stone Ring}
explicitMods,"<rareitem>{Vaal Temple Map}\n<corrupted>{Corrupted}",4,4,object:3;string:1,,"<rareitem>{Vaal Temple Map}\n<corrupted>{Corrupted}"
explicitMods,"<uniqueitem>{Agate Amulet}\n<corrupted>{Corrupted}",4,4,object:4,,"<uniqueitem>{Agate Amulet}\n<corrupted>{Corrupted}"
explicitMods,<uniqueitem>{Agnerod Staff},4,4,object:4,,<uniqueitem>{Agnerod Staff}
explicitMods,<uniqueitem>{Axe},4,4,object:4,,<uniqueitem>{Axe}
explicitMods,<uniqueitem>{Belt},4,4,object:4,,<uniqueitem>{Belt}
explicitMods,<uniqueitem>{Body Armour},4,4,object:4,,<uniqueitem>{Body Armour}
explicitMods,<uniqueitem>{Bow},4,4,object:3;string:1,,<uniqueitem>{Bow}
explicitMods,<uniqueitem>{Chin Sol},4,4,object:4,,<uniqueitem>{Chin Sol}
explicitMods,<uniqueitem>{Dagger},4,4,object:4,,<uniqueitem>{Dagger}
explicitMods,<uniqueitem>{Gold Ring},4,4,object:3;string:1,,<uniqueitem>{Gold Ring}
explicitMods,<uniqueitem>{Inspired Learning},4,4,object:3;string:1,,<uniqueitem>{Inspired Learning}
explicitMods,<uniqueitem>{Item},4,4,object:4,,<uniqueitem>{Item}
explicitMods,<uniqueitem>{League-Specific Item},4,4,object:3;string:1,,<uniqueitem>{League-Specific Item}
explicitMods,"<uniqueitem>{Map}\n<corrupted>{Corrupted}",4,4,object:4,,"<uniqueitem>{Map}\n<corrupted>{Corrupted}"
explicitMods,<uniqueitem>{Nemesis Item},4,4,object:4,,<uniqueitem>{Nemesis Item}
explicitMods,"<uniqueitem>{Prismatic Ring}\n<corrupted>{Corrupted}",4,4,object:3;string:1,,"<uniqueitem>{Prismatic Ring}\n<corrupted>{Corrupted}"
explicitMods,<uniqueitem>{Staff},4,4,object:3;string:1,,<uniqueitem>{Staff}
explicitMods,<uniqueitem>{Tabula Rasa},4,4,object:3;string:1,,<uniqueitem>{Tabula Rasa}
explicitMods,<whiteitem>{#x Scarab},4,4,object:3;string:1,,<whiteitem>{4x Scarab}
explicitMods,<whiteitem>{Divination Scarab},4,4,object:4,,<whiteitem>{Divination Scarab}
explicitMods,<whiteitem>{Mortal Fragment},4,4,object:3;string:1,,<whiteitem>{Mortal Fragment}
explicitMods,<whiteitem>{Prismatic Ring},4,4,object:4,,<whiteitem>{Prismatic Ring}
explicitMods,<whiteitem>{Sacrifice Fragment},4,4,object:3;string:1,,<whiteitem>{Sacrifice Fragment}
explicitMods,<whiteitem>{Six-Link Body Armour},4,4,object:3;string:1,,<whiteitem>{Six-Link Body Armour}
explicitMods,"A Map Boss is accompanied by a random Shaper Guardian, Elder Guardian, Conqueror or Synthesis Boss\nCan only be used with Tier #+ Maps",4,4,object:3;string:1,,"A Map Boss is accompanied by a random Shaper Guardian, Elder Guardian, Conqueror or Synthesis Boss\"
explicitMods,Action Speed cannot be modified to below Base Value,4,4,object:4,,Action Speed cannot be modified to below Base Value
explicitMods,Adds # to # Chaos Damage for each Curse on the Enemy,4,4,object:4,,Adds 37 to 71 Chaos Damage for each Curse on the Enemy
explicitMods,Adds # to # Cold Damage in Off Hand,4,4,object:4,,Adds 264 to 327 Cold Damage in Off Hand
explicitMods,Adds # to # Cold Damage to Attacks per # Dexterity,4,4,object:4,,Adds 1 to 2 Cold Damage to Attacks per 10 Dexterity
explicitMods,Adds # to # Fire Damage to Attacks per # Strength,4,4,object:4,,Adds 1 to 2 Fire Damage to Attacks per 10 Strength
explicitMods,Adds # to # Lightning Damage for each Shocked Enemy you've Killed Recently,4,4,object:4,,Adds 1 to 10 Lightning Damage for each Shocked Enemy you've Killed Recently
explicitMods,Adds # to # Lightning Damage to Attacks per # Intelligence,4,4,object:4,,Adds 0 to 3 Lightning Damage to Attacks per 10 Intelligence
explicitMods,Adds # to # Physical Damage to Attacks against you,4,4,object:4,,Adds 7 to 12 Physical Damage to Attacks against you
explicitMods,Adds Elder Influence outcome to Area,4,4,object:3;string:1,,Adds Elder Influence outcome to Area
explicitMods,Adds Shaper Influence outcome to Area,4,4,object:3;string:1,,Adds Shaper Influence outcome to Area
explicitMods,"Adds an incubated Essence item to an equippable item\nItem drops after killing # monsters",4,4,object:4,,"Adds an incubated Essence item to an equippable item\nItem drops after killing 4530 monsters"
explicitMods,"Adds an incubated Scarab item to an equippable item\nItem drops after killing # monsters",4,4,object:4,,"Adds an incubated Scarab item to an equippable item\nItem drops after killing 8924 monsters"
explicitMods,"Adds an incubated Shaper or Elder Armour item to an equippable item\nItem drops after killing # monsters",4,4,object:4,,"Adds an incubated Shaper or Elder Armour item to an equippable item\nItem drops after killing 15030"
explicitMods,"Adds quality that enhances Attribute modifiers on a ring, amulet or belt\nReplaces other quality types",4,4,object:3;string:1,,"Adds quality that enhances Attribute modifiers on a ring, amulet or belt\nReplaces other quality ty"
explicitMods,"Adds quality that enhances Caster modifiers on a ring, amulet or belt\nReplaces other quality types",4,4,object:3;string:1,,"Adds quality that enhances Caster modifiers on a ring, amulet or belt\nReplaces other quality types"
explicitMods,"Adds quality that enhances Physical and Chaos Damage modifiers on a ring, amulet or belt\nReplaces other quality types",4,4,object:3;string:1,,"Adds quality that enhances Physical and Chaos Damage modifiers on a ring, amulet or belt\nReplaces"
explicitMods,All Attack Damage Chills when you Stun,4,4,object:4,,All Attack Damage Chills when you Stun
explicitMods,All Damage from Monsters' Hits can Poison,4,4,object:4,,All Damage from Monsters' Hits can Poison
explicitMods,Area contains # additional Apparition Shrines,4,4,object:3;string:1,,Area contains 2 additional Apparition Shrines
explicitMods,Area contains # additional Imprisoned Monsters,4,4,object:3;string:1,,Area contains 3 additional Imprisoned Monsters
explicitMods,Area contains # additional Ore Deposits,4,4,object:3;string:1,,Area contains 2 additional Ore Deposits
explicitMods,Area contains # additional Packs with Mirrored Rare Monsters,4,4,object:3;string:1,,Area contains 4 additional Packs with Mirrored Rare Monsters
explicitMods,Area contains # additional Red Beasts if it contains Einhar,4,4,object:3;string:1,,Area contains 5 additional Red Beasts if it contains Einhar
explicitMods,Area contains # additional Shrines,4,4,object:3;string:1,,Area contains 3 additional Shrines
explicitMods,Area contains # additional Strongboxes,4,4,object:3;string:1,,Area contains 4 additional Strongboxes
explicitMods,Area contains # additional Unstable Breaches,4,4,object:3;string:1,,Area contains 2 additional Unstable Breaches
explicitMods,Area contains # to # additional Packs of Divination Touched Magic Monsters that\nhave #% increased chance to drop Divination Cards,4,4,object:3;string:1,,Area contains 6 to 10 additional Packs of Divination Touched Magic Monsters that\nhave 1000% increas
explicitMods,Area contains # to # additional packs of Doedre's Devoted\nDoedre's Devoted have #% additional chance to drop a Stacked Deck,4,4,object:3;string:1,,Area contains 8 to 12 additional packs of Doedre's Devoted\nDoedre's Devoted have 1% additional chan
explicitMods,Area contains # to # additional packs of\nDifficult and Rewarding Monsters which drop #% increased Maps,4,4,object:3;string:1,,Area contains 8 to 12 additional packs of\nDifficult and Rewarding Monsters which drop 300% increase
explicitMods,Area contains Alva,4,4,object:3;string:1,,Area contains Alva
explicitMods,Area contains Einhar,4,4,object:3;string:1,,Area contains Einhar
explicitMods,Area contains Jun,4,4,object:3;string:1,,Area contains Jun
explicitMods,Area contains Labyrinth Hazards,4,4,object:4,,Area contains Labyrinth Hazards
explicitMods,Area contains Niko,4,4,object:3;string:1,,Area contains Niko
explicitMods,Area contains a Blight Encounter,4,4,object:3;string:1,,Area contains a Blight Encounter
explicitMods,Area contains a Breach Hive,4,4,object:3;string:1,,Area contains a Breach Hive
explicitMods,Area contains a Mirror of Delirium,4,4,object:3;string:1,,Area contains a Mirror of Delirium
explicitMods,Area contains additional waves of Phantasms,4,4,object:4,,Area contains additional waves of Phantasms
explicitMods,Area contains additional waves of Raging Spirits,4,4,object:4,,Area contains additional waves of Raging Spirits
explicitMods,Area contains an Expedition Encounter,4,4,object:3;string:1,,Area contains an Expedition Encounter
explicitMods,Area contains an Ultimatum Encounter,4,4,object:3;string:1,,Area contains an Ultimatum Encounter
explicitMods,Area contains an additional Evolving Shrine,4,4,object:3;string:1,,Area contains an additional Evolving Shrine
explicitMods,Area contains an additional Legion Encounter,4,4,object:3;string:1,,Area contains an additional Legion Encounter
explicitMods,Area contains the Sacred Grove,4,4,object:3;string:1,,Area contains the Sacred Grove
explicitMods,Area has #% increased Magic Monsters\nMagic Monsters in area have an additional Modifier,4,4,object:3;string:1,,Area has 150% increased Magic Monsters\nMagic Monsters in area have an additional Modifier
explicitMods,Area is haunted by # additional Tormented Spirits\nTormented Spirits in Area have a #% chance to\nbe set free when Possessed Monsters are slain\n and dig up a Possessed Monster,4,4,object:3;string:1,,Area is haunted by 4 additional Tormented Spirits\nTormented Spirits in Area have a 10% chance to\nb
explicitMods,Armour also applies to Lightning Damage taken from Hits,4,4,object:4,,Armour also applies to Lightning Damage taken from Hits
explicitMods,Armour: (#-#) to Evasion Rating,4,4,object:3;string:1,,Armour: (64-82) to Evasion Rating
explicitMods,Attack Hits against Cursed Enemies have #% chance to Aggravate Bleeding,4,4,object:4,,Attack Hits against Cursed Enemies have 10% chance to Aggravate Bleeding
explicitMods,Attacks inflict Unnerve on Critical Strike for # seconds,4,4,object:4,,Attacks inflict Unnerve on Critical Strike for 4 seconds
explicitMods,Attacks with this Weapon Penetrate #% Lightning Resistance,4,4,object:4,,Attacks with this Weapon Penetrate 7% Lightning Resistance
explicitMods,Attacks with this Weapon have Added Maximum Lightning Damage equal to #% of Player's Maximum Energy Shield,4,4,object:4,,Attacks with this Weapon have Added Maximum Lightning Damage equal to 15% of Player's Maximum Energy
explicitMods,Augments a rare item with a new random modifier,4,4,object:4,,Augments a rare item with a new random modifier
explicitMods,Ballista Totems from Supported Skills only Attack when you fire an Attack Projectile,4,4,object:4,,Ballista Totems from Supported Skills only Attack when you fire an Attack Projectile
explicitMods,Beyond Portals in Area have #% increased Merging Radius\nCharacters that Kill Beyond Rare Monsters in Area have a #% chance to gain their Modifiers for # seconds,4,4,object:3;string:1,,Beyond Portals in Area have 50% increased Merging Radius\nCharacters that Kill Beyond Rare Monsters
explicitMods,Blight Encounters in Area have one Blighted Chest\nBlight Encounters in Area spawn additional waves of Enemies\nBlighted Chests in Area grow larger and more\nrewarding the more Blighted Enemies are slain,4,4,object:3;string:1,,Blight Encounters in Area have one Blighted Chest\nBlight Encounters in Area spawn additional waves
explicitMods,Blood Geyser,4,4,object:4,,Blood Geyser
explicitMods,Burns Ground on Death,4,4,object:4,,Burns Ground on Death
explicitMods,Call of Steel causes #% increased Reflected Damage,4,4,object:4,,Call of Steel causes 24% increased Reflected Damage
explicitMods,Call of Steel deals Reflected Damage with #% increased Area of Effect,4,4,object:4,,Call of Steel deals Reflected Damage with 45% increased Area of Effect
explicitMods,Call of Steel has #% increased Use Speed,4,4,object:4,,Call of Steel has 87% increased Use Speed
explicitMods,Cannot Block Attack Damage,4,4,object:4,,Cannot Block Attack Damage
explicitMods,Cannot Knock Enemies Back,4,4,object:4,,Cannot Knock Enemies Back
explicitMods,Cannot be Knocked Back,4,4,object:4,,Cannot be Knocked Back
explicitMods,Cannot be used with Chaos Inoculation,4,4,object:4,,Cannot be used with Chaos Inoculation
explicitMods,Cannot have Boons,4,4,object:4,,Cannot have Boons
explicitMods,Carved to glorify # new faithful converted by High Templar Avarius\nPassives in radius are Conquered by the Templars,4,4,object:4,,Carved to glorify 5585 new faithful converted by High Templar Avarius\nPassives in radius are Conque
explicitMods,Causes # Waves,4,4,object:4,,Causes 4 Waves
explicitMods,Chill Enemies as though dealing #% more Damage,4,4,object:4,,Chill Enemies as though dealing 97% more Damage
explicitMods,Chill Enemies for # second on Hit with this Weapon when in Off Hand,4,4,object:4,,Chill Enemies for 1 second on Hit with this Weapon when in Off Hand
explicitMods,Contains a Mysterious Map with a Foil Unique Reward,4,4,object:4,,Contains a Mysterious Map with a Foil Unique Reward
explicitMods,Corpses Spawned have #% increased Maximum Life,4,4,object:4,,Corpses Spawned have 20% increased Maximum Life
explicitMods,Create a copy of Beasts captured in Area,4,4,object:3;string:1,,Create a copy of Beasts captured in Area
explicitMods,Creates # Spikes,4,4,object:4,,Creates 7 Spikes
explicitMods,Critical Strikes do not inherently Freeze,4,4,object:4,,Critical Strikes do not inherently Freeze
explicitMods,Curse Enemies with Elemental Weakness on Hit,4,4,object:4,,Curse Enemies with Elemental Weakness on Hit
explicitMods,Curse Skills have #% increased Cast Speed,4,4,object:4,,Curse Skills have 17% increased Cast Speed
explicitMods,Damage taken from Blocked Hits cannot bypass Energy Shield\nDamage taken from Unblocked hits always bypasses Energy Shield,4,4,object:4,,Damage taken from Blocked Hits cannot bypass Energy Shield\nDamage taken from Unblocked hits always
explicitMods,Deal no Non-Lightning Damage,4,4,object:4,,Deal no Non-Lightning Damage
explicitMods,Deals #% more Damage with Hits while Channelling if Illusion has finished moving,4,4,object:4,,Deals 150% more Damage with Hits while Channelling if Illusion has finished moving
explicitMods,Deals base Lightning Damage equal to #% of missing Unreserved Mana,4,4,object:4,,Deals base Lightning Damage equal to 45% of missing Unreserved Mana
explicitMods,Debuff deals #% of Damage per Charge,4,4,object:4,,Debuff deals 77% of Damage per Charge
explicitMods,Delirium Encounters in Area generate # additional Reward types,4,4,object:3;string:1,,Delirium Encounters in Area generate 2 additional Reward types
explicitMods,Delirium Reward Meters fill #% faster in Area\nDelirium in Area increases #% faster with distance from the mirror,4,4,object:3;string:1,,Delirium Reward Meters fill 100% faster in Area\nDelirium in Area increases 50% faster with distance
explicitMods,Denoted service of # dekhara in the akhara of Asenath\nPassives in radius are Conquered by the Maraketh,4,4,object:4,,Denoted service of 949 dekhara in the akhara of Asenath\nPassives in radius are Conquered by the Mar
explicitMods,Duplicates up to # random Offer Rewards upon defeating the Herald of the Scourge,4,4,object:4,,Duplicates up to 2 random Offer Rewards upon defeating the Herald of the Scourge
explicitMods,Each Summoned Phantasm grants you Phantasmal Might,4,4,object:4,,Each Summoned Phantasm grants you Phantasmal Might
explicitMods,Each wave has # Bursts,4,4,object:4,,Each wave has 6 Bursts
explicitMods,Empowered Skills deal #% more Damage,4,4,object:4,,Empowered Skills deal 40% more Damage
explicitMods,Enemies Chilled by your Hits have Damage taken increased by Chill Effect,4,4,object:4,,Enemies Chilled by your Hits have Damage taken increased by Chill Effect
explicitMods,Enemies Ignited by you have #% of Physical Damage they deal converted to Fire,4,4,object:4,,Enemies Ignited by you have 15% of Physical Damage they deal converted to Fire
explicitMods,Enemies Poisoned by you cannot deal Critical Strikes,4,4,object:4,,Enemies Poisoned by you cannot deal Critical Strikes
explicitMods,Enemies Shocked by you have #% of Physical Damage they deal converted to Lightning,4,4,object:4,,Enemies Shocked by you have 15% of Physical Damage they deal converted to Lightning
explicitMods,"Enemies Taunted by your Warcries Explode on death, dealing #% of their maximum Life as Chaos Damage",4,4,object:4,,"Enemies Taunted by your Warcries Explode on death, dealing 8% of their maximum Life as Chaos Damage"
explicitMods,Enemies in your Chilling Areas take #% increased Lightning Damage,4,4,object:4,,Enemies in your Chilling Areas take 28% increased Lightning Damage
explicitMods,Essences found in Area are a tier higher,4,4,object:3;string:1,,Essences found in Area are a tier higher
explicitMods,Expedition Encounters in Area have #% increased number of Explosives\n#% increased Explosive Radius,4,4,object:3;string:1,,Expedition Encounters in Area have 50% increased number of Explosives\n80% increased Explosive Radiu
explicitMods,Expedition Encounters in Area have #% increased\nnumber of Runic Monster Markers,4,4,object:3;string:1,,Expedition Encounters in Area have 100% increased\nnumber of Runic Monster Markers
explicitMods,Explosion deals base Lightning Damage equal to #% of corpse's Maximum Life,4,4,object:4,,Explosion deals base Lightning Damage equal to 10% of corpse's Maximum Life
explicitMods,Fires # Projectile,4,4,object:4,,Fires 1 Projectile
explicitMods,Fires # secondary Projectiles,4,4,object:4,,Fires 3 secondary Projectiles
explicitMods,Gain # Energy Shield per Enemy Killed,4,4,object:4,,Gain 20 Energy Shield per Enemy Killed
explicitMods,Gain # Life on Culling Strike,4,4,object:4,,Gain 139 Life on Culling Strike
explicitMods,Gain # Mana on Culling Strike,4,4,object:4,,Gain 18 Mana on Culling Strike
explicitMods,Gain #% of Physical Damage as Extra Damage of each Element per Spirit Charge,4,4,object:4,,Gain 5% of Physical Damage as Extra Damage of each Element per Spirit Charge
explicitMods,Gain #% of Physical Damage as Extra Fire Damage,4,4,object:4,,Gain 15% of Physical Damage as Extra Fire Damage
explicitMods,Gain #% of Weapon Physical Damage as Extra Damage of each Element,4,4,object:4,,Gain 100% of Weapon Physical Damage as Extra Damage of each Element
explicitMods,Gain Her Embrace for # seconds when you Ignite an Enemy,4,4,object:4,,Gain Her Embrace for 3 seconds when you Ignite an Enemy
explicitMods,Gain Immunity to Physical Damage for # seconds on Rampage,4,4,object:4,,Gain Immunity to Physical Damage for 1.5 seconds on Rampage
explicitMods,Gain Innervation on Killing a Shocked Enemy with Supported Skills,4,4,object:4,,Gain Innervation on Killing a Shocked Enemy with Supported Skills
explicitMods,Gain Maddening Presence for # seconds when you Kill a Rare or Unique Enemy,4,4,object:4,,Gain Maddening Presence for 10 seconds when you Kill a Rare or Unique Enemy
explicitMods,Gain Unholy Might for # seconds on Critical Strike,4,4,object:4,,Gain Unholy Might for 4 seconds on Critical Strike
explicitMods,Gain a Flask Charge when you deal a Critical Strike,4,4,object:4,,Gain a Flask Charge when you deal a Critical Strike
explicitMods,"Gain a Frenzy, Endurance, or Power Charge once per second while you are Stationary",4,4,object:4,,"Gain a Frenzy, Endurance, or Power Charge once per second while you are Stationary"
explicitMods,Gain a Spirit Charge on Kill,4,4,object:4,,Gain a Spirit Charge on Kill
explicitMods,"Gains # metre to radius per second while Channelling, up to a maximum of # metres",4,4,object:4,,"Gains +1 metre to radius per second while Channelling, up to a maximum of +2 metres"
explicitMods,Gloves: Adds # to # Physical Damage to Attacks,4,4,object:4,,Gloves: Adds 1 to 2 Physical Damage to Attacks
explicitMods,Grants Level # Bear Trap Skill,4,4,object:4,,Grants Level 25 Bear Trap Skill
explicitMods,Grants Level # Caustic Retribution,4,4,object:4,,Grants Level 20 Caustic Retribution
explicitMods,Grants Level # Enduring Cry Skill,4,4,object:4,,Grants Level 22 Enduring Cry Skill
explicitMods,Grants Level # Zealotry Skill,4,4,object:4,,Grants Level 5 Zealotry Skill
explicitMods,Grants Summon Harbinger of Directions Skill,4,4,object:4,,Grants Summon Harbinger of Directions Skill
explicitMods,Grants a passive skill refund point,4,4,object:4,,Grants a passive skill refund point
explicitMods,Has # Flames,4,4,object:4,,Has 4 Flames
explicitMods,Has # Sockets,4,4,object:4,,Has 2 Sockets
explicitMods,Heist Chests have a #% chance to Duplicate contained Divination Cards,4,4,object:4,,Heist Chests have a 8% chance to Duplicate contained Divination Cards
explicitMods,Heist Chests have a #% chance to Duplicate contained Jewels,4,4,object:4,,Heist Chests have a 6% chance to Duplicate contained Jewels
explicitMods,Heist Chests have a #% chance to Duplicate contained Legion Splinters,4,4,object:4,,Heist Chests have a 6% chance to Duplicate contained Legion Splinters
explicitMods,Heist Chests have a #% chance to Duplicate contained Map Fragments,4,4,object:4,,Heist Chests have a 7% chance to Duplicate contained Map Fragments
explicitMods,Hits from Final wave deal #% of Damage per stage,4,4,object:4,,Hits from Final wave deal 75% of Damage per stage
explicitMods,Illusion moves at #% of your Movement Speed,4,4,object:4,,Illusion moves at 150% of your Movement Speed
explicitMods,Immortal Ambition,4,4,object:4,,Immortal Ambition
explicitMods,Immortal Syndicate Members in Area have #% increased chance to be accompanied by reinforcements,4,4,object:3;string:1,,Immortal Syndicate Members in Area have 50% increased chance to be accompanied by reinforcements
explicitMods,Improves the quality of a flask or tincture,4,4,object:4,,Improves the quality of a flask or tincture
explicitMods,Improves the quality of a gem,4,4,object:4,,Improves the quality of a gem
explicitMods,Increases and Reductions to Cast Speed apply to Attack Speed,4,4,object:4,,Increases and Reductions to Cast Speed apply to Attack Speed
explicitMods,Influenced Monster Packs in Area have #% increased Pack Size,4,4,object:3;string:1,,Influenced Monster Packs in Area have 40% increased Pack Size
explicitMods,Innervation grants # to # Lightning Damage,4,4,object:4,,Innervation grants 2 to 45 Lightning Damage
explicitMods,Innervation lasts # seconds,4,4,object:4,,Innervation lasts 10.3 seconds
explicitMods,Kills grant an additional Vaal Soul if you have Rampaged Recently,4,4,object:4,,Kills grant an additional Vaal Soul if you have Rampaged Recently
explicitMods,Knockback direction is reversed,4,4,object:4,,Knockback direction is reversed
explicitMods,Legion Chests in Area have a #% chance to spread their Rewards\n to Legion Monsters they release from stasis when they are broken out\nLegion Monsters that have gained Rewards have increased Difficulty,4,4,object:3;string:1,,Legion Chests in Area have a 20% chance to spread their Rewards\n to Legion Monsters they release fr
explicitMods,Legion Factions in Area have # additional Sergeants,4,4,object:3;string:1,,Legion Factions in Area have 5 additional Sergeants
explicitMods,Legion Monsters in Area can be broken out of Stasis multiple times\nLegion Monsters in Area gain increased Difficulty and Reward for each time they are broken out,4,4,object:3;string:1,,Legion Monsters in Area can be broken out of Stasis multiple times\nLegion Monsters in Area gain inc
explicitMods,Lifeforce dropped by Harvest Monsters in Area is duplicated\nHarvest Monsters in Area have #% more Life,4,4,object:3;string:1,,Lifeforce dropped by Harvest Monsters in Area is duplicated\nHarvest Monsters in Area have 100% more
explicitMods,Lightning Resistance does not affect Lightning Damage taken,4,4,object:4,,Lightning Resistance does not affect Lightning Damage taken
explicitMods,Lose # Mana when you use a Skill,4,4,object:4,,Lose 42 Mana when you use a Skill
explicitMods,Maps found in Area have layers of Delirium,4,4,object:3;string:1,,Maps found in Area have layers of Delirium
explicitMods,Mark Skills have #% increased Cast Speed,4,4,object:4,,Mark Skills have 15% increased Cast Speed
explicitMods,Maximum # Summoned Golems,4,4,object:4,,Maximum 3 Summoned Golems
explicitMods,Maximum of # Clones that fire Elemental Arrows,4,4,object:4,,Maximum of 3 Clones that fire Elemental Arrows
explicitMods,Minions Recover #% of their Life when they Block,4,4,object:4,,Minions Recover 10% of their Life when they Block
explicitMods,Minions gain #% of Elemental Damage as Extra Chaos Damage,4,4,object:4,,Minions gain 17% of Elemental Damage as Extra Chaos Damage
explicitMods,Minions have #% chance to Suppress Spell Damage,4,4,object:4,,Minions have +23% chance to Suppress Spell Damage
explicitMods,Minions have #% chance to deal Double Damage,4,4,object:4,,Minions have 5% chance to deal Double Damage
explicitMods,Minions have #% increased Attack and Cast Speed if you or your Minions have Killed Recently,4,4,object:4,,Minions have 6% increased Attack and Cast Speed if you or your Minions have Killed Recently
explicitMods,Minions have #% increased Critical Strike Chance,4,4,object:4,,Minions have 28% increased Critical Strike Chance
explicitMods,Minions have #% more Attack Speed,4,4,object:4,,Minions have 38% more Attack Speed
explicitMods,Minions have #% to Critical Strike Chance,4,4,object:4,mutated=True:4,Minions have +5% to Critical Strike Chance
explicitMods,Modifies a Map item adding layers of Delirium with the Currency Items reward type,4,4,object:4,,Modifies a Map item adding layers of Delirium with the Currency Items reward type
explicitMods,Monster Damage Penetrates #% Elemental Resistances,4,4,object:4,,Monster Damage Penetrates 15% Elemental Resistances
explicitMods,Monsters have #% chance to Duplicate dropped Rogue's Marker,4,4,object:4,,Monsters have 9% chance to Duplicate dropped Rogue's Marker
explicitMods,Monsters have #% increased Poison Duration,4,4,object:4,,Monsters have 100% increased Poison Duration
explicitMods,Monsters in Area have a chance to be Empowered by # Wildwood Wisps,4,4,object:3;string:1,,Monsters in Area have a chance to be Empowered by 2000 Wildwood Wisps
explicitMods,"More Chaos modifiers\nNo Lightning modifiers",4,4,object:3;string:1,,"More Chaos modifiers\nNo Lightning modifiers"
explicitMods,"More Defence modifiers\nNo Life Modifiers",4,4,object:4,,"More Defence modifiers\nNo Life Modifiers"
explicitMods,"More Life modifiers\nNo Defence modifiers",4,4,object:4,,"More Life modifiers\nNo Defence modifiers"
explicitMods,Nearby Allies have #% Chance to Block Attack Damage per # Strength you have,4,4,object:4,,Nearby Allies have 1% Chance to Block Attack Damage per 100 Strength you have
explicitMods,Nearby Allies have #% increased Cast Speed per # Intelligence you have,4,4,object:4,,Nearby Allies have 4% increased Cast Speed per 100 Intelligence you have
explicitMods,Nearby Allies have #% to Critical Strike Multiplier per # Dexterity you have,4,4,object:4,,Nearby Allies have +8% to Critical Strike Multiplier per 100 Dexterity you have
explicitMods,Nearby Enemies have Lightning Resistance equal to yours,4,4,object:4,,Nearby Enemies have Lightning Resistance equal to yours
explicitMods,Non-Chilled Enemies you Poison are Chilled,4,4,object:4,,Non-Chilled Enemies you Poison are Chilled
explicitMods,Non-Unique Maps found in Area are Corrupted with # Modifiers,4,4,object:3;string:1,,Non-Unique Maps found in Area are Corrupted with 8 Modifiers
explicitMods,One Handed Weapon: Adds # to (#-#) Physical Damage,4,4,object:4,,One Handed Weapon: Adds 1 to (2-3) Physical Damage
explicitMods,Only Deals Damage of the chosen Element\nDeals no Damage of other Damage Types,4,4,object:4,,Only Deals Damage of the chosen Element\nDeals no Damage of other Damage Types
explicitMods,Onslaught,4,4,object:4,,Onslaught
explicitMods,Other Jewellery: Adds # to # Physical Damage to Attacks,4,4,object:4,,Other Jewellery: Adds 1 to 2 Physical Damage to Attacks
explicitMods,Other Weapon: Adds # to (#-#) Lightning Damage,4,4,object:3;string:1,,Other Weapon: Adds 3 to (57-67) Lightning Damage
explicitMods,Passive Skills in Radius also grant: Traps and Mines deal # to # added Physical Damage,4,4,object:4,,Passive Skills in Radius also grant: Traps and Mines deal 3 to 5 added Physical Damage
explicitMods,Passives granting Fire Resistance or all Elemental Resistances in Radius\nalso grant an equal chance to gain an Endurance Charge on Kill,4,4,object:4,,Passives granting Fire Resistance or all Elemental Resistances in Radius\nalso grant an equal chance
explicitMods,Players are assaulted by Bloodstained Sawblades,4,4,object:4,,Players are assaulted by Bloodstained Sawblades
explicitMods,Poisoned Enemies you Kill with Hits Shatter,4,4,object:4,,Poisoned Enemies you Kill with Hits Shatter
explicitMods,Portals to Area have a #% chance to not be consumed on use,4,4,object:3;string:1,,Portals to Area have a 50% chance to not be consumed on use
explicitMods,"Projectiles gain Impale effect as they travel farther, causing Impales they inflict to have up to #% increased effect",4,4,object:4,,"Projectiles gain Impale effect as they travel farther, causing Impales they inflict to have up to 40"
explicitMods,Pulses deal #% more Damage with Ailments per Energy after the first,4,4,object:4,,Pulses deal 20% more Damage with Ailments per Energy after the first
explicitMods,Pulses deal #% more Damage with Hits per Energy after the first,4,4,object:4,,Pulses deal 20% more Damage with Hits per Energy after the first
explicitMods,Quiver: Adds # to # Physical Damage to Attacks,4,4,object:4,,Quiver: Adds 1 to 2 Physical Damage to Attacks
explicitMods,Raise Zombie does not require a corpse,4,4,object:4,,Raise Zombie does not require a corpse
explicitMods,Raised Zombies have #% increased maximum Life,4,4,object:4,,Raised Zombies have 88% increased maximum Life
explicitMods,Rare Monsters in Area have # additional Modifiers,4,4,object:3;string:1,,Rare Monsters in Area have 2 additional Modifiers
explicitMods,Rare and Unique Monsters slain in Area create # to # additional Beyond Portals,4,4,object:3;string:1,,Rare and Unique Monsters slain in Area create 8 to 12 additional Beyond Portals
explicitMods,Recover # Life when you Suppress Spell Damage,4,4,object:4,,Recover 167 Life when you Suppress Spell Damage
explicitMods,Recover #% of Life on Rampage,4,4,object:4,,Recover 20% of Life on Rampage
explicitMods,Reflects # Physical Damage to Attackers on Block,4,4,object:4,,Reflects 36 Physical Damage to Attackers on Block
explicitMods,Regenerate #% of Life per second with at least # Strength,4,4,object:4,,Regenerate 2% of Life per second with at least 400 Strength
explicitMods,Regenerate #% of Mana per second,4,4,object:4,,Regenerate 1% of Mana per second
explicitMods,Remnants in Expedition Encounters in Area have # additional Suffixes and Prefixes,4,4,object:3;string:1,,Remnants in Expedition Encounters in Area have 2 additional Suffixes and Prefixes
explicitMods,Removes #% of Mana Recovered from Life when used,4,4,object:4,,Removes 15% of Mana Recovered from Life when used
explicitMods,Removes Elemental Ailments on Rampage,4,4,object:4,,Removes Elemental Ailments on Rampage
explicitMods,Removes all modifiers from an item,4,4,object:4,,Removes all modifiers from an item
explicitMods,Rerolling Favours at Ritual Altars in Area has no cost the first # times\nRitual Altars in Area allow rerolling Favours # additional times,4,4,object:3;string:1,,Rerolling Favours at Ritual Altars in Area has no cost the first 2 times\nRitual Altars in Area allo
explicitMods,Reserves #% of Life,4,4,object:4,,Reserves 30% of Life
explicitMods,Ritual Altars in Area spawn a Wildwood Wisp\nWildwood Wisps grant #% increased Tribute Gained to nearby Players,4,4,object:3;string:1,,Ritual Altars in Area spawn a Wildwood Wisp\nWildwood Wisps grant 100% increased Tribute Gained to n
explicitMods,Rituals in Area offer #% increased Favours,4,4,object:3;string:1,,Rituals in Area offer 100% increased Favours
explicitMods,Sacrifice #% of Life to gain that much Energy Shield when you Cast a Spell,4,4,object:4,,Sacrifice 24% of Life to gain that much Energy Shield when you Cast a Spell
explicitMods,Saqawine Presence,4,4,object:4,,Saqawine Presence
explicitMods,Shared Suffering,4,4,object:4,,Shared Suffering
explicitMods,Shocks on Cursed enemies have #% increased Duration,4,4,object:4,,Shocks on Cursed enemies have 15% increased Duration
explicitMods,Skills Chain an additional time while at maximum Frenzy Charges,4,4,object:4,,Skills Chain an additional time while at maximum Frenzy Charges
explicitMods,Skills fire # additional Projectiles during Effect,4,4,object:4,,Skills fire 2 additional Projectiles during Effect
explicitMods,Skills used by your Traps and Mines Chain # additional times,4,4,object:4,,Skills used by your Traps and Mines Chain 2 additional times
explicitMods,Slaying enemies close together in Area can attract monsters from Beyond this realm,4,4,object:3;string:1,,Slaying enemies close together in Area can attract monsters from Beyond this realm
explicitMods,Snow Bolt,4,4,object:4,,Snow Bolt
explicitMods,Socketed Gems are Supported by Level # Blastchain Mine,4,4,object:4,,Socketed Gems are Supported by Level 20 Blastchain Mine
explicitMods,Socketed Gems are Supported by Level # Divine Blessing,4,4,object:4,,Socketed Gems are Supported by Level 25 Divine Blessing
explicitMods,Socketed Gems are Supported by Level # Immolate,4,4,object:4,,Socketed Gems are Supported by Level 18 Immolate
explicitMods,Socketed Gems are Supported by Level # Increased Critical Strikes,4,4,object:4,,Socketed Gems are Supported by Level 20 Increased Critical Strikes
explicitMods,Socketed Gems are Supported by Level # Knockback,4,4,object:4,,Socketed Gems are Supported by Level 10 Knockback
explicitMods,Socketed Gems are Supported by Level # Pierce,4,4,object:4,,Socketed Gems are Supported by Level 15 Pierce
explicitMods,Socketed Gems are supported by Level # Cast when Stunned,4,4,object:4,,Socketed Gems are supported by Level 10 Cast when Stunned
explicitMods,Spells inflict Intimidate on Critical Strike for # seconds,4,4,object:4,,Spells inflict Intimidate on Critical Strike for 4 seconds
explicitMods,Strength from Passives in Radius is Transformed to Dexterity,4,4,object:4,,Strength from Passives in Radius is Transformed to Dexterity
explicitMods,Strongboxes in Area are more likely to be rarer varieties,4,4,object:3;string:1,,Strongboxes in Area are more likely to be rarer varieties
explicitMods,Stronger Pulses deal #% more Damage with Hits and Ailments,4,4,object:4,,Stronger Pulses deal 500% more Damage with Hits and Ailments
explicitMods,Stronger Pulses have #% more Area of Effect,4,4,object:4,,Stronger Pulses have 150% more Area of Effect
explicitMods,Supported Attacks deal #% increased Damage with Bleeding,4,4,object:4,,Supported Attacks deal 2% increased Damage with Bleeding
explicitMods,Supported Channelling Skills deal #% increased Damage,4,4,object:4,,Supported Channelling Skills deal 10% increased Damage
explicitMods,Supported Skills have # to Accuracy Rating,4,4,object:4,,Supported Skills have +74 to Accuracy Rating
explicitMods,Supported Skills have #% Damage over Time Multiplier for Ailments from Critical Strikes,4,4,object:4,,Supported Skills have +97% Damage over Time Multiplier for Ailments from Critical Strikes
explicitMods,Supported Skills have #% chance to Knock Enemies Back on hit,4,4,object:4,,Supported Skills have 43% chance to Knock Enemies Back on hit
explicitMods,Supported Skills have #% increased Accuracy Rating,4,4,object:4,,Supported Skills have 19% increased Accuracy Rating
explicitMods,Supported Skills have #% increased Attack Speed while you have at least # Rage,4,4,object:4,,Supported Skills have 10% increased Attack Speed while you have at least 10 Rage
explicitMods,Supported Skills have #% increased Aura Area of Effect,4,4,object:4,,Supported Skills have 46% increased Aura Area of Effect
explicitMods,Supported Skills have #% increased Chaining range,4,4,object:4,,Supported Skills have 8% increased Chaining range
explicitMods,Supported Skills have #% increased Knockback Distance,4,4,object:4,,Supported Skills have 50% increased Knockback Distance
explicitMods,Supported Skills have #% more Attack Speed,4,4,object:4,,Supported Skills have 35% more Attack Speed
explicitMods,Supported Triggered Spells deal #% increased Damage,4,4,object:4,,Supported Triggered Spells deal 10% increased Damage
explicitMods,Supreme Decadence,4,4,object:4,,Supreme Decadence
explicitMods,The Agnostic,4,4,object:4,,The Agnostic
explicitMods,The Maven interferes with Players,4,4,object:4,,The Maven interferes with Players
explicitMods,This Jewel's Socket has #% increased effect per Allocated Passive Skill between\nit and your Class' starting location,4,4,object:4,,This Jewel's Socket has 25% increased effect per Allocated Passive Skill between\nit and your Class'
explicitMods,Tormented Spirits in Area are replaced with unusual variants,4,4,object:3;string:1,,Tormented Spirits in Area are replaced with unusual variants
explicitMods,Traps and Mines have a #% chance to Poison on Hit,4,4,object:4,,Traps and Mines have a 25% chance to Poison on Hit
explicitMods,Trigger Level # Storm Cascade when you Attack,4,4,object:4,,Trigger Level 20 Storm Cascade when you Attack
explicitMods,"Trigger Socketed Curse Spell when you Cast a Curse Spell, with a # second Cooldown",4,4,object:4,,"Trigger Socketed Curse Spell when you Cast a Curse Spell, with a 0.25 second Cooldown"
explicitMods,"Trigger a Socketed Bow Skill when you Attack with a Bow, with a # second Cooldown",4,4,object:4,,"Trigger a Socketed Bow Skill when you Attack with a Bow, with a 1 second Cooldown"
explicitMods,"Trigger a Socketed Spell when you Attack with a Bow, with a # second Cooldown",4,4,object:4,,"Trigger a Socketed Spell when you Attack with a Bow, with a 0.3 second Cooldown"
explicitMods,Triggers Level # Lightning Aegis when Equipped,4,4,object:4,,Triggers Level 20 Lightning Aegis when Equipped
explicitMods,Triggers a Supported Spell from Linked target's location when they Hit an Enemy,4,4,object:4,,Triggers a Supported Spell from Linked target's location when they Hit an Enemy
explicitMods,Two Handed Weapon: Adds # to (#-#) Physical Damage,4,4,object:4,,Two Handed Weapon: Adds 2 to (4-5) Physical Damage
explicitMods,Ultimatum Encounter rewards in Area offering Catalysts\nwill offer Inscribed Ultimatums to the Map Owner instead,4,4,object:3;string:1,,Ultimatum Encounter rewards in Area offering Catalysts\nwill offer Inscribed Ultimatums to the Map O
explicitMods,Ultimatum Encounters in Area will only offer Catalysts\nas Rewards to the Map Owner,4,4,object:3;string:1,,Ultimatum Encounters in Area will only offer Catalysts\nas Rewards to the Map Owner
explicitMods,Ultimatum Monsters grant #% increased Experience\nUltimatum Encounters grant rewards as though you completed # additional Rounds,4,4,object:3;string:1,,Ultimatum Monsters grant 150% increased Experience\nUltimatum Encounters grant rewards as though you
explicitMods,"Unique Monsters have #% increased Toughness, Damage, Rarity and Quantity of items dropped per #% increased Pack Size of Area",4,4,object:3;string:1,,"Unique Monsters have 1% increased Toughness, Damage, Rarity and Quantity of items dropped per 1% inc"
explicitMods,Unique Monsters in Area have # additional Monster Modifiers,4,4,object:3;string:1,,Unique Monsters in Area have 4 additional Monster Modifiers
explicitMods,Unique Monsters in Area have an additional Reward\nUnique Monsters in Area have #% increased Toughness,4,4,object:3;string:1,,Unique Monsters in Area have an additional Reward\nUnique Monsters in Area have 30% increased Toughn
explicitMods,"Unstable Breaches in Area contain a Boss\nBreach Hives in Area lead to a Hive Fortress",4,4,object:3;string:1,,"Unstable Breaches in Area contain a Boss\nBreach Hives in Area lead to a Hive Fortress"
explicitMods,Unstable Swarm,4,4,object:4,,Unstable Swarm
explicitMods,Up to # additional Rare Monsters in Area will be Pantheon-Touched\nApparitions spawned by Pantheon-Touched Monsters deal #% increased damage,4,4,object:3;string:1,,Up to 3 additional Rare Monsters in Area will be Pantheon-Touched\nApparitions spawned by Pantheon-T
explicitMods,Upgrades a magic item to a rare item,4,4,object:4,,Upgrades a magic item to a rare item
explicitMods,Vile Hatchery,4,4,object:4,,Vile Hatchery
explicitMods,Warcries have infinite Power,4,4,object:4,,Warcries have infinite Power
explicitMods,Warcry Skills' Cooldown Time is # seconds,4,4,object:4,,Warcry Skills' Cooldown Time is 4 seconds
explicitMods,Weapons you Animate create an additional copy,4,4,object:4,,Weapons you Animate create an additional copy
explicitMods,"When you Kill a Rare monster, you gain its Modifiers for # seconds",4,4,object:4,,"When you Kill a Rare monster, you gain its Modifiers for 60 seconds"
explicitMods,"When you Kill a Shocked Enemy, inflict an equivalent Shock on each nearby Enemy",4,4,object:4,,"When you Kill a Shocked Enemy, inflict an equivalent Shock on each nearby Enemy"
explicitMods,"When you Kill an Ignited Enemy, inflict an equivalent Ignite on each nearby Enemy",4,4,object:4,,"When you Kill an Ignited Enemy, inflict an equivalent Ignite on each nearby Enemy"
explicitMods,"While in Her Embrace, take #% of your total Maximum Life and Energy Shield as Fire Damage per second per Level",4,4,object:4,,"While in Her Embrace, take 0.5% of your total Maximum Life and Energy Shield as Fire Damage per seco"
explicitMods,"While your Passive Skill Tree connects to a class' starting location, you gain:\nMarauder: Melee Skills have #% increased Area of Effect\nDuelist: #% of Attack Damage Leeched as Life\nRanger: #% increased Movement Speed\nShadow: #% to Critical Strike Chance\nWitch: #% of Mana Regenerated per second\nTemplar: Damage Penetrates #% Elemental Resistances\nScion: # to All Attributes",4,4,object:4,,"While your Passive Skill Tree connects to a class' starting location, you gain:\nMarauder: Melee Ski"
explicitMods,Wild Rogue Exiles in Area have a #% chance to appear in pairs,4,4,object:3;string:1,,Wild Rogue Exiles in Area have a 50% chance to appear in pairs
explicitMods,Wild Rogue Exiles in Area have a #% chance to be replaced with a Rogue Giant,4,4,object:3;string:1,,Wild Rogue Exiles in Area have a 30% chance to be replaced with a Rogue Giant
explicitMods,"With # Notables Allocated in Radius, When you Kill a Rare monster, you gain # of its Modifiers for # seconds",4,4,object:4,,"With 4 Notables Allocated in Radius, When you Kill a Rare monster, you gain 1 of its Modifiers for 2"
explicitMods,"With at least # Dexterity in Radius, Viper Strike deals #% increased Damage with Hits and Poison for each Poison on the Enemy",4,4,object:4,,"With at least 40 Dexterity in Radius, Viper Strike deals 2% increased Damage with Hits and Poison fo"
explicitMods,"With at least # Dexterity in Radius, Viper Strike has a #% chance per Poison on Enemy to grant Unholy Might for # seconds on Hit",4,4,object:4,,"With at least 40 Dexterity in Radius, Viper Strike has a 10% chance per Poison on Enemy to grant Unh"
explicitMods,"With at least # Intelligence in Radius, Frostbolt Projectiles gain #% increased Projectile Speed per second",4,4,object:4,,"With at least 40 Intelligence in Radius, Frostbolt Projectiles gain 40% increased Projectile Speed p"
explicitMods,"With at least # Intelligence in Radius, Frostbolt fires # additional Projectiles",4,4,object:4,,"With at least 40 Intelligence in Radius, Frostbolt fires 2 additional Projectiles"
explicitMods,You are Chilled when you are Poisoned,4,4,object:4,,You are Chilled when you are Poisoned
explicitMods,You are Cursed with Vulnerability,4,4,object:4,,You are Cursed with Vulnerability
explicitMods,You can inflict an additional Ignite on each Enemy,4,4,object:4,,You can inflict an additional Ignite on each Enemy
explicitMods,You count as on Low Life while you are Cursed with Vulnerability,4,4,object:4,,You count as on Low Life while you are Cursed with Vulnerability
explicitMods,Your Maps have #% chance to contain an Expedition Encounter,4,4,object:4,,Your Maps have +24% chance to contain an Expedition Encounter
explicitMods,Your Mark Transfers to another Enemy when Marked Enemy dies,4,4,object:4,,Your Mark Transfers to another Enemy when Marked Enemy dies
explicitMods,Your Raised Zombies count as corpses,4,4,object:4,,Your Raised Zombies count as corpses
explicitMods,Your Skills deal you #% of Mana Spent on Upfront Skill Mana Costs as Physical Damage,4,4,object:4,,Your Skills deal you 400% of Mana Spent on Upfront Skill Mana Costs as Physical Damage
explicitMods,Zealot's Oath,4,4,object:4,,Zealot's Oath
explicitMods,[EmpoweredSpell|Empowers] the next # Channelling Spells you Cast,4,4,object:4,,[EmpoweredSpell|Empowers] the next 3 Channelling Spells you Cast
explicitMods,# Added Passive Skill is Ancestral Reach,3,3,object:3,,1 Added Passive Skill is Ancestral Reach
explicitMods,# Added Passive Skill is Blessed,3,3,object:3,,1 Added Passive Skill is Blessed
explicitMods,# Added Passive Skill is Blessed Rebirth,3,3,object:3,,1 Added Passive Skill is Blessed Rebirth
explicitMods,# Added Passive Skill is Burden Projection,3,3,object:3,,1 Added Passive Skill is Burden Projection
explicitMods,# Added Passive Skill is Combat Rhythm,3,3,object:3,,1 Added Passive Skill is Combat Rhythm
explicitMods,# Added Passive Skill is Cremator,3,3,object:3,,1 Added Passive Skill is Cremator
explicitMods,# Added Passive Skill is Cult-Leader,3,3,object:3,,1 Added Passive Skill is Cult-Leader
explicitMods,# Added Passive Skill is Darting Movements,3,3,object:3,,1 Added Passive Skill is Darting Movements
explicitMods,# Added Passive Skill is Doryani's Lesson,3,3,object:3,,1 Added Passive Skill is Doryani's Lesson
explicitMods,# Added Passive Skill is Energy From Naught,3,3,object:3,,1 Added Passive Skill is Energy From Naught
explicitMods,# Added Passive Skill is Expert Sabotage,3,3,object:3,,1 Added Passive Skill is Expert Sabotage
explicitMods,# Added Passive Skill is Grim Oath,3,3,object:3,,1 Added Passive Skill is Grim Oath
explicitMods,# Added Passive Skill is Holy Conquest,3,3,object:3,,1 Added Passive Skill is Holy Conquest
explicitMods,# Added Passive Skill is Master of Command,3,3,object:3,,1 Added Passive Skill is Master of Command
explicitMods,# Added Passive Skill is Pressure Points,3,3,object:3,,1 Added Passive Skill is Pressure Points
explicitMods,# Added Passive Skill is Pure Agony,3,3,object:3,,1 Added Passive Skill is Pure Agony
explicitMods,# Added Passive Skill is Rotten Claws,3,3,object:3,,1 Added Passive Skill is Rotten Claws
explicitMods,# Added Passive Skill is Self-Control,3,3,object:3,,1 Added Passive Skill is Self-Control
explicitMods,# Added Passive Skill is Septic Spells,3,3,object:3,,1 Added Passive Skill is Septic Spells
explicitMods,# Added Passive Skill is Special Reserve,3,3,object:3,,1 Added Passive Skill is Special Reserve
explicitMods,# Added Passive Skill is Sublime Sensation,3,3,object:3,,1 Added Passive Skill is Sublime Sensation
explicitMods,# Added Passive Skill is Veteran Defender,3,3,object:3,,1 Added Passive Skill is Veteran Defender
explicitMods,# Added Passive Skill is Vicious Skewering,3,3,object:3,,1 Added Passive Skill is Vicious Skewering
explicitMods,# Armour while you do not have Avatar of Fire,3,3,object:3,,+2000 Armour while you do not have Avatar of Fire
explicitMods,# metres to Beam Width Per Intensity\n#% less branching angle per Intensity,3,3,object:3,,+0.3 metres to Beam Width Per Intensity\n33% less branching angle per Intensity
explicitMods,# metres to Melee Strike Range with Unarmed Attacks,3,3,object:3,,+0.7 metres to Melee Strike Range with Unarmed Attacks
explicitMods,# seconds to Cat's Stealth Duration,3,3,object:3,,+2.00 seconds to Cat's Stealth Duration
explicitMods,# to # Added Cold Damage with Bow Attacks,3,3,object:3,,13 to 23 Added Cold Damage with Bow Attacks
explicitMods,# to # Added Cold Damage with Mace or Sceptre Attacks,3,3,object:3,,15 to 27 Added Cold Damage with Mace or Sceptre Attacks
explicitMods,# to # Added Cold Damage with Sword Attacks,3,3,object:3,,8 to 15 Added Cold Damage with Sword Attacks
explicitMods,# to # Added Fire Damage with Axe Attacks,3,3,object:3,,12 to 22 Added Fire Damage with Axe Attacks
explicitMods,# to # Added Fire Damage with Mace or Sceptre Attacks,3,3,object:3,,7 to 15 Added Fire Damage with Mace or Sceptre Attacks
explicitMods,# to # Added Lightning Damage with Claw Attacks,3,3,object:3,,3 to 33 Added Lightning Damage with Claw Attacks
explicitMods,# to # Added Lightning Damage with Mace or Sceptre Attacks,3,3,object:3,,2 to 23 Added Lightning Damage with Mace or Sceptre Attacks
explicitMods,# to # Added Physical Damage with Claw Attacks,3,3,object:3,,3 to 4 Added Physical Damage with Claw Attacks
explicitMods,# to # Added Spell Lightning Damage while holding a Shield,3,3,object:3,,5 to 35 Added Spell Lightning Damage while holding a Shield
explicitMods,# to Accuracy Rating while at Maximum Frenzy Charges,3,3,object:3,,+427 to Accuracy Rating while at Maximum Frenzy Charges
explicitMods,# to Level of Socketed Dexterity Gems,3,3,object:3,,+1 to Level of Socketed Dexterity Gems
explicitMods,# to Level of Socketed Vaal Gems,3,3,object:3,,+2 to Level of Socketed Vaal Gems
explicitMods,# to Level of all Cold Skill Gems,3,3,object:3,,+1 to Level of all Cold Skill Gems
explicitMods,# to maximum Energy Shield per # Reserved Life,3,3,object:3,,+30 to maximum Energy Shield per 100 Reserved Life
explicitMods,#% Critical Strike Multiplier while a Rare or Unique Enemy is Nearby,3,3,object:3,crafted=True:2,+39% Critical Strike Multiplier while a Rare or Unique Enemy is Nearby
explicitMods,#% Global Critical Strike Multiplier while you have no Frenzy Charges,3,3,object:3,,+50% Global Critical Strike Multiplier while you have no Frenzy Charges
explicitMods,#% chance for Flasks you use to not consume Charges,3,3,object:3,crafted=True:1,10% chance for Flasks you use to not consume Charges
explicitMods,#% chance for Rare Monsters to Fracture on death,3,3,object:3,,25% chance for Rare Monsters to Fracture on death
explicitMods,#% chance for your Maps to attract Beyond Demons,3,3,object:3,,19% chance for your Maps to attract Beyond Demons
explicitMods,#% chance to Avoid Damage of each Element from Hits while Phasing,3,3,object:3,,+15% chance to Avoid Damage of each Element from Hits while Phasing
explicitMods,#% chance to Gain Unholy Might for # seconds on Melee Kill,3,3,object:3,,5% chance to Gain Unholy Might for 4 seconds on Melee Kill
explicitMods,#% chance to Ignore Stuns while Casting,3,3,object:3,,34% chance to Ignore Stuns while Casting
explicitMods,#% chance to Suppress Spell Damage while Channelling,3,3,object:3,,+18% chance to Suppress Spell Damage while Channelling
explicitMods,#% chance to Trigger Level # Animate Guardian's Weapon when Animated Weapon Kills an Enemy,3,3,object:3,,10% chance to Trigger Level 18 Animate Guardian's Weapon when Animated Weapon Kills an Enemy
explicitMods,#% chance to Trigger Level # Raise Spiders on Kill,3,3,object:3,,100% chance to Trigger Level 1 Raise Spiders on Kill
explicitMods,#% chance to Trigger Level # Shade Form when you Use a Socketed Skill,3,3,object:3,,20% chance to Trigger Level 20 Shade Form when you Use a Socketed Skill
explicitMods,#% chance to be inflicted with Bleeding when Hit by an Attack,3,3,object:3,,50% chance to be inflicted with Bleeding when Hit by an Attack
explicitMods,#% chance to gain Arcane Surge when you Kill an Enemy,3,3,object:3,,15% chance to gain Arcane Surge when you Kill an Enemy
explicitMods,#% chance to inflict a Grasping Vine on Melee Weapon Hit,3,3,object:3,,24% chance to inflict a Grasping Vine on Melee Weapon Hit
explicitMods,#% chance to keep each caught Projectile fired with Whirling Blades,3,3,object:3,,40% chance to keep each caught Projectile fired with Whirling Blades
explicitMods,#% chance to lose a Frenzy Charge when you use a Travel Skill,3,3,object:3,,20% chance to lose a Frenzy Charge when you use a Travel Skill
explicitMods,#% chance to lose a Power Charge when you gain Elusive,3,3,object:3,,24% chance to lose a Power Charge when you gain Elusive
explicitMods,#% chance to receive additional Gem items when opening a Reward Chest in a Heist,3,3,object:3,,3% chance to receive additional Gem items when opening a Reward Chest in a Heist
explicitMods,#% chance to refresh Duration of granted Modifier by up to # seconds when you Hit a Rare or Unique Enemy with Supported Skills,3,3,object:3,,20% chance to refresh Duration of granted Modifier by up to 5 seconds when you Hit a Rare or Unique
explicitMods,"#% chance when you Kill a Scorched Enemy to Burn Each surrounding\nEnemy for # seconds, dealing #% of the Killed Enemy's Life as Fire Damage per second",3,3,object:3,,"33% chance when you Kill a Scorched Enemy to Burn Each surrounding\nEnemy for 4 seconds, dealing 8%"
explicitMods,#% fissure branching chance,3,3,object:3,,30% fissure branching chance
explicitMods,#% fissure branching chance per Endurance Charge,3,3,object:3,,+5% fissure branching chance per Endurance Charge
explicitMods,#% increased Area of Effect for Skills used by Totems,3,3,object:3,,15% increased Area of Effect for Skills used by Totems
explicitMods,#% increased Armour while stationary,3,3,object:3,,80% increased Armour while stationary
explicitMods,#% increased Attack Speed with Maces or Sceptres,3,3,object:3,,8% increased Attack Speed with Maces or Sceptres
explicitMods,#% increased Attack Speed with Staves,3,3,object:3,,7% increased Attack Speed with Staves
explicitMods,#% increased Attack and Cast Speed while Physical Aegis is depleted,3,3,object:3,,14% increased Attack and Cast Speed while Physical Aegis is depleted
explicitMods,#% increased Burning Damage if you've Ignited an Enemy Recently,3,3,object:3,,100% increased Burning Damage if you've Ignited an Enemy Recently
explicitMods,#% increased Cast Speed while Dual Wielding,3,3,object:3,,5% increased Cast Speed while Dual Wielding
explicitMods,#% increased Cast Speed with Cold Skills,3,3,object:3,,5% increased Cast Speed with Cold Skills
explicitMods,#% increased Chaos Damage over Time,3,3,object:3,,67% increased Chaos Damage over Time
explicitMods,#% increased Chaos Damage while affected by Herald of Agony,3,3,object:3,,59% increased Chaos Damage while affected by Herald of Agony
explicitMods,#% increased Critical Strike Chance against Chilled Enemies,3,3,object:3,,60% increased Critical Strike Chance against Chilled Enemies
explicitMods,#% increased Critical Strike Chance if you haven't dealt a Critical Strike Recently,3,3,object:3,fractured=True:1,29% increased Critical Strike Chance if you haven't dealt a Critical Strike Recently
explicitMods,#% increased Critical Strike Chance per # Intelligence,3,3,object:3,,5% increased Critical Strike Chance per 25 Intelligence
explicitMods,#% increased Critical Strike Chance per Volley,3,3,object:3,,25% increased Critical Strike Chance per Volley
explicitMods,#% increased Critical Strike Chance while Physical Aegis is depleted,3,3,object:3,,69% increased Critical Strike Chance while Physical Aegis is depleted
explicitMods,#% increased Critical Strike Chance while affected by Wrath,3,3,object:3,,93% increased Critical Strike Chance while affected by Wrath
explicitMods,#% increased Critical Strike Chance while you have Avatar of Fire,3,3,object:3,,196% increased Critical Strike Chance while you have Avatar of Fire
explicitMods,#% increased Damage if you Summoned a Golem in the past # seconds,3,3,object:3,,27% increased Damage if you Summoned a Golem in the past 8 seconds
explicitMods,#% increased Damage over Time while Dual Wielding,3,3,object:3,,13% increased Damage over Time while Dual Wielding
explicitMods,#% increased Damage over Time while holding a Shield,3,3,object:3,,18% increased Damage over Time while holding a Shield
explicitMods,#% increased Damage with Hits against Shocked Enemies,3,3,object:3,,40% increased Damage with Hits against Shocked Enemies
explicitMods,#% increased Damage with Hits and Ailments against Abyssal Monsters,3,3,object:3,,35% increased Damage with Hits and Ailments against Abyssal Monsters
explicitMods,#% increased Defences per Minion from your Non-Vaal Skills,3,3,object:3,,3% increased Defences per Minion from your Non-Vaal Skills
explicitMods,#% increased Effect of Elusive on you per Power Charge,3,3,object:3,,9% increased Effect of Elusive on you per Power Charge
explicitMods,#% increased Effect of Non-Damaging Ailments inflicted by Summoned Skitterbots,3,3,object:3,,69% increased Effect of Non-Damaging Ailments inflicted by Summoned Skitterbots
explicitMods,#% increased Effect of Scorch,3,3,object:3,,38% increased Effect of Scorch
explicitMods,#% increased Elemental Damage per # Devotion,3,3,object:3,,4% increased Elemental Damage per 10 Devotion
explicitMods,#% increased Elemental and Chaos Resistances,3,3,object:3,mutated=True:3,50% increased Elemental and Chaos Resistances
explicitMods,#% increased Fire Damage with Hits and Ailments against Bleeding Enemies,3,3,object:3,,92% increased Fire Damage with Hits and Ailments against Bleeding Enemies
explicitMods,#% increased Global maximum Energy Shield and reduced Lightning Resistance,3,3,object:3,,30% increased Global maximum Energy Shield and reduced Lightning Resistance
explicitMods,#% increased Life Reservation Efficiency of Skills,3,3,object:3,,10% increased Life Reservation Efficiency of Skills
explicitMods,#% increased Mana Cost Efficiency,3,3,object:3,,46% increased Mana Cost Efficiency
explicitMods,#% increased Maximum Life per Abyss Jewel affecting you,3,3,object:3,,3% increased Maximum Life per Abyss Jewel affecting you
explicitMods,#% increased Maximum Mana per Abyss Jewel affecting you,3,3,object:3,,3% increased Maximum Mana per Abyss Jewel affecting you
explicitMods,#% increased Melee Damage during any Flask Effect,3,3,object:3,,28% increased Melee Damage during any Flask Effect
explicitMods,#% increased Melee Physical Damage against Ignited Enemies,3,3,object:3,,100% increased Melee Physical Damage against Ignited Enemies
explicitMods,#% increased Movement Speed if you've Killed Recently,3,3,object:3,,2% increased Movement Speed if you've Killed Recently
explicitMods,#% increased Perception speed,3,3,object:3,,9% increased Perception speed
explicitMods,#% increased Physical Damage with Hits and Ailments against Ignited Enemies,3,3,object:3,,77% increased Physical Damage with Hits and Ailments against Ignited Enemies
explicitMods,#% increased Projectile Attack Damage,3,3,object:3,,24% increased Projectile Attack Damage
explicitMods,#% increased Pulse Frequency,3,3,object:3,,10% increased Pulse Frequency
explicitMods,#% increased Raised Zombie Size,3,3,object:3,,25% increased Raised Zombie Size
explicitMods,#% increased Trap and Mine Throwing Speed,3,3,object:3,,24% increased Trap and Mine Throwing Speed
explicitMods,#% increased [Chaos] Damage,3,3,object:3,,27% increased [Chaos] Damage
explicitMods,#% increased [LightRadius|Light Radius],3,3,object:3,,10% increased [LightRadius|Light Radius]
explicitMods,#% increased maximum Mana and reduced Cold Resistance,3,3,object:3,,33% increased maximum Mana and reduced Cold Resistance
explicitMods,#% increased total Recovery per second from Mana Leech,3,3,object:3,,936% increased total Recovery per second from Mana Leech
explicitMods,#% less Power Charge Duration,3,3,object:3,,90% less Power Charge Duration
explicitMods,"#% more Damage per Trauma, up to #%",3,3,object:3,,"8% more Damage per Trauma, up to 200%"
explicitMods,#% more Damage per Volley,3,3,object:3,,10% more Damage per Volley
explicitMods,#% more Damage with Hits and Ailments per Intensity,3,3,object:3,,42% more Damage with Hits and Ailments per Intensity
explicitMods,#% of Cold Damage Leeched as Life,3,3,object:3,,0.4% of Cold Damage Leeched as Life
explicitMods,#% of Damage dealt by your Totems is Leeched to you as Life,3,3,object:3,,0.5% of Damage dealt by your Totems is Leeched to you as Life
explicitMods,#% of Damage is taken from Mana before Life,3,3,object:3,,10% of Damage is taken from Mana before Life
explicitMods,#% of Physical Damage Converted to Fire while you have Avatar of Fire,3,3,object:3,,50% of Physical Damage Converted to Fire while you have Avatar of Fire
explicitMods,#% of Physical Damage Converted to Lightning during Effect,3,3,object:3,,50% of Physical Damage Converted to Lightning during Effect
explicitMods,#% reduced Cold Resistance,3,3,object:3,,51% reduced Cold Resistance
explicitMods,#% reduced Duration of Ailments on Enemies,3,3,object:3,,30% reduced Duration of Ailments on Enemies
explicitMods,#% reduced Duration of Curses on you per # Devotion,3,3,object:3,,4% reduced Duration of Curses on you per 10 Devotion
explicitMods,#% reduced Lightning Resistance,3,3,object:3,,52% reduced Lightning Resistance
explicitMods,#% reduced Mana Burn rate,3,3,object:3,,23% reduced Mana Burn rate
explicitMods,#% reduced Mana Cost of Skills per # Devotion,3,3,object:3,,1% reduced Mana Cost of Skills per 10 Devotion
explicitMods,#% reduced Maximum Recovery per Life Leech,3,3,object:3,,50% reduced Maximum Recovery per Life Leech
explicitMods,#% reduced Spell Damage,3,3,object:3,,80% reduced Spell Damage
explicitMods,#% reduced maximum number of Raised Zombies,3,3,object:3,,50% reduced maximum number of Raised Zombies
explicitMods,#% to Critical Strike Multiplier if you've dealt a Non-Critical Strike Recently,3,3,object:3,,+25% to Critical Strike Multiplier if you've dealt a Non-Critical Strike Recently
explicitMods,#% to Critical Strike Multiplier if you've gained a Power Charge Recently,3,3,object:3,,+34% to Critical Strike Multiplier if you've gained a Power Charge Recently
explicitMods,#% to Critical Strike Multiplier per #% Chance to Block Attack Damage,3,3,object:3,,+1% to Critical Strike Multiplier per 1% Chance to Block Attack Damage
explicitMods,#% to Critical Strike Multiplier while area is not in Lockdown\nPlayers have #% to Critical Strike Multiplier while area is not in Lockdown,3,3,object:3,,+17% to Critical Strike Multiplier while area is not in Lockdown\nPlayers have +17% to Critical Stri
explicitMods,#% to Critical Strike Multiplier with Two Handed Melee Weapons,3,3,object:3,,+17% to Critical Strike Multiplier with Two Handed Melee Weapons
explicitMods,#% to Damage over Time Multiplier for Bleeding from Critical Strikes,3,3,object:3,,+34% to Damage over Time Multiplier for Bleeding from Critical Strikes
explicitMods,#% to Damage over Time Multiplier with Ignite if Charges were consumed from a Ruby Flask,3,3,object:3,,+196% to Damage over Time Multiplier with Ignite if Charges were consumed from a Ruby Flask
explicitMods,#% to Off Hand Critical Strike Chance per # Maximum Energy Shield on Shield,3,3,object:3,,+0.15% to Off Hand Critical Strike Chance per 10 Maximum Energy Shield on Shield
explicitMods,#% to Off Hand Critical Strike Multiplier per # Maximum Energy Shield on Shield,3,3,object:3,,+4% to Off Hand Critical Strike Multiplier per 10 Maximum Energy Shield on Shield
explicitMods,#% to [Resistances|Cold Resistance],3,3,object:3,,+13% to [Resistances|Cold Resistance]
explicitMods,#% to all Elemental Resistances while you have at least # Strength,3,3,object:3,,+24% to all Elemental Resistances while you have at least 200 Strength
explicitMods,#% to all Resistances per Minion from your Non-Vaal Skills,3,3,object:3,,-2% to all Resistances per Minion from your Non-Vaal Skills
explicitMods,#% to maximum Chaos Resistance,3,3,object:3,,+2% to maximum Chaos Resistance
explicitMods,<currencyitem>{#x Fossil},3,3,object:3,,<currencyitem>{5x Fossil}
explicitMods,<currencyitem>{#x Oil},3,3,object:2;string:1,,<currencyitem>{10x Oil}
explicitMods,<currencyitem>{#x Orb of Annulment},3,3,object:2;string:1,,<currencyitem>{3x Orb of Annulment}
explicitMods,<currencyitem>{#x Orb of Scouring},3,3,object:3,,<currencyitem>{30x Orb of Scouring}
explicitMods,<currencyitem>{Delirium Orb},3,3,object:3,,<currencyitem>{Delirium Orb}
explicitMods,<divination>{The Nurse},3,3,object:3,,<divination>{The Nurse}
explicitMods,"<gemitem>{Level # Aura Gem}\n<corrupted>{Corrupted}",3,3,object:3,,"<gemitem>{Level 21 Aura Gem}\n<corrupted>{Corrupted}"
explicitMods,<gemitem>{Level # Gem},3,3,object:3,,<gemitem>{Level 20 Gem}
explicitMods,"<gemitem>{Level # Summon Skeletons}\n<default>{Quality:} <augmented>{#%}\n<corrupted>{Corrupted}",3,3,object:3,,"<gemitem>{Level 1 Summon Skeletons}\n<default>{Quality:} <augmented>{+23%}\n<corrupted>{Corrupted}"
explicitMods,"<gemitem>{Level # Vaal Summon Skeletons}\n<corrupted>{Corrupted}",3,3,object:3,,"<gemitem>{Level 21 Vaal Summon Skeletons}\n<corrupted>{Corrupted}"
explicitMods,"<gemitem>{Vaal Gem}\n<default>{Quality:} <augmented>{#%}\n<corrupted>{Corrupted}",3,3,object:3,,"<gemitem>{Vaal Gem}\n<default>{Quality:} <augmented>{+20%}\n<corrupted>{Corrupted}"
explicitMods,"<magicitem>{Electrocuting Jewellery}\n<default>{Item Level:} <normal>{#}",3,3,object:3,,"<magicitem>{Electrocuting Jewellery}\n<default>{Item Level:} <normal>{76}"
explicitMods,"<magicitem>{Fecund Ursine Pelt}\n<default>{Warlord Item}",3,3,object:3,,"<magicitem>{Fecund Ursine Pelt}\n<default>{Warlord Item}"
explicitMods,"<magicitem>{Glyphic Prophecy Wand}\n<default>{Item Level:} <normal>{#}",3,3,object:3,,"<magicitem>{Glyphic Prophecy Wand}\n<default>{Item Level:} <normal>{100}"
explicitMods,<magicitem>{Life Armour},3,3,object:3,,<magicitem>{Life Armour}
explicitMods,<magicitem>{Seraphim's Armour},3,3,object:2;string:1,,<magicitem>{Seraphim's Armour}
explicitMods,<magicitem>{Surgeon's Flask},3,3,object:3,,<magicitem>{Surgeon's Flask}
explicitMods,<magicitem>{Vivid Crimson Jewel},3,3,object:3,,<magicitem>{Vivid Crimson Jewel}
explicitMods,<magicitem>{Vivid Jewel},3,3,object:3,,<magicitem>{Vivid Jewel}
explicitMods,<magicitem>{Weapon of Crafting},3,3,object:3,,<magicitem>{Weapon of Crafting}
explicitMods,"<rareitem>{Amulet}\n<corrupted>{Corrupted}",3,3,object:3,,"<rareitem>{Amulet}\n<corrupted>{Corrupted}"
explicitMods,"<rareitem>{Body Armour}\n<default>{Item Level:} <normal>{#}",3,3,object:3,,"<rareitem>{Body Armour}\n<default>{Item Level:} <normal>{100}"
explicitMods,"<rareitem>{Map}\n<default>{Map Tier:} <normal>{#}\n<default>{Modifiers:} <normal>{#}\n<corrupted>{Corrupted}",3,3,object:2;string:1,,"<rareitem>{Map}\n<default>{Map Tier:} <normal>{15}\n<default>{Modifiers:} <normal>{8}\n<corrupted"
explicitMods,"<size:#>{<magicitem>{Bloodthirsty Eternal Sword}\n<default>{Item Level:} <normal>{#}}",3,3,object:3,,"<size:31>{<magicitem>{Bloodthirsty Eternal Sword}\n<default>{Item Level:} <normal>{66}}"
explicitMods,"<size:#>{<rareitem>{Elder Guardian Occupied Map}\n<default>{Modifiers:} <normal>{#}\n<corrupted>{Corrupted}}",3,3,object:2;string:1,,"<size:28>{<rareitem>{Elder Guardian Occupied Map}\n<default>{Modifiers:} <normal>{8}\n<corrupted>{"
explicitMods,<uniqueitem>{Alpha's Howl},3,3,object:3,,<uniqueitem>{Alpha's Howl}
explicitMods,<uniqueitem>{Beyond Item},3,3,object:3,,<uniqueitem>{Beyond Item}
explicitMods,"<uniqueitem>{Blood of Corruption}\n<corrupted>{Corrupted}",3,3,object:3,,"<uniqueitem>{Blood of Corruption}\n<corrupted>{Corrupted}"
explicitMods,"<uniqueitem>{Claw}\n<corrupted>{Corrupted}",3,3,object:2;string:1,,"<uniqueitem>{Claw}\n<corrupted>{Corrupted}"
explicitMods,<uniqueitem>{Cospri's Malice},3,3,object:3,,<uniqueitem>{Cospri's Malice}
explicitMods,<uniqueitem>{Crystal Sceptre},3,3,object:3,,<uniqueitem>{Crystal Sceptre}
explicitMods,<uniqueitem>{Death's Oath},3,3,object:3,,<uniqueitem>{Death's Oath}
explicitMods,<uniqueitem>{Delve Item},3,3,object:3,,<uniqueitem>{Delve Item}
explicitMods,<uniqueitem>{Doomfletch},3,3,object:3,,<uniqueitem>{Doomfletch}
explicitMods,<uniqueitem>{Doryani's Fist},3,3,object:3,,<uniqueitem>{Doryani's Fist}
explicitMods,"<uniqueitem>{Fertile Mind}\n<corrupted>{Corrupted}",3,3,object:3,,"<uniqueitem>{Fertile Mind}\n<corrupted>{Corrupted}"
explicitMods,<uniqueitem>{Fishing Item},3,3,object:3,,<uniqueitem>{Fishing Item}
explicitMods,<uniqueitem>{Granite Flask},3,3,object:3,,<uniqueitem>{Granite Flask}
explicitMods,<uniqueitem>{Harbinger Item},3,3,object:3,,<uniqueitem>{Harbinger Item}
explicitMods,"<uniqueitem>{Item}\n <corrupted>{Two-Implicit}\n <corrupted>{Corrupted}",3,3,object:3,,"<uniqueitem>{Item}\n <corrupted>{Two-Implicit}\n <corrupted>{Corrupted}"
explicitMods,"<uniqueitem>{Item}\n<default>{Double-Influenced Item}",3,3,object:2;string:1,,"<uniqueitem>{Item}\n<default>{Double-Influenced Item}"
explicitMods,<uniqueitem>{Jewellery},3,3,object:3,,<uniqueitem>{Jewellery}
explicitMods,<uniqueitem>{Jewel},3,3,object:3,,<uniqueitem>{Jewel}
explicitMods,"<uniqueitem>{Jewel}\n<corrupted>{Corrupted}",3,3,object:3,,"<uniqueitem>{Jewel}\n<corrupted>{Corrupted}"
explicitMods,<uniqueitem>{Kiara's Determination},3,3,object:3,,<uniqueitem>{Kiara's Determination}
explicitMods,"<uniqueitem>{Le Heup of All}\n<corrupted>{Corrupted}",3,3,object:3,,"<uniqueitem>{Le Heup of All}\n<corrupted>{Corrupted}"
explicitMods,<uniqueitem>{Lifesprig},3,3,object:3,,<uniqueitem>{Lifesprig}
explicitMods,<uniqueitem>{Lioneye's Vision},3,3,object:3,,<uniqueitem>{Lioneye's Vision}
explicitMods,<uniqueitem>{Maligaro's Virtuosity},3,3,object:3,,<uniqueitem>{Maligaro's Virtuosity}
explicitMods,"<uniqueitem>{Meginord's Girdle}\n<corrupted>{Corrupted}",3,3,object:3,,"<uniqueitem>{Meginord's Girdle}\n<corrupted>{Corrupted}"
explicitMods,<uniqueitem>{Mon'tregul's Grasp},3,3,object:3,,<uniqueitem>{Mon'tregul's Grasp}
explicitMods,"<uniqueitem>{Nemesis Item}\n<corrupted>{Corrupted}",3,3,object:3,,"<uniqueitem>{Nemesis Item}\n<corrupted>{Corrupted}"
explicitMods,<uniqueitem>{Obliteration},3,3,object:3,,<uniqueitem>{Obliteration}
explicitMods,"<uniqueitem>{Pacifism}\n<corrupted>{Corrupted}",3,3,object:3,,"<uniqueitem>{Pacifism}\n<corrupted>{Corrupted}"
explicitMods,<uniqueitem>{Rigwald Item},3,3,object:3,,<uniqueitem>{Rigwald Item}
explicitMods,"<uniqueitem>{Ring}\n<corrupted>{Corrupted}",3,3,object:2;string:1,,"<uniqueitem>{Ring}\n<corrupted>{Corrupted}"
explicitMods,<uniqueitem>{Rise of the Phoenix},3,3,object:3,,<uniqueitem>{Rise of the Phoenix}
explicitMods,"<uniqueitem>{Romira's Banquet}\n<corrupted>{Corrupted}",3,3,object:2;string:1,,"<uniqueitem>{Romira's Banquet}\n<corrupted>{Corrupted}"
explicitMods,<uniqueitem>{Rustic Sash},3,3,object:3,,<uniqueitem>{Rustic Sash}
explicitMods,<uniqueitem>{Shavronne Item},3,3,object:3,,<uniqueitem>{Shavronne Item}
explicitMods,"<uniqueitem>{Shield}\n<corrupted>{Corrupted}",3,3,object:3,,"<uniqueitem>{Shield}\n<corrupted>{Corrupted}"
explicitMods,<uniqueitem>{Sire of Shards},3,3,object:3,,<uniqueitem>{Sire of Shards}
explicitMods,<uniqueitem>{Storm Cloud},3,3,object:3,,<uniqueitem>{Storm Cloud}
explicitMods,<uniqueitem>{Synthesis Map},3,3,object:2;string:1,,<uniqueitem>{Synthesis Map}
explicitMods,"<uniqueitem>{Tabula Rasa}\n<corrupted>{Corrupted}",3,3,object:3,,"<uniqueitem>{Tabula Rasa}\n<corrupted>{Corrupted}"
explicitMods,<uniqueitem>{The Harvest},3,3,object:2;string:1,,<uniqueitem>{The Harvest}
explicitMods,<uniqueitem>{The Poet's Pen},3,3,object:3,,<uniqueitem>{The Poet's Pen}
explicitMods,<uniqueitem>{The Twilight Temple},3,3,object:3,,<uniqueitem>{The Twilight Temple}
explicitMods,<uniqueitem>{Two-Stone Ring},3,3,object:2;string:1,,<uniqueitem>{Two-Stone Ring}
explicitMods,<uniqueitem>{Unset Ring},3,3,object:2;string:1,,<uniqueitem>{Unset Ring}
explicitMods,<uniqueitem>{Ventor's Gamble},3,3,object:3,,<uniqueitem>{Ventor's Gamble}
explicitMods,<uniqueitem>{Wake of Destruction},3,3,object:3,,<uniqueitem>{Wake of Destruction}
explicitMods,"<uniqueitem>{Wand}\n<corrupted>{Corrupted}",3,3,object:3,,"<uniqueitem>{Wand}\n<corrupted>{Corrupted}"
explicitMods,"<uniqueitem>{Weapon}\n<corrupted>{Corrupted}",3,3,object:3,,"<uniqueitem>{Weapon}\n<corrupted>{Corrupted}"
explicitMods,<whiteitem>{Map},3,3,object:2;string:1,,<whiteitem>{Map}
explicitMods,<whiteitem>{Mortal Hope},3,3,object:3,,<whiteitem>{Mortal Hope}
explicitMods,<whiteitem>{Offering to the Goddess},3,3,object:3,,<whiteitem>{Offering to the Goddess}
explicitMods,<whiteitem>{Scarab},3,3,object:3,,<whiteitem>{Scarab}
explicitMods,<whiteitem>{Six-Link Astral Plate},3,3,object:3,,<whiteitem>{Six-Link Astral Plate}
explicitMods,"<whiteitem>{Six-Link Imperial Bow}\n<default>{Item Level:} <normal>{#}",3,3,object:3,,"<whiteitem>{Six-Link Imperial Bow}\n<default>{Item Level:} <normal>{100}"
explicitMods,"<whiteitem>{Six-Link Short Bow}\n<default>{Item Level:} <normal>{#}",3,3,object:3,,"<whiteitem>{Six-Link Short Bow}\n<default>{Item Level:} <normal>{50}"
explicitMods,<whiteitem>{Uber Elder Fragment},3,3,object:2;string:1,,<whiteitem>{Uber Elder Fragment}
explicitMods,A stack of unknown divination cards,3,3,object:3,,A stack of unknown divination cards
explicitMods,Added Small Passive Skills also grant: #% increased Area of Effect of Aura Skills,3,3,object:3,,Added Small Passive Skills also grant: 4% increased Area of Effect of Aura Skills
explicitMods,Added Small Passive Skills also grant: #% increased Attack and Cast Speed with Chaos Skills,3,3,object:3,,Added Small Passive Skills also grant: 2% increased Attack and Cast Speed with Chaos Skills
explicitMods,Added Small Passive Skills also grant: #% increased Attack and Cast Speed with Physical Skills,3,3,object:3,,Added Small Passive Skills also grant: 3% increased Attack and Cast Speed with Physical Skills
explicitMods,Added Small Passive Skills also grant: Minions have #% increased Attack and Cast Speed,3,3,object:3,,Added Small Passive Skills also grant: Minions have 2% increased Attack and Cast Speed
explicitMods,Adds # to # Cold Damage against Chilled or Frozen Enemies,3,3,object:3,,Adds 21 to 37 Cold Damage against Chilled or Frozen Enemies
explicitMods,Adds # to # Fire Damage against Ignited Enemies,3,3,object:3,,Adds 26 to 45 Fire Damage against Ignited Enemies
explicitMods,Adds # to # Fire Damage to Attacks with this Weapon per # Strength,3,3,object:3,,Adds 4 to 7 Fire Damage to Attacks with this Weapon per 10 Strength
explicitMods,Adds # to # Lightning Damage to Attacks with this Weapon per # Dexterity,3,3,object:3,,Adds 1 to 12 Lightning Damage to Attacks with this Weapon per 10 Dexterity
explicitMods,Adds # to # Physical Damage to Spells,3,3,object:3,,Adds 21 to 35 Physical Damage to Spells
explicitMods,Adds Lone Messenger,3,3,object:3,,Adds Lone Messenger
explicitMods,Adds Secrets of Suffering,3,3,object:3,,Adds Secrets of Suffering
explicitMods,"Adds a Grand Searing Exarch implicit modifier to\na Body Armour, Boots, Gloves or Helmet\nThis replaces any existing implicit modifiers other than Eater of Worlds implicit modifiers",3,3,object:3,,"Adds a Grand Searing Exarch implicit modifier to\na Body Armour, Boots, Gloves or Helmet\nThis rep"
explicitMods,"Adds a Lesser Eater of Worlds implicit modifier to\na Body Armour, Boots, Gloves or Helmet\nThis replaces any existing implicit modifiers other than Searing Exarch implicit modifiers",3,3,object:3,,"Adds a Lesser Eater of Worlds implicit modifier to\na Body Armour, Boots, Gloves or Helmet\nThis r"
explicitMods,"Adds a Lesser Searing Exarch implicit modifier to\na Body Armour, Boots, Gloves or Helmet\nThis replaces any existing implicit modifiers other than Eater of Worlds implicit modifiers",3,3,object:3,,"Adds a Lesser Searing Exarch implicit modifier to\na Body Armour, Boots, Gloves or Helmet\nThis re"
explicitMods,"Adds an enchantment to a utility flask that will cause\nit to be used when certain conditions are met\nReplaces any existing enchantment",3,3,object:3,,"Adds an enchantment to a utility flask that will cause\nit to be used when certain conditions are m"
explicitMods,"Adds an enchantment to a utility flask that will improve it\nbut prevent it from gaining charges during its effect\nReplaces any existing enchantment",3,3,object:3,,"Adds an enchantment to a utility flask that will improve it\nbut prevent it from gaining charges du"
explicitMods,"Adds an incubated Shaper or Elder Trinket item to an equippable item\nItem drops after killing # monsters",3,3,object:3,,"Adds an incubated Shaper or Elder Trinket item to an equippable item\nItem drops after killing 2103"
explicitMods,"Adds an incubated Shaper or Elder Weapon item to an equippable item\nItem drops after killing # monsters",3,3,object:3,,"Adds an incubated Shaper or Elder Weapon item to an equippable item\nItem drops after killing 15030"
explicitMods,"Adds an incubated Talisman item to an equippable item\nItem drops after killing # monsters",3,3,object:3,,"Adds an incubated Talisman item to an equippable item\nItem drops after killing 4530 monsters"
explicitMods,"Adds quality that enhances Attack modifiers on a ring, amulet or belt\nReplaces other quality types",3,3,object:3,,"Adds quality that enhances Attack modifiers on a ring, amulet or belt\nReplaces other quality types"
explicitMods,"Adds quality that enhances Critical modifiers on a ring, amulet or belt\nReplaces other quality types",3,3,object:3,,"Adds quality that enhances Critical modifiers on a ring, amulet or belt\nReplaces other quality typ"
explicitMods,"Adds quality that enhances Defence modifiers on a ring, amulet or belt\nReplaces other quality types",3,3,object:3,,"Adds quality that enhances Defence modifiers on a ring, amulet or belt\nReplaces other quality type"
explicitMods,"Adds quality that enhances Elemental Damage modifiers on a ring, amulet or belt\nReplaces other quality types",3,3,object:3,,"Adds quality that enhances Elemental Damage modifiers on a ring, amulet or belt\nReplaces other qua"
explicitMods,"Adds quality that enhances Speed modifiers on a ring, amulet or belt\nReplaces other quality types",3,3,object:3,,"Adds quality that enhances Speed modifiers on a ring, amulet or belt\nReplaces other quality types"
explicitMods,"Ailith's skills in Area instead enrage the Hive, increasing the Difficulty\nand Reward of subsequent waves",3,3,object:2;string:1,,"Ailith's skills in Area instead enrage the Hive, increasing the Difficulty\nand Reward of subsequent"
explicitMods,All Damage Taken from Hits can Ignite you,3,3,object:3,,All Damage Taken from Hits can Ignite you
explicitMods,Animated Guardian deals #% increased Damage per Animated Weapon,3,3,object:3,,Animated Guardian deals 5% increased Damage per Animated Weapon
explicitMods,Animated and Manifested Minions' Melee Strikes deal #% less Splash Damage,3,3,object:3,,Animated and Manifested Minions' Melee Strikes deal 50% less Splash Damage
explicitMods,Animated and Manifested Minions' Melee Strikes deal Splash\nDamage to surrounding targets,3,3,object:3,,Animated and Manifested Minions' Melee Strikes deal Splash\nDamage to surrounding targets
explicitMods,Applies beams to the closest # Enemies,3,3,object:3,,Applies beams to the closest 13 Enemies
explicitMods,Area contains Drowning Orbs,3,3,object:3,,Area contains Drowning Orbs
explicitMods,Area contains Unstable Tentacle Fiends,3,3,object:3,,Area contains Unstable Tentacle Fiends
explicitMods,Area contains additional waves of Oriathan Zombies,3,3,object:3,,Area contains additional waves of Oriathan Zombies
explicitMods,Area contains additional waves of Zombies,3,3,object:3,,Area contains additional waves of Zombies
explicitMods,Area contains an additional [ContainsAbyss|Abyss],3,3,object:3,,Area contains an additional [ContainsAbyss|Abyss]
explicitMods,Area contains many additional Strongboxes\nArea's inhabitants are lying in ambush,3,3,object:2;string:1,,Area contains many additional Strongboxes\nArea's inhabitants are lying in ambush
explicitMods,Area has # additional random Modifiers,3,3,object:2;string:1,,Area has 2 additional random Modifiers
explicitMods,Aspect of the Cat has no Reservation,3,3,object:3,,Aspect of the Cat has no Reservation
explicitMods,Auras from Player Skills which affect Allies also affect Enemies,3,3,object:3,,Auras from Player Skills which affect Allies also affect Enemies
explicitMods,Base Hammer impact radius is # metres,3,3,object:3,,Base Hammer impact radius is 1.2 metres
explicitMods,Base targeting area length is # metres,3,3,object:3,,Base targeting area length is 9 metres
explicitMods,Base targeting area width is # metres,3,3,object:3,,Base targeting area width is 4.5 metres
explicitMods,Bathed in the blood of # sacrificed in the name of Xibaqua\nPassives in radius are Conquered by the Vaal,3,3,object:3,,Bathed in the blood of 1584 sacrificed in the name of Xibaqua\nPassives in radius are Conquered by t
explicitMods,Beyond Bosses Spawned in Area are accompanied by Beyond Bosses of other Factions\nBeyond Bosses in Area drop #% increased Tainted Currency\nBeyond Portals in Area have #% increased chance to spawn a Unique Boss,3,3,object:2;string:1,,Beyond Bosses Spawned in Area are accompanied by Beyond Bosses of other Factions\nBeyond Bosses in A
explicitMods,Bleeding Enemies you Kill with Hits Shatter,3,3,object:3,,Bleeding Enemies you Kill with Hits Shatter
explicitMods,Boots: (#-#) to Evasion Rating,3,3,object:3,,Boots: (81-90) to Evasion Rating
explicitMods,Boots: (#-#) to maximum Energy Shield,3,3,object:3,,Boots: (18-26) to maximum Energy Shield
explicitMods,Bringer of Weakness,3,3,object:3,,Bringer of Weakness
explicitMods,"Buff grants #% to Critical Strike Chance per # power, counting a maximum of # Power",3,3,object:3,,"Buff grants +0.5% to Critical Strike Chance per 5 power, counting a maximum of 25 Power"
explicitMods,Call down Holy Hammers on up to # enemies struck,3,3,object:3,,Call down Holy Hammers on up to 5 enemies struck
explicitMods,Can be modified while Corrupted,3,3,object:3,,Can be modified while Corrupted
explicitMods,"Can consume Charges from Ruby, Sapphire, and Topaz Flasks\nConsumes # Charge per Projectile Fired from # Flask of each valid type, if possible",3,3,object:3,,"Can consume Charges from Ruby, Sapphire, and Topaz Flasks\nConsumes 1 Charge per Projectile Fired fr"
explicitMods,Can have a second Enchantment Modifier,3,3,object:3,,Can have a second Enchantment Modifier
explicitMods,Cannot be Blinded,3,3,object:3,,Cannot be Blinded
explicitMods,Chaos Damage is taken from Mana before Life,3,3,object:3,,Chaos Damage is taken from Mana before Life
explicitMods,Chests have #% chance to drop Double Aureus Coins,3,3,object:3,,Chests have 3% chance to drop Double Aureus Coins
explicitMods,Chronophage,3,3,object:3,,Chronophage
explicitMods,Count as having maximum number of Frenzy Charges,3,3,object:3,,Count as having maximum number of Frenzy Charges
explicitMods,Curse Enemies with Conductivity on Hit,3,3,object:3,,Curse Enemies with Conductivity on Hit
explicitMods,Damage Penetrates #% Elemental Resistances if you haven't Killed Recently,3,3,object:3,,Damage Penetrates 2% Elemental Resistances if you haven't Killed Recently
explicitMods,Damage of Enemies Hitting you is Unlucky while you are on Full Life,3,3,object:3,,Damage of Enemies Hitting you is Unlucky while you are on Full Life
explicitMods,Deals # to # Added Cold Damage if Charges were consumed from a Sapphire Flask,3,3,object:3,,Deals 706 to 1058 Added Cold Damage if Charges were consumed from a Sapphire Flask
explicitMods,Deals # to # Added Lightning Damage if Charges were consumed from a Topaz Flask,3,3,object:3,,Deals 151 to 1764 Added Lightning Damage if Charges were consumed from a Topaz Flask
explicitMods,Deals #% less Damage with Hits against Branded Enemy,3,3,object:3,,Deals 80% less Damage with Hits against Branded Enemy
explicitMods,Deals Added Physical Damage equal to #% of Maximum Mana,3,3,object:3,,Deals Added Physical Damage equal to 14% of Maximum Mana
explicitMods,Debuffs on Monsters expire #% faster,3,3,object:3,,Debuffs on Monsters expire 100% faster
explicitMods,Dexterity from Passives in Radius is Transformed to Strength,3,3,object:3,,Dexterity from Passives in Radius is Transformed to Strength
explicitMods,Divination Cards which drop in Area are stolen by a Final Map Boss\nThat Final Map Boss becomes more Difficult and deals\nincreased Damage the more Divination Cards they have stolen\nThat Final Map Boss duplicates all stolen Divination Cards when defeated,3,3,object:2;string:1,,Divination Cards which drop in Area are stolen by a Final Map Boss\nThat Final Map Boss becomes more
explicitMods,"Enemies Killed by Zombies' Hits Explode, dealing #% of their Life as Fire Damage",3,3,object:3,,"Enemies Killed by Zombies' Hits Explode, dealing 20% of their Life as Fire Damage"
explicitMods,Enemies inflict Elemental Ailments on you instead of nearby Allies,3,3,object:3,,Enemies inflict Elemental Ailments on you instead of nearby Allies
explicitMods,Enemies take #% increased Damage for each type of Ailment you have inflicted on them,3,3,object:3,,Enemies take 10% increased Damage for each type of Ailment you have inflicted on them
explicitMods,"Every # seconds, gain Avatar of Fire for # seconds",3,3,object:3,,"Every 8 seconds, gain Avatar of Fire for 4 seconds"
explicitMods,Exerted Attacks Trigger a Supported Spell with their first Melee Hit,3,3,object:3,,Exerted Attacks Trigger a Supported Spell with their first Melee Hit
explicitMods,"Final Architect slain in Area will drop an Itemised Temple\n Itemised Temples dropped in Area are generated based on current Temple layout, but with randomised room tiers",3,3,object:2;string:1,,Final Architect slain in Area will drop an Itemised Temple\n Itemised Temples dropped in Area are ge
explicitMods,Fire Resistance is #%,3,3,object:3,,Fire Resistance is 75%
explicitMods,Fires # Projectiles in a spiral,3,3,object:3,,Fires 5 Projectiles in a spiral
explicitMods,"Fires # Shard Projectiles in a Spiral while flying, then ends",3,3,object:3,,"Fires 12 Shard Projectiles in a Spiral while flying, then ends"
explicitMods,Flasks gain # Charges every # seconds while they are inactive,3,3,object:3,,Flasks gain 3 Charges every 3 seconds while they are inactive
explicitMods,"Formally used to reroll all of Kirac's Atlas Missions, adding layers of Delirium to all non-Unique Maps",3,3,object:3,,"Formally used to reroll all of Kirac's Atlas Missions, adding layers of Delirium to all non-Unique M"
explicitMods,"Formally used to reroll all of Kirac's Atlas Missions, including at least one Breachstone",3,3,object:3,,"Formally used to reroll all of Kirac's Atlas Missions, including at least one Breachstone"
explicitMods,"Formally used to reroll all of Kirac's Atlas Missions, using uncompleted non-Unique Maps where possible",3,3,object:3,,"Formally used to reroll all of Kirac's Atlas Missions, using uncompleted non-Unique Maps where possi"
explicitMods,Formerly improved the quality of a Strongbox,3,3,object:3,,Formerly improved the quality of a Strongbox
explicitMods,Gain #% of Lightning Damage as Extra Chaos Damage,3,3,object:3,crafted=True:1,Gain 6% of Lightning Damage as Extra Chaos Damage
explicitMods,Gain Accuracy Rating equal to your Strength,3,3,object:3,,Gain Accuracy Rating equal to your Strength
explicitMods,Gain Adrenaline when you become Flame-Touched,3,3,object:3,,Gain Adrenaline when you become Flame-Touched
explicitMods,Gain Brutal Charges instead of Endurance Charges,3,3,object:3,,Gain Brutal Charges instead of Endurance Charges
explicitMods,Gain up to maximum Endurance Charges when you take a Critical Strike,3,3,object:3,,Gain up to maximum Endurance Charges when you take a Critical Strike
explicitMods,Gain up to your maximum number of Frenzy and Power Charges when you gain Cat's Stealth,3,3,object:3,,Gain up to your maximum number of Frenzy and Power Charges when you gain Cat's Stealth
explicitMods,Gems Socketed always have the Quality bonus from Socket Colour,3,3,object:3,,Gems Socketed always have the Quality bonus from Socket Colour
explicitMods,Gems Socketed in Blue Sockets gain #% increased Experience,3,3,object:3,,Gems Socketed in Blue Sockets gain 100% increased Experience
explicitMods,Gems Socketed in Green Sockets have #% to Quality,3,3,object:3,,Gems Socketed in Green Sockets have +30% to Quality
explicitMods,Gems Socketed in Red Sockets have # to Level,3,3,object:3,,Gems Socketed in Red Sockets have +2 to Level
explicitMods,Gloves: (#-#) to Evasion Rating,3,3,object:3,,Gloves: (81-90) to Evasion Rating
explicitMods,Gloves: (#-#) to maximum Energy Shield,3,3,object:3,,Gloves: (18-26) to maximum Energy Shield
explicitMods,Gloves: Adds # to (#-#) Lightning Damage to Attacks,3,3,object:3,,Gloves: Adds 1 to (14-15) Lightning Damage to Attacks
explicitMods,Golems Summoned in the past # seconds deal #% increased Damage,3,3,object:3,,Golems Summoned in the past 8 seconds deal 41% increased Damage
explicitMods,Golems grant #% of Melee Damage is taken from your Stone Golems' Life before you,3,3,object:3,,Golems grant 15% of Melee Damage is taken from your Stone Golems' Life before you
explicitMods,Golems have # to # Added Attack Physical Damage,3,3,object:3,,Golems have 107 to 152 Added Attack Physical Damage
explicitMods,Golems have #% increased Maximum Life,3,3,object:3,,Golems have 20% increased Maximum Life
explicitMods,Grants Level # Approaching Flames Skill,3,3,object:3,,Grants Level 20 Approaching Flames Skill
explicitMods,Grants Level # Aspect of the Avian Skill,3,3,object:3,,Grants Level 20 Aspect of the Avian Skill
explicitMods,Grants Level # Purity of Lightning Skill,3,3,object:3,,Grants Level 25 Purity of Lightning Skill
explicitMods,Grants Level # Smite Skill,3,3,object:3,,Grants Level 30 Smite Skill
explicitMods,Grants Level # Snipe Skill,3,3,object:3,,Grants Level 30 Snipe Skill
explicitMods,Grants Summon Harbinger of Brutality Skill,3,3,object:3,,Grants Summon Harbinger of Brutality Skill
explicitMods,Grants Summon Harbinger of Storms Skill,3,3,object:3,,Grants Summon Harbinger of Storms Skill
explicitMods,Grants Summon Harbinger of Time Skill,3,3,object:3,,Grants Summon Harbinger of Time Skill
explicitMods,Grants Summon Harbinger of the Arcane Skill,3,3,object:3,,Grants Summon Harbinger of the Arcane Skill
explicitMods,Grants an atlas passive skill refund point,3,3,object:3,,Grants an atlas passive skill refund point
explicitMods,Hammers deal #% less Damage,3,3,object:3,,Hammers deal 35% less Damage
explicitMods,Has # Socket,3,3,object:3,,Has 1 Socket
explicitMods,Heist Chests have a #% chance to Duplicate contained Blighted Maps and Catalysts,3,3,object:3,,Heist Chests have a 6% chance to Duplicate contained Blighted Maps and Catalysts
explicitMods,Heist Chests have a #% chance to Duplicate contained Maps,3,3,object:3,,Heist Chests have a 7% chance to Duplicate contained Maps
explicitMods,Heist Chests have a #% chance to Duplicate contained Oils,3,3,object:3,,Heist Chests have a 6% chance to Duplicate contained Oils
explicitMods,Hex Reflection,3,3,object:3,,Hex Reflection
explicitMods,Hexes from Supported Skills Transfer to all Enemies within # metres when Hexed Enemy dies,3,3,object:3,,Hexes from Supported Skills Transfer to all Enemies within 3 metres when Hexed Enemy dies
explicitMods,Hits with this Weapon Shock Enemies as though dealing #% more Damage,3,3,object:3,,Hits with this Weapon Shock Enemies as though dealing 300% more Damage
explicitMods,Hits with this Weapon have #% chance to ignore Enemy Physical Damage Reduction,3,3,object:3,,Hits with this Weapon have 52% chance to ignore Enemy Physical Damage Reduction
explicitMods,Ignited Enemies Burn #% slower,3,3,object:3,,Ignited Enemies Burn 54% slower
explicitMods,"Improves the quality of a map enhancing Currency found\nReplaces other quality types",3,3,object:3,,"Improves the quality of a map enhancing Currency found\nReplaces other quality types"
explicitMods,"Improves the quality of a map enhancing Item Quantity\nReplaces other quality types",3,3,object:3,,"Improves the quality of a map enhancing Item Quantity\nReplaces other quality types"
explicitMods,"Improves the quality of a map enhancing Item Rarity\nReplaces other quality types",3,3,object:3,,"Improves the quality of a map enhancing Item Rarity\nReplaces other quality types"
explicitMods,"Improves the quality of a map enhancing Pack Size\nReplaces other quality types",3,3,object:3,,"Improves the quality of a map enhancing Pack Size\nReplaces other quality types"
explicitMods,Increases and Reductions to Life in Radius are Transformed to apply to Mana at #% of their value,3,3,object:3,,Increases and Reductions to Life in Radius are Transformed to apply to Mana at 200% of their value
explicitMods,Incursions in Area have a #% chance for all Monsters to be at least Magic\nIncursions in Area have #% increased Pack Size,3,3,object:3,,Incursions in Area have a 35% chance for all Monsters to be at least Magic\nIncursions in Area have
explicitMods,Infested Earth,3,3,object:3,,Infested Earth
explicitMods,Insufficient Mana doesn't prevent your Melee Attacks,3,3,object:3,,Insufficient Mana doesn't prevent your Melee Attacks
explicitMods,Intelligence from Passives in Radius is Transformed to Strength,3,3,object:3,,Intelligence from Passives in Radius is Transformed to Strength
explicitMods,Iron Reflexes while stationary,3,3,object:3,,Iron Reflexes while stationary
explicitMods,Killing Blows from Supported Strike Skills with Melee Weapons against Rare Monsters grant one of their Modifiers for # seconds,3,3,object:3,,Killing Blows from Supported Strike Skills with Melee Weapons against Rare Monsters grant one of the
explicitMods,Left Ring slot: Cover Enemies in Ash for # seconds when you Ignite them,3,3,object:3,,Left Ring slot: Cover Enemies in Ash for 5 seconds when you Ignite them
explicitMods,Leftmost # Magic Utility Flasks constantly apply their Flask Effects to you,3,3,object:3,,Leftmost 4 Magic Utility Flasks constantly apply their Flask Effects to you
explicitMods,Life Leech effects are not removed when Unreserved Life is Filled,3,3,object:3,,Life Leech effects are not removed when Unreserved Life is Filled
explicitMods,Linked target gains # to # Added Fire Damage,3,3,object:3,,Linked target gains 169 to 254 Added Fire Damage
explicitMods,Linked target gains Added Fire Damage equal to #% of your Maximum Life,3,3,object:3,,Linked target gains Added Fire Damage equal to 5% of your Maximum Life
explicitMods,Lose Adrenaline when you cease to be Flame-Touched,3,3,object:3,,Lose Adrenaline when you cease to be Flame-Touched
explicitMods,Lose all Trauma on reaching # Trauma,3,3,object:3,,Lose all Trauma on reaching 10 Trauma
explicitMods,Magic Utility Flask Effects cannot be removed,3,3,object:3,,Magic Utility Flask Effects cannot be removed
explicitMods,Magic Utility Flasks cannot be Used,3,3,object:3,,Magic Utility Flasks cannot be Used
explicitMods,Maximum # Summoned Holy Relics,3,3,object:3,,Maximum 2 Summoned Holy Relics
explicitMods,Maximum # caught Projectiles,3,3,object:3,,Maximum 37 caught Projectiles
explicitMods,Maximum Brutal Charges is equal to Maximum Endurance Charges,3,3,object:3,,Maximum Brutal Charges is equal to Maximum Endurance Charges
explicitMods,Melee Strike Skills deal Splash Damage to surrounding targets,3,3,object:3,,Melee Strike Skills deal Splash Damage to surrounding targets
explicitMods,"Melee Weapon Damage Penetrates #% Elemental Resistances per Mana Burn, up to a maximum of #%",3,3,object:3,,"Melee Weapon Damage Penetrates 1% Elemental Resistances per Mana Burn, up to a maximum of 200%"
explicitMods,Melee Weapon Hits Inflict # Withered Debuffs for # seconds,3,3,object:3,,Melee Weapon Hits Inflict 2 Withered Debuffs for 2 seconds
explicitMods,Melee and Melee Weapon Type modifiers in Radius are Transformed to Bow Modifiers,3,3,object:3,,Melee and Melee Weapon Type modifiers in Radius are Transformed to Bow Modifiers
explicitMods,Mind Over Matter,3,3,object:3,,Mind Over Matter
explicitMods,Mines can be Detonated an additional time,3,3,object:3,,Mines can be Detonated an additional time
explicitMods,Minions convert #% of Physical Damage to Cold Damage,3,3,object:3,,Minions convert 50% of Physical Damage to Cold Damage
explicitMods,"Minions created by Supported Skills gain Wakened Fury and Adrenaline for #% of their Duration, up to a maximum of # seconds\nWakened Fury grants #% to Critical Strike Chance\nWakened Fury grants #% to Critical Strike Multiplier",3,3,object:3,,"Minions created by Supported Skills gain Wakened Fury and Adrenaline for 10% of their Duration, up t"
explicitMods,Minions deal #% increased Damage if you've used a Minion Skill Recently,3,3,object:3,,Minions deal 19% increased Damage if you've used a Minion Skill Recently
explicitMods,Minions deal no Non-Cold Damage,3,3,object:3,,Minions deal no Non-Cold Damage
explicitMods,Minions from Supported Skills deal # Fire Damage per second to Enemies near them,3,3,object:3,,Minions from Supported Skills deal 692.9 Fire Damage per second to Enemies near them
explicitMods,Minions from Supported Skills have # metres to Radius of their Burning Effect,3,3,object:3,,Minions from Supported Skills have +0.3 metres to Radius of their Burning Effect
explicitMods,Minions from Supported Skills take #% of their Maximum Life as Fire Damage per second,3,3,object:3,,Minions from Supported Skills take 40% of their Maximum Life as Fire Damage per second
explicitMods,Minions gain #% of Physical Damage as Extra Fire Damage,3,3,object:3,mutated=True:3,Minions gain 40% of Physical Damage as Extra Fire Damage
explicitMods,Minions gain added Resistances equal to #% of your Resistances,3,3,object:3,,Minions gain added Resistances equal to 50% of your Resistances
explicitMods,Minions have # to Accuracy Rating,3,3,object:3,,Minions have +97 to Accuracy Rating
explicitMods,Minions have #% less Maximum Life,3,3,object:3,,Minions have 50% less Maximum Life
explicitMods,Minions have Unholy Might,3,3,object:3,mutated=True:3,Minions have Unholy Might
explicitMods,Modifiers to Minimum Endurance Charges instead apply to Minimum Brutal Charges,3,3,object:3,,Modifiers to Minimum Endurance Charges instead apply to Minimum Brutal Charges
explicitMods,Modifiers to number of Projectiles instead apply to the number of Explosions,3,3,object:3,,Modifiers to number of Projectiles instead apply to the number of Explosions
explicitMods,Modifiers to number of Projectiles only apply to the Shards,3,3,object:3,,Modifiers to number of Projectiles only apply to the Shards
explicitMods,Modifies a Map item adding layers of Delirium with the Armour reward type,3,3,object:3,,Modifies a Map item adding layers of Delirium with the Armour reward type
explicitMods,Modifies a Map item adding layers of Delirium with the Trinkets reward type,3,3,object:3,,Modifies a Map item adding layers of Delirium with the Trinkets reward type
explicitMods,Monsters guarding Ore Deposits in Area are at least Magic,3,3,object:2;string:1,,Monsters guarding Ore Deposits in Area are at least Magic
explicitMods,Monsters inflict # Grasping Vines on Hit,3,3,object:3,,Monsters inflict 2 Grasping Vines on Hit
explicitMods,"More Attack modifiers\nFewer Caster modifiers",3,3,object:3,,"More Attack modifiers\nFewer Caster modifiers"
explicitMods,"More Minion, Aura or Curse modifiers",3,3,object:3,,"More Minion, Aura or Curse modifiers"
explicitMods,"More Speed modifiers\nNo Mana modifiers",3,3,object:3,,"More Speed modifiers\nNo Mana modifiers"
explicitMods,Moving while Bleeding doesn't cause you to take extra Damage,3,3,object:3,,Moving while Bleeding doesn't cause you to take extra Damage
explicitMods,Nearby Allies have # Fortification,3,3,object:3,,Nearby Allies have +10 Fortification
explicitMods,Nearby Allies have #% increased Item Rarity,3,3,object:3,,Nearby Allies have 30% increased Item Rarity
explicitMods,Nearby Allies have #% to Critical Strike Multiplier,3,3,object:3,,Nearby Allies have +50% to Critical Strike Multiplier
explicitMods,Nearby Allies have Culling Strike,3,3,object:3,,Nearby Allies have Culling Strike
explicitMods,Nearby Enemies are Blinded while Physical Aegis is not depleted,3,3,object:3,,Nearby Enemies are Blinded while Physical Aegis is not depleted
explicitMods,Nearby Enemies are Scorched,3,3,object:3,,Nearby Enemies are Scorched
explicitMods,Non-Chilled Enemies you inflict Bleeding on are Chilled,3,3,object:3,,Non-Chilled Enemies you inflict Bleeding on are Chilled
explicitMods,Non-Instant Warcries ignore their Cooldown when Used,3,3,object:3,,Non-Instant Warcries ignore their Cooldown when Used
explicitMods,Non-final [ContainsAbyss|Abyss] Pits in Area create an [AbyssalCrystal|Abyssal Crystal] on closing,3,3,object:3,,Non-final [ContainsAbyss|Abyss] Pits in Area create an [AbyssalCrystal|Abyssal Crystal] on closing
explicitMods,Notable Passive Skills in Radius are Transformed to\ninstead grant: Minions take #% increased Damage,3,3,object:3,,Notable Passive Skills in Radius are Transformed to\ninstead grant: Minions take 20% increased Damag
explicitMods,Offering Skills have #% reduced Duration,3,3,object:3,,Offering Skills have 50% reduced Duration
explicitMods,"On Killing a Poisoned Enemy, Enemies within # metres are Poisoned, and you and\nAllies Regenerate # Life per second for the Poison's duration if within # metres",3,3,object:3,,"On Killing a Poisoned Enemy, Enemies within 3 metres are Poisoned, and you and\nAllies Regenerate 40"
explicitMods,Only affects Passives in Medium Ring,3,3,object:3,,Only affects Passives in Medium Ring
explicitMods,Penetrates #% Fire Resistance,3,3,object:3,,Penetrates 31% Fire Resistance
explicitMods,Physical Thorns,3,3,object:3,,Physical Thorns
explicitMods,Players are Cursed with Conductivity,3,3,object:3,,Players are Cursed with Conductivity
explicitMods,Players are Cursed with Despair,3,3,object:3,,Players are Cursed with Despair
explicitMods,"Players in Area gain increased Item Rarity for each Monster\nslain, up to #%, decaying over time",3,3,object:2;string:1,,"Players in Area gain increased Item Rarity for each Monster\nslain, up to 400%, decaying over time"
explicitMods,Point Blank,3,3,object:3,,Point Blank
explicitMods,Poisons you inflict deal Damage #% faster,3,3,object:3,,Poisons you inflict deal Damage 25% faster
explicitMods,Prevent #% of Suppressed Spell Damage,3,3,object:3,,Prevent +3% of Suppressed Spell Damage
explicitMods,Projectiles Pierce # additional Targets,3,3,object:3,,Projectiles Pierce 2 additional Targets
explicitMods,Projectiles Return to you,3,3,object:3,,Projectiles Return to you
explicitMods,Projectiles can Chain from any number of additional targets in Close Range,3,3,object:3,,Projectiles can Chain from any number of additional targets in Close Range
explicitMods,Projectiles cannot Split,3,3,object:3,,Projectiles cannot Split
explicitMods,Projectiles cannot collide with Enemies in Close Range,3,3,object:3,,Projectiles cannot collide with Enemies in Close Range
explicitMods,Proximity Shield,3,3,object:3,,Proximity Shield
explicitMods,Putrid Flight,3,3,object:3,,Putrid Flight
explicitMods,Raised Zombies deal #% more Physical Damage,3,3,object:3,,Raised Zombies deal 81% more Physical Damage
explicitMods,Raised Zombies have # to maximum Life,3,3,object:3,,Raised Zombies have +5000 to maximum Life
explicitMods,Raised Zombies have #% to all Resistances,3,3,object:3,,Raised Zombies have +29% to all Resistances
explicitMods,Randomises the values of the random modifiers on an item,3,3,object:3,,Randomises the values of the random modifiers on an item
explicitMods,Rare Monsters in Area have a quarter chance to be Possessed by up to # Tormented Spirits,3,3,object:3,,Rare Monsters in Area have a quarter chance to be Possessed by up to 3 Tormented Spirits
explicitMods,Raven Caller,3,3,object:3,,Raven Caller
explicitMods,Recover #% of Life when you Ignite an Enemy,3,3,object:3,,Recover 1% of Life when you Ignite an Enemy
explicitMods,Recover #% of Life when you lose a Spirit Charge,3,3,object:3,,Recover 5% of Life when you lose a Spirit Charge
explicitMods,Reflects # to # Physical Damage to Melee Attackers,3,3,object:3,,Reflects 100 to 150 Physical Damage to Melee Attackers
explicitMods,Reforges a unique equipment as another of the same item class,3,3,object:3,,Reforges a unique equipment as another of the same item class
explicitMods,Regenerate # Life per Second while on Low Life,3,3,object:3,,Regenerate 100 Life per Second while on Low Life
explicitMods,Regenerate # Life per second for each affected Enemy,3,3,object:3,,Regenerate 1.3 Life per second for each affected Enemy
explicitMods,Regenerate # Life per second while any Enemy is affected,3,3,object:3,,Regenerate 12.7 Life per second while any Enemy is affected
explicitMods,Regenerate # Mana per second for each affected Enemy,3,3,object:3,,Regenerate 0.3 Mana per second for each affected Enemy
explicitMods,Regenerate # Mana per second while any Enemy is affected,3,3,object:3,,Regenerate 2.9 Mana per second while any Enemy is affected
explicitMods,Removes a random modifier and adds a random Veiled modifier to a rare item,3,3,object:3,,Removes a random modifier and adds a random Veiled modifier to a rare item
explicitMods,Returning Projectiles Pierce all Targets,3,3,object:3,,Returning Projectiles Pierce all Targets
explicitMods,Returning Projectiles deal #% less Damage with Hits and Ailments,3,3,object:3,,Returning Projectiles deal 75% less Damage with Hits and Ailments
explicitMods,Right Ring slot: Cover Enemies in Frost for # seconds when you Freeze them,3,3,object:3,,Right Ring slot: Cover Enemies in Frost for 5 seconds when you Freeze them
explicitMods,Skills fire # additional Projectiles if you've been Hit Recently,3,3,object:3,,Skills fire 2 additional Projectiles if you've been Hit Recently
explicitMods,Socketed Gems are Supported by Level # Added Lightning Damage,3,3,object:3,,Socketed Gems are Supported by Level 30 Added Lightning Damage
explicitMods,Socketed Gems are supported by Level # Chance to Bleed,3,3,object:3,,Socketed Gems are supported by Level 1 Chance to Bleed
explicitMods,Socketed Gems have #% less Mana Cost,3,3,object:3,,Socketed Gems have 50% less Mana Cost
explicitMods,Socketed Non-Channelling Bow Skills are Triggered by Snipe\nSocketed Triggered Bow Skills gain a # second Cooldown,3,3,object:3,,Socketed Non-Channelling Bow Skills are Triggered by Snipe\nSocketed Triggered Bow Skills gain a 0.0
explicitMods,Socketed Projectile Spells deal #% more Damage with Hits,3,3,object:3,,Socketed Projectile Spells deal 150% more Damage with Hits
explicitMods,Socketed Projectile Spells fire # additional Projectiles,3,3,object:3,,Socketed Projectile Spells fire 4 additional Projectiles
explicitMods,Socketed Projectile Spells fire Projectiles in a circle,3,3,object:3,,Socketed Projectile Spells fire Projectiles in a circle
explicitMods,Socketed Projectile Spells have # seconds to Cooldown,3,3,object:3,,Socketed Projectile Spells have +4 seconds to Cooldown
explicitMods,Socketed Projectile Spells have #% less Skill Effect Duration,3,3,object:3,,Socketed Projectile Spells have 80% less Skill Effect Duration
explicitMods,Spells have a #% chance to deal Double Damage,3,3,object:3,,Spells have a 12% chance to deal Double Damage
explicitMods,Spreads Tar when you Block,3,3,object:3,,Spreads Tar when you Block
explicitMods,Substitutes Monster Packs in Area\nPack Leader Empowers Map Bosses\nwith Wildwood Wisps when slain,3,3,object:3,,Substitutes Monster Packs in Area\nPack Leader Empowers Map Bosses\nwith Wildwood Wisps when slain
explicitMods,Substitutes Monster Packs in Area\nPack Monsters are Harmless Toads,3,3,object:3,,Substitutes Monster Packs in Area\nPack Monsters are Harmless Toads
explicitMods,Substitutes Monster Packs in Area\nPack has single Monster\nMonster has greatly increased Life,3,3,object:3,,Substitutes Monster Packs in Area\nPack has single Monster\nMonster has greatly increased Life
explicitMods,Sulphite found in Map Area releases Enraging Fumes\nMonsters affected by Enraging Fumes have #% increased Item Quantity\nSulphite in your maps is guarded by Monsters from the Azurite Mine,3,3,object:2;string:1,,Sulphite found in Map Area releases Enraging Fumes\nMonsters affected by Enraging Fumes have 50% inc
explicitMods,Summon Skitterbots also summons a Scorching Skitterbot,3,3,object:3,,Summon Skitterbots also summons a Scorching Skitterbot
explicitMods,Summoned Golems are Aggressive,3,3,object:3,,Summoned Golems are Aggressive
explicitMods,Summoned Skitterbots' Auras affect you as well as Enemies,3,3,object:3,,Summoned Skitterbots' Auras affect you as well as Enemies
explicitMods,Summons # Skeleton Archers,3,3,object:3,,Summons 3 Skeleton Archers
explicitMods,Supported Skills can only be used with Wands,3,3,object:3,,Supported Skills can only be used with Wands
explicitMods,Supported Skills deal #% increased Damage per Frenzy Charge,3,3,object:3,,Supported Skills deal 2% increased Damage per Frenzy Charge
explicitMods,Supported Skills deal #% increased Damage with Hits against Enemies that are on Low Life,3,3,object:3,,Supported Skills deal 20% increased Damage with Hits against Enemies that are on Low Life
explicitMods,Supported Skills deal #% less Damage when used by Sacred Wisps,3,3,object:3,,Supported Skills deal 50% less Damage when used by Sacred Wisps
explicitMods,Supported Skills deal #% more Damage while on Full Energy Shield,3,3,object:3,,Supported Skills deal 23% more Damage while on Full Energy Shield
explicitMods,Supported Skills deal #% more Damage with Hits and Ailments against Enemies on Low Life,3,3,object:3,,Supported Skills deal 49% more Damage with Hits and Ailments against Enemies on Low Life
explicitMods,Supported Skills have # metres to Melee Strike Range,3,3,object:3,,Supported Skills have +0.3 metres to Melee Strike Range
explicitMods,Supported Skills have #% chance to Crush Enemies for # seconds on Hit,3,3,object:3,,Supported Skills have 10% chance to Crush Enemies for 4 seconds on Hit
explicitMods,Supported Skills have #% increased Area of Effect while Dead,3,3,object:3,,Supported Skills have 60% increased Area of Effect while Dead
explicitMods,Supported Skills have #% increased Hex Transfer range,3,3,object:3,,Supported Skills have 4% increased Hex Transfer range
explicitMods,Supported Skills have #% less Attached Duration,3,3,object:3,,Supported Skills have 65% less Attached Duration
explicitMods,Supported Skills have #% less Detached Duration,3,3,object:3,,Supported Skills have 65% less Detached Duration
explicitMods,Supported Skills have #% more Activation frequency,3,3,object:3,,Supported Skills have 32% more Activation frequency
explicitMods,Supported Skills have #% of Damage Leeched as Energy Shield,3,3,object:3,,Supported Skills have 1.8% of Damage Leeched as Energy Shield
explicitMods,Supported Skills have #% reduced Enemy Stun Threshold,3,3,object:3,,Supported Skills have 18% reduced Enemy Stun Threshold
explicitMods,Supported Skills will Trigger Summon Sacred Wisps on Hit,3,3,object:3,,Supported Skills will Trigger Summon Sacred Wisps on Hit
explicitMods,"Supported Skills' Projectile Attack Hits deal up to #% more Damage to targets at the start of their movement, dealing less Damage to targets as the projectile travels farther",3,3,object:3,,Supported Skills' Projectile Attack Hits deal up to 30% more Damage to targets at the start of their
explicitMods,Take # Fire Damage per Second while Flame-Touched,3,3,object:3,,Take 6000 Fire Damage per Second while Flame-Touched
explicitMods,"The Absence of Symmetry and Harmony is level #\nThe Eater of Worlds' full power is unleashed in The Absence of Symmetry and Harmony",3,3,object:2;string:1,,"The Absence of Symmetry and Harmony is level 85\nThe Eater of Worlds' full power is unleashed in Th"
explicitMods,"This Spell gains Intensity when you Cast it, to a maximum of #",3,3,object:3,,"This Spell gains Intensity when you Cast it, to a maximum of 3"
explicitMods,"This Spell loses # Intensity every # seconds while moving, or immediately if you teleport",3,3,object:3,,"This Spell loses 1 Intensity every 0.5 seconds while moving, or immediately if you teleport"
explicitMods,Trigger Level # Animate Guardian's Weapon when Animated Guardian Kills an Enemy,3,3,object:3,,Trigger Level 20 Animate Guardian's Weapon when Animated Guardian Kills an Enemy
explicitMods,"Trigger Level # Bone Offering, Flesh Offering, Spirit Offering every # seconds in sequence\nOffering Skills Triggered this way also affect you",3,3,object:3,,"Trigger Level 20 Bone Offering, Flesh Offering, Spirit Offering every 5 seconds in sequence\nOfferin"
explicitMods,"Trigger a Socketed Cold Spell on Melee Critical Strike, with a # second Cooldown",3,3,object:3,,"Trigger a Socketed Cold Spell on Melee Critical Strike, with a 0.25 second Cooldown"
explicitMods,Triggers Level # Physical Aegis when Equipped,3,3,object:3,,Triggers Level 20 Physical Aegis when Equipped
explicitMods,Ultimatum Encounters in Area will always lead to a Unique Boss if possible,3,3,object:3,,Ultimatum Encounters in Area will always lead to a Unique Boss if possible
explicitMods,Unaffected by Burning Ground,3,3,object:3,,Unaffected by Burning Ground
explicitMods,Unaffected by Damaging Ailments,3,3,object:3,,Unaffected by Damaging Ailments
explicitMods,Unholy Might during Effect,3,3,object:3,,Unholy Might during Effect
explicitMods,Unique Boss drops # additional Rare One Hand Swords,3,3,object:3,,Unique Boss drops 13 additional Rare One Hand Swords
explicitMods,Unique Boss drops divination cards,3,3,object:3,,Unique Boss drops divination cards
explicitMods,Unstable Breaches in Areas are #% faster for each Unstable Breach already opened\nMonsters from Unstable Breaches in Areas have increased Difficulty and Reward for\neach Unstable Breach already opened,3,3,object:3,,Unstable Breaches in Areas are 10% faster for each Unstable Breach already opened\nMonsters from Uns
explicitMods,Warcries Cost #% of Life,3,3,object:3,,Warcries Cost +15% of Life
explicitMods,"Will be Consumed when you use a Chromatic Orb\non an item to guarantee at least one Red, Green and Blue Socket",3,3,object:3,,"Will be Consumed when you use a Chromatic Orb\non an item to guarantee at least one Red, Green and B"
explicitMods,"With at least # Dexterity in Radius, Animate Weapon can Animate up to # Ranged Weapons",3,3,object:3,,"With at least 40 Dexterity in Radius, Animate Weapon can Animate up to 12 Ranged Weapons"
explicitMods,"With at least # Dexterity in Radius, Barrage fires an additional # projectiles simultaneously on the first and final attacks",3,3,object:3,,"With at least 40 Dexterity in Radius, Barrage fires an additional 6 projectiles simultaneously on th"
explicitMods,"With at least # Dexterity in Radius, Dual Strike has #% to Critical Strike\nMultiplier while wielding a Dagger",3,3,object:3,,"With at least 40 Dexterity in Radius, Dual Strike has +27% to Critical Strike\nMultiplier while wiel"
explicitMods,"With at least # Dexterity in Radius, Frost Blades has #% increased Projectile Speed",3,3,object:3,,"With at least 40 Dexterity in Radius, Frost Blades has 25% increased Projectile Speed"
explicitMods,"With at least # Dexterity in Radius, Ice Shot Pierces # additional Targets",3,3,object:3,,"With at least 40 Dexterity in Radius, Ice Shot Pierces 3 additional Targets"
explicitMods,"With at least # Dexterity in Radius, Ice Shot has #% increased Area of Effect",3,3,object:3,,"With at least 40 Dexterity in Radius, Ice Shot has 25% increased Area of Effect"
explicitMods,"With at least # Dexterity in Radius, Melee Damage\ndealt by Frost Blades Penetrates #% Cold Resistance",3,3,object:3,,"With at least 40 Dexterity in Radius, Melee Damage\ndealt by Frost Blades Penetrates 15% Cold Resist"
explicitMods,"With at least # Intelligence in Radius, Summon Skeletons can Summon up to # Skeleton Mages",3,3,object:3,,"With at least 40 Intelligence in Radius, Summon Skeletons can Summon up to 15 Skeleton Mages"
explicitMods,"With at least # Strength in Radius, Cleave has # metres to Radius per Nearby\nEnemy, up to a maximum of # metre",3,3,object:3,,"With at least 40 Strength in Radius, Cleave has +0.1 metres to Radius per Nearby\nEnemy, up to a max"
explicitMods,"With at least # Strength in Radius, Hits with Cleave Fortify",3,3,object:3,,"With at least 40 Strength in Radius, Hits with Cleave Fortify"
explicitMods,You and your Totems Regenerate #% of Life per second for each Summoned Totem,3,3,object:3,,You and your Totems Regenerate 0.5% of Life per second for each Summoned Totem
explicitMods,You are Chilled while you are Bleeding,3,3,object:3,,You are Chilled while you are Bleeding
explicitMods,You are at Maximum Chance to Block Attack Damage if you have not Blocked Recently,3,3,object:3,,You are at Maximum Chance to Block Attack Damage if you have not Blocked Recently
explicitMods,You can be Touched by Tormented Spirits,3,3,object:3,,You can be Touched by Tormented Spirits
explicitMods,You can have an Offering of each type,3,3,object:3,,You can have an Offering of each type
explicitMods,"You cannot have Non-Animated, Non-Manifested Minions",3,3,object:3,,"You cannot have Non-Animated, Non-Manifested Minions"
explicitMods,You gain Onslaught for # seconds on using a Vaal Skill,3,3,object:3,,You gain Onslaught for 5 seconds on using a Vaal Skill
explicitMods,You have Phasing while you have Cat's Stealth,3,3,object:3,,You have Phasing while you have Cat's Stealth
explicitMods,You take #% of Damage from Blocked Hits,3,3,object:3,,You take 20% of Damage from Blocked Hits
explicitMods,Your Chaos Damage can Ignite,3,3,object:3,mutated=True:1,Your Chaos Damage can Ignite
explicitMods,Your Elemental Damage can Shock,3,3,object:3,,Your Elemental Damage can Shock
explicitMods,Your Hexes can affect Hexproof Enemies,3,3,object:3,,Your Hexes can affect Hexproof Enemies
explicitMods,Your Maps have #% chance to contain an Ultimatum Encounter,3,3,object:3,,Your Maps have +21% chance to contain an Ultimatum Encounter
explicitMods,Your Maximum Frenzy Charges is equal to your Maximum Power Charges,3,3,object:3,,Your Maximum Frenzy Charges is equal to your Maximum Power Charges
explicitMods,Your Skills that throw Mines reserve Life instead of Mana,3,3,object:3,,Your Skills that throw Mines reserve Life instead of Mana
explicitMods,Your nearby party members maximum Endurance Charges is equal to yours,3,3,object:3,,Your nearby party members maximum Endurance Charges is equal to yours
explicitMods,[ContainsAbyss|Abyss] Chasms in Area spawn #% increased Monsters per fed [AbyssFedSoul|Soul],3,3,object:3,,[ContainsAbyss|Abyss] Chasms in Area spawn 100% increased Monsters per fed [AbyssFedSoul|Soul]
explicitMods, ,2,2,object:1;string:1,,
explicitMods,# Added Passive Skill is Ancestral Echo,2,2,object:2,,1 Added Passive Skill is Ancestral Echo
explicitMods,# Added Passive Skill is Ancestral Guidance,2,2,object:2,,1 Added Passive Skill is Ancestral Guidance
explicitMods,# Added Passive Skill is Ancestral Might,2,2,object:2,,1 Added Passive Skill is Ancestral Might
explicitMods,# Added Passive Skill is Antivenom,2,2,object:2,,1 Added Passive Skill is Antivenom
explicitMods,# Added Passive Skill is Arcane Adept,2,2,object:2,,1 Added Passive Skill is Arcane Adept
explicitMods,# Added Passive Skill is Blanketed Snow,2,2,object:2,,1 Added Passive Skill is Blanketed Snow
explicitMods,# Added Passive Skill is Blowback,2,2,object:2,,1 Added Passive Skill is Blowback
explicitMods,# Added Passive Skill is Bodyguards,2,2,object:2,,1 Added Passive Skill is Bodyguards
explicitMods,# Added Passive Skill is Calamitous,2,2,object:2,,1 Added Passive Skill is Calamitous
explicitMods,# Added Passive Skill is Chilling Presence,2,2,object:2,,1 Added Passive Skill is Chilling Presence
explicitMods,# Added Passive Skill is Cold-Blooded Killer,2,2,object:2,,1 Added Passive Skill is Cold-Blooded Killer
explicitMods,# Added Passive Skill is Conjured Wall,2,2,object:2,,1 Added Passive Skill is Conjured Wall
explicitMods,# Added Passive Skill is Doedre's Apathy,2,2,object:2,,1 Added Passive Skill is Doedre's Apathy
explicitMods,# Added Passive Skill is Essence Rush,2,2,object:2,,1 Added Passive Skill is Essence Rush
explicitMods,# Added Passive Skill is Eternal Suffering,2,2,object:2,,1 Added Passive Skill is Eternal Suffering
explicitMods,# Added Passive Skill is Eye of the Storm,2,2,object:2,,1 Added Passive Skill is Eye of the Storm
explicitMods,# Added Passive Skill is Force Multiplier,2,2,object:2,,1 Added Passive Skill is Force Multiplier
explicitMods,# Added Passive Skill is Furious Assault,2,2,object:2,,1 Added Passive Skill is Furious Assault
explicitMods,# Added Passive Skill is Haunting Shout,2,2,object:2,,1 Added Passive Skill is Haunting Shout
explicitMods,# Added Passive Skill is Heart of Iron,2,2,object:2,,1 Added Passive Skill is Heart of Iron
explicitMods,# Added Passive Skill is Heavy Hitter,2,2,object:2,,1 Added Passive Skill is Heavy Hitter
explicitMods,# Added Passive Skill is Hibernator,2,2,object:2,,1 Added Passive Skill is Hibernator
explicitMods,# Added Passive Skill is Insatiable Killer,2,2,object:2,,1 Added Passive Skill is Insatiable Killer
explicitMods,# Added Passive Skill is Inspired Oppression,2,2,object:2,,1 Added Passive Skill is Inspired Oppression
explicitMods,# Added Passive Skill is Lead By Example,2,2,object:2,,1 Added Passive Skill is Lead By Example
explicitMods,# Added Passive Skill is Low Tolerance,2,2,object:2,,1 Added Passive Skill is Low Tolerance
explicitMods,# Added Passive Skill is Martial Momentum,2,2,object:2,,1 Added Passive Skill is Martial Momentum
explicitMods,# Added Passive Skill is Misery Everlasting,2,2,object:2,,1 Added Passive Skill is Misery Everlasting
explicitMods,# Added Passive Skill is Mob Mentality,2,2,object:2,,1 Added Passive Skill is Mob Mentality
explicitMods,# Added Passive Skill is Overshock,2,2,object:2,,1 Added Passive Skill is Overshock
explicitMods,# Added Passive Skill is Peace Amidst Chaos,2,2,object:2,,1 Added Passive Skill is Peace Amidst Chaos
explicitMods,# Added Passive Skill is Powerful Assault,2,2,object:2,,1 Added Passive Skill is Powerful Assault
explicitMods,# Added Passive Skill is Practiced Caster,2,2,object:2,,1 Added Passive Skill is Practiced Caster
explicitMods,# Added Passive Skill is Prismatic Dance,2,2,object:2,,1 Added Passive Skill is Prismatic Dance
explicitMods,# Added Passive Skill is Pure Guile,2,2,object:2,,1 Added Passive Skill is Pure Guile
explicitMods,# Added Passive Skill is Pure Might,2,2,object:2,,1 Added Passive Skill is Pure Might
explicitMods,# Added Passive Skill is Rattling Bellow,2,2,object:2,,1 Added Passive Skill is Rattling Bellow
explicitMods,# Added Passive Skill is Rend,2,2,object:2,,1 Added Passive Skill is Rend
explicitMods,# Added Passive Skill is Run Through,2,2,object:2,,1 Added Passive Skill is Run Through
explicitMods,# Added Passive Skill is Sage,2,2,object:2,,1 Added Passive Skill is Sage
explicitMods,# Added Passive Skill is Scintillating Idea,2,2,object:2,,1 Added Passive Skill is Scintillating Idea
explicitMods,# Added Passive Skill is Set and Forget,2,2,object:2,,1 Added Passive Skill is Set and Forget
explicitMods,# Added Passive Skill is Shrieking Bolts,2,2,object:2,,1 Added Passive Skill is Shrieking Bolts
explicitMods,# Added Passive Skill is Spring Back,2,2,object:2,,1 Added Passive Skill is Spring Back
explicitMods,# Added Passive Skill is Storm Drinker,2,2,object:2,,1 Added Passive Skill is Storm Drinker
explicitMods,# Added Passive Skill is Sublime Form,2,2,object:2,,1 Added Passive Skill is Sublime Form
explicitMods,# Added Passive Skill is Surging Vitality,2,2,object:2,,1 Added Passive Skill is Surging Vitality
explicitMods,# Added Passive Skill is Thunderstruck,2,2,object:2,,1 Added Passive Skill is Thunderstruck
explicitMods,# Added Passive Skill is Titanic Swings,2,2,object:2,,1 Added Passive Skill is Titanic Swings
explicitMods,# Added Passive Skill is Towering Threat,2,2,object:2,,1 Added Passive Skill is Towering Threat
explicitMods,# Added Passive Skill is Untouchable,2,2,object:2,,1 Added Passive Skill is Untouchable
explicitMods,# Added Passive Skill is Vivid Hues,2,2,object:2,,1 Added Passive Skill is Vivid Hues
explicitMods,# Added Passive Skill is Warning Call,2,2,object:2,,1 Added Passive Skill is Warning Call
explicitMods,"# Blades fall per Volley, which will then Linger in the ground",2,2,object:2,,"5 Blades fall per Volley, which will then Linger in the ground"
explicitMods,# Fire Damage taken from Hits per Mana Burn,2,2,object:2,,-1 Fire Damage taken from Hits per Mana Burn
explicitMods,# Lightning Damage taken per second per Power Charge if\nyour Skills have dealt a Critical Strike Recently,2,2,object:2,,300 Lightning Damage taken per second per Power Charge if\nyour Skills have dealt a Critical Strike
explicitMods,# Maximum Energy Shield per Level,2,2,object:2,,+2 Maximum Energy Shield per Level
explicitMods,# Maximum Void Charges,2,2,object:2,,5 Maximum Void Charges
explicitMods,# Strength and Intelligence Requirement,2,2,object:2,,+600 Strength and Intelligence Requirement
explicitMods,"# metres to radius per Nearby Enemy, up to a maximum of # metre",2,2,object:2,,"+0.1 metres to radius per Nearby Enemy, up to a maximum of +1 metre"
explicitMods,# seconds to Lockdown Timer,2,2,object:2,,+2 seconds to Lockdown Timer
explicitMods,# to # Added Attack Chaos Damage per # Maximum Mana,2,2,object:2,,9 to 20 Added Attack Chaos Damage per 100 Maximum Mana
explicitMods,# to # Added Cold Damage with Staff Attacks,2,2,object:2,,4 to 10 Added Cold Damage with Staff Attacks
explicitMods,# to # Added Fire Damage with Claw Attacks,2,2,object:2,,12 to 21 Added Fire Damage with Claw Attacks
explicitMods,# to # Added Lightning Damage with Axe Attacks,2,2,object:2,,2 to 24 Added Lightning Damage with Axe Attacks
explicitMods,# to # Added Physical Damage with Mace or Sceptre Attacks,2,2,object:2,,4 to 5 Added Physical Damage with Mace or Sceptre Attacks
explicitMods,# to # Added Physical Damage with Sword Attacks,2,2,object:2,fractured=True:1,4 to 6 Added Physical Damage with Sword Attacks
explicitMods,# to # Added Spell Chaos Damage while holding a Shield,2,2,object:2,,11 to 13 Added Spell Chaos Damage while holding a Shield
explicitMods,# to # Added Spell Fire Damage while Dual Wielding,2,2,object:2,,24 to 29 Added Spell Fire Damage while Dual Wielding
explicitMods,# to # Added Spell Lightning Damage while wielding a Two Handed Weapon,2,2,object:2,,1 to 6 Added Spell Lightning Damage while wielding a Two Handed Weapon
explicitMods,# to Level of Socketed Chaos Gems,2,2,object:2,,+2 to Level of Socketed Chaos Gems
explicitMods,# to Level of Socketed Herald Gems,2,2,object:2,,+2 to Level of Socketed Herald Gems
explicitMods,# to Level of Supported Lightning Skill Gems,2,2,object:2,,+1 to Level of Supported Lightning Skill Gems
explicitMods,# to Level of Supported Minion Skill Gems,2,2,object:2,,+1 to Level of Supported Minion Skill Gems
explicitMods,# to Level of Supported Physical Skill Gems,2,2,object:2,,+1 to Level of Supported Physical Skill Gems
explicitMods,# to Level of all Freezing Pulse Gems,2,2,object:2,,+3 to Level of all Freezing Pulse Gems
explicitMods,# to Level of all Ice Spear Gems,2,2,object:2,,+3 to Level of all Ice Spear Gems
explicitMods,# to Level of all Intelligence Skill Gems,2,2,object:2,,+1 to Level of all Intelligence Skill Gems
explicitMods,# to Level of all Physical Skill Gems,2,2,object:2,,+1 to Level of all Physical Skill Gems
explicitMods,# to Level of all [Spell|Spell] Skills,2,2,object:2,,+1 to Level of all [Spell|Spell] Skills
explicitMods,# to Maximum Life per # Dexterity,2,2,object:2,,+2 to Maximum Life per 10 Dexterity
explicitMods,# to Maximum Rage,2,2,object:2,,+5 to Maximum Rage
explicitMods,# to [Armour|Armour],2,2,object:2,,+25 to [Armour|Armour]
explicitMods,# to [StunThreshold|Stun Threshold],2,2,object:2,,+36 to [StunThreshold|Stun Threshold]
explicitMods,# to maximum Divine Charges,2,2,object:2,,+10 to maximum Divine Charges
explicitMods,# to maximum Fortification,2,2,object:2,,+3 to maximum Fortification
explicitMods,# to maximum Stages,2,2,object:2,,+2 to maximum Stages
explicitMods,# to maximum [EnergyShield|Energy Shield],2,2,object:2,,+29 to maximum [EnergyShield|Energy Shield]
explicitMods,# to maximum number of Raised Spectres per Socketed Ghastly Eye Jewel,2,2,object:2,,+1 to maximum number of Raised Spectres per Socketed Ghastly Eye Jewel
explicitMods,# to maximum number of Summoned Golems if you have # Primordial Items Socketed or Equipped,2,2,object:2,,+1 to maximum number of Summoned Golems if you have 3 Primordial Items Socketed or Equipped
explicitMods,#% Chance for Traps to Trigger an additional time,2,2,object:2,,10% Chance for Traps to Trigger an additional time
explicitMods,#% Chance to Block Attack Damage if you have Blocked Attack Damage Recently,2,2,object:2,,+6% Chance to Block Attack Damage if you have Blocked Attack Damage Recently
explicitMods,#% Chance to Block Attack Damage while affected by Determination,2,2,object:2,,+8% Chance to Block Attack Damage while affected by Determination
explicitMods,#% Chance to Block Attack Damage while not Cursed,2,2,object:2,,+10% Chance to Block Attack Damage while not Cursed
explicitMods,#% Chance to Block Spell Damage while Cursed,2,2,object:2,,+20% Chance to Block Spell Damage while Cursed
explicitMods,#% Chance to cause Bleeding Enemies to Flee on hit,2,2,object:2,,30% Chance to cause Bleeding Enemies to Flee on hit
explicitMods,#% Global Critical Strike Multiplier while you have a Frenzy Charge,2,2,object:2,,+31% Global Critical Strike Multiplier while you have a Frenzy Charge
explicitMods,#% additional Physical Damage Reduction against Abyssal Monsters,2,2,object:2,,4% additional Physical Damage Reduction against Abyssal Monsters
explicitMods,#% additional Physical Damage Reduction while moving,2,2,object:2,,5% additional Physical Damage Reduction while moving
explicitMods,#% chance for Elemental Resistances to count as being #% against Enemy Hits,2,2,object:2,,34% chance for Elemental Resistances to count as being 90% against Enemy Hits
explicitMods,#% chance for Impales on Enemies you Kill to Reflect Damage to surrounding Enemies,2,2,object:2,,50% chance for Impales on Enemies you Kill to Reflect Damage to surrounding Enemies
explicitMods,#% chance in Heists for Chromatic Orbs to drop as Jeweller's Orbs instead,2,2,object:2,,33% chance in Heists for Chromatic Orbs to drop as Jeweller's Orbs instead
explicitMods,#% chance in Heists for Chromatic Orbs to drop as Orbs of Fusing instead,2,2,object:2,,24% chance in Heists for Chromatic Orbs to drop as Orbs of Fusing instead
explicitMods,#% chance in Heists for Items to drop Identified,2,2,object:2,,8% chance in Heists for Items to drop Identified
explicitMods,#% chance in Heists for Orbs of Alteration to drop as Chaos Orbs instead,2,2,object:2,,7% chance in Heists for Orbs of Alteration to drop as Chaos Orbs instead
explicitMods,#% chance in Heists for Orbs of Augmentation to drop as Chaos Orbs instead,2,2,object:2,,6% chance in Heists for Orbs of Augmentation to drop as Chaos Orbs instead
explicitMods,#% chance in Heists for Orbs of Scouring to drop as Orbs of Regret instead,2,2,object:2,,15% chance in Heists for Orbs of Scouring to drop as Orbs of Regret instead
explicitMods,#% chance in Heists for Orbs of Transmutation to drop as Chaos Orbs instead,2,2,object:2,,3% chance in Heists for Orbs of Transmutation to drop as Chaos Orbs instead
explicitMods,#% chance on opening a Chest to not generate Alert Level,2,2,object:2,,5% chance on opening a Chest to not generate Alert Level
explicitMods,#% chance to Avoid Cold Damage from Hits,2,2,object:2,,7% chance to Avoid Cold Damage from Hits
explicitMods,#% chance to Avoid Physical Damage from Hits while Phasing,2,2,object:2,,+10% chance to Avoid Physical Damage from Hits while Phasing
explicitMods,#% chance to Avoid being Interrupted,2,2,object:2,,12% chance to Avoid being Interrupted
explicitMods,#% chance to Curse non-Cursed Enemies with a random Hex on Hit,2,2,object:2,,30% chance to Curse non-Cursed Enemies with a random Hex on Hit
explicitMods,#% chance to Maim Enemies on Critical Strike with Attacks,2,2,object:2,,50% chance to Maim Enemies on Critical Strike with Attacks
explicitMods,#% chance to Poison on Hit against Cursed Enemies,2,2,object:2,,60% chance to Poison on Hit against Cursed Enemies
explicitMods,#% chance to Scorch Enemies,2,2,object:2,,45% chance to Scorch Enemies
explicitMods,#% chance to Suppress Spell Damage per Frenzy Charge,2,2,object:2,,+2% chance to Suppress Spell Damage per Frenzy Charge
explicitMods,#% chance to Taunt Enemies on Hit with Attacks,2,2,object:2,,3% chance to Taunt Enemies on Hit with Attacks
explicitMods,"#% chance to Trigger Socketed Spell on Kill, with a # second Cooldown",2,2,object:2,,"20% chance to Trigger Socketed Spell on Kill, with a 0.5 second Cooldown"
explicitMods,#% chance to avoid Projectiles,2,2,object:2,mutated=True:1,25% chance to avoid Projectiles
explicitMods,#% chance to avoid being Stunned for each Herald Buff affecting you,2,2,object:2,,35% chance to avoid being Stunned for each Herald Buff affecting you
explicitMods,"#% chance to be Frozen, Shocked and Ignited",2,2,object:2,,"+10% chance to be Frozen, Shocked and Ignited"
explicitMods,#% chance to deal Double Damage while Focused,2,2,object:2,crafted=True:1,27% chance to deal Double Damage while Focused
explicitMods,#% chance to gain Adrenaline for # Seconds when Leech is\nremoved by Filling Unreserved Life,2,2,object:2,,10% chance to gain Adrenaline for 2 Seconds when Leech is\nremoved by Filling Unreserved Life
explicitMods,#% chance to gain Onslaught for # Seconds when Leech is\nremoved by Filling Unreserved Life,2,2,object:2,,10% chance to gain Onslaught for 4 Seconds when Leech is\nremoved by Filling Unreserved Life
explicitMods,#% chance to gain a Frenzy Charge for each Enemy you hit with a Critical Strike,2,2,object:2,,29% chance to gain a Frenzy Charge for each Enemy you hit with a Critical Strike
explicitMods,#% chance to gain a Frenzy Charge on Critical Strike at Close Range,2,2,object:2,,21% chance to gain a Frenzy Charge on Critical Strike at Close Range
explicitMods,#% chance to gain a Frenzy Charge when you Block,2,2,object:2,,22% chance to gain a Frenzy Charge when you Block
explicitMods,#% chance to gain a Power Charge when you Cast a Curse Spell,2,2,object:2,,10% chance to gain a Power Charge when you Cast a Curse Spell
explicitMods,#% chance to gain a Spirit Charge on Kill,2,2,object:2,,20% chance to gain a Spirit Charge on Kill
explicitMods,#% chance to inflict Bleeding on Critical Strike with Attacks,2,2,object:2,,50% chance to inflict Bleeding on Critical Strike with Attacks
explicitMods,#% chance to not generate Alert Level on opening a Chest using Agility,2,2,object:2,,5% chance to not generate Alert Level on opening a Chest using Agility
explicitMods,#% chance to not generate Alert Level on opening a Chest using Counter-Thaumaturgy,2,2,object:2,,5% chance to not generate Alert Level on opening a Chest using Counter-Thaumaturgy
explicitMods,#% chance to not generate Alert Level on opening a Chest using Deception,2,2,object:2,,4% chance to not generate Alert Level on opening a Chest using Deception
explicitMods,#% chance to not generate Alert Level on opening a Chest using Perception,2,2,object:2,,3% chance to not generate Alert Level on opening a Chest using Perception
explicitMods,#% chance to receive additional Armour items when opening a Reward Chest in a Heist,2,2,object:2,,5% chance to receive additional Armour items when opening a Reward Chest in a Heist
explicitMods,#% chance to receive additional Divination Card items when opening a Reward Chest in a Heist,2,2,object:2,,6% chance to receive additional Divination Card items when opening a Reward Chest in a Heist
explicitMods,#% chance to refresh Ignite Duration on Melee Weapon Hit,2,2,object:2,,20% chance to refresh Ignite Duration on Melee Weapon Hit
explicitMods,"#% increased Area of Effect per Enemy killed recently, up to #%",2,2,object:2,,"1% increased Area of Effect per Enemy killed recently, up to 50%"
explicitMods,#% increased Armour per # Strength when in Off Hand,2,2,object:2,,1% increased Armour per 16 Strength when in Off Hand
explicitMods,#% increased Armour while Bleeding,2,2,object:2,mutated=True:1,37% increased Armour while Bleeding
explicitMods,#% increased Attack Damage per # Armour,2,2,object:2,,1% increased Attack Damage per 450 Armour
explicitMods,#% increased Attack Damage while Dual Wielding,2,2,object:2,,12% increased Attack Damage while Dual Wielding
explicitMods,#% increased Attack Speed if you've Killed Recently,2,2,object:2,,20% increased Attack Speed if you've Killed Recently
explicitMods,#% increased Attack Speed if you've dealt a Critical Strike Recently,2,2,object:2,,8% increased Attack Speed if you've dealt a Critical Strike Recently
explicitMods,#% increased Attack Speed if you've taken a Savage Hit Recently,2,2,object:2,,40% increased Attack Speed if you've taken a Savage Hit Recently
explicitMods,#% increased Attack Speed with Claws,2,2,object:2,,8% increased Attack Speed with Claws
explicitMods,#% increased Attack and Cast Speed while Focused,2,2,object:2,,50% increased Attack and Cast Speed while Focused
explicitMods,#% increased Attribute Requirements,2,2,object:2,,400% increased Attribute Requirements
explicitMods,#% increased Bleeding Duration per # Intelligence,2,2,object:2,,1% increased Bleeding Duration per 12 Intelligence
explicitMods,#% increased Brand Damage per # Devotion,2,2,object:2,,4% increased Brand Damage per 10 Devotion
explicitMods,"#% increased Burning Damage for each time you have Shocked a Non-Shocked Enemy Recently, up to a maximum of #%",2,2,object:2,,"10% increased Burning Damage for each time you have Shocked a Non-Shocked Enemy Recently, up to a ma"
explicitMods,#% increased Charges,2,2,object:2,,26% increased Charges
explicitMods,#% increased Cold Damage per #% Cold Resistance above #%,2,2,object:2,,20% increased Cold Damage per 1% Cold Resistance above 75%
explicitMods,#% increased Cold Damage while affected by Hatred,2,2,object:2,,58% increased Cold Damage while affected by Hatred
explicitMods,#% increased Cooldown Recovery Rate of Travel Skills,2,2,object:2,,77% increased Cooldown Recovery Rate of Travel Skills
explicitMods,#% increased Cooldown Recovery Rate of Travel Skills per Frenzy Charge,2,2,object:2,,10% increased Cooldown Recovery Rate of Travel Skills per Frenzy Charge
explicitMods,#% increased Cost of Skills for each # total Mana Spent Recently,2,2,object:2,,51% increased Cost of Skills for each 200 total Mana Spent Recently
explicitMods,#% increased Counter-Thaumaturgy speed,2,2,object:2,,10% increased Counter-Thaumaturgy speed
explicitMods,#% increased Critical Strike Chance while area is not in Lockdown\nPlayers have #% increased Critical Strike Chance while area is not in Lockdown,2,2,object:2,,22% increased Critical Strike Chance while area is not in Lockdown\nPlayers have 22% increased Criti
explicitMods,#% increased Critical Strike Chance with Vaal Skills during effect,2,2,object:2,,79% increased Critical Strike Chance with Vaal Skills during effect
explicitMods,#% increased Critical Strike Chance with arrows that Fork,2,2,object:2,,180% increased Critical Strike Chance with arrows that Fork
explicitMods,#% increased Damage Over Time during Effect,2,2,object:2,,33% increased Damage Over Time during Effect
explicitMods,#% increased Damage during any Flask Effect,2,2,object:2,crafted=True:2,23% increased Damage during any Flask Effect
explicitMods,#% increased Damage per # Strength when in Main Hand,2,2,object:2,,1% increased Damage per 8 Strength when in Main Hand
explicitMods,#% increased Damage per Endurance Charge,2,2,object:2,crafted=True:1,4% increased Damage per Endurance Charge
explicitMods,#% increased Damage per Frenzy Charge,2,2,object:2,,6% increased Damage per Frenzy Charge
explicitMods,#% increased Damage per Power Charge,2,2,object:2,crafted=True:1,4% increased Damage per Power Charge
explicitMods,#% increased Damage with Bows,2,2,object:2,,15% increased Damage with Bows
explicitMods,#% increased Damage with Hits and Ailments against Cursed Enemies,2,2,object:2,,20% increased Damage with Hits and Ailments against Cursed Enemies
explicitMods,#% increased Damage with Vaal Skills during effect,2,2,object:2,,78% increased Damage with Vaal Skills during effect
explicitMods,#% increased Damage with Wands,2,2,object:2,fractured=True:1,16% increased Damage with Wands
explicitMods,#% increased Debuff Effect,2,2,object:2,,23% increased Debuff Effect
explicitMods,#% increased Deception Experience gained,2,2,object:2,,6% increased Deception Experience gained
explicitMods,#% increased Deception speed,2,2,object:2,,14% increased Deception speed
explicitMods,#% increased Defences,2,2,object:2,,40% increased Defences
explicitMods,#% increased Demolition Experience gained,2,2,object:2,,3% increased Demolition Experience gained
explicitMods,#% increased Effect of Non-Curse Auras from your Skills while you have a Linked Target,2,2,object:2,,34% increased Effect of Non-Curse Auras from your Skills while you have a Linked Target
explicitMods,#% increased Effect of non-Damaging Ailments on Enemies per # Devotion,2,2,object:2,,3% increased Effect of non-Damaging Ailments on Enemies per 10 Devotion
explicitMods,#% increased Effect of non-Keystone Passive Skills in Radius,2,2,object:2,,50% increased Effect of non-Keystone Passive Skills in Radius
explicitMods,#% increased Effect of your Marks,2,2,object:2,,15% increased Effect of your Marks
explicitMods,#% increased Elemental Damage taken,2,2,object:2,,42% increased Elemental Damage taken
explicitMods,#% increased Elemental Damage with Attack Skills per Power Charge,2,2,object:2,,20% increased Elemental Damage with Attack Skills per Power Charge
explicitMods,#% increased Elemental Damage with Hits and Ailments for\neach type of Elemental Ailment on Enemy,2,2,object:2,,38% increased Elemental Damage with Hits and Ailments for\neach type of Elemental Ailment on Enemy
explicitMods,#% increased Evasion Rating per # Maximum Mana,2,2,object:2,,2% increased Evasion Rating per 500 Maximum Mana
explicitMods,#% increased Evasion Rating while Phasing,2,2,object:2,,30% increased Evasion Rating while Phasing
explicitMods,"#% increased Experience Gain\n#% increased Reward progress from Monster Kills\nMonsters deal #% increased Damage\nMonsters have #% increased Toughness for each time they have been Revived\nMonsters gain #% increased Critical Strike Chance each time they are Revived\nMonsters gain #% to Critical Strike Multiplier each time they are Revived",2,2,object:2,,"10% increased Experience Gain\n20% increased Reward progress from Monster Kills\nMonsters deal 10%"
explicitMods,"#% increased Experience Gain\n#% increased Reward progress from Monster Kills\nMonsters deal #% increased Damage\nMonsters have #% increased Toughness for each time they have been Revived\nMonsters have #% increased Accuracy Rating for each time they have been Revived\nMonsters have #% increased Area of Effect for each time they have been Revived",2,2,object:2,,"10% increased Experience Gain\n20% increased Reward progress from Monster Kills\nMonsters deal 10%"
explicitMods,#% increased Lightning Damage per #% Lightning Resistance above #%,2,2,object:2,,20% increased Lightning Damage per 1% Lightning Resistance above 75%
explicitMods,"#% increased Main Hand Critical Strike Chance per\nMurderous Eye Jewel affecting you, up to a maximum of #%",2,2,object:2,,"40% increased Main Hand Critical Strike Chance per\nMurderous Eye Jewel affecting you, up to a maxim"
explicitMods,#% increased Maximum total Life Recovery per second from Leech,2,2,object:2,,10% increased Maximum total Life Recovery per second from Leech
explicitMods,#% increased Movement Speed while Bleeding,2,2,object:2,,20% increased Movement Speed while Bleeding
explicitMods,#% increased Orb Movement Speed,2,2,object:2,,46% increased Orb Movement Speed
explicitMods,#% increased Physical Attack Damage while Dual Wielding,2,2,object:2,,28% increased Physical Attack Damage while Dual Wielding
explicitMods,#% increased Physical Damage Over Time per # Dexterity,2,2,object:2,,2% increased Physical Damage Over Time per 10 Dexterity
explicitMods,#% increased Projectile Attack Damage during any Flask Effect,2,2,object:2,,30% increased Projectile Attack Damage during any Flask Effect
explicitMods,#% increased Scorching Ray beam length,2,2,object:2,,10% increased Scorching Ray beam length
explicitMods,#% increased Spell Critical Strike Chance per # Player Maximum Life,2,2,object:2,,5% increased Spell Critical Strike Chance per 100 Player Maximum Life
explicitMods,#% increased Spell Damage during any Flask Effect,2,2,object:2,,35% increased Spell Damage during any Flask Effect
explicitMods,"#% increased Spell Damage for each # total Mana you have Spent Recently, up to #%",2,2,object:2,,"22% increased Spell Damage for each 200 total Mana you have Spent Recently, up to 2000%"
explicitMods,#% increased Spell Damage per # Player Maximum Life,2,2,object:2,,5% increased Spell Damage per 100 Player Maximum Life
explicitMods,#% increased Totem Damage per # Devotion,2,2,object:2,,4% increased Totem Damage per 10 Devotion
explicitMods,#% increased Trap Disarmament Experience gained,2,2,object:2,,5% increased Trap Disarmament Experience gained
explicitMods,#% increased Trap Disarmament speed,2,2,object:2,,20% increased Trap Disarmament speed
explicitMods,#% increased Unveiled Modifier magnitudes,2,2,object:2,,68% increased Unveiled Modifier magnitudes
explicitMods,#% increased Volley frequency per # maximum Mana,2,2,object:2,,2% increased Volley frequency per 100 maximum Mana
explicitMods,#% increased [Armour|Armour] and [EnergyShield|Energy Shield],2,2,object:2,,16% increased [Armour|Armour] and [EnergyShield|Energy Shield]
explicitMods,#% increased [Attack] Speed,2,2,object:2,,7% increased [Attack] Speed
explicitMods,#% increased [ItemRarity|Rarity of Items] found,2,2,object:2,,13% increased [ItemRarity|Rarity of Items] found
explicitMods,#% increased angle,2,2,object:2,,100% increased angle
explicitMods,#% increased effect of Area Suffix Modifiers\nArea Prefix Modifiers have no effect,2,2,object:2,,100% increased effect of Area Suffix Modifiers\nArea Prefix Modifiers have no effect
explicitMods,#% increased effect of Offerings,2,2,object:2,,18% increased effect of Offerings
explicitMods,#% increased maximum Life and reduced Fire Resistance,2,2,object:2,,31% increased maximum Life and reduced Fire Resistance
explicitMods,#% less Ignite Duration,2,2,object:2,,50% less Ignite Duration
explicitMods,#% less Physical and Chaos Damage Taken while Sane,2,2,object:2,,35% less Physical and Chaos Damage Taken while Sane
explicitMods,#% more Area Damage,2,2,object:2,,750% more Area Damage
explicitMods,#% more Area of Effect when Cast on Frostbolt,2,2,object:2,,50% more Area of Effect when Cast on Frostbolt
explicitMods,#% more Area of Effect while in Sand Stance,2,2,object:2,,80% more Area of Effect while in Sand Stance
explicitMods,#% more Critical Strike Chance while Insane,2,2,object:2,,46% more Critical Strike Chance while Insane
explicitMods,#% more Damage when Cast on Frostbolt,2,2,object:2,,50% more Damage when Cast on Frostbolt
explicitMods,#% of Attack Damage Leeched as Mana per Power Charge,2,2,object:2,,0.2% of Attack Damage Leeched as Mana per Power Charge
explicitMods,#% of Chaos Damage taken Recouped as Life,2,2,object:2,mutated=True:2,50% of Chaos Damage taken Recouped as Life
explicitMods,#% of Damage from Hits is taken from Void Spawns' Life before you per Void Spawn,2,2,object:2,,4% of Damage from Hits is taken from Void Spawns' Life before you per Void Spawn
explicitMods,#% of Damage from Hits is taken from your nearest Totem's Life before you,2,2,object:2,,3% of Damage from Hits is taken from your nearest Totem's Life before you
explicitMods,#% of Elemental Damage from Hits taken as Chaos Damage,2,2,object:2,,25% of Elemental Damage from Hits taken as Chaos Damage
explicitMods,#% of Fire Damage Leeched as Life while Ignited,2,2,object:2,,2% of Fire Damage Leeched as Life while Ignited
explicitMods,#% of Life Regenerated per second per Fragile Regrowth,2,2,object:2,,0.7% of Life Regenerated per second per Fragile Regrowth
explicitMods,#% of Physical Attack Damage Leeched by Enemy as Life,2,2,object:2,,0.78% of Physical Attack Damage Leeched by Enemy as Life
explicitMods,#% of Physical Damage Converted to Cold Damage while affected by Hatred,2,2,object:2,,37% of Physical Damage Converted to Cold Damage while affected by Hatred
explicitMods,#% reduced Character Size,2,2,object:2,,10% reduced Character Size
explicitMods,#% reduced Duration of Curses on you,2,2,object:2,,50% reduced Duration of Curses on you
explicitMods,#% reduced Duration of Elemental Ailments on Enemies,2,2,object:2,,20% reduced Duration of Elemental Ailments on Enemies
explicitMods,#% reduced Effect of Shock on you,2,2,object:2,,33% reduced Effect of Shock on you
explicitMods,#% reduced Elemental Damage taken while stationary,2,2,object:2,,5% reduced Elemental Damage taken while stationary
explicitMods,#% reduced Fire Damage,2,2,object:2,,26% reduced Fire Damage
explicitMods,#% reduced Fire Resistance,2,2,object:2,,67% reduced Fire Resistance
explicitMods,#% reduced Flask Effect Duration per Level,2,2,object:2,,2% reduced Flask Effect Duration per Level
explicitMods,#% reduced Mana Cost of Raise Spectre,2,2,object:2,,43% reduced Mana Cost of Raise Spectre
explicitMods,#% reduced Mana Recovery Rate per # Intelligence on Unallocated Passives in Radius,2,2,object:2,,2% reduced Mana Recovery Rate per 10 Intelligence on Unallocated Passives in Radius
explicitMods,#% reduced Movement Speed when on Low Life,2,2,object:2,,40% reduced Movement Speed when on Low Life
explicitMods,#% reduced Trap Throwing Speed while wielding a Two Handed Weapon,2,2,object:2,,25% reduced Trap Throwing Speed while wielding a Two Handed Weapon
explicitMods,#% to Critical Strike Chance against Enemies on Consecrated Ground during Effect,2,2,object:2,,+1.88% to Critical Strike Chance against Enemies on Consecrated Ground during Effect
explicitMods,#% to Critical Strike Chance per Power Charge,2,2,object:2,,+0.3% to Critical Strike Chance per Power Charge
explicitMods,#% to Critical Strike Multiplier if you've Killed Recently,2,2,object:2,,+8% to Critical Strike Multiplier if you've Killed Recently
explicitMods,#% to Damage over Time Multiplier for Bleeding per Frenzy Charge,2,2,object:2,,+4% to Damage over Time Multiplier for Bleeding per Frenzy Charge
explicitMods,#% to Damage over Time Multiplier per # Intelligence on Unallocated Passives in Radius,2,2,object:2,,+3% to Damage over Time Multiplier per 10 Intelligence on Unallocated Passives in Radius
explicitMods,"#% to Off Hand Critical Strike Multiplier per\nMurderous Eye Jewel affecting you, up to a maximum of #%",2,2,object:2,,"+20% to Off Hand Critical Strike Multiplier per\nMurderous Eye Jewel affecting you, up to a maximum"
explicitMods,#% to Physical Damage over Time Multiplier with Attack Skills,2,2,object:2,,+16% to Physical Damage over Time Multiplier with Attack Skills
explicitMods,#% to Quality of Socketed Gems,2,2,object:2,,+40% to Quality of Socketed Gems
explicitMods,#% to Quality of Socketed Support Gems,2,2,object:2,,+6% to Quality of Socketed Support Gems
explicitMods,<currencyitem>{#x Delirium Orb},2,2,object:2,,<currencyitem>{10x Delirium Orb}
explicitMods,<currencyitem>{#x Eldritch Chaos Orb},2,2,object:1;string:1,,<currencyitem>{5x Eldritch Chaos Orb}
explicitMods,<currencyitem>{#x Fertile Catalyst},2,2,object:2,,<currencyitem>{1x Fertile Catalyst}
explicitMods,<currencyitem>{#x Gemcutter's Prism},2,2,object:2,,<currencyitem>{10x Gemcutter's Prism}
explicitMods,<currencyitem>{#x Orb of Unmaking},2,2,object:2,,<currencyitem>{10x Orb of Unmaking}
explicitMods,<currencyitem>{#x Shrieking Essence},2,2,object:2,,<currencyitem>{9x Shrieking Essence}
explicitMods,<currencyitem>{#x Simulacrum Splinter},2,2,object:1;string:1,,<currencyitem>{76x Simulacrum Splinter}
explicitMods,<currencyitem>{#x Tainted Mythic Orb},2,2,object:2,,<currencyitem>{4x Tainted Mythic Orb}
explicitMods,<currencyitem>{Journey Tattoo},2,2,object:2,,<currencyitem>{Journey Tattoo}
explicitMods,<currencyitem>{Orb of Annulment},2,2,object:2,,<currencyitem>{Orb of Annulment}
explicitMods,<currencyitem>{Skittering Delirium Orb},2,2,object:2,,<currencyitem>{Skittering Delirium Orb}
explicitMods,<currencyitem>{Valdo's Puzzle Box},2,2,object:2,,<currencyitem>{Valdo's Puzzle Box}
explicitMods,"<gemitem>{Exceptional Support Gem}\n<default>{Quality:} <augmented>{#-#%}",2,2,object:2,,"<gemitem>{Exceptional Support Gem}\n<default>{Quality:} <augmented>{+1-20%}"
explicitMods,"<gemitem>{Gem}\n<default>{Quality:} <augmented>{#%}",2,2,object:2,,"<gemitem>{Gem}\n<default>{Quality:} <augmented>{+20%}"
explicitMods,<gemitem>{Level # Support Gem},2,2,object:2,,<gemitem>{Level 20 Support Gem}
explicitMods,"<gemitem>{Level # Transfigured Gem}\n<default>{Quality:} <augmented>{#%}",2,2,object:2,,"<gemitem>{Level 19 Transfigured Gem}\n<default>{Quality:} <augmented>{+19%}"
explicitMods,"<gemitem>{Level # Vaal Cold Snap}\n<default>{Quality:} <augmented>{#%}\n<corrupted>{Corrupted}",2,2,object:1;string:1,,"<gemitem>{Level 21 Vaal Cold Snap}\n<default>{Quality:} <augmented>{+20%}\n<corrupted>{Corrupted}"
explicitMods,"<gemitem>{Level # Vaal Molten Shell}\n<corrupted>{Corrupted}",2,2,object:2,,"<gemitem>{Level 21 Vaal Molten Shell}\n<corrupted>{Corrupted}"
explicitMods,"<gemitem>{Summon Raging Spirit}\n<default>{Quality:} <augmented>{#%}",2,2,object:2,,"<gemitem>{Summon Raging Spirit}\n<default>{Quality:} <augmented>{+20%}"
explicitMods,"<magicitem>{Dictator's Prophecy Wand}\n<default>{Item Level:} <normal>{#}",2,2,object:2,,"<magicitem>{Dictator's Prophecy Wand}\n<default>{Item Level:} <normal>{100}"
explicitMods,"<magicitem>{Gemini Claw of Celebration}\n<default>{Item Level:} <normal>{#}",2,2,object:2,,"<magicitem>{Gemini Claw of Celebration}\n<default>{Item Level:} <normal>{83}"
explicitMods,"<magicitem>{Malicious Gemini Claw}\n<default>{Item Level:} <normal>{#}",2,2,object:2,,"<magicitem>{Malicious Gemini Claw}\n<default>{Item Level:} <normal>{83}"
explicitMods,"<magicitem>{Ring of Bameth}\n<default>{Item Level:} <normal>{#}",2,2,object:2,,"<magicitem>{Ring of Bameth}\n<default>{Item Level:} <normal>{83}"
explicitMods,"<magicitem>{Sceptre of Celebration}\n<default>{Shaper Item}",2,2,object:2,,"<magicitem>{Sceptre of Celebration}\n<default>{Shaper Item}"
explicitMods,<magicitem>{Unassailable Amulet},2,2,object:2,,<magicitem>{Unassailable Amulet}
explicitMods,"<normal>{Map}\n<default>{Map Tier:} <normal>{#}",2,2,object:2,,"<normal>{Map}\n<default>{Map Tier:} <normal>{5}"
explicitMods,"<rareitem>{Bone Helmet}\n<default>{Elder Item}",2,2,object:2,,"<rareitem>{Bone Helmet}\n<default>{Elder Item}"
explicitMods,"<rareitem>{Helmet}\n<default>{Double-Veiled Item}",2,2,object:2,,"<rareitem>{Helmet}\n<default>{Double-Veiled Item}"
explicitMods,"<rareitem>{Map}\n<corrupted>{Corrupted}",2,2,object:2,,"<rareitem>{Map}\n<corrupted>{Corrupted}"
explicitMods,"<rareitem>{Map}\n<default>{Map Tier:} <normal>{#}\n<corrupted>{Corrupted}",2,2,object:2,,"<rareitem>{Map}\n<default>{Map Tier:} <normal>{15}\n<corrupted>{Corrupted}"
explicitMods,"<rareitem>{Map}\n<default>{Map Tier:} <normal>{#}\n<corrupted>{Unidentified Corrupted}",2,2,object:2,,"<rareitem>{Map}\n<default>{Map Tier:} <normal>{16}\n<corrupted>{Unidentified Corrupted}"
explicitMods,"<rareitem>{One-Hand Weapon}\n<default>{Item Level:} <normal>{#}\n<default>{Double-Influenced Item}",2,2,object:2,,"<rareitem>{One-Hand Weapon}\n<default>{Item Level:} <normal>{100}\n<default>{Double-Influenced Ite"
explicitMods,"<rareitem>{Ring}\n<default>{Item Level:} <normal>{#}",2,2,object:2,,"<rareitem>{Ring}\n<default>{Item Level:} <normal>{100}"
explicitMods,<rareitem>{Talisman},2,2,object:2,,<rareitem>{Talisman}
explicitMods,"<size:#>{<gemitem>{Support Gem}\n<default>{Quality:} <augmented>{#%}\n<corrupted>{Corrupted}}",2,2,object:2,,"<size:31>{<gemitem>{Support Gem}\n<default>{Quality:} <augmented>{+23%}\n<corrupted>{Corrupted}}"
explicitMods,"<size:#>{<rareitem>{Map}}\n<size:#>{<default>{Map Tier:} <normal>{#}\n<default>{Delirium:} <normal>{#%}\n<default>{Modifiers:} <normal>{#}\n<corrupted>{Corrupted}}",2,2,object:1;string:1,,"<size:26>{<rareitem>{Map}}\n<size:26>{<default>{Map Tier:} <normal>{13}\n<default>{Delirium:} <nor"
explicitMods,"<size:#>{<uniqueitem>{Attribute Transforming Jewel}}\n<size:#>{<corrupted>{Corrupted}}",2,2,object:2,,"<size:29>{<uniqueitem>{Attribute Transforming Jewel}}\n<size:29>{<corrupted>{Corrupted}}"
explicitMods,<uniqueitem>{Astral Projector},2,2,object:2,,<uniqueitem>{Astral Projector}
explicitMods,<uniqueitem>{Astramentis},2,2,object:2,,<uniqueitem>{Astramentis}
explicitMods,<uniqueitem>{Atziri Item},2,2,object:2,,<uniqueitem>{Atziri Item}
explicitMods,<uniqueitem>{Aul's Uprising},2,2,object:1;string:1,,<uniqueitem>{Aul's Uprising}
explicitMods,"<uniqueitem>{Balefire}\n<corrupted>{Corrupted}",2,2,object:2,,"<uniqueitem>{Balefire}\n<corrupted>{Corrupted}"
explicitMods,<uniqueitem>{Belly of the Beast},2,2,object:2,,<uniqueitem>{Belly of the Beast}
explicitMods,<uniqueitem>{Bino's Kitchen Knife},2,2,object:2,,<uniqueitem>{Bino's Kitchen Knife}
explicitMods,<uniqueitem>{Bloodbond},2,2,object:2,,<uniqueitem>{Bloodbond}
explicitMods,<uniqueitem>{Breach Item},2,2,object:2,,<uniqueitem>{Breach Item}
explicitMods,<uniqueitem>{Charan's Sword},2,2,object:2,,<uniqueitem>{Charan's Sword}
explicitMods,<uniqueitem>{Chayula Item},2,2,object:2,,<uniqueitem>{Chayula Item}
explicitMods,<uniqueitem>{Cold Iron Point},2,2,object:2,,<uniqueitem>{Cold Iron Point}
explicitMods,<uniqueitem>{Crown of Eyes},2,2,object:2,,<uniqueitem>{Crown of Eyes}
explicitMods,<uniqueitem>{Daresso's Salute},2,2,object:2,,<uniqueitem>{Daresso's Salute}
explicitMods,<uniqueitem>{Death's Hand},2,2,object:2,,<uniqueitem>{Death's Hand}
explicitMods,"<uniqueitem>{Dendrobate}\n <corrupted>{Two-Implicit}\n <corrupted>{Corrupted}",2,2,object:2,,"<uniqueitem>{Dendrobate}\n <corrupted>{Two-Implicit}\n <corrupted>{Corrupted}"
explicitMods,"<uniqueitem>{Drillneck}\n<corrupted>{Corrupted}",2,2,object:2,,"<uniqueitem>{Drillneck}\n<corrupted>{Corrupted}"
explicitMods,"<uniqueitem>{Elegant Round Shield}\n<corrupted>{Two-Implicit}\n<corrupted>{Corrupted}",2,2,object:2,,"<uniqueitem>{Elegant Round Shield}\n<corrupted>{Two-Implicit}\n<corrupted>{Corrupted}"
explicitMods,"<uniqueitem>{Fidelitas' Spike}\n <corrupted>{Two-Implicit}\n <corrupted>{Corrupted}",2,2,object:2,,"<uniqueitem>{Fidelitas' Spike}\n <corrupted>{Two-Implicit}\n <corrupted>{Corrupted}"
explicitMods,<uniqueitem>{Gluttony},2,2,object:2,,<uniqueitem>{Gluttony}
explicitMods,<uniqueitem>{Hyaon's Fury},2,2,object:2,,<uniqueitem>{Hyaon's Fury}
explicitMods,"<uniqueitem>{Jewel}\n<magicitem>{Primordial}",2,2,object:2,,"<uniqueitem>{Jewel}\n<magicitem>{Primordial}"
explicitMods,<uniqueitem>{Kaom's Heart},2,2,object:2,,<uniqueitem>{Kaom's Heart}
explicitMods,"<uniqueitem>{Kaom's Heart}\n<corrupted>{Corrupted}",2,2,object:2,,"<uniqueitem>{Kaom's Heart}\n<corrupted>{Corrupted}"
explicitMods,"<uniqueitem>{Kaom's Roots}\n<corrupted>{Corrupted}",2,2,object:2,,"<uniqueitem>{Kaom's Roots}\n<corrupted>{Corrupted}"
explicitMods,<uniqueitem>{Lightpoacher},2,2,object:2,,<uniqueitem>{Lightpoacher}
explicitMods,<uniqueitem>{Lioneye Item},2,2,object:2,,<uniqueitem>{Lioneye Item}
explicitMods,<uniqueitem>{Maw of Mischief},2,2,object:2,,<uniqueitem>{Maw of Mischief}
explicitMods,"<uniqueitem>{Midnight Bargain}\n<corrupted>{Corrupted}",2,2,object:2,,"<uniqueitem>{Midnight Bargain}\n<corrupted>{Corrupted}"
explicitMods,"<uniqueitem>{Ngamahu's Flame}\n<corrupted>{Two-Implicit}\n<corrupted>{Corrupted}",2,2,object:2,,"<uniqueitem>{Ngamahu's Flame}\n<corrupted>{Two-Implicit}\n<corrupted>{Corrupted}"
explicitMods,<uniqueitem>{Nightmare Bascinet},2,2,object:2,,<uniqueitem>{Nightmare Bascinet}
explicitMods,<uniqueitem>{Omeyocan},2,2,object:2,,<uniqueitem>{Omeyocan}
explicitMods,"<uniqueitem>{Precursor's Emblem}\n<corrupted>{Corrupted}",2,2,object:2,,"<uniqueitem>{Precursor's Emblem}\n<corrupted>{Corrupted}"
explicitMods,"<uniqueitem>{Prismatic Jewel}\n<corrupted>{Corrupted}",2,2,object:2,,"<uniqueitem>{Prismatic Jewel}\n<corrupted>{Corrupted}"
explicitMods,<uniqueitem>{Queen of the Forest},2,2,object:2,,<uniqueitem>{Queen of the Forest}
explicitMods,<uniqueitem>{Rat's Nest},2,2,object:2,,<uniqueitem>{Rat's Nest}
explicitMods,<uniqueitem>{Rigwald's Quills},2,2,object:2,,<uniqueitem>{Rigwald's Quills}
explicitMods,<uniqueitem>{Seven-League Step},2,2,object:2,,<uniqueitem>{Seven-League Step}
explicitMods,"<uniqueitem>{Shavronne's Revelation}\n<corrupted>{Corrupted}",2,2,object:2,,"<uniqueitem>{Shavronne's Revelation}\n<corrupted>{Corrupted}"
explicitMods,<uniqueitem>{Shavronne's Wrappings},2,2,object:2,,<uniqueitem>{Shavronne's Wrappings}
explicitMods,"<uniqueitem>{Skin of the Lords}\n<corrupted>{Corrupted}",2,2,object:2,,"<uniqueitem>{Skin of the Lords}\n<corrupted>{Corrupted}"
explicitMods,"<uniqueitem>{Sword}\n<corrupted>{Corrupted}",2,2,object:2,,"<uniqueitem>{Sword}\n<corrupted>{Corrupted}"
explicitMods,"<uniqueitem>{Tabula Rasa}\n<corrupted>{Two-Implicit}\n<corrupted>{Corrupted}",2,2,object:2,,"<uniqueitem>{Tabula Rasa}\n<corrupted>{Two-Implicit}\n<corrupted>{Corrupted}"
explicitMods,<uniqueitem>{Taste of Hate},2,2,object:2,,<uniqueitem>{Taste of Hate}
explicitMods,<uniqueitem>{Tavukai},2,2,object:1;string:1,,<uniqueitem>{Tavukai}
explicitMods,<uniqueitem>{The Fourth Vow},2,2,object:2,,<uniqueitem>{The Fourth Vow}
explicitMods,<uniqueitem>{The Putrid Cloister},2,2,object:2,,<uniqueitem>{The Putrid Cloister}
explicitMods,<uniqueitem>{The Whispering Ice},2,2,object:2,,<uniqueitem>{The Whispering Ice}
explicitMods,<uniqueitem>{Umbilicus Immortalis},2,2,object:2,,<uniqueitem>{Umbilicus Immortalis}
explicitMods,<uniqueitem>{Varunastra},2,2,object:2,,<uniqueitem>{Varunastra}
explicitMods,"<uniqueitem>{Vaults of Atziri}\n<corrupted>{Corrupted}",2,2,object:2,,"<uniqueitem>{Vaults of Atziri}\n<corrupted>{Corrupted}"
explicitMods,<uniqueitem>{Victario's Influence},2,2,object:2,,<uniqueitem>{Victario's Influence}
explicitMods,"<uniqueitem>{Victario's Influence}\n<corrupted>{Two-Implicit}\n<corrupted>{Corrupted}",2,2,object:2,,"<uniqueitem>{Victario's Influence}\n<corrupted>{Two-Implicit}\n<corrupted>{Corrupted}"
explicitMods,<uniqueitem>{Voltaxic Rift},2,2,object:2,,<uniqueitem>{Voltaxic Rift}
explicitMods,"<uniqueitem>{Voltaxic Rift}\n<corrupted>{Corrupted}",2,2,object:2,,"<uniqueitem>{Voltaxic Rift}\n<corrupted>{Corrupted}"
explicitMods,<uniqueitem>{Watcher's Eye},2,2,object:2,,<uniqueitem>{Watcher's Eye}
explicitMods,<whiteitem>{Cartography Scarab},2,2,object:2,,<whiteitem>{Cartography Scarab}
explicitMods,<whiteitem>{Incarnation Echo},2,2,object:2,,<whiteitem>{Incarnation Echo}
explicitMods,"<whiteitem>{Item}\n<default>{Item Level:} <normal>{#}\n<enchanted>{Perfect Eldritch Implicit Modifier}",2,2,object:2,,"<whiteitem>{Item}\n<default>{Item Level:} <normal>{100}\n<enchanted>{Perfect Eldritch Implicit Mod"
explicitMods,<whiteitem>{Shaper Guardian Map},2,2,object:2,,<whiteitem>{Shaper Guardian Map}
explicitMods,"<whiteitem>{Shield}\n<default>{Shaper Item}",2,2,object:2,,"<whiteitem>{Shield}\n<default>{Shaper Item}"
explicitMods,"<whiteitem>{Six-Link Astral Plate}\n<default>{Item Level:} <normal>{#}\n<default>{Influenced Item}",2,2,object:2,,"<whiteitem>{Six-Link Astral Plate}\n<default>{Item Level:} <normal>{100}\n<default>{Influenced Ite"
explicitMods,"<whiteitem>{Six-Link Body Armour}\n<default>{Item Level:} <normal>{#}",2,2,object:2,,"<whiteitem>{Six-Link Body Armour}\n<default>{Item Level:} <normal>{100}"
explicitMods,"<whiteitem>{Six-Link Harbinger Bow}\n<default>{Item Level:} <normal>{#}",2,2,object:2,,"<whiteitem>{Six-Link Harbinger Bow}\n<default>{Item Level:} <normal>{91}"
explicitMods,"<whiteitem>{Six-Link Staff}\n<default>{Item Level:} <normal>{#}",2,2,object:2,,"<whiteitem>{Six-Link Staff}\n<default>{Item Level:} <normal>{55}"
explicitMods,<whiteitem>{Six-Link Vaal Regalia},2,2,object:2,,<whiteitem>{Six-Link Vaal Regalia}
explicitMods,<whiteitem>{Sulphite Scarab},2,2,object:2,,<whiteitem>{Sulphite Scarab}
explicitMods,A Volley of blades falls every # seconds,2,2,object:2,,A Volley of blades falls every 0.7 seconds
explicitMods,"Activates once when Attached, then is Destroyed",2,2,object:2,,"Activates once when Attached, then is Destroyed"
explicitMods,Added Small Passive Skills also grant: #% increased Area of Effect of Hex Skills,2,2,object:2,,Added Small Passive Skills also grant: 2% increased Area of Effect of Hex Skills
explicitMods,Added Small Passive Skills also grant: #% increased Attack and Cast Speed with Elemental Skills,2,2,object:2,,Added Small Passive Skills also grant: 1% increased Attack and Cast Speed with Elemental Skills
explicitMods,Added Small Passive Skills also grant: #% increased Brand Attachment range,2,2,object:2,,Added Small Passive Skills also grant: 2% increased Brand Attachment range
explicitMods,Added Small Passive Skills also grant: #% increased Totem Placement speed,2,2,object:2,,Added Small Passive Skills also grant: 2% increased Totem Placement speed
explicitMods,Added Small Passive Skills also grant: #% increased Trap and Mine Throwing Speed,2,2,object:2,,Added Small Passive Skills also grant: 1% increased Trap and Mine Throwing Speed
explicitMods,Adds # to # Cold Damage to Attacks against you,2,2,object:2,,Adds 19 to 39 Cold Damage to Attacks against you
explicitMods,Adds # to # Fire Attack Damage per Buff on you,2,2,object:2,,Adds 4 to 11 Fire Attack Damage per Buff on you
explicitMods,Adds # to # Fire Spell Damage per Buff on you,2,2,object:2,,Adds 2 to 6 Fire Spell Damage per Buff on you
explicitMods,Adds # to # Lightning Damage against Shocked Enemies,2,2,object:2,,Adds 6 to 84 Lightning Damage against Shocked Enemies
explicitMods,Adds # to # Lightning Damage to Hits against Ignited Enemies,2,2,object:2,,Adds 1 to 65 Lightning Damage to Hits against Ignited Enemies
explicitMods,Adds # to # Lightning Damage to Spells per Power Charge,2,2,object:2,,Adds 3 to 20 Lightning Damage to Spells per Power Charge
explicitMods,Adds # to # Physical Damage against Bleeding Enemies,2,2,object:2,,Adds 106 to 154 Physical Damage against Bleeding Enemies
explicitMods,Adds # to # [Physical|Physical] Damage to [Attack|Attacks],2,2,object:2,,Adds 1 to 3 [Physical|Physical] Damage to [Attack|Attacks]
explicitMods,Adds # to Maximum Life per # Intelligence Allocated in Radius,2,2,object:2,,Adds 1 to Maximum Life per 3 Intelligence Allocated in Radius
explicitMods,Adds Crusader influence and a new Crusader modifier to a rare item,2,2,object:2,,Adds Crusader influence and a new Crusader modifier to a rare item
explicitMods,Adds Disciple of Kitava,2,2,object:2,,Adds Disciple of Kitava
explicitMods,Adds Shaper influence and a new Shaper modifier to a rare item,2,2,object:2,,Adds Shaper influence and a new Shaper modifier to a rare item
explicitMods,"Adds a Grand Eater of Worlds implicit modifier to\na Body Armour, Boots, Gloves or Helmet\nThis replaces any existing implicit modifiers other than Searing Exarch implicit modifiers",2,2,object:2,,"Adds a Grand Eater of Worlds implicit modifier to\na Body Armour, Boots, Gloves or Helmet\nThis re"
explicitMods,"Adds a Greater Eater of Worlds implicit modifier to\na Body Armour, Boots, Gloves or Helmet\nThis replaces any existing implicit modifiers other than Searing Exarch implicit modifiers",2,2,object:2,,"Adds a Greater Eater of Worlds implicit modifier to\na Body Armour, Boots, Gloves or Helmet\nThis"
explicitMods,"Adds a Greater Searing Exarch implicit modifier to\na Body Armour, Boots, Gloves or Helmet\nThis replaces any existing implicit modifiers other than Eater of Worlds implicit modifiers",2,2,object:2,,"Adds a Greater Searing Exarch implicit modifier to\na Body Armour, Boots, Gloves or Helmet\nThis r"
explicitMods,Adds a Memory Thread to the Atlas leading to the Incarnation of Dread,2,2,object:2,,Adds a Memory Thread to the Atlas leading to the Incarnation of Dread
explicitMods,Adds a Memory Thread to the Atlas leading to the Incarnation of Neglect,2,2,object:2,,Adds a Memory Thread to the Atlas leading to the Incarnation of Neglect
explicitMods,Adds a Shaped Region containing Breaches to a quadrant of the Atlas,2,2,object:2,,Adds a Shaped Region containing Breaches to a quadrant of the Atlas
explicitMods,Adds a Shaped Region containing Legion encounters to a quadrant of the Atlas,2,2,object:2,,Adds a Shaped Region containing Legion encounters to a quadrant of the Atlas
explicitMods,Adds a Shaped Region containing Mirrors of Delirium to a quadrant of the Atlas,2,2,object:2,,Adds a Shaped Region containing Mirrors of Delirium to a quadrant of the Atlas
explicitMods,Adds a Shaped Region containing Ritual Altars to a quadrant of the Atlas,2,2,object:2,,Adds a Shaped Region containing Ritual Altars to a quadrant of the Atlas
explicitMods,Adds a Shaped Region to a quadrant of the Atlas,2,2,object:2,,Adds a Shaped Region to a quadrant of the Atlas
explicitMods,"Adds an Exceptional Eater of Worlds implicit modifier to\na Body Armour, Boots, Gloves or Helmet\nThis replaces any existing implicit modifiers other than Searing Exarch implicit modifiers",2,2,object:2,,"Adds an Exceptional Eater of Worlds implicit modifier to\na Body Armour, Boots, Gloves or Helmet\n"
explicitMods,"Adds an Exceptional Searing Exarch implicit modifier to\na Body Armour, Boots, Gloves or Helmet\nThis replaces any existing implicit modifiers other than Eater of Worlds implicit modifiers",2,2,object:2,,"Adds an Exceptional Searing Exarch implicit modifier to\na Body Armour, Boots, Gloves or Helmet\nT"
explicitMods,"Adds an incubated #-Linked Armour item to an equippable item\nItem drops after killing # monsters",2,2,object:2,,"Adds an incubated 6-Linked Armour item to an equippable item\nItem drops after killing 29679 monste"
explicitMods,"Adds an incubated Fossil item to an equippable item\nItem drops after killing # monsters",2,2,object:2,,"Adds an incubated Fossil item to an equippable item\nItem drops after killing 9030 monsters"
explicitMods,"Adds an incubated League-specific Unique item to an equippable item\nItem drops after killing # monsters",2,2,object:2,,"Adds an incubated League-specific Unique item to an equippable item\nItem drops after killing 45030"
explicitMods,"Adds an incubated Unique Map item to an equippable item\nItem drops after killing # monsters",2,2,object:2,,"Adds an incubated Unique Map item to an equippable item\nItem drops after killing 7530 monsters"
explicitMods,"Adds an incubated high level Corrupted Gem or valuable Gem item to an equippable item\nItem drops after killing # monsters",2,2,object:2,,"Adds an incubated high level Corrupted Gem or valuable Gem item to an equippable item\nItem drops a"
explicitMods,"Adds or replaces an enchantment on a body armour\nThis may reforge the body armour's sockets",2,2,object:2,,"Adds or replaces an enchantment on a body armour\nThis may reforge the body armour's sockets"
explicitMods,"Adds quality that enhances Life and Mana modifiers on a ring, amulet or belt\nReplaces other quality types",2,2,object:2,,"Adds quality that enhances Life and Mana modifiers on a ring, amulet or belt\nReplaces other qualit"
explicitMods,"Adds quality that enhances Resistance modifiers on a ring, amulet or belt\nReplaces other quality types",2,2,object:2,,"Adds quality that enhances Resistance modifiers on a ring, amulet or belt\nReplaces other quality t"
explicitMods,All Rare and Unique Monsters in Area have dropped items\ntransformed by a Reward Modifier,2,2,object:1;string:1,,All Rare and Unique Monsters in Area have dropped items\ntransformed by a Reward Modifier
explicitMods,Allocated Small Passive Skills in Radius grant nothing,2,2,object:2,,Allocated Small Passive Skills in Radius grant nothing
explicitMods,Allocates Nature's Adrenaline if you have the matching modifier on Forbidden Flesh,2,2,object:2,,Allocates Nature's Adrenaline if you have the matching modifier on Forbidden Flesh
explicitMods,Allocates Pious Path if you have the matching modifier on Forbidden Flame,2,2,object:2,,Allocates Pious Path if you have the matching modifier on Forbidden Flame
explicitMods,Allocates Pious Path if you have the matching modifier on Forbidden Flesh,2,2,object:2,,Allocates Pious Path if you have the matching modifier on Forbidden Flesh
explicitMods,"Always Freeze, Shock and Ignite",2,2,object:2,,"Always Freeze, Shock and Ignite"
explicitMods,Amulet: (#-#)% Chance to Block Spell Damage,2,2,object:2,,Amulet: (6-7)% Chance to Block Spell Damage
explicitMods,An Enemy Writhing Worm spawns every # seconds,2,2,object:2,,An Enemy Writhing Worm spawns every 2 seconds
explicitMods,Animated Lingering Blades become Bows,2,2,object:2,,Animated Lingering Blades become Bows
explicitMods,Arctic Armour has no Reservation,2,2,object:2,,Arctic Armour has no Reservation
explicitMods,Area contains Hunted Traitors,2,2,object:2,,Area contains Hunted Traitors
explicitMods,Area contains a Resplendent Tempest,2,2,object:1;string:1,,Area contains a Resplendent Tempest
explicitMods,Area contains additional waves of Ghosts,2,2,object:2,,Area contains additional waves of Ghosts
explicitMods,Area contains an [AbyssalDepths|Abyssal Depths],2,2,object:2,,Area contains an [AbyssalDepths|Abyssal Depths]
explicitMods,Area is inhabited by the Vaal,2,2,object:2,,Area is inhabited by the Vaal
explicitMods,Armour from Equipped Shield is doubled,2,2,object:2,,Armour from Equipped Shield is doubled
explicitMods,Arrows Pierce all Targets after Forking,2,2,object:2,,Arrows Pierce all Targets after Forking
explicitMods,Arrows deal # to # Added Fire Damage for each time they've Pierced,2,2,object:2,,Arrows deal 30 to 50 Added Fire Damage for each time they've Pierced
explicitMods,Arrows fired from the first firing points always Pierce,2,2,object:2,,Arrows fired from the first firing points always Pierce
explicitMods,Arrows fired from the fourth firing points Chain # times,2,2,object:2,,Arrows fired from the fourth firing points Chain +2 times
explicitMods,Arrows fired from the second firing points Fork,2,2,object:2,,Arrows fired from the second firing points Fork
explicitMods,Arrows fired from the third firing points Return to you,2,2,object:2,,Arrows fired from the third firing points Return to you
explicitMods,Arrows that Pierce have #% to Critical Strike Multiplier,2,2,object:2,,Arrows that Pierce have +50% to Critical Strike Multiplier
explicitMods,Attack Skills gain #% of Physical Damage as Extra Fire Damage per Socketed Red Gem,2,2,object:2,,Attack Skills gain 5% of Physical Damage as Extra Fire Damage per Socketed Red Gem
explicitMods,Attacks Cost Life instead of Mana,2,2,object:2,,Attacks Cost Life instead of Mana
explicitMods,Attacks have #% chance to Maim on Hit,2,2,object:2,,Attacks have 5% chance to Maim on Hit
explicitMods,Attacks with this weapon inflict Hallowing Flame on Hit,2,2,object:2,,Attacks with this weapon inflict Hallowing Flame on Hit
explicitMods,Base Blade radius is # metre,2,2,object:2,,Base Blade radius is 1 metre
explicitMods,Base Spell Critical Strike Chance of Spells is equal to that of Main Hand Weapon,2,2,object:2,,Base Spell Critical Strike Chance of Spells is equal to that of Main Hand Weapon
explicitMods,Base Volley radius is # metres,2,2,object:2,,Base Volley radius is 2.5 metres
explicitMods,Bathed in the blood of # sacrificed in the name of Doryani\nPassives in radius are Conquered by the Vaal,2,2,object:2,,Bathed in the blood of 3804 sacrificed in the name of Doryani\nPassives in radius are Conquered by t
explicitMods,Belt: #% to Chaos Resistance during any Flask Effect,2,2,object:2,,Belt: +50% to Chaos Resistance during any Flask Effect
explicitMods,Berserk Fury,2,2,object:2,,Berserk Fury
explicitMods,Bleeding on you expires #% slower while Moving,2,2,object:2,,Bleeding on you expires 75% slower while Moving
explicitMods,Bleeding you inflict deals Damage #% faster per Frenzy Charge,2,2,object:2,,Bleeding you inflict deals Damage 4% faster per Frenzy Charge
explicitMods,Blessing of Elements,2,2,object:2,,Blessing of Elements
explicitMods,Blight has #% increased Hinder Duration,2,2,object:2,,Blight has 29% increased Hinder Duration
explicitMods,Blind Chilled Enemies on Hit,2,2,object:2,,Blind Chilled Enemies on Hit
explicitMods,Body Armour: #% reduced Chaos Damage taken over time,2,2,object:2,,Body Armour: 25% reduced Chaos Damage taken over time
explicitMods,Boots: Cannot be Poisoned,2,2,object:2,,Boots: Cannot be Poisoned
explicitMods,Bow Attacks fire # additional Arrows,2,2,object:2,,Bow Attacks fire 2 additional Arrows
explicitMods,"Buff grants # Rage per second per # Power, counting a maximum of # power",2,2,object:2,,"Buff grants 3 Rage per second per 5 Power, counting a maximum of 25 power"
explicitMods,Buff grants # to Maximum Rage\nBuff prevents inherent loss of Rage,2,2,object:2,,Buff grants +25 to Maximum Rage\nBuff prevents inherent loss of Rage
explicitMods,Buff is removed to Exert the next Melee Attack you perform\nAttacks Exerted by this Skill cannot be Exerted by other Skills,2,2,object:2,,Buff is removed to Exert the next Melee Attack you perform\nAttacks Exerted by this Skill cannot be
explicitMods,Can explode from up to # Frostbolt Projectiles,2,2,object:2,,Can explode from up to 5 Frostbolt Projectiles
explicitMods,Can have up to # Implicit Modifiers while Item has this Modifier,2,2,object:2,,Can have up to 5 Implicit Modifiers while Item has this Modifier
explicitMods,Cannot be Poisoned while Bleeding,2,2,object:2,,Cannot be Poisoned while Bleeding
explicitMods,Cannot be Recalled,2,2,object:2,,Cannot be Recalled
explicitMods,Cannot be Stunned by Suppressed Spell Damage,2,2,object:2,,Cannot be Stunned by Suppressed Spell Damage
explicitMods,Cannot be Stunned while Bleeding,2,2,object:2,,Cannot be Stunned while Bleeding
explicitMods,Cannot be used by default\nBecomes Usable once for # seconds when you take a Savage Hit,2,2,object:2,,Cannot be used by default\nBecomes Usable once for 2 seconds when you take a Savage Hit
explicitMods,Cannot be used with Forbidden Tomes below level #,2,2,object:2,,Cannot be used with Forbidden Tomes below level 80
explicitMods,Cannot deal Critical Strikes with Attacks,2,2,object:2,,Cannot deal Critical Strikes with Attacks
explicitMods,Cannot gain Mana during effect,2,2,object:2,,Cannot gain Mana during effect
explicitMods,Chance to Block is Unlucky,2,2,object:2,,Chance to Block is Unlucky
explicitMods,Channelling Skills deal #% increased Damage per # Devotion,2,2,object:2,,Channelling Skills deal 4% increased Damage per 10 Devotion
explicitMods,Chaos Damage taken does not bypass Minions' Energy Shield,2,2,object:2,,Chaos Damage taken does not bypass Minions' Energy Shield
explicitMods,Chaos Resistance is Zero,2,2,object:2,,Chaos Resistance is Zero
explicitMods,Chaos Skills have #% chance to Ignite,2,2,object:2,,Chaos Skills have 20% chance to Ignite
explicitMods,Chill Effect and Freeze Duration on you are based on #% of Energy Shield,2,2,object:2,,Chill Effect and Freeze Duration on you are based on 100% of Energy Shield
explicitMods,"Chill Enemy for # second when Hit, reducing their Action Speed by #%",2,2,object:2,,"Chill Enemy for 1 second when Hit, reducing their Action Speed by 30%"
explicitMods,Commanded leadership over # warriors under Rakiata\nPassives in radius are Conquered by the Karui,2,2,object:2,,Commanded leadership over 16791 warriors under Rakiata\nPassives in radius are Conquered by the Karu
explicitMods,Consecrated Ground created by this Flask has Tripled Radius,2,2,object:2,,Consecrated Ground created by this Flask has Tripled Radius
explicitMods,Consecrated Ground created during Effect applies #% increased Damage taken to Enemies,2,2,object:2,,Consecrated Ground created during Effect applies 8% increased Damage taken to Enemies
explicitMods,"Consumes # Charges per Projectile Fired from # Life Flask, if possible",2,2,object:2,,"Consumes 8 Charges per Projectile Fired from 1 Life Flask, if possible"
explicitMods,Consumes a Void Charge to Trigger Level # Void Shot when you fire Arrows with a Non-Triggered Skill,2,2,object:2,,Consumes a Void Charge to Trigger Level 20 Void Shot when you fire Arrows with a Non-Triggered Skill
explicitMods,Corrupted Soul,2,2,object:2,,Corrupted Soul
explicitMods,Corrupting Blood,2,2,object:2,,Corrupting Blood
explicitMods,Count as Blocking Attack Damage from the first target Hit with each Shield Attack,2,2,object:2,,Count as Blocking Attack Damage from the first target Hit with each Shield Attack
explicitMods,Cover Full Life Enemies in Ash for # seconds on Melee Weapon Hit,2,2,object:2,,Cover Full Life Enemies in Ash for 7 seconds on Melee Weapon Hit
explicitMods,Critical Strikes Penetrate #% of Enemy Elemental Resistances while affected by Zealotry,2,2,object:2,,Critical Strikes Penetrate 10% of Enemy Elemental Resistances while affected by Zealotry
explicitMods,Curse Auras from Socketed Skills also affect you,2,2,object:2,,Curse Auras from Socketed Skills also affect you
explicitMods,"Curse Enemies which Hit you with a random Hex, ignoring Curse Limit",2,2,object:2,,"Curse Enemies which Hit you with a random Hex, ignoring Curse Limit"
explicitMods,Curse Enemies with Vulnerability on Hit,2,2,object:2,,Curse Enemies with Vulnerability on Hit
explicitMods,Cursed Enemies cannot inflict Elemental Ailments on You,2,2,object:2,,Cursed Enemies cannot inflict Elemental Ailments on You
explicitMods,Curses on Enemies in your Chilling Areas have #% increased Effect,2,2,object:2,,Curses on Enemies in your Chilling Areas have 15% increased Effect
explicitMods,Damage Penetrates #% Cold Resistance,2,2,object:2,,Damage Penetrates 4% Cold Resistance
explicitMods,Damage Penetrates #% Cold Resistance against Chilled Enemies,2,2,object:2,,Damage Penetrates 24% Cold Resistance against Chilled Enemies
explicitMods,"Damage Penetrates Fire Resistance equal to your Overcapped Fire Resistance, up to a maximum of #%",2,2,object:2,,"Damage Penetrates Fire Resistance equal to your Overcapped Fire Resistance, up to a maximum of 200%"
explicitMods,Damage from Hits is taken from Shell before target's Life or Energy Shield\nShell can take # Damage before exploding,2,2,object:2,,Damage from Hits is taken from Shell before target's Life or Energy Shield\nShell can take 6447 Dama
explicitMods,Damage from this Skill cannot be taken from Shells,2,2,object:2,,Damage from this Skill cannot be taken from Shells
explicitMods,Deals #% of your Maximum Mana as Base Fire Damage per second,2,2,object:2,,Deals 70% of your Maximum Mana as Base Fire Damage per second
explicitMods,Debilitate Enemies for # Seconds when you Suppress their Spell Damage,2,2,object:2,,Debilitate Enemies for 4 Seconds when you Suppress their Spell Damage
explicitMods,Despair has no Reservation if Cast as an Aura,2,2,object:2,,Despair has no Reservation if Cast as an Aura
explicitMods,Each Empowering Tower in Areas grants Blighted Monsters in\nrange increased Difficulty and Reward,2,2,object:1;string:1,,Each Empowering Tower in Areas grants Blighted Monsters in\nrange increased Difficulty and Reward
explicitMods,"Each Supported Skill deals #% less Damage for each Ignite inflicted with it Recently, up to a maximum of #%",2,2,object:2,,"Each Supported Skill deals 3% less Damage for each Ignite inflicted with it Recently, up to a maximu"
explicitMods,"Each Supported Skill deals #% more Damage with Ignite for each Ignite inflicted with it Recently, up to a maximum of #%",2,2,object:2,,"Each Supported Skill deals 10% more Damage with Ignite for each Ignite inflicted with it Recently, u"
explicitMods,Eldritch Battery during Effect,2,2,object:2,,Eldritch Battery during Effect
explicitMods,Elemental Overload,2,2,object:2,,Elemental Overload
explicitMods,Elemental Resistances are capped by your highest Maximum Elemental Resistance instead,2,2,object:2,,Elemental Resistances are capped by your highest Maximum Elemental Resistance instead
explicitMods,Enemies Frozen by you take #% increased Damage,2,2,object:2,,Enemies Frozen by you take 20% increased Damage
explicitMods,Enemies Killed by your Hits are destroyed while Insane,2,2,object:2,,Enemies Killed by your Hits are destroyed while Insane
explicitMods,Enemies take #% increased Elemental Damage from your Hits for\neach Withered you have inflicted on them,2,2,object:2,,Enemies take 4% increased Elemental Damage from your Hits for\neach Withered you have inflicted on t
explicitMods,"Enemies you Kill Explode, dealing #% of their Life as Physical Damage",2,2,object:2,,"Enemies you Kill Explode, dealing 3% of their Life as Physical Damage"
explicitMods,Enemies you Shock have #% reduced Cast Speed,2,2,object:2,,Enemies you Shock have 30% reduced Cast Speed
explicitMods,Enemies you Shock have #% reduced Movement Speed,2,2,object:2,,Enemies you Shock have 20% reduced Movement Speed
explicitMods,Enemies you inflict Bleeding on grant #% increased Flask Charges,2,2,object:2,,Enemies you inflict Bleeding on grant 87% increased Flask Charges
explicitMods,Erupting Winds,2,2,object:2,,Erupting Winds
explicitMods,"Every # seconds, gain one of the following for # seconds:\nYour Hits are always Critical Strikes\nHits against you are always Critical Strikes\nAttacks cannot Hit you\nAttacks against you always Hit\nYour Damage with Hits is Lucky\nDamage of Hits against you is Lucky",2,2,object:2,,"Every 5 seconds, gain one of the following for 5 seconds:\nYour Hits are always Critical Strikes\nHi"
explicitMods,Every third successive strike is a Critical Strike,2,2,object:2,,Every third successive strike is a Critical Strike
explicitMods,Exerted Attacks deal #% increased Damage,2,2,object:2,,Exerted Attacks deal 26% increased Damage
explicitMods,Exerted Attacks have #% to Critical Strike Chance,2,2,object:2,,Exerted Attacks have +25% to Critical Strike Chance
explicitMods,Exerted Attacks have #% to Critical Strike Multiplier,2,2,object:2,,Exerted Attacks have +140% to Critical Strike Multiplier
explicitMods,Explosion deals #% more Damage with Hits and Ailments,2,2,object:2,,Explosion deals 300% more Damage with Hits and Ailments
explicitMods,Final Gasp,2,2,object:2,,Final Gasp
explicitMods,Fires # Shards at a time until all fired,2,2,object:2,,Fires 6 Shards at a time until all fired
explicitMods,Fires tendrils at up to # Target,2,2,object:2,,Fires tendrils at up to 1 Target
explicitMods,Flasks applied to you have #% increased Effect per Level,2,2,object:2,,Flasks applied to you have 1% increased Effect per Level
explicitMods,Flasks do not apply to you,2,2,object:2,,Flasks do not apply to you
explicitMods,Flasks you Use apply to your Raised Zombies and Spectres,2,2,object:2,,Flasks you Use apply to your Raised Zombies and Spectres
explicitMods,Focus has #% increased Cooldown Recovery Rate,2,2,object:2,,Focus has 6% increased Cooldown Recovery Rate
explicitMods,"Formally used to reroll all of Kirac's Atlas Missions, corrupting all non-Unique Maps",2,2,object:2,,"Formally used to reroll all of Kirac's Atlas Missions, corrupting all non-Unique Maps"
explicitMods,"Formally used to reroll all of Kirac's Atlas Missions, granting missions with rewarding implicit modifiers",2,2,object:2,,"Formally used to reroll all of Kirac's Atlas Missions, granting missions with rewarding implicit mod"
explicitMods,"Formally used to reroll all of Kirac's Atlas Missions, including at least one Blighted Map",2,2,object:2,,"Formally used to reroll all of Kirac's Atlas Missions, including at least one Blighted Map"
explicitMods,"Formally used to reroll all of Kirac's Atlas Missions, including at least one Shaper Guardian, Elder Guardian, or Elderslayer Map",2,2,object:2,,"Formally used to reroll all of Kirac's Atlas Missions, including at least one Shaper Guardian, Elder"
explicitMods,"Formally used to reroll all of Kirac's Atlas Missions, including at least one Unique map",2,2,object:2,,"Formally used to reroll all of Kirac's Atlas Missions, including at least one Unique map"
explicitMods,Formerly reforged a map item as another of a higher tier,2,2,object:2,,Formerly reforged a map item as another of a higher tier
explicitMods,Formerly reforged a map item as another of the same tier,2,2,object:2,,Formerly reforged a map item as another of the same tier
explicitMods,"Fracture a random modifier on a rare item with at least # modifiers, locking it in place",2,2,object:2,,"Fracture a random modifier on a rare item with at least 4 modifiers, locking it in place"
explicitMods,Fractured,2,2,object:2,,Fractured
explicitMods,Gain # Energy Shield per Enemy Hit with Attacks,2,2,object:2,,Gain 2 Energy Shield per Enemy Hit with Attacks
explicitMods,Gain # Fragile Regrowth each second,2,2,object:2,,Gain 1 Fragile Regrowth each second
explicitMods,Gain # Inspiration at the start of the Sanctum,2,2,object:2,,Gain 26 Inspiration at the start of the Sanctum
explicitMods,Gain # Life per enemy killed,2,2,object:2,,Gain 7 Life per enemy killed
explicitMods,Gain # Maximum Resolve when you use a Fountain,2,2,object:2,,Gain 19 Maximum Resolve when you use a Fountain
explicitMods,Gain # Resolve when you kill a Boss,2,2,object:2,,Gain 18 Resolve when you kill a Boss
explicitMods,Gain # Resolve when you use a Fountain,2,2,object:2,,Gain 20 Resolve when you use a Fountain
explicitMods,Gain #% of Cold Damage as Extra Chaos Damage,2,2,object:2,,Gain 9% of Cold Damage as Extra Chaos Damage
explicitMods,Gain #% of Non-Chaos Damage as Extra Chaos Damage per Summoned Void Spawn,2,2,object:2,,Gain 5% of Non-Chaos Damage as Extra Chaos Damage per Summoned Void Spawn
explicitMods,Gain #% of Physical Damage as Extra Damage of a random Element,2,2,object:2,,Gain 10% of Physical Damage as Extra Damage of a random Element
explicitMods,Gain #% of Physical Damage as Extra Lightning Damage,2,2,object:2,,Gain 18% of Physical Damage as Extra Lightning Damage
explicitMods,Gain Absorption Charges instead of Power Charges,2,2,object:2,,Gain Absorption Charges instead of Power Charges
explicitMods,Gain Elusive on reaching Low Life,2,2,object:2,,Gain Elusive on reaching Low Life
explicitMods,Gain Onslaught for # seconds when you Cast Socketed Golem Skill,2,2,object:2,,Gain Onslaught for 10 seconds when you Cast Socketed Golem Skill
explicitMods,Gain Shaper's Presence for # seconds when you kill a Rare or Unique Enemy,2,2,object:2,,Gain Shaper's Presence for 10 seconds when you kill a Rare or Unique Enemy
explicitMods,Gain a Divine Charge on Hit,2,2,object:2,,Gain a Divine Charge on Hit
explicitMods,Gain a Frenzy Charge on reaching Maximum Power Charges,2,2,object:2,,Gain a Frenzy Charge on reaching Maximum Power Charges
explicitMods,Gain a Void Charge every # seconds,2,2,object:2,,Gain a Void Charge every 0.5 seconds
explicitMods,Gain no Armour from Equipped Body Armour,2,2,object:2,,Gain no Armour from Equipped Body Armour
explicitMods,Gloves: Adds # to # Lightning Damage to Attacks,2,2,object:2,,Gloves: Adds 1 to 5 Lightning Damage to Attacks
explicitMods,Gloves: Socketed Gems deal #% more Damage over Time,2,2,object:2,,Gloves: Socketed Gems deal 30% more Damage over Time
explicitMods,Grants #% more Cast Speed,2,2,object:2,,Grants 23% more Cast Speed
explicitMods,Grants Level # Aspect of the Crab Skill,2,2,object:2,,Grants Level 20 Aspect of the Crab Skill
explicitMods,Grants Level # Blight Skill,2,2,object:2,,Grants Level 25 Blight Skill
explicitMods,Grants Level # Blood Offering Skill,2,2,object:2,,Grants Level 15 Blood Offering Skill
explicitMods,Grants Level # Herald of Thunder Skill,2,2,object:2,,Grants Level 22 Herald of Thunder Skill
explicitMods,Grants Level # Lightning Warp Skill,2,2,object:2,,Grants Level 1 Lightning Warp Skill
explicitMods,Grants Level # Petrification Statue Skill,2,2,object:2,,Grants Level 20 Petrification Statue Skill
explicitMods,Grants Level # Rallying Cry Skill,2,2,object:2,,Grants Level 22 Rallying Cry Skill
explicitMods,Grants Level # Scorching Ray Skill,2,2,object:2,,Grants Level 25 Scorching Ray Skill
explicitMods,Grants Level # Unhinge Skill,2,2,object:2,,Grants Level 20 Unhinge Skill
explicitMods,Grants all bonuses of Unallocated Small Passive Skills in Radius,2,2,object:2,,Grants all bonuses of Unallocated Small Passive Skills in Radius
explicitMods,Grants level # Penance Mark,2,2,object:2,,Grants level 20 Penance Mark
explicitMods,Harvest Crops in your Maps have #% reduced chance to grow Blue Plants,2,2,object:2,,Harvest Crops in your Maps have 14% reduced chance to grow Blue Plants
explicitMods,Heist Chests have a #% chance to contain more valuable Uniques,2,2,object:2,,Heist Chests have a 6% chance to contain more valuable Uniques
explicitMods,Helmet: # to Level of Socketed Aura Gems,2,2,object:2,,Helmet: +2 to Level of Socketed Aura Gems
explicitMods,Hits up to # Enemies,2,2,object:2,,Hits up to 15 Enemies
explicitMods,"If Area contains the Sacred Grove, it will contain up to # additional Tier # seed of each type, if possible",2,2,object:2,,"If Area contains the Sacred Grove, it will contain up to 1 additional Tier 4 seed of each type, if p"
explicitMods,"If The Searing Exarch is dominant, remove a prefix modifier\nIf The Eater of Worlds is dominant, remove a suffix modifier",2,2,object:2,,"If The Searing Exarch is dominant, remove a prefix modifier\nIf The Eater of Worlds is dominant, re"
explicitMods,"If you've Warcried Recently, you and nearby allies have #% increased Attack, Cast and Movement Speed",2,2,object:2,,"If you've Warcried Recently, you and nearby allies have 20% increased Attack, Cast and Movement Spee"
explicitMods,"Igniting Enemies creates Burning Ground, no more than once per second\nBurning Ground deals #% of Fire Damage per second of inflicted Ignite",2,2,object:2,,"Igniting Enemies creates Burning Ground, no more than once per second\nBurning Ground deals 65% of F"
explicitMods,Ignore Stuns while Casting,2,2,object:2,,Ignore Stuns while Casting
explicitMods,Imbalanced Guard,2,2,object:2,,Imbalanced Guard
explicitMods,"Immune to Burning Ground, Shocked Ground and Chilled Ground",2,2,object:2,,"Immune to Burning Ground, Shocked Ground and Chilled Ground"
explicitMods,Immune to Freeze while affected by Purity of Ice,2,2,object:2,,Immune to Freeze while affected by Purity of Ice
explicitMods,Impale Damage dealt to Enemies Impaled by you Overwhelms #% Physical Damage Reduction,2,2,object:2,,Impale Damage dealt to Enemies Impaled by you Overwhelms 10% Physical Damage Reduction
explicitMods,Implicit Modifier magnitudes are doubled,2,2,object:2,,Implicit Modifier magnitudes are doubled
explicitMods,Imprisoned Monsters released in Areas grant a random Essence Modifier to another Imprisoned Monster in the Area\nImprisoned Monsters in Areas have increased Difficulty and Reward for\neach Essence Modifier,2,2,object:1;string:1,,Imprisoned Monsters released in Areas grant a random Essence Modifier to another Imprisoned Monster
explicitMods,"Improves the quality of a map enhancing Divination Cards found\nReplaces other quality types",2,2,object:2,,"Improves the quality of a map enhancing Divination Cards found\nReplaces other quality types"
explicitMods,"Improves the quality of a map enhancing Scarabs found\nReplaces other quality types",2,2,object:2,,"Improves the quality of a map enhancing Scarabs found\nReplaces other quality types"
explicitMods,Incendiary Mite,2,2,object:2,,Incendiary Mite
explicitMods,Insufficient Mana doesn't prevent your Bow Attacks,2,2,object:2,mutated=True:2,Insufficient Mana doesn't prevent your Bow Attacks
explicitMods,Items and Gems have #% increased Attribute Requirements,2,2,object:2,,Items and Gems have 10% increased Attribute Requirements
explicitMods,Left ring slot: Projectiles from Spells Fork,2,2,object:2,,Left ring slot: Projectiles from Spells Fork
explicitMods,Left ring slot: Projectiles from Spells cannot Chain,2,2,object:2,,Left ring slot: Projectiles from Spells cannot Chain
explicitMods,Light Radius is based on Energy Shield instead of Life,2,2,object:2,,Light Radius is based on Energy Shield instead of Life
explicitMods,Linked Targets always count as in range of Non-Curse Auras from your Skills\nNon-Curse Auras from your Skills only apply to you and Linked Targets,2,2,object:2,,Linked Targets always count as in range of Non-Curse Auras from your Skills\nNon-Curse Auras from yo
explicitMods,Logbooks found in Area always have # Implicits\nExpedition Monsters gain increased Difficulty and Reward for each Remnant detonated,2,2,object:1;string:1,,Logbooks found in Area always have 4 Implicits\nExpedition Monsters gain increased Difficulty and Re
explicitMods,Lose # Life per Enemy Killed,2,2,object:2,,Lose 17 Life per Enemy Killed
explicitMods,Lose #% of Energy Shield on Kill,2,2,object:2,,Lose 1% of Energy Shield on Kill
explicitMods,Lose #% of Life on Kill,2,2,object:2,,Lose 1% of Life on Kill
explicitMods,Lose #% of Mana per Second,2,2,object:2,,Lose 7% of Mana per Second
explicitMods,Lose all Fragile Regrowth when Hit,2,2,object:2,,Lose all Fragile Regrowth when Hit
explicitMods,Lose all Frenzy Charges on reaching Maximum Frenzy Charges to make the next Bow Attack you perform fire that many additional Arrows,2,2,object:2,,Lose all Frenzy Charges on reaching Maximum Frenzy Charges to make the next Bow Attack you perform f
explicitMods,Malevolence has #% increased Aura Effect,2,2,object:2,,Malevolence has 28% increased Aura Effect
explicitMods,Map Boss is accompanied by a Synthesis Boss,2,2,object:2,,Map Boss is accompanied by a Synthesis Boss
explicitMods,Maximum # Fragile Regrowth,2,2,object:2,,Maximum 10 Fragile Regrowth
explicitMods,Maximum # Somatic Shells,2,2,object:2,,Maximum 7 Somatic Shells
explicitMods,Maximum Absorption Charges is equal to Maximum Power Charges,2,2,object:2,,Maximum Absorption Charges is equal to Maximum Power Charges
explicitMods,Melee Hits which Stun have #% chance to Fortify,2,2,object:2,,Melee Hits which Stun have 12% chance to Fortify
explicitMods,Melee Hits with Strike Skills always Knockback,2,2,object:2,,Melee Hits with Strike Skills always Knockback
explicitMods,Mines from Supported Skills can't be Detonated while within # metres of you,2,2,object:2,,Mines from Supported Skills can't be Detonated while within 3 metres of you
explicitMods,Mines using Supported Skills always target your location,2,2,object:2,,Mines using Supported Skills always target your location
explicitMods,Minions Convert #% of their Maximum Life to Maximum Energy\nShield per #% Chaos Resistance they have,2,2,object:2,,Minions Convert 2% of their Maximum Life to Maximum Energy\nShield per 1% Chaos Resistance they have
explicitMods,Minions Leech #% of Damage as Life,2,2,object:2,,Minions Leech 0.43% of Damage as Life
explicitMods,Minions convert #% of Fire Damage to Chaos Damage,2,2,object:2,,Minions convert 100% of Fire Damage to Chaos Damage
explicitMods,Minions have #% chance to cause Bleeding with Attacks,2,2,object:2,,Minions have 11% chance to cause Bleeding with Attacks
explicitMods,Minions have #% chance to inflict Withered on Hit,2,2,object:2,,Minions have 60% chance to inflict Withered on Hit
explicitMods,Minions have #% faster start of Energy Shield Recharge,2,2,object:2,,Minions have 78% faster start of Energy Shield Recharge
explicitMods,Minions have #% increased Flask Effect Duration,2,2,object:2,,Minions have 51% increased Flask Effect Duration
explicitMods,Minions have #% reduced Flask Charges used,2,2,object:2,,Minions have 32% reduced Flask Charges used
explicitMods,"Minions have #% to Damage over Time Multiplier per\nGhastly Eye Jewel affecting you, up to a maximum of #%",2,2,object:2,,"Minions have +6% to Damage over Time Multiplier per\nGhastly Eye Jewel affecting you, up to a maximu"
explicitMods,Minions' Hits are always Critical Strikes,2,2,object:2,,Minions' Hits are always Critical Strikes
explicitMods,Modifiers to Chance to Avoid being Shocked apply to all Elemental Ailments,2,2,object:2,,Modifiers to Chance to Avoid being Shocked apply to all Elemental Ailments
explicitMods,Modifiers to Chance to Suppress Spell Damage also apply to Chance to Avoid Elemental Ailments at #% of their Value,2,2,object:2,,Modifiers to Chance to Suppress Spell Damage also apply to Chance to Avoid Elemental Ailments at 50%
explicitMods,Modifiers to Minimum Power Charges instead apply to Minimum Absorption Charges,2,2,object:2,,Modifiers to Minimum Power Charges instead apply to Minimum Absorption Charges
explicitMods,Modifiers to number of Projectiles instead apply to the number of times this Skill Chains,2,2,object:2,,Modifiers to number of Projectiles instead apply to the number of times this Skill Chains
explicitMods,Modifies a Map item adding layers of Delirium with the Abyss Items reward type,2,2,object:2,,Modifies a Map item adding layers of Delirium with the Abyss Items reward type
explicitMods,Modifies a Map item adding layers of Delirium with the Divination Cards reward type,2,2,object:2,,Modifies a Map item adding layers of Delirium with the Divination Cards reward type
explicitMods,Modifies a Map item adding layers of Delirium with the Fragments reward type,2,2,object:2,,Modifies a Map item adding layers of Delirium with the Fragments reward type
explicitMods,Modifies a Map item adding layers of Delirium with the Scarabs reward type,2,2,object:2,,Modifies a Map item adding layers of Delirium with the Scarabs reward type
explicitMods,Modifies a Map item adding layers of Delirium with the Ultimatum reward type,2,2,object:2,,Modifies a Map item adding layers of Delirium with the Ultimatum reward type
explicitMods,Modifies a Map item adding layers of Delirium with the Unique Items reward type,2,2,object:2,,Modifies a Map item adding layers of Delirium with the Unique Items reward type
explicitMods,"Modifies a Memory Influenced Map, causing items found to\nhave more Memory Strands, but fewer items drop",2,2,object:2,,"Modifies a Memory Influenced Map, causing items found to\nhave more Memory Strands, but fewer items"
explicitMods,Monsters guarding Ore Deposits have increased Difficulty and\nReward and Ore Deposits contain #% increased Ore\nfor each Ore Deposit completed in Area ,2,2,object:2,,Monsters guarding Ore Deposits have increased Difficulty and\nReward and Ore Deposits contain 15% in
explicitMods,Monsters' Projectiles can Chain when colliding with Terrain,2,2,object:2,,Monsters' Projectiles can Chain when colliding with Terrain
explicitMods,"More Attribute modifiers\nNo Critical modifiers",2,2,object:2,,"More Attribute modifiers\nNo Critical modifiers"
explicitMods,"More Caster modifiers\nFewer Attack modifiers",2,2,object:2,,"More Caster modifiers\nFewer Attack modifiers"
explicitMods,"More Cold modifiers\nNo Fire modifiers",2,2,object:2,,"More Cold modifiers\nNo Fire modifiers"
explicitMods,"More Critical modifiers\nNo Attribute modifiers",2,2,object:2,,"More Critical modifiers\nNo Attribute modifiers"
explicitMods,"More Elemental modifiers\nNo Physical Ailment or Chaos Ailment modifiers",2,2,object:2,,"More Elemental modifiers\nNo Physical Ailment or Chaos Ailment modifiers"
explicitMods,"More Lightning modifiers\nNo Physical modifiers",2,2,object:2,,"More Lightning modifiers\nNo Physical modifiers"
explicitMods,"More Mana modifiers\nNo Speed modifiers",2,2,object:2,,"More Mana modifiers\nNo Speed modifiers"
explicitMods,"More Physical Ailment or Chaos Ailment modifiers\nNo Elemental modifiers",2,2,object:2,,"More Physical Ailment or Chaos Ailment modifiers\nNo Elemental modifiers"
explicitMods,"More Physical modifiers\nNo Chaos modifiers",2,2,object:2,,"More Physical modifiers\nNo Chaos modifiers"
explicitMods,Nearby Allies' Action Speed cannot be modified to below Base Value,2,2,object:2,,Nearby Allies' Action Speed cannot be modified to below Base Value
explicitMods,Nearby Enemies Convert #% of their Physical Damage to Fire,2,2,object:2,,Nearby Enemies Convert 25% of their Physical Damage to Fire
explicitMods,Nearby Enemies cannot deal Critical Strikes,2,2,object:2,,Nearby Enemies cannot deal Critical Strikes
explicitMods,Nearby Enemies take #% increased Physical Damage per two Fortification on you,2,2,object:2,,Nearby Enemies take 1% increased Physical Damage per two Fortification on you
explicitMods,"No Resolve Mitigation, chance to Avoid Resolve loss or Resolve Aegis",2,2,object:2,,"No Resolve Mitigation, chance to Avoid Resolve loss or Resolve Aegis"
explicitMods,Non-Unique Utility Flasks you Use apply to Linked Targets,2,2,object:2,,Non-Unique Utility Flasks you Use apply to Linked Targets
explicitMods,Non-Vaal Strike Skills target # additional nearby Enemy,2,2,object:2,,Non-Vaal Strike Skills target 1 additional nearby Enemy
explicitMods,Non-instant Mana Recovery from Flasks is also Recovered as Life,2,2,object:2,,Non-instant Mana Recovery from Flasks is also Recovered as Life
explicitMods,Notable Passive Skills in Radius are Transformed to\ninstead grant: #% increased Mana Cost of Skills and #% increased Spell Damage,2,2,object:2,,Notable Passive Skills in Radius are Transformed to\ninstead grant: 10% increased Mana Cost of Skill
explicitMods,Notable Passive Skills in Radius are Transformed to\ninstead grant: Minions have #% reduced Movement Speed,2,2,object:2,,Notable Passive Skills in Radius are Transformed to\ninstead grant: Minions have 25% reduced Movemen
explicitMods,Notable Passive Skills in Radius grant nothing,2,2,object:2,,Notable Passive Skills in Radius grant nothing
explicitMods,One Handed Weapon: (#-#)% increased Spell Critical Strike Chance,2,2,object:2,,One Handed Weapon: (110-119)% increased Spell Critical Strike Chance
explicitMods,Only affects Passives in Very Large Ring,2,2,object:2,,Only affects Passives in Very Large Ring
explicitMods,Other Jewellery: Adds # to (#-#) Lightning Damage to Attacks,2,2,object:2,,Other Jewellery: Adds 1 to (14-15) Lightning Damage to Attacks
explicitMods,Passive Skills in Radius also grant: #% increased Unarmed Attack Speed with Melee Skills,2,2,object:2,,Passive Skills in Radius also grant: 1% increased Unarmed Attack Speed with Melee Skills
explicitMods,Passives granting Cold Resistance or all Elemental Resistances in Radius\nalso grant Chance to Suppress Spell Damage at #% of its value,2,2,object:2,,Passives granting Cold Resistance or all Elemental Resistances in Radius\nalso grant Chance to Suppr
explicitMods,Penetrate #% Elemental Resistances per Abyss Jewel affecting you,2,2,object:2,,Penetrate 4% Elemental Resistances per Abyss Jewel affecting you
explicitMods,Players and their Minions Regenerate #% of Life per second,2,2,object:2,,Players and their Minions Regenerate 0.87% of Life per second
explicitMods,Players and their Minions have #% increased Mana Regeneration Rate,2,2,object:2,,Players and their Minions have 23% increased Mana Regeneration Rate
explicitMods,Players have #% less effect of Flasks applied to them,2,2,object:2,,Players have 40% less effect of Flasks applied to them
explicitMods,Projectile Attack Skills have #% increased Critical Strike Chance,2,2,object:2,,Projectile Attack Skills have 58% increased Critical Strike Chance
explicitMods,Projectiles Pierce all Burning Enemies,2,2,object:2,,Projectiles Pierce all Burning Enemies
explicitMods,Projectiles can Chain when impacting the ground\nProjectiles Chain in random directions,2,2,object:2,,Projectiles can Chain when impacting the ground\nProjectiles Chain in random directions
explicitMods,Projectiles can Split from hitting terrain,2,2,object:2,,Projectiles can Split from hitting terrain
explicitMods,Projectiles fired from explosion can apply no more than # new Shell,2,2,object:2,,Projectiles fired from explosion can apply no more than 1 new Shell
explicitMods,Projectiles from Spells cannot Pierce,2,2,object:2,,Projectiles from Spells cannot Pierce
explicitMods,Projectiles from Supported Skills Fork,2,2,object:2,,Projectiles from Supported Skills Fork
explicitMods,Quiver: #% increased Effect of your Marks,2,2,object:2,,Quiver: 25% increased Effect of your Marks
explicitMods,Quiver: Adds # to (#-#) Lightning Damage to Attacks,2,2,object:2,,Quiver: Adds 2 to (16-18) Lightning Damage to Attacks
explicitMods,Raised Spectres have #% increased Critical Strike Chance,2,2,object:2,,Raised Spectres have 851% increased Critical Strike Chance
explicitMods,Raised Spectres have a Base Duration of # seconds\nSpectres do not travel between Areas,2,2,object:2,,Raised Spectres have a Base Duration of 20 seconds\nSpectres do not travel between Areas
explicitMods,Randomises the quality of a corrupted weapon,2,2,object:2,,Randomises the quality of a corrupted weapon
explicitMods,Rare Monsters each have # additional Modifier,2,2,object:2,,Rare Monsters each have 1 additional Modifier
explicitMods,Rare monsters in area are Shaper-Touched,2,2,object:2,,Rare monsters in area are Shaper-Touched
explicitMods,Rare monsters that are natural inhabitants of the Area are imprisoned by Essences,2,2,object:1;string:1,,Rare monsters that are natural inhabitants of the Area are imprisoned by Essences
explicitMods,Recover #% of Energy Shield on Kill,2,2,object:2,,Recover 4% of Energy Shield on Kill
explicitMods,Recover #% of Energy Shield when you Block,2,2,object:2,,Recover 5% of Energy Shield when you Block
explicitMods,Recover #% of Life when you use a Mana Flask,2,2,object:2,,Recover 9% of Life when you use a Mana Flask
explicitMods,Reforges a rare item with new random modifiers including a random Veiled modifier,2,2,object:2,,Reforges a rare item with new random modifiers including a random Veiled modifier
explicitMods,Regenerate # Life per second while moving,2,2,object:2,,Regenerate 100 Life per second while moving
explicitMods,Regenerate #% Life over one second when Hit while Sane,2,2,object:2,,Regenerate 10% Life over one second when Hit while Sane
explicitMods,Regenerate #% of Life per second for each different Ailment affecting you,2,2,object:2,,Regenerate 2% of Life per second for each different Ailment affecting you
explicitMods,Regenerate #% of Life per second per Endurance Charge,2,2,object:2,,Regenerate 0.4% of Life per second per Endurance Charge
explicitMods,Remove Shock when you use a Flask,2,2,object:2,,Remove Shock when you use a Flask
explicitMods,"Removes one Influenced Modifier from an item with at least two Influenced\nModifiers and upgrades another Influenced Modifier\nUpgrading a modifier of the highest tier transforms the\nmodifier into an Elevated Modifier\nAttempting to upgrade an Elevated Modifier rerolls its values\nCan be used on Body Armours, Boots, Gloves and Helmets",2,2,object:2,,"Removes one Influenced Modifier from an item with at least two Influenced\nModifiers and upgrades a"
explicitMods,Restores an Afarud Unique item to its past Maraketh form,2,2,object:2,,Restores an Afarud Unique item to its past Maraketh form
explicitMods,Right ring slot: Projectiles from Spells Chain # times,2,2,object:2,,Right ring slot: Projectiles from Spells Chain +1 times
explicitMods,Right ring slot: Projectiles from Spells cannot Fork,2,2,object:2,,Right ring slot: Projectiles from Spells cannot Fork
explicitMods,Ring always Shocks,2,2,object:2,,Ring always Shocks
explicitMods,Ring: (#-#)% to Damage over Time Multiplier,2,2,object:2,,Ring: (12-15)% to Damage over Time Multiplier
explicitMods,Rituals in Area contain an additional Rare Itemised Corpse Monster,2,2,object:2,,Rituals in Area contain an additional Rare Itemised Corpse Monster
explicitMods,Ruin,2,2,object:2,,Ruin
explicitMods,Ruin III,2,2,object:2,,Ruin III
explicitMods,Sacrifice #% of your Life when you Use or Trigger a Spell Skill,2,2,object:2,,Sacrifice 10% of your Life when you Use or Trigger a Spell Skill
explicitMods,Shell cannot be reapplied to same target for # seconds after explosion,2,2,object:2,,Shell cannot be reapplied to same target for 0.2 seconds after explosion
explicitMods,Shield: #% Chance to Block Spell Damage while on Low Life,2,2,object:2,,Shield: +15% Chance to Block Spell Damage while on Low Life
explicitMods,Shock Reflection,2,2,object:2,,Shock Reflection
explicitMods,Shocks you inflict spread to other Enemies within # metres,2,2,object:2,,Shocks you inflict spread to other Enemies within 1.5 metres
explicitMods,Shrines in Area are guarded by an Atlas Boss\nModifiers to the Final Map Boss also apply to these Atlas Bosses,2,2,object:1;string:1,,Shrines in Area are guarded by an Atlas Boss\nModifiers to the Final Map Boss also apply to these At
explicitMods,Skills Cost Energy Shield instead of Mana or Life,2,2,object:2,,Skills Cost Energy Shield instead of Mana or Life
explicitMods,Smuggler's Caches in your Maps have #% increased chance to drop Blueprints,2,2,object:2,,Smuggler's Caches in your Maps have 35% increased chance to drop Blueprints
explicitMods,Socketed Gems are Supported by Level # Brutality,2,2,object:2,,Socketed Gems are Supported by Level 16 Brutality
explicitMods,Socketed Gems are Supported by Level # Controlled Destruction,2,2,object:2,,Socketed Gems are Supported by Level 10 Controlled Destruction
explicitMods,Socketed Gems are Supported by Level # Endurance Charge on Melee Stun,2,2,object:2,,Socketed Gems are Supported by Level 20 Endurance Charge on Melee Stun
explicitMods,Socketed Gems are Supported by Level # Greater Volley,2,2,object:2,,Socketed Gems are Supported by Level 20 Greater Volley
explicitMods,Socketed Gems are Supported by Level # Iron Will,2,2,object:2,,Socketed Gems are Supported by Level 30 Iron Will
explicitMods,Socketed Gems are Supported by Level # Mana Leech,2,2,object:2,,Socketed Gems are Supported by Level 15 Mana Leech
explicitMods,Socketed Gems are supported by Level # Faster Projectiles,2,2,object:2,,Socketed Gems are supported by Level 20 Faster Projectiles
explicitMods,Socketed Gems deal #% more Damage over Time,2,2,object:2,,Socketed Gems deal 30% more Damage over Time
explicitMods,Socketed Golem Skills have #% chance to Taunt on Hit,2,2,object:2,,Socketed Golem Skills have 25% chance to Taunt on Hit
explicitMods,Socketed Golem Skills have #% increased Attack and Cast Speed,2,2,object:2,,Socketed Golem Skills have 20% increased Attack and Cast Speed
explicitMods,Socketed Golem Skills have Minions Regenerate #% of Life per second,2,2,object:2,,Socketed Golem Skills have Minions Regenerate 5% of Life per second
explicitMods,Socketed Melee Gems have #% increased Area of Effect,2,2,object:2,,Socketed Melee Gems have 15% increased Area of Effect
explicitMods,Socketed Skills deal Double Damage,2,2,object:2,,Socketed Skills deal Double Damage
explicitMods,Socketed Slam Gems are Supported by Level # Earthbreaker,2,2,object:2,,Socketed Slam Gems are Supported by Level 25 Earthbreaker
explicitMods,Strength's Damage bonus applies to Projectile Attack Damage as well for Supported Skills,2,2,object:2,,Strength's Damage bonus applies to Projectile Attack Damage as well for Supported Skills
explicitMods,Substitutes Monster Packs in Area\nPack Monster Equipment Drops are converted to Gold,2,2,object:2,,Substitutes Monster Packs in Area\nPack Monster Equipment Drops are converted to Gold
explicitMods,"Substitutes Monster Packs in Area\nPack Monsters do not drop items\nPack Monsters grant increased Item Rarity when slain, up to\n#%, decaying over time",2,2,object:2,,Substitutes Monster Packs in Area\nPack Monsters do not drop items\nPack Monsters grant increased It
explicitMods,Summoned Holy Relics have #% reduced Cooldown Recovery Rate,2,2,object:2,,Summoned Holy Relics have 22% reduced Cooldown Recovery Rate
explicitMods,Summoned Skeleton Warriors are Permanent and Follow you\nSummon Skeletons cannot Summon more than # Skeleton Warrior,2,2,object:2,,Summoned Skeleton Warriors are Permanent and Follow you\nSummon Skeletons cannot Summon more than 1
explicitMods,"Supported Area of Effect Skills also affect areas in front of, behind,\nand on each side of the targeted area",2,2,object:2,,"Supported Area of Effect Skills also affect areas in front of, behind,\nand on each side of the targ"
explicitMods,Supported Attacks have #% of Damage Leeched as Mana,2,2,object:2,,Supported Attacks have 3.9% of Damage Leeched as Mana
explicitMods,Supported Skills Shock Enemies as though dealing #% more Damage,2,2,object:2,,Supported Skills Shock Enemies as though dealing 500% more Damage
explicitMods,Supported Skills deal #% increased Damage while Leeching Energy Shield,2,2,object:2,,Supported Skills deal 16% increased Damage while Leeching Energy Shield
explicitMods,Supported Skills deal #% increased Damage while Leeching Mana,2,2,object:2,,Supported Skills deal 5% increased Damage while Leeching Mana
explicitMods,Supported Skills fire #% less Projectiles,2,2,object:2,,Supported Skills fire 30% less Projectiles
explicitMods,Supported Skills have #% chance to double Stun Duration,2,2,object:2,,Supported Skills have 11% chance to double Stun Duration
explicitMods,Supported Skills have #% chance to inflict Lightning Exposure on Hit,2,2,object:2,,Supported Skills have 10% chance to inflict Lightning Exposure on Hit
explicitMods,Supported Skills have #% increased Shock Duration on Enemies,2,2,object:2,,Supported Skills have 16% increased Shock Duration on Enemies
explicitMods,Supported Skills have #% increased Warcry Speed,2,2,object:2,,Supported Skills have 68% increased Warcry Speed
explicitMods,Supported Skills throw Mines in an Arc,2,2,object:2,,Supported Skills throw Mines in an Arc
explicitMods,Supported Skills will Trigger Prismatic Burst on Hit,2,2,object:2,,Supported Skills will Trigger Prismatic Burst on Hit
explicitMods,Supported Spells Sacrifice #% of your current Life when Cast to gain added Chaos Damage equal to #% of Sacrificed Life,2,2,object:2,,Supported Spells Sacrifice 20% of your current Life when Cast to gain added Chaos Damage equal to 53
explicitMods,Take # Fire Damage when you Ignite an Enemy,2,2,object:2,,Take 100 Fire Damage when you Ignite an Enemy
explicitMods,Take # Fire Damage when you Use a Skill,2,2,object:2,,Take 397 Fire Damage when you Use a Skill
explicitMods,Take no Burning Damage if you've stopped taking Burning Damage Recently,2,2,object:2,,Take no Burning Damage if you've stopped taking Burning Damage Recently
explicitMods,Temporal Chains has no Reservation if Cast as an Aura,2,2,object:2,,Temporal Chains has no Reservation if Cast as an Aura
explicitMods,"The Absence of Mercy and Empathy is level #\nThe Maven's full power is unleashed in The Absence of Mercy and Empathy",2,2,object:1;string:1,,"The Absence of Mercy and Empathy is level 85\nThe Maven's full power is unleashed in The Absence of"
explicitMods,"The Cortex is level #\nVenarius' full power is unleashed in the Cortex",2,2,object:1;string:1,,"The Cortex is level 85\nVenarius' full power is unleashed in the Cortex"
explicitMods,"The Eye of the Storm is level #\nSirus' full power is unleashed in The Eye of the Storm",2,2,object:1;string:1,,"The Eye of the Storm is level 85\nSirus' full power is unleashed in The Eye of the Storm"
explicitMods,The Herald of the Scourge drops an additional Forbidden Tome,2,2,object:2,,The Herald of the Scourge drops an additional Forbidden Tome
explicitMods,The Labyrinth's rewards have been enriched.,2,2,object:2,,The Labyrinth's rewards have been enriched.
explicitMods,The Merchant has # additional Choices,2,2,object:2,,The Merchant has 2 additional Choices
explicitMods,"The Moment of Loneliness is level #\nThe Incarnation of Neglect's full power is unleashed in The Moment of Loneliness",2,2,object:2,,"The Moment of Loneliness is level 85\nThe Incarnation of Neglect's full power is unleashed in The M"
explicitMods,"The Moment of Reverence is level #\nThe Incarnation of Dread's full power is unleashed in The Moment of Reverence",2,2,object:1;string:1,,"The Moment of Reverence is level 85\nThe Incarnation of Dread's full power is unleashed in The Mome"
explicitMods,"The Shaper's Realm is level #\nThe Shaper's and The Elder's full power are unleashed in The Shaper's Realm",2,2,object:1;string:1,,"The Shaper's Realm is level 85\nThe Shaper's and The Elder's full power are unleashed in The Shaper"
explicitMods,"The Shaper's Realm is level #\nThe Shaper's full power is unleashed in The Shaper's Realm",2,2,object:1;string:1,,"The Shaper's Realm is level 85\nThe Shaper's full power is unleashed in The Shaper's Realm"
explicitMods,This Map's Modifiers to Quantity of Items found also apply to Rarity,2,2,object:2,,This Map's Modifiers to Quantity of Items found also apply to Rarity
explicitMods,This Skill's Arrows deal #% more Damage with Ailments per Stage,2,2,object:2,,This Skill's Arrows deal 50% more Damage with Ailments per Stage
explicitMods,This Skill's Arrows deal #% more Damage with Hits per Stage,2,2,object:2,,This Skill's Arrows deal 70% more Damage with Hits per Stage
explicitMods,Throw up to # additional Trap if dual wielding,2,2,object:2,,Throw up to 1 additional Trap if dual wielding
explicitMods,Trigger Level # Icicle Burst when you Hit a Frozen Enemy,2,2,object:2,,Trigger Level 20 Icicle Burst when you Hit a Frozen Enemy
explicitMods,Trigger Level # Lightning Bolt when you deal a Critical Strike,2,2,object:2,,Trigger Level 30 Lightning Bolt when you deal a Critical Strike
explicitMods,Trigger Level # Rain of Arrows when you Attack with a Bow,2,2,object:2,,Trigger Level 5 Rain of Arrows when you Attack with a Bow
explicitMods,Trigger Level # Shock Ground when Hit,2,2,object:2,,Trigger Level 10 Shock Ground when Hit
explicitMods,Trigger Level # Summon Spectral Wolf on Kill,2,2,object:2,,Trigger Level 10 Summon Spectral Wolf on Kill
explicitMods,Trigger Level # Summon Void Spawn every # seconds,2,2,object:2,,Trigger Level 20 Summon Void Spawn every 4 seconds
explicitMods,Trigger Level # Tears of Rot when Equipped,2,2,object:2,,Trigger Level 20 Tears of Rot when Equipped
explicitMods,Triggers Level # Fire Aegis when Equipped,2,2,object:2,,Triggers Level 20 Fire Aegis when Equipped
explicitMods,Two Handed Weapon: (#-#)% increased Spell Critical Strike Chance,2,2,object:2,,Two Handed Weapon: (165-179)% increased Spell Critical Strike Chance
explicitMods,Unaffected by Chilled Ground,2,2,object:2,,Unaffected by Chilled Ground
explicitMods,Unaffected by Desecrated Ground,2,2,object:2,,Unaffected by Desecrated Ground
explicitMods,Unaffected by Elemental Weakness while affected by Purity of Elements,2,2,object:2,,Unaffected by Elemental Weakness while affected by Purity of Elements
explicitMods,Unique Boss drops # additional Rare Thrusting One Hand Swords,2,2,object:2,,Unique Boss drops 11 additional Rare Thrusting One Hand Swords
explicitMods,Unique Monsters have a random Shrine Buff,2,2,object:2,,Unique Monsters have a random Shrine Buff
explicitMods,Unpredictably adds or removes a socket on a corrupted item,2,2,object:2,,Unpredictably adds or removes a socket on a corrupted item
explicitMods,"Unpredictably raise the strength of one Searing Exarch or Eater of Worlds modifier on an item and lower the strength of another\nLesser modifiers that have their strength lowered will be removed",2,2,object:2,,Unpredictably raise the strength of one Searing Exarch or Eater of Worlds modifier on an item and lo
explicitMods,Unpredictably reforges the colour of sockets on a corrupted item,2,2,object:2,,Unpredictably reforges the colour of sockets on a corrupted item
explicitMods,Upgrades Uul-Netol's Breachstone to a more powerful version,2,2,object:2,,Upgrades Uul-Netol's Breachstone to a more powerful version
explicitMods,Vaal Skills used during effect have #% reduced Soul Gain Prevention Duration,2,2,object:2,,Vaal Skills used during effect have 10% reduced Soul Gain Prevention Duration
explicitMods,"Weapon: Your Hits inflict Decay, dealing # Chaos Damage per second for # seconds",2,2,object:2,,"Weapon: Your Hits inflict Decay, dealing 700 Chaos Damage per second for 8 seconds"
explicitMods,"When Hit during effect, #% of Life loss from Damage taken occurs over # seconds instead",2,2,object:2,,"When Hit during effect, 25% of Life loss from Damage taken occurs over 4 seconds instead"
explicitMods,"While Minions have Energy Shield, their Hits Ignore Monster Elemental Resistances",2,2,object:2,,"While Minions have Energy Shield, their Hits Ignore Monster Elemental Resistances"
explicitMods,"With # total Dexterity and Strength in Radius, Prismatic Skills cannot choose Lightning",2,2,object:2,,"With 40 total Dexterity and Strength in Radius, Prismatic Skills cannot choose Lightning"
explicitMods,"With # total Dexterity and Strength in Radius, Prismatic Skills deal #% less Lightning Damage",2,2,object:2,,"With 40 total Dexterity and Strength in Radius, Prismatic Skills deal 50% less Lightning Damage"
explicitMods,"With a Murderous Eye Jewel Socketed, Melee Hits have #% chance to Fortify",2,2,object:2,,"With a Murderous Eye Jewel Socketed, Melee Hits have 25% chance to Fortify"
explicitMods,"With a Searching Eye Jewel Socketed, Blind Enemies for # seconds on Hit with Attacks",2,2,object:2,,"With a Searching Eye Jewel Socketed, Blind Enemies for 4 seconds on Hit with Attacks"
explicitMods,"With at least # Dexterity in Radius, Dual Strike deals Splash Damage\nto surrounding targets while wielding a Mace",2,2,object:2,,"With at least 40 Dexterity in Radius, Dual Strike deals Splash Damage\nto surrounding targets while"
explicitMods,"With at least # Dexterity in Radius, Dual Strike has #% increased Attack\nSpeed while wielding a Claw",2,2,object:2,,"With at least 40 Dexterity in Radius, Dual Strike has 13% increased Attack\nSpeed while wielding a C"
explicitMods,"With at least # Strength in Radius, Heavy Strike has a \n#% chance to deal Double Damage",2,2,object:2,,"With at least 40 Strength in Radius, Heavy Strike has a \n20% chance to deal Double Damage"
explicitMods,"With at least # Strength in Radius, Hits with Vigilant Strike Fortify you and Nearby Allies for # seconds",2,2,object:2,,"With at least 40 Strength in Radius, Hits with Vigilant Strike Fortify you and Nearby Allies for 8 s"
explicitMods,You Burn for #% of your Maximum Mana per second as Fire Damage,2,2,object:2,,You Burn for 90% of your Maximum Mana per second as Fire Damage
explicitMods,You are at Maximum Chance to Block Spell Damage if you have not Blocked Recently,2,2,object:2,,You are at Maximum Chance to Block Spell Damage if you have not Blocked Recently
explicitMods,You can apply one fewer Curse,2,2,object:2,,You can apply one fewer Curse
explicitMods,You cannot be Hindered,2,2,object:2,,You cannot be Hindered
explicitMods,You cannot have Non-Spectre Minions,2,2,object:2,,You cannot have Non-Spectre Minions
explicitMods,You gain Divinity for # seconds on reaching maximum Divine Charges\nLose all Divine Charges when you gain Divinity,2,2,object:2,,You gain Divinity for 10 seconds on reaching maximum Divine Charges\nLose all Divine Charges when yo
explicitMods,You have Phasing if Energy Shield Recharge has started Recently,2,2,object:2,,You have Phasing if Energy Shield Recharge has started Recently
explicitMods,You have Phasing while on Low Life,2,2,object:2,,You have Phasing while on Low Life
explicitMods,You have Vaal Pact while all Socketed Gems are Red,2,2,object:2,,You have Vaal Pact while all Socketed Gems are Red
explicitMods,You have Zealot's Oath if you haven't been hit recently,2,2,object:2,,You have Zealot's Oath if you haven't been hit recently
explicitMods,Your Curse Limit is equal to your maximum Power Charges,2,2,object:2,,Your Curse Limit is equal to your maximum Power Charges
explicitMods,Your Hits cannot Penetrate or ignore Elemental Resistances,2,2,object:2,,Your Hits cannot Penetrate or ignore Elemental Resistances
explicitMods,Your Lightning Damage can Ignite,2,2,object:2,,Your Lightning Damage can Ignite
explicitMods,Your Maps have #% chance to contain Einhar,2,2,object:2,,Your Maps have +22% chance to contain Einhar
explicitMods,Your Maps have #% chance to contain Jun,2,2,object:2,,Your Maps have +34% chance to contain Jun
explicitMods,Your Maps have #% chance to contain Ritual Altars,2,2,object:2,,Your Maps have +41% chance to contain Ritual Altars
explicitMods,Your Maps have #% chance to contain a Blight Encounter,2,2,object:2,,Your Maps have +32% chance to contain a Blight Encounter
explicitMods,Your Maps have #% chance to contain a Legion Encounter,2,2,object:2,,Your Maps have +21% chance to contain a Legion Encounter
explicitMods,Your Maps have #% chance to contain an [ContainsAbyss|Abyss],2,2,object:2,,Your Maps have +23% chance to contain an [ContainsAbyss|Abyss]
explicitMods,Your Maps have a #% chance to contain an additional Shrine,2,2,object:2,,Your Maps have a 43% chance to contain an additional Shrine
explicitMods,Your Minions use your Flasks when summoned,2,2,object:2,,Your Minions use your Flasks when summoned
explicitMods,Your Movement Speed is #% of its base value,2,2,object:2,,Your Movement Speed is 150% of its base value
explicitMods,# Added Passive Skill is Ancestral Preservation,1,1,object:1,,1 Added Passive Skill is Ancestral Preservation
explicitMods,# Added Passive Skill is Antifreeze,1,1,object:1,,1 Added Passive Skill is Antifreeze
explicitMods,# Added Passive Skill is Arcane Pyrotechnics,1,1,object:1,,1 Added Passive Skill is Arcane Pyrotechnics
explicitMods,# Added Passive Skill is Astonishing Affliction,1,1,object:1,,1 Added Passive Skill is Astonishing Affliction
explicitMods,# Added Passive Skill is Basics of Pain,1,1,object:1,,1 Added Passive Skill is Basics of Pain
explicitMods,# Added Passive Skill is Battlefield Dominator,1,1,object:1,,1 Added Passive Skill is Battlefield Dominator
explicitMods,# Added Passive Skill is Born of Chaos,1,1,object:1,,1 Added Passive Skill is Born of Chaos
explicitMods,# Added Passive Skill is Broadside,1,1,object:1,,1 Added Passive Skill is Broadside
explicitMods,# Added Passive Skill is Brutal Infamy,1,1,object:1,,1 Added Passive Skill is Brutal Infamy
explicitMods,# Added Passive Skill is Capacitor,1,1,object:1,,1 Added Passive Skill is Capacitor
explicitMods,# Added Passive Skill is Cold Conduction,1,1,object:1,,1 Added Passive Skill is Cold Conduction
explicitMods,# Added Passive Skill is Cold to the Core,1,1,object:1,,1 Added Passive Skill is Cold to the Core
explicitMods,# Added Passive Skill is Corrosive Elements,1,1,object:1,,1 Added Passive Skill is Corrosive Elements
explicitMods,# Added Passive Skill is Disorienting Wounds,1,1,object:1,,1 Added Passive Skill is Disorienting Wounds
explicitMods,# Added Passive Skill is Dread March,1,1,object:1,,1 Added Passive Skill is Dread March
explicitMods,# Added Passive Skill is Eldritch Inspiration,1,1,object:1,,1 Added Passive Skill is Eldritch Inspiration
explicitMods,# Added Passive Skill is Elegant Form,1,1,object:1,,1 Added Passive Skill is Elegant Form
explicitMods,# Added Passive Skill is Eye to Eye,1,1,object:1,,1 Added Passive Skill is Eye to Eye
explicitMods,# Added Passive Skill is Fettle,1,1,object:1,,1 Added Passive Skill is Fettle
explicitMods,# Added Passive Skill is Flexible Sentry,1,1,object:1,,1 Added Passive Skill is Flexible Sentry
explicitMods,# Added Passive Skill is Heraldry,1,1,object:1,,1 Added Passive Skill is Heraldry
explicitMods,# Added Passive Skill is Holistic Health,1,1,object:1,,1 Added Passive Skill is Holistic Health
explicitMods,# Added Passive Skill is Hound's Mark,1,1,object:1,,1 Added Passive Skill is Hound's Mark
explicitMods,# Added Passive Skill is Life from Death,1,1,object:1,,1 Added Passive Skill is Life from Death
explicitMods,# Added Passive Skill is Master of Fear,1,1,object:1,,1 Added Passive Skill is Master of Fear
explicitMods,# Added Passive Skill is Master of the Maelstrom,1,1,object:1,,1 Added Passive Skill is Master of the Maelstrom
explicitMods,# Added Passive Skill is Molten One's Mark,1,1,object:1,,1 Added Passive Skill is Molten One's Mark
explicitMods,# Added Passive Skill is Mortifying Aspect,1,1,object:1,,1 Added Passive Skill is Mortifying Aspect
explicitMods,# Added Passive Skill is Mystical Ward,1,1,object:1,,1 Added Passive Skill is Mystical Ward
explicitMods,# Added Passive Skill is Natural Vigour,1,1,object:1,,1 Added Passive Skill is Natural Vigour
explicitMods,# Added Passive Skill is No Witnesses,1,1,object:1,,1 Added Passive Skill is No Witnesses
explicitMods,# Added Passive Skill is Non-Flammable,1,1,object:1,,1 Added Passive Skill is Non-Flammable
explicitMods,# Added Passive Skill is Numbing Elixir,1,1,object:1,,1 Added Passive Skill is Numbing Elixir
explicitMods,# Added Passive Skill is Opportunistic Fusilade,1,1,object:1,,1 Added Passive Skill is Opportunistic Fusilade
explicitMods,# Added Passive Skill is Phlebotomist,1,1,object:1,,1 Added Passive Skill is Phlebotomist
explicitMods,# Added Passive Skill is Precise Focus,1,1,object:1,,1 Added Passive Skill is Precise Focus
explicitMods,# Added Passive Skill is Primordial Bond,1,1,object:1,,1 Added Passive Skill is Primordial Bond
explicitMods,# Added Passive Skill is Prodigious Defence,1,1,object:1,,1 Added Passive Skill is Prodigious Defence
explicitMods,# Added Passive Skill is Provocateur,1,1,object:1,,1 Added Passive Skill is Provocateur
explicitMods,# Added Passive Skill is Pure Aptitude,1,1,object:1,,1 Added Passive Skill is Pure Aptitude
explicitMods,# Added Passive Skill is Raze and Pillage,1,1,object:1,,1 Added Passive Skill is Raze and Pillage
explicitMods,# Added Passive Skill is Rot-Resistant,1,1,object:1,,1 Added Passive Skill is Rot-Resistant
explicitMods,# Added Passive Skill is Rote Reinforcement,1,1,object:1,,1 Added Passive Skill is Rote Reinforcement
explicitMods,# Added Passive Skill is Sap Psyche,1,1,object:1,,1 Added Passive Skill is Sap Psyche
explicitMods,# Added Passive Skill is Second Skin,1,1,object:1,,1 Added Passive Skill is Second Skin
explicitMods,# Added Passive Skill is Seeker Runes,1,1,object:1,,1 Added Passive Skill is Seeker Runes
explicitMods,# Added Passive Skill is Storm's Hand,1,1,object:1,,1 Added Passive Skill is Storm's Hand
explicitMods,# Added Passive Skill is Stormrider,1,1,object:1,,1 Added Passive Skill is Stormrider
explicitMods,# Added Passive Skill is Strike Leader,1,1,object:1,,1 Added Passive Skill is Strike Leader
explicitMods,# Added Passive Skill is Stubborn Student,1,1,object:1,,1 Added Passive Skill is Stubborn Student
explicitMods,# Added Passive Skill is Tempered Arrowheads,1,1,object:1,,1 Added Passive Skill is Tempered Arrowheads
explicitMods,# Added Passive Skill is Tempt the Storm,1,1,object:1,,1 Added Passive Skill is Tempt the Storm
explicitMods,# Added Passive Skill is Thaumophage,1,1,object:1,,1 Added Passive Skill is Thaumophage
explicitMods,# Added Passive Skill is Vicious Bite,1,1,object:1,,1 Added Passive Skill is Vicious Bite
explicitMods,# Added Passive Skill is Weight Advantage,1,1,object:1,,1 Added Passive Skill is Weight Advantage
explicitMods,# Armour if you've Blocked Recently,1,1,object:1,,+1500 Armour if you've Blocked Recently
explicitMods,# Armour per Summoned Totem,1,1,object:1,,+300 Armour per Summoned Totem
explicitMods,# Energy Shield gained on Killing a Shocked Enemy,1,1,object:1,,+208 Energy Shield gained on Killing a Shocked Enemy
explicitMods,# Fire Damage taken from Hits,1,1,object:1,,-20 Fire Damage taken from Hits
explicitMods,# Strength per # Strength on Allocated Passives in Radius,1,1,object:1,,-1 Strength per 1 Strength on Allocated Passives in Radius
explicitMods,# maximum Beam Target,1,1,object:1,,1 maximum Beam Target
explicitMods,# metre to Dodge Roll distance,1,1,object:1,,+1 metre to Dodge Roll distance
explicitMods,# second to Summon Skeleton Cooldown,1,1,object:1,,+1 second to Summon Skeleton Cooldown
explicitMods,# to # Added Chaos Damage with Claw Attacks,1,1,object:1,,7 to 11 Added Chaos Damage with Claw Attacks
explicitMods,# to # Added Cold Damage per # Evasion Rating on Shield,1,1,object:1,,4 to 7 Added Cold Damage per 15 Evasion Rating on Shield
explicitMods,# to # Added Cold Damage with Claw Attacks,1,1,object:1,,8 to 15 Added Cold Damage with Claw Attacks
explicitMods,# to # Added Fire Damage with Sword Attacks,1,1,object:1,,11 to 17 Added Fire Damage with Sword Attacks
explicitMods,# to # Added Fire Damage with Wand Attacks,1,1,object:1,,15 to 25 Added Fire Damage with Wand Attacks
explicitMods,# to # Added Lightning Damage with Staff Attacks,1,1,object:1,,1 to 24 Added Lightning Damage with Staff Attacks
explicitMods,# to # Added Lightning Damage with Sword Attacks,1,1,object:1,,1 to 30 Added Lightning Damage with Sword Attacks
explicitMods,# to # Added Physical Damage with Dagger Attacks,1,1,object:1,,2 to 3 Added Physical Damage with Dagger Attacks
explicitMods,# to # Added Physical Damage with Staff Attacks,1,1,object:1,,4 to 6 Added Physical Damage with Staff Attacks
explicitMods,# to # Added Spell Chaos Damage while Dual Wielding,1,1,object:1,,10 to 15 Added Spell Chaos Damage while Dual Wielding
explicitMods,# to # Added Spell Cold Damage while Dual Wielding,1,1,object:1,,12 to 16 Added Spell Cold Damage while Dual Wielding
explicitMods,# to # Added Spell Fire Damage while holding a Shield,1,1,object:1,,11 to 16 Added Spell Fire Damage while holding a Shield
explicitMods,# to # Added Spell Lightning Damage while Dual Wielding,1,1,object:1,,1 to 25 Added Spell Lightning Damage while Dual Wielding
explicitMods,# to # Added Spell Physical Damage while Dual Wielding,1,1,object:1,,1 to 3 Added Spell Physical Damage while Dual Wielding
explicitMods,# to # Added Spell Physical Damage while holding a Shield,1,1,object:1,,2 to 4 Added Spell Physical Damage while holding a Shield
explicitMods,# to # Added Spell Physical Damage while wielding a Two Handed Weapon,1,1,object:1,,5 to 7 Added Spell Physical Damage while wielding a Two Handed Weapon
explicitMods,# to # Base Off Hand Cold Damage,1,1,object:1,,69 to 103 Base Off Hand Cold Damage
explicitMods,# to # Fire Damage per Endurance Charge,1,1,object:1,,4 to 7 Fire Damage per Endurance Charge
explicitMods,# to # added Fire Damage\nPlayers and their Minions have # to # added Fire Damage,1,1,object:1,,11 to 20 added Fire Damage\nPlayers and their Minions have 11 to 20 added Fire Damage
explicitMods,# to # added Lightning Damage\nPlayers and their Minions have # to # added Lightning Damage,1,1,object:1,,1 to 39 added Lightning Damage\nPlayers and their Minions have 1 to 39 added Lightning Damage
explicitMods,# to Armour per # Evasion Rating on Equipped Shield,1,1,object:1,,+5 to Armour per 5 Evasion Rating on Equipped Shield
explicitMods,# to Evasion Rating and Energy Shield,1,1,object:1,,+92 to Evasion Rating and Energy Shield
explicitMods,# to Evasion Rating per # Maximum Energy Shield on Equipped Shield,1,1,object:1,,+20 to Evasion Rating per 5 Maximum Energy Shield on Equipped Shield
explicitMods,# to Evasion Rating per # Player Maximum Life,1,1,object:1,mutated=True:1,+6 to Evasion Rating per 10 Player Maximum Life
explicitMods,# to Level of Socketed Intelligence Gems,1,1,object:1,,+1 to Level of Socketed Intelligence Gems
explicitMods,# to Level of Supported Curse Skill Gems,1,1,object:1,,+1 to Level of Supported Curse Skill Gems
explicitMods,# to Level of Supported Elemental Skill Gems,1,1,object:1,,+1 to Level of Supported Elemental Skill Gems
explicitMods,# to Level of all Dexterity Skill Gems,1,1,object:1,,+1 to Level of all Dexterity Skill Gems
explicitMods,# to Level of all Double Strike Gems,1,1,object:1,,+3 to Level of all Double Strike Gems
explicitMods,# to Level of all Elemental Skill Gems if the stars are aligned,1,1,object:1,,+1 to Level of all Elemental Skill Gems if the stars are aligned
explicitMods,# to Level of all Elemental Support Gems if the stars are aligned,1,1,object:1,,+1 to Level of all Elemental Support Gems if the stars are aligned
explicitMods,# to Level of all Ethereal Knives Gems,1,1,object:1,,+3 to Level of all Ethereal Knives Gems
explicitMods,# to Level of all Fireball Gems,1,1,object:1,,+3 to Level of all Fireball Gems
explicitMods,# to Level of all Flesh Offering Gems,1,1,object:1,,+3 to Level of all Flesh Offering Gems
explicitMods,# to Level of all Hexblast Gems,1,1,object:1,,+3 to Level of all Hexblast Gems
explicitMods,# to Level of all Holy Sweep Gems,1,1,object:1,,+3 to Level of all Holy Sweep Gems
explicitMods,# to Level of all Jobs for Heists,1,1,object:1,,+1 to Level of all Jobs for Heists
explicitMods,# to Level of all Kinetic Fusillade Gems,1,1,object:1,,+3 to Level of all Kinetic Fusillade Gems
explicitMods,# to Level of all Rejuvenation Totem Gems,1,1,object:1,,+3 to Level of all Rejuvenation Totem Gems
explicitMods,# to Level of all Soulrend Gems,1,1,object:1,,+3 to Level of all Soulrend Gems
explicitMods,# to Level of all Toxic Rain Gems,1,1,object:1,,+3 to Level of all Toxic Rain Gems
explicitMods,# to Level of all [Melee|Melee] Skills,1,1,object:1,,+1 to Level of all [Melee|Melee] Skills
explicitMods,# to Level of all [Minion|Minion] Skills,1,1,object:1,,+1 to Level of all [Minion|Minion] Skills
explicitMods,# to Maximum Energy Shield per # Armour on Equipped Shield,1,1,object:1,,+1 to Maximum Energy Shield per 5 Armour on Equipped Shield
explicitMods,# to Maximum Life per Elder Item Equipped,1,1,object:1,,+6 to Maximum Life per Elder Item Equipped
explicitMods,# to [Dexterity|Dexterity],1,1,object:1,,+15 to [Dexterity|Dexterity]
explicitMods,# to [Evasion] Rating,1,1,object:1,,+16 to [Evasion] Rating
explicitMods,# to [Spirit|Spirit],1,1,object:1,,+30 to [Spirit|Spirit]
explicitMods,# to maximum Snipe Stages,1,1,object:1,,+2 to maximum Snipe Stages
explicitMods,#% Chance to Block Attack Damage from Cursed Enemies,1,1,object:1,,+20% Chance to Block Attack Damage from Cursed Enemies
explicitMods,#% Chance to Block Attack Damage if there are at least # nearby Enemies,1,1,object:1,,+3% Chance to Block Attack Damage if there are at least 5 nearby Enemies
explicitMods,#% Chance to Block Attack Damage per # Strength,1,1,object:1,,+1% Chance to Block Attack Damage per 50 Strength
explicitMods,#% Chance to Block Attack Damage while Dual Wielding Claws,1,1,object:1,,+8% Chance to Block Attack Damage while Dual Wielding Claws
explicitMods,#% Chance to Block Attack Damage while holding a Shield,1,1,object:1,,+1% Chance to Block Attack Damage while holding a Shield
explicitMods,#% Monster Lightning Resistance,1,1,object:1,,+35% Monster Lightning Resistance
explicitMods,#% additional Physical Damage Reduction while stationary,1,1,object:1,,10% additional Physical Damage Reduction while stationary
explicitMods,#% chance for Energy Shield Recharge to start when you Block,1,1,object:1,,20% chance for Energy Shield Recharge to start when you Block
explicitMods,#% chance for Skills to not consume a Cooldown on use,1,1,object:1,,20% chance for Skills to not consume a Cooldown on use
explicitMods,#% chance for one Monster in each of your Maps to drop an additional connected Map,1,1,object:1,,5.43% chance for one Monster in each of your Maps to drop an additional connected Map
explicitMods,#% chance in Heists for Jeweller's Orbs to drop as Orbs of Fusing instead,1,1,object:1,,23% chance in Heists for Jeweller's Orbs to drop as Orbs of Fusing instead
explicitMods,#% chance in Heists for Orbs of Alteration to drop as Orbs of Alchemy instead,1,1,object:1,,20% chance in Heists for Orbs of Alteration to drop as Orbs of Alchemy instead
explicitMods,#% chance in Heists for Orbs of Augmentation to drop as Orbs of Alchemy instead,1,1,object:1,,7% chance in Heists for Orbs of Augmentation to drop as Orbs of Alchemy instead
explicitMods,#% chance in Heists for Regal Orbs to drop as Divine Orbs instead,1,1,object:1,,3% chance in Heists for Regal Orbs to drop as Divine Orbs instead
explicitMods,#% chance in Heists for Regal Orbs to drop as Exalted Orbs instead,1,1,object:1,,2% chance in Heists for Regal Orbs to drop as Exalted Orbs instead
explicitMods,#% chance on reaching Low Life to recover to Full Life,1,1,object:1,,20% chance on reaching Low Life to recover to Full Life
explicitMods,"#% chance that if you would gain Power Charges, you instead gain up to\nyour maximum number of Power Charges",1,1,object:1,,"25% chance that if you would gain Power Charges, you instead gain up to\nyour maximum number of Powe"
explicitMods,#% chance to Avoid Fire Damage from Hits,1,1,object:1,,8% chance to Avoid Fire Damage from Hits
explicitMods,#% chance to Avoid Lightning Damage from Hits,1,1,object:1,,9% chance to Avoid Lightning Damage from Hits
explicitMods,#% chance to Avoid Physical Damage from Hits,1,1,object:1,,5% chance to Avoid Physical Damage from Hits
explicitMods,#% chance to Avoid Resolve loss from Enemy Hits if you've been Hit recently,1,1,object:1,,6% chance to Avoid Resolve loss from Enemy Hits if you've been Hit recently
explicitMods,#% chance to Defend with #% of Armour,1,1,object:1,,11% chance to Defend with 200% of Armour
explicitMods,#% chance to Impale Enemies on Hit with Attacks while using Pride,1,1,object:1,,25% chance to Impale Enemies on Hit with Attacks while using Pride
explicitMods,#% chance to Intimidate Enemies for # seconds on Hit,1,1,object:1,,13% chance to Intimidate Enemies for 4 seconds on Hit
explicitMods,#% chance to Suppress Spell Damage while affected by Haste,1,1,object:1,,+5% chance to Suppress Spell Damage while affected by Haste
explicitMods,#% chance to Trigger Level # Blood Rage when you Kill an Enemy,1,1,object:1,,15% chance to Trigger Level 1 Blood Rage when you Kill an Enemy
explicitMods,#% chance to Trigger Level # Tentacle Whip on Kill,1,1,object:1,,20% chance to Trigger Level 20 Tentacle Whip on Kill
explicitMods,#% chance to Unnerve Enemies for # seconds on Hit,1,1,object:1,,10% chance to Unnerve Enemies for 4 seconds on Hit
explicitMods,#% chance to create Profane Ground on Critical\nStrike if Intelligence is your highest Attribute,1,1,object:1,,25% chance to create Profane Ground on Critical\nStrike if Intelligence is your highest Attribute
explicitMods,#% chance to deal Double Damage while you have at least # Strength,1,1,object:1,,10% chance to deal Double Damage while you have at least 200 Strength
explicitMods,#% chance to deal Triple Damage while you have at least # Strength,1,1,object:1,,5% chance to deal Triple Damage while you have at least 400 Strength
explicitMods,#% chance to double Stun Duration,1,1,object:1,,20% chance to double Stun Duration
explicitMods,#% chance to gain Unholy Might for # seconds on Kill,1,1,object:1,,7% chance to gain Unholy Might for 3 seconds on Kill
explicitMods,#% chance to gain a Frenzy Charge on Hitting an Enemy with no Evasion Rating,1,1,object:1,,28% chance to gain a Frenzy Charge on Hitting an Enemy with no Evasion Rating
explicitMods,#% chance to gain a Power Charge if you Knock an Enemy Back with Melee Damage,1,1,object:1,,10% chance to gain a Power Charge if you Knock an Enemy Back with Melee Damage
explicitMods,#% chance to gain an Endurance Charge on Hitting an Enemy with no Armour,1,1,object:1,,30% chance to gain an Endurance Charge on Hitting an Enemy with no Armour
explicitMods,#% chance to gain an Endurance Charge when you Taunt an Enemy,1,1,object:1,,19% chance to gain an Endurance Charge when you Taunt an Enemy
explicitMods,#% chance to gain an additional Vaal Soul on Kill,1,1,object:1,,22% chance to gain an additional Vaal Soul on Kill
explicitMods,#% chance to inflict Corrosion on Hit with Attacks,1,1,object:1,,24% chance to inflict Corrosion on Hit with Attacks
explicitMods,#% chance to inflict Lightning Exposure on Hit,1,1,object:1,,11% chance to inflict Lightning Exposure on Hit
explicitMods,#% chance to inflict an additional Poison on the same Target when you inflict Poison,1,1,object:1,,31% chance to inflict an additional Poison on the same Target when you inflict Poison
explicitMods,#% chance to not Activate Lockdown in Grand Heists,1,1,object:1,,4% chance to not Activate Lockdown in Grand Heists
explicitMods,#% chance to not generate Alert Level on opening a Chest using Brute Force,1,1,object:1,,7% chance to not generate Alert Level on opening a Chest using Brute Force
explicitMods,#% chance to not generate Alert Level on opening a Chest using Demolition,1,1,object:1,,5% chance to not generate Alert Level on opening a Chest using Demolition
explicitMods,#% chance to not generate Alert Level on opening a Chest using Lockpicking,1,1,object:1,,6% chance to not generate Alert Level on opening a Chest using Lockpicking
explicitMods,#% chance to not generate Alert Level on opening a Chest using Trap Disarmament,1,1,object:1,,10% chance to not generate Alert Level on opening a Chest using Trap Disarmament
explicitMods,#% chance to receive additional Jewellery when opening a Reward Chest in a Heist,1,1,object:1,,6% chance to receive additional Jewellery when opening a Reward Chest in a Heist
explicitMods,#% chance to receive additional Weapons when opening a Reward Chest in a Heist,1,1,object:1,,5% chance to receive additional Weapons when opening a Reward Chest in a Heist
explicitMods,#% chance to throw up to # additional Traps,1,1,object:1,,4% chance to throw up to 4 additional Traps
explicitMods,#% faster Restoration of Ward,1,1,object:1,,47% faster Restoration of Ward
explicitMods,#% fissure branching chance per Endurance Charge removed,1,1,object:1,,10% fissure branching chance per Endurance Charge removed
explicitMods,#% increased Accuracy Rating during Effect,1,1,object:1,,18% increased Accuracy Rating during Effect
explicitMods,#% increased Accuracy Rating if you haven't Killed Recently,1,1,object:1,,25% increased Accuracy Rating if you haven't Killed Recently
explicitMods,#% increased Agility speed,1,1,object:1,,14% increased Agility speed
explicitMods,#% increased Arctic Armour Buff Effect,1,1,object:1,,50% increased Arctic Armour Buff Effect
explicitMods,#% increased Area Damage per # Devotion,1,1,object:1,,4% increased Area Damage per 10 Devotion
explicitMods,#% increased Area of Effect per # Strength,1,1,object:1,,3% increased Area of Effect per 50 Strength
explicitMods,#% increased Area of Effect per Red Socket,1,1,object:1,,11% increased Area of Effect per Red Socket
explicitMods,#% increased Area of Effect while Unarmed,1,1,object:1,mutated=True:1,28% increased Area of Effect while Unarmed
explicitMods,#% increased Armour if you haven't Killed Recently,1,1,object:1,,25% increased Armour if you haven't Killed Recently
explicitMods,"#% increased Armour, Evasion and Energy Shield",1,1,object:1,crafted=True:1,"18% increased Armour, Evasion and Energy Shield"
explicitMods,#% increased Aspect of the Spider Debuff Duration,1,1,object:1,,44% increased Aspect of the Spider Debuff Duration
explicitMods,#% increased Attack Critical Strike Chance per # Accuracy Rating,1,1,object:1,,2% increased Attack Critical Strike Chance per 200 Accuracy Rating
explicitMods,#% increased Attack Damage against Enemies with a higher percentage of their Life remaining than you,1,1,object:1,,50% increased Attack Damage against Enemies with a higher percentage of their Life remaining than yo
explicitMods,#% increased Attack Damage for each Map Item Modifier affecting the Area,1,1,object:1,,6% increased Attack Damage for each Map Item Modifier affecting the Area
explicitMods,#% increased Attack Damage if your opposite Ring is a Shaper Item,1,1,object:1,,71% increased Attack Damage if your opposite Ring is a Shaper Item
explicitMods,#% increased Attack Damage per # Evasion Rating,1,1,object:1,,1% increased Attack Damage per 450 Evasion Rating
explicitMods,#% increased Attack Damage while affected by Precision,1,1,object:1,,58% increased Attack Damage while affected by Precision
explicitMods,#% increased Attack Speed during any Flask Effect,1,1,object:1,,12% increased Attack Speed during any Flask Effect
explicitMods,#% increased Attack Speed for each Map Item Modifier affecting the Area,1,1,object:1,,3% increased Attack Speed for each Map Item Modifier affecting the Area
explicitMods,#% increased Attack Speed while a Rare or Unique Enemy is Nearby,1,1,object:1,,15% increased Attack Speed while a Rare or Unique Enemy is Nearby
explicitMods,#% increased Attack and Movement Speed while you have a Bestial Minion,1,1,object:1,,14% increased Attack and Movement Speed while you have a Bestial Minion
explicitMods,#% increased Brand Attachment range,1,1,object:1,,27% increased Brand Attachment range
explicitMods,#% increased Brute Force speed,1,1,object:1,,11% increased Brute Force speed
explicitMods,#% increased Cast Speed during any Flask Effect,1,1,object:1,,14% increased Cast Speed during any Flask Effect
explicitMods,#% increased Cast Speed while affected by Zealotry,1,1,object:1,,14% increased Cast Speed while affected by Zealotry
explicitMods,#% increased Charges gained,1,1,object:1,,30% increased Charges gained
explicitMods,#% increased Cooldown Recovery Rate of Movement Skills used while affected by Haste,1,1,object:1,,50% increased Cooldown Recovery Rate of Movement Skills used while affected by Haste
explicitMods,#% increased Cost of Skills,1,1,object:1,,31% increased Cost of Skills
explicitMods,#% increased Critical Strike Chance with Cold Skills,1,1,object:1,,16% increased Critical Strike Chance with Cold Skills
explicitMods,#% increased Critical Strike Chance with Elemental Skills,1,1,object:1,,11% increased Critical Strike Chance with Elemental Skills
explicitMods,#% increased Critical Strike Chance with Fire Skills,1,1,object:1,,14% increased Critical Strike Chance with Fire Skills
explicitMods,#% increased Damage for each Magic Item Equipped,1,1,object:1,,20% increased Damage for each Magic Item Equipped
explicitMods,#% increased Damage for each Trap and Mine you have,1,1,object:1,,5% increased Damage for each Trap and Mine you have
explicitMods,#% increased Damage for each unlinked Socket in Equipped Two Handed Weapon,1,1,object:1,,10% increased Damage for each unlinked Socket in Equipped Two Handed Weapon
explicitMods,#% increased Damage if you have Consumed a corpse Recently,1,1,object:1,,34% increased Damage if you have Consumed a corpse Recently
explicitMods,#% increased Damage if you've Killed Recently,1,1,object:1,,15% increased Damage if you've Killed Recently
explicitMods,#% increased Damage on Burning Ground,1,1,object:1,,50% increased Damage on Burning Ground
explicitMods,#% increased Damage over Time while wielding a Two Handed Weapon,1,1,object:1,,12% increased Damage over Time while wielding a Two Handed Weapon
explicitMods,#% increased Damage per # Strength,1,1,object:1,,1% increased Damage per 15 Strength
explicitMods,#% increased Damage while area is not in Lockdown\nPlayers deal #% increased Damage while area is not in Lockdown,1,1,object:1,,24% increased Damage while area is not in Lockdown\nPlayers deal 24% increased Damage while area is
explicitMods,#% increased Damage with Claws,1,1,object:1,,14% increased Damage with Claws
explicitMods,#% increased Damage with Daggers,1,1,object:1,,15% increased Damage with Daggers
explicitMods,#% increased Damage with Hits against Enemies on Full Life\nPlayers deal #% increased Damage with Hits against Enemies on Full Life,1,1,object:1,,26% increased Damage with Hits against Enemies on Full Life\nPlayers deal 26% increased Damage with
explicitMods,#% increased Damage with Hits and Ailments against Bleeding Enemies,1,1,object:1,,42% increased Damage with Hits and Ailments against Bleeding Enemies
explicitMods,#% increased Damage with Hits and Ailments against Chilled Enemies,1,1,object:1,,63% increased Damage with Hits and Ailments against Chilled Enemies
explicitMods,#% increased Damage with Hits and Ailments against Enemies affected by # Spider's Webs,1,1,object:1,,46% increased Damage with Hits and Ailments against Enemies affected by 3 Spider's Webs
explicitMods,#% increased Damage with Non-Vaal Skills during Soul Gain Prevention,1,1,object:1,crafted=True:1,52% increased Damage with Non-Vaal Skills during Soul Gain Prevention
explicitMods,#% increased Damage with Staves,1,1,object:1,,15% increased Damage with Staves
explicitMods,#% increased Damage with Vaal Skills,1,1,object:1,,94% increased Damage with Vaal Skills
explicitMods,#% increased Duration of Elemental Ailments from Melee Weapon Attacks,1,1,object:1,,56% increased Duration of Elemental Ailments from Melee Weapon Attacks
explicitMods,#% increased Effect of Consecrated Ground you create,1,1,object:1,,45% increased Effect of Consecrated Ground you create
explicitMods,#% increased Effect of Herald Buffs on you,1,1,object:1,mutated=True:1,98% increased Effect of Herald Buffs on you
explicitMods,#% increased Effect of Non-Damaging Ailments per Elder Item Equipped,1,1,object:1,,8% increased Effect of Non-Damaging Ailments per Elder Item Equipped
explicitMods,#% increased Effect of Onslaught on you,1,1,object:1,,100% increased Effect of Onslaught on you
explicitMods,#% increased Elemental Damage if you've dealt a Critical Strike Recently,1,1,object:1,,27% increased Elemental Damage if you've dealt a Critical Strike Recently
explicitMods,"#% increased Elemental Damage per #% Fire, Cold, or Lightning Resistance above #%",1,1,object:1,,"10% increased Elemental Damage per 1% Fire, Cold, or Lightning Resistance above 75%"
explicitMods,#% increased Energy Shield from Equipped Body Armour,1,1,object:1,,27% increased Energy Shield from Equipped Body Armour
explicitMods,#% increased Evasion Rating while Focused,1,1,object:1,,30% increased Evasion Rating while Focused
explicitMods,"#% increased Experience Gain\n#% increased Reward progress from Monster Kills\nMonsters deal #% increased Damage\nMonsters have #% increased Toughness for each time they have been Revived\nMonsters Penetrate #% of Enemy Elemental Resistances for each time\nthey have been Revived",1,1,object:1,,"10% increased Experience Gain\n20% increased Reward progress from Monster Kills\nMonsters deal 10%"
explicitMods,"#% increased Experience Gain\n#% increased Reward progress from Monster Kills\nMonsters deal #% increased Damage\nMonsters have #% increased Toughness for each time they have been Revived\nMonsters gain #% of Physical Damage as Extra Chaos Damage for each time\nthey have been Revived",1,1,object:1,,"10% increased Experience Gain\n20% increased Reward progress from Monster Kills\nMonsters deal 10%"
explicitMods,"#% increased Experience Gain\n#% increased Reward progress from Monster Kills\nMonsters deal #% increased Damage\nMonsters have #% increased Toughness for each time they have been Revived\nMonsters have #% increased Attack and Cast Speed for each time they have been Revived",1,1,object:1,,"10% increased Experience Gain\n20% increased Reward progress from Monster Kills\nMonsters deal 10%"
explicitMods,#% increased Experience Gain for Corrupted Gems,1,1,object:1,,10% increased Experience Gain for Corrupted Gems
explicitMods,#% increased Global Critical Strike Chance per Blue Socket,1,1,object:1,,27% increased Global Critical Strike Chance per Blue Socket
explicitMods,#% increased Global Defences per Empty Socket,1,1,object:1,,8% increased Global Defences per Empty Socket
explicitMods,#% increased Heist Contracts found in your Maps,1,1,object:1,,11% increased Heist Contracts found in your Maps
explicitMods,#% increased Implicit Modifier magnitudes,1,1,object:1,,63% increased Implicit Modifier magnitudes
explicitMods,#% increased Life Recovery Rate per # Strength on Allocated Passives in Radius,1,1,object:1,,2% increased Life Recovery Rate per 10 Strength on Allocated Passives in Radius
explicitMods,#% increased Life Recovery from Flasks while affected by Vitality,1,1,object:1,,66% increased Life Recovery from Flasks while affected by Vitality
explicitMods,#% increased Lightning Damage while affected by Wrath,1,1,object:1,,48% increased Lightning Damage while affected by Wrath
explicitMods,#% increased Lockpicking speed,1,1,object:1,,13% increased Lockpicking speed
explicitMods,#% increased Mana Reservation Efficiency of Herald Skills,1,1,object:1,,10% increased Mana Reservation Efficiency of Herald Skills
explicitMods,#% increased Melee Fire Damage,1,1,object:1,mutated=True:1,80% increased Melee Fire Damage
explicitMods,#% increased Melee Weapon Attack Speed,1,1,object:1,,32% increased Melee Weapon Attack Speed
explicitMods,#% increased Melee Weapon Damage against Enemies that are on Low Life,1,1,object:1,,113% increased Melee Weapon Damage against Enemies that are on Low Life
explicitMods,#% increased Minion Attack and Cast Speed per # Devotion,1,1,object:1,,1% increased Minion Attack and Cast Speed per 10 Devotion
explicitMods,#% increased Movement Speed if you have used a Vaal Skill Recently,1,1,object:1,,10% increased Movement Speed if you have used a Vaal Skill Recently
explicitMods,#% increased Movement Speed if you haven't taken Damage Recently,1,1,object:1,,4% increased Movement Speed if you haven't taken Damage Recently
explicitMods,#% increased Movement Speed on Shocked Ground,1,1,object:1,,20% increased Movement Speed on Shocked Ground
explicitMods,#% increased Perception Experience gained,1,1,object:1,,10% increased Perception Experience gained
explicitMods,#% increased Physical Damage while using Pride,1,1,object:1,,57% increased Physical Damage while using Pride
explicitMods,#% increased Physical Damage while you have Resolute Technique,1,1,object:1,,100% increased Physical Damage while you have Resolute Technique
explicitMods,#% increased Projectile Attack Damage while you have at least # Dexterity,1,1,object:1,,50% increased Projectile Attack Damage while you have at least 200 Dexterity
explicitMods,#% increased Quantity of Expedition Logbooks dropped by Runic Monsters in your Maps,1,1,object:1,,25% increased Quantity of Expedition Logbooks dropped by Runic Monsters in your Maps
explicitMods,#% increased Quantity of Items Dropped by Enemies Slain from Supported Skills,1,1,object:1,,24% increased Quantity of Items Dropped by Enemies Slain from Supported Skills
explicitMods,#% increased Quantity of Items Dropped by Slain Frozen Enemies,1,1,object:1,,15% increased Quantity of Items Dropped by Slain Frozen Enemies
explicitMods,#% increased Quantity of Items Dropped by Slain Normal Enemies,1,1,object:1,,50% increased Quantity of Items Dropped by Slain Normal Enemies
explicitMods,#% increased Rarity of Items Dropped by Legion Sergeants in your Maps,1,1,object:1,,146% increased Rarity of Items Dropped by Legion Sergeants in your Maps
explicitMods,#% increased Rarity of Items Dropped by Slain Magic Enemies,1,1,object:1,,124% increased Rarity of Items Dropped by Slain Magic Enemies
explicitMods,#% increased Rarity of Items Dropped by Slain Rare or Unique Enemies,1,1,object:1,,56% increased Rarity of Items Dropped by Slain Rare or Unique Enemies
explicitMods,#% increased Rarity of Items Dropped by Slain Shocked Enemies,1,1,object:1,,30% increased Rarity of Items Dropped by Slain Shocked Enemies
explicitMods,#% increased Resolve Aegis,1,1,object:1,,6% increased Resolve Aegis
explicitMods,#% increased Scarabs found in your Maps,1,1,object:1,,6% increased Scarabs found in your Maps
explicitMods,#% increased Skeleton Attack Speed,1,1,object:1,,8% increased Skeleton Attack Speed
explicitMods,#% increased Skeleton Cast Speed,1,1,object:1,,7% increased Skeleton Cast Speed
explicitMods,#% increased Skeleton Movement Speed,1,1,object:1,,3% increased Skeleton Movement Speed
explicitMods,#% increased Spell Critical Strike Chance per Raised Spectre,1,1,object:1,,47% increased Spell Critical Strike Chance per Raised Spectre
explicitMods,#% increased Spell Damage if you've dealt a Critical Strike Recently,1,1,object:1,,137% increased Spell Damage if you've dealt a Critical Strike Recently
explicitMods,#% increased Spell Damage while no Mana is Reserved,1,1,object:1,,49% increased Spell Damage while no Mana is Reserved
explicitMods,#% increased Spell Damage while wielding a Staff,1,1,object:1,,14% increased Spell Damage while wielding a Staff
explicitMods,#% increased Stun Threshold,1,1,object:1,,20% increased Stun Threshold
explicitMods,#% increased Temporal Chains Curse Effect,1,1,object:1,mutated=True:1,26% increased Temporal Chains Curse Effect
explicitMods,#% increased Totem Life per # Strength Allocated in Radius,1,1,object:1,,3% increased Totem Life per 10 Strength Allocated in Radius
explicitMods,#% increased Totem Placement range,1,1,object:1,,300% increased Totem Placement range
explicitMods,#% increased Valour gained,1,1,object:1,,43% increased Valour gained
explicitMods,#% increased [EnergyShield|Energy Shield],1,1,object:1,,13% increased [EnergyShield|Energy Shield]
explicitMods,#% increased [Evasion|Evasion Rating] if you've Dodge Rolled [Recently],1,1,object:1,,50% increased [Evasion|Evasion Rating] if you've Dodge Rolled [Recently]
explicitMods,#% increased [Physical] Damage,1,1,object:1,,44% increased [Physical] Damage
explicitMods,#% increased [Spell] Damage,1,1,object:1,,40% increased [Spell] Damage
explicitMods,#% increased [Spell] [Physical] Damage,1,1,object:1,,26% increased [Spell] [Physical] Damage
explicitMods,#% increased [Spirit|Spirit],1,1,object:1,,12% increased [Spirit|Spirit]
explicitMods,#% increased bonuses gained from Equipped Quiver,1,1,object:1,,215% increased bonuses gained from Equipped Quiver
explicitMods,#% increased branching angle,1,1,object:1,,50% increased branching angle
explicitMods,#% increased chance to Avoid Resolve Loss from Enemy Projectile Hits,1,1,object:1,,8% increased chance to Avoid Resolve Loss from Enemy Projectile Hits
explicitMods,#% increased effect of Aura,1,1,object:1,,20% increased effect of Aura
explicitMods,#% increased effect of Non-Curse Auras per # Devotion,1,1,object:1,,1% increased effect of Non-Curse Auras per 10 Devotion
explicitMods,#% increased number of Explosives in your Maps,1,1,object:1,,10% increased number of Explosives in your Maps
explicitMods,"#% increased total Recovery per second from Life, Mana, or Energy Shield Leech",1,1,object:1,,"30% increased total Recovery per second from Life, Mana, or Energy Shield Leech"
explicitMods,#% less Area of Effect,1,1,object:1,,20% less Area of Effect
explicitMods,#% less Burning Damage,1,1,object:1,,40% less Burning Damage
explicitMods,#% more Area of Effect per Endurance Charge removed,1,1,object:1,,10% more Area of Effect per Endurance Charge removed
explicitMods,#% more Area of Effect with Bow Attacks that fire a single Projectile,1,1,object:1,,30% more Area of Effect with Bow Attacks that fire a single Projectile
explicitMods,#% more Attack Speed with Unarmed Melee Attacks,1,1,object:1,,3% more Attack Speed with Unarmed Melee Attacks
explicitMods,#% more Damage for each time this Skill has Chained,1,1,object:1,,10% more Damage for each time this Skill has Chained
explicitMods,#% more Damage per Endurance Charge,1,1,object:1,,4% more Damage per Endurance Charge
explicitMods,#% more Damage per Endurance Charge removed,1,1,object:1,,17% more Damage per Endurance Charge removed
explicitMods,#% more Damage with Hits and Ailments per Gathering Lightning,1,1,object:1,,8% more Damage with Hits and Ailments per Gathering Lightning
explicitMods,#% more Maximum Life,1,1,object:1,,28% more Maximum Life
explicitMods,#% of Damage Leeched as Life against Cursed Enemies,1,1,object:1,,1% of Damage Leeched as Life against Cursed Enemies
explicitMods,#% of Damage from Hits is taken from Marked Target's Life before you,1,1,object:1,,8% of Damage from Hits is taken from Marked Target's Life before you
explicitMods,#% of Fire Damage Leeched as Energy Shield,1,1,object:1,,0.2% of Fire Damage Leeched as Energy Shield
explicitMods,#% of Fire Damage from Hits taken as Physical Damage,1,1,object:1,,10% of Fire Damage from Hits taken as Physical Damage
explicitMods,#% of Fire and Lightning Damage from Hits taken as Cold Damage during Effect,1,1,object:1,,30% of Fire and Lightning Damage from Hits taken as Cold Damage during Effect
explicitMods,#% of Fire and Lightning Damage taken as Cold Damage while affected by Purity of Ice,1,1,object:1,,15% of Fire and Lightning Damage taken as Cold Damage while affected by Purity of Ice
explicitMods,#% of Life Leech applies to Enemies as Chaos Damage,1,1,object:1,,200% of Life Leech applies to Enemies as Chaos Damage
explicitMods,#% of Life Regenerated per Second if you've dealt a Critical Strike in the past # seconds,1,1,object:1,,2.4% of Life Regenerated per Second if you've dealt a Critical Strike in the past 8 seconds
explicitMods,#% of Physical Damage Converted to Fire Damage while affected by Anger,1,1,object:1,,40% of Physical Damage Converted to Fire Damage while affected by Anger
explicitMods,#% of Physical Damage Converted to Lightning Damage while affected by Wrath,1,1,object:1,,35% of Physical Damage Converted to Lightning Damage while affected by Wrath
explicitMods,#% of Physical Damage from Hits taken as Cold Damage while affected by Purity of Elements,1,1,object:1,,12% of Physical Damage from Hits taken as Cold Damage while affected by Purity of Elements
explicitMods,#% of Physical Damage from Hits taken as Lightning Damage while affected by Purity of Elements,1,1,object:1,,9% of Physical Damage from Hits taken as Lightning Damage while affected by Purity of Elements
explicitMods,#% of Physical Damage taken as Fire Damage if # Warlord Items are Equipped,1,1,object:1,,7% of Physical Damage taken as Fire Damage if 4 Warlord Items are Equipped
explicitMods,#% of Spell Damage Leeched as Life if Equipped Shield has at least #% Chance to Block,1,1,object:1,,0.5% of Spell Damage Leeched as Life if Equipped Shield has at least 30% Chance to Block
explicitMods,#% reduced Area of Effect of Hex Skills,1,1,object:1,,25% reduced Area of Effect of Hex Skills
explicitMods,#% reduced Armour per # Strength,1,1,object:1,,10% reduced Armour per 50 Strength
explicitMods,#% reduced Attack Speed while Phasing,1,1,object:1,,30% reduced Attack Speed while Phasing
explicitMods,#% reduced Attributes,1,1,object:1,,10% reduced Attributes
explicitMods,#% reduced Bleed Duration on you,1,1,object:1,fractured=True:1,34% reduced Bleed Duration on you
explicitMods,#% reduced Elemental Damage with Attack Skills,1,1,object:1,crafted=True:1,41% reduced Elemental Damage with Attack Skills
explicitMods,#% reduced Flask Charges gained during any Flask Effect,1,1,object:1,,30% reduced Flask Charges gained during any Flask Effect
explicitMods,#% reduced Hiring Fee for Demolition Jobs,1,1,object:1,,8% reduced Hiring Fee for Demolition Jobs
explicitMods,#% reduced Hiring Fee for Engineering Jobs,1,1,object:1,,8% reduced Hiring Fee for Engineering Jobs
explicitMods,#% reduced Hiring Fee for Perception Jobs,1,1,object:1,,14% reduced Hiring Fee for Perception Jobs
explicitMods,#% reduced Ignite Duration on you,1,1,object:1,,10% reduced Ignite Duration on you
explicitMods,#% reduced Mana Cost of Skills for # seconds after Spending a total of # Mana,1,1,object:1,mutated=True:1,50% reduced Mana Cost of Skills for 2 seconds after Spending a total of 800 Mana
explicitMods,#% reduced Projectile Deceleration,1,1,object:1,,30% reduced Projectile Deceleration
explicitMods,#% reduced Quantity of Items found,1,1,object:1,,2% reduced Quantity of Items found
explicitMods,#% reduced Skeleton Duration,1,1,object:1,,11% reduced Skeleton Duration
explicitMods,#% reduced Soul Gain Prevention Duration,1,1,object:1,,6% reduced Soul Gain Prevention Duration
explicitMods,#% reduced Trap Throwing Speed,1,1,object:1,,21% reduced Trap Throwing Speed
explicitMods,#% reduced [Flask|Flask] Charges used,1,1,object:1,,8% reduced [Flask|Flask] Charges used
explicitMods,#% reduced total Recovery per second from Life Leech,1,1,object:1,,50% reduced total Recovery per second from Life Leech
explicitMods,#% to Chaos Resistance per Endurance Charge,1,1,object:1,mutated=True:1,+4% to Chaos Resistance per Endurance Charge
explicitMods,#% to Chaos Resistance per Poison on you,1,1,object:1,,+1% to Chaos Resistance per Poison on you
explicitMods,#% to Cold Damage over Time Multiplier per Power Charge,1,1,object:1,mutated=True:1,+20% to Cold Damage over Time Multiplier per Power Charge
explicitMods,#% to Critical Strike Multiplier if you haven't dealt a Critical Strike Recently,1,1,object:1,,+50% to Critical Strike Multiplier if you haven't dealt a Critical Strike Recently
explicitMods,#% to Critical Strike Multiplier with Unarmed Melee Attacks,1,1,object:1,,+21% to Critical Strike Multiplier with Unarmed Melee Attacks
explicitMods,#% to Damage over Time Multiplier for Ailments per Elder Item Equipped,1,1,object:1,,+4% to Damage over Time Multiplier for Ailments per Elder Item Equipped
explicitMods,#% to Damage over Time Multiplier for Poison inflicted with this Weapon,1,1,object:1,,+38% to Damage over Time Multiplier for Poison inflicted with this Weapon
explicitMods,#% to Damage over Time Multiplier if you've dealt a Critical Strike in the past # seconds,1,1,object:1,,+40% to Damage over Time Multiplier if you've dealt a Critical Strike in the past 8 seconds
explicitMods,#% to Damage over Time Multiplier while affected by Malevolence,1,1,object:1,,+21% to Damage over Time Multiplier while affected by Malevolence
explicitMods,#% to Damage over Time Multiplier with Melee Weapon Attacks,1,1,object:1,,+33% to Damage over Time Multiplier with Melee Weapon Attacks
explicitMods,#% to Unarmed Melee Attack Critical Strike Chance,1,1,object:1,,+4.98% to Unarmed Melee Attack Critical Strike Chance
explicitMods,#% to all Elemental Resistances per # Omniscience,1,1,object:1,,+1% to all Elemental Resistances per 15 Omniscience
explicitMods,#% to all maximum Elemental Resistances if # Shaper Items are Equipped,1,1,object:1,,+1% to all maximum Elemental Resistances if 6 Shaper Items are Equipped
explicitMods,#% to maximum Chance to Block Spell Damage,1,1,object:1,,-10% to maximum Chance to Block Spell Damage
explicitMods,"<currencyitem>{#,#x Vivid Crystallised Lifeforce}",1,1,object:1,,"<currencyitem>{1,500x Vivid Crystallised Lifeforce}"
explicitMods,<currencyitem>{#x Chromatic Orb},1,1,object:1,,<currencyitem>{17x Chromatic Orb}
explicitMods,<currencyitem>{#x Deafening Essence},1,1,object:1,,<currencyitem>{3x Deafening Essence}
explicitMods,<currencyitem>{#x Grand Eldritch Ichor},1,1,object:1,,<currencyitem>{10x Grand Eldritch Ichor}
explicitMods,<currencyitem>{#x Incursion Vial},1,1,object:1,,<currencyitem>{10x Incursion Vial}
explicitMods,<currencyitem>{#x Stacked Deck},1,1,object:1,,<currencyitem>{10x Stacked Deck}
explicitMods,<currencyitem>{#x Vendor Refresh Currency},1,1,object:1,,<currencyitem>{10x Vendor Refresh Currency}
explicitMods,<currencyitem>{Mirror Shard},1,1,object:1,,<currencyitem>{Mirror Shard}
explicitMods,<currencyitem>{Tainted Mythic Orb},1,1,object:1,,<currencyitem>{Tainted Mythic Orb}
explicitMods,<divination>{The Artist},1,1,object:1,,<divination>{The Artist}
explicitMods,<divination>{The Doctor},1,1,object:1,,<divination>{The Doctor}
explicitMods,"<gemitem>{Level # Chaos Gem}\n<default>{Quality:} <augmented>{#%}\n<corrupted>{Corrupted}",1,1,object:1,,"<gemitem>{Level 21 Chaos Gem}\n<default>{Quality:} <augmented>{+23%}\n<corrupted>{Corrupted}"
explicitMods,"<gemitem>{Level # Empower}\n<corrupted>{Corrupted}",1,1,object:1,,"<gemitem>{Level 4 Empower}\n<corrupted>{Corrupted}"
explicitMods,"<gemitem>{Level # Enhance}\n<corrupted>{Corrupted}",1,1,object:1,,"<gemitem>{Level 4 Enhance}\n<corrupted>{Corrupted}"
explicitMods,<gemitem>{Level # Enlighten},1,1,object:1,,<gemitem>{Level 3 Enlighten}
explicitMods,"<gemitem>{Level # Exceptional Support Gem}\n<default>{Quality:} <augmented>{#%}\n<corrupted>{Corrupted}",1,1,object:1,,"<gemitem>{Level 4 Exceptional Support Gem}\n<default>{Quality:} <augmented>{+23%}\n<corrupted>{Cor"
explicitMods,"<gemitem>{Level # Flame Link}\n<default>{Quality:} <augmented>{#%}",1,1,object:1,,"<gemitem>{Level 21 Flame Link}\n<default>{Quality:} <augmented>{+20%}"
explicitMods,"<gemitem>{Level # Spell Gem}\n<corrupted>{Corrupted}",1,1,object:1,,"<gemitem>{Level 21 Spell Gem}\n<corrupted>{Corrupted}"
explicitMods,"<gemitem>{Level # Transfigured Gem}\n<corrupted>{Corrupted}",1,1,object:1,,"<gemitem>{Level 21 Transfigured Gem}\n<corrupted>{Corrupted}"
explicitMods,"<gemitem>{Level # Transfigured Gem}\n<default>{Quality:} <augmented>{#%}\n<corrupted>{Corrupted}",1,1,object:1,,"<gemitem>{Level 21 Transfigured Gem}\n<default>{Quality:} <augmented>{+23%}\n<corrupted>{Corrupted"
explicitMods,"<gemitem>{Level # Transfigured Golem Gem}\n<default>{Quality:} <augmented>{#%}\n<corrupted>{Corrupted}",1,1,object:1,,"<gemitem>{Level 21 Transfigured Golem Gem}\n<default>{Quality:} <augmented>{+23%}\n<corrupted>{Cor"
explicitMods,"<gemitem>{Level # Trap Gem}\n<default>{Quality:} <augmented>{#%}\n<corrupted>{Corrupted}",1,1,object:1,,"<gemitem>{Level 21 Trap Gem}\n<default>{Quality:} <augmented>{+23%}\n<corrupted>{Corrupted}"
explicitMods,"<magicitem>{Elreon's Jewellery}\n<default>{Item Level:} <normal>{#}",1,1,object:1,,"<magicitem>{Elreon's Jewellery}\n<default>{Item Level:} <normal>{85}"
explicitMods,"<magicitem>{Flaring Eclipse Staff}\n<default>{Item Level:} <normal>{#}",1,1,object:1,,"<magicitem>{Flaring Eclipse Staff}\n<default>{Item Level:} <normal>{100}"
explicitMods,"<magicitem>{Item}\n<default>{Elevated Item}\n<default>{Influenced Item}",1,1,object:1,,"<magicitem>{Item}\n<default>{Elevated Item}\n<default>{Influenced Item}"
explicitMods,"<magicitem>{Merciless Tornado Wand}\n<default>{Item Level:} <normal>{#}",1,1,object:1,,"<magicitem>{Merciless Tornado Wand}\n<default>{Item Level:} <normal>{100}"
explicitMods,"<magicitem>{Merciless Vaal Axe}\n<default>{Item Level:} <normal>{#}\n<default>{Elder Item}",1,1,object:1,,"<magicitem>{Merciless Vaal Axe}\n<default>{Item Level:} <normal>{100}\n<default>{Elder Item}"
explicitMods,"<magicitem>{Merciless Weapon}\n<default>{Item Level:} <normal>{#}",1,1,object:1,,"<magicitem>{Merciless Weapon}\n<default>{Item Level:} <normal>{100}"
explicitMods,"<magicitem>{Punishing Map}\n<default>{Map Tier:} <normal>{#}",1,1,object:1,,"<magicitem>{Punishing Map}\n<default>{Map Tier:} <normal>{16}"
explicitMods,"<magicitem>{Quicksilver Flask of the Cheetah}\n<default>{Item Level:} <normal>{#}",1,1,object:1,,"<magicitem>{Quicksilver Flask of the Cheetah}\n<default>{Item Level:} <normal>{100}"
explicitMods,"<magicitem>{Runic One-Hand Weapon}\n<default>{Item Level:} <normal>{#}",1,1,object:1,,"<magicitem>{Runic One-Hand Weapon}\n<default>{Item Level:} <normal>{100}"
explicitMods,"<rareitem>{Cluster Jewel}\n<default>{Item Level:} <normal>{#}",1,1,object:1,,"<rareitem>{Cluster Jewel}\n<default>{Item Level:} <normal>{84}"
explicitMods,"<rareitem>{Diamond Ring}\n<default>{Item Level:} <normal>{#}\n<default>{Shaper + Elder Item}",1,1,object:1,,"<rareitem>{Diamond Ring}\n<default>{Item Level:} <normal>{100}\n<default>{Shaper + Elder Item}"
explicitMods,"<rareitem>{Item}\n<default>{Item Level:} <normal>{#}\n<default>{Elder Item}",1,1,object:1,,"<rareitem>{Item}\n<default>{Item Level:} <normal>{100}\n<default>{Elder Item}"
explicitMods,"<rareitem>{Item}\n<default>{Item Level:} <normal>{#}\n<fractured>{Fractured}",1,1,object:1,,"<rareitem>{Item}\n<default>{Item Level:} <normal>{100}\n<fractured>{Fractured}"
explicitMods,"<rareitem>{Jewellery}\n<default>{Item Level:} <normal>{#}\n<default>{Double-Influenced Item}",1,1,object:1,,"<rareitem>{Jewellery}\n<default>{Item Level:} <normal>{86}\n<default>{Double-Influenced Item}"
explicitMods,"<rareitem>{Jewellery}\n<default>{Item Level:} <normal>{#}\n<default>{Shaper Item}",1,1,object:1,,"<rareitem>{Jewellery}\n<default>{Item Level:} <normal>{100}\n<default>{Shaper Item}"
explicitMods,"<rareitem>{Vaal Temple Map}\n<default>{Delirium:} <normal>{#%}\n<corrupted>{Corrupted}",1,1,object:1,,"<rareitem>{Vaal Temple Map}\n<default>{Delirium:} <normal>{100%}\n<corrupted>{Corrupted}"
explicitMods,"<size:#>{<magicitem>{Diamond Ring of Redemption}\n<default>{Item Level:} <normal>{#}\n<default>{Redeemer Item}}",1,1,object:1,,"<size:30>{<magicitem>{Diamond Ring of Redemption}\n<default>{Item Level:} <normal>{100}\n<default>"
explicitMods,"<size:#>{<magicitem>{Merciless One-Hand Weapon}\n<default>{Item Level:} <normal>{#}}",1,1,object:1,,"<size:31>{<magicitem>{Merciless One-Hand Weapon}\n<default>{Item Level:} <normal>{100}}"
explicitMods,"<size:#>{<magicitem>{Merciless Two-Hand Weapon}\n<default>{Item Level:} <normal>{#}}",1,1,object:1,,"<size:31>{<magicitem>{Merciless Two-Hand Weapon}\n<default>{Item Level:} <normal>{100}}"
explicitMods,"<uniqueitem>{Arakaali's Fang}\n<corrupted>{Corrupted}",1,1,object:1,,"<uniqueitem>{Arakaali's Fang}\n<corrupted>{Corrupted}"
explicitMods,"<uniqueitem>{Asenath's Gentle Touch}\n<corrupted>{Two-Implicit}\n<corrupted>{Corrupted}",1,1,object:1,,"<uniqueitem>{Asenath's Gentle Touch}\n<corrupted>{Two-Implicit}\n<corrupted>{Corrupted}"
explicitMods,<uniqueitem>{Asenath's Mark},1,1,object:1,,<uniqueitem>{Asenath's Mark}
explicitMods,<uniqueitem>{Atziri's Disfavour},1,1,object:1,,<uniqueitem>{Atziri's Disfavour}
explicitMods,"<uniqueitem>{Belt of the Deceiver}\n<corrupted>{Corrupted}",1,1,object:1,,"<uniqueitem>{Belt of the Deceiver}\n<corrupted>{Corrupted}"
explicitMods,"<uniqueitem>{Belt}\n<default>{Double-Influenced Item}",1,1,object:1,,"<uniqueitem>{Belt}\n<default>{Double-Influenced Item}"
explicitMods,<uniqueitem>{Berek's Respite},1,1,object:1,,<uniqueitem>{Berek's Respite}
explicitMods,<uniqueitem>{Bestiary Item},1,1,object:1,,<uniqueitem>{Bestiary Item}
explicitMods,"<uniqueitem>{Boots}\n<default>{Item Level:} <normal>{#}\n<corrupted>{Two-Implicit}\n<corrupted>{Corrupted}",1,1,object:1,,"<uniqueitem>{Boots}\n<default>{Item Level:} <normal>{100}\n<corrupted>{Two-Implicit}\n<corrupted>"
explicitMods,<uniqueitem>{Bottled Faith},1,1,object:1,,<uniqueitem>{Bottled Faith}
explicitMods,"<uniqueitem>{Bramblejack}\n<corrupted>{Two-Implicit}\n<corrupted>{Corrupted}",1,1,object:1,,"<uniqueitem>{Bramblejack}\n<corrupted>{Two-Implicit}\n<corrupted>{Corrupted}"
explicitMods,<uniqueitem>{Carcass Jack},1,1,object:1,,<uniqueitem>{Carcass Jack}
explicitMods,"<uniqueitem>{Cortex}\n<corrupted>{Corrupted}",1,1,object:1,,"<uniqueitem>{Cortex}\n<corrupted>{Corrupted}"
explicitMods,<uniqueitem>{Divination Distillate},1,1,object:1,,<uniqueitem>{Divination Distillate}
explicitMods,"<uniqueitem>{Doryani's Fist}\n<corrupted>{Corrupted}",1,1,object:1,,"<uniqueitem>{Doryani's Fist}\n<corrupted>{Corrupted}"
explicitMods,<uniqueitem>{Elegant Hubris},1,1,object:1,,<uniqueitem>{Elegant Hubris}
explicitMods,<uniqueitem>{Eyes of the Greatwolf},1,1,object:1,,<uniqueitem>{Eyes of the Greatwolf}
explicitMods,"<uniqueitem>{Eyes of the Greatwolf}\n<default>{Item Level:} <normal>{#}\n<corrupted>{Corrupted}",1,1,object:1,,"<uniqueitem>{Eyes of the Greatwolf}\n<default>{Item Level:} <normal>{82}\n<corrupted>{Corrupted}"
explicitMods,"<uniqueitem>{Facebreaker}\n<corrupted>{Two-Implicit}\n<corrupted>{Corrupted}",1,1,object:1,,"<uniqueitem>{Facebreaker}\n<corrupted>{Two-Implicit}\n<corrupted>{Corrupted}"
explicitMods,<uniqueitem>{Farrul Item},1,1,object:1,,<uniqueitem>{Farrul Item}
explicitMods,<uniqueitem>{Farrul's Fur},1,1,object:1,,<uniqueitem>{Farrul's Fur}
explicitMods,"<uniqueitem>{Inspired Learning}\n<corrupted>{Corrupted}",1,1,object:1,,"<uniqueitem>{Inspired Learning}\n<corrupted>{Corrupted}"
explicitMods,"<uniqueitem>{Jewel}\n<magicitem>{Primordial}\n<corrupted>{#-# Implicit}\n<corrupted>{Corrupted}",1,1,object:1,,"<uniqueitem>{Jewel}\n<magicitem>{Primordial}\n<corrupted>{1-2 Implicit}\n<corrupted>{Corrupted}"
explicitMods,"<uniqueitem>{Leather Belt}\n<default>{Double-Influenced Item}",1,1,object:1,,"<uniqueitem>{Leather Belt}\n<default>{Double-Influenced Item}"
explicitMods,"<uniqueitem>{Machina Mitts}\n<corrupted>{Two-Implicit}\n<corrupted>{Corrupted}",1,1,object:1,,"<uniqueitem>{Machina Mitts}\n<corrupted>{Two-Implicit}\n<corrupted>{Corrupted}"
explicitMods,<uniqueitem>{Maloney's Mechanism},1,1,object:1,,<uniqueitem>{Maloney's Mechanism}
explicitMods,"<uniqueitem>{Megalomaniac}\n<corrupted>{Corrupted}",1,1,object:1,,"<uniqueitem>{Megalomaniac}\n<corrupted>{Corrupted}"
explicitMods,<uniqueitem>{Metamorph Item},1,1,object:1,,<uniqueitem>{Metamorph Item}
explicitMods,"<uniqueitem>{Mjölner}\n<corrupted>{Corrupted}",1,1,object:1,,"<uniqueitem>{Mjölner}\n<corrupted>{Corrupted}"
explicitMods,"<uniqueitem>{One With Nothing}\n<corrupted>{Corrupted}",1,1,object:1,,"<uniqueitem>{One With Nothing}\n<corrupted>{Corrupted}"
explicitMods,<uniqueitem>{Pledge of Hands},1,1,object:1,,<uniqueitem>{Pledge of Hands}
explicitMods,<uniqueitem>{Poorjoy's Asylum},1,1,object:1,,<uniqueitem>{Poorjoy's Asylum}
explicitMods,<uniqueitem>{Prism Guardian},1,1,object:1,,<uniqueitem>{Prism Guardian}
explicitMods,<uniqueitem>{Replica Cortex},1,1,object:1,,<uniqueitem>{Replica Cortex}
explicitMods,"<uniqueitem>{Replica Dragonfang's Flight}\n<corrupted>{Corrupted}",1,1,object:1,,"<uniqueitem>{Replica Dragonfang's Flight}\n<corrupted>{Corrupted}"
explicitMods,<uniqueitem>{Replica Item},1,1,object:1,,<uniqueitem>{Replica Item}
explicitMods,<uniqueitem>{Rigwald's Curse},1,1,object:1,,<uniqueitem>{Rigwald's Curse}
explicitMods,"<uniqueitem>{Rigwald's Quills}\n<corrupted>{Two-Implicit}\n<corrupted>{Corrupted}",1,1,object:1,,"<uniqueitem>{Rigwald's Quills}\n<corrupted>{Two-Implicit}\n<corrupted>{Corrupted}"
explicitMods,<uniqueitem>{Ryslatha's Coil},1,1,object:1,,<uniqueitem>{Ryslatha's Coil}
explicitMods,"<uniqueitem>{Severed in Sleep}\n<corrupted>{Corrupted}",1,1,object:1,,"<uniqueitem>{Severed in Sleep}\n<corrupted>{Corrupted}"
explicitMods,<uniqueitem>{Shroud of the Lightless},1,1,object:1,,<uniqueitem>{Shroud of the Lightless}
explicitMods,<uniqueitem>{Soul Taker},1,1,object:1,,<uniqueitem>{Soul Taker}
explicitMods,"<uniqueitem>{Stormfire}\n<default>{Quality:} <augmented>{#%}\n<corrupted>{Corrupted}",1,1,object:1,,"<uniqueitem>{Stormfire}\n<default>{Quality:} <augmented>{+20%}\n<corrupted>{Corrupted}"
explicitMods,<uniqueitem>{Synthesis Item},1,1,object:1,,<uniqueitem>{Synthesis Item}
explicitMods,"<uniqueitem>{The Harvest}\n<corrupted>{Corrupted}",1,1,object:1,,"<uniqueitem>{The Harvest}\n<corrupted>{Corrupted}"
explicitMods,<uniqueitem>{The Light of Meaning},1,1,object:1,,<uniqueitem>{The Light of Meaning}
explicitMods,"<uniqueitem>{The Light of Meaning}\n<corrupted>{Corrupted}",1,1,object:1,,"<uniqueitem>{The Light of Meaning}\n<corrupted>{Corrupted}"
explicitMods,<uniqueitem>{The Pandemonius},1,1,object:1,,<uniqueitem>{The Pandemonius}
explicitMods,<uniqueitem>{The Taming},1,1,object:1,,<uniqueitem>{The Taming}
explicitMods,"<uniqueitem>{The Whispering Ice}\n<corrupted>{Corrupted}",1,1,object:1,,"<uniqueitem>{The Whispering Ice}\n<corrupted>{Corrupted}"
explicitMods,<uniqueitem>{Tidebreaker},1,1,object:1,,<uniqueitem>{Tidebreaker}
explicitMods,<uniqueitem>{Timeless Jewel},1,1,object:1,,<uniqueitem>{Timeless Jewel}
explicitMods,"<uniqueitem>{Timeless Jewel}\n<corrupted>{Two-Implicit}\n<corrupted>{Corrupted}",1,1,object:1,,"<uniqueitem>{Timeless Jewel}\n<corrupted>{Two-Implicit}\n<corrupted>{Corrupted}"
explicitMods,<uniqueitem>{Trypanon},1,1,object:1,,<uniqueitem>{Trypanon}
explicitMods,<uniqueitem>{Unending Hunger},1,1,object:1,,<uniqueitem>{Unending Hunger}
explicitMods,"<uniqueitem>{Unnatural Instinct}\n<corrupted>{Two-Implicit}\n<corrupted>{Corrupted}",1,1,object:1,,"<uniqueitem>{Unnatural Instinct}\n<corrupted>{Two-Implicit}\n<corrupted>{Corrupted}"
explicitMods,<uniqueitem>{Vaal Aspect},1,1,object:1,,<uniqueitem>{Vaal Aspect}
explicitMods,<uniqueitem>{Vaults of Atziri},1,1,object:1,,<uniqueitem>{Vaults of Atziri}
explicitMods,<uniqueitem>{Voidforge},1,1,object:1,,<uniqueitem>{Voidforge}
explicitMods,"<uniqueitem>{Voll's Devotion}\n<corrupted>{Corrupted}",1,1,object:1,,"<uniqueitem>{Voll's Devotion}\n<corrupted>{Corrupted}"
explicitMods,<uniqueitem>{Windripper},1,1,object:1,,<uniqueitem>{Windripper}
explicitMods,"<uniqueitem>{Xoph's Blood}\n<corrupted>{Corrupted}",1,1,object:1,,"<uniqueitem>{Xoph's Blood}\n<corrupted>{Corrupted}"
explicitMods,<uniqueitem>{Zerphi's Heart},1,1,object:1,,<uniqueitem>{Zerphi's Heart}
explicitMods,<whiteitem>{Albino Rhoa Feather},1,1,object:1,,<whiteitem>{Albino Rhoa Feather}
explicitMods,<whiteitem>{Bestiary Scarab},1,1,object:1,,<whiteitem>{Bestiary Scarab}
explicitMods,"<whiteitem>{Blueprint}\n<default>{Area Level:} <normal>{#}\n<default>{Fully Revealed}",1,1,object:1,,"<whiteitem>{Blueprint}\n<default>{Area Level:} <normal>{83}\n<default>{Fully Revealed}"
explicitMods,"<whiteitem>{Diamond Ring}\n<default>{Item Level:} <normal>{#}\n<enchanted>{Two-Implicit}\n<enchanted>{Synthesised}",1,1,string:1,,"<whiteitem>{Diamond Ring}\n<default>{Item Level:} <normal>{87}\n<enchanted>{Two-Implicit}\n<encha"
explicitMods,<whiteitem>{Horned Scarab},1,1,object:1,,<whiteitem>{Horned Scarab}
explicitMods,"<whiteitem>{Opal Ring}\n<default>{Item Level:} <normal>{#}\n<default>{Shaper Item}",1,1,object:1,,"<whiteitem>{Opal Ring}\n<default>{Item Level:} <normal>{100}\n<default>{Shaper Item}"
explicitMods,"<whiteitem>{Six-Link Astral Plate}\n<default>{Item Level:} <normal>{#}\n<default>{Crusader Item}",1,1,object:1,,"<whiteitem>{Six-Link Astral Plate}\n<default>{Item Level:} <normal>{100}\n<default>{Crusader Item}"
explicitMods,"<whiteitem>{Six-Link Coronal Maul}\n<default>{Item Level:} <normal>{#}",1,1,object:1,,"<whiteitem>{Six-Link Coronal Maul}\n<default>{Item Level:} <normal>{83}"
explicitMods,"<whiteitem>{Six-Link Holy Chainmail}\n<default>{Item Level:} <normal>{#}",1,1,object:1,,"<whiteitem>{Six-Link Holy Chainmail}\n<default>{Item Level:} <normal>{60}"
explicitMods,"<whiteitem>{Six-Link Sacrificial Garb}\n<default>{Item Level:} <normal>{#}",1,1,object:1,,"<whiteitem>{Six-Link Sacrificial Garb}\n<default>{Item Level:} <normal>{100}"
explicitMods,"<whiteitem>{Six-Linked Body Armour}\n<default>{Influenced Item}",1,1,object:1,,"<whiteitem>{Six-Linked Body Armour}\n<default>{Influenced Item}"
explicitMods,A Unique Map will drop from the Final Map Boss,1,1,object:1,,A Unique Map will drop from the Final Map Boss
explicitMods,Abyss Cracks in your Maps have #% chance to spawn #% increased Monsters,1,1,object:1,,Abyss Cracks in your Maps have 12% chance to spawn 100% increased Monsters
explicitMods,Abyssal Troves in your Maps have #% chance to drop a Rare Item with an Abyssal Socket,1,1,object:1,,Abyssal Troves in your Maps have 10% chance to drop a Rare Item with an Abyssal Socket
explicitMods,Abysses in Area that do not lead to an Abyssal Depths lead to a Stygian Spire\nAbyss pits in Area that do not lead to an Abyssal Depths or spawn an Abyssal Trove will spawn Minor Stygian Spires,1,1,string:1,,Abysses in Area that do not lead to an Abyssal Depths lead to a Stygian Spire\nAbyss pits in Area th
explicitMods,Acrobatics,1,1,object:1,,Acrobatics
explicitMods,Added Small Passive Skills also grant: #% increased Attack Speed,1,1,object:1,,Added Small Passive Skills also grant: 2% increased Attack Speed
explicitMods,Added Small Passive Skills also grant: #% increased Attack and Cast Speed with Fire Skills,1,1,object:1,,Added Small Passive Skills also grant: 1% increased Attack and Cast Speed with Fire Skills
explicitMods,Added Small Passive Skills also grant: #% increased Attack and Cast Speed with Lightning Skills,1,1,object:1,,Added Small Passive Skills also grant: 1% increased Attack and Cast Speed with Lightning Skills
explicitMods,Added Small Passive Skills also grant: #% increased Damage over Time,1,1,object:1,,Added Small Passive Skills also grant: 2% increased Damage over Time
explicitMods,Added Small Passive Skills also grant: #% increased Projectile Speed,1,1,object:1,,Added Small Passive Skills also grant: 3% increased Projectile Speed
explicitMods,Added Small Passive Skills also grant: Minions Regenerate #% of Life per Second,1,1,object:1,,Added Small Passive Skills also grant: Minions Regenerate 0.15% of Life per Second
explicitMods,Adds # maximum Lightning Damage to Attacks per # Dexterity Allocated in Radius,1,1,object:1,,Adds 1 maximum Lightning Damage to Attacks per 1 Dexterity Allocated in Radius
explicitMods,Adds # to # Chaos Damage for each Spider's Web on the Enemy,1,1,object:1,,Adds 10 to 13 Chaos Damage for each Spider's Web on the Enemy
explicitMods,Adds # to # Cold Damage to Retaliation Skills,1,1,object:1,,Adds 250 to 300 Cold Damage to Retaliation Skills
explicitMods,Adds # to # Cold Damage to Spells per Power Charge,1,1,object:1,,Adds 50 to 70 Cold Damage to Spells per Power Charge
explicitMods,Adds # to # Cold Damage while affected by Hatred,1,1,object:1,,Adds 69 to 101 Cold Damage while affected by Hatred
explicitMods,Adds # to # Fire Damage to Attacks against you,1,1,object:1,,Adds 2 to 4 Fire Damage to Attacks against you
explicitMods,Adds # to # Fire Damage to Hits with this Weapon against Blinded Enemies,1,1,object:1,,Adds 156 to 198 Fire Damage to Hits with this Weapon against Blinded Enemies
explicitMods,Adds # to # Lightning Damage to Attacks during Effect,1,1,object:1,,Adds 11 to 58 Lightning Damage to Attacks during Effect
explicitMods,Adds # to # Lightning Damage to Spells per # Intelligence,1,1,object:1,,Adds 1 to 37 Lightning Damage to Spells per 10 Intelligence
explicitMods,Adds # to # Lightning Damage to Spells while Unarmed,1,1,object:1,,Adds 125 to 321 Lightning Damage to Spells while Unarmed
explicitMods,Adds # to # Lightning Damage to Unarmed Melee Hits,1,1,object:1,,Adds 205 to 595 Lightning Damage to Unarmed Melee Hits
explicitMods,Adds # to # Physical Damage to Attacks while you have a Bestial Minion,1,1,object:1,,Adds 11 to 22 Physical Damage to Attacks while you have a Bestial Minion
explicitMods,Adds # to # [Cold] damage to [Attack|Attacks],1,1,object:1,,Adds 2 to 4 [Cold] damage to [Attack|Attacks]
explicitMods,Adds # to # [Fire] damage to [Attack|Attacks],1,1,object:1,,Adds 2 to 3 [Fire] damage to [Attack|Attacks]
explicitMods,Adds # to # [Fire|Fire] Damage,1,1,object:1,,Adds 3 to 5 [Fire|Fire] Damage
explicitMods,Adds # to # [Lightning] damage to [Attack|Attacks],1,1,object:1,,Adds 1 to 5 [Lightning] damage to [Attack|Attacks]
explicitMods,Adds Elder influence and a new Elder modifier to a rare item,1,1,object:1,,Adds Elder influence and a new Elder modifier to a rare item
explicitMods,Adds Hollow Palm Technique,1,1,object:1,,Adds Hollow Palm Technique
explicitMods,Adds Hunter influence and a new Hunter modifier to a rare item,1,1,object:1,,Adds Hunter influence and a new Hunter modifier to a rare item
explicitMods,Adds Kineticism,1,1,object:1,,Adds Kineticism
explicitMods,Adds Nature's Patience,1,1,object:1,,Adds Nature's Patience
explicitMods,Adds Redeemer influence and a new Redeemer modifier to a rare item,1,1,object:1,,Adds Redeemer influence and a new Redeemer modifier to a rare item
explicitMods,Adds Warlord influence and a new Warlord modifier to a rare item,1,1,object:1,,Adds Warlord influence and a new Warlord modifier to a rare item
explicitMods,Adds a Memory Thread to the Atlas leading to the Incarnation of Fear,1,1,object:1,,Adds a Memory Thread to the Atlas leading to the Incarnation of Fear
explicitMods,Adds a Shaped Region containing Blight encounters to a quadrant of the Atlas,1,1,object:1,,Adds a Shaped Region containing Blight encounters to a quadrant of the Atlas
explicitMods,Adds a Shaped Region containing Expedition encounters to a quadrant of the Atlas,1,1,object:1,,Adds a Shaped Region containing Expedition encounters to a quadrant of the Atlas
explicitMods,Adds a Shaped Region containing Ultimatum encounters to a quadrant of the Atlas,1,1,object:1,,Adds a Shaped Region containing Ultimatum encounters to a quadrant of the Atlas
explicitMods,"Adds an incubated Blight item to an equippable item\nItem drops after killing # monsters",1,1,object:1,,"Adds an incubated Blight item to an equippable item\nItem drops after killing 6552 monsters"
explicitMods,"Adds an incubated Expedition item to an equippable item \nItem drops after killing # monsters",1,1,object:1,,"Adds an incubated Expedition item to an equippable item \nItem drops after killing 6630 monsters"
explicitMods,"Adds an incubated Ultimatum item to an equippable item\nItem drops after killing # monsters",1,1,object:1,,"Adds an incubated Ultimatum item to an equippable item\nItem drops after killing 6552 monsters"
explicitMods,"Adds stored experience to a gem, up to its maximum level",1,1,object:1,,"Adds stored experience to a gem, up to its maximum level"
explicitMods,All Damage Taken from Hits can Chill you,1,1,object:1,,All Damage Taken from Hits can Chill you
explicitMods,All Damage can Ignite,1,1,object:1,mutated=True:1,All Damage can Ignite
explicitMods,All Damage with Hits can Chill,1,1,object:1,,All Damage with Hits can Chill
explicitMods,All Equipment Items on Mercenaries found in Area are Unique,1,1,object:1,,All Equipment Items on Mercenaries found in Area are Unique
explicitMods,Allocates Ancestral Fury if you have the matching modifier on Forbidden Flame,1,1,object:1,,Allocates Ancestral Fury if you have the matching modifier on Forbidden Flame
explicitMods,Allocates Ancestral Fury if you have the matching modifier on Forbidden Flesh,1,1,object:1,,Allocates Ancestral Fury if you have the matching modifier on Forbidden Flesh
explicitMods,Allocates Born in the Shadows if you have the matching modifier on Forbidden Flame,1,1,object:1,,Allocates Born in the Shadows if you have the matching modifier on Forbidden Flame
explicitMods,Allocates Born in the Shadows if you have the matching modifier on Forbidden Flesh,1,1,object:1,,Allocates Born in the Shadows if you have the matching modifier on Forbidden Flesh
explicitMods,Allocates Chieftain if you have the matching modifier on Forbidden Flame,1,1,object:1,,Allocates Chieftain if you have the matching modifier on Forbidden Flame
explicitMods,Allocates Chieftain if you have the matching modifier on Forbidden Flesh,1,1,object:1,,Allocates Chieftain if you have the matching modifier on Forbidden Flesh
explicitMods,Allocates Corpse Pact if you have the matching modifier on Forbidden Flame,1,1,object:1,,Allocates Corpse Pact if you have the matching modifier on Forbidden Flame
explicitMods,Allocates Corpse Pact if you have the matching modifier on Forbidden Flesh,1,1,object:1,,Allocates Corpse Pact if you have the matching modifier on Forbidden Flesh
explicitMods,Allocates Defy Pain if you have the matching modifier on Forbidden Flame,1,1,object:1,,Allocates Defy Pain if you have the matching modifier on Forbidden Flame
explicitMods,Allocates Defy Pain if you have the matching modifier on Forbidden Flesh,1,1,object:1,,Allocates Defy Pain if you have the matching modifier on Forbidden Flesh
explicitMods,Allocates Demolitions Specialist if you have the matching modifier on Forbidden Flame,1,1,object:1,,Allocates Demolitions Specialist if you have the matching modifier on Forbidden Flame
explicitMods,Allocates Demolitions Specialist if you have the matching modifier on Forbidden Flesh,1,1,object:1,,Allocates Demolitions Specialist if you have the matching modifier on Forbidden Flesh
explicitMods,Allocates Divine Guidance if you have the matching modifier on Forbidden Flame,1,1,object:1,,Allocates Divine Guidance if you have the matching modifier on Forbidden Flame
explicitMods,Allocates Divine Guidance if you have the matching modifier on Forbidden Flesh,1,1,object:1,,Allocates Divine Guidance if you have the matching modifier on Forbidden Flesh
explicitMods,Allocates Elementalist if you have the matching modifier on Forbidden Flesh,1,1,object:1,,Allocates Elementalist if you have the matching modifier on Forbidden Flesh
explicitMods,Allocates Endless Munitions if you have the matching modifier on Forbidden Flame,1,1,object:1,,Allocates Endless Munitions if you have the matching modifier on Forbidden Flame
explicitMods,Allocates Endless Munitions if you have the matching modifier on Forbidden Flesh,1,1,object:1,,Allocates Endless Munitions if you have the matching modifier on Forbidden Flesh
explicitMods,Allocates Escape Artist if you have the matching modifier on Forbidden Flame,1,1,object:1,,Allocates Escape Artist if you have the matching modifier on Forbidden Flame
explicitMods,Allocates Escape Artist if you have the matching modifier on Forbidden Flesh,1,1,object:1,,Allocates Escape Artist if you have the matching modifier on Forbidden Flesh
explicitMods,Allocates Gladiator if you have the matching modifier on Forbidden Flame,1,1,object:1,,Allocates Gladiator if you have the matching modifier on Forbidden Flame
explicitMods,Allocates Gladiator if you have the matching modifier on Forbidden Flesh,1,1,object:1,,Allocates Gladiator if you have the matching modifier on Forbidden Flesh
explicitMods,Allocates Heartstopper if you have the matching modifier on Forbidden Flame,1,1,object:1,,Allocates Heartstopper if you have the matching modifier on Forbidden Flame
explicitMods,Allocates Heartstopper if you have the matching modifier on Forbidden Flesh,1,1,object:1,,Allocates Heartstopper if you have the matching modifier on Forbidden Flesh
explicitMods,Allocates Hierophant if you have the matching modifier on Forbidden Flame,1,1,object:1,,Allocates Hierophant if you have the matching modifier on Forbidden Flame
explicitMods,Allocates Hierophant if you have the matching modifier on Forbidden Flesh,1,1,object:1,,Allocates Hierophant if you have the matching modifier on Forbidden Flesh
explicitMods,Allocates Illuminated Devotion if you have the matching modifier on Forbidden Flame,1,1,object:1,,Allocates Illuminated Devotion if you have the matching modifier on Forbidden Flame
explicitMods,Allocates Illuminated Devotion if you have the matching modifier on Forbidden Flesh,1,1,object:1,,Allocates Illuminated Devotion if you have the matching modifier on Forbidden Flesh
explicitMods,Allocates Inquisitor if you have the matching modifier on Forbidden Flame,1,1,object:1,,Allocates Inquisitor if you have the matching modifier on Forbidden Flame
explicitMods,Allocates Inquisitor if you have the matching modifier on Forbidden Flesh,1,1,object:1,,Allocates Inquisitor if you have the matching modifier on Forbidden Flesh
explicitMods,Allocates Instruments of Zeal if you have the matching modifier on Forbidden Flame,1,1,object:1,,Allocates Instruments of Zeal if you have the matching modifier on Forbidden Flame
explicitMods,Allocates Instruments of Zeal if you have the matching modifier on Forbidden Flesh,1,1,object:1,,Allocates Instruments of Zeal if you have the matching modifier on Forbidden Flesh
explicitMods,Allocates Jagged Technique if you have the matching modifier on Forbidden Flame,1,1,object:1,,Allocates Jagged Technique if you have the matching modifier on Forbidden Flame
explicitMods,Allocates Jagged Technique if you have the matching modifier on Forbidden Flesh,1,1,object:1,,Allocates Jagged Technique if you have the matching modifier on Forbidden Flesh
explicitMods,Allocates Juggernaut if you have the matching modifier on Forbidden Flame,1,1,object:1,,Allocates Juggernaut if you have the matching modifier on Forbidden Flame
explicitMods,Allocates Juggernaut if you have the matching modifier on Forbidden Flesh,1,1,object:1,,Allocates Juggernaut if you have the matching modifier on Forbidden Flesh
explicitMods,Allocates Mastermind of Discord if you have the matching modifier on Forbidden Flame,1,1,object:1,,Allocates Mastermind of Discord if you have the matching modifier on Forbidden Flame
explicitMods,Allocates Mastermind of Discord if you have the matching modifier on Forbidden Flesh,1,1,object:1,,Allocates Mastermind of Discord if you have the matching modifier on Forbidden Flesh
explicitMods,Allocates Measured Retaliation if you have the matching modifier on Forbidden Flame,1,1,object:1,,Allocates Measured Retaliation if you have the matching modifier on Forbidden Flame
explicitMods,Allocates Measured Retaliation if you have the matching modifier on Forbidden Flesh,1,1,object:1,,Allocates Measured Retaliation if you have the matching modifier on Forbidden Flesh
explicitMods,Allocates Mindless Aggression if you have the matching modifier on Forbidden Flame,1,1,object:1,,Allocates Mindless Aggression if you have the matching modifier on Forbidden Flame
explicitMods,Allocates Mindless Aggression if you have the matching modifier on Forbidden Flesh,1,1,object:1,,Allocates Mindless Aggression if you have the matching modifier on Forbidden Flesh
explicitMods,Allocates More Than Skill if you have the matching modifier on Forbidden Flame,1,1,object:1,,Allocates More Than Skill if you have the matching modifier on Forbidden Flame
explicitMods,Allocates More Than Skill if you have the matching modifier on Forbidden Flesh,1,1,object:1,,Allocates More Than Skill if you have the matching modifier on Forbidden Flesh
explicitMods,Allocates Mystical Infusion if you have the matching modifier on Forbidden Flame,1,1,object:1,,Allocates Mystical Infusion if you have the matching modifier on Forbidden Flame
explicitMods,Allocates Mystical Infusion if you have the matching modifier on Forbidden Flesh,1,1,object:1,,Allocates Mystical Infusion if you have the matching modifier on Forbidden Flesh
explicitMods,Allocates Nature's Adrenaline if you have the matching modifier on Forbidden Flame,1,1,object:1,,Allocates Nature's Adrenaline if you have the matching modifier on Forbidden Flame
explicitMods,"Allocates Ngamahu, Flame's Advance if you have the matching modifier on Forbidden Flame",1,1,object:1,,"Allocates Ngamahu, Flame's Advance if you have the matching modifier on Forbidden Flame"
explicitMods,"Allocates Ngamahu, Flame's Advance if you have the matching modifier on Forbidden Flesh",1,1,object:1,,"Allocates Ngamahu, Flame's Advance if you have the matching modifier on Forbidden Flesh"
explicitMods,Allocates Pursuit of Faith if you have the matching modifier on Forbidden Flame,1,1,object:1,,Allocates Pursuit of Faith if you have the matching modifier on Forbidden Flame
explicitMods,Allocates Pursuit of Faith if you have the matching modifier on Forbidden Flesh,1,1,object:1,,Allocates Pursuit of Faith if you have the matching modifier on Forbidden Flesh
explicitMods,Allocates Pyromaniac if you have the matching modifier on Forbidden Flame,1,1,object:1,,Allocates Pyromaniac if you have the matching modifier on Forbidden Flame
explicitMods,Allocates Pyromaniac if you have the matching modifier on Forbidden Flesh,1,1,object:1,,Allocates Pyromaniac if you have the matching modifier on Forbidden Flesh
explicitMods,Allocates Radiant Crusade if you have the matching modifier on Forbidden Flame,1,1,object:1,,Allocates Radiant Crusade if you have the matching modifier on Forbidden Flame
explicitMods,Allocates Radiant Crusade if you have the matching modifier on Forbidden Flesh,1,1,object:1,,Allocates Radiant Crusade if you have the matching modifier on Forbidden Flesh
explicitMods,Allocates Sanctuary if you have the matching modifier on Forbidden Flame,1,1,object:1,,Allocates Sanctuary if you have the matching modifier on Forbidden Flame
explicitMods,Allocates Sanctuary if you have the matching modifier on Forbidden Flesh,1,1,object:1,,Allocates Sanctuary if you have the matching modifier on Forbidden Flesh
explicitMods,Allocates Sign of Purpose if you have the matching modifier on Forbidden Flame,1,1,object:1,,Allocates Sign of Purpose if you have the matching modifier on Forbidden Flame
explicitMods,Allocates Sign of Purpose if you have the matching modifier on Forbidden Flesh,1,1,object:1,,Allocates Sign of Purpose if you have the matching modifier on Forbidden Flesh
explicitMods,"Allocates Sione, Sun's Roar if you have the matching modifier on Forbidden Flame",1,1,object:1,,"Allocates Sione, Sun's Roar if you have the matching modifier on Forbidden Flame"
explicitMods,"Allocates Sione, Sun's Roar if you have the matching modifier on Forbidden Flesh",1,1,object:1,,"Allocates Sione, Sun's Roar if you have the matching modifier on Forbidden Flesh"
explicitMods,Allocates Spellbreaker if you have the matching modifier on Forbidden Flame,1,1,object:1,,Allocates Spellbreaker if you have the matching modifier on Forbidden Flame
explicitMods,Allocates Swift Killer if you have the matching modifier on Forbidden Flame,1,1,object:1,,Allocates Swift Killer if you have the matching modifier on Forbidden Flame
explicitMods,Allocates Swift Killer if you have the matching modifier on Forbidden Flesh,1,1,object:1,,Allocates Swift Killer if you have the matching modifier on Forbidden Flesh
explicitMods,"Allocates Tawhoa, Forest's Strength if you have the matching modifier on Forbidden Flame",1,1,object:1,,"Allocates Tawhoa, Forest's Strength if you have the matching modifier on Forbidden Flame"
explicitMods,"Allocates Tawhoa, Forest's Strength if you have the matching modifier on Forbidden Flesh",1,1,object:1,,"Allocates Tawhoa, Forest's Strength if you have the matching modifier on Forbidden Flesh"
explicitMods,Allocates Time of Need if you have the matching modifier on Forbidden Flame,1,1,object:1,,Allocates Time of Need if you have the matching modifier on Forbidden Flame
explicitMods,Allocates Time of Need if you have the matching modifier on Forbidden Flesh,1,1,object:1,,Allocates Time of Need if you have the matching modifier on Forbidden Flesh
explicitMods,Allocates Trickster if you have the matching modifier on Forbidden Flame,1,1,object:1,,Allocates Trickster if you have the matching modifier on Forbidden Flame
explicitMods,Allocates Trickster if you have the matching modifier on Forbidden Flesh,1,1,object:1,,Allocates Trickster if you have the matching modifier on Forbidden Flesh
explicitMods,Allocates Unflinching if you have the matching modifier on Forbidden Flame,1,1,object:1,,Allocates Unflinching if you have the matching modifier on Forbidden Flame
explicitMods,Allocates Unflinching if you have the matching modifier on Forbidden Flesh,1,1,object:1,,Allocates Unflinching if you have the matching modifier on Forbidden Flesh
explicitMods,Allocates Unholy Authority if you have the matching modifier on Forbidden Flame,1,1,object:1,,Allocates Unholy Authority if you have the matching modifier on Forbidden Flame
explicitMods,Allocates Unholy Authority if you have the matching modifier on Forbidden Flesh,1,1,object:1,,Allocates Unholy Authority if you have the matching modifier on Forbidden Flesh
explicitMods,Allocates Unstoppable if you have the matching modifier on Forbidden Flame,1,1,object:1,,Allocates Unstoppable if you have the matching modifier on Forbidden Flame
explicitMods,Allocates Unstoppable if you have the matching modifier on Forbidden Flesh,1,1,object:1,,Allocates Unstoppable if you have the matching modifier on Forbidden Flesh
explicitMods,Allocates Unwavering Crusade if you have the matching modifier on Forbidden Flame,1,1,object:1,,Allocates Unwavering Crusade if you have the matching modifier on Forbidden Flame
explicitMods,Allocates Unwavering Crusade if you have the matching modifier on Forbidden Flesh,1,1,object:1,,Allocates Unwavering Crusade if you have the matching modifier on Forbidden Flesh
explicitMods,Allocates Unwavering Faith if you have the matching modifier on Forbidden Flame,1,1,object:1,,Allocates Unwavering Faith if you have the matching modifier on Forbidden Flame
explicitMods,Allocates Unwavering Faith if you have the matching modifier on Forbidden Flesh,1,1,object:1,,Allocates Unwavering Faith if you have the matching modifier on Forbidden Flesh
explicitMods,Allocates Worthy Causes if you have the matching modifier on Forbidden Flame,1,1,object:1,,Allocates Worthy Causes if you have the matching modifier on Forbidden Flame
explicitMods,Allocates Worthy Causes if you have the matching modifier on Forbidden Flesh,1,1,object:1,,Allocates Worthy Causes if you have the matching modifier on Forbidden Flesh
explicitMods,Allocates Worthy Foe if you have the matching modifier on Forbidden Flame,1,1,object:1,,Allocates Worthy Foe if you have the matching modifier on Forbidden Flame
explicitMods,Allocates Worthy Foe if you have the matching modifier on Forbidden Flesh,1,1,object:1,,Allocates Worthy Foe if you have the matching modifier on Forbidden Flesh
explicitMods,Always Poison on Hit against Cursed Enemies,1,1,object:1,,Always Poison on Hit against Cursed Enemies
explicitMods,Amulet: #% chance to Recover #% of Mana when you use a Skill,1,1,object:1,,Amulet: 10% chance to Recover 10% of Mana when you use a Skill
explicitMods,Amulet: #% increased total Recovery per second from Life Leech,1,1,object:1,,Amulet: 150% increased total Recovery per second from Life Leech
explicitMods,Amulet: (#-#)% chance to Crush on Hit,1,1,object:1,,Amulet: (15-25)% chance to Crush on Hit
explicitMods,An [ContainsAbyss|Abyss] Pit in Area will spawn an [AbyssalConsort|Abyssal Consort],1,1,object:1,,An [ContainsAbyss|Abyss] Pit in Area will spawn an [AbyssalConsort|Abyssal Consort]
explicitMods,"Applies a random quality type and amount of quality to a Corrupted ring, amulet or belt\nReplaces other quality types",1,1,object:1,,"Applies a random quality type and amount of quality to a Corrupted ring, amulet or belt\nReplaces o"
explicitMods,"Area contains Einhar\nArea contains # additional Red Beasts from The Deep\nCannot be used alongside a Bestiary Scarab",1,1,object:1,,"Area contains Einhar\nArea contains 4 additional Red Beasts from The Deep\nCannot be used alongsid"
explicitMods,"Area contains Einhar\nArea contains # additional Red Beasts from The Sands\nCannot be used alongside a Bestiary Scarab",1,1,object:1,,"Area contains Einhar\nArea contains 4 additional Red Beasts from The Sands\nCannot be used alongsi"
explicitMods,Area contains Petrification Statues,1,1,object:1,,Area contains Petrification Statues
explicitMods,Area contains The Black Mórrigan if it contains Einhar,1,1,object:1,,Area contains The Black Mórrigan if it contains Einhar
explicitMods,Area contains The Feared,1,1,object:1,,Area contains The Feared
explicitMods,Area contains an Abyssal Depths,1,1,string:1,,Area contains an Abyssal Depths
explicitMods,Area contains an additional Abyss,1,1,string:1,,Area contains an additional Abyss
explicitMods,Area contains an additional Exceptional Rogue Exile,1,1,object:1,,Area contains an additional Exceptional Rogue Exile
explicitMods,Area is inhabited by a Mercenary,1,1,object:1,,Area is inhabited by a Mercenary
explicitMods,Armour also applies to Chaos Damage taken from Hits,1,1,object:1,,Armour also applies to Chaos Damage taken from Hits
explicitMods,Armour is increased by Overcapped Fire Resistance,1,1,object:1,,Armour is increased by Overcapped Fire Resistance
explicitMods,Armour: #% to [Resistances|Fire Resistance],1,1,object:1,,Armour: +14% to [Resistances|Fire Resistance]
explicitMods,Arrows after the first fall within a Base radius of # metres,1,1,object:1,,Arrows after the first fall within a Base radius of 3 metres
explicitMods,Aspect of the Spider can inflict Spider's Web on Enemies an additional time,1,1,object:1,,Aspect of the Spider can inflict Spider's Web on Enemies an additional time
explicitMods,Attacks always inflict Bleeding while you have Cat's Stealth,1,1,object:1,,Attacks always inflict Bleeding while you have Cat's Stealth
explicitMods,Attacks fire # additional Projectiles when in Off Hand,1,1,object:1,,Attacks fire 2 additional Projectiles when in Off Hand
explicitMods,Attacks have #% increased Area of Effect when in Main Hand,1,1,object:1,,Attacks have 44% increased Area of Effect when in Main Hand
explicitMods,Attacks with this Weapon Penetrate #% Fire Resistance,1,1,object:1,,Attacks with this Weapon Penetrate 13% Fire Resistance
explicitMods,Attacks with this Weapon have Added Fire Damage equal to #% of Player's Maximum Life,1,1,object:1,,Attacks with this Weapon have Added Fire Damage equal to 10% of Player's Maximum Life
explicitMods,Attribute Requirements can be satisfied by #% of Omniscience,1,1,object:1,,Attribute Requirements can be satisfied by 25% of Omniscience
explicitMods,"Augment a Rare Abyssal Jewel with a random additional Modifier and corrupt it, even if it is already at maximum Modifier count.",1,1,object:1,,"Augment a Rare Abyssal Jewel with a random additional Modifier and corrupt it, even if it is already"
explicitMods,Augments a magic item with a new random modifier with\nhigher level modifiers being more likely,1,1,object:1,,Augments a magic item with a new random modifier with\nhigher level modifiers being more likely
explicitMods,Aureus Coins are converted to Experience upon defeating the Herald of the Scourge,1,1,object:1,,Aureus Coins are converted to Experience upon defeating the Herald of the Scourge
explicitMods,Base wave length is # metres,1,1,object:1,,Base wave length is 10 metres
explicitMods,Base wave width is # metres,1,1,object:1,,Base wave width is 3.2 metres
explicitMods,Bathed in the blood of # sacrificed in the name of Ahuana\nPassives in radius are Conquered by the Vaal,1,1,object:1,,Bathed in the blood of 6210 sacrificed in the name of Ahuana\nPassives in radius are Conquered by th
explicitMods,Battlemage,1,1,object:1,mutated=True:1,Battlemage
explicitMods,Belt: #% increased Movement Speed during any Flask Effect,1,1,object:1,,Belt: 10% increased Movement Speed during any Flask Effect
explicitMods,Belt: Damage Penetrates #% Elemental Resistances during any Flask Effect,1,1,object:1,,Belt: Damage Penetrates 5% Elemental Resistances during any Flask Effect
explicitMods,Belt: Gain Alchemist's Genius when you use a Flask,1,1,object:1,,Belt: Gain Alchemist's Genius when you use a Flask
explicitMods,Beyond Portals in your Maps have #% increased Merging Radius,1,1,object:1,,Beyond Portals in your Maps have 22% increased Merging Radius
explicitMods,Bleeding expires #% more quickly per Rupture from Supported Skills on targets,1,1,object:1,,Bleeding expires 25% more quickly per Rupture from Supported Skills on targets
explicitMods,Bleeding you inflict is Reflected to you,1,1,object:1,,Bleeding you inflict is Reflected to you
explicitMods,Blight Encounters in Area have up to # additional Unique Bosses\nUnique enemies in Blight Encounters have #% increased life\nTier #+ Blighted Maps found in Area drop as Blight-Ravaged Maps instead,1,1,object:1,,Blight Encounters in Area have up to 3 additional Unique Bosses\nUnique enemies in Blight Encounters
explicitMods,Blight Monsters in your Maps spawn #% faster,1,1,object:1,,Blight Monsters in your Maps spawn 57% faster
explicitMods,Body Armour: #% increased Area of Effect,1,1,object:1,,Body Armour: 25% increased Area of Effect
explicitMods,Body Armour: You gain Onslaught for # seconds when Hit,1,1,object:1,,Body Armour: You gain Onslaught for 6 seconds when Hit
explicitMods,Body Armour: You take #% reduced Extra Damage from Critical Strikes per Endurance Charge,1,1,object:1,,Body Armour: You take 10% reduced Extra Damage from Critical Strikes per Endurance Charge
explicitMods,Boots: #% increased Mana Regeneration Rate while Shocked,1,1,object:1,,Boots: 70% increased Mana Regeneration Rate while Shocked
explicitMods,Boots: #% reduced Elemental Damage Taken while stationary,1,1,object:1,,Boots: 5% reduced Elemental Damage Taken while stationary
explicitMods,"Boots: Drops Burning Ground while moving, dealing # Fire Damage per second for # seconds",1,1,object:1,,"Boots: Drops Burning Ground while moving, dealing 2500 Fire Damage per second for 4 seconds"
explicitMods,Brand Skills have #% increased Duration,1,1,object:1,,Brand Skills have 68% increased Duration
explicitMods,Breaches in your Maps have #% increased chance to contain a Breach Boss' Clasped Hand,1,1,object:1,,Breaches in your Maps have 39% increased chance to contain a Breach Boss' Clasped Hand
explicitMods,Bringer of Bones,1,1,object:1,,Bringer of Bones
explicitMods,Buff Grants #% chance to Shock enemies,1,1,object:1,,Buff Grants 50% chance to Shock enemies
explicitMods,Burst deals #% more Damage with Hits per Stage after the first\nBurst deals #% more Damage with Ailments per Stage after the first,1,1,object:1,,Burst deals 140% more Damage with Hits per Stage after the first\nBurst deals 90% more Damage with A
explicitMods,Call to Arms,1,1,object:1,,Call to Arms
explicitMods,Can have up to # additional Trap placed at a time,1,1,object:1,,Can have up to 1 additional Trap placed at a time
explicitMods,Can have up to # additional Traps placed at a time,1,1,object:1,,Can have up to 3 additional Traps placed at a time
explicitMods,Can target each enemy only once every # seconds,1,1,object:1,,Can target each enemy only once every 0.40 seconds
explicitMods,"Cannot Ignite, Chill, Freeze or Shock",1,1,object:1,,"Cannot Ignite, Chill, Freeze or Shock"
explicitMods,Cannot Inflict Wither on targets that are not on Full Life,1,1,object:1,,Cannot Inflict Wither on targets that are not on Full Life
explicitMods,Cannot Poison Enemies with at least # Poisons on them,1,1,object:1,,Cannot Poison Enemies with at least 12 Poisons on them
explicitMods,Cannot be Stunned by Attacks if your opposite Ring is an Elder Item,1,1,object:1,,Cannot be Stunned by Attacks if your opposite Ring is an Elder Item
explicitMods,Cannot gain Energy Shield,1,1,object:1,,Cannot gain Energy Shield
explicitMods,Cannot gain Power Charges,1,1,object:1,,Cannot gain Power Charges
explicitMods,Cannot have Inspiration,1,1,object:1,,Cannot have Inspiration
explicitMods,Cannot inflict Ignite,1,1,object:1,,Cannot inflict Ignite
explicitMods,Cannot recover Resolve,1,1,object:1,,Cannot recover Resolve
explicitMods,Chance to Block Spell Damage is Unlucky,1,1,object:1,,Chance to Block Spell Damage is Unlucky
explicitMods,Chance to Block is Lucky,1,1,object:1,,Chance to Block is Lucky
explicitMods,Changes a modifier that grants a single Attribute to grant a different Attribute,1,1,object:1,,Changes a modifier that grants a single Attribute to grant a different Attribute
explicitMods,Channelling Skills deal #% increased Damage,1,1,object:1,,Channelling Skills deal 62% increased Damage
explicitMods,Channelling Skills have # to Total Mana Cost,1,1,object:1,crafted=True:1,Channelling Skills have -3 to Total Mana Cost
explicitMods,Chaos Skills inflict up to # Withered Debuffs on Hit for # seconds,1,1,object:1,,Chaos Skills inflict up to 15 Withered Debuffs on Hit for 7 seconds
explicitMods,"Chill nearby Enemies when you Focus, causing #% reduced Action Speed",1,1,object:1,,"Chill nearby Enemies when you Focus, causing 30% reduced Action Speed"
explicitMods,Commanded leadership over # warriors under Kaom\nPassives in radius are Conquered by the Karui,1,1,object:1,,Commanded leadership over 16133 warriors under Kaom\nPassives in radius are Conquered by the Karui
explicitMods,Commissioned # coins to commemorate Cadiro\nPassives in radius are Conquered by the Eternal Empire,1,1,object:1,,Commissioned 73720 coins to commemorate Cadiro\nPassives in radius are Conquered by the Eternal Empi
explicitMods,Commissioned # coins to commemorate Victario\nPassives in radius are Conquered by the Eternal Empire,1,1,object:1,,Commissioned 157920 coins to commemorate Victario\nPassives in radius are Conquered by the Eternal E
explicitMods,Consecrated Ground around you while stationary if # Crusader Items are Equipped,1,1,object:1,,Consecrated Ground around you while stationary if 2 Crusader Items are Equipped
explicitMods,Consumes Socketed Uncorrupted Support Gems when they reach Maximum Level\nCan Consume # Uncorrupted Support Gems\nHas not Consumed any Gems,1,1,object:1,,Consumes Socketed Uncorrupted Support Gems when they reach Maximum Level\nCan Consume 4 Uncorrupted
explicitMods,"Consumes all Memory Strands on an item to attempt to upgrade the tier\nof explicit modifiers based on the number of Memory Strands consumed",1,1,object:1,,"Consumes all Memory Strands on an item to attempt to upgrade the tier\nof explicit modifiers based"
explicitMods,"Corrupted\nHas a Corrupted implicit modifier",1,1,object:1,,"Corrupted\nHas a Corrupted implicit modifier"
explicitMods,Corrupted Blood inflicted by Supported Warcries deals # base Physical Damage per second,1,1,object:1,,Corrupted Blood inflicted by Supported Warcries deals 52.7 base Physical Damage per second
explicitMods,Corrupted Blood inflicted by Supported Warcries has a Base Duration of # seconds,1,1,object:1,,Corrupted Blood inflicted by Supported Warcries has a Base Duration of 2 seconds
explicitMods,"Corrupts a level # Skill Gem, Imbuing it with a random Dexterity Support effect",1,1,object:1,,"Corrupts a level 20 Skill Gem, Imbuing it with a random Dexterity Support effect"
explicitMods,"Corrupts a level # Skill Gem, Imbuing it with a random Intelligence Support effect",1,1,object:1,,"Corrupts a level 20 Skill Gem, Imbuing it with a random Intelligence Support effect"
explicitMods,"Corrupts a level # Skill Gem, Imbuing it with a random Strength Support effect",1,1,object:1,,"Corrupts a level 20 Skill Gem, Imbuing it with a random Strength Support effect"
explicitMods,Count as having maximum number of Endurance Charges,1,1,object:1,,Count as having maximum number of Endurance Charges
explicitMods,Count as having maximum number of Power Charges,1,1,object:1,,Count as having maximum number of Power Charges
explicitMods,Crafts a random Pantheon Aspect Skill onto an item,1,1,object:1,,Crafts a random Pantheon Aspect Skill onto an item
explicitMods,Create a Blighted Spore when your Skills or Minions Kill a Rare Monster,1,1,object:1,,Create a Blighted Spore when your Skills or Minions Kill a Rare Monster
explicitMods,Creates a mirrored copy of an item,1,1,object:1,,Creates a mirrored copy of an item
explicitMods,Critical Strike Chance is increased by Overcapped Lightning Resistance,1,1,object:1,,Critical Strike Chance is increased by Overcapped Lightning Resistance
explicitMods,Critical Strikes with Supported Skills that inflict Bleeding also inflict Rupture,1,1,object:1,,Critical Strikes with Supported Skills that inflict Bleeding also inflict Rupture
explicitMods,Culling Strike during Effect,1,1,object:1,,Culling Strike during Effect
explicitMods,Damage Penetrates #% Lightning Resistance during Effect,1,1,object:1,,Damage Penetrates 6% Lightning Resistance during Effect
explicitMods,Damage Penetrates #% Lightning Resistance while affected by Wrath,1,1,object:1,,Damage Penetrates 13% Lightning Resistance while affected by Wrath
explicitMods,Damage and Chill Linger for a Base Duration of # seconds,1,1,object:1,,Damage and Chill Linger for a Base Duration of 3 seconds
explicitMods,Damaging Retaliation Skills become Usable every # seconds,1,1,object:1,,Damaging Retaliation Skills become Usable every 4 seconds
explicitMods,"Deals Added Spell Damage equal to #% of Damage of Equipped Dagger\nIf two Daggers are Equipped, each contributes #% as much Added Damage",1,1,object:1,,"Deals Added Spell Damage equal to 275% of Damage of Equipped Dagger\nIf two Daggers are Equipped, ea"
explicitMods,Deals no Non-Elemental Damage,1,1,object:1,,Deals no Non-Elemental Damage
explicitMods,Debilitate nearby Enemies for # Seconds when Effect ends,1,1,object:1,,Debilitate nearby Enemies for 2 Seconds when Effect ends
explicitMods,Delirious Monsters Killed in your Maps provide #% increased Reward Progress,1,1,object:1,,Delirious Monsters Killed in your Maps provide 17% increased Reward Progress
explicitMods,Denoted service of # dekhara in the akhara of Deshret\nPassives in radius are Conquered by the Maraketh,1,1,object:1,,Denoted service of 7419 dekhara in the akhara of Deshret\nPassives in radius are Conquered by the Ma
explicitMods,Denoted service of # dekhara in the akhara of Nasima\nPassives in radius are Conquered by the Maraketh,1,1,object:1,,Denoted service of 7002 dekhara in the akhara of Nasima\nPassives in radius are Conquered by the Mar
explicitMods,Destroys an Anointed Item to recover one of the Oils that was used to apply that Anointment,1,1,object:1,,Destroys an Anointed Item to recover one of the Oils that was used to apply that Anointment
explicitMods,"Destroys an item, applying its influence to another of the same item class\nThe second item is reforged as a rare item with both influence types and new modifiers",1,1,object:1,,"Destroys an item, applying its influence to another of the same item class\nThe second item is refo"
explicitMods,Divine Flesh,1,1,object:1,,Divine Flesh
explicitMods,Each Arrow leaves # Spore Pod,1,1,object:1,,Each Arrow leaves 1 Spore Pod
explicitMods,Each Projectile fired remains in the ground as a Lingering Blade,1,1,object:1,,Each Projectile fired remains in the ground as a Lingering Blade
explicitMods,Each Rage also grants #% to Fire Damage Over Time Multiplier,1,1,object:1,,Each Rage also grants +2% to Fire Damage Over Time Multiplier
explicitMods,Effect is removed when Ward Breaks,1,1,object:1,,Effect is removed when Ward Breaks
explicitMods,Effects of Consecrated Ground you create Linger for # seconds,1,1,object:1,,Effects of Consecrated Ground you create Linger for 4 seconds
explicitMods,Effects of Profane Ground you create Linger for # seconds,1,1,object:1,,Effects of Profane Ground you create Linger for 4 seconds
explicitMods,Elemental Equilibrium,1,1,object:1,,Elemental Equilibrium
explicitMods,Enemies Blinded by you have #% reduced Critical Strike Chance,1,1,object:1,mutated=True:1,Enemies Blinded by you have 100% reduced Critical Strike Chance
explicitMods,Enemies Chilled by your Hits can be Shattered as though Frozen,1,1,object:1,,Enemies Chilled by your Hits can be Shattered as though Frozen
explicitMods,Enemies Chilled by your Hits lessen their Damage dealt by half of Chill Effect,1,1,object:1,,Enemies Chilled by your Hits lessen their Damage dealt by half of Chill Effect
explicitMods,Enemies Cursed by you are Hindered if #% of Curse Duration expired,1,1,object:1,,Enemies Cursed by you are Hindered if 25% of Curse Duration expired
explicitMods,Enemies Cursed by you take #% increased Damage if #% of Curse Duration expired,1,1,object:1,,Enemies Cursed by you take 35% increased Damage if 75% of Curse Duration expired
explicitMods,Enemies Hindered by you have #% reduced Life Regeneration rate,1,1,object:1,,Enemies Hindered by you have 16% reduced Life Regeneration rate
explicitMods,Enemies Ignited by you take Chaos Damage instead of Fire Damage from Ignite,1,1,object:1,,Enemies Ignited by you take Chaos Damage instead of Fire Damage from Ignite
explicitMods,Enemies Maimed by you take #% increased Damage Over Time,1,1,object:1,,Enemies Maimed by you take 4% increased Damage Over Time
explicitMods,Enemies you kill are Shocked,1,1,object:1,,Enemies you kill are Shocked
explicitMods,"Etches over between # to # sockets on a pair of Gloves, granting random enchantments but rendering the sockets unusable",1,1,object:1,,"Etches over between 1 to 3 sockets on a pair of Gloves, granting random enchantments but rendering t"
explicitMods,Eternal Youth,1,1,object:1,,Eternal Youth
explicitMods,Evasion Rating is increased by Overcapped Cold Resistance,1,1,object:1,,Evasion Rating is increased by Overcapped Cold Resistance
explicitMods,Everlasting Sacrifice,1,1,object:1,,Everlasting Sacrifice
explicitMods,Every # seconds you gain Elemental Overload for # seconds,1,1,object:1,,Every 16 seconds you gain Elemental Overload for 8 seconds
explicitMods,Every Rage also grants #% of Physical Damage as Extra Fire Damage,1,1,object:1,,Every Rage also grants 1% of Physical Damage as Extra Fire Damage
explicitMods,Exerted Attacks Knock Enemies Back on Hit,1,1,object:1,,Exerted Attacks Knock Enemies Back on Hit
explicitMods,Explode a nearby Corpse when Firing Projectiles,1,1,object:1,,Explode a nearby Corpse when Firing Projectiles
explicitMods,Fenumal Presence,1,1,object:1,,Fenumal Presence
explicitMods,Field gains # metres to radius per #% Shock Effect on Enemy when created,1,1,object:1,,Field gains +0.1 metres to radius per 10% Shock Effect on Enemy when created
explicitMods,Field gains #% more Damage with Hits per #% Shock Effect on Enemy when created,1,1,object:1,,Field gains 15% more Damage with Hits per 5% Shock Effect on Enemy when created
explicitMods,Fires # Arrow,1,1,object:1,,Fires 1 Arrow
explicitMods,Fires Projectiles every # seconds,1,1,object:1,,Fires Projectiles every 0.8 seconds
explicitMods,Fires a beam every # seconds,1,1,object:1,,Fires a beam every 0.10 seconds
explicitMods,Fissure erupts # additional times,1,1,object:1,,Fissure erupts 2 additional times
explicitMods,Flammability has no Reservation if Cast as an Aura,1,1,object:1,,Flammability has no Reservation if Cast as an Aura
explicitMods,"For each nearby corpse, Regenerate #% Life per second, up to #%",1,1,object:1,,"For each nearby corpse, Regenerate 0.25% Life per second, up to 3%"
explicitMods,"Formally used to reroll all of Kirac's Atlas Missions, adding additional mission options",1,1,object:1,,"Formally used to reroll all of Kirac's Atlas Missions, adding additional mission options"
explicitMods,Formerly greatly improved the quality and rewards of a Strongbox and strengthened its defenders,1,1,object:1,,Formerly greatly improved the quality and rewards of a Strongbox and strengthened its defenders
explicitMods,"Fracture a random modifier\nCannot be used on Influenced or Fractured items",1,1,object:1,,"Fracture a random modifier\nCannot be used on Influenced or Fractured items"
explicitMods,Freeze Enemies as though dealing #% more Damage,1,1,object:1,,Freeze Enemies as though dealing 490% more Damage
explicitMods,Frostbite has no Reservation if Cast as an Aura,1,1,object:1,,Frostbite has no Reservation if Cast as an Aura
explicitMods,Frostblink has #% increased Duration,1,1,object:1,,Frostblink has 50% increased Duration
explicitMods,Gain # Aureus Coins at the start of the Sanctum,1,1,object:1,,Gain 17 Aureus Coins at the start of the Sanctum
explicitMods,Gain # Energy Shield for each Enemy you Hit which is affected by a Spider's Web,1,1,object:1,,Gain 18 Energy Shield for each Enemy you Hit which is affected by a Spider's Web
explicitMods,Gain # Energy Shield per Enemy Hit while affected by Discipline,1,1,object:1,,Gain 28 Energy Shield per Enemy Hit while affected by Discipline
explicitMods,Gain # Gathering Lightning on Melee hit,1,1,object:1,,Gain 1 Gathering Lightning on Melee hit
explicitMods,Gain # Inspiration at the start of each Floor,1,1,object:1,,Gain 9 Inspiration at the start of each Floor
explicitMods,Gain # Life per Blinded Enemy Hit with this Weapon,1,1,object:1,,Gain 43 Life per Blinded Enemy Hit with this Weapon
explicitMods,Gain # Life per Enemy Hit if you have used a Vaal Skill Recently,1,1,object:1,,Gain 10 Life per Enemy Hit if you have used a Vaal Skill Recently
explicitMods,Gain # Life per Enemy Hit while affected by Vitality,1,1,object:1,,Gain 24 Life per Enemy Hit while affected by Vitality
explicitMods,Gain # Life per Enemy Hit with Melee Weapons,1,1,object:1,,Gain 2 Life per Enemy Hit with Melee Weapons
explicitMods,Gain # Life per Enemy Hit with [Attack|Attacks],1,1,object:1,,Gain 2 Life per Enemy Hit with [Attack|Attacks]
explicitMods,Gain # Mana per Enemy Hit with Spells,1,1,object:1,,Gain 2 Mana per Enemy Hit with Spells
explicitMods,Gain # Rage after Spending a total of # Mana,1,1,object:1,,Gain 9 Rage after Spending a total of 200 Mana
explicitMods,Gain # Rage on Critical Strike with Attacks,1,1,object:1,,Gain 1 Rage on Critical Strike with Attacks
explicitMods,Gain #% of Missing Unreserved Life before being Hit by an Enemy,1,1,object:1,,Gain 19% of Missing Unreserved Life before being Hit by an Enemy
explicitMods,Gain #% of Physical Damage as Extra Fire Damage if you've dealt a Critical Strike Recently,1,1,object:1,,Gain 4% of Physical Damage as Extra Fire Damage if you've dealt a Critical Strike Recently
explicitMods,Gain Adrenaline for # second on Kill,1,1,object:1,,Gain Adrenaline for 1 second on Kill
explicitMods,Gain Affliction Charges instead of Frenzy Charges,1,1,object:1,,Gain Affliction Charges instead of Frenzy Charges
explicitMods,Gain Arcane Surge for # seconds when you create Consecrated Ground while affected by Zealotry,1,1,object:1,,Gain Arcane Surge for 4 seconds when you create Consecrated Ground while affected by Zealotry
explicitMods,Gain Arcane Surge when you deal a Critical Strike,1,1,object:1,,Gain Arcane Surge when you deal a Critical Strike
explicitMods,Gain Arcane Surge when you use a Movement Skill,1,1,object:1,,Gain Arcane Surge when you use a Movement Skill
explicitMods,Gain Onslaught for # seconds when Hit,1,1,object:1,,Gain Onslaught for 3 seconds when Hit
explicitMods,Gain Onslaught for # seconds when you Warcry,1,1,object:1,,Gain Onslaught for 4 seconds when you Warcry
explicitMods,Gain Ward instead of #% of Armour and Evasion Rating from Equipped Body Armour,1,1,object:1,,Gain Ward instead of 50% of Armour and Evasion Rating from Equipped Body Armour
explicitMods,Gain a Power Charge on Hit while Bleeding,1,1,object:1,mutated=True:1,Gain a Power Charge on Hit while Bleeding
explicitMods,Gain a Power Charge when you use a Vaal Skill,1,1,object:1,,Gain a Power Charge when you use a Vaal Skill
explicitMods,Gain a Spirit Charge every second,1,1,object:1,,Gain a Spirit Charge every second
explicitMods,Gain an Endurance Charge when you Stun an Enemy with a Melee Hit from Supported Skills,1,1,object:1,,Gain an Endurance Charge when you Stun an Enemy with a Melee Hit from Supported Skills
explicitMods,"Gain an Endurance Charge, Frenzy Charge, and Power Charge when you use a Vaal Skill",1,1,object:1,,"Gain an Endurance Charge, Frenzy Charge, and Power Charge when you use a Vaal Skill"
explicitMods,"Gain an Endurance, Frenzy or Power charge when you Block",1,1,object:1,,"Gain an Endurance, Frenzy or Power charge when you Block"
explicitMods,Gain one Ruin on use\nReaching seven Ruin will Sacrifice #% of your Life to deal\n#% of Sacrificed Life as Chaos Damage,1,1,object:1,,Gain one Ruin on use\nReaching seven Ruin will Sacrifice 50% of your Life to deal\n600% of Sacrifice
explicitMods,Gains # Charges per Second,1,1,object:1,,Gains 0.20 Charges per Second
explicitMods,Gloves: Socketed Gems deal # to # Added Fire Damage,1,1,object:1,,Gloves: Socketed Gems deal 175 to 225 Added Fire Damage
explicitMods,Gloves: Socketed Gems have #% Critical Strike Chance,1,1,object:1,,Gloves: Socketed Gems have +3.5% Critical Strike Chance
explicitMods,Gloves: Socketed Gems have #% more Attack and Cast Speed,1,1,object:1,,Gloves: Socketed Gems have 16% more Attack and Cast Speed
explicitMods,Grants Level # Anger Skill,1,1,object:1,,Grants Level 22 Anger Skill
explicitMods,Grants Level # Brandsurge Skill,1,1,object:1,,Grants Level 20 Brandsurge Skill
explicitMods,Grants Level # Convocation Skill,1,1,object:1,,Grants Level 1 Convocation Skill
explicitMods,Grants Level # Crushing Fist Skill,1,1,object:1,,Grants Level 30 Crushing Fist Skill
explicitMods,Grants Level # Discipline Skill,1,1,object:1,,Grants Level 22 Discipline Skill
explicitMods,Grants Level # Doryani's Touch Skill,1,1,object:1,,Grants Level 20 Doryani's Touch Skill
explicitMods,Grants Level # Frostblink Skill,1,1,object:1,,Grants Level 10 Frostblink Skill
explicitMods,Grants Level # Grace Skill,1,1,object:1,,Grants Level 5 Grace Skill
explicitMods,Grants Level # Haste Skill,1,1,object:1,,Grants Level 15 Haste Skill
explicitMods,Grants Level # Hatred Skill,1,1,object:1,,Grants Level 22 Hatred Skill
explicitMods,Grants Level # Herald of Ash Skill,1,1,object:1,,Grants Level 22 Herald of Ash Skill
explicitMods,Grants Level # Herald of Ice Skill,1,1,object:1,,Grants Level 22 Herald of Ice Skill
explicitMods,Grants Level # Purity of Ice Skill,1,1,object:1,,Grants Level 25 Purity of Ice Skill
explicitMods,Grants Level # Savage Barnacle,1,1,object:1,,Grants Level 20 Savage Barnacle
explicitMods,Grants Level # Summon Bestial Rhoa Skill,1,1,object:1,,Grants Level 20 Summon Bestial Rhoa Skill
explicitMods,Grants Level # Summon Bestial Ursa Skill,1,1,object:1,,Grants Level 20 Summon Bestial Ursa Skill
explicitMods,Grants Level # Summon Doedre's Effigy Skill\nSocketed Hex Curse Skills are Triggered by Doedre's Effigy when Summoned\nHexes from Socketed Skills can apply # additional Curses\n#% less Effect of Curses from Socketed Hex Skills,1,1,object:1,,Grants Level 20 Summon Doedre's Effigy Skill\nSocketed Hex Curse Skills are Triggered by Doedre's Ef
explicitMods,Grants Level # Thirst for Blood Skill,1,1,object:1,,Grants Level 20 Thirst for Blood Skill
explicitMods,Grants Level # Vitality Skill,1,1,object:1,,Grants Level 22 Vitality Skill
explicitMods,Grants Level # Will of the Lords Skill,1,1,object:1,,Grants Level 30 Will of the Lords Skill
explicitMods,Grants Summon Greater Harbinger of Storms Skill,1,1,object:1,,Grants Summon Greater Harbinger of Storms Skill
explicitMods,Grants Summon Greater Harbinger of Time Skill,1,1,object:1,,Grants Summon Greater Harbinger of Time Skill
explicitMods,Grants Summon Greater Harbinger of the Arcane Skill,1,1,object:1,,Grants Summon Greater Harbinger of the Arcane Skill
explicitMods,Grants Summon Harbinger of Focus Skill,1,1,object:1,,Grants Summon Harbinger of Focus Skill
explicitMods,Grants level # Affliction,1,1,object:1,,Grants level 20 Affliction
explicitMods,Grants level # Pacify,1,1,object:1,,Grants level 20 Pacify
explicitMods,Guard Skills have #% increased Duration,1,1,object:1,,Guard Skills have 6% increased Duration
explicitMods,Harvest Crops in your Maps have #% increased chance to contain a Tier # Plant,1,1,object:1,,Harvest Crops in your Maps have 37% increased chance to contain a Tier 4 Plant
explicitMods,Has a Crucible Passive Skill Tree with only Support Passive Skills\nCrucible Passive Skill Tree is removed if this Modifier is removed,1,1,object:1,,Has a Crucible Passive Skill Tree with only Support Passive Skills\nCrucible Passive Skill Tree is r
explicitMods,Has a Crucible Passive Skill Tree\nCrucible Passive Skill Tree is removed if this Modifier is removed,1,1,object:1,,Has a Crucible Passive Skill Tree\nCrucible Passive Skill Tree is removed if this Modifier is remove
explicitMods,Has an Abyssal socket,1,1,object:1,,Has an Abyssal socket
explicitMods,Having a placed Banner does not prevent you gaining Valour,1,1,object:1,,Having a placed Banner does not prevent you gaining Valour
explicitMods,Heist Chests have a #% chance to Duplicate contained Breach Splinters,1,1,object:1,,Heist Chests have a 8% chance to Duplicate contained Breach Splinters
explicitMods,Heist Chests have a #% chance to Duplicate contained Essences,1,1,object:1,,Heist Chests have a 7% chance to Duplicate contained Essences
explicitMods,Heist Contracts found in your Maps are #% more likely to require level # Jobs,1,1,object:1,,Heist Contracts found in your Maps are 80% more likely to require level 5 Jobs
explicitMods,Helmet: Socketed Gems deal #% more Damage while on Low Life,1,1,object:1,,Helmet: Socketed Gems deal 30% more Damage while on Low Life
explicitMods,Helmet: Socketed Gems deal #% more Elemental Damage,1,1,object:1,,Helmet: Socketed Gems deal 30% more Elemental Damage
explicitMods,Helmet: Socketed Gems gain #% of Physical Damage as extra Lightning Damage,1,1,object:1,,Helmet: Socketed Gems gain 50% of Physical Damage as extra Lightning Damage
explicitMods,Hex Master,1,1,object:1,,Hex Master
explicitMods,Hexes applied by Supported Curse Skills have #% chance to affect Hexproof Enemies,1,1,object:1,,Hexes applied by Supported Curse Skills have 18% chance to affect Hexproof Enemies
explicitMods,Hits always Shock Enemies that are on Low Life,1,1,object:1,mutated=True:1,Hits always Shock Enemies that are on Low Life
explicitMods,Hits froms Supported Skills cannot kill Enemies,1,1,object:1,,Hits froms Supported Skills cannot kill Enemies
explicitMods,Hits have #% chance to ignore Enemy Physical Damage Reduction,1,1,object:1,,Hits have 42% chance to ignore Enemy Physical Damage Reduction
explicitMods,Hits ignore Enemy Monster Fire Resistance while you are Ignited,1,1,object:1,,Hits ignore Enemy Monster Fire Resistance while you are Ignited
explicitMods,Hits with Prismatic Skills always inflict Brittle,1,1,object:1,,Hits with Prismatic Skills always inflict Brittle
explicitMods,Hits with this Weapon have Culling Strike against Bleeding Enemies,1,1,object:1,,Hits with this Weapon have Culling Strike against Bleeding Enemies
explicitMods,"If The Searing Exarch is dominant, add a prefix modifier\nIf The Eater of Worlds is dominant, add a suffix modifier",1,1,object:1,,"If The Searing Exarch is dominant, add a prefix modifier\nIf The Eater of Worlds is dominant, add a"
explicitMods,"If The Searing Exarch is dominant, reroll prefix modifiers\nIf The Eater of Worlds is dominant, reroll suffix modifiers",1,1,object:1,,"If The Searing Exarch is dominant, reroll prefix modifiers\nIf The Eater of Worlds is dominant, rer"
explicitMods,"If you have Blocked Recently, you and nearby Allies Regenerate #% of Life per second",1,1,object:1,,"If you have Blocked Recently, you and nearby Allies Regenerate 5% of Life per second"
explicitMods,Ignites you inflict during Effect spread to other Enemies within # metres,1,1,object:1,,Ignites you inflict during Effect spread to other Enemies within 1.5 metres
explicitMods,Ignore Stuns while Using Supported Skills,1,1,object:1,,Ignore Stuns while Using Supported Skills
explicitMods,Immortal Syndicate Members in your Maps are #% more likely to be accompanied by their Leader,1,1,object:1,,Immortal Syndicate Members in your Maps are 43% more likely to be accompanied by their Leader
explicitMods,Immune to Shock while affected by Purity of Lightning,1,1,object:1,,Immune to Shock while affected by Purity of Lightning
explicitMods,Impact Base radius is # metre,1,1,object:1,,Impact Base radius is 1 metre
explicitMods,Imprisoned Monsters in your Maps have #% chance to drop an additional Rare Item with an Essence Modifier,1,1,object:1,,Imprisoned Monsters in your Maps have 49% chance to drop an additional Rare Item with an Essence Mod
explicitMods,Increases and Reductions to Cast Speed also Apply to Trap Throwing Speed,1,1,object:1,,Increases and Reductions to Cast Speed also Apply to Trap Throwing Speed
explicitMods,"Increases and Reductions to Fire Damage also apply to Effect of\nAuras from Fire Skills at #% of their value, up to a maximum of #%",1,1,object:1,,Increases and Reductions to Fire Damage also apply to Effect of\nAuras from Fire Skills at 12% of th
explicitMods,Increases and Reductions to Light Radius also apply to Accuracy,1,1,object:1,,Increases and Reductions to Light Radius also apply to Accuracy
explicitMods,Increases and Reductions to Minion Damage also affect you at #% of their value,1,1,object:1,,Increases and Reductions to Minion Damage also affect you at 150% of their value
explicitMods,"Increases and Reductions to Physical Damage also apply to Effect of\nAuras from Physical Skills at #% of their value, up to a maximum of #%",1,1,object:1,,Increases and Reductions to Physical Damage also apply to Effect of\nAuras from Physical Skills at 1
explicitMods,Increases and Reductions to other Damage Types in Radius are Transformed to apply to Fire Damage,1,1,object:1,,Increases and Reductions to other Damage Types in Radius are Transformed to apply to Fire Damage
explicitMods,Increases to Cast Speed from Arcane Surge also applies to Movement Speed,1,1,object:1,,Increases to Cast Speed from Arcane Surge also applies to Movement Speed
explicitMods,Incursions in your Maps have #% chance for all Monsters to be at least Magic,1,1,object:1,,Incursions in your Maps have 20% chance for all Monsters to be at least Magic
explicitMods,Inferno Bolt,1,1,object:1,,Inferno Bolt
explicitMods,Inflict # additional Poisons on the same Target\nwhen you inflict Poison with this weapon,1,1,object:1,,Inflict 2 additional Poisons on the same Target\nwhen you inflict Poison with this weapon
explicitMods,"Inflict Decay on Enemies you Curse with Hex Skills, dealing # Chaos Damage per Second for # Seconds",1,1,object:1,,"Inflict Decay on Enemies you Curse with Hex Skills, dealing 700 Chaos Damage per Second for 8 Second"
explicitMods,Intelligence provides no inherent bonus to Maximum Mana,1,1,object:1,,Intelligence provides no inherent bonus to Maximum Mana
explicitMods,Interrogated Immortal Syndicate targets in Area have a #% chance to\nnot lose Rank upon completing Interrogation,1,1,object:1,,Interrogated Immortal Syndicate targets in Area have a 50% chance to\nnot lose Rank upon completing
explicitMods,Iron Will,1,1,object:1,,Iron Will
explicitMods,Item is overvalued by vendors,1,1,object:1,,Item is overvalued by vendors
explicitMods,Items dropped by Beyond Demons in Area are Corrupted,1,1,object:1,,Items dropped by Beyond Demons in Area are Corrupted
explicitMods,Items dropped by Rare Monsters have #% chance to be Corrupted,1,1,object:1,,Items dropped by Rare Monsters have 3% chance to be Corrupted
explicitMods,Leech Energy Shield instead of Life,1,1,object:1,,Leech Energy Shield instead of Life
explicitMods,Left Ring Slot: Your Chilling Skitterbot's Aura applies Socketed Hex Curse instead,1,1,object:1,,Left Ring Slot: Your Chilling Skitterbot's Aura applies Socketed Hex Curse instead
explicitMods,Legion Chests released from Stasis in your Maps release other Monsters and Chests with #% increased Range,1,1,object:1,,Legion Chests released from Stasis in your Maps release other Monsters and Chests with 37% increased
explicitMods,Legion Encounters in Area always contain the Maraketh Faction,1,1,object:1,,Legion Encounters in Area always contain the Maraketh Faction
explicitMods,Legion Encounters in your Maps have #% increased Duration,1,1,object:1,,Legion Encounters in your Maps have 48% increased Duration
explicitMods,Life Flasks gain # Charges every # seconds,1,1,object:1,,Life Flasks gain 3 Charges every 3 seconds
explicitMods,Life that would be lost by taking Damage is instead Reserved\nuntil you take no Damage to Life for # seconds,1,1,object:1,,Life that would be lost by taking Damage is instead Reserved\nuntil you take no Damage to Life for 2
explicitMods,Lightning Damage with Hits is Lucky if you've Blocked Spell Damage Recently,1,1,object:1,mutated=True:1,Lightning Damage with Hits is Lucky if you've Blocked Spell Damage Recently
explicitMods,Lightning Mirage,1,1,object:1,,Lightning Mirage
explicitMods,Link Skills have #% increased Cast Speed,1,1,object:1,,Link Skills have 12% increased Cast Speed
explicitMods,Link Skills have #% increased Skill Effect Duration,1,1,object:1,,Link Skills have 15% increased Skill Effect Duration
explicitMods,Linked Targets Cannot Die for # seconds after you Die,1,1,object:1,,Linked Targets Cannot Die for 2 seconds after you Die
explicitMods,Lose # Life per Enemy Hit with Attacks,1,1,object:1,,Lose 20 Life per Enemy Hit with Attacks
explicitMods,Lose # Life per Enemy Hit with Spells,1,1,object:1,,Lose 10 Life per Enemy Hit with Spells
explicitMods,Lose # Life per second,1,1,object:1,,Lose 19.9 Life per second
explicitMods,Lose # Mana per Enemy Killed,1,1,object:1,,Lose 2 Mana per Enemy Killed
explicitMods,Lose #% of Energy Shield when you deal a Critical Strike,1,1,object:1,,Lose 14% of Energy Shield when you deal a Critical Strike
explicitMods,Lose #% of Life when you deal a Critical Strike,1,1,object:1,,Lose 12% of Life when you deal a Critical Strike
explicitMods,Lose no Experience when you die because a Linked target died,1,1,object:1,,Lose no Experience when you die because a Linked target died
explicitMods,"Makes a random modifier type much more likely and prevents \nanother random modifier type\nEffects revealed once resonator is fully socketed",1,1,object:1,,"Makes a random modifier type much more likely and prevents \nanother random modifier type\nEffects"
explicitMods,Mana Flasks gain # Charges every # seconds,1,1,object:1,,Mana Flasks gain 3 Charges every 3 seconds
explicitMods,Mana Reservation of Herald Skills is always #%,1,1,object:1,,Mana Reservation of Herald Skills is always 45%
explicitMods,Mana is increased by #% of Overcapped Lightning Resistance,1,1,object:1,mutated=True:1,Mana is increased by 50% of Overcapped Lightning Resistance
explicitMods,Map owner gains #% more Sulphite,1,1,object:1,,Map owner gains 150% more Sulphite
explicitMods,Maximum # Field,1,1,object:1,,Maximum 1 Field
explicitMods,Maximum # Gathering Lightning,1,1,object:1,,Maximum 10 Gathering Lightning
explicitMods,Maximum # Storms,1,1,object:1,,Maximum 3 Storms
explicitMods,Maximum # Summoned Reaper,1,1,object:1,,Maximum 1 Summoned Reaper
explicitMods,Maximum # stuck arrows,1,1,object:1,,Maximum 20 stuck arrows
explicitMods,Maximum Affliction Charges is equal to Maximum Frenzy Charges,1,1,object:1,,Maximum Affliction Charges is equal to Maximum Frenzy Charges
explicitMods,Maximum number of Players in Area is one,1,1,object:1,,Maximum number of Players in Area is one
explicitMods,Maximum number of Raised Spiders is Doubled\nCannot have Minions other than Raised Spiders,1,1,object:1,,Maximum number of Raised Spiders is Doubled\nCannot have Minions other than Raised Spiders
explicitMods,Maximum number of Summoned Raging Spirits is Doubled\nCannot have Minions other than Summoned Raging Spirits,1,1,object:1,,Maximum number of Summoned Raging Spirits is Doubled\nCannot have Minions other than Summoned Raging
explicitMods,Melee Weapon Damage Penetrates #% Elemental Resistances,1,1,object:1,,Melee Weapon Damage Penetrates 6% Elemental Resistances
explicitMods,"Mercenaries found in Area are Infamous\nMercenaries found in Area are accompanied by two Wild Mercenaries",1,1,object:1,,"Mercenaries found in Area are Infamous\nMercenaries found in Area are accompanied by two Wild Merce"
explicitMods,Minion deals #% more Damage with Bleeding,1,1,object:1,,Minion deals 30% more Damage with Bleeding
explicitMods,Minion's Attacks have #% chance to inflict Bleeding,1,1,object:1,,Minion's Attacks have 68% chance to inflict Bleeding
explicitMods,Minions Leech #% of Damage as Life against Poisoned Enemies,1,1,object:1,,Minions Leech 5% of Damage as Life against Poisoned Enemies
explicitMods,"Minions count as having the same number of\nEndurance, Frenzy and Power Charges as you",1,1,object:1,,"Minions count as having the same number of\nEndurance, Frenzy and Power Charges as you"
explicitMods,Minions created Recently have #% increased Critical Hit Chance,1,1,object:1,,Minions created Recently have 79% increased Critical Hit Chance
explicitMods,Minions deal #% increased Damage if you've Hit Recently,1,1,object:1,,Minions deal 70% increased Damage if you've Hit Recently
explicitMods,Minions deal #% increased Damage per # Dexterity,1,1,object:1,,Minions deal 1% increased Damage per 5 Dexterity
explicitMods,Minions gain #% of Physical Damage as Extra Cold Damage,1,1,object:1,,Minions gain 20% of Physical Damage as Extra Cold Damage
explicitMods,Minions have #% chance to gain Unholy Might for # seconds on Kill,1,1,object:1,mutated=True:1,Minions have 25% chance to gain Unholy Might for 4 seconds on Kill
explicitMods,Minions have #% reduced Movement Speed,1,1,object:1,,Minions have 10% reduced Movement Speed
explicitMods,Minions have #% to Cold Resistance,1,1,object:1,,Minions have +40% to Cold Resistance
explicitMods,"Minions have the same maximum number of Endurance, Frenzy and Power Charges as you",1,1,object:1,,"Minions have the same maximum number of Endurance, Frenzy and Power Charges as you"
explicitMods,Misty Footprints,1,1,object:1,,Misty Footprints
explicitMods,Modifiers to Attributes instead apply to Omniscience,1,1,object:1,,Modifiers to Attributes instead apply to Omniscience
explicitMods,Modifiers to Minimum Frenzy Charges instead apply to Minimum Affliction Charges,1,1,object:1,,Modifiers to Minimum Frenzy Charges instead apply to Minimum Affliction Charges
explicitMods,Modifiers to Spell Damage apply to Supported Skill's Damage Over Time effect,1,1,object:1,,Modifiers to Spell Damage apply to Supported Skill's Damage Over Time effect
explicitMods,Modifiers to the number of times to Chain instead apply\nto the number of targets Beam Splits towards,1,1,object:1,,Modifiers to the number of times to Chain instead apply\nto the number of targets Beam Splits toward
explicitMods,Modifies a Map item adding layers of Delirium with the Blight reward type,1,1,object:1,,Modifies a Map item adding layers of Delirium with the Blight reward type
explicitMods,Modifies a Map item adding layers of Delirium with the Breach Items reward type,1,1,object:1,,Modifies a Map item adding layers of Delirium with the Breach Items reward type
explicitMods,Modifies a Map item adding layers of Delirium with the Essences reward type,1,1,object:1,,Modifies a Map item adding layers of Delirium with the Essences reward type
explicitMods,Modifies a Map item adding layers of Delirium with the Expedition Items reward type,1,1,object:1,,Modifies a Map item adding layers of Delirium with the Expedition Items reward type
explicitMods,Modifies a Map item adding layers of Delirium with the Fossils reward type,1,1,object:1,,Modifies a Map item adding layers of Delirium with the Fossils reward type
explicitMods,Modifies a Map item adding layers of Delirium with the Gems reward type,1,1,object:1,,Modifies a Map item adding layers of Delirium with the Gems reward type
explicitMods,Modifies a Map item adding layers of Delirium with the Labyrinth Items reward type,1,1,object:1,,Modifies a Map item adding layers of Delirium with the Labyrinth Items reward type
explicitMods,Modifies a Map item adding layers of Delirium with the Legion reward type,1,1,object:1,,Modifies a Map item adding layers of Delirium with the Legion reward type
explicitMods,Modifies a Map item adding layers of Delirium with the Map Items reward type,1,1,object:1,,Modifies a Map item adding layers of Delirium with the Map Items reward type
explicitMods,Modifies a Map item adding layers of Delirium with the Weapons reward type,1,1,object:1,,Modifies a Map item adding layers of Delirium with the Weapons reward type
explicitMods,Monster packs in Area have a #% chance to be replaced by a random Atlas Boss\nModifiers to the Final Map Boss also apply to these Atlas Bosses,1,1,object:1,,Monster packs in Area have a 15% chance to be replaced by a random Atlas Boss\nModifiers to the Fina
explicitMods,Monsters Imprisoned by Essences have a #% chance to contain a Remnant of Corruption,1,1,object:1,,Monsters Imprisoned by Essences have a 23% chance to contain a Remnant of Corruption
explicitMods,Monsters Influenced by The Searing Exarch in your Maps have #% chance to drop an Item with a Searing Exarch Implicit Modifier,1,1,object:1,,Monsters Influenced by The Searing Exarch in your Maps have 0.53% chance to drop an Item with a Sear
explicitMods,Monsters are Unaffected by Shock,1,1,object:1,,Monsters are Unaffected by Shock
explicitMods,Monsters can only be Damaged while within # metres of a Player\nPlayers' modifiers to Light Radius also apply to this range,1,1,object:1,,Monsters can only be Damaged while within 2 metres of a Player\nPlayers' modifiers to Light Radius a
explicitMods,Monsters have #% chance to drop Double Aureus Coins,1,1,object:1,,Monsters have 3% chance to drop Double Aureus Coins
explicitMods,Monsters inflict Petrification for # seconds on hit,1,1,object:1,,Monsters inflict Petrification for 4 seconds on hit
explicitMods,Monsters take #% increased Damage,1,1,object:1,,Monsters take 9% increased Damage
explicitMods,Monsters' Action Speed cannot be modified to below Base Value,1,1,object:1,,Monsters' Action Speed cannot be modified to below Base Value
explicitMods,Monsters' Attacks Impale on Hit,1,1,object:1,,Monsters' Attacks Impale on Hit
explicitMods,Monsters' Movement Speed cannot be modified to below Base Value,1,1,object:1,,Monsters' Movement Speed cannot be modified to below Base Value
explicitMods,"More Drop modifiers\nNo Tagless modifiers",1,1,object:1,,"More Drop modifiers\nNo Tagless modifiers"
explicitMods,Nearby Enemies Killed by anyone count as being Killed by you instead,1,1,object:1,,Nearby Enemies Killed by anyone count as being Killed by you instead
explicitMods,Nearby Enemies have Fire Exposure while at maximum Rage,1,1,object:1,,Nearby Enemies have Fire Exposure while at maximum Rage
explicitMods,Nearby Enemy Monsters have at least #% of Life Reserved,1,1,object:1,,Nearby Enemy Monsters have at least 8% of Life Reserved
explicitMods,Non-Aura Skills Cost no Mana or Life while Focused,1,1,object:1,,Non-Aura Skills Cost no Mana or Life while Focused
explicitMods,Nova Spells Cast at the targeted location instead of around you,1,1,object:1,,Nova Spells Cast at the targeted location instead of around you
explicitMods,Nova Spells have #% less Area of Effect,1,1,object:1,,Nova Spells have 20% less Area of Effect
explicitMods,Nullifier,1,1,object:1,,Nullifier
explicitMods,"Numeric modifier values are lucky\nHigh Level modifiers are more common",1,1,object:1,,"Numeric modifier values are lucky\nHigh Level modifiers are more common"
explicitMods,Only affects Passives in Massive Ring,1,1,object:1,,Only affects Passives in Massive Ring
explicitMods,Ore Deposits in Area grant Smelted Bars instead of Marking Ore,1,1,object:1,,Ore Deposits in Area grant Smelted Bars instead of Marking Ore
explicitMods,Other Allies Cannot Die,1,1,object:1,,Other Allies Cannot Die
explicitMods,Other Scarabs are not consumed on use,1,1,object:1,,Other Scarabs are not consumed on use
explicitMods,Passive Skills in Radius also grant #% increased Armour,1,1,object:1,,Passive Skills in Radius also grant 7% increased Armour
explicitMods,Passive Skills in Radius also grant #% increased Cold Damage,1,1,object:1,,Passive Skills in Radius also grant 6% increased Cold Damage
explicitMods,Passive Skills in Radius of Vaal Pact can be Allocated\nwithout being connected to your tree\nPassage,1,1,object:1,,Passive Skills in Radius of Vaal Pact can be Allocated\nwithout being connected to your tree\nPassag
explicitMods,Passives granting Cold Resistance or all Elemental Resistances in Radius\nalso grant an equal chance to gain a Frenzy Charge on Kill,1,1,object:1,,Passives granting Cold Resistance or all Elemental Resistances in Radius\nalso grant an equal chance
explicitMods,Passives granting Fire Resistance or all Elemental Resistances in Radius\nalso grant increased Maximum Life at #% of its value,1,1,object:1,mutated=True:1,Passives granting Fire Resistance or all Elemental Resistances in Radius\nalso grant increased Maxim
explicitMods,Passives granting Lightning Resistance or all Elemental Resistances in Radius\nalso grant an equal chance to gain a Power Charge on Kill,1,1,object:1,,Passives granting Lightning Resistance or all Elemental Resistances in Radius\nalso grant an equal c
explicitMods,Passives granting Lightning Resistance or all Elemental Resistances in Radius\nalso grant increased Maximum Energy Shield at #% of its value,1,1,object:1,mutated=True:1,Passives granting Lightning Resistance or all Elemental Resistances in Radius\nalso grant increased
explicitMods,Penetrate #% Elemental Resistances per # Omniscience,1,1,object:1,,Penetrate 1% Elemental Resistances per 15 Omniscience
explicitMods,Physical Damage taken bypasses Energy Shield,1,1,object:1,,Physical Damage taken bypasses Energy Shield
explicitMods,Players are Marked for Death for # seconds\nafter killing a Rare or Unique monster,1,1,object:1,,Players are Marked for Death for 10 seconds\nafter killing a Rare or Unique monster
explicitMods,Players are targeted by a Meteor when they use a Flask,1,1,object:1,,Players are targeted by a Meteor when they use a Flask
explicitMods,Players deal #% less Damage per Equipped Item,1,1,object:1,,Players deal 10% less Damage per Equipped Item
explicitMods,Players who Die in area are sent to the Void,1,1,object:1,,Players who Die in area are sent to the Void
explicitMods,Players' Minions deal #% less Damage per Item Equipped by their Master,1,1,object:1,,Players' Minions deal 10% less Damage per Item Equipped by their Master
explicitMods,Poison you inflict is Reflected to you if you have fewer than # Poisons on you,1,1,object:1,,Poison you inflict is Reflected to you if you have fewer than 100 Poisons on you
explicitMods,Prevent #% of Reflected Damage during Effect,1,1,object:1,,Prevent +67% of Reflected Damage during Effect
explicitMods,"Projectiles cannot Split, Pierce, or Fork when colliding with the wall\nProjectiles can Chain an additional time when colliding with the wall\nProjectiles can only chain to targets on the same side of the wall",1,1,object:1,,"Projectiles cannot Split, Pierce, or Fork when colliding with the wall\nProjectiles can Chain an add"
explicitMods,Projectiles cannot continue after colliding with targets,1,1,object:1,,Projectiles cannot continue after colliding with targets
explicitMods,Projectiles from Attacks Maim on Hit while you have a Bestial Minion,1,1,object:1,,Projectiles from Attacks Maim on Hit while you have a Bestial Minion
explicitMods,Projectiles from Attacks have #% chance to inflict Bleeding on Hit while\nyou have a Bestial Minion,1,1,object:1,,Projectiles from Attacks have 20% chance to inflict Bleeding on Hit while\nyou have a Bestial Minion
explicitMods,Projectiles from Supported Skills can Fork an additional Time,1,1,object:1,,Projectiles from Supported Skills can Fork an additional Time
explicitMods,Projectiles that have Chained gain #% of Non-Chaos Damage as extra Chaos Damage,1,1,object:1,,Projectiles that have Chained gain 21% of Non-Chaos Damage as extra Chaos Damage
explicitMods,Projectiles which have collided with the wall deal #% less Damage,1,1,object:1,,Projectiles which have collided with the wall deal 30% less Damage
explicitMods,Purity of Fire has #% increased Mana Reservation Efficiency,1,1,object:1,,Purity of Fire has 53% increased Mana Reservation Efficiency
explicitMods,Quiver: # to # Added Cold Damage per Frenzy Charge,1,1,object:1,,Quiver: 8 to 12 Added Cold Damage per Frenzy Charge
explicitMods,Quiver: Gain #% of Physical Damage as Extra Fire Damage,1,1,object:1,,Quiver: Gain 15% of Physical Damage as Extra Fire Damage
explicitMods,Quiver: Projectiles Pierce # additional Targets,1,1,object:1,,Quiver: Projectiles Pierce 2 additional Targets
explicitMods,Rage grants Spell Damage instead of Attack Damage,1,1,object:1,,Rage grants Spell Damage instead of Attack Damage
explicitMods,Raised Spectres have #% increased maximum Life,1,1,object:1,,Raised Spectres have 78% increased maximum Life
explicitMods,Randomises the numeric values of base defences on an armour,1,1,object:1,,Randomises the numeric values of base defences on an armour
explicitMods,Randomises the quality of a corrupted armour,1,1,object:1,,Randomises the quality of a corrupted armour
explicitMods,Rare monsters in area Temporarily Revive on death,1,1,object:1,,Rare monsters in area Temporarily Revive on death
explicitMods,Reaper causes your Non-Reaper Minions to deal #% less Damage,1,1,object:1,,Reaper causes your Non-Reaper Minions to deal 20% less Damage
explicitMods,Reaper causes your Non-Reaper Minions to have #% less Maximum Life,1,1,object:1,,Reaper causes your Non-Reaper Minions to have 20% less Maximum Life
explicitMods,Recover # Life when you Block,1,1,object:1,,Recover 250 Life when you Block
explicitMods,Recover # Mana when Used,1,1,object:1,,Recover 5 Mana when Used
explicitMods,Recover #% of Energy Shield when you lose a Spirit Charge,1,1,object:1,,Recover 3% of Energy Shield when you lose a Spirit Charge
explicitMods,Recover #% of your maximum Mana when you Block,1,1,object:1,,Recover 3% of your maximum Mana when you Block
explicitMods,Red Beasts in your Maps have #% increased chance to be from The Wilds,1,1,object:1,,Red Beasts in your Maps have 52% increased chance to be from The Wilds
explicitMods,Reflects opposite Ring,1,1,object:1,,Reflects opposite Ring
explicitMods,"Reforges a Rare item with random modifiers, including an Infamous modifier",1,1,object:1,,"Reforges a Rare item with random modifiers, including an Infamous modifier"
explicitMods,Regenerate #% of Life per second on Chilled Ground,1,1,object:1,,Regenerate 2% of Life per second on Chilled Ground
explicitMods,Regenerate #% of Life per second per # Player Maximum Energy Shield,1,1,object:1,,Regenerate 1% of Life per second per 500 Player Maximum Energy Shield
explicitMods,Remove Chill and Freeze when you use a Flask,1,1,object:1,,Remove Chill and Freeze when you use a Flask
explicitMods,Remove an Ailment when you use a Flask if all Equipped Items are Elder Items,1,1,object:1,,Remove an Ailment when you use a Flask if all Equipped Items are Elder Items
explicitMods,Removes all Energy Shield,1,1,object:1,,Removes all Energy Shield
explicitMods,Repeats once,1,1,object:1,,Repeats once
explicitMods,"Rerolls the room type of a Chart, potentially changing the connections it will have when Charted.",1,1,object:1,,"Rerolls the room type of a Chart, potentially changing the connections it will have when Charted."
explicitMods,Resolve Aegis Recovers #% faster while not losing Resolve,1,1,object:1,,Resolve Aegis Recovers 14% faster while not losing Resolve
explicitMods,Restless Ground,1,1,object:1,,Restless Ground
explicitMods,Retaliation Skills become Usable for #% longer,1,1,object:1,,Retaliation Skills become Usable for 67% longer
explicitMods,Retaliation Skills deal #% increased Damage,1,1,object:1,,Retaliation Skills deal 65% increased Damage
explicitMods,Reverses direction when Repeating,1,1,object:1,,Reverses direction when Repeating
explicitMods,Right Ring Slot: Your Shocking Skitterbot's Aura applies Socketed Hex Curse instead,1,1,object:1,,Right Ring Slot: Your Shocking Skitterbot's Aura applies Socketed Hex Curse instead
explicitMods,Ring: # to # Added Cold Damage per Frenzy Charge,1,1,object:1,,Ring: 4 to 7 Added Cold Damage per Frenzy Charge
explicitMods,Ring: Gain #% of Physical Damage as Extra Fire Damage,1,1,object:1,,Ring: Gain 10% of Physical Damage as Extra Fire Damage
explicitMods,Ring: You and your Minions prevent #% of Reflected Damage,1,1,object:1,,Ring: You and your Minions prevent +60% of Reflected Damage
explicitMods,Rogue Exiles in your Maps have #% chance to drop an additional Currency Item,1,1,object:1,,Rogue Exiles in your Maps have 19% chance to drop an additional Currency Item
explicitMods,Scarabs dropped in your Maps have #% increased chance to be Essence Scarabs,1,1,object:1,,Scarabs dropped in your Maps have 71% increased chance to be Essence Scarabs
explicitMods,Scarabs found in your Maps cannot be Delirium Scarabs,1,1,object:1,,Scarabs found in your Maps cannot be Delirium Scarabs
explicitMods,Shepherd of Souls,1,1,object:1,,Shepherd of Souls
explicitMods,Shield: #% chance to gain a Power Charge when you Block,1,1,object:1,,Shield: 25% chance to gain a Power Charge when you Block
explicitMods,Shield: Adds # to # Fire Damage if you've Blocked Recently,1,1,object:1,,Shield: Adds 60 to 100 Fire Damage if you've Blocked Recently
explicitMods,Shield: Chill Nearby Enemies when you Block,1,1,object:1,,Shield: Chill Nearby Enemies when you Block
explicitMods,Shockwave deals #% more Damage,1,1,object:1,,Shockwave deals 180% more Damage
explicitMods,Skills Supported by Unleash have #% increased Seal gain frequency,1,1,object:1,,Skills Supported by Unleash have 40% increased Seal gain frequency
explicitMods,Skills fire # additional Projectiles if you've used a Movement Skill Recently,1,1,object:1,,Skills fire 2 additional Projectiles if you've used a Movement Skill Recently
explicitMods,Skills gain a Base Life Cost equal to #% of Base Mana Cost,1,1,object:1,,Skills gain a Base Life Cost equal to 100% of Base Mana Cost
explicitMods,Skills granted by your Passive Tree are Supported by level # Blind,1,1,object:1,,Skills granted by your Passive Tree are Supported by level 20 Blind
explicitMods,Skills supported by Unleash have # to maximum number of Seals,1,1,object:1,,Skills supported by Unleash have +1 to maximum number of Seals
explicitMods,Skills that leave Lingering Blades have # to Maximum Lingering Blades,1,1,object:1,,Skills that leave Lingering Blades have +10 to Maximum Lingering Blades
explicitMods,Skills which Throw Traps throw up to # additional Traps,1,1,object:1,,Skills which Throw Traps throw up to 2 additional Traps
explicitMods,Smuggler's Caches have #% chance to Duplicate contained Rogue's Markers,1,1,object:1,,Smuggler's Caches have 5% chance to Duplicate contained Rogue's Markers
explicitMods,Socketed Attacks have #% to Critical Strike Multiplier,1,1,object:1,,Socketed Attacks have +30% to Critical Strike Multiplier
explicitMods,Socketed Gems are Supported by Level # Arcane Surge,1,1,object:1,,Socketed Gems are Supported by Level 10 Arcane Surge
explicitMods,Socketed Gems are Supported by Level # Blind,1,1,object:1,,Socketed Gems are Supported by Level 35 Blind
explicitMods,Socketed Gems are Supported by Level # Chance To Bleed,1,1,object:1,,Socketed Gems are Supported by Level 18 Chance To Bleed
explicitMods,Socketed Gems are Supported by Level # Close Combat,1,1,object:1,,Socketed Gems are Supported by Level 5 Close Combat
explicitMods,Socketed Gems are Supported by Level # Efficacy,1,1,object:1,,Socketed Gems are Supported by Level 16 Efficacy
explicitMods,Socketed Gems are Supported by Level # Elemental Penetration,1,1,object:1,,Socketed Gems are Supported by Level 25 Elemental Penetration
explicitMods,Socketed Gems are Supported by Level # Feeding Frenzy,1,1,object:1,,Socketed Gems are Supported by Level 20 Feeding Frenzy
explicitMods,Socketed Gems are Supported by Level # Frigid Bond,1,1,object:1,mutated=True:1,Socketed Gems are Supported by Level 25 Frigid Bond
explicitMods,Socketed Gems are Supported by Level # Impending Doom,1,1,object:1,mutated=True:1,Socketed Gems are Supported by Level 30 Impending Doom
explicitMods,Socketed Gems are Supported by Level # Intensify,1,1,object:1,,Socketed Gems are Supported by Level 10 Intensify
explicitMods,Socketed Gems are Supported by Level # Less Duration,1,1,object:1,,Socketed Gems are Supported by Level 20 Less Duration
explicitMods,Socketed Gems are Supported by Level # Maim,1,1,object:1,,Socketed Gems are Supported by Level 20 Maim
explicitMods,Socketed Gems are Supported by Level # Meat Shield,1,1,object:1,,Socketed Gems are Supported by Level 20 Meat Shield
explicitMods,Socketed Gems are Supported by Level # Minion Damage,1,1,object:1,,Socketed Gems are Supported by Level 20 Minion Damage
explicitMods,Socketed Gems are Supported by Level # Pulverise,1,1,object:1,,Socketed Gems are Supported by Level 15 Pulverise
explicitMods,Socketed Gems are Supported by Level # Volley,1,1,object:1,,Socketed Gems are Supported by Level 18 Volley
explicitMods,Socketed Gems are supported by Level # Increased Critical Damage,1,1,object:1,,Socketed Gems are supported by Level 20 Increased Critical Damage
explicitMods,Socketed Gems deal #% more Elemental Damage,1,1,object:1,,Socketed Gems deal 30% more Elemental Damage
explicitMods,Socketed Gems have #% Critical Strike Chance,1,1,object:1,,Socketed Gems have +3.5% Critical Strike Chance
explicitMods,Socketed Gems have #% more Attack and Cast Speed,1,1,object:1,,Socketed Gems have 16% more Attack and Cast Speed
explicitMods,Socketed Movement Skills Cost no Mana,1,1,object:1,,Socketed Movement Skills Cost no Mana
explicitMods,Soul Eater,1,1,object:1,,Soul Eater
explicitMods,Spikes on Death,1,1,object:1,,Spikes on Death
explicitMods,Stores the monsters slain for the first time from a completed Ritual Altar for future use,1,1,object:1,,Stores the monsters slain for the first time from a completed Ritual Altar for future use
explicitMods,Storm Herald,1,1,object:1,,Storm Herald
explicitMods,"Storms dissipate if you leave it before reaching maximum Stages, or # seconds after reaching maximum Stages",1,1,object:1,,"Storms dissipate if you leave it before reaching maximum Stages, or 1.5 seconds after reaching maxim"
explicitMods,"Storms gain one stage per # seconds you are in it, up to a maximum of #",1,1,object:1,,"Storms gain one stage per 0.25 seconds you are in it, up to a maximum of 4"
explicitMods,Storms have #% more Area of Effect per stage,1,1,object:1,,Storms have 30% more Area of Effect per stage
explicitMods,Strength from Passives in Radius is Transformed to Intelligence,1,1,object:1,,Strength from Passives in Radius is Transformed to Intelligence
explicitMods,Strength provides no bonus to Maximum Life,1,1,object:1,,Strength provides no bonus to Maximum Life
explicitMods,Strength's Damage Bonus instead grants #% increased Melee\nPhysical Damage per # Strength,1,1,object:1,,Strength's Damage Bonus instead grants 3% increased Melee\nPhysical Damage per 10 Strength
explicitMods,Stun Threshold is based on #% of your Mana instead of Life,1,1,object:1,,Stun Threshold is based on 500% of your Mana instead of Life
explicitMods,Substitutes Monster Packs in Area\nPack Leaders are random Syndicate Members which\ncan have random Syndicate Gear equipped\nPack Monsters revive after Final Map Boss has been slain,1,1,object:1,,Substitutes Monster Packs in Area\nPack Leaders are random Syndicate Members which\ncan have random
explicitMods,Substitutes Monster Packs in Area\nPack Monsters that die when Rare spread\nModifiers to other Rare Monsters in Area,1,1,object:1,,Substitutes Monster Packs in Area\nPack Monsters that die when Rare spread\nModifiers to other Rare
explicitMods,Summon # additional Skeletons with Summon Skeletons,1,1,object:1,,Summon 4 additional Skeletons with Summon Skeletons
explicitMods,Summon Raging Spirit has #% increased Duration,1,1,object:1,,Summon Raging Spirit has 25% increased Duration
explicitMods,Summoned Arbalists Convert #% of Physical Damage to Cold Damage,1,1,object:1,,Summoned Arbalists Convert 100% of Physical Damage to Cold Damage
explicitMods,Summoned Arbalists fire # additional Projectiles,1,1,object:1,,Summoned Arbalists fire 3 additional Projectiles
explicitMods,Summoned Arbalists have #% chance to Freeze,1,1,object:1,,Summoned Arbalists have 17% chance to Freeze
explicitMods,Summoned Arbalists have #% chance to Maim for # seconds on Hit,1,1,object:1,,Summoned Arbalists have 24% chance to Maim for 4 seconds on Hit
explicitMods,Summoned Arbalists have #% chance to deal Double Damage,1,1,object:1,,Summoned Arbalists have 26% chance to deal Double Damage
explicitMods,Summoned Phantasms have #% chance to refresh their Duration when they Hit a Rare or Unique Enemy,1,1,object:1,,Summoned Phantasms have 5% chance to refresh their Duration when they Hit a Rare or Unique Enemy
explicitMods,Summoned Raging Spirits have #% chance to refresh their Duration when they Hit a Rare or Unique Enemy,1,1,object:1,,Summoned Raging Spirits have 5% chance to refresh their Duration when they Hit a Rare or Unique Enem
explicitMods,Summoned Raging Spirits have #% increased maximum Life,1,1,object:1,,Summoned Raging Spirits have 33% increased maximum Life
explicitMods,Summoned Raging Spirits refresh their Duration when they Kill an Ignited Enemy,1,1,object:1,,Summoned Raging Spirits refresh their Duration when they Kill an Ignited Enemy
explicitMods,Summoned Raging Spirits take #% of their Maximum Life per second as Chaos Damage,1,1,object:1,,Summoned Raging Spirits take 20% of their Maximum Life per second as Chaos Damage
explicitMods,Summons # Ballista Totems in a ring which use this Skill,1,1,object:1,,Summons 4 Ballista Totems in a ring which use this Skill
explicitMods,Summons # Skeleton Mages,1,1,object:1,,Summons 2 Skeleton Mages
explicitMods,"Supported Attacks Trigger Windburst on Hit, no more than once every # metres moved",1,1,object:1,,"Supported Attacks Trigger Windburst on Hit, no more than once every 10 metres moved"
explicitMods,Supported Attacks cannot cause Bleeding,1,1,object:1,,Supported Attacks cannot cause Bleeding
explicitMods,Supported Attacks deal #% more Damage for each Warcry Exerting them,1,1,object:1,,Supported Attacks deal 9% more Damage for each Warcry Exerting them
explicitMods,Supported Attacks deal #% more Damage if Exerted,1,1,object:1,,Supported Attacks deal 14% more Damage if Exerted
explicitMods,Supported Attacks deal Added Physical Damage with Weapons equal\nto #% of Maximum Life while on Low Life,1,1,object:1,,Supported Attacks deal Added Physical Damage with Weapons equal\nto 2% of Maximum Life while on Low
explicitMods,Supported Herald Skills have no Buff Effect,1,1,object:1,,Supported Herald Skills have no Buff Effect
explicitMods,Supported Melee Attacks will Trigger a Supported Spell on Kill,1,1,object:1,,Supported Melee Attacks will Trigger a Supported Spell on Kill
explicitMods,Supported Skills Damage and Chill Enemies between you and Linked Targets,1,1,object:1,,Supported Skills Damage and Chill Enemies between you and Linked Targets
explicitMods,Supported Skills Deal #% increased Damage while on Low Life,1,1,object:1,,Supported Skills Deal 10% increased Damage while on Low Life
explicitMods,Supported Skills create Cursed Ground with a base Duration of # seconds\nHexes from Supported Skills have no Duration\nEnemies on the Cursed Ground from a Supported Skill are Cursed with that Hex\nMaximum # area of Cursed Ground,1,1,object:1,,Supported Skills create Cursed Ground with a base Duration of 35 seconds\nHexes from Supported Skill
explicitMods,Supported Skills deal # Base Cold Damage per second,1,1,object:1,,Supported Skills deal 1602.3 Base Cold Damage per second
explicitMods,"Supported Skills deal #% more Damage per second Channelled, up to a maximum of #%",1,1,object:1,,"Supported Skills deal 25% more Damage per second Channelled, up to a maximum of 60%"
explicitMods,Supported Skills deal #% more Melee Physical Damage against Bleeding enemies,1,1,object:1,,Supported Skills deal 34% more Melee Physical Damage against Bleeding enemies
explicitMods,Supported Skills have #% chance to cause Monsters to Flee on Hit,1,1,object:1,,Supported Skills have 10% chance to cause Monsters to Flee on Hit
explicitMods,Supported Skills have #% increased Cooldown Recovery Rate,1,1,object:1,,Supported Skills have 9% increased Cooldown Recovery Rate
explicitMods,"Supported Skills have #% more Cost per second Channelled, up to a maximum of #%",1,1,object:1,,"Supported Skills have 20% more Cost per second Channelled, up to a maximum of 100%"
explicitMods,Supported Skills have #% reduced Aura effect,1,1,object:1,,Supported Skills have 30% reduced Aura effect
explicitMods,"Supported Skills have Added Spell Damage equal to #% of\nDamage of Equipped One Handed Melee Weapons\nIf two Weapons are Equipped, each contributes #% as much Added Damage",1,1,object:1,,Supported Skills have Added Spell Damage equal to 130% of\nDamage of Equipped One Handed Melee Weapo
explicitMods,"Supported Skills inflict Decay on Hit, dealing # Chaos Damage per second for # seconds",1,1,object:1,,"Supported Skills inflict Decay on Hit, dealing 314 Chaos Damage per second for 8 seconds"
explicitMods,Supported Spells have #% more Spell Damage,1,1,object:1,,Supported Spells have 20% more Spell Damage
explicitMods,Supported Warcries inflict # Corrupted Blood Debuffs,1,1,object:1,,Supported Warcries inflict 4 Corrupted Blood Debuffs
explicitMods,Supported Warcries inflict Corrupted Blood on the first\nenemy Hit by each Attack they Exert,1,1,object:1,,Supported Warcries inflict Corrupted Blood on the first\nenemy Hit by each Attack they Exert
explicitMods,Take #% of maximum Energy Shield as Chaos Damage,1,1,object:1,,Take 50% of maximum Energy Shield as Chaos Damage
explicitMods,Taking Chaos Damage over Time heals you instead while Leeching Life,1,1,object:1,,Taking Chaos Damage over Time heals you instead while Leeching Life
explicitMods,Targets are Unaffected by your Hexes,1,1,object:1,,Targets are Unaffected by your Hexes
explicitMods,Targets take #% more Damage from Bleeding per Rupture on them from Supported Skills,1,1,object:1,,Targets take 29% more Damage from Bleeding per Rupture on them from Supported Skills
explicitMods,"The Absence of Patience and Wisdom is level #\nThe Searing Exarch's full power is unleashed in The Absence of Patience and Wisdom",1,1,object:1,,"The Absence of Patience and Wisdom is level 85\nThe Searing Exarch's full power is unleashed in The"
explicitMods,The Divine Font can be used additional times.,1,1,object:1,,The Divine Font can be used additional times.
explicitMods,The Divine Font will offer additional Corrupted Gem crafting options.,1,1,object:1,,The Divine Font will offer additional Corrupted Gem crafting options.
explicitMods,The Herald of the Scourge deals #% more Damage,1,1,object:1,,The Herald of the Scourge deals 100% more Damage
explicitMods,The Herald of the Scourge drops Eternal Damnation,1,1,object:1,,The Herald of the Scourge drops Eternal Damnation
explicitMods,The Herald of the Scourge drops the Winds of Fate,1,1,object:1,,The Herald of the Scourge drops the Winds of Fate
explicitMods,The Herald of the Scourge takes #% less Damage,1,1,object:1,,The Herald of the Scourge takes 75% less Damage
explicitMods,"The Moment of Trauma is level #\nThe Incarnation of Fear's full power is unleashed in The Moment of Trauma",1,1,object:1,,"The Moment of Trauma is level 85\nThe Incarnation of Fear's full power is unleashed in The Moment o"
explicitMods,The stars are aligned if you have # Influence types among other Equipped Items,1,1,object:1,,The stars are aligned if you have 6 Influence types among other Equipped Items
explicitMods,Third Repeat of Supported Skills deals #% more Damage,1,1,object:1,,Third Repeat of Supported Skills deals 66% more Damage
explicitMods,This Skill's Area of Effect cannot be modified,1,1,object:1,,This Skill's Area of Effect cannot be modified
explicitMods,This Weapon's Critical Strike Chance is #%,1,1,object:1,,This Weapon's Critical Strike Chance is 100%
explicitMods,Tier #+ Areas contain the Bosses from a random Maven Invitation,1,1,object:1,,Tier 16+ Areas contain the Bosses from a random Maven Invitation
explicitMods,Tormented Spirits in Area have a #% chance to\nbe set free when Possessed Monsters are slain,1,1,object:1,,Tormented Spirits in Area have a 25% chance to\nbe set free when Possessed Monsters are slain
explicitMods,Tormented Spirits in your Maps have #% increased Duration,1,1,object:1,,Tormented Spirits in your Maps have 49% increased Duration
explicitMods,Totems cannot be Stunned,1,1,object:1,,Totems cannot be Stunned
explicitMods,Totems expire after Attacking once,1,1,object:1,,Totems expire after Attacking once
explicitMods,Transforms into a random Ducat,1,1,object:1,,Transforms into a random Ducat
explicitMods,Traps cannot be triggered by Enemies,1,1,object:1,,Traps cannot be triggered by Enemies
explicitMods,Traps from Skills are thrown randomly around targeted location,1,1,object:1,,Traps from Skills are thrown randomly around targeted location
explicitMods,Trigger Doom Blast when a Hex from Supported Curse Skills ends,1,1,object:1,,Trigger Doom Blast when a Hex from Supported Curse Skills ends
explicitMods,Trigger Level # Arcane Wake after Spending a total of # Mana,1,1,object:1,,Trigger Level 20 Arcane Wake after Spending a total of 200 Mana
explicitMods,Trigger Level # Assassin's Mark when you Hit a Rare or Unique Enemy and have no Mark,1,1,object:1,,Trigger Level 10 Assassin's Mark when you Hit a Rare or Unique Enemy and have no Mark
explicitMods,Trigger Level # Unseen Strike every # seconds while Phasing,1,1,object:1,,Trigger Level 20 Unseen Strike every 0.5 seconds while Phasing
explicitMods,Trigger Level # Warlord's Mark when you Hit a Rare or Unique Enemy and have no Mark,1,1,object:1,,Trigger Level 12 Warlord's Mark when you Hit a Rare or Unique Enemy and have no Mark
explicitMods,Trigger Socketed Minion Spells on Kill with this Weapon\nMinion Spells Triggered by this Item have a # second Cooldown with # Uses,1,1,object:1,,Trigger Socketed Minion Spells on Kill with this Weapon\nMinion Spells Triggered by this Item have a
explicitMods,"Trigger a Socketed Elemental Spell on Block, with a # second Cooldown",1,1,object:1,,"Trigger a Socketed Elemental Spell on Block, with a 0.25 second Cooldown"
explicitMods,"Trigger a Socketed Lightning Spell on Hit, with a # second Cooldown\nSocketed Lightning Spells have no Cost if Triggered",1,1,object:1,,"Trigger a Socketed Lightning Spell on Hit, with a 0.25 second Cooldown\nSocketed Lightning Spells ha"
explicitMods,"Trigger a Socketed Spell on Unarmed Melee Critical Strike, with a # second Cooldown",1,1,object:1,,"Trigger a Socketed Spell on Unarmed Melee Critical Strike, with a 0.25 second Cooldown"
explicitMods,"Trigger a Socketed Spell on Using a Skill, with a # second Cooldown\nSpells Triggered this way have #% more Cost",1,1,object:1,,"Trigger a Socketed Spell on Using a Skill, with a 4 second Cooldown\nSpells Triggered this way have"
explicitMods,Triggers Level # Blinding Aura when Equipped,1,1,object:1,,Triggers Level 20 Blinding Aura when Equipped
explicitMods,Triggers Level # Cold Aegis when Equipped,1,1,object:1,,Triggers Level 20 Cold Aegis when Equipped
explicitMods,Triggers Level # Corpse Walk when Equipped,1,1,object:1,,Triggers Level 20 Corpse Walk when Equipped
explicitMods,Triggers Level # Elemental Aegis when Equipped,1,1,object:1,,Triggers Level 20 Elemental Aegis when Equipped
explicitMods,Triggers Level # Summon Arbalists when Equipped,1,1,object:1,,Triggers Level 20 Summon Arbalists when Equipped
explicitMods,"Twists a Maraketh Unique item into its Afarud form,\nCorrupting it and adding an Implicit Modifier",1,1,object:1,,"Twists a Maraketh Unique item into its Afarud form,\nCorrupting it and adding an Implicit Modifier"
explicitMods,Ultimatum Encounters in your Maps have #% increased chance for\nthe final Round to include a Boss,1,1,object:1,,Ultimatum Encounters in your Maps have 18% increased chance for\nthe final Round to include a Boss
explicitMods,Ultimatum Rewards in your Maps have #% increased chance to be Inscribed Ultimatums,1,1,object:1,,Ultimatum Rewards in your Maps have 27% increased chance to be Inscribed Ultimatums
explicitMods,Ultimatum Stone Circles in your Maps have #% increased radius,1,1,object:1,,Ultimatum Stone Circles in your Maps have 16% increased radius
explicitMods,Unaffected by Bleeding while affected by Malevolence,1,1,object:1,,Unaffected by Bleeding while affected by Malevolence
explicitMods,Unaffected by Burning Ground while affected by Purity of Fire,1,1,object:1,,Unaffected by Burning Ground while affected by Purity of Fire
explicitMods,Unaffected by Curses,1,1,object:1,,Unaffected by Curses
explicitMods,Unaffected by Poison while affected by Malevolence,1,1,object:1,,Unaffected by Poison while affected by Malevolence
explicitMods,Unaffected by Shock while Channelling,1,1,object:1,,Unaffected by Shock while Channelling
explicitMods,Unaffected by Vulnerability while affected by Determination,1,1,object:1,,Unaffected by Vulnerability while affected by Determination
explicitMods,Unique Boss drops # additional Rare Amulets,1,1,object:1,,Unique Boss drops 10 additional Rare Amulets
explicitMods,Unique Boss drops # additional Rare Belts,1,1,object:1,,Unique Boss drops 13 additional Rare Belts
explicitMods,Unique Boss drops # additional Rare Boots,1,1,object:1,,Unique Boss drops 15 additional Rare Boots
explicitMods,Unique Boss drops # additional Rare Gloves,1,1,object:1,,Unique Boss drops 11 additional Rare Gloves
explicitMods,Unique Boss drops # additional Rare Helmets,1,1,object:1,,Unique Boss drops 13 additional Rare Helmets
explicitMods,Unique Boss drops # additional Rare Quivers,1,1,object:1,,Unique Boss drops 13 additional Rare Quivers
explicitMods,Unique Boss drops # additional Rare Rings,1,1,object:1,,Unique Boss drops 12 additional Rare Rings
explicitMods,Unique Boss drops # additional Rare Rune Daggers,1,1,object:1,,Unique Boss drops 15 additional Rare Rune Daggers
explicitMods,Unique Boss drops # additional Rare Sceptres,1,1,object:1,,Unique Boss drops 12 additional Rare Sceptres
explicitMods,Unique Boss drops # additional Rare Staves,1,1,object:1,,Unique Boss drops 14 additional Rare Staves
explicitMods,Unique Boss drops # additional Rare Wands,1,1,object:1,,Unique Boss drops 12 additional Rare Wands
explicitMods,Unpredictably adds or removes a link to the largest group of linked sockets on a corrupted item,1,1,object:1,,Unpredictably adds or removes a link to the largest group of linked sockets on a corrupted item
explicitMods,Unpredictably adds or removes a modifier on a corrupted rare item,1,1,object:1,,Unpredictably adds or removes a modifier on a corrupted rare item
explicitMods,"Unpredictably either randomises the values of random modifiers on a\nunique equipment and corrupts it, or destroys it",1,1,object:1,,Unpredictably either randomises the values of random modifiers on a\nunique equipment and corrupts i
explicitMods,Unpredictably either reforges a corrupted rare item with new random modifiers or removes all of its modifiers,1,1,object:1,,Unpredictably either reforges a corrupted rare item with new random modifiers or removes all of its
explicitMods,Unpredictably either upgrades a corrupted item to unique rarity or destroys it,1,1,object:1,,Unpredictably either upgrades a corrupted item to unique rarity or destroys it
explicitMods,Upgrades Chayula's Breachstone to a more powerful version,1,1,object:1,,Upgrades Chayula's Breachstone to a more powerful version
explicitMods,Upgrades Esh's Breachstone to a more powerful version,1,1,object:1,,Upgrades Esh's Breachstone to a more powerful version
explicitMods,Upgrades Tul's Breachstone to a more powerful version,1,1,object:1,,Upgrades Tul's Breachstone to a more powerful version
explicitMods,Upgrades Xoph's Breachstone to a more powerful version,1,1,object:1,,Upgrades Xoph's Breachstone to a more powerful version
explicitMods,Upgrades a magic item to a rare item with higher level\nmodifiers being more likely,1,1,object:1,,Upgrades a magic item to a rare item with higher level\nmodifiers being more likely
explicitMods,Utility Flasks gain # Charges every # seconds,1,1,object:1,,Utility Flasks gain 3 Charges every 3 seconds
explicitMods,Vaal Pact,1,1,object:1,,Vaal Pact
explicitMods,Vaal Side Areas in your Maps have #% chance to be an Alluring Vaal Side Area,1,1,object:1,,Vaal Side Areas in your Maps have 8% chance to be an Alluring Vaal Side Area
explicitMods,Vine Snare,1,1,object:1,,Vine Snare
explicitMods,Wall is destroyed after # Projectile collisions,1,1,object:1,,Wall is destroyed after 11 Projectile collisions
explicitMods,Wand or Staff: [Gain] #% of Damage as Extra [Fire] Damage,1,1,object:1,,Wand or Staff: [Gain] 8% of Damage as Extra [Fire] Damage
explicitMods,"Weapon: #% chance to gain a Power, Frenzy or Endurance Charge on Kill",1,1,object:1,,"Weapon: 16% chance to gain a Power, Frenzy or Endurance Charge on Kill"
explicitMods,Weapon: Cast Level # Fire Burst on Hit,1,1,object:1,,Weapon: Cast Level 20 Fire Burst on Hit
explicitMods,Weapon: Triggers Level # Spectral Spirits when Equipped\n# to maximum number of Spectral Spirits,1,1,object:1,,Weapon: Triggers Level 20 Spectral Spirits when Equipped\n+3 to maximum number of Spectral Spirits
explicitMods,"When #% of your Hex's Duration Expires on an Enemy, Eat # Soul per Enemy Power",1,1,object:1,,"When 90% of your Hex's Duration Expires on an Enemy, Eat 1 Soul per Enemy Power"
explicitMods,"When a fifth Impale is inflicted on a Player, Impales are removed to Reflect their Physical Damage multiplied by their remaining Hits to that Player and their Allies within # metres",1,1,object:1,,"When a fifth Impale is inflicted on a Player, Impales are removed to Reflect their Physical Damage m"
explicitMods,"When you Cast a Spell, Sacrifice all Mana to gain Added Maximum Lightning Damage\nequal to #% of Sacrificed Mana for # seconds",1,1,object:1,,"When you Cast a Spell, Sacrifice all Mana to gain Added Maximum Lightning Damage\nequal to 25% of Sa"
explicitMods,"When you kill a Poisoned Enemy, Enemies within # metres are Poisoned",1,1,object:1,mutated=True:1,"When you kill a Poisoned Enemy, Enemies within 1.5 metres are Poisoned"
explicitMods,"Wild Rogue Exiles in Area have #% chance to be accompanied by a Wild Mercenary\nWild Mercenaries have increased Difficulty for each Wild Mercenary in Area",1,1,object:1,,"Wild Rogue Exiles in Area have 50% chance to be accompanied by a Wild Mercenary\nWild Mercenaries h"
explicitMods,"With # total Strength and Intelligence in Radius, Prismatic Skills cannot choose Cold",1,1,object:1,,"With 40 total Strength and Intelligence in Radius, Prismatic Skills cannot choose Cold"
explicitMods,"With # total Strength and Intelligence in Radius, Prismatic Skills deal #% less Cold Damage",1,1,object:1,,"With 40 total Strength and Intelligence in Radius, Prismatic Skills deal 50% less Cold Damage"
explicitMods,"With a Ghastly Eye Jewel Socketed, Minions have # to Accuracy Rating",1,1,object:1,,"With a Ghastly Eye Jewel Socketed, Minions have +1000 to Accuracy Rating"
explicitMods,"With a Hypnotic Eye Jewel Socketed, gain Arcane Surge on Hit with Spells",1,1,object:1,,"With a Hypnotic Eye Jewel Socketed, gain Arcane Surge on Hit with Spells"
explicitMods,"With a Murderous Eye Jewel Socketed, Intimidate Enemies for # seconds on Hit with Attacks",1,1,object:1,,"With a Murderous Eye Jewel Socketed, Intimidate Enemies for 4 seconds on Hit with Attacks"
explicitMods,"With a Searching Eye Jewel Socketed, Maim Enemies for # seconds on Hit with Attacks",1,1,object:1,,"With a Searching Eye Jewel Socketed, Maim Enemies for 4 seconds on Hit with Attacks"
explicitMods,"With at least # Dexterity in Radius, Dual Strike has #% increased\nAccuracy Rating while wielding a Sword",1,1,object:1,,"With at least 40 Dexterity in Radius, Dual Strike has 23% increased\nAccuracy Rating while wielding"
explicitMods,"With at least # Dexterity in Radius, each Spectral Throw Projectile gains #% increased Damage each time it Hits",1,1,object:1,,"With at least 40 Dexterity in Radius, each Spectral Throw Projectile gains 5% increased Damage each"
explicitMods,"With at least # Intelligence in Radius, #% of Damage taken Recouped as Mana if you've Warcried Recently",1,1,object:1,,"With at least 40 Intelligence in Radius, 10% of Damage taken Recouped as Mana if you've Warcried Rec"
explicitMods,"With at least # Intelligence in Radius, Discharge Cooldown is # ms",1,1,object:1,,"With at least 40 Intelligence in Radius, Discharge Cooldown is 250 ms"
explicitMods,"With at least # Intelligence in Radius, Discharge deals #% less Damage",1,1,object:1,,"With at least 40 Intelligence in Radius, Discharge deals 60% less Damage"
explicitMods,"With at least # Intelligence in Radius, Discharge has #% less Area of Effect",1,1,object:1,,"With at least 40 Intelligence in Radius, Discharge has 60% less Area of Effect"
explicitMods,"With at least # Intelligence in Radius, Fireball cannot ignite",1,1,object:1,,"With at least 40 Intelligence in Radius, Fireball cannot ignite"
explicitMods,"With at least # Intelligence in Radius, Fireball has #% chance to inflict scorch",1,1,object:1,,"With at least 40 Intelligence in Radius, Fireball has +36% chance to inflict scorch"
explicitMods,"With at least # Intelligence in Radius, Projectiles gain radius as they travel farther, up to a maximum of # metres to radius",1,1,object:1,,"With at least 40 Intelligence in Radius, Projectiles gain radius as they travel farther, up to a max"
explicitMods,"With at least # Intelligence in Radius, Rolling Magma deals #% less Damage",1,1,object:1,,"With at least 40 Intelligence in Radius, Rolling Magma deals 50% less Damage"
explicitMods,"With at least # Intelligence in Radius, Rolling Magma deals #% more Damage per Chain",1,1,object:1,,"With at least 40 Intelligence in Radius, Rolling Magma deals 40% more Damage per Chain"
explicitMods,"With at least # Intelligence in Radius, Rolling Magma\nhas #% increased Area of Effect per Chain",1,1,object:1,,"With at least 40 Intelligence in Radius, Rolling Magma\nhas 10% increased Area of Effect per Chain"
explicitMods,"With at least # Strength in Radius, #% increased\nRarity of Items dropped by Enemies Shattered by Glacial Hammer",1,1,object:1,,"With at least 40 Strength in Radius, 20% increased\nRarity of Items dropped by Enemies Shattered by"
explicitMods,"With at least # Strength in Radius, #% of Glacial\nHammer Physical Damage Converted to Cold Damage",1,1,object:1,,"With at least 40 Strength in Radius, 25% of Glacial\nHammer Physical Damage Converted to Cold Damage"
explicitMods,"With at least # Strength in Radius, Glacial Hammer deals\nCold-only Splash Damage to surrounding targets",1,1,object:1,,"With at least 40 Strength in Radius, Glacial Hammer deals\nCold-only Splash Damage to surrounding ta"
explicitMods,"With at least # Strength in Radius, Molten Strike fires # additional Projectiles",1,1,object:1,,"With at least 40 Strength in Radius, Molten Strike fires 2 additional Projectiles"
explicitMods,"With at least # Strength in Radius, Molten Strike has #% increased Area of Effect",1,1,object:1,,"With at least 40 Strength in Radius, Molten Strike has 25% increased Area of Effect"
explicitMods,Wither on Hit with this weapon against Enemies with at least # Poisons on them,1,1,object:1,,Wither on Hit with this weapon against Enemies with at least 12 Poisons on them
explicitMods,Withered does not expire on Enemies Ignited by you,1,1,object:1,,Withered does not expire on Enemies Ignited by you
explicitMods,You are Debilitated,1,1,object:1,,You are Debilitated
explicitMods,You are Immune to Curses,1,1,object:1,mutated=True:1,You are Immune to Curses
explicitMods,You cannot Cast Socketed Hex Curse Skills\nInflict Socketed Hexes on Enemies that trigger your Traps,1,1,object:1,,You cannot Cast Socketed Hex Curse Skills\nInflict Socketed Hexes on Enemies that trigger your Traps
explicitMods,You cannot be Cursed with Silence,1,1,object:1,,You cannot be Cursed with Silence
explicitMods,You gain Onslaught for # seconds per Endurance Charge when Hit,1,1,object:1,,You gain Onslaught for 5 seconds per Endurance Charge when Hit
explicitMods,You gain Onslaught for # seconds when Hit,1,1,object:1,,You gain Onslaught for 6 seconds when Hit
explicitMods,You gain an Endurance Charge on Kill,1,1,object:1,,You gain an Endurance Charge on Kill
explicitMods,You have Chilling Conflux for # seconds every # seconds,1,1,object:1,,You have Chilling Conflux for 3 seconds every 8 seconds
explicitMods,You have Consecrated Ground around you while\nstationary if Strength is your highest Attribute,1,1,object:1,,You have Consecrated Ground around you while\nstationary if Strength is your highest Attribute
explicitMods,You have Crimson Dance while you have Cat's Stealth,1,1,object:1,,You have Crimson Dance while you have Cat's Stealth
explicitMods,You have Elemental Conflux if the stars are aligned,1,1,object:1,,You have Elemental Conflux if the stars are aligned
explicitMods,You have Lesser Brutal Shrine Buff,1,1,object:1,,You have Lesser Brutal Shrine Buff
explicitMods,You have Lesser Massive Shrine Buff,1,1,object:1,,You have Lesser Massive Shrine Buff
explicitMods,You have Resolute Technique while you do not have Elemental Overload,1,1,object:1,,You have Resolute Technique while you do not have Elemental Overload
explicitMods,"You have Scorching Conflux, Brittle Conflux and Sapping Conflux while your two highest Attributes are equal",1,1,object:1,,"You have Scorching Conflux, Brittle Conflux and Sapping Conflux while your two highest Attributes ar"
explicitMods,You have Tailwind if you have dealt a Critical Strike Recently,1,1,object:1,,You have Tailwind if you have dealt a Critical Strike Recently
explicitMods,You have Vaal Pact if you've dealt a Critical Strike Recently,1,1,object:1,,You have Vaal Pact if you've dealt a Critical Strike Recently
explicitMods,You have no Life Regeneration,1,1,object:1,,You have no Life Regeneration
explicitMods,You lose all Endurance Charges when Hit,1,1,object:1,,You lose all Endurance Charges when Hit
explicitMods,You lose all Spirit Charges when taking a Savage Hit,1,1,object:1,,You lose all Spirit Charges when taking a Savage Hit
explicitMods,You take #% reduced Extra Damage from Critical Strikes per Endurance Charge,1,1,object:1,,You take 10% reduced Extra Damage from Critical Strikes per Endurance Charge
explicitMods,You take #% reduced Extra Damage from Critical Strikes while affected by Determination,1,1,object:1,,You take 51% reduced Extra Damage from Critical Strikes while affected by Determination
explicitMods,Your Blink and Mirror arrow clones use your Gloves,1,1,object:1,,Your Blink and Mirror arrow clones use your Gloves
explicitMods,Your Chaos Damage can Chill,1,1,object:1,,Your Chaos Damage can Chill
explicitMods,Your Chaos Damage can Shock,1,1,object:1,,Your Chaos Damage can Shock
explicitMods,Your Critical Strike Multiplier is #%,1,1,object:1,,Your Critical Strike Multiplier is 300%
explicitMods,Your Curses have #% increased Effect if #% of Curse Duration expired,1,1,object:1,,Your Curses have 25% increased Effect if 50% of Curse Duration expired
explicitMods,Your Damage with Hits is Lucky while on Low Life,1,1,object:1,mutated=True:1,Your Damage with Hits is Lucky while on Low Life
explicitMods,Your Energy Shield starts at zero,1,1,object:1,,Your Energy Shield starts at zero
explicitMods,Your Hits Intimidate Enemies for # seconds while you are using Pride,1,1,object:1,,Your Hits Intimidate Enemies for 4 seconds while you are using Pride
explicitMods,"Your Hits inflict Decay, dealing # Chaos Damage per second for # seconds",1,1,object:1,,"Your Hits inflict Decay, dealing 700 Chaos Damage per second for 8 seconds"
explicitMods,Your Lucky or Unlucky effects use the best or\nworst from three rolls instead of two,1,1,object:1,,Your Lucky or Unlucky effects use the best or\nworst from three rolls instead of two
explicitMods,Your Maps have #% chance to contain Niko,1,1,object:1,,Your Maps have +44% chance to contain Niko
explicitMods,Your Maps have #% chance to contain a Mirror of Delirium,1,1,object:1,,Your Maps have +20% chance to contain a Mirror of Delirium
explicitMods,Your Maps have #% chance to contain a Strongbox,1,1,object:1,,Your Maps have +66% chance to contain a Strongbox
explicitMods,Your Maps have #% chance to contain a Vaal Side Area,1,1,object:1,,Your Maps have +5% chance to contain a Vaal Side Area
explicitMods,Your Maps have #% chance to contain other Extra Content that can\nbe turned off through Atlas Passives,1,1,object:1,,Your Maps have +5% chance to contain other Extra Content that can\nbe turned off through Atlas Passi
explicitMods,Your Maps have a #% chance to be haunted by an additional Tormented Spirit,1,1,object:1,,Your Maps have a 75% chance to be haunted by an additional Tormented Spirit
explicitMods,Your Maps have no chance to contain Mirrors of Delirium,1,1,object:1,,Your Maps have no chance to contain Mirrors of Delirium
explicitMods,Your Maximum Energy Shield is Equal to #% of Your Maximum Life,1,1,object:1,mutated=True:1,Your Maximum Energy Shield is Equal to 50% of Your Maximum Life
explicitMods,Your Raised Spectres also gain Arcane Surge when you do,1,1,object:1,,Your Raised Spectres also gain Arcane Surge when you do
explicitMods,Your hits can't be Evaded,1,1,object:1,,Your hits can't be Evaded
explicitMods,Zealotry has #% increased Mana Reservation Efficiency,1,1,object:1,,Zealotry has 44% increased Mana Reservation Efficiency
explicitMods,[Allies|Allies] in your [Presence|Presence] deal #% increased Damage,1,1,object:1,,[Allies|Allies] in your [Presence|Presence] deal 30% increased Damage
explicitMods,[Gain] #% of Damage as Extra [Fire] Damage,1,1,object:1,,[Gain] 15% of Damage as Extra [Fire] Damage
explicitMods,[Gain] #% of Damage as Extra [Lightning] Damage,1,1,object:1,,[Gain] 15% of Damage as Extra [Lightning] Damage
explicitMods,[ManaLeech|Leech] #% of [Physical] [Attack] Damage as Mana,1,1,object:1,,[ManaLeech|Leech] 4.61% of [Physical] [Attack] Damage as Mana
explicitMods,[MartialWeapon|Martial Weapon]: Adds # to # [Fire|Fire] Damage,1,1,object:1,,[MartialWeapon|Martial Weapon]: Adds 7 to 11 [Fire|Fire] Damage
implicitMods,#% increased Spell Damage,407,407,object:407,,27% increased Spell Damage
implicitMods,Properties are doubled while in a Breach,268,268,object:268,,Properties are doubled while in a Breach
implicitMods,# to maximum Life,265,265,object:265,,+16 to maximum Life
implicitMods,Area is infested with Fungal Growths\nMap's Item Quantity Modifiers also affect Blight Chest count at #% value\nCan be Anointed up to # times,239,239,object:239,,Area is infested with Fungal Growths\nMap's Item Quantity Modifiers also affect Blight Chest count a
implicitMods,Natural inhabitants of this area have been removed,239,239,object:239,,Natural inhabitants of this area have been removed
implicitMods,#% increased Global Critical Strike Chance,235,235,object:235,,50% increased Global Critical Strike Chance
implicitMods,Creates Consecrated Ground on Use,223,223,object:223,,Creates Consecrated Ground on Use
implicitMods,#% increased Global Accuracy Rating,174,174,object:174,,40% increased Global Accuracy Rating
implicitMods,Modifiers to Item Quantity affect the amount of rewards dropped by the boss,166,166,object:166,,Modifiers to Item Quantity affect the amount of rewards dropped by the boss
implicitMods,# to Strength,159,159,object:159,,+31 to Strength
implicitMods,#% increased Elemental Damage,159,159,object:159,,40% increased Elemental Damage
implicitMods,Creates a Smoke Cloud on Use,158,158,object:158,,Creates a Smoke Cloud on Use
implicitMods,# to maximum Energy Shield,154,154,object:154,,+80 to maximum Energy Shield
implicitMods,#% Chance to Block Attack Damage,149,149,object:149,,+25% Chance to Block Attack Damage
implicitMods,# to all Attributes,144,144,object:144,,+16 to all Attributes
implicitMods,#% to Global Critical Strike Multiplier,144,144,object:144,,+17% to Global Critical Strike Multiplier
implicitMods,#% increased Movement Speed,140,140,object:140,,6% increased Movement Speed
implicitMods,Taunts nearby Enemies on use,140,140,object:140,,Taunts nearby Enemies on use
implicitMods,Area is influenced by The Elder,135,135,object:135,,Area is influenced by The Elder
implicitMods,#% to all Elemental Resistances,124,124,object:124,,+10% to all Elemental Resistances
implicitMods,#% to Chaos Resistance,120,120,object:120,,+23% to Chaos Resistance
implicitMods,#% increased Rarity of Items found,112,112,object:112,,18% increased Rarity of Items found
implicitMods,Grants # Life per Enemy Hit,111,111,object:111,,Grants 40 Life per Enemy Hit
implicitMods,Adds # to # Physical Damage to Attacks,105,105,object:105,,Adds 1 to 4 Physical Damage to Attacks
implicitMods,Has # Socket,102,102,object:102,,Has 1 Socket
implicitMods,#% to Cold and Lightning Resistances,93,93,object:93,,+13% to Cold and Lightning Resistances
implicitMods,#% to Fire and Cold Resistances,93,93,object:93,,+13% to Fire and Cold Resistances
implicitMods,#% to Cold Resistance,92,92,object:92,,+21% to Cold Resistance
implicitMods,#% reduced Enemy Stun Threshold,89,89,object:89,,10% reduced Enemy Stun Threshold
implicitMods,#% increased Global Physical Damage,88,88,object:88,,20% increased Global Physical Damage
implicitMods,#% increased Stun Duration on Enemies,84,84,object:84,,26% increased Stun Duration on Enemies
implicitMods,Has # Abyssal Socket,84,84,object:84,,Has 1 Abyssal Socket
implicitMods,Area is Influenced by the Originator's Memories,82,82,object:82,,Area is Influenced by the Originator's Memories
implicitMods,# to Dexterity,81,81,object:81,,+29 to Dexterity
implicitMods,#% to Fire and Lightning Resistances,81,81,object:81,,+16% to Fire and Lightning Resistances
implicitMods,#% increased Mana Regeneration Rate,80,80,object:80,,22% increased Mana Regeneration Rate
implicitMods,# to maximum Mana,77,77,object:77,,+24 to maximum Mana
implicitMods,#% to Lightning Resistance,77,77,object:77,,+23% to Lightning Resistance
implicitMods,# to Dexterity and Intelligence,76,76,object:76,,+28 to Dexterity and Intelligence
implicitMods,# to Strength and Dexterity,76,76,object:76,,+24 to Strength and Dexterity
implicitMods,Creates Chilled Ground on Use,75,75,object:75,,Creates Chilled Ground on Use
implicitMods,#% increased Stun and Block Recovery,73,73,object:73,,22% increased Stun and Block Recovery
implicitMods,#% to Fire Resistance,68,68,object:68,,+27% to Fire Resistance
implicitMods,#% increased Rarity of Items dropped in Heists,66,66,object:66,,14% increased Rarity of Items dropped in Heists
implicitMods,# to Accuracy Rating,65,65,object:65,,+190 to Accuracy Rating
implicitMods,# to Strength and Intelligence,60,60,object:60,,+22 to Strength and Intelligence
implicitMods,# to Intelligence,55,55,object:55,,+25 to Intelligence
implicitMods,Minions deal #% increased Damage,53,53,object:53,,Minions deal 20% increased Damage
implicitMods,#% increased Elemental Damage with Attack Skills,52,52,object:52,,30% increased Elemental Damage with Attack Skills
implicitMods,Regenerate # Life per second,48,48,object:48,,Regenerate 2 Life per second
implicitMods,#% chance to Suppress Spell Damage,47,47,object:47,,+7% chance to Suppress Spell Damage
implicitMods,#% increased Block Recovery,47,47,object:47,,120% increased Block Recovery
implicitMods,#% increased Critical Strike Chance,47,47,object:47,,46% increased Critical Strike Chance
implicitMods,#% increased Lightning Damage,44,44,object:44,,15% increased Lightning Damage
implicitMods,#% reduced raising of Alert Level,43,43,object:43,,2% reduced raising of Alert Level
implicitMods,#% Chance to Block Spell Damage,42,42,object:42,,+25% Chance to Block Spell Damage
implicitMods,#% increased maximum Life,42,42,object:42,,5% increased maximum Life
implicitMods,#% increased Cold Damage,41,41,object:41,,28% increased Cold Damage
implicitMods,#% increased Area of Effect,39,39,object:39,,30% increased Area of Effect
implicitMods,#% increased Fire Damage,39,39,object:39,,25% increased Fire Damage
implicitMods,Map is occupied by The Constrictor,38,38,object:38,,Map is occupied by The Constrictor
implicitMods,Adds # to # Fire Damage to Spells and Attacks,36,36,object:36,,Adds 2 to 4 Fire Damage to Spells and Attacks
implicitMods,Corrupted Blood cannot be inflicted on you,36,36,object:36,,Corrupted Blood cannot be inflicted on you
implicitMods,Map is occupied by The Enslaver,35,35,object:35,,Map is occupied by The Enslaver
implicitMods,#% increased Attack Speed,33,33,object:33,,8% increased Attack Speed
implicitMods,Map is occupied by The Purifier,32,32,object:32,,Map is occupied by The Purifier
implicitMods,#% increased Cast Speed,31,31,object:31,,13% increased Cast Speed
implicitMods,#% increased Melee Damage,31,31,object:31,,16% increased Melee Damage
implicitMods,Adds # to # Lightning Damage to Spells and Attacks,31,31,object:31,,Adds 3 to 74 Lightning Damage to Spells and Attacks
implicitMods,Map is occupied by The Eradicator,29,29,object:29,,Map is occupied by The Eradicator
implicitMods,#% increased Chaos Damage,26,26,object:26,,4% increased Chaos Damage
implicitMods,#% increased maximum Mana,26,26,object:26,,9% increased maximum Mana
implicitMods,Gain # Life per Enemy Hit with Attacks,25,25,object:25,,Gain 7 Life per Enemy Hit with Attacks
implicitMods,#% of Physical Attack Damage Leeched as Life,24,24,object:24,,2% of Physical Attack Damage Leeched as Life
implicitMods,#% increased Damage,23,23,object:23,,4% increased Damage
implicitMods,#% increased Projectile Attack Damage,23,23,object:23,,14% increased Projectile Attack Damage
implicitMods,#% increased Maps found in your Maps,22,22,object:22,,2% increased Maps found in your Maps
implicitMods,#% increased Strength,22,22,object:22,,10% increased Strength
implicitMods,#% increased Dexterity,21,21,object:21,,5% increased Dexterity
implicitMods,Minions have #% to all Elemental Resistances,21,21,object:21,,Minions have +11% to all Elemental Resistances
implicitMods,Adds # to # Cold Damage to Spells and Attacks,19,19,object:19,,Adds 27 to 47 Cold Damage to Spells and Attacks
implicitMods,Regenerate #% of Life per second,19,19,object:19,,Regenerate 1.72% of Life per second
implicitMods,#% increased Intelligence,18,18,object:18,,4% increased Intelligence
implicitMods,Map contains Al-Hezmin's Citadel\nItem Quantity increases amount of Rewards Al-Hezmin drops by #% of its value,18,18,object:18,,Map contains Al-Hezmin's Citadel\nItem Quantity increases amount of Rewards Al-Hezmin drops by 20% o
implicitMods,Arrows Pierce an additional Target,17,17,object:17,,Arrows Pierce an additional Target
implicitMods,Area is influenced by The Shaper,16,16,object:16,,Area is influenced by The Shaper
implicitMods,Can roll Minion Modifiers,16,16,object:16,,Can roll Minion Modifiers
implicitMods,# to # Added Physical Damage with Bow Attacks,15,15,object:15,,1 to 4 Added Physical Damage with Bow Attacks
implicitMods,#% increased Global Defences,15,15,object:15,,15% increased Global Defences
implicitMods,# to Level of Socketed Duration Gems,14,14,object:14,,+2 to Level of Socketed Duration Gems
implicitMods,# to maximum number of Raised Zombies,14,14,object:14,,+1 to maximum number of Raised Zombies
implicitMods,#% increased Attack Damage,14,14,object:14,,16% increased Attack Damage
implicitMods,#% increased Damage over Time,14,14,object:14,,56% increased Damage over Time
implicitMods,# to # Added Fire Damage with Bow Attacks,13,13,object:13,,30 to 47 Added Fire Damage with Bow Attacks
implicitMods,# to Armour and Evasion Rating,13,13,object:13,,+293 to Armour and Evasion Rating
implicitMods,# to Level of Socketed Trap or Mine Gems,13,13,object:13,,+2 to Level of Socketed Trap or Mine Gems
implicitMods,#% increased Evasion Rating,13,13,object:13,,9% increased Evasion Rating
implicitMods,#% increased Monster Movement Speed,13,13,object:13,,20% increased Monster Movement Speed
implicitMods,#% increased Reservation Efficiency of Skills,13,13,object:13,,2% increased Reservation Efficiency of Skills
implicitMods,#% more Monster Life,13,13,object:13,,200% more Monster Life
implicitMods,Damage Penetrates #% Elemental Resistances,13,13,object:13,,Damage Penetrates 1% Elemental Resistances
implicitMods,Gain #% of Physical Damage as Extra Chaos Damage,13,13,object:13,,Gain 12% of Physical Damage as Extra Chaos Damage
implicitMods,Map contains Baran's Citadel\nItem Quantity increases amount of Rewards Baran drops by #% of its value,13,13,object:13,,Map contains Baran's Citadel\nItem Quantity increases amount of Rewards Baran drops by 20% of its va
implicitMods,Map contains Drox's Citadel\nItem Quantity increases amount of Rewards Drox drops by #% of its value,13,13,object:13,,Map contains Drox's Citadel\nItem Quantity increases amount of Rewards Drox drops by 20% of its valu
implicitMods,Map contains Veritania's Citadel\nItem Quantity increases amount of Rewards Veritania drops by #% of its value,13,13,object:13,,Map contains Veritania's Citadel\nItem Quantity increases amount of Rewards Veritania drops by 20% o
implicitMods,Monster Level: #,13,13,object:13,,Monster Level: 85
implicitMods,# to Level of Socketed AoE Gems,12,12,object:12,,+2 to Level of Socketed AoE Gems
implicitMods,# to Level of Socketed Projectile Gems,12,12,object:12,,+2 to Level of Socketed Projectile Gems
implicitMods,#% increased maximum Energy Shield,12,12,object:12,,4% increased maximum Energy Shield
implicitMods,Adds # to # Fire Damage to Attacks,12,12,object:12,,Adds 12 to 26 Fire Damage to Attacks
implicitMods,#% chance to Avoid being Ignited,11,11,object:11,,13% chance to Avoid being Ignited
implicitMods,#% increased Attack and Cast Speed,11,11,object:11,,6% increased Attack and Cast Speed
implicitMods,#% increased Endurance Charge Duration,11,11,object:11,,12% increased Endurance Charge Duration
implicitMods,#% increased Projectile Speed,11,11,object:11,,23% increased Projectile Speed
implicitMods,Hits have #% chance to ignore Enemy Physical Damage Reduction,11,11,object:11,,Hits have 11% chance to ignore Enemy Physical Damage Reduction
implicitMods,Pride has #% increased Aura Effect,11,11,object:11,,Pride has 20% increased Aura Effect
implicitMods,# Cold Damage taken from Hits,10,10,object:10,,-10 Cold Damage taken from Hits
implicitMods,#% chance to Maim on Hit,10,10,object:10,,25% chance to Maim on Hit
implicitMods,#% reduced Effect of Curses on you,10,10,object:10,,50% reduced Effect of Curses on you
implicitMods,Cannot roll Caster Modifiers,10,10,object:10,,Cannot roll Caster Modifiers
implicitMods,Curse Enemies with Elemental Weakness on Hit,10,10,object:10,,Curse Enemies with Elemental Weakness on Hit
implicitMods,Damage Penetrates #% Fire Resistance,10,10,object:10,,Damage Penetrates 1% Fire Resistance
implicitMods,Gain # Mana per Enemy Killed,10,10,object:10,,Gain 3 Mana per Enemy Killed
implicitMods,# to Level of Socketed Aura Gems,9,9,object:9,,+2 to Level of Socketed Aura Gems
implicitMods,Adds # to # Cold Damage,9,9,object:9,,Adds 25 to 44 Cold Damage
implicitMods,Wrath has #% increased Aura Effect,9,9,object:9,,Wrath has 20% increased Aura Effect
implicitMods,You and your Minions take #% reduced Reflected Damage,9,9,object:9,,You and your Minions take 10% reduced Reflected Damage
implicitMods,# to Level of Socketed Gems,8,8,object:8,,+1 to Level of Socketed Gems
implicitMods,#% additional Physical Damage Reduction,8,8,object:8,,3% additional Physical Damage Reduction
implicitMods,#% increased Trap Disarmament speed,8,8,object:8,,13% increased Trap Disarmament speed
implicitMods,#% reduced Mana Cost of Skills,8,8,object:8,,6% reduced Mana Cost of Skills
implicitMods,Damage Penetrates #% Cold Resistance,8,8,object:8,,Damage Penetrates 1% Cold Resistance
implicitMods,Damage Penetrates #% Lightning Resistance,8,8,object:8,,Damage Penetrates 1% Lightning Resistance
implicitMods,Grace has #% increased Aura Effect,8,8,object:8,,Grace has 20% increased Aura Effect
implicitMods,# Lightning Damage taken from Hits,7,7,object:7,,-21 Lightning Damage taken from Hits
implicitMods,#% chance to Avoid being Shocked,7,7,object:7,,35% chance to Avoid being Shocked
implicitMods,#% chance to double Stun Duration,7,7,object:7,,25% chance to double Stun Duration
implicitMods,#% chance to gain Onslaught for # seconds on Kill,7,7,object:7,,12% chance to gain Onslaught for 4 seconds on Kill
implicitMods,#% faster start of Energy Shield Recharge,7,7,object:7,,15% faster start of Energy Shield Recharge
implicitMods,#% increased Armour,7,7,object:7,,28% increased Armour
implicitMods,#% increased Brute Force speed,7,7,object:7,,6% increased Brute Force speed
implicitMods,#% increased Critical Strike Chance with Bows,7,7,object:7,,22% increased Critical Strike Chance with Bows
implicitMods,#% increased Demolition speed,7,7,object:7,,5% increased Demolition speed
implicitMods,#% increased Elemental Ailment Duration on you,7,7,object:7,,50% increased Elemental Ailment Duration on you
implicitMods,#% increased Energy Shield Recharge Rate,7,7,object:7,,11% increased Energy Shield Recharge Rate
implicitMods,Anger has #% increased Aura Effect,7,7,object:7,,Anger has 21% increased Aura Effect
implicitMods,You cannot be Hindered,7,7,object:7,,You cannot be Hindered
implicitMods,Your Hits treat Cold Resistance as #% higher than actual value,7,7,object:7,,Your Hits treat Cold Resistance as 10% higher than actual value
implicitMods,# to Level of Socketed Curse Gems,6,6,object:6,,+2 to Level of Socketed Curse Gems
implicitMods,#% increased Counter-Thaumaturgy speed,6,6,object:6,,4% increased Counter-Thaumaturgy speed
implicitMods,#% increased Damage per Frenzy Charge,6,6,object:6,,4% increased Damage per Frenzy Charge
implicitMods,#% increased Damage while Leeching Life,6,6,object:6,,14% increased Damage while Leeching Life
implicitMods,#% increased Damage with Vaal Skills,6,6,object:6,,17% increased Damage with Vaal Skills
implicitMods,#% increased Deception speed,6,6,object:6,,5% increased Deception speed
implicitMods,#% increased Effect of Non-Damaging Ailments,6,6,object:6,,6% increased Effect of Non-Damaging Ailments
implicitMods,#% increased Elemental Damage with Melee Weapons,6,6,object:6,,79% increased Elemental Damage with Melee Weapons
implicitMods,#% increased Lockpicking speed,6,6,object:6,,10% increased Lockpicking speed
implicitMods,#% increased Perception speed,6,6,object:6,,6% increased Perception speed
implicitMods,#% of Physical Damage from Hits taken as Cold Damage,6,6,object:6,,7% of Physical Damage from Hits taken as Cold Damage
implicitMods,#% reduced Chaos Damage taken,6,6,object:6,,4% reduced Chaos Damage taken
implicitMods,#% to all maximum Resistances,6,6,object:6,,+1% to all maximum Resistances
implicitMods,"Inflict Fire Exposure on Hit, applying #% to Fire Resistance",6,6,object:6,,"Inflict Fire Exposure on Hit, applying -12% to Fire Resistance"
implicitMods,Regenerate # Mana per second,6,6,object:6,,Regenerate 3.7 Mana per second
implicitMods,You cannot be Cursed with Silence,6,6,object:6,,You cannot be Cursed with Silence
implicitMods,You cannot be Maimed,6,6,object:6,,You cannot be Maimed
implicitMods,# Fire Damage taken from Hits,5,5,object:5,,-45 Fire Damage taken from Hits
implicitMods,# to Level of Socketed Minion Gems,5,5,object:5,,+2 to Level of Socketed Minion Gems
implicitMods,# to Total Mana Cost of Skills,5,5,object:5,,-2 to Total Mana Cost of Skills
implicitMods,#% chance to Avoid being Stunned,5,5,object:5,,24% chance to Avoid being Stunned
implicitMods,"#% chance to Freeze, Shock and Ignite",5,5,object:5,,"6% chance to Freeze, Shock and Ignite"
implicitMods,#% chance to gain a Frenzy Charge on Kill,5,5,object:5,,11% chance to gain a Frenzy Charge on Kill
implicitMods,#% increased Agility speed,5,5,object:5,,13% increased Agility speed
implicitMods,#% increased Energy Shield,5,5,object:5,,20% increased Energy Shield
implicitMods,#% increased Life Regeneration rate,5,5,object:5,,7% increased Life Regeneration rate
implicitMods,#% increased Light Radius,5,5,object:5,,15% increased Light Radius
implicitMods,#% increased Mana Reservation Efficiency of Skills,5,5,object:5,,8% increased Mana Reservation Efficiency of Skills
implicitMods,#% increased Power Charge Duration,5,5,object:5,,11% increased Power Charge Duration
implicitMods,#% increased Quantity of Items found,5,5,object:5,,6% increased Quantity of Items found
implicitMods,#% increased Spell Damage per Power Charge,5,5,object:5,,6% increased Spell Damage per Power Charge
implicitMods,#% of Cold Damage Leeched as Life,5,5,object:5,,0.5% of Cold Damage Leeched as Life
implicitMods,#% of Physical Damage from Hits taken as Chaos Damage,5,5,object:5,,11% of Physical Damage from Hits taken as Chaos Damage
implicitMods,#% to maximum Fire Resistance,5,5,object:5,,+2% to maximum Fire Resistance
implicitMods,Adds # to # Fire Damage,5,5,object:5,,Adds 17 to 34 Fire Damage
implicitMods,Discipline has #% increased Aura Effect,5,5,object:5,,Discipline has 19% increased Aura Effect
implicitMods,Gain # Life per Enemy Killed,5,5,object:5,,Gain 11 Life per Enemy Killed
implicitMods,Grants # Mana per Enemy Hit,5,5,object:5,,Grants 14 Mana per Enemy Hit
implicitMods,Ignites you inflict spread to other Enemies within # metres,5,5,object:5,,Ignites you inflict spread to other Enemies within 1.2 metres
implicitMods,Item sells for much more to vendors,5,5,object:5,,Item sells for much more to vendors
implicitMods,Minions have #% increased Movement Speed,5,5,object:5,,Minions have 11% increased Movement Speed
implicitMods,Minions have #% increased maximum Life,5,5,object:5,,Minions have 7% increased maximum Life
implicitMods,Projectiles Pierce # additional Targets,5,5,object:5,,Projectiles Pierce 2 additional Targets
implicitMods,Socketed Skill Gems get a #% Cost & Reservation Multiplier,5,5,object:5,,Socketed Skill Gems get a 80% Cost & Reservation Multiplier
implicitMods,You take #% reduced Extra Damage from Critical Strikes,5,5,object:5,,You take 50% reduced Extra Damage from Critical Strikes
implicitMods,# Chaos Damage taken,4,4,object:4,,-17 Chaos Damage taken
implicitMods,# to Level of Socketed Support Gems,4,4,object:4,,-2 to Level of Socketed Support Gems
implicitMods,# to Level of all Vaal Skill Gems,4,4,object:4,,+1 to Level of all Vaal Skill Gems
implicitMods,#% chance to Avoid Bleeding,4,4,object:4,,16% chance to Avoid Bleeding
implicitMods,#% chance to Avoid being Frozen,4,4,object:4,,35% chance to Avoid being Frozen
implicitMods,#% chance to Avoid being Poisoned,4,4,object:4,,10% chance to Avoid being Poisoned
implicitMods,#% chance to Blind Enemies on Hit with Melee Weapons,4,4,object:4,,25% chance to Blind Enemies on Hit with Melee Weapons
implicitMods,#% chance to cause Bleeding on Hit,4,4,object:4,,20% chance to cause Bleeding on Hit
implicitMods,#% chance to deal Double Damage,4,4,object:4,,3% chance to deal Double Damage
implicitMods,#% increased Attributes,4,4,object:4,,24% increased Attributes
implicitMods,#% increased Effect of Blind from Melee Weapons,4,4,object:4,,34% increased Effect of Blind from Melee Weapons
implicitMods,#% increased Effect of your Curses,4,4,object:4,,7% increased Effect of your Curses
implicitMods,#% increased Engineering speed,4,4,object:4,,12% increased Engineering speed
implicitMods,#% increased Mana Recovery from [Flask|Flasks],4,4,object:4,,20% increased Mana Recovery from [Flask|Flasks]
implicitMods,#% increased Totem Placement speed,4,4,object:4,,12% increased Totem Placement speed
implicitMods,#% reduced Lightning Damage taken,4,4,object:4,,4% reduced Lightning Damage taken
implicitMods,#% to maximum Chaos Resistance,4,4,object:4,,+1% to maximum Chaos Resistance
implicitMods,Adds # to # Lightning Damage,4,4,object:4,,Adds 1 to 69 Lightning Damage
implicitMods,Attacks have #% to Critical Strike Chance,4,4,object:4,,Attacks have +0.59% to Critical Strike Chance
implicitMods,Curse Enemies with Temporal Chains on Hit,4,4,object:4,,Curse Enemies with Temporal Chains on Hit
implicitMods,Determination has #% increased Aura Effect,4,4,object:4,,Determination has 19% increased Aura Effect
implicitMods,Hatred has #% increased Aura Effect,4,4,object:4,,Hatred has 16% increased Aura Effect
implicitMods,"Inflict Lightning Exposure on Hit, applying #% to Lightning Resistance",4,4,object:4,,"Inflict Lightning Exposure on Hit, applying -11% to Lightning Resistance"
implicitMods,Resolute Technique,4,4,object:4,,Resolute Technique
implicitMods,You can apply an additional Curse,4,4,object:4,,You can apply an additional Curse
implicitMods,Zealotry has #% increased Aura Effect,4,4,object:4,,Zealotry has 17% increased Aura Effect
implicitMods,# to # Added Cold Damage per Frenzy Charge,3,3,object:3,,4 to 8 Added Cold Damage per Frenzy Charge
implicitMods,# to Level of Socketed Cold Gems,3,3,object:3,,+2 to Level of Socketed Cold Gems
implicitMods,# to Level of Socketed Lightning Gems,3,3,object:3,,+2 to Level of Socketed Lightning Gems
implicitMods,# to Level of Socketed Skill Gems,3,3,object:3,,+2 to Level of Socketed Skill Gems
implicitMods,# to maximum Fortification,3,3,object:3,,+3 to maximum Fortification
implicitMods,#% chance to Avoid Elemental Ailments,3,3,object:3,,20% chance to Avoid Elemental Ailments
implicitMods,#% chance to gain a Power Charge on Critical Strike,3,3,object:3,,6% chance to gain a Power Charge on Critical Strike
implicitMods,#% increased Action Speed,3,3,object:3,,4% increased Action Speed
implicitMods,#% increased Cooldown Recovery Rate of Travel Skills,3,3,object:3,,17% increased Cooldown Recovery Rate of Travel Skills
implicitMods,#% increased Damage while Leeching Mana,3,3,object:3,,18% increased Damage while Leeching Mana
implicitMods,#% increased Damage with Ailments,3,3,object:3,,8% increased Damage with Ailments
implicitMods,#% increased Frenzy Charge Duration,3,3,object:3,,10% increased Frenzy Charge Duration
implicitMods,#% increased Physical Damage,3,3,object:3,,11% increased Physical Damage
implicitMods,#% increased Skill Effect Duration,3,3,object:3,,14% increased Skill Effect Duration
implicitMods,#% increased Stun Duration with Melee Weapons,3,3,object:3,,25% increased Stun Duration with Melee Weapons
implicitMods,#% of Fire Damage Leeched as Life,3,3,object:3,,0.5% of Fire Damage Leeched as Life
implicitMods,#% of Lightning Damage Leeched as Life,3,3,object:3,,0.5% of Lightning Damage Leeched as Life
implicitMods,#% of Physical Damage from Hits taken as Fire Damage,3,3,object:3,,10% of Physical Damage from Hits taken as Fire Damage
implicitMods,#% reduced Effect of Shock on you,3,3,object:3,,20% reduced Effect of Shock on you
implicitMods,#% reduced Enemy Stun Threshold with Melee Weapons,3,3,object:3,,40% reduced Enemy Stun Threshold with Melee Weapons
implicitMods,#% to Damage over Time Multiplier for Bleeding,3,3,object:3,,+20% to Damage over Time Multiplier for Bleeding
implicitMods,#% to maximum Lightning Resistance,3,3,object:3,,+1% to maximum Lightning Resistance
implicitMods,Cannot roll Modifiers of Non-Physical Damage Types,3,3,object:3,,Cannot roll Modifiers of Non-Physical Damage Types
implicitMods,Curse Enemies with Enfeeble on Hit,3,3,object:3,,Curse Enemies with Enfeeble on Hit
implicitMods,Gain #% of Physical Damage as Extra Damage of a random Element,3,3,object:3,,Gain 10% of Physical Damage as Extra Damage of a random Element
implicitMods,Grants Level # Wrath Skill,3,3,object:3,,Grants Level 21 Wrath Skill
implicitMods,Implicit Modifiers Cannot Be Changed,3,3,object:3,,Implicit Modifiers Cannot Be Changed
implicitMods,Non-Vaal Strike Skills target # additional nearby Enemy,3,3,object:3,,Non-Vaal Strike Skills target 1 additional nearby Enemy
implicitMods,Projectiles Pierce an additional Target,3,3,object:3,,Projectiles Pierce an additional Target
implicitMods,Regenerate #% of Life per second per Endurance Charge,3,3,object:3,,Regenerate 0.2% of Life per second per Endurance Charge
implicitMods,You are Crushed,3,3,object:3,,You are Crushed
implicitMods,# Life gained when you Block,2,2,object:2,,5 Life gained when you Block
implicitMods,# Suffix Modifiers allowed,2,2,object:2,,-2 Suffix Modifiers allowed
implicitMods,# to Level of Socketed Fire Gems,2,2,object:2,,+2 to Level of Socketed Fire Gems
implicitMods,# to Level of Socketed Warcry Gems,2,2,object:2,,+2 to Level of Socketed Warcry Gems
implicitMods,# to Maximum Endurance Charges,2,2,object:2,,+1 to Maximum Endurance Charges
implicitMods,# to Maximum Frenzy Charges,2,2,object:2,,+1 to Maximum Frenzy Charges
implicitMods,# to Maximum Power Charges,2,2,object:2,,+1 to Maximum Power Charges
implicitMods,# to [Dexterity|Dexterity],2,2,object:2,,+13 to [Dexterity|Dexterity]
implicitMods,#% Chance to Block,2,2,object:2,,+5% Chance to Block
implicitMods,#% Item Quantity,2,2,object:2,,+10% Item Quantity
implicitMods,#% chance to Ignite with Melee Weapons,2,2,object:2,,25% chance to Ignite with Melee Weapons
implicitMods,#% chance to gain Unholy Might for # seconds on Kill,2,2,object:2,,15% chance to gain Unholy Might for 3 seconds on Kill
implicitMods,#% chance to gain a Power Charge on Kill,2,2,object:2,,10% chance to gain a Power Charge on Kill
implicitMods,#% chance when you pay a Skill's Cost to gain that much Mana,2,2,object:2,,30% chance when you pay a Skill's Cost to gain that much Mana
implicitMods,#% increased Armour from Equipped Helmet and Gloves,2,2,object:2,,34% increased Armour from Equipped Helmet and Gloves
implicitMods,#% increased Attack Speed during any Flask Effect,2,2,object:2,,9% increased Attack Speed during any Flask Effect
implicitMods,#% increased Burning Damage,2,2,object:2,,40% increased Burning Damage
implicitMods,#% increased Cooldown Recovery Rate,2,2,object:2,,11% increased Cooldown Recovery Rate
implicitMods,#% increased Critical Strike Chance during any Flask Effect,2,2,object:2,,40% increased Critical Strike Chance during any Flask Effect
implicitMods,#% increased Critical Strike Chance with Melee Weapons,2,2,object:2,,146% increased Critical Strike Chance with Melee Weapons
implicitMods,#% increased Damage with Hits and Ailments against Abyssal Monsters,2,2,object:2,,20% increased Damage with Hits and Ailments against Abyssal Monsters
implicitMods,#% increased Damage with Ignite from Melee Weapons,2,2,object:2,,64% increased Damage with Ignite from Melee Weapons
implicitMods,#% increased Damage with Poison,2,2,object:2,,12% increased Damage with Poison
implicitMods,#% increased Despair Curse Effect,2,2,object:2,,12% increased Despair Curse Effect
implicitMods,#% increased Duration of Ailments on Enemies,2,2,object:2,,13% increased Duration of Ailments on Enemies
implicitMods,#% increased Effect of Cold Ailments,2,2,object:2,,7% increased Effect of Cold Ailments
implicitMods,#% increased Evasion Rating from Equipped Helmet and Boots,2,2,object:2,,33% increased Evasion Rating from Equipped Helmet and Boots
implicitMods,#% increased Mana Cost Efficiency,2,2,object:2,,28% increased Mana Cost Efficiency
implicitMods,#% increased Trap Throwing Speed,2,2,object:2,,10% increased Trap Throwing Speed
implicitMods,#% of Cold Damage from Hits taken as Fire Damage,2,2,object:2,,50% of Cold Damage from Hits taken as Fire Damage
implicitMods,#% of Lightning Damage from Hits taken as Cold Damage,2,2,object:2,,50% of Lightning Damage from Hits taken as Cold Damage
implicitMods,#% of Physical Damage Leeched as Life,2,2,object:2,,0.2% of Physical Damage Leeched as Life
implicitMods,#% of Physical Damage from Hits taken as Lightning Damage,2,2,object:2,,8% of Physical Damage from Hits taken as Lightning Damage
implicitMods,#% of Physical Damage is taken from Mana before Life,2,2,object:2,,4% of Physical Damage is taken from Mana before Life
implicitMods,#% of Physical Damage taken Recouped as Life,2,2,object:2,,8% of Physical Damage taken Recouped as Life
implicitMods,#% reduced Bleed Duration on you,2,2,object:2,,20% reduced Bleed Duration on you
implicitMods,#% reduced Effect of Chill on you,2,2,object:2,,24% reduced Effect of Chill on you
implicitMods,#% reduced Mana Cost of Attacks,2,2,object:2,,22% reduced Mana Cost of Attacks
implicitMods,#% reduced Reflected Physical Damage taken,2,2,object:2,,10% reduced Reflected Physical Damage taken
implicitMods,#% reduced maximum Mana,2,2,object:2,,30% reduced maximum Mana
implicitMods,#% to Quality of Socketed Projectile Gems,2,2,object:2,,+2% to Quality of Socketed Projectile Gems
implicitMods,#% to Spell Critical Strike Chance,2,2,object:2,,+0.66% to Spell Critical Strike Chance
implicitMods,#% to maximum Chance to Block Attack Damage,2,2,object:2,,+1% to maximum Chance to Block Attack Damage
implicitMods,#% to maximum Cold Resistance,2,2,object:2,,+1% to maximum Cold Resistance
implicitMods,Adds # to # Chaos Damage to Attacks,2,2,object:2,,Adds 6 to 10 Chaos Damage to Attacks
implicitMods,Adds # to # Lightning Damage to Attacks,2,2,object:2,,Adds 2 to 24 Lightning Damage to Attacks
implicitMods,Adds # to # [Physical|Physical] Damage to [Attack|Attacks],2,2,object:2,,Adds 1 to 3 [Physical|Physical] Damage to [Attack|Attacks]
implicitMods,Cannot be Blinded,2,2,object:2,,Cannot be Blinded
implicitMods,Cannot be Poisoned,2,2,object:2,,Cannot be Poisoned
implicitMods,Cannot roll Modifiers of Non-Fire Damage Types,2,2,object:2,,Cannot roll Modifiers of Non-Fire Damage Types
implicitMods,Contains a Vaal Side Area,2,2,object:2,,Contains a Vaal Side Area
implicitMods,Curse Enemies with Conductivity on Hit,2,2,object:2,,Curse Enemies with Conductivity on Hit
implicitMods,Curse Enemies with Flammability on Hit,2,2,object:2,,Curse Enemies with Flammability on Hit
implicitMods,Curse Enemies with Vulnerability on Hit,2,2,object:2,,Curse Enemies with Vulnerability on Hit
implicitMods,"Drops Scorched Ground while moving, lasting # seconds",2,2,object:2,,"Drops Scorched Ground while moving, lasting 4 seconds"
implicitMods,Elemental Equilibrium,2,2,object:2,,Elemental Equilibrium
implicitMods,Gain #% of Physical Damage as Extra Fire Damage,2,2,object:2,,Gain 4% of Physical Damage as Extra Fire Damage
implicitMods,Grants Level # Anger Skill,2,2,object:2,,Grants Level 10 Anger Skill
implicitMods,Grants Level # Frostbite Skill,2,2,object:2,,Grants Level 23 Frostbite Skill
implicitMods,Grants Level # Hatred Skill,2,2,object:2,,Grants Level 21 Hatred Skill
implicitMods,Grants Level # Pride Skill,2,2,object:2,,Grants Level 21 Pride Skill
implicitMods,Grants Level # Purity of Fire Skill,2,2,object:2,,Grants Level 23 Purity of Fire Skill
implicitMods,Has # [Charm] Slot,2,2,object:2,,Has 1 [Charm] Slot
implicitMods,"Inflict Cold Exposure on Hit, applying #% to Cold Resistance",2,2,object:2,,"Inflict Cold Exposure on Hit, applying -12% to Cold Resistance"
implicitMods,Left ring slot: #% reduced Skill Effect Duration,2,2,object:2,,Left ring slot: 15% reduced Skill Effect Duration
implicitMods,Malevolence has #% increased Aura Effect,2,2,object:2,,Malevolence has 19% increased Aura Effect
implicitMods,Melee Hits have #% chance to Fortify,2,2,object:2,,Melee Hits have 12% chance to Fortify
implicitMods,Point Blank,2,2,object:2,,Point Blank
implicitMods,Reflects # Physical Damage to Melee Attackers,2,2,object:2,,Reflects 47 Physical Damage to Melee Attackers
implicitMods,Right ring slot: #% increased Skill Effect Duration,2,2,object:2,,Right ring slot: 15% increased Skill Effect Duration
implicitMods,Secrets of Suffering,2,2,object:2,,Secrets of Suffering
implicitMods,Socketed Gems are Supported by Level # Momentum,2,2,object:2,,Socketed Gems are Supported by Level 10 Momentum
implicitMods,"Socketed Skills apply Fire, Cold and Lightning Exposure on Hit",2,2,object:2,,"Socketed Skills apply Fire, Cold and Lightning Exposure on Hit"
implicitMods,"While a Unique Enemy is in your Presence, Poisons you inflict deal Damage #% faster",2,2,object:2,,"While a Unique Enemy is in your Presence, Poisons you inflict deal Damage 9% faster"
implicitMods,You and nearby Allies deal #% increased Damage,2,2,object:2,,You and nearby Allies deal 10% increased Damage
implicitMods,# Prefix Modifier allowed,1,1,object:1,,+1 Prefix Modifier allowed
implicitMods,# Prefix Modifiers allowed,1,1,object:1,,-3 Prefix Modifiers allowed
implicitMods,# to # Added Attack Lightning Damage per # Accuracy Rating,1,1,object:1,,1 to 6 Added Attack Lightning Damage per 200 Accuracy Rating
implicitMods,# to Accuracy Rating per Frenzy Charge,1,1,object:1,,+43 to Accuracy Rating per Frenzy Charge
implicitMods,# to Armour,1,1,object:1,,+68 to Armour
implicitMods,# to Evasion Rating,1,1,object:1,,+62 to Evasion Rating
implicitMods,# to Maximum Power Charges and Maximum Endurance Charges,1,1,object:1,,+1 to Maximum Power Charges and Maximum Endurance Charges
implicitMods,"# to Minimum Endurance, Frenzy and Power Charges",1,1,object:1,,"+1 to Minimum Endurance, Frenzy and Power Charges"
implicitMods,#% Item Rarity,1,1,object:1,,+9% Item Rarity
implicitMods,#% Pack Size,1,1,object:1,,+8% Pack Size
implicitMods,#% additional Physical Damage Reduction while stationary,1,1,object:1,,5% additional Physical Damage Reduction while stationary
implicitMods,#% chance to Avoid being Chilled,1,1,object:1,,10% chance to Avoid being Chilled
implicitMods,#% chance to Freeze,1,1,object:1,,7% chance to Freeze
implicitMods,#% chance to Impale Enemies on Hit with Attacks,1,1,object:1,,15% chance to Impale Enemies on Hit with Attacks
implicitMods,#% chance to Poison on Hit,1,1,object:1,,10% chance to Poison on Hit
implicitMods,#% chance to Poison with Melee Weapons,1,1,object:1,,27% chance to Poison with Melee Weapons
implicitMods,#% chance to Suppress Spell Damage while moving,1,1,object:1,,+6% chance to Suppress Spell Damage while moving
implicitMods,#% chance to gain an Endurance Charge on Kill,1,1,object:1,,10% chance to gain an Endurance Charge on Kill
implicitMods,#% increased Area of Effect of Aura Skills,1,1,object:1,,4% increased Area of Effect of Aura Skills
implicitMods,#% increased Attack Damage with Off Hand,1,1,object:1,,47% increased Attack Damage with Off Hand
implicitMods,#% increased Cast Speed during any Flask Effect,1,1,object:1,,11% increased Cast Speed during any Flask Effect
implicitMods,#% increased Chill Duration on Enemies,1,1,object:1,,2% increased Chill Duration on Enemies
implicitMods,#% increased Cooldown Recovery Rate of Movement Skills,1,1,object:1,,48% increased Cooldown Recovery Rate of Movement Skills
implicitMods,#% increased Critical Strike Chance for Attacks,1,1,object:1,,19% increased Critical Strike Chance for Attacks
implicitMods,#% increased Damage if Corrupted,1,1,object:1,,20% increased Damage if Corrupted
implicitMods,#% increased Damage per Power Charge,1,1,object:1,,4% increased Damage per Power Charge
implicitMods,#% increased Damage with Poison from Melee Weapons,1,1,object:1,,106% increased Damage with Poison from Melee Weapons
implicitMods,#% increased Effect of the Buff granted by your Carrion Golems,1,1,object:1,,33% increased Effect of the Buff granted by your Carrion Golems
implicitMods,#% increased Effect of the Buff granted by your Stone Golems,1,1,object:1,,33% increased Effect of the Buff granted by your Stone Golems
implicitMods,#% increased Flammability Curse Effect,1,1,object:1,,11% increased Flammability Curse Effect
implicitMods,#% increased Life Recovery from Flasks,1,1,object:1,,10% increased Life Recovery from Flasks
implicitMods,#% increased Life Recovery from [Flask|Flasks],1,1,object:1,,22% increased Life Recovery from [Flask|Flasks]
implicitMods,#% increased Movement Speed during any Flask Effect,1,1,object:1,,12% increased Movement Speed during any Flask Effect
implicitMods,#% increased Physical Damage with Axes,1,1,object:1,,4% increased Physical Damage with Axes
implicitMods,#% increased Physical Damage with Wands,1,1,object:1,,4% increased Physical Damage with Wands
implicitMods,#% increased Poison Duration,1,1,object:1,,10% increased Poison Duration
implicitMods,#% increased Prefix Modifier magnitudes,1,1,object:1,,50% increased Prefix Modifier magnitudes
implicitMods,#% increased Rallying Cry Buff Effect,1,1,object:1,,6% increased Rallying Cry Buff Effect
implicitMods,#% increased Shock Duration on Enemies,1,1,object:1,,8% increased Shock Duration on Enemies
implicitMods,#% increased Spell Critical Strike Chance,1,1,object:1,,28% increased Spell Critical Strike Chance
implicitMods,#% increased Vulnerability Curse Effect,1,1,object:1,,27% increased Vulnerability Curse Effect
implicitMods,#% increased effect of Non-Curse Auras from your Skills,1,1,object:1,,11% increased effect of Non-Curse Auras from your Skills
implicitMods,#% increased total Recovery per second from Mana Leech,1,1,object:1,,20% increased total Recovery per second from Mana Leech
implicitMods,#% less Accuracy Rating,1,1,object:1,,25% less Accuracy Rating
implicitMods,#% of Chaos Damage Leeched as Life,1,1,object:1,,0.2% of Chaos Damage Leeched as Life
implicitMods,#% of Cold Damage from Hits taken as Lightning Damage,1,1,object:1,,50% of Cold Damage from Hits taken as Lightning Damage
implicitMods,#% of Cold Damage taken Recouped as Life,1,1,object:1,,8% of Cold Damage taken Recouped as Life
implicitMods,#% of Fire Damage from Hits taken as Cold Damage,1,1,object:1,,50% of Fire Damage from Hits taken as Cold Damage
implicitMods,#% of Fire Damage taken Recouped as Life,1,1,object:1,,11% of Fire Damage taken Recouped as Life
implicitMods,#% of Lightning Damage from Hits taken as Fire Damage,1,1,object:1,,50% of Lightning Damage from Hits taken as Fire Damage
implicitMods,#% of Lightning Damage taken Recouped as Life,1,1,object:1,,8% of Lightning Damage taken Recouped as Life
implicitMods,#% of Physical Damage Converted to Chaos Damage,1,1,object:1,,10% of Physical Damage Converted to Chaos Damage
implicitMods,#% of Physical Damage Converted to Cold Damage,1,1,object:1,,10% of Physical Damage Converted to Cold Damage
implicitMods,#% of Physical Damage Converted to Fire Damage,1,1,object:1,,20% of Physical Damage Converted to Fire Damage
implicitMods,#% of Physical Damage Converted to Lightning Damage,1,1,object:1,,10% of Physical Damage Converted to Lightning Damage
implicitMods,#% reduced Attack Damage with Main Hand,1,1,object:1,,25% reduced Attack Damage with Main Hand
implicitMods,#% reduced Cooldown Recovery Rate for throwing Traps,1,1,object:1,,30% reduced Cooldown Recovery Rate for throwing Traps
implicitMods,#% reduced Elemental Ailment Duration on you,1,1,object:1,,16% reduced Elemental Ailment Duration on you
implicitMods,#% reduced Fire Damage taken,1,1,object:1,,6% reduced Fire Damage taken
implicitMods,#% reduced Ignite Duration on you,1,1,object:1,,24% reduced Ignite Duration on you
implicitMods,#% reduced Movement Speed,1,1,object:1,,10% reduced Movement Speed
implicitMods,#% to Critical Strike Multiplier during any Flask Effect,1,1,object:1,,+24% to Critical Strike Multiplier during any Flask Effect
implicitMods,#% to Critical Strike Multiplier for Attack Damage,1,1,object:1,,+21% to Critical Strike Multiplier for Attack Damage
implicitMods,#% to Fire Damage over Time Multiplier,1,1,object:1,,+6% to Fire Damage over Time Multiplier
implicitMods,#% to Quality of Socketed Gems,1,1,object:1,,+6% to Quality of Socketed Gems
implicitMods,#% to Quality of Socketed Strength Gems,1,1,object:1,,+3% to Quality of Socketed Strength Gems
implicitMods,#% to [Resistances|Chaos Resistance],1,1,object:1,,+10% to [Resistances|Chaos Resistance]
implicitMods,#% to [Resistances|Cold Resistance],1,1,object:1,,+30% to [Resistances|Cold Resistance]
implicitMods,#% to [Resistances|Fire Resistance],1,1,object:1,,+23% to [Resistances|Fire Resistance]
implicitMods,Adds # to # Cold Damage to Attacks,1,1,object:1,,Adds 6 to 12 Cold Damage to Attacks
implicitMods,Adds # to # Cold Damage to Spells,1,1,object:1,,Adds 14 to 22 Cold Damage to Spells
implicitMods,Adds # to # Fire Damage to Spells,1,1,object:1,,Adds 3 to 7 Fire Damage to Spells
implicitMods,Adds # to # Physical Damage,1,1,object:1,,Adds 4 to 7 Physical Damage
implicitMods,Adds # to # Physical Damage to Spells,1,1,object:1,,Adds 10 to 17 Physical Damage to Spells
implicitMods,All Damage from Hits with This Weapon can Poison,1,1,object:1,,All Damage from Hits with This Weapon can Poison
implicitMods,Area contains # additional guarded Vaal Vessels,1,1,object:1,,Area contains 10 additional guarded Vaal Vessels
implicitMods,Area is affected by # additional random Unallocated Notable Atlas Passives,1,1,object:1,,Area is affected by 5 additional random Unallocated Notable Atlas Passives
implicitMods,Atlas Passives have #% increased Effect on Area,1,1,object:1,,Atlas Passives have 12% increased Effect on Area
implicitMods,Attacks have #% chance to Maim on Hit,1,1,object:1,,Attacks have 25% chance to Maim on Hit
implicitMods,Attacks have #% chance to cause Bleeding,1,1,object:1,,Attacks have 10% chance to cause Bleeding
implicitMods,Bleeding cannot be inflicted on you,1,1,object:1,,Bleeding cannot be inflicted on you
implicitMods,Can be Anointed,1,1,object:1,,Can be Anointed
implicitMods,Can't use Flask in Fifth Slot,1,1,object:1,,Can't use Flask in Fifth Slot
implicitMods,Cannot be Ignited,1,1,object:1,,Cannot be Ignited
implicitMods,Cannot roll Modifiers of Non-Chaos Damage Types,1,1,object:1,,Cannot roll Modifiers of Non-Chaos Damage Types
implicitMods,Curse Enemies with Frostbite on Hit,1,1,object:1,,Curse Enemies with Frostbite on Hit
implicitMods,"Drops Brittle Ground while moving, lasting # seconds",1,1,object:1,,"Drops Brittle Ground while moving, lasting 2 seconds"
implicitMods,"Drops Sapped Ground while moving, lasting # seconds",1,1,object:1,,"Drops Sapped Ground while moving, lasting 2 seconds"
implicitMods,Exerted Attacks deal #% increased Damage,1,1,object:1,,Exerted Attacks deal 20% increased Damage
implicitMods,Flasks applied to you have #% increased Effect,1,1,object:1,,Flasks applied to you have 20% increased Effect
implicitMods,Freezes you inflict spread to other Enemies within # metres,1,1,object:1,,Freezes you inflict spread to other Enemies within 1.3 metres
implicitMods,Gain # Rage on Melee Weapon Hit,1,1,object:1,,Gain 3 Rage on Melee Weapon Hit
implicitMods,Gain #% of Physical Damage as Extra Lightning Damage,1,1,object:1,,Gain 10% of Physical Damage as Extra Lightning Damage
implicitMods,Gain a Power Charge every # seconds,1,1,object:1,,Gain a Power Charge every 15 seconds
implicitMods,Gain an Endurance Charge every # seconds,1,1,object:1,,Gain an Endurance Charge every 15 seconds
implicitMods,Grants Level # Clarity Skill,1,1,object:1,,Grants Level 21 Clarity Skill
implicitMods,Grants Level # Conductivity Skill,1,1,object:1,,Grants Level 23 Conductivity Skill
implicitMods,Grants Level # Grace Skill,1,1,object:1,,Grants Level 23 Grace Skill
implicitMods,Grants Level # Malevolence Skill,1,1,object:1,,Grants Level 23 Malevolence Skill
implicitMods,Grants Level # Purity of Elements Skill,1,1,object:1,,Grants Level 21 Purity of Elements Skill
implicitMods,Grants Level # Purity of Ice Skill,1,1,object:1,,Grants Level 23 Purity of Ice Skill
implicitMods,Grants Level # Purity of Lightning Skill,1,1,object:1,,Grants Level 23 Purity of Lightning Skill
implicitMods,Grants Level # Zealotry Skill,1,1,object:1,,Grants Level 23 Zealotry Skill
implicitMods,"Has Elder, Shaper and all Conqueror Influences",1,1,object:1,,"Has Elder, Shaper and all Conqueror Influences"
implicitMods,Herald of Ash has #% increased Buff Effect,1,1,object:1,,Herald of Ash has 17% increased Buff Effect
implicitMods,Item drops on Death if Equipped by an Animated Guardian,1,1,object:1,,Item drops on Death if Equipped by an Animated Guardian
implicitMods,Non-Vaal Strike Skills target # additional nearby Enemies,1,1,object:1,,Non-Vaal Strike Skills target 2 additional nearby Enemies
implicitMods,Players' Vaal Skills do not apply Soul Gain Prevention,1,1,object:1,,Players' Vaal Skills do not apply Soul Gain Prevention
implicitMods,Prevent #% of Reflected Damage,1,1,object:1,,Prevent +45% of Reflected Damage
implicitMods,Projectiles deal #% increased Damage with Hits and Ailments for each Enemy Pierced,1,1,object:1,,Projectiles deal 8% increased Damage with Hits and Ailments for each Enemy Pierced
implicitMods,Recover #% of Mana on Kill,1,1,object:1,,Recover 1% of Mana on Kill
implicitMods,Regenerate #% of Mana per second,1,1,object:1,,Regenerate 0.3% of Mana per second
implicitMods,Restores Ward on use,1,1,object:1,,Restores Ward on use
implicitMods,Skills fire an additional Projectile,1,1,object:1,,Skills fire an additional Projectile
implicitMods,Socketed Gems are supported by Level # Blind,1,1,object:1,,Socketed Gems are supported by Level 10 Blind
implicitMods,Socketed Gems are supported by Level # Faster Projectiles,1,1,object:1,,Socketed Gems are supported by Level 10 Faster Projectiles
implicitMods,Trap Skills have #% increased Skill Effect Duration,1,1,object:1,,Trap Skills have 20% increased Skill Effect Duration
implicitMods,Triggered Spells deal #% increased Spell Damage,1,1,object:1,,Triggered Spells deal 21% increased Spell Damage
implicitMods,Used when you take [Cold] damage from a [HitDamage|Hit],1,1,object:1,,Used when you take [Cold] damage from a [HitDamage|Hit]
implicitMods,Used when you take [Fire] damage from a [HitDamage|Hit],1,1,object:1,,Used when you take [Fire] damage from a [HitDamage|Hit]
implicitMods,Used when you take [Lightning] damage from a [HitDamage|Hit],1,1,object:1,,Used when you take [Lightning] damage from a [HitDamage|Hit]
implicitMods,"Uses Leap Slam\nUses Sweep\nUses Enduring Cry\nUses Immortal call\nCasts Vitality",1,1,object:1,,"Uses Leap Slam\nUses Sweep\nUses Enduring Cry\nUses Immortal call\nCasts Vitality"
implicitMods,"While a Pinnacle Atlas Boss is in your Presence, #% of Physical Damage Converted to Chaos Damage",1,1,object:1,,"While a Pinnacle Atlas Boss is in your Presence, 50% of Physical Damage Converted to Chaos Damage"
implicitMods,"While a Unique Enemy is in your Presence, #% chance to Freeze",1,1,object:1,,"While a Unique Enemy is in your Presence, 20% chance to Freeze"
implicitMods,"While a Unique Enemy is in your Presence, #% chance to Unnerve Enemies for # seconds on Hit",1,1,object:1,,"While a Unique Enemy is in your Presence, 50% chance to Unnerve Enemies for 4 seconds on Hit"
implicitMods,"While a Unique Enemy is in your Presence, #% increased Critical Strike Chance for Attacks",1,1,object:1,,"While a Unique Enemy is in your Presence, 41% increased Critical Strike Chance for Attacks"
implicitMods,"While a Unique Enemy is in your Presence, #% increased Effect of your Marks",1,1,object:1,,"While a Unique Enemy is in your Presence, 14% increased Effect of your Marks"
implicitMods,"While a Unique Enemy is in your Presence, #% increased Evasion Rating",1,1,object:1,,"While a Unique Enemy is in your Presence, 25% increased Evasion Rating"
implicitMods,"While a Unique Enemy is in your Presence, #% increased Vulnerability Curse Effect",1,1,object:1,,"While a Unique Enemy is in your Presence, 15% increased Vulnerability Curse Effect"
implicitMods,"While a Unique Enemy is in your Presence, #% of Physical Damage Converted to Chaos Damage",1,1,object:1,,"While a Unique Enemy is in your Presence, 30% of Physical Damage Converted to Chaos Damage"
implicitMods,"While a Unique Enemy is in your Presence, #% of Physical Damage from Hits taken as Fire Damage",1,1,object:1,,"While a Unique Enemy is in your Presence, 9% of Physical Damage from Hits taken as Fire Damage"
implicitMods,"While a Unique Enemy is in your Presence, #% to Chaos Damage over Time Multiplier",1,1,object:1,,"While a Unique Enemy is in your Presence, +22% to Chaos Damage over Time Multiplier"
implicitMods,"While a Unique Enemy is in your Presence, #% to Fire Damage over Time Multiplier",1,1,object:1,,"While a Unique Enemy is in your Presence, +19% to Fire Damage over Time Multiplier"
implicitMods,"While a Unique Enemy is in your Presence, Minions deal #% increased Damage",1,1,object:1,,"While a Unique Enemy is in your Presence, Minions deal 34% increased Damage"
implicitMods,You take #% of Damage from Blocked Hits,1,1,object:1,,You take 20% of Damage from Blocked Hits
ultimatumMods,FrostInfection,220,220,object:220,,FrostInfection
ultimatumMods,Revenant,192,192,object:192,,Revenant
ultimatumMods,Sawblade,184,184,object:184,,Sawblade
ultimatumMods,ChokingMiasma,180,180,object:180,,ChokingMiasma
ultimatumMods,Flamethrower,178,178,object:178,,Flamethrower
ultimatumMods,EscalatingDamageTaken,174,174,object:174,,EscalatingDamageTaken
ultimatumMods,StormcallerRunes,160,160,object:160,,StormcallerRunes
ultimatumMods,EscalatingMonsterSpeed,140,140,object:140,,EscalatingMonsterSpeed
ultimatumMods,OverwhelmingMonsters,123,123,object:123,,OverwhelmingMonsters
ultimatumMods,ResistantMonsters,123,123,object:123,,ResistantMonsters
ultimatumMods,PrismaticMonsters,120,120,object:120,,PrismaticMonsters
ultimatumMods,PhysicalTotem,104,104,object:104,,PhysicalTotem
ultimatumMods,OccasionalImpotence,101,101,object:101,,OccasionalImpotence
ultimatumMods,ShieldingMonsters,101,101,object:101,,ShieldingMonsters
ultimatumMods,ChaoticTouch,99,99,object:99,,ChaoticTouch
ultimatumMods,ElementalTotem,99,99,object:99,,ElementalTotem
ultimatumMods,ReducedRecovery,98,98,object:98,,ReducedRecovery
ultimatumMods,LethalRareMonsters,96,96,object:96,,LethalRareMonsters
ultimatumMods,LightningDamageFromMana,93,93,object:93,,LightningDamageFromMana
ultimatumMods,SiphoningMonsters,92,92,object:92,,SiphoningMonsters
ultimatumMods,HinderingFlasks,87,87,object:87,,HinderingFlasks
ultimatumMods,LimitedFlasks,86,86,object:86,,LimitedFlasks
ultimatumMods,DeadlyMonsters,85,85,object:85,,DeadlyMonsters
ultimatumMods,PreciseMonsters,82,82,object:82,,PreciseMonsters
ultimatumMods,SharedAuras,77,77,object:77,,SharedAuras
ultimatumMods,DexterousMonsters,76,76,object:76,,DexterousMonsters
ultimatumMods,LessenedReach,72,72,object:72,,LessenedReach
ultimatumMods,UnstoppableMonsters,70,70,object:70,,UnstoppableMonsters
ultimatumMods,LessCooldownRecovery,69,69,object:69,,LessCooldownRecovery
ultimatumMods,CurseAilmentReflection,64,64,object:64,,CurseAilmentReflection
ultimatumMods,SiphonedCharges,62,62,object:62,,SiphonedCharges
ultimatumMods,BuffsExpireFaster,60,60,object:60,,BuffsExpireFaster
ultimatumMods,UnluckyCrits,57,57,object:57,,UnluckyCrits
ultimatumMods,RestlessDeadRuin,5,5,object:5,,RestlessDeadRuin
ultimatumMods,MonsterAppliesRuin,4,4,object:4,,MonsterAppliesRuin
ultimatumMods,RestlessDead,1,1,object:1,,RestlessDead
utilityMods,#% increased Movement Speed,323,323,string:323,,40% increased Movement Speed
utilityMods,#% increased Damage,223,223,string:223,,40% increased Damage
utilityMods,# to Armour,216,216,string:216,,+1500 to Armour
utilityMods,Onslaught,192,192,string:192,,Onslaught
utilityMods,#% chance to Suppress Spell Damage,180,180,string:180,,+10% chance to Suppress Spell Damage
utilityMods,Phasing,180,180,string:180,,Phasing
utilityMods,#% increased Global Critical Strike Chance,167,167,string:167,,100% increased Global Critical Strike Chance
utilityMods,#% more Armour,165,165,string:165,,20% more Armour
utilityMods,#% to Chaos Resistance,162,162,string:162,,+35% to Chaos Resistance
utilityMods,#% more Evasion Rating,158,158,string:158,,20% more Evasion Rating
utilityMods,# to Evasion Rating,146,146,string:146,,+1500 to Evasion Rating
utilityMods,#% to all Elemental Resistances,145,145,string:145,,+35% to all Elemental Resistances
utilityMods,#% to Cold Resistance,127,127,string:127,,+40% to Cold Resistance
utilityMods,#% to maximum Cold Resistance,127,127,string:127,,+5% to maximum Cold Resistance
utilityMods,#% to Lightning Resistance,126,126,string:126,,+40% to Lightning Resistance
utilityMods,#% to maximum Lightning Resistance,126,126,string:126,,+5% to maximum Lightning Resistance
utilityMods,#% to Fire Resistance,118,118,string:118,,+40% to Fire Resistance
utilityMods,#% to maximum Fire Resistance,118,118,string:118,,+5% to maximum Fire Resistance
utilityMods,#% reduced Effect of Freeze on you,75,75,string:75,,60% reduced Effect of Freeze on you
utilityMods,#% increased Stun Threshold,61,61,string:61,,30% increased Stun Threshold
utilityMods,Cannot be Stunned if you've been Stunned during Effect,61,61,string:61,,Cannot be Stunned if you've been Stunned during Effect
utilityMods,#% increased Rarity of Items found,25,25,string:25,,30% increased Rarity of Items found
utilityMods,# to Ward,1,1,string:1,,+200 to Ward
utilityMods,#% to [Resistances|Cold Resistance],1,1,string:1,,+25% to [Resistances|Cold Resistance]
utilityMods,#% to [Resistances|Fire Resistance],1,1,string:1,,+25% to [Resistances|Fire Resistance]
utilityMods,#% to [Resistances|Lightning Resistance],1,1,string:1,,+25% to [Resistances|Lightning Resistance]
enchantMods,Adds # Passive Skills,557,557,string:557,,Adds 11 Passive Skills
enchantMods,# Added Passive Skill is a Jewel Socket,243,243,string:243,,1 Added Passive Skill is a Jewel Socket
enchantMods,# Added Passive Skills are Jewel Sockets,187,187,string:187,,2 Added Passive Skills are Jewel Sockets
enchantMods,Used when Charges reach full,123,123,string:123,,Used when Charges reach full
enchantMods,Players in Area are #% Delirious,92,92,string:92,,Players in Area are 20% Delirious
enchantMods,Gains no Charges during Effect,53,53,string:53,,Gains no Charges during Effect
enchantMods,#% increased effect,45,45,string:45,,69% increased effect
enchantMods,Your Meteor Towers create Burning Ground for # seconds on Hit,26,26,string:26,,Your Meteor Towers create Burning Ground for 3 seconds on Hit
enchantMods,Delirium Reward Type: Weapons,23,27,string:27,,Delirium Reward Type: Weapons
enchantMods,Your Chilling Towers freeze enemies for # seconds while they are affected by chilling beams,23,23,string:23,,Your Chilling Towers freeze enemies for 0.2 seconds while they are affected by chilling beams
enchantMods,Added Small Passive Skills grant: #% increased Chaos Damage,22,22,string:22,,Added Small Passive Skills grant: 12% increased Chaos Damage
enchantMods,Added Small Passive Skills grant: #% increased Elemental Damage,21,21,string:21,,Added Small Passive Skills grant: 10% increased Elemental Damage
enchantMods,Added Small Passive Skills grant: #% increased Damage over Time,20,20,string:20,,Added Small Passive Skills grant: 10% increased Damage over Time
enchantMods,Delirium Reward Type: Armour,20,22,string:22,,Delirium Reward Type: Armour
enchantMods,Added Small Passive Skills grant: #% increased Chaos Damage over Time,19,19,string:19,,Added Small Passive Skills grant: 12% increased Chaos Damage over Time
enchantMods,Added Small Passive Skills grant: #% increased Projectile Damage,19,19,string:19,,Added Small Passive Skills grant: 10% increased Projectile Damage
enchantMods,Added Small Passive Skills grant: #% increased effect of Non-Curse Auras from your Skills,19,19,string:19,,Added Small Passive Skills grant: 3% increased effect of Non-Curse Auras from your Skills
enchantMods,Delirium Reward Type: Jewellery,19,20,string:20,,Delirium Reward Type: Jewellery
enchantMods,Added Small Passive Skills grant: #% increased Cold Damage,18,18,string:18,,Added Small Passive Skills grant: 12% increased Cold Damage
enchantMods,Added Small Passive Skills grant: #% increased Trap Damage\nAdded Small Passive Skills grant: #% increased Mine Damage,18,18,string:18,,Added Small Passive Skills grant: 12% increased Trap Damage\nAdded Small Passive Skills grant: 12% i
enchantMods,Delirium Reward Type: Currency,18,19,string:19,,Delirium Reward Type: Currency
enchantMods,Added Small Passive Skills grant: #% increased Attack Damage,17,17,string:17,,Added Small Passive Skills grant: 10% increased Attack Damage
enchantMods,Added Small Passive Skills grant: #% increased Fire Damage,17,17,string:17,,Added Small Passive Skills grant: 12% increased Fire Damage
enchantMods,Added Small Passive Skills grant: #% increased maximum Mana,17,17,string:17,,Added Small Passive Skills grant: 6% increased maximum Mana
enchantMods,Area contains an Empowered Mirage which covers the entire Map,17,17,string:17,,Area contains an Empowered Mirage which covers the entire Map
enchantMods,Added Small Passive Skills grant: #% increased Area Damage,16,16,string:16,,Added Small Passive Skills grant: 10% increased Area Damage
enchantMods,Quality does not increase Physical Damage,15,15,string:15,,Quality does not increase Physical Damage
enchantMods,Added Small Passive Skills grant: #% increased Armour,14,14,string:14,,Added Small Passive Skills grant: 15% increased Armour
enchantMods,Added Small Passive Skills grant: #% increased Cold Damage over Time,14,14,string:14,,Added Small Passive Skills grant: 12% increased Cold Damage over Time
enchantMods,Added Small Passive Skills grant: #% increased Lightning Damage,14,14,string:14,,Added Small Passive Skills grant: 12% increased Lightning Damage
enchantMods,Added Small Passive Skills grant: #% increased Mana Reservation Efficiency of Skills,14,14,string:14,,Added Small Passive Skills grant: 6% increased Mana Reservation Efficiency of Skills
enchantMods,Added Small Passive Skills grant: Minions deal #% increased Damage,14,14,string:14,,Added Small Passive Skills grant: Minions deal 10% increased Damage
enchantMods,Added Small Passive Skills grant: #% increased Critical Strike Chance,13,13,string:13,,Added Small Passive Skills grant: 15% increased Critical Strike Chance
enchantMods,Added Small Passive Skills grant: #% increased Effect of your Curses,13,13,string:13,,Added Small Passive Skills grant: 2% increased Effect of your Curses
enchantMods,Reused at the end of this Flask's effect,13,13,string:13,,Reused at the end of this Flask's effect
enchantMods,Added Small Passive Skills grant: #% increased Flask Effect Duration,12,12,string:12,,Added Small Passive Skills grant: 6% increased Flask Effect Duration
enchantMods,Added Small Passive Skills grant: #% increased Physical Damage over Time,12,12,string:12,,Added Small Passive Skills grant: 12% increased Physical Damage over Time
enchantMods,Added Small Passive Skills grant: #% increased Totem Damage,12,12,string:12,,Added Small Passive Skills grant: 12% increased Totem Damage
enchantMods,Added Small Passive Skills grant: #% increased maximum Life,12,12,string:12,,Added Small Passive Skills grant: 4% increased maximum Life
enchantMods,Added Small Passive Skills grant: #% increased maximum Energy Shield,11,11,string:11,,Added Small Passive Skills grant: 6% increased maximum Energy Shield
enchantMods,Added Small Passive Skills grant: #% to Fire Resistance,11,11,string:11,,Added Small Passive Skills grant: +15% to Fire Resistance
enchantMods,Allocates Divine Judgement,11,11,string:11,,Allocates Divine Judgement
enchantMods,Added Small Passive Skills grant: #% chance to Suppress Spell Damage,10,10,string:10,,Added Small Passive Skills grant: +4% chance to Suppress Spell Damage
enchantMods,Added Small Passive Skills grant: #% increased Brand Damage,10,10,string:10,,Added Small Passive Skills grant: 12% increased Brand Damage
enchantMods,Added Small Passive Skills grant: #% increased Physical Damage,10,10,string:10,,Added Small Passive Skills grant: 12% increased Physical Damage
enchantMods,Added Small Passive Skills grant: #% increased Spell Damage,10,10,string:10,,Added Small Passive Skills grant: 10% increased Spell Damage
enchantMods,Added Small Passive Skills grant: #% to Cold Resistance,10,10,string:10,,Added Small Passive Skills grant: +15% to Cold Resistance
enchantMods,#% increased Movement Speed if you haven't been Hit Recently,9,9,string:9,,6% increased Movement Speed if you haven't been Hit Recently
enchantMods,Your Empowering Towers have #% increased Range,9,9,string:9,,Your Empowering Towers have 25% increased Range
enchantMods,#% increased Duration,8,8,string:8,,82% increased Duration
enchantMods,Added Small Passive Skills grant: #% increased Attack Damage while Dual Wielding,8,8,string:8,,Added Small Passive Skills grant: 12% increased Attack Damage while Dual Wielding
enchantMods,Added Small Passive Skills grant: #% increased Burning Damage,8,8,string:8,,Added Small Passive Skills grant: 12% increased Burning Damage
enchantMods,Added Small Passive Skills grant: #% increased Effect of Non-Damaging Ailments,8,8,string:8,,Added Small Passive Skills grant: 10% increased Effect of Non-Damaging Ailments
enchantMods,Added Small Passive Skills grant: #% increased Life Recovery from Flasks\nAdded Small Passive Skills grant: #% increased Mana Recovery from Flasks,8,8,string:8,,Added Small Passive Skills grant: 10% increased Life Recovery from Flasks\nAdded Small Passive Skill
enchantMods,Added Small Passive Skills grant: Axe Attacks deal #% increased Damage with Hits and Ailments\nAdded Small Passive Skills grant: Sword Attacks deal #% increased Damage with Hits and Ailments,8,8,string:8,,Added Small Passive Skills grant: Axe Attacks deal 12% increased Damage with Hits and Ailments\nAdde
enchantMods,Added Small Passive Skills grant: Minions have #% increased maximum Life,8,8,string:8,,Added Small Passive Skills grant: Minions have 12% increased maximum Life
enchantMods,Allocates Sovereignty,8,8,string:8,,Allocates Sovereignty
enchantMods,Added Small Passive Skills grant: #% increased Attack Damage while holding a Shield,7,7,string:7,,Added Small Passive Skills grant: 12% increased Attack Damage while holding a Shield
enchantMods,Added Small Passive Skills grant: #% to Chaos Resistance,7,7,string:7,,Added Small Passive Skills grant: +12% to Chaos Resistance
enchantMods,Added Small Passive Skills grant: Minions deal #% increased Damage while you are affected by a Herald,7,7,string:7,,Added Small Passive Skills grant: Minions deal 10% increased Damage while you are affected by a Hera
enchantMods,Delirium Reward Type: Unique Items,7,7,string:7,,Delirium Reward Type: Unique Items
enchantMods,Added Small Passive Skills grant: #% increased Damage with Two Handed Weapons,6,6,string:6,,Added Small Passive Skills grant: 12% increased Damage with Two Handed Weapons
enchantMods,Added Small Passive Skills grant: #% increased Evasion Rating,6,6,string:6,,Added Small Passive Skills grant: 15% increased Evasion Rating
enchantMods,Added Small Passive Skills grant: Claw Attacks deal #% increased Damage with Hits and Ailments\nAdded Small Passive Skills grant: Dagger Attacks deal #% increased Damage with Hits and Ailments,6,6,string:6,,Added Small Passive Skills grant: Claw Attacks deal 12% increased Damage with Hits and Ailments\nAdd
enchantMods,Added Small Passive Skills grant: Staff Attacks deal #% increased Damage with Hits and Ailments\nAdded Small Passive Skills grant: Mace or Sceptre Attacks deal #% increased Damage with Hits and Ailments,6,6,string:6,,Added Small Passive Skills grant: Staff Attacks deal 12% increased Damage with Hits and Ailments\nAd
enchantMods,Delirium Reward Type: Blight Items,6,6,string:6,,Delirium Reward Type: Blight Items
enchantMods,Delirium Reward Type: Essences,6,6,string:6,,Delirium Reward Type: Essences
enchantMods,Grants #% increased Area of Effect per #% Quality,6,6,string:6,,Grants 1% increased Area of Effect per 4% Quality
enchantMods,Your Empowering Towers have #% increased Effect,6,6,string:6,,Your Empowering Towers have 25% increased Effect
enchantMods,"#% chance to Freeze, Shock and Ignite if you haven't Crit Recently",5,5,string:5,,"8% chance to Freeze, Shock and Ignite if you haven't Crit Recently"
enchantMods,#% increased Attack and Cast Speed if you've Killed Recently,5,5,string:5,,8% increased Attack and Cast Speed if you've Killed Recently
enchantMods,#% increased Mana Regeneration Rate if you've cast a Spell Recently,5,5,string:5,,35% increased Mana Regeneration Rate if you've cast a Spell Recently
enchantMods,#% increased Spell Damage,5,5,string:5,,12% increased Spell Damage
enchantMods,#% of Damage Leeched as Life if you've Killed Recently,5,5,string:5,,0.6% of Damage Leeched as Life if you've Killed Recently
enchantMods,Added Small Passive Skills grant: #% increased Damage while affected by a Herald,5,5,string:5,,Added Small Passive Skills grant: 10% increased Damage while affected by a Herald
enchantMods,Added Small Passive Skills grant: Exerted Attacks deal #% increased Damage,5,5,string:5,,Added Small Passive Skills grant: Exerted Attacks deal 20% increased Damage
enchantMods,Allocates Death Attunement,5,5,string:5,,Allocates Death Attunement
enchantMods,Allocates Hardened Scars,5,5,string:5,,Allocates Hardened Scars
enchantMods,Allocates Toxic Strikes,5,5,string:5,,Allocates Toxic Strikes
enchantMods,Delirium Reward Type: Abyss Items,5,5,string:5,,Delirium Reward Type: Abyss Items
enchantMods,Delirium Reward Type: Divination Cards,5,5,string:5,,Delirium Reward Type: Divination Cards
enchantMods,Delirium Reward Type: Legion Items,5,5,string:5,,Delirium Reward Type: Legion Items
enchantMods,Minions summoned by Your Scout Towers have #% increased Damage,5,5,string:5,,Minions summoned by Your Scout Towers have 25% increased Damage
enchantMods,#% increased Spark Projectile Speed,4,4,string:4,,20% increased Spark Projectile Speed
enchantMods,#% reduced Attribute Requirements,4,4,string:4,,40% reduced Attribute Requirements
enchantMods,Added Small Passive Skills grant: #% increased Damage with Bows\nAdded Small Passive Skills grant: #% increased Damage Over Time with Bow Skills,4,4,string:4,,Added Small Passive Skills grant: 12% increased Damage with Bows\nAdded Small Passive Skills grant:
enchantMods,Added Small Passive Skills grant: #% to Lightning Resistance,4,4,string:4,,Added Small Passive Skills grant: +15% to Lightning Resistance
enchantMods,Allocates Combat Stamina,4,4,string:4,,Allocates Combat Stamina
enchantMods,Allocates Dreamer,4,4,string:4,,Allocates Dreamer
enchantMods,Allocates Tranquility,4,4,string:4,,Allocates Tranquility
enchantMods,Delirium Reward Type: Fossils,4,4,string:4,,Delirium Reward Type: Fossils
enchantMods,Delirium Reward Type: Fragments,4,4,string:4,,Delirium Reward Type: Fragments
enchantMods,Delirium Reward Type: Gems,4,4,string:4,,Delirium Reward Type: Gems
enchantMods,Determination has #% increased Mana Reservation Efficiency,4,4,string:4,,Determination has 20% increased Mana Reservation Efficiency
enchantMods,Explosive Arrow deals #% increased Damage,4,4,string:4,,Explosive Arrow deals 40% increased Damage
enchantMods,Grants #% increased Elemental Damage per #% Quality,4,4,string:4,,Grants 1% increased Elemental Damage per 2% Quality
enchantMods,Trigger Word of Flames on Hit,4,4,string:4,,Trigger Word of Flames on Hit
enchantMods,Your Chilling Towers have #% increased Range,4,4,string:4,,Your Chilling Towers have 25% increased Range
enchantMods,#% chance to Avoid being Stunned if you've Killed Recently,3,3,string:3,,65% chance to Avoid being Stunned if you've Killed Recently
enchantMods,#% increased Attack Speed per #% Quality,3,3,string:3,,1% increased Attack Speed per 8% Quality
enchantMods,#% increased Corrupting Fever Duration,3,3,string:3,,30% increased Corrupting Fever Duration
enchantMods,#% increased Critical Strike Chance if you haven't Crit Recently,3,3,string:3,,90% increased Critical Strike Chance if you haven't Crit Recently
enchantMods,#% increased Explicit Ailment Modifier magnitudes,3,3,string:3,,6% increased Explicit Ailment Modifier magnitudes
enchantMods,#% increased Explicit Chaos Modifier magnitudes,3,3,string:3,,6% increased Explicit Chaos Modifier magnitudes
enchantMods,Added Small Passive Skills grant: Wand Attacks deal #% increased Damage with Hits and Ailments,3,3,string:3,,Added Small Passive Skills grant: Wand Attacks deal 12% increased Damage with Hits and Ailments
enchantMods,Adds # to # Fire Damage,3,3,string:3,,Adds 8 to 17 Fire Damage
enchantMods,Allocates Annihilation,3,3,string:3,,Allocates Annihilation
enchantMods,Allocates Arcane Potency,3,3,string:3,,Allocates Arcane Potency
enchantMods,Allocates Arsonist,3,3,string:3,,Allocates Arsonist
enchantMods,Allocates Breath of Flames,3,3,string:3,,Allocates Breath of Flames
enchantMods,Allocates Charisma,3,3,string:3,,Allocates Charisma
enchantMods,Allocates Disciple of the Unyielding,3,3,string:3,,Allocates Disciple of the Unyielding
enchantMods,Allocates Freedom of Movement,3,3,string:3,,Allocates Freedom of Movement
enchantMods,Allocates Kinetic Impacts,3,3,string:3,,Allocates Kinetic Impacts
enchantMods,Allocates Lethality,3,3,string:3,,Allocates Lethality
enchantMods,Allocates Primal Manifestation,3,3,string:3,,Allocates Primal Manifestation
enchantMods,Allocates Quickstep,3,3,string:3,,Allocates Quickstep
enchantMods,Allocates Relentless Pursuit,3,3,string:3,,Allocates Relentless Pursuit
enchantMods,Allocates Sacrifice,3,3,string:3,,Allocates Sacrifice
enchantMods,Allocates Sanctuary,3,3,string:3,,Allocates Sanctuary
enchantMods,Allocates Sentinel,3,3,string:3,,Allocates Sentinel
enchantMods,Allocates Soul of Steel,3,3,string:3,,Allocates Soul of Steel
enchantMods,Allocates Spiked Bulwark,3,3,string:3,,Allocates Spiked Bulwark
enchantMods,Blight Monsters spawn #% faster,3,3,string:3,,Blight Monsters spawn 90% faster
enchantMods,Encounter duration is # seconds shorter,3,3,string:3,,Encounter duration is 150 seconds shorter
enchantMods,Explosive Trap causes # additional smaller explosions,3,3,string:3,,Explosive Trap causes 2 additional smaller explosions
enchantMods,Grants Level # Envy Skill,3,3,string:3,,Grants Level 1 Envy Skill
enchantMods,Hatred has #% increased Mana Reservation Efficiency,3,3,string:3,,Hatred has 20% increased Mana Reservation Efficiency
enchantMods,Minions summoned by Your Summoning Towers have #% increased Damage,3,3,string:3,,Minions summoned by Your Summoning Towers have 25% increased Damage
enchantMods,Pride has #% increased Mana Reservation Efficiency,3,3,string:3,,Pride has 30% increased Mana Reservation Efficiency
enchantMods,Your Arc Towers deal #% increased Damage,3,3,string:3,,Your Arc Towers deal 25% increased Damage
enchantMods,Your Fireball Towers deal #% increased Damage,3,3,string:3,,Your Fireball Towers deal 25% increased Damage
enchantMods,#% increased Assassin's Mark Curse Effect,2,2,string:2,,30% increased Assassin's Mark Curse Effect
enchantMods,#% increased Dual Strike Critical Strike Chance,2,2,string:2,,90% increased Dual Strike Critical Strike Chance
enchantMods,#% increased Essence Drain Damage,2,2,string:2,,40% increased Essence Drain Damage
enchantMods,#% increased Explicit Critical Modifier magnitudes,2,2,string:2,,6% increased Explicit Critical Modifier magnitudes
enchantMods,#% increased Explicit Life Modifier magnitudes,2,2,string:2,,6% increased Explicit Life Modifier magnitudes
enchantMods,#% increased Fire Trap Burning Damage,2,2,string:2,,60% increased Fire Trap Burning Damage
enchantMods,#% increased Flicker Strike Damage,2,2,string:2,,40% increased Flicker Strike Damage
enchantMods,#% increased Kinetic Blast Area of Effect,2,2,string:2,,16% increased Kinetic Blast Area of Effect
enchantMods,#% increased Lightning Arrow Damage,2,2,string:2,,40% increased Lightning Arrow Damage
enchantMods,#% increased Lightning Tendrils Damage,2,2,string:2,,25% increased Lightning Tendrils Damage
enchantMods,#% increased Molten Strike Area of Effect,2,2,string:2,,24% increased Molten Strike Area of Effect
enchantMods,#% increased Orb of Storms Area of Effect,2,2,string:2,,16% increased Orb of Storms Area of Effect
enchantMods,#% increased Punishment Curse Effect,2,2,string:2,,30% increased Punishment Curse Effect
enchantMods,#% increased Rage Vortex Area of Effect,2,2,string:2,,24% increased Rage Vortex Area of Effect
enchantMods,#% increased Shield Crush Damage,2,2,string:2,,40% increased Shield Crush Damage
enchantMods,#% increased Spectral Helix Projectile Speed,2,2,string:2,,30% increased Spectral Helix Projectile Speed
enchantMods,#% increased Tornado Shot Damage,2,2,string:2,,25% increased Tornado Shot Damage
enchantMods,#% reduced Lightning Warp Duration,2,2,string:2,,30% reduced Lightning Warp Duration
enchantMods,Added Small Passive Skills grant: #% Chance to Block Spell Damage,2,2,string:2,,Added Small Passive Skills grant: 2% Chance to Block Spell Damage
enchantMods,Added Small Passive Skills grant: Channelling Skills deal #% increased Damage,2,2,string:2,,Added Small Passive Skills grant: Channelling Skills deal 12% increased Damage
enchantMods,Adds # to # Cold Damage if you've been Hit Recently,2,2,string:2,,Adds 45 to 68 Cold Damage if you've been Hit Recently
enchantMods,Allocates Acrimony,2,2,string:2,,Allocates Acrimony
enchantMods,Allocates Adamant,2,2,string:2,,Allocates Adamant
enchantMods,Allocates Ancestral Knowledge,2,2,string:2,,Allocates Ancestral Knowledge
enchantMods,Allocates Arcane Capacitor,2,2,string:2,,Allocates Arcane Capacitor
enchantMods,Allocates Arcane Sanctuary,2,2,string:2,,Allocates Arcane Sanctuary
enchantMods,Allocates Blade Barrier,2,2,string:2,,Allocates Blade Barrier
enchantMods,Allocates Blade Master,2,2,string:2,,Allocates Blade Master
enchantMods,Allocates Burning Brutality,2,2,string:2,,Allocates Burning Brutality
enchantMods,Allocates Champion of the Cause,2,2,string:2,,Allocates Champion of the Cause
enchantMods,Allocates Crackling Speed,2,2,string:2,,Allocates Crackling Speed
enchantMods,Allocates Defiled Forces,2,2,string:2,,Allocates Defiled Forces
enchantMods,Allocates Depth Perception,2,2,string:2,,Allocates Depth Perception
enchantMods,Allocates Disciple of the Slaughter,2,2,string:2,,Allocates Disciple of the Slaughter
enchantMods,Allocates Discipline and Training,2,2,string:2,,Allocates Discipline and Training
enchantMods,Allocates Divine Fury,2,2,string:2,,Allocates Divine Fury
enchantMods,Allocates Elemental Focus,2,2,string:2,,Allocates Elemental Focus
enchantMods,Allocates Essence Infusion,2,2,string:2,,Allocates Essence Infusion
enchantMods,Allocates Ethereal Feast,2,2,string:2,,Allocates Ethereal Feast
enchantMods,Allocates Exceptional Performance,2,2,string:2,,Allocates Exceptional Performance
enchantMods,Allocates Explosive Impact,2,2,string:2,,Allocates Explosive Impact
enchantMods,Allocates Fearsome Force,2,2,string:2,,Allocates Fearsome Force
enchantMods,Allocates Fire Walker,2,2,string:2,,Allocates Fire Walker
enchantMods,Allocates Fury Bolts,2,2,string:2,,Allocates Fury Bolts
enchantMods,Allocates Goliath,2,2,string:2,,Allocates Goliath
enchantMods,Allocates High Explosives,2,2,string:2,,Allocates High Explosives
enchantMods,Allocates Hired Killer,2,2,string:2,,Allocates Hired Killer
enchantMods,Allocates Infused,2,2,string:2,,Allocates Infused
enchantMods,Allocates Merciless Skewering,2,2,string:2,,Allocates Merciless Skewering
enchantMods,Allocates Overcharged,2,2,string:2,,Allocates Overcharged
enchantMods,Allocates Perfectionist,2,2,string:2,,Allocates Perfectionist
enchantMods,Allocates Ravenous Horde,2,2,string:2,,Allocates Ravenous Horde
enchantMods,Allocates Resourcefulness,2,2,string:2,,Allocates Resourcefulness
enchantMods,Allocates Saboteur,2,2,string:2,,Allocates Saboteur
enchantMods,Allocates Sanctum of Thought,2,2,string:2,,Allocates Sanctum of Thought
enchantMods,Allocates Searing Heat,2,2,string:2,,Allocates Searing Heat
enchantMods,Allocates Shamanistic Fury,2,2,string:2,,Allocates Shamanistic Fury
enchantMods,Allocates Sione's Ambition,2,2,string:2,,Allocates Sione's Ambition
enchantMods,Allocates Testudo,2,2,string:2,,Allocates Testudo
enchantMods,Allocates Utmost Intellect,2,2,string:2,,Allocates Utmost Intellect
enchantMods,Allocates Wandslinger,2,2,string:2,,Allocates Wandslinger
enchantMods,Allocates Watchtowers,2,2,string:2,,Allocates Watchtowers
enchantMods,Allocates Way of the Warrior,2,2,string:2,,Allocates Way of the Warrior
enchantMods,Allocates Whirling Barrier,2,2,string:2,,Allocates Whirling Barrier
enchantMods,"Allocates Wood, Stone, and Spell",2,2,string:2,,"Allocates Wood, Stone, and Spell"
enchantMods,Anger has #% increased Mana Reservation Efficiency,2,2,string:2,,Anger has 30% increased Mana Reservation Efficiency
enchantMods,Arc deals #% increased Damage for each time it has Chained,2,2,string:2,,Arc deals 8% increased Damage for each time it has Chained
enchantMods,Arcanist Brand has #% increased Cast Speed,2,2,string:2,,Arcanist Brand has 12% increased Cast Speed
enchantMods,Bane deals #% increased Damage,2,2,string:2,,Bane deals 40% increased Damage
enchantMods,Bane has #% increased Area of Effect,2,2,string:2,,Bane has 24% increased Area of Effect
enchantMods,Delirium Reward Type: Labyrinth Items,2,3,string:3,,Delirium Reward Type: Labyrinth Items
enchantMods,Delirium Reward Type: Scarabs,2,2,string:2,,Delirium Reward Type: Scarabs
enchantMods,Detonate Dead has a #% chance to detonate an additional corpse,2,2,string:2,,Detonate Dead has a 45% chance to detonate an additional corpse
enchantMods,Discipline has #% increased Mana Reservation Efficiency,2,2,string:2,,Discipline has 30% increased Mana Reservation Efficiency
enchantMods,General's Cry has # to maximum number of Mirage Warriors,2,2,string:2,,General's Cry has +1 to maximum number of Mirage Warriors
enchantMods,Grants # to Maximum Life per #% Quality,2,2,string:2,,Grants +1 to Maximum Life per 2% Quality
enchantMods,Haste has #% increased Mana Reservation Efficiency,2,2,string:2,,Haste has 20% increased Mana Reservation Efficiency
enchantMods,Herald of Ice has #% increased Mana Reservation Efficiency,2,2,string:2,,Herald of Ice has 60% increased Mana Reservation Efficiency
enchantMods,Herald of Purity has #% increased Mana Reservation Efficiency,2,2,string:2,,Herald of Purity has 50% increased Mana Reservation Efficiency
enchantMods,Incinerate has # to maximum stages,2,2,string:2,,Incinerate has +2 to maximum stages
enchantMods,Lightning Strike pierces # additional Targets,2,2,string:2,,Lightning Strike pierces 2 additional Targets
enchantMods,Lightning Trap Damage Penetrates #% Lightning Resistance,2,2,string:2,,Lightning Trap Damage Penetrates 10% Lightning Resistance
enchantMods,Minions summoned by Your Scout Towers inflict Malediction on Hit,2,2,string:2,,Minions summoned by Your Scout Towers inflict Malediction on Hit
enchantMods,Molten Strike fires # additional Projectiles,2,2,string:2,,Molten Strike fires 2 additional Projectiles
enchantMods,Plague Bearer Buff grants #% to Poison Damage over Time Multiplier while Infecting,2,2,string:2,,Plague Bearer Buff grants +12% to Poison Damage over Time Multiplier while Infecting
enchantMods,Purity of Elements has #% increased Mana Reservation Efficiency,2,2,string:2,,Purity of Elements has 30% increased Mana Reservation Efficiency
enchantMods,Quality does not increase Defences,2,2,string:2,,Quality does not increase Defences
enchantMods,Raised Spectres have #% increased Damage,2,2,string:2,,Raised Spectres have 25% increased Damage
enchantMods,Regenerate #% of Life per second if you were Hit Recently,2,2,string:2,,Regenerate 2% of Life per second if you were Hit Recently
enchantMods,Scourge Arrow has #% chance to Poison per Stage,2,2,string:2,,Scourge Arrow has 8% chance to Poison per Stage
enchantMods,Seismic Trap releases an additional Wave,2,2,string:2,,Seismic Trap releases an additional Wave
enchantMods,Siege Ballista has #% increased Attack Speed,2,2,string:2,,Siege Ballista has 10% increased Attack Speed
enchantMods,Summoned Skitterbots have #% increased Area of Effect,2,2,string:2,,Summoned Skitterbots have 90% increased Area of Effect
enchantMods,Toxic Rain fires # additional Arrow,2,2,string:2,,Toxic Rain fires 1 additional Arrow
enchantMods,Trigger Word of Light when you take a Critical Strike,2,2,string:2,,Trigger Word of Light when you take a Critical Strike
enchantMods,Trigger Word of Thunder on Kill,2,2,string:2,,Trigger Word of Thunder on Kill
enchantMods,Trigger Word of the Grave when your Skills or Minions Kill,2,2,string:2,,Trigger Word of the Grave when your Skills or Minions Kill
enchantMods,Used when an adjacent Flask is used,2,2,string:2,,Used when an adjacent Flask is used
enchantMods,Wintertide Brand has #% increased Chill Effect,2,2,string:2,,Wintertide Brand has 40% increased Chill Effect
enchantMods,You take #% reduced Extra Damage from Critical Strikes if you've taken a Critical Strike Recently,2,2,string:2,,You take 8% reduced Extra Damage from Critical Strikes if you've taken a Critical Strike Recently
enchantMods,Your Chilling Towers deal #% increased Damage,2,2,string:2,,Your Chilling Towers deal 25% increased Damage
enchantMods,Your Scout Towers have #% increased Range,2,2,string:2,,Your Scout Towers have 25% increased Range
enchantMods,# metres to Discharge radius,1,1,string:1,,+0.3 metres to Discharge radius
enchantMods,# to Maximum Blood Charges,1,1,string:1,,+1 to Maximum Blood Charges
enchantMods,# to Maximum number of Bladestorms at a time,1,1,string:1,,+1 to Maximum number of Bladestorms at a time
enchantMods,# to maximum Blade Flurry stages,1,1,string:1,,+1 to maximum Blade Flurry stages
enchantMods,# to maximum Sockets,1,1,string:1,,-2 to maximum Sockets
enchantMods,#% chance to Shock,1,1,string:1,,13% chance to Shock
enchantMods,#% chance to Summon an additional Skeleton with Summon Skeletons,1,1,string:1,,40% chance to Summon an additional Skeleton with Summon Skeletons
enchantMods,#% chance to Suppress Spell Damage if you've\ntaken Spell Damage Recently,1,1,string:1,,+8% chance to Suppress Spell Damage if you've\ntaken Spell Damage Recently
enchantMods,#% chance to Suppress Spell Damage while your Off Hand is empty,1,1,string:1,,+71% chance to Suppress Spell Damage while your Off Hand is empty
enchantMods,#% increased Ambush Cooldown Recovery Rate,1,1,string:1,,20% increased Ambush Cooldown Recovery Rate
enchantMods,#% increased Ancestral Warchief Totem Damage,1,1,string:1,,40% increased Ancestral Warchief Totem Damage
enchantMods,#% increased Arc Damage,1,1,string:1,,40% increased Arc Damage
enchantMods,#% increased Area of Effect while you have Arcane Surge,1,1,string:1,,15% increased Area of Effect while you have Arcane Surge
enchantMods,#% increased Ball Lightning Area of Effect,1,1,string:1,,24% increased Ball Lightning Area of Effect
enchantMods,#% increased Ball Lightning Damage,1,1,string:1,,40% increased Ball Lightning Damage
enchantMods,#% increased Blade Flurry Area of Effect,1,1,string:1,,24% increased Blade Flurry Area of Effect
enchantMods,#% increased Blade Flurry Damage,1,1,string:1,,25% increased Blade Flurry Damage
enchantMods,#% increased Blade Vortex Duration,1,1,string:1,,20% increased Blade Vortex Duration
enchantMods,#% increased Bladefall Area of Effect,1,1,string:1,,24% increased Bladefall Area of Effect
enchantMods,#% increased Bladefall Critical Strike Chance,1,1,string:1,,60% increased Bladefall Critical Strike Chance
enchantMods,#% increased Bodyswap Damage,1,1,string:1,,25% increased Bodyswap Damage
enchantMods,#% increased Caustic Arrow Damage,1,1,string:1,,40% increased Caustic Arrow Damage
enchantMods,#% increased Conductivity Curse Effect,1,1,string:1,,30% increased Conductivity Curse Effect
enchantMods,#% increased Cremation Damage,1,1,string:1,,40% increased Cremation Damage
enchantMods,#% increased Critical Strike Chance per #% Quality,1,1,string:1,,1% increased Critical Strike Chance per 4% Quality
enchantMods,#% increased Dark Bargain Damage,1,1,string:1,,25% increased Dark Bargain Damage
enchantMods,#% increased Despair Curse Effect,1,1,string:1,,30% increased Despair Curse Effect
enchantMods,#% increased Discharge Damage,1,1,string:1,,25% increased Discharge Damage
enchantMods,#% increased Double Strike Critical Strike Chance,1,1,string:1,,90% increased Double Strike Critical Strike Chance
enchantMods,#% increased Double Strike Damage,1,1,string:1,,25% increased Double Strike Damage
enchantMods,#% increased Dual Strike Attack Speed,1,1,string:1,,10% increased Dual Strike Attack Speed
enchantMods,#% increased Dual Strike Damage,1,1,string:1,,25% increased Dual Strike Damage
enchantMods,#% increased Effect of the Buff granted by your Stone Golems,1,1,string:1,,150% increased Effect of the Buff granted by your Stone Golems
enchantMods,#% increased Ethereal Knives Projectile Speed,1,1,string:1,,20% increased Ethereal Knives Projectile Speed
enchantMods,#% increased Explicit Attribute Modifier magnitudes,1,1,string:1,,8% increased Explicit Attribute Modifier magnitudes
enchantMods,#% increased Explicit Caster Damage Modifier magnitudes,1,1,string:1,,8% increased Explicit Caster Damage Modifier magnitudes
enchantMods,#% increased Explicit Defence Modifier magnitudes,1,1,string:1,,8% increased Explicit Defence Modifier magnitudes
enchantMods,#% increased Explicit Lightning Modifier magnitudes,1,1,string:1,,8% increased Explicit Lightning Modifier magnitudes
enchantMods,#% increased Explicit Mana Modifier magnitudes,1,1,string:1,,8% increased Explicit Mana Modifier magnitudes
enchantMods,#% increased Explicit Physical Modifier magnitudes,1,1,string:1,,6% increased Explicit Physical Modifier magnitudes
enchantMods,#% increased Eye of Winter Projectile Speed,1,1,string:1,,20% increased Eye of Winter Projectile Speed
enchantMods,#% increased Fire Trap Burning Ground Duration,1,1,string:1,,30% increased Fire Trap Burning Ground Duration
enchantMods,#% increased Fire Trap Damage,1,1,string:1,,40% increased Fire Trap Damage
enchantMods,#% increased Firestorm Duration,1,1,string:1,,30% increased Firestorm Duration
enchantMods,#% increased Firestorm explosion Area of Effect,1,1,string:1,,24% increased Firestorm explosion Area of Effect
enchantMods,#% increased Flame Surge Damage with Hits and Ailments against Burning Enemies,1,1,string:1,,60% increased Flame Surge Damage with Hits and Ailments against Burning Enemies
enchantMods,#% increased Flameblast Area of Effect,1,1,string:1,,16% increased Flameblast Area of Effect
enchantMods,#% increased Flameblast Damage,1,1,string:1,,25% increased Flameblast Damage
enchantMods,#% increased Flicker Strike Damage per Frenzy Charge,1,1,string:1,,9% increased Flicker Strike Damage per Frenzy Charge
enchantMods,#% increased Forbidden Rite Projectile Speed,1,1,string:1,,30% increased Forbidden Rite Projectile Speed
enchantMods,#% increased Freezing Pulse Damage,1,1,string:1,,40% increased Freezing Pulse Damage
enchantMods,#% increased Frost Blades Damage,1,1,string:1,,40% increased Frost Blades Damage
enchantMods,#% increased Frost Blades Projectile Speed,1,1,string:1,,30% increased Frost Blades Projectile Speed
enchantMods,#% increased Frost Bomb Area of Effect,1,1,string:1,,16% increased Frost Bomb Area of Effect
enchantMods,#% increased Galvanic Arrow Damage,1,1,string:1,,40% increased Galvanic Arrow Damage
enchantMods,#% increased Glacial Cascade Damage,1,1,string:1,,25% increased Glacial Cascade Damage
enchantMods,#% increased Heavy Strike Damage,1,1,string:1,,40% increased Heavy Strike Damage
enchantMods,#% increased Holy Sweep Area of Effect,1,1,string:1,,24% increased Holy Sweep Area of Effect
enchantMods,#% increased Holy Sweep Damage,1,1,string:1,,40% increased Holy Sweep Damage
enchantMods,#% increased Ice Crash Area of Effect,1,1,string:1,,16% increased Ice Crash Area of Effect
enchantMods,#% increased Ice Shot Damage,1,1,string:1,,40% increased Ice Shot Damage
enchantMods,#% increased Ice Trap Damage,1,1,string:1,,40% increased Ice Trap Damage
enchantMods,#% increased Kinetic Blast Damage,1,1,string:1,,25% increased Kinetic Blast Damage
enchantMods,#% increased Leap Slam Attack Speed,1,1,string:1,,10% increased Leap Slam Attack Speed
enchantMods,#% increased Lightning Arrow Area of Effect,1,1,string:1,,24% increased Lightning Arrow Area of Effect
enchantMods,#% increased Lightning Strike Damage,1,1,string:1,,40% increased Lightning Strike Damage
enchantMods,#% increased Lightning Warp Cast Speed,1,1,string:1,,12% increased Lightning Warp Cast Speed
enchantMods,#% increased Melee Damage,1,1,string:1,,20% increased Melee Damage
enchantMods,#% increased Molten Strike Damage,1,1,string:1,,25% increased Molten Strike Damage
enchantMods,#% increased Movement Speed,1,1,string:1,,12% increased Movement Speed
enchantMods,#% increased Power Siphon Damage,1,1,string:1,,40% increased Power Siphon Damage
enchantMods,#% increased Rain of Arrows Attack Speed,1,1,string:1,,15% increased Rain of Arrows Attack Speed
enchantMods,#% increased Reap Area of Effect,1,1,string:1,,16% increased Reap Area of Effect
enchantMods,#% increased Reave Radius,1,1,string:1,,24% increased Reave Radius
enchantMods,#% increased Rejuvenation Totem Aura Effect,1,1,string:1,,45% increased Rejuvenation Totem Aura Effect
enchantMods,#% increased Righteous Fire Area of Effect,1,1,string:1,,24% increased Righteous Fire Area of Effect
enchantMods,#% increased Rolling Magma Area of Effect,1,1,string:1,,16% increased Rolling Magma Area of Effect
enchantMods,#% increased Sentinel of Absolution Duration,1,1,string:1,,20% increased Sentinel of Absolution Duration
enchantMods,#% increased Shield Crush Attack Speed,1,1,string:1,,15% increased Shield Crush Attack Speed
enchantMods,#% increased Shockwave Totem Area of Effect,1,1,string:1,,24% increased Shockwave Totem Area of Effect
enchantMods,#% increased Spectral Shield Throw Damage,1,1,string:1,,25% increased Spectral Shield Throw Damage
enchantMods,#% increased Spectral Throw Damage,1,1,string:1,,40% increased Spectral Throw Damage
enchantMods,#% increased Static Strike Area of Effect,1,1,string:1,,24% increased Static Strike Area of Effect
enchantMods,#% increased Storm Call Area of Effect,1,1,string:1,,24% increased Storm Call Area of Effect
enchantMods,#% increased Storm Rain Damage,1,1,string:1,,40% increased Storm Rain Damage
enchantMods,#% increased Temporal Chains Curse Effect,1,1,string:1,,30% increased Temporal Chains Curse Effect
enchantMods,#% increased Tornado Area of Effect,1,1,string:1,,16% increased Tornado Area of Effect
enchantMods,#% increased Tornado Shot Critical Strike Chance,1,1,string:1,,60% increased Tornado Shot Critical Strike Chance
enchantMods,#% increased Unearth Cast Speed,1,1,string:1,,12% increased Unearth Cast Speed
enchantMods,#% increased Viper Strike Damage,1,1,string:1,,40% increased Viper Strike Damage
enchantMods,#% increased Volatile Dead Cast Speed,1,1,string:1,,8% increased Volatile Dead Cast Speed
enchantMods,#% increased Wild Strike Area of Effect,1,1,string:1,,24% increased Wild Strike Area of Effect
enchantMods,#% reduced Monster Movement Speed,1,1,string:1,,30% reduced Monster Movement Speed
enchantMods,#% reduced Spectral Throw Projectile Deceleration,1,1,string:1,,30% reduced Spectral Throw Projectile Deceleration
enchantMods,#% to Stone Golem Elemental Resistances,1,1,string:1,,+36% to Stone Golem Elemental Resistances
enchantMods,Adds # to # Lightning Damage,1,1,string:1,,Adds 2 to 28 Lightning Damage
enchantMods,Adds # to # Lightning Damage if you haven't Killed Recently,1,1,string:1,,Adds 1 to 56 Lightning Damage if you haven't Killed Recently
enchantMods,Allocates Acuity,1,1,string:1,,Allocates Acuity
enchantMods,Allocates Adder's Touch,1,1,string:1,,Allocates Adder's Touch
enchantMods,Allocates Admonisher,1,1,string:1,,Allocates Admonisher
enchantMods,Allocates Agility,1,1,string:1,,Allocates Agility
enchantMods,Allocates Arcane Guarding,1,1,string:1,,Allocates Arcane Guarding
enchantMods,Allocates Arcane Will,1,1,string:1,,Allocates Arcane Will
enchantMods,Allocates Arcing Blows,1,1,string:1,,Allocates Arcing Blows
enchantMods,Allocates Art of the Gladiator,1,1,string:1,,Allocates Art of the Gladiator
enchantMods,Allocates As The Mountain,1,1,string:1,,Allocates As The Mountain
enchantMods,"Allocates Ash, Frost and Storm",1,1,string:1,,"Allocates Ash, Frost and Storm"
enchantMods,Allocates Aspect of the Lynx,1,1,string:1,,Allocates Aspect of the Lynx
enchantMods,Allocates Atrophy,1,1,string:1,,Allocates Atrophy
enchantMods,Allocates Backstabbing,1,1,string:1,,Allocates Backstabbing
enchantMods,Allocates Beef,1,1,string:1,,Allocates Beef
enchantMods,Allocates Berserking,1,1,string:1,,Allocates Berserking
enchantMods,Allocates Bladedancer,1,1,string:1,,Allocates Bladedancer
enchantMods,Allocates Blood Drinker,1,1,string:1,,Allocates Blood Drinker
enchantMods,Allocates Bloodletting,1,1,string:1,,Allocates Bloodletting
enchantMods,Allocates Brand Equity,1,1,string:1,,Allocates Brand Equity
enchantMods,Allocates Brinkmanship,1,1,string:1,,Allocates Brinkmanship
enchantMods,Allocates Cannibalistic Rite,1,1,string:1,,Allocates Cannibalistic Rite
enchantMods,Allocates Cleaving,1,1,string:1,,Allocates Cleaving
enchantMods,Allocates Clever Construction,1,1,string:1,,Allocates Clever Construction
enchantMods,Allocates Cloth and Chain,1,1,string:1,,Allocates Cloth and Chain
enchantMods,Allocates Constitution,1,1,string:1,,Allocates Constitution
enchantMods,Allocates Counterweight,1,1,string:1,,Allocates Counterweight
enchantMods,Allocates Cruel Preparation,1,1,string:1,,Allocates Cruel Preparation
enchantMods,Allocates Crystal Skin,1,1,string:1,,Allocates Crystal Skin
enchantMods,Allocates Dazzling Strikes,1,1,string:1,,Allocates Dazzling Strikes
enchantMods,Allocates Deep Wisdom,1,1,string:1,,Allocates Deep Wisdom
enchantMods,Allocates Defiance,1,1,string:1,,Allocates Defiance
enchantMods,Allocates Destroyer,1,1,string:1,,Allocates Destroyer
enchantMods,Allocates Devotion,1,1,string:1,,Allocates Devotion
enchantMods,Allocates Diamond Skin,1,1,string:1,,Allocates Diamond Skin
enchantMods,Allocates Dire Torment,1,1,string:1,,Allocates Dire Torment
enchantMods,Allocates Disciple of the Forbidden,1,1,string:1,,Allocates Disciple of the Forbidden
enchantMods,Allocates Discord Artisan,1,1,string:1,,Allocates Discord Artisan
enchantMods,Allocates Disemboweling,1,1,string:1,,Allocates Disemboweling
enchantMods,Allocates Doom Cast,1,1,string:1,,Allocates Doom Cast
enchantMods,Allocates Essence Extraction,1,1,string:1,,Allocates Essence Extraction
enchantMods,Allocates Faith and Steel,1,1,string:1,,Allocates Faith and Steel
enchantMods,Allocates Fangs of Frost,1,1,string:1,,Allocates Fangs of Frost
enchantMods,Allocates Fatal Blade,1,1,string:1,,Allocates Fatal Blade
enchantMods,Allocates Fatal Toxins,1,1,string:1,,Allocates Fatal Toxins
enchantMods,Allocates Fending,1,1,string:1,,Allocates Fending
enchantMods,Allocates Field Medicine,1,1,string:1,,Allocates Field Medicine
enchantMods,Allocates Fingers of Frost,1,1,string:1,,Allocates Fingers of Frost
enchantMods,Allocates Force Shaper,1,1,string:1,,Allocates Force Shaper
enchantMods,Allocates Forces of Nature,1,1,string:1,,Allocates Forces of Nature
enchantMods,Allocates Forethought,1,1,string:1,,Allocates Forethought
enchantMods,Allocates Frost Walker,1,1,string:1,,Allocates Frost Walker
enchantMods,Allocates Gladiator's Perseverance,1,1,string:1,,Allocates Gladiator's Perseverance
enchantMods,Allocates Golem Commander,1,1,string:1,,Allocates Golem Commander
enchantMods,Allocates Grave Intentions,1,1,string:1,,Allocates Grave Intentions
enchantMods,Allocates Harrier,1,1,string:1,,Allocates Harrier
enchantMods,Allocates Harvester of Foes,1,1,string:1,,Allocates Harvester of Foes
enchantMods,Allocates Heart and Soul,1,1,string:1,,Allocates Heart and Soul
enchantMods,Allocates Heart of Flame,1,1,string:1,,Allocates Heart of Flame
enchantMods,Allocates Heart of Ice,1,1,string:1,,Allocates Heart of Ice
enchantMods,Allocates Hearty,1,1,string:1,,Allocates Hearty
enchantMods,Allocates Hematophagy,1,1,string:1,,Allocates Hematophagy
enchantMods,Allocates Herbalism,1,1,string:1,,Allocates Herbalism
enchantMods,Allocates Hunter's Gambit,1,1,string:1,,Allocates Hunter's Gambit
enchantMods,Allocates Incorporeal,1,1,string:1,,Allocates Incorporeal
enchantMods,Allocates Indiscriminate Revenge,1,1,string:1,,Allocates Indiscriminate Revenge
enchantMods,Allocates Inexorable,1,1,string:1,,Allocates Inexorable
enchantMods,Allocates Instability,1,1,string:1,,Allocates Instability
enchantMods,Allocates Ironwood,1,1,string:1,,Allocates Ironwood
enchantMods,Allocates Juggernaut,1,1,string:1,,Allocates Juggernaut
enchantMods,Allocates Lava Lash,1,1,string:1,,Allocates Lava Lash
enchantMods,Allocates Leadership,1,1,string:1,,Allocates Leadership
enchantMods,Allocates Life Raker,1,1,string:1,,Allocates Life Raker
enchantMods,Allocates Light of Divinity,1,1,string:1,,Allocates Light of Divinity
enchantMods,Allocates Lightning Walker,1,1,string:1,,Allocates Lightning Walker
enchantMods,Allocates Longshot,1,1,string:1,,Allocates Longshot
enchantMods,Allocates Martial Experience,1,1,string:1,,Allocates Martial Experience
enchantMods,Allocates Master Sapper,1,1,string:1,,Allocates Master Sapper
enchantMods,Allocates Master of Blades,1,1,string:1,,Allocates Master of Blades
enchantMods,Allocates Master of the Arena,1,1,string:1,,Allocates Master of the Arena
enchantMods,Allocates Melding,1,1,string:1,,Allocates Melding
enchantMods,Allocates Mind Drinker,1,1,string:1,,Allocates Mind Drinker
enchantMods,Allocates Mystic Talents,1,1,string:1,,Allocates Mystic Talents
enchantMods,Allocates Nightstalker,1,1,string:1,,Allocates Nightstalker
enchantMods,Allocates One with the River,1,1,string:1,,Allocates One with the River
enchantMods,Allocates Overcharge,1,1,string:1,,Allocates Overcharge
enchantMods,Allocates Overprepared,1,1,string:1,,Allocates Overprepared
enchantMods,Allocates Path of the Savant,1,1,string:1,,Allocates Path of the Savant
enchantMods,Allocates Physique,1,1,string:1,,Allocates Physique
enchantMods,Allocates Potency of Will,1,1,string:1,,Allocates Potency of Will
enchantMods,Allocates Potent Connections,1,1,string:1,,Allocates Potent Connections
enchantMods,Allocates Prodigal Perfection,1,1,string:1,,Allocates Prodigal Perfection
enchantMods,Allocates Profane Chemistry,1,1,string:1,,Allocates Profane Chemistry
enchantMods,Allocates Purity of Flesh,1,1,string:1,,Allocates Purity of Flesh
enchantMods,Allocates Razor's Edge,1,1,string:1,,Allocates Razor's Edge
enchantMods,Allocates Replenishing Remedies,1,1,string:1,,Allocates Replenishing Remedies
enchantMods,Allocates Retribution,1,1,string:1,,Allocates Retribution
enchantMods,Allocates Revenge of the Hunted,1,1,string:1,,Allocates Revenge of the Hunted
enchantMods,Allocates Righteous Army,1,1,string:1,,Allocates Righteous Army
enchantMods,Allocates Righteous Decree,1,1,string:1,,Allocates Righteous Decree
enchantMods,Allocates Robust,1,1,string:1,,Allocates Robust
enchantMods,Allocates Safeguard,1,1,string:1,,Allocates Safeguard
enchantMods,Allocates Savagery,1,1,string:1,,Allocates Savagery
enchantMods,Allocates Season of Ice,1,1,string:1,,Allocates Season of Ice
enchantMods,Allocates Shaman's Dominion,1,1,string:1,,Allocates Shaman's Dominion
enchantMods,Allocates Shaper,1,1,string:1,,Allocates Shaper
enchantMods,Allocates Slaughter,1,1,string:1,,Allocates Slaughter
enchantMods,Allocates Sleight of Hand,1,1,string:1,,Allocates Sleight of Hand
enchantMods,Allocates Soul Siphon,1,1,string:1,,Allocates Soul Siphon
enchantMods,Allocates Soul Thief,1,1,string:1,,Allocates Soul Thief
enchantMods,Allocates Split Shot,1,1,string:1,,Allocates Split Shot
enchantMods,Allocates Steadfast,1,1,string:1,,Allocates Steadfast
enchantMods,Allocates Storm Weaver,1,1,string:1,,Allocates Storm Weaver
enchantMods,Allocates Strong Arm,1,1,string:1,,Allocates Strong Arm
enchantMods,Allocates Surveillance,1,1,string:1,,Allocates Surveillance
enchantMods,Allocates Swift Venoms,1,1,string:1,,Allocates Swift Venoms
enchantMods,Allocates Throatseeker,1,1,string:1,,Allocates Throatseeker
enchantMods,Allocates Tireless,1,1,string:1,,Allocates Tireless
enchantMods,Allocates Tolerance,1,1,string:1,,Allocates Tolerance
enchantMods,Allocates Tribal Fury,1,1,string:1,,Allocates Tribal Fury
enchantMods,Allocates Trick Shot,1,1,string:1,,Allocates Trick Shot
enchantMods,Allocates Unnatural Calm,1,1,string:1,,Allocates Unnatural Calm
enchantMods,Allocates Unstable Munitions,1,1,string:1,,Allocates Unstable Munitions
enchantMods,Allocates Utmost Swiftness,1,1,string:1,,Allocates Utmost Swiftness
enchantMods,Allocates Vampirism,1,1,string:1,,Allocates Vampirism
enchantMods,Allocates Vengeant Cascade,1,1,string:1,,Allocates Vengeant Cascade
enchantMods,Allocates Vigour,1,1,string:1,,Allocates Vigour
enchantMods,Allocates Void Barrier,1,1,string:1,,Allocates Void Barrier
enchantMods,Allocates Weathered Hunter,1,1,string:1,,Allocates Weathered Hunter
enchantMods,Allocates Whispers of Doom,1,1,string:1,,Allocates Whispers of Doom
enchantMods,Allocates Wild Hunger,1,1,string:1,,Allocates Wild Hunger
enchantMods,Allocates Will of Blades,1,1,string:1,,Allocates Will of Blades
enchantMods,Allocates Window of Opportunity,1,1,string:1,,Allocates Window of Opportunity
enchantMods,Allocates Winter Spirit,1,1,string:1,,Allocates Winter Spirit
enchantMods,Allocates Wisdom of the Glade,1,1,string:1,,Allocates Wisdom of the Glade
enchantMods,Allocates Wrecking Ball,1,1,string:1,,Allocates Wrecking Ball
enchantMods,Allocates Written in Blood,1,1,string:1,,Allocates Written in Blood
enchantMods,Ancestral Protector Totem deals #% increased Damage,1,1,string:1,,Ancestral Protector Totem deals 40% increased Damage
enchantMods,Arcane Cloak grants Life Regeneration equal to #% of Mana Spent per Second,1,1,string:1,,Arcane Cloak grants Life Regeneration equal to 15% of Mana Spent per Second
enchantMods,Armageddon Brand Damage Penetrates #% of Branded Enemy's Fire Resistance,1,1,string:1,,Armageddon Brand Damage Penetrates 12% of Branded Enemy's Fire Resistance
enchantMods,Artillery Ballista Projectiles fall in two perpendicular lines instead,1,1,string:1,,Artillery Ballista Projectiles fall in two perpendicular lines instead
enchantMods,Attacks have #% chance to Maim on Hit,1,1,string:1,,Attacks have 15% chance to Maim on Hit
enchantMods,Attacks with Energy Blades Penetrate #% Lightning Resistance,1,1,string:1,,Attacks with Energy Blades Penetrate 12% Lightning Resistance
enchantMods,Berserk has #% reduced Rage loss per second,1,1,string:1,,Berserk has 40% reduced Rage loss per second
enchantMods,Blade Blast has #% increased Area of Effect,1,1,string:1,,Blade Blast has 24% increased Area of Effect
enchantMods,Bladefall has an additional Volley,1,1,string:1,,Bladefall has an additional Volley
enchantMods,Blazing Salvo Projectiles land in a #% increased Area,1,1,string:1,,Blazing Salvo Projectiles land in a 20% increased Area
enchantMods,Blight has #% increased Hinder Duration,1,1,string:1,,Blight has 30% increased Hinder Duration
enchantMods,Blink Arrow and Blink Arrow Clones have #% increased Attack Speed,1,1,string:1,,Blink Arrow and Blink Arrow Clones have 15% increased Attack Speed
enchantMods,Blink Arrow has #% increased Cooldown Recovery Rate,1,1,string:1,,Blink Arrow has 30% increased Cooldown Recovery Rate
enchantMods,Blood Rage grants additional #% chance to gain a Frenzy Charge on Kill,1,1,string:1,,Blood Rage grants additional 30% chance to gain a Frenzy Charge on Kill
enchantMods,Blood Rage grants additional #% increased Attack Speed,1,1,string:1,,Blood Rage grants additional 12% increased Attack Speed
enchantMods,Burning Arrow has #% chance to Ignite,1,1,string:1,,Burning Arrow has +20% chance to Ignite
enchantMods,Cages created by Your Glacial Cage Towers are #% larger,1,1,string:1,,Cages created by Your Glacial Cage Towers are 20% larger
enchantMods,Can have # additional Crafted Modifier,1,1,string:1,,Can have 1 additional Crafted Modifier
enchantMods,Chaos Golems deal #% increased Damage,1,1,string:1,,Chaos Golems deal 25% increased Damage
enchantMods,Charged Dash has # metres to radius of each Wave's last damage Area,1,1,string:1,,Charged Dash has +0.6 metres to radius of each Wave's last damage Area
enchantMods,Clarity has #% increased Mana Reservation Efficiency,1,1,string:1,,Clarity has 40% increased Mana Reservation Efficiency
enchantMods,Consecrated Path has #% increased teleport range,1,1,string:1,,Consecrated Path has 10% increased teleport range
enchantMods,Corrupting Fever deals #% increased Damage,1,1,string:1,,Corrupting Fever deals 25% increased Damage
enchantMods,Curse Enemies with Punishment on Hit,1,1,string:1,,Curse Enemies with Punishment on Hit
enchantMods,Delirium Reward Type: Expedition Items,1,1,string:1,,Delirium Reward Type: Expedition Items
enchantMods,Delirium Reward Type: Miscellaneous Items,1,1,string:1,,Delirium Reward Type: Miscellaneous Items
enchantMods,Divine Ire deals #% increased Damage,1,1,string:1,,Divine Ire deals 25% increased Damage
enchantMods,Dominating Blow can summon # additional Magic Sentinels of Dominance,1,1,string:1,,Dominating Blow can summon 2 additional Magic Sentinels of Dominance
enchantMods,Dread Banner has #% increased Aura Effect,1,1,string:1,,Dread Banner has 25% increased Aura Effect
enchantMods,Earthshatter has #% increased Area of Effect,1,1,string:1,,Earthshatter has 24% increased Area of Effect
enchantMods,Enduring Cry has #% increased Cooldown Recovery Rate,1,1,string:1,,Enduring Cry has 20% increased Cooldown Recovery Rate
enchantMods,Enemies Blinded by you have #% reduced Critical Strike Chance,1,1,string:1,,Enemies Blinded by you have 30% reduced Critical Strike Chance
enchantMods,Enemies Killed by your Hits are destroyed,1,1,string:1,,Enemies Killed by your Hits are destroyed
enchantMods,Energy Blades have #% increased Attack Speed,1,1,string:1,,Energy Blades have 15% increased Attack Speed
enchantMods,Explosive Arrow has #% increased Area of Effect,1,1,string:1,,Explosive Arrow has 24% increased Area of Effect
enchantMods,Explosive Concoction uses #% reduced Flask Charges,1,1,string:1,,Explosive Concoction uses 12% reduced Flask Charges
enchantMods,Explosive Trap deals #% increased Damage,1,1,string:1,,Explosive Trap deals 40% increased Damage
enchantMods,Explosive Trap has #% increased Area of Effect,1,1,string:1,,Explosive Trap has 24% increased Area of Effect
enchantMods,Exsanguinate deals #% increased Damage,1,1,string:1,,Exsanguinate deals 25% increased Damage
enchantMods,Flame Dash has #% increased Cooldown Recovery Rate,1,1,string:1,,Flame Dash has 20% increased Cooldown Recovery Rate
enchantMods,Flame Golems have #% increased Damage,1,1,string:1,,Flame Golems have 25% increased Damage
enchantMods,Flame Wall deals #% increased Damage,1,1,string:1,,Flame Wall deals 40% increased Damage
enchantMods,Flamethrower Trap deals #% increased Damage,1,1,string:1,,Flamethrower Trap deals 40% increased Damage
enchantMods,Flicker Strike has #% increased Cooldown Recovery Rate,1,1,string:1,,Flicker Strike has 30% increased Cooldown Recovery Rate
enchantMods,Forbidden Rite fires an additional Projectile,1,1,string:1,,Forbidden Rite fires an additional Projectile
enchantMods,Frost Bomb has #% increased Debuff Duration,1,1,string:1,,Frost Bomb has 30% increased Debuff Duration
enchantMods,Frost Shield has # to maximum Life per Stage,1,1,string:1,,Frost Shield has +125 to maximum Life per Stage
enchantMods,Frostblink has #% increased maximum travel distance,1,1,string:1,,Frostblink has 50% increased maximum travel distance
enchantMods,Gain # Rage on Melee Hit,1,1,string:1,,Gain 2 Rage on Melee Hit
enchantMods,Gain #% of Maximum Life as Extra Armour,1,1,string:1,,Gain 15% of Maximum Life as Extra Armour
enchantMods,General's Cry has #% increased Cooldown Recovery Rate,1,1,string:1,,General's Cry has 20% increased Cooldown Recovery Rate
enchantMods,Glacial Hammer has #% chance to Freeze,1,1,string:1,,Glacial Hammer has +30% chance to Freeze
enchantMods,Grace has #% increased Mana Reservation Efficiency,1,1,string:1,,Grace has 30% increased Mana Reservation Efficiency
enchantMods,Grants #% increased Accuracy per #% Quality,1,1,string:1,,Grants 1% increased Accuracy per 2% Quality
enchantMods,Ground Slam has a #% increased angle,1,1,string:1,,Ground Slam has a 24% increased angle
enchantMods,Has # White Sockets,1,1,string:1,,Has 2 White Sockets
enchantMods,Has no Red Sockets,1,1,string:1,,Has no Red Sockets
enchantMods,Herald of Agony has #% increased Mana Reservation Efficiency,1,1,string:1,,Herald of Agony has 50% increased Mana Reservation Efficiency
enchantMods,Herald of Ash has #% increased Mana Reservation Efficiency,1,1,string:1,,Herald of Ash has 40% increased Mana Reservation Efficiency
enchantMods,Herald of Thunder has #% increased Mana Reservation Efficiency,1,1,string:1,,Herald of Thunder has 75% increased Mana Reservation Efficiency
enchantMods,Ice Spear fires an additional Projectile,1,1,string:1,,Ice Spear fires an additional Projectile
enchantMods,Icicle Mine deals #% increased Damage,1,1,string:1,,Icicle Mine deals 25% increased Damage
enchantMods,Icicle Mine has #% to Critical Strike Multiplier,1,1,string:1,,Icicle Mine has +30% to Critical Strike Multiplier
enchantMods,Intimidating Cry has #% increased Area of Effect,1,1,string:1,,Intimidating Cry has 16% increased Area of Effect
enchantMods,Intimidating Cry has #% increased Cooldown Recovery Rate,1,1,string:1,,Intimidating Cry has 20% increased Cooldown Recovery Rate
enchantMods,Kinetic Blast has a #% chance for an additional explosion,1,1,string:1,,Kinetic Blast has a 50% chance for an additional explosion
enchantMods,Kinetic Bolt has #% increased Projectile Speed,1,1,string:1,,Kinetic Bolt has 30% increased Projectile Speed
enchantMods,Lancing Steel deals #% increased Damage,1,1,string:1,,Lancing Steel deals 40% increased Damage
enchantMods,Malevolence has #% increased Mana Reservation Efficiency,1,1,string:1,,Malevolence has 20% increased Mana Reservation Efficiency
enchantMods,Minions summoned by Your Summoning Towers have #% increased Life,1,1,string:1,,Minions summoned by Your Summoning Towers have 50% increased Life
enchantMods,Mirror Arrow and Mirror Arrow Clones have #% increased Attack Speed,1,1,string:1,,Mirror Arrow and Mirror Arrow Clones have 15% increased Attack Speed
enchantMods,Penance Brand deals #% increased Damage,1,1,string:1,,Penance Brand deals 25% increased Damage
enchantMods,Perforate deals #% increased Damage,1,1,string:1,,Perforate deals 40% increased Damage
enchantMods,Pestilent Strike has #% increased Area of Effect,1,1,string:1,,Pestilent Strike has 24% increased Area of Effect
enchantMods,Poisonous Concoction uses #% reduced Flask Charges,1,1,string:1,,Poisonous Concoction uses 12% reduced Flask Charges
enchantMods,Power Siphon fires at up to # additional target,1,1,string:1,,Power Siphon fires at up to 1 additional target
enchantMods,Purity of Lightning has #% increased Mana Reservation Efficiency,1,1,string:1,,Purity of Lightning has 40% increased Mana Reservation Efficiency
enchantMods,Pyroclast Mine has #% increased Throwing Speed,1,1,string:1,,Pyroclast Mine has 15% increased Throwing Speed
enchantMods,Rain of Arrows has #% chance to fire an additional sequence of arrows,1,1,string:1,,Rain of Arrows has 10% chance to fire an additional sequence of arrows
enchantMods,Reckoning has #% increased Cooldown Recovery Rate,1,1,string:1,,Reckoning has 30% increased Cooldown Recovery Rate
enchantMods,Righteous Fire grants #% increased Spell Damage,1,1,string:1,,Righteous Fire grants 30% increased Spell Damage
enchantMods,Rune Blast teleports you to the detonated Rune if you have not detonated Runes in the past # seconds,1,1,string:1,,Rune Blast teleports you to the detonated Rune if you have not detonated Runes in the past 0.5 secon
enchantMods,Scourge Arrow deals #% increased Damage,1,1,string:1,,Scourge Arrow deals 40% increased Damage
enchantMods,Seismic Trap has #% increased Skill Effect Duration,1,1,string:1,,Seismic Trap has 30% increased Skill Effect Duration
enchantMods,Shrapnel Ballista Pierces # additional Targets,1,1,string:1,,Shrapnel Ballista Pierces 6 additional Targets
enchantMods,Smite deals #% increased Damage,1,1,string:1,,Smite deals 40% increased Damage
enchantMods,Smite has a #% chance for lightning to strike another target,1,1,string:1,,Smite has a 10% chance for lightning to strike another target
enchantMods,Smoke Mine grants additional #% increased Movement Speed,1,1,string:1,,Smoke Mine grants additional 20% increased Movement Speed
enchantMods,Sniper's Mark has #% increased Curse Effect,1,1,string:1,,Sniper's Mark has 20% increased Curse Effect
enchantMods,Soulrend deals #% increased Damage,1,1,string:1,,Soulrend deals 25% increased Damage
enchantMods,Soulrend fires an additional Projectile,1,1,string:1,,Soulrend fires an additional Projectile
enchantMods,Spectral Shield Throw fires # additional Shard Projectiles,1,1,string:1,,Spectral Shield Throw fires 3 additional Shard Projectiles
enchantMods,Spirit Offering grants #% to Critical Strike Multiplier,1,1,string:1,,Spirit Offering grants +12% to Critical Strike Multiplier
enchantMods,Split Arrow fires # additional Projectiles,1,1,string:1,,Split Arrow fires 3 additional Projectiles
enchantMods,Static Strike has # maximum Beam Targets,1,1,string:1,,Static Strike has +2 maximum Beam Targets
enchantMods,Stone Golems deal #% increased Damage,1,1,string:1,,Stone Golems deal 25% increased Damage
enchantMods,Storm Brand deals #% increased Damage,1,1,string:1,,Storm Brand deals 40% increased Damage
enchantMods,Summon Skitterbots has #% increased Mana Reservation Efficiency,1,1,string:1,,Summon Skitterbots has 45% increased Mana Reservation Efficiency
enchantMods,Summoned Agony Crawler fires # additional Projectiles,1,1,string:1,,Summoned Agony Crawler fires 2 additional Projectiles
enchantMods,Summoned Carrion Golems deal #% increased Damage,1,1,string:1,,Summoned Carrion Golems deal 25% increased Damage
enchantMods,Summoned Carrion Golems have #% to all Elemental Resistances,1,1,string:1,,Summoned Carrion Golems have +36% to all Elemental Resistances
enchantMods,Summoned Holy Relics deal #% increased Damage,1,1,string:1,,Summoned Holy Relics deal 40% increased Damage
enchantMods,Summoned Holy Relics have #% increased Buff Effect,1,1,string:1,,Summoned Holy Relics have 100% increased Buff Effect
enchantMods,Tempest Shield chains an additional # times,1,1,string:1,,Tempest Shield chains an additional 3 times
enchantMods,Trigger Commandment of Blades on Hit,1,1,string:1,,Trigger Commandment of Blades on Hit
enchantMods,Trigger Commandment of Winter when Hit,1,1,string:1,,Trigger Commandment of Winter when Hit
enchantMods,Trigger Decree of Ire when Hit,1,1,string:1,,Trigger Decree of Ire when Hit
enchantMods,Trigger Decree of War on Kill,1,1,string:1,,Trigger Decree of War on Kill
enchantMods,Trigger Decree of the Tempest on Hit,1,1,string:1,,Trigger Decree of the Tempest on Hit
enchantMods,Trigger Edict of Force on Hit,1,1,string:1,,Trigger Edict of Force on Hit
enchantMods,Trigger Edict of Ire when Hit,1,1,string:1,,Trigger Edict of Ire when Hit
enchantMods,Trigger Edict of Reflection when Hit,1,1,string:1,,Trigger Edict of Reflection when Hit
enchantMods,Trigger Level # Summon Spectral Wolf on Kill,1,1,string:1,,Trigger Level 10 Summon Spectral Wolf on Kill
enchantMods,Trigger Word of Blades on Hit,1,1,string:1,,Trigger Word of Blades on Hit
enchantMods,Trigger Word of Frost on Kill,1,1,string:1,,Trigger Word of Frost on Kill
enchantMods,Trigger Word of Reflection when Hit,1,1,string:1,,Trigger Word of Reflection when Hit
enchantMods,Trigger Word of the Tempest on Hit,1,1,string:1,,Trigger Word of the Tempest on Hit
enchantMods,Used when you become Poisoned,1,1,string:1,,Used when you become Poisoned
enchantMods,Used when you take a Savage Hit,1,1,string:1,,Used when you take a Savage Hit
enchantMods,Vengeance has #% increased Cooldown Recovery Rate,1,1,string:1,,Vengeance has 30% increased Cooldown Recovery Rate
enchantMods,Void Sphere has #% increased Cooldown Recovery Rate,1,1,string:1,,Void Sphere has 20% increased Cooldown Recovery Rate
enchantMods,Vortex has #% increased Cooldown Recovery Rate,1,1,string:1,,Vortex has 30% increased Cooldown Recovery Rate
enchantMods,Wild Strike's Beam Chains an additional # times,1,1,string:1,,Wild Strike's Beam Chains an additional 4 times
enchantMods,Wintertide Brand deals #% increased Damage,1,1,string:1,,Wintertide Brand deals 25% increased Damage
enchantMods,Wintertide Brand has # to maximum Stages,1,1,string:1,,Wintertide Brand has +2 to maximum Stages
enchantMods,Wither has #% increased Area of Effect,1,1,string:1,,Wither has 24% increased Area of Effect
enchantMods,Wither has #% increased Duration,1,1,string:1,,Wither has 36% increased Duration
enchantMods,Wrath has #% increased Mana Reservation Efficiency,1,1,string:1,,Wrath has 30% increased Mana Reservation Efficiency
enchantMods,Your Arc Towers have #% chance to inflict Sap,1,1,string:1,,Your Arc Towers have 20% chance to inflict Sap
enchantMods,Your Glacial Cage Towers have #% increased Duration,1,1,string:1,,Your Glacial Cage Towers have 25% increased Duration
enchantMods,Your Imbuing Towers have #% increased Effect,1,1,string:1,,Your Imbuing Towers have 25% increased Effect
enchantMods,Your Imbuing Towers have #% increased Range,1,1,string:1,,Your Imbuing Towers have 25% increased Range
enchantMods,Your Meteor Towers deal #% increased Damage,1,1,string:1,,Your Meteor Towers deal 25% increased Damage
enchantMods,Your Scout Towers summon an additional minion,1,1,string:1,,Your Scout Towers summon an additional minion
enchantMods,Your Seismic Towers deal #% increased Damage,1,1,string:1,,Your Seismic Towers deal 25% increased Damage
enchantMods,Your Seismic Towers have an additional Cascade,1,1,string:1,,Your Seismic Towers have an additional Cascade
enchantMods,Zealotry has #% increased Mana Reservation Efficiency,1,1,string:1,,Zealotry has 30% increased Mana Reservation Efficiency
crucibleMods,Adds # to # Fire Damage,14,14,string:14,,Adds 1 to 5 Fire Damage
crucibleMods,Adds # to # Lightning Damage,14,14,string:14,,Adds 1 to 29 Lightning Damage
crucibleMods,Adds # to # Physical Damage,9,9,string:9,,Adds 6 to 11 Physical Damage
crucibleMods,#% increased Spell Damage,8,8,string:8,,10% increased Spell Damage
crucibleMods,#% to Critical Strike Chance,7,7,string:7,,+1.5% to Critical Strike Chance
crucibleMods,#% increased Attack Speed,5,5,string:5,,9% increased Attack Speed
crucibleMods,#% reduced Attack Speed,5,5,string:5,,15% reduced Attack Speed
crucibleMods,#% increased maximum Energy Shield,4,4,string:4,,10% increased maximum Energy Shield
crucibleMods,#% increased maximum Mana,4,4,string:4,,10% increased maximum Mana
crucibleMods,#% to Spell Critical Strike Chance,3,3,string:3,,+0.8% to Spell Critical Strike Chance
crucibleMods,Adds # to # Chaos Damage,3,3,string:3,,Adds 4 to 6 Chaos Damage
crucibleMods,Adds # to # Cold Damage,3,3,string:3,,Adds 3 to 6 Cold Damage
crucibleMods,# metres to Weapon Range,2,2,string:2,,+0.3 metres to Weapon Range
crucibleMods,#% increased Damage over Time,2,2,string:2,,68% increased Damage over Time
crucibleMods,#% increased Implicit Modifier magnitudes,2,2,string:2,,25% increased Implicit Modifier magnitudes
crucibleMods,#% more Cast Speed,2,2,string:2,,6% more Cast Speed
crucibleMods,#% reduced Totem Life,2,2,string:2,,25% reduced Totem Life
crucibleMods,#% to Critical Strike Multiplier for Spell Damage,2,2,string:2,,+50% to Critical Strike Multiplier for Spell Damage
crucibleMods,#% to Quality,2,2,string:2,,+16% to Quality
crucibleMods,Adds # to # Cold Damage to Spells,2,2,string:2,,Adds 1 to 3 Cold Damage to Spells
crucibleMods,Adds # to # Lightning Damage to Spells,2,2,string:2,,Adds 7 to 133 Lightning Damage to Spells
crucibleMods,Regenerate #% of Mana per second,2,2,string:2,,Regenerate 0.6% of Mana per second
crucibleMods,"Totems Explode on Death, dealing #% of their Life as Physical Damage",2,2,string:2,,"Totems Explode on Death, dealing 30% of their Life as Physical Damage"
crucibleMods,# to Armour,1,1,string:1,,+125 to Armour
crucibleMods,# to Level of Socketed Melee Gems,1,1,string:1,,+2 to Level of Socketed Melee Gems
crucibleMods,# to Level of Socketed Minion Gems,1,1,string:1,,+2 to Level of Socketed Minion Gems
crucibleMods,# to Strength,1,1,string:1,,+120 to Strength
crucibleMods,#% chance to Freeze,1,1,string:1,,10% chance to Freeze
crucibleMods,#% chance to Ignite,1,1,string:1,,20% chance to Ignite
crucibleMods,#% chance to deal Double Damage if Strength is below #,1,1,string:1,,6% chance to deal Double Damage if Strength is below 100
crucibleMods,#% chance to gain a Frenzy Charge on Kill,1,1,string:1,,6% chance to gain a Frenzy Charge on Kill
crucibleMods,#% increased Cast Speed,1,1,string:1,,5% increased Cast Speed
crucibleMods,#% increased Cooldown Recovery Rate,1,1,string:1,,25% increased Cooldown Recovery Rate
crucibleMods,#% increased Critical Strike Chance,1,1,string:1,,10% increased Critical Strike Chance
crucibleMods,#% increased Explicit Attribute Modifier magnitudes,1,1,string:1,,10% increased Explicit Attribute Modifier magnitudes
crucibleMods,#% increased Explicit Physical and Chaos Damage Modifier magnitudes,1,1,string:1,,10% increased Explicit Physical and Chaos Damage Modifier magnitudes
crucibleMods,#% increased Lightning Damage,1,1,string:1,,20% increased Lightning Damage
crucibleMods,#% increased Mana Cost of Skills,1,1,string:1,,15% increased Mana Cost of Skills
crucibleMods,#% increased Movement Speed,1,1,string:1,,18% increased Movement Speed
crucibleMods,#% increased Movement Speed if Dexterity is below #,1,1,string:1,,20% increased Movement Speed if Dexterity is below 100
crucibleMods,#% increased total Recovery per second from Mana Leech,1,1,string:1,,60% increased total Recovery per second from Mana Leech
crucibleMods,#% less maximum Mana,1,1,string:1,,25% less maximum Mana
crucibleMods,#% of Attack Damage Leeched as Mana,1,1,string:1,,1% of Attack Damage Leeched as Mana
crucibleMods,#% of Physical Damage Converted to Chaos Damage,1,1,string:1,,15% of Physical Damage Converted to Chaos Damage
crucibleMods,#% reduced Attribute Requirements,1,1,string:1,,30% reduced Attribute Requirements
crucibleMods,#% reduced Duration of Ailments on You,1,1,string:1,,15% reduced Duration of Ailments on You
crucibleMods,#% reduced Life Recovery rate,1,1,string:1,,16% reduced Life Recovery rate
crucibleMods,#% reduced Skill Effect Duration,1,1,string:1,,10% reduced Skill Effect Duration
crucibleMods,#% reduced Totem Placement speed,1,1,string:1,,25% reduced Totem Placement speed
crucibleMods,Adds # to # Fire Damage to Spells,1,1,string:1,,Adds 9 to 14 Fire Damage to Spells
crucibleMods,Adds # to # Physical Damage to Spells,1,1,string:1,,Adds 6 to 10 Physical Damage to Spells
crucibleMods,Allocates Heavy Draw,1,1,string:1,,Allocates Heavy Draw
crucibleMods,Attacks with this Weapon have #% chance to deal Double Damage,1,1,string:1,,Attacks with this Weapon have 20% chance to deal Double Damage
crucibleMods,Brand Skills have #% reduced Duration,1,1,string:1,,Brand Skills have 20% reduced Duration
crucibleMods,Brands have #% increased Area of Effect if #% of Attached Duration expired,1,1,string:1,,Brands have 25% increased Area of Effect if 50% of Attached Duration expired
crucibleMods,Gain no inherent bonuses from Strength,1,1,string:1,,Gain no inherent bonuses from Strength
crucibleMods,Herald of Ash has #% increased Buff Effect,1,1,string:1,,Herald of Ash has 35% increased Buff Effect
crucibleMods,Herald of Ash has #% increased Reservation,1,1,string:1,,Herald of Ash has 25% increased Reservation
crucibleMods,Hits against you Overwhelm #% of Physical Damage Reduction,1,1,string:1,,Hits against you Overwhelm 10% of Physical Damage Reduction
crucibleMods,Item sells for an additional Magmatic Ore,1,1,string:1,,Item sells for an additional Magmatic Ore
crucibleMods,Overwhelm #% Physical Damage Reduction,1,1,string:1,,Overwhelm 24% Physical Damage Reduction
crucibleMods,Skills that Summon a Totem have #% chance to Summon two Totems instead of one,1,1,string:1,,Skills that Summon a Totem have 70% chance to Summon two Totems instead of one
crucibleMods,Socketed Gems are Supported by Level # Iron Grip,1,1,string:1,,Socketed Gems are Supported by Level 10 Iron Grip
crucibleMods,Socketed Gems are Supported by Level # Rage,1,1,string:1,,Socketed Gems are Supported by Level 10 Rage
crucibleMods,Socketed Gems are Supported by Level # Unleash,1,1,string:1,,Socketed Gems are Supported by Level 30 Unleash
crucibleMods,You take #% increased Extra Damage from Critical Strikes,1,1,string:1,,You take 20% increased Extra Damage from Critical Strikes
crucibleMods,Your Critical Strikes do not deal extra Damage,1,1,string:1,,Your Critical Strikes do not deal extra Damage
crucibleMods,Your Travel Skills are Disabled,1,1,string:1,,Your Travel Skills are Disabled
veiledMods,Suffix#,34,34,string:34,,Suffix02
veiledMods,Prefix#,33,34,string:34,,Prefix02
scourgeMods,#% to Fire Resistance,6,6,string:6,,-27% to Fire Resistance
scourgeMods,# to maximum Mana,2,2,string:2,,-28 to maximum Mana
scourgeMods,#% to Chaos Resistance,2,2,string:2,,-25% to Chaos Resistance
scourgeMods,#% to Cold Resistance,2,2,string:2,,+19% to Cold Resistance
scourgeMods,# Dexterity Requirement,1,1,string:1,,+46 Dexterity Requirement
scourgeMods,# Strength Requirement,1,1,string:1,,+48 Strength Requirement
scourgeMods,# to Dexterity,1,1,string:1,,+28 to Dexterity
scourgeMods,# to maximum Life,1,1,string:1,,+24 to maximum Life
scourgeMods,# to maximum number of Raised Zombies,1,1,string:1,,+1 to maximum number of Raised Zombies
scourgeMods,#% increased Mana Regeneration Rate,1,1,string:1,,33% increased Mana Regeneration Rate
scourgeMods,#% increased Movement Speed,1,1,string:1,,12% increased Movement Speed
scourgeMods,#% reduced Attribute Requirements,1,1,string:1,,17% reduced Attribute Requirements
scourgeMods,#% reduced Effect of Non-Damaging Ailments,1,1,string:1,,53% reduced Effect of Non-Damaging Ailments
scourgeMods,#% reduced Enemy Stun Threshold,1,1,string:1,,9% reduced Enemy Stun Threshold
scourgeMods,#% reduced Energy Shield Recovery rate,1,1,string:1,,16% reduced Energy Shield Recovery rate
scourgeMods,#% to Lightning Resistance,1,1,string:1,,+30% to Lightning Resistance
scourgeMods,Deal no Cold Damage,1,1,string:1,,Deal no Cold Damage
scourgeMods,Nearby Enemies have #% to Fire Resistance,1,1,string:1,,Nearby Enemies have +9% to Fire Resistance
scourgeMods,Nearby Enemies have #% to Lightning Resistance,1,1,string:1,,Nearby Enemies have +9% to Lightning Resistance
scourgeMods,You cannot Recharge Energy Shield,1,1,string:1,,You cannot Recharge Energy Shield
bondedMods,# to maximum Life,1,1,string:1,,+20 to maximum Life
bondedMods,# to maximum Mana,1,1,string:1,,+20 to maximum Mana
bondedMods,Armour:,1,1,string:1,,Armour:
bondedMods,Wand or Staff: #% increased [Ignite|Ignite] [BuffMagnitude|Magnitude],1,1,string:1,,Wand or Staff: 30% increased [Ignite|Ignite] [BuffMagnitude|Magnitude]
bondedMods,[MartialWeapon|Martial Weapon]: #% increased [Ignite|Ignite] [BuffMagnitude|Magnitude],1,1,string:1,,[MartialWeapon|Martial Weapon]: 30% increased [Ignite|Ignite] [BuffMagnitude|Magnitude]
bondedMods,[ShamanOnlyMods|Bonded]:,1,1,string:1,,[ShamanOnlyMods|Bonded]:
runeMods,#% to [Resistances|Fire Resistance],1,1,string:1,,+14% to [Resistances|Fire Resistance]
runeMods,[ShamanOnlyMods|Bonded]: # to maximum Life,1,1,string:1,,[ShamanOnlyMods|Bonded]: +20 to maximum Life
runeMods,[ShamanOnlyMods|Bonded]: # to maximum Mana,1,1,string:1,,[ShamanOnlyMods|Bonded]: +20 to maximum Mana
