# generated by scripts/census.py from raw/spike-GERWARIC_7694-2026-09-13.db, raw/cpp-userstore-GERWARIC_7694-2026-09-13.db, ../trade-query/data/items-2026-09-12.json
array,name,type,displayMode,value_templates,n_values,items,example
additionalProperties,Experience,20,2,#/#,1,5214,"{""displayMode"": 2, ""name"": ""Experience"", ""progress"": 1, ""type"": 20, ""values"": [[""59146/59146"", 0]]}"
additionalProperties,,49,0,Apex of Ascension (Tier #),1,3,"{""displayMode"": 0, ""name"": """", ""type"": 49, ""values"": [[""Apex of Ascension (Tier 3)"", 0]]}"
additionalProperties,,49,0,Apex of Atzoatl,1,3,"{""displayMode"": 0, ""name"": """", ""type"": 49, ""values"": [[""Apex of Atzoatl"", 0]]}"
additionalProperties,Open Rooms:,,0,,0,3,"{""displayMode"": 0, ""name"": ""Open Rooms:"", ""values"": []}"
additionalProperties,,49,0,Catalyst of Corruption (Tier #),1,2,"{""displayMode"": 0, ""name"": """", ""type"": 49, ""values"": [[""Catalyst of Corruption (Tier 2)"", 0]]}"
additionalProperties,,49,0,Tunnels,1,2,"{""displayMode"": 0, ""name"": """", ""type"": 49, ""values"": [[""Tunnels"", 0]]}"
additionalProperties,,49,0,Temple Nexus (Tier #),1,1,"{""displayMode"": 0, ""name"": """", ""type"": 49, ""values"": [[""Temple Nexus (Tier 3)"", 0]]}"
additionalProperties,,49,0,Tempest Generator (Tier #),1,1,"{""displayMode"": 0, ""name"": """", ""type"": 49, ""values"": [[""Tempest Generator (Tier 1)"", 0]]}"
additionalProperties,,49,0,Factory (Tier #),1,1,"{""displayMode"": 0, ""name"": """", ""type"": 49, ""values"": [[""Factory (Tier 3)"", 0]]}"
additionalProperties,,49,0,Wealth of the Vaal (Tier #),1,1,"{""displayMode"": 0, ""name"": """", ""type"": 49, ""values"": [[""Wealth of the Vaal (Tier 3)"", 0]]}"
additionalProperties,,49,0,Omnitect Reactor Plant (Tier #),1,1,"{""displayMode"": 0, ""name"": """", ""type"": 49, ""values"": [[""Omnitect Reactor Plant (Tier 2)"", 0]]}"
additionalProperties,,49,0,Omnitect Forge (Tier #),1,1,"{""displayMode"": 0, ""name"": """", ""type"": 49, ""values"": [[""Omnitect Forge (Tier 2)"", 0]]}"
additionalProperties,,49,0,Jeweller's Workshop (Tier #),1,1,"{""displayMode"": 0, ""name"": """", ""type"": 49, ""values"": [[""Jeweller's Workshop (Tier 1)"", 0]]}"
additionalProperties,,49,0,Cultivar Chamber (Tier #),1,1,"{""displayMode"": 0, ""name"": """", ""type"": 49, ""values"": [[""Cultivar Chamber (Tier 2)"", 0]]}"
additionalProperties,,49,0,Torture Cages (Tier #),1,1,"{""displayMode"": 0, ""name"": """", ""type"": 49, ""values"": [[""Torture Cages (Tier 2)"", 0]]}"
additionalProperties,,49,0,Temple Defense Workshop (Tier #),1,1,"{""displayMode"": 0, ""name"": """", ""type"": 49, ""values"": [[""Temple Defense Workshop (Tier 2)"", 0]]}"
additionalProperties,,49,0,Surveyor's Study (Tier #),1,1,"{""displayMode"": 0, ""name"": """", ""type"": 49, ""values"": [[""Surveyor's Study (Tier 1)"", 0]]}"
additionalProperties,,49,0,House of the Others (Tier #),1,1,"{""displayMode"": 0, ""name"": """", ""type"": 49, ""values"": [[""House of the Others (Tier 3)"", 0]]}"
additionalProperties,,49,0,Hall of Legends (Tier #),1,1,"{""displayMode"": 0, ""name"": """", ""type"": 49, ""values"": [[""Hall of Legends (Tier 3)"", 0]]}"
additionalProperties,,49,0,Sanctum of Unity (Tier #),1,1,"{""displayMode"": 0, ""name"": """", ""type"": 49, ""values"": [[""Sanctum of Unity (Tier 2)"", 0]]}"
additionalProperties,,49,0,Shrine of Unmaking (Tier #),1,1,"{""displayMode"": 0, ""name"": """", ""type"": 49, ""values"": [[""Shrine of Unmaking (Tier 3)"", 0]]}"
additionalProperties,,49,0,Throne of Atziri (Tier #),1,1,"{""displayMode"": 0, ""name"": """", ""type"": 49, ""values"": [[""Throne of Atziri (Tier 3)"", 0]]}"
additionalProperties,,49,0,Storage Room (Tier #),1,1,"{""displayMode"": 0, ""name"": """", ""type"": 49, ""values"": [[""Storage Room (Tier 1)"", 0]]}"
additionalProperties,,49,0,Sadist's Den (Tier #),1,1,"{""displayMode"": 0, ""name"": """", ""type"": 49, ""values"": [[""Sadist's Den (Tier 3)"", 0]]}"
additionalProperties,,49,0,Storm of Corruption (Tier #),1,1,"{""displayMode"": 0, ""name"": """", ""type"": 49, ""values"": [[""Storm of Corruption (Tier 3)"", 0]]}"
additionalProperties,,49,0,Lightning Workshop (Tier #),1,1,"{""displayMode"": 0, ""name"": """", ""type"": 49, ""values"": [[""Lightning Workshop (Tier 1)"", 0]]}"
additionalProperties,,49,0,Glittering Halls (Tier #),1,1,"{""displayMode"": 0, ""name"": """", ""type"": 49, ""values"": [[""Glittering Halls (Tier 3)"", 0]]}"
additionalProperties,,49,0,Sparring Room (Tier #),1,1,"{""displayMode"": 0, ""name"": """", ""type"": 49, ""values"": [[""Sparring Room (Tier 1)"", 0]]}"
additionalProperties,,49,0,Hatchery (Tier #),1,1,"{""displayMode"": 0, ""name"": """", ""type"": 49, ""values"": [[""Hatchery (Tier 1)"", 0]]}"
additionalProperties,,49,0,Hall of Locks (Tier #),1,1,"{""displayMode"": 0, ""name"": """", ""type"": 49, ""values"": [[""Hall of Locks (Tier 2)"", 0]]}"
additionalProperties,,49,0,Office of Cartography (Tier #),1,1,"{""displayMode"": 0, ""name"": """", ""type"": 49, ""values"": [[""Office of Cartography (Tier 2)"", 0]]}"
additionalProperties,,49,0,Royal Meeting Room (Tier #),1,1,"{""displayMode"": 0, ""name"": """", ""type"": 49, ""values"": [[""Royal Meeting Room (Tier 1)"", 0]]}"
additionalProperties,Obstructed Rooms:,,0,,0,1,"{""displayMode"": 0, ""name"": ""Obstructed Rooms:"", ""values"": []}"
hybrid.properties,Soul Gain Prevention,,0,# sec,1,540,"{""displayMode"": 0, ""name"": ""Soul Gain Prevention"", ""values"": [[""5 sec"", 0]]}"
hybrid.properties,Souls Per Use,,0,#,1,540,"{""displayMode"": 0, ""name"": ""Souls Per Use"", ""values"": [[""50"", 0]]}"
hybrid.properties,Effectiveness of Added Damage,,0,#%,1,333,"{""displayMode"": 0, ""name"": ""Effectiveness of Added Damage"", ""values"": [[""310%"", 0]]}"
hybrid.properties,Can Store {#} Use,,3,#,1,326,"{""displayMode"": 3, ""name"": ""Can Store {0} Use"", ""values"": [[""1"", 0]]}"
hybrid.properties,Cast Time,,0,# sec,1,257,"{""name"": ""Cast Time"", ""values"": [[""0.50 sec"", 0]], ""displayMode"": 0}"
hybrid.properties,Can Store {#} Uses,,3,#,1,214,"{""displayMode"": 3, ""name"": ""Can Store {0} Uses"", ""values"": [[""2"", 0]]}"
hybrid.properties,Attack Damage,,0,#% of base,1,201,"{""name"": ""Attack Damage"", ""values"": [[""224.1% of base"", 0]], ""displayMode"": 0}"
hybrid.properties,Critical Strike Chance,,0,#%,1,183,"{""displayMode"": 0, ""name"": ""Critical Strike Chance"", ""values"": [[""5.00%"", 0]]}"
hybrid.properties,Cooldown Time,,0,# sec,1,178,"{""displayMode"": 0, ""name"": ""Cooldown Time"", ""values"": [[""0.50 sec"", 0]]}"
hybrid.properties,Cast Time,,0,Instant,1,139,"{""displayMode"": 0, ""name"": ""Cast Time"", ""values"": [[""Instant"", 0]]}"
hybrid.properties,Attack Speed,,0,#% of base,1,130,"{""name"": ""Attack Speed"", ""values"": [[""70% of base"", 0]], ""displayMode"": 0}"
hybrid.properties,Cost & Reservation Multiplier,,0,#%,1,24,"{""name"": ""Cost & Reservation Multiplier"", ""values"": [[""150%"", 0]], ""displayMode"": 0}"
hybrid.properties,Reservation Override,,0,#% Mana,1,21,"{""displayMode"": 0, ""name"": ""Reservation Override"", ""values"": [[""20% Mana"", 0]]}"
hybrid.properties,Cost,,0,# Mana,1,5,"{""displayMode"": 0, ""name"": ""Cost"", ""values"": [[""6 Mana"", 0]]}"
hybrid.properties,Cooldown Time,,0,# sec (# uses),1,2,"{""displayMode"": 0, ""name"": ""Cooldown Time"", ""values"": [[""1.00 sec (5 uses)"", 0]]}"
nextLevelRequirements,Level,,0,#,1,317,"{""displayMode"": 0, ""name"": ""Level"", ""values"": [[""21"", 0]]}"
nextLevelRequirements,Int,,1,#,1,165,"{""displayMode"": 1, ""name"": ""Int"", ""values"": [[""40"", 0]]}"
nextLevelRequirements,Str,,1,#,1,126,"{""displayMode"": 1, ""name"": ""Str"", ""values"": [[""92"", 0]]}"
nextLevelRequirements,Dex,,1,#,1,92,"{""displayMode"": 1, ""name"": ""Dex"", ""values"": [[""27"", 0]]}"
properties,Level,5,0,#,1,5237,"{""displayMode"": 0, ""name"": ""Level"", ""type"": 5, ""values"": [[""3"", 0]]}"
properties,Quality,6,0,#%,1,4862,"{""displayMode"": 0, ""name"": ""Quality"", ""type"": 6, ""values"": [[""+20%"", 1]]}"
properties,Item Quantity,2,0,#%,1,4712,"{""displayMode"": 0, ""name"": ""Item Quantity"", ""type"": 2, ""values"": [[""+87%"", 1]]}"
properties,Item Rarity,3,0,#%,1,4263,"{""displayMode"": 0, ""name"": ""Item Rarity"", ""type"": 3, ""values"": [[""+42%"", 1]]}"
properties,Area Level,34,0,#,1,3752,"{""displayMode"": 0, ""name"": ""Area Level"", ""type"": 34, ""values"": [[""70"", 0]]}"
properties,Cost,,0,# Mana,1,3336,"{""displayMode"": 0, ""name"": ""Cost"", ""values"": [[""4 Mana"", 0]]}"
properties,Consumes {#} of {#} Charges on use,,3,#|#,2,3325,"{""displayMode"": 3, ""name"": ""Consumes {0} of {1} Charges on use"", ""values"": [[""20"", 0], [""50"", 0]]}"
properties,Currently has {#} Charges,,3,#,1,3325,"{""displayMode"": 3, ""name"": ""Currently has {0} Charges"", ""values"": [[""0"", 0]]}"
properties,Stack Size,32,0,#/#,1,2670,"{""displayMode"": 0, ""name"": ""Stack Size"", ""type"": 32, ""values"": [[""1/10"", 0]]}"
properties,Lasts {#} Seconds,,3,#,1,2613,"{""displayMode"": 3, ""name"": ""Lasts {0} Seconds"", ""values"": [[""10.30"", 1]]}"
properties,Cost & Reservation Multiplier,,0,#%,1,2384,"{""displayMode"": 0, ""name"": ""Cost & Reservation Multiplier"", ""values"": [[""92%"", 0]]}"
properties,Monster Pack Size,4,0,#%,1,2277,"{""displayMode"": 0, ""name"": ""Monster Pack Size"", ""type"": 4, ""values"": [[""+27%"", 1]]}"
properties,Cast Time,,0,# sec,1,2136,"{""displayMode"": 0, ""name"": ""Cast Time"", ""values"": [[""0.25 sec"", 0]]}"
properties,Attacks per Second,13,0,#,1,2007,"{""displayMode"": 0, ""name"": ""Attacks per Second"", ""type"": 13, ""values"": [[""1.25"", 0]]}"
properties,Critical Strike Chance,12,0,#%,1,2005,"{""displayMode"": 0, ""name"": ""Critical Strike Chance"", ""type"": 12, ""values"": [[""8.00%"", 0]]}"
properties,Cooldown Time,,0,# sec,1,1961,"{""displayMode"": 0, ""name"": ""Cooldown Time"", ""values"": [[""1.20 sec"", 0]]}"
properties,Physical Damage,9,0,#-#,1,1952,"{""displayMode"": 0, ""name"": ""Physical Damage"", ""type"": 9, ""values"": [[""59-88"", 1]]}"
properties,Energy Shield,18,0,#,1,1917,"{""displayMode"": 0, ""name"": ""Energy Shield"", ""type"": 18, ""values"": [[""25"", 1]]}"
properties,Effectiveness of Added Damage,,0,#%,1,1911,"{""displayMode"": 0, ""name"": ""Effectiveness of Added Damage"", ""values"": [[""80%"", 0]]}"
properties,Alert Level Reduction,,0,#%,1,1823,"{""displayMode"": 0, ""name"": ""Alert Level Reduction"", ""values"": [[""+5%"", 1]]}"
properties,Maximum Alive Reinforcements,4,0,#%,1,1823,"{""displayMode"": 0, ""name"": ""Maximum Alive Reinforcements"", ""type"": 4, ""values"": [[""+5%"", 1]]}"
properties,Time Before Lockdown,,0,#%,1,1822,"{""displayMode"": 0, ""name"": ""Time Before Lockdown"", ""values"": [[""+5%"", 1]]}"
properties,Level,5,0,# (Max),1,1784,"{""displayMode"": 0, ""name"": ""Level"", ""type"": 5, ""values"": [[""20 (Max)"", 0]]}"
properties,Armour,16,0,#,1,1721,"{""displayMode"": 0, ""name"": ""Armour"", ""type"": 16, ""values"": [[""2172"", 1]]}"
properties,Evasion Rating,17,0,#,1,1720,"{""displayMode"": 0, ""name"": ""Evasion Rating"", ""type"": 17, ""values"": [[""972"", 1]]}"
properties,Cast Time,,0,Instant,1,1344,"{""displayMode"": 0, ""name"": ""Cast Time"", ""values"": [[""Instant"", 0]]}"
properties,Critical Strike Chance,,0,#%,1,1264,"{""displayMode"": 0, ""name"": ""Critical Strike Chance"", ""values"": [[""7.50%"", 0]]}"
properties,Weapon Range: {#} metres,14,3,#,1,1190,"{""displayMode"": 3, ""name"": ""Weapon Range: {0} metres"", ""type"": 14, ""values"": [[""1.1"", 0]]}"
properties,Attack Damage,,0,#% of base,1,949,"{""displayMode"": 0, ""name"": ""Attack Damage"", ""values"": [[""100% of base"", 0]]}"
properties,Quality (Quantity),6,0,#%,1,728,"{""displayMode"": 0, ""name"": ""Quality (Quantity)"", ""type"": 6, ""values"": [[""+16%"", 1]]}"
properties,Reservation,,0,#% Mana,1,719,"{""displayMode"": 0, ""name"": ""Reservation"", ""values"": [[""35% Mana"", 0]]}"
properties,Attack Speed,,0,#% of base,1,513,"{""displayMode"": 0, ""name"": ""Attack Speed"", ""values"": [[""120% of base"", 0]]}"
properties,Requires {#} (Level {#}),41,3,#|Demolition,2,508,"{""displayMode"": 3, ""name"": ""Requires {1} (Level {0})"", ""type"": 41, ""values"": [[""5"", 0], [""Demolition"", 0]]}"
properties,Chance to Block,15,0,#%,1,490,"{""displayMode"": 0, ""name"": ""Chance to Block"", ""type"": 15, ""values"": [[""23%"", 0]]}"
properties,Requires {#} (Level {#}),40,3,#|Perception,2,466,"{""displayMode"": 3, ""name"": ""Requires {1} (Level {0})"", ""type"": 40, ""values"": [[""2"", 0], [""Perception"", 0]]}"
properties,Recovers {#} Life over {#} Seconds,,3,#|#,2,457,"{""displayMode"": 3, ""name"": ""Recovers {0} Life over {1} Seconds"", ""values"": [[""2080"", 0], [""2"", 0]]}"
properties,Elemental Damage,10,0,#-#,1,430,"{""displayMode"": 0, ""name"": ""Elemental Damage"", ""type"": 10, ""values"": [[""3-65"", 6]]}"
properties,Wand,,0,,0,423,"{""displayMode"": 0, ""name"": ""Wand"", ""values"": []}"
properties,Requires {#} (Level {#}),45,3,#|Deception,2,419,"{""displayMode"": 3, ""name"": ""Requires {1} (Level {0})"", ""type"": 45, ""values"": [[""3"", 0], [""Deception"", 0]]}"
properties,Client,,0,Marcine Clavus,1,417,"{""displayMode"": 0, ""name"": ""Client"", ""values"": [[""Marcine Clavus"", 0]]}"
properties,Requires {#} (Level {#}),46,3,#|Engineering,2,415,"{""displayMode"": 3, ""name"": ""Requires {1} (Level {0})"", ""type"": 46, ""values"": [[""1"", 0], [""Engineering"", 0]]}"
properties,Limit,87,0,#,1,414,"{""displayMode"": 0, ""name"": ""Limit"", ""type"": 87, ""values"": [[""3"", 0]]}"
properties,Requires {#} (Level {#}),39,3,#|Brute Force,2,408,"{""displayMode"": 3, ""name"": ""Requires {1} (Level {0})"", ""type"": 39, ""values"": [[""2"", 0], [""Brute Force"", 0]]}"
properties,Requires {#} (Level {#}),42,3,#|Counter-Thaumaturgy,2,375,"{""displayMode"": 3, ""name"": ""Requires {1} (Level {0})"", ""type"": 42, ""values"": [[""4"", 0], [""Counter-Thaumaturgy"", 0]]}"
properties,Requires {#} (Level {#}),43,3,#|Trap Disarmament,2,351,"{""displayMode"": 3, ""name"": ""Requires {1} (Level {0})"", ""type"": 43, ""values"": [[""4"", 0], [""Trap Disarmament"", 0]]}"
properties,Requires {#} (Level {#}),38,3,#|Lockpicking,2,340,"{""displayMode"": 3, ""name"": ""Requires {1} (Level {0})"", ""type"": 38, ""values"": [[""2"", 0], [""Lockpicking"", 0]]}"
properties,Limited to,,0,#,1,331,"{""displayMode"": 0, ""name"": ""Limited to"", ""values"": [[""1"", 0]]}"
properties,Requires {#} (Level {#}),44,3,#|Agility,2,312,"{""displayMode"": 3, ""name"": ""Requires {1} (Level {0})"", ""type"": 44, ""values"": [[""3"", 0], [""Agility"", 0]]}"
properties,Recovers {#} Mana over {#} Seconds,,3,#|#,2,306,"{""displayMode"": 3, ""name"": ""Recovers {0} Mana over {1} Seconds"", ""values"": [[""734"", 1], [""7"", 0]]}"
properties,Escape Routes Revealed,36,0,#/#,1,304,"{""displayMode"": 0, ""name"": ""Escape Routes Revealed"", ""type"": 36, ""values"": [[""1/6"", 0]]}"
properties,Reward Rooms Revealed,37,0,#/#,1,304,"{""displayMode"": 0, ""name"": ""Reward Rooms Revealed"", ""type"": 37, ""values"": [[""3/21"", 0]]}"
properties,Wings Revealed,35,0,#/#,1,304,"{""displayMode"": 0, ""name"": ""Wings Revealed"", ""type"": 35, ""values"": [[""1/3"", 0]]}"
properties,Reward: {#},52,3,Doubles sacrificed Currency,1,301,"{""displayMode"": 3, ""name"": ""Reward: {0}"", ""type"": 52, ""values"": [[""Doubles sacrificed Currency"", 0]]}"
properties,Client,,0,Bazira,1,297,"{""displayMode"": 0, ""name"": ""Client"", ""values"": [[""Bazira"", 0]]}"
properties,Client,,0,The Crimson Scribe,1,281,"{""displayMode"": 0, ""name"": ""Client"", ""values"": [[""The Crimson Scribe"", 0]]}"
properties,Client,,0,Count Geonor,1,269,"{""displayMode"": 0, ""name"": ""Client"", ""values"": [[""Count Geonor"", 0]]}"
properties,"Aura, Spell, AoE",,0,,0,250,"{""displayMode"": 0, ""name"": ""Aura, Spell, AoE"", ""values"": []}"
properties,One Handed Sword,,0,,0,248,"{""displayMode"": 0, ""name"": ""One Handed Sword"", ""values"": []}"
properties,Client,,0,Tsvet Matvei,1,228,"{""displayMode"": 0, ""name"": ""Client"", ""values"": [[""Tsvet Matvei"", 0]]}"
properties,Bow,,0,,0,220,"{""displayMode"": 0, ""name"": ""Bow"", ""values"": []}"
properties,Abyss,,0,,0,219,"{""displayMode"": 0, ""name"": ""Abyss"", ""values"": []}"
properties,Reservation,,0,# Mana,1,218,"{""displayMode"": 0, ""name"": ""Reservation"", ""values"": [[""61 Mana"", 0]]}"
properties,"Support, Duration",,0,,0,217,"{""displayMode"": 0, ""name"": ""Support, Duration"", ""values"": []}"
properties,Support,,0,,0,200,"{""displayMode"": 0, ""name"": ""Support"", ""values"": []}"
properties,Client,,0,Administrator Qotra,1,191,"{""displayMode"": 0, ""name"": ""Client"", ""values"": [[""Administrator Qotra"", 0]]}"
properties,Challenge,,0,Defeat waves of enemies,1,183,"{""displayMode"": 0, ""name"": ""Challenge"", ""values"": [[""Defeat waves of enemies"", 0]]}"
properties,Cooldown Time,,0,# sec (# uses),1,182,"{""displayMode"": 0, ""name"": ""Cooldown Time"", ""values"": [[""3.50 sec (3 uses)"", 0]]}"
properties,Weapon Range: {#} metre,14,3,#,1,172,"{""displayMode"": 3, ""name"": ""Weapon Range: {0} metre"", ""type"": 14, ""values"": [[""1"", 0]]}"
properties,Challenge,,0,Survive,1,168,"{""displayMode"": 0, ""name"": ""Challenge"", ""values"": [[""Survive"", 0]]}"
properties,Client,,0,Kondor Larcius,1,158,"{""displayMode"": 0, ""name"": ""Client"", ""values"": [[""Kondor Larcius"", 0]]}"
properties,Sceptre,,0,,0,156,"{""displayMode"": 0, ""name"": ""Sceptre"", ""values"": []}"
properties,Client,,0,Aline Koltz,1,153,"{""displayMode"": 0, ""name"": ""Client"", ""values"": [[""Aline Koltz"", 0]]}"
properties,"Attack, Support",,0,,0,149,"{""displayMode"": 0, ""name"": ""Attack, Support"", ""values"": []}"
properties,Client,,0,Nishem,1,145,"{""displayMode"": 0, ""name"": ""Client"", ""values"": [[""Nishem"", 0]]}"
properties,Reward: {#},52,3,Doubles sacrificed Divination Cards,1,145,"{""displayMode"": 3, ""name"": ""Reward: {0}"", ""type"": 52, ""values"": [[""Doubles sacrificed Divination Cards"", 0]]}"
properties,Any Heist member can equip this item.,,3,,1,144,"{""displayMode"": 3, ""name"": ""Any Heist member can equip this item."", ""values"": [["""", 0]]}"
properties,Claw,,0,,0,139,"{""displayMode"": 0, ""name"": ""Claw"", ""values"": []}"
properties,Rune Dagger,,0,,0,117,"{""displayMode"": 0, ""name"": ""Rune Dagger"", ""values"": []}"
properties,Two Handed Axe,,0,,0,117,"{""displayMode"": 0, ""name"": ""Two Handed Axe"", ""values"": []}"
properties,Spell,,0,,0,115,"{""displayMode"": 0, ""name"": ""Spell"", ""values"": []}"
properties,"Critical, Support",,0,,0,112,"{""displayMode"": 0, ""name"": ""Critical, Support"", ""values"": []}"
properties,Challenge,,0,Stand in the Stone Circles,1,111,"{""displayMode"": 0, ""name"": ""Challenge"", ""values"": [[""Stand in the Stone Circles"", 0]]}"
properties,Two Handed Sword,,0,,0,107,"{""displayMode"": 0, ""name"": ""Two Handed Sword"", ""values"": []}"
properties,Client,,0,The Midnight Tinkerer,1,104,"{""displayMode"": 0, ""name"": ""Client"", ""values"": [[""The Midnight Tinkerer"", 0]]}"
properties,Heist Target: {#} ({#}),47,3,Box of Tripyxis|Moderate Value,2,103,"{""displayMode"": 3, ""name"": ""Heist Target: {0} ({1})"", ""type"": 47, ""values"": [[""Box of Tripyxis"", 0], [""Moderate Value"", "
properties,Warstaff,,0,,0,103,"{""displayMode"": 0, ""name"": ""Warstaff"", ""values"": []}"
properties,Radius,24,0,Medium,1,102,"{""displayMode"": 0, ""name"": ""Radius"", ""type"": 24, ""values"": [[""Medium"", 0]]}"
properties,"Support, Projectile",,0,,0,101,"{""displayMode"": 0, ""name"": ""Support, Projectile"", ""values"": []}"
properties,Radius,24,0,Large,1,100,"{""displayMode"": 0, ""name"": ""Radius"", ""type"": 24, ""values"": [[""Large"", 0]]}"
properties,"Exceptional, Support",,0,,0,99,"{""displayMode"": 0, ""name"": ""Exceptional, Support"", ""values"": []}"
properties,Heist Target: {#} ({#}),47,3,Tusked Hominid Skull|Moderate Value,2,99,"{""displayMode"": 3, ""name"": ""Heist Target: {0} ({1})"", ""type"": 47, ""values"": [[""Tusked Hominid Skull"", 0], [""Moderate Val"
properties,Heist Target: {#} ({#}),47,3,Ez Myrae Tome|Moderate Value,2,98,"{""displayMode"": 3, ""name"": ""Heist Target: {0} ({1})"", ""type"": 47, ""values"": [[""Ez Myrae Tome"", 0], [""Moderate Value"", 0]"
properties,"Support, Minion",,0,,0,98,"{""name"": ""Support, Minion"", ""values"": [], ""displayMode"": 0}"
properties,Heist Target: {#} ({#}),47,3,Enigmatic Assembly A#|Moderate Value,2,96,"{""displayMode"": 3, ""name"": ""Heist Target: {0} ({1})"", ""type"": 47, ""values"": [[""Enigmatic Assembly A4"", 0], [""Moderate Va"
properties,Heist Target: {#} ({#}),47,3,Admiral Proclar's Pipe|Moderate Value,2,95,"{""displayMode"": 3, ""name"": ""Heist Target: {0} ({1})"", ""type"": 47, ""values"": [[""Admiral Proclar's Pipe"", 0], [""Moderate V"
properties,One Handed Mace,,0,,0,95,"{""displayMode"": 0, ""name"": ""One Handed Mace"", ""values"": []}"
properties,Heist Target: {#} ({#}),47,3,Ogham Candelabra|Moderate Value,2,94,"{""displayMode"": 3, ""name"": ""Heist Target: {0} ({1})"", ""type"": 47, ""values"": [[""Ogham Candelabra"", 0], [""Moderate Value"","
properties,Challenge,,0,Protect the Altar,1,92,"{""displayMode"": 0, ""name"": ""Challenge"", ""values"": [[""Protect the Altar"", 0]]}"
properties,Heist Target: {#} ({#}),47,3,Incense of Keth|Moderate Value,2,92,"{""displayMode"": 3, ""name"": ""Heist Target: {0} ({1})"", ""type"": 47, ""values"": [[""Incense of Keth"", 0], [""Moderate Value"", "
properties,Heist Target: {#} ({#}),47,3,Crest of Ezomyr|Moderate Value,2,91,"{""displayMode"": 3, ""name"": ""Heist Target: {0} ({1})"", ""type"": 47, ""values"": [[""Crest of Ezomyr"", 0], [""Moderate Value"", "
properties,Staff,,0,,0,91,"{""displayMode"": 0, ""name"": ""Staff"", ""values"": []}"
properties,Elemental Damage,10,0,#-#|#-#,2,89,"{""displayMode"": 0, ""name"": ""Elemental Damage"", ""type"": 10, ""values"": [[""38-71"", 4], [""57-108"", 5]]}"
properties,"Spell, Movement, Duration, Fire, Travel, Blink",,0,,0,89,"{""displayMode"": 0, ""name"": ""Spell, Movement, Duration, Fire, Travel, Blink"", ""values"": []}"
properties,"Support, Spell, Trigger",,0,,0,89,"{""displayMode"": 0, ""name"": ""Support, Spell, Trigger"", ""values"": []}"
properties,Heist Target: {#} ({#}),47,3,Abberathine Horns|Moderate Value,2,88,"{""displayMode"": 3, ""name"": ""Heist Target: {0} ({1})"", ""type"": 47, ""values"": [[""Abberathine Horns"", 0], [""Moderate Value"""
properties,Heist Target: {#} ({#}),47,3,Alchemical Chalice|Moderate Value,2,88,"{""displayMode"": 3, ""name"": ""Heist Target: {0} ({1})"", ""type"": 47, ""values"": [[""Alchemical Chalice"", 0], [""Moderate Value"
properties,Heist Target: {#} ({#}),47,3,Enigmatic Assembly B#|Moderate Value,2,87,"{""displayMode"": 3, ""name"": ""Heist Target: {0} ({1})"", ""type"": 47, ""values"": [[""Enigmatic Assembly B2"", 0], [""Moderate Va"
properties,Cost,,0,# Life,1,86,"{""displayMode"": 0, ""name"": ""Cost"", ""values"": [[""29 Life"", 0]]}"
properties,Heist Target: {#} ({#}),47,3,Heart Coil|Moderate Value,2,85,"{""displayMode"": 3, ""name"": ""Heist Target: {0} ({1})"", ""type"": 47, ""values"": [[""Heart Coil"", 0], [""Moderate Value"", 0]]}"
properties,Heist Target: {#} ({#}),47,3,Enigmatic Assembly C#|Moderate Value,2,84,"{""displayMode"": 3, ""name"": ""Heist Target: {0} ({1})"", ""type"": 47, ""values"": [[""Enigmatic Assembly C5"", 0], [""Moderate Va"
properties,Heist Target: {#} ({#}),47,3,Urn of the Original Ashes|Moderate Value,2,84,"{""displayMode"": 3, ""name"": ""Heist Target: {0} ({1})"", ""type"": 47, ""values"": [[""Urn of the Original Ashes"", 0], [""Moderat"
properties,"Aura, Critical, Spell, AoE",,0,,0,83,"{""displayMode"": 0, ""name"": ""Aura, Critical, Spell, AoE"", ""values"": []}"
properties,Use Time,,0,# sec,1,83,"{""displayMode"": 0, ""name"": ""Use Time"", ""values"": [[""0.80 sec"", 0]]}"
properties,Heist Target: {#} ({#}),47,3,Urn of Farud|Moderate Value,2,81,"{""displayMode"": 3, ""name"": ""Heist Target: {0} ({1})"", ""type"": 47, ""values"": [[""Urn of Farud"", 0], [""Moderate Value"", 0]]"
properties,"Spell, AoE, Duration, Curse, Hex",,0,,0,78,"{""displayMode"": 0, ""name"": ""Spell, AoE, Duration, Curse, Hex"", ""values"": []}"
properties,"Fire, Support",,0,,0,76,"{""displayMode"": 0, ""name"": ""Fire, Support"", ""values"": []}"
properties,Attack Time,,0,# sec,1,75,"{""displayMode"": 0, ""name"": ""Attack Time"", ""values"": [[""0.50 sec"", 0]]}"
properties,"Cold, Support",,0,,0,75,"{""displayMode"": 0, ""name"": ""Cold, Support"", ""values"": []}"
properties,Family,23,0,The Wilds,1,73,"{""displayMode"": 0, ""name"": ""Family"", ""type"": 23, ""values"": [[""The Wilds"", 0]]}"
properties,Heist Target: {#} ({#}),47,3,Hand of Arimor|Moderate Value,2,71,"{""displayMode"": 3, ""name"": ""Heist Target: {0} ({1})"", ""type"": 47, ""values"": [[""Hand of Arimor"", 0], [""Moderate Value"", 0"
properties,Two Handed Mace,,0,,0,71,"{""displayMode"": 0, ""name"": ""Two Handed Mace"", ""values"": []}"
properties,"Chaos, Support",,0,,0,68,"{""name"": ""Chaos, Support"", ""values"": [], ""displayMode"": 0}"
properties,Heist Target: {#} ({#}),47,3,Enigmatic Assembly D#|Moderate Value,2,65,"{""displayMode"": 3, ""name"": ""Heist Target: {0} ({1})"", ""type"": 47, ""values"": [[""Enigmatic Assembly D1"", 0], [""Moderate Va"
properties,Heist Target: {#} ({#}),47,3,Celestial Stone|Moderate Value,2,65,"{""displayMode"": 3, ""name"": ""Heist Target: {0} ({1})"", ""type"": 47, ""values"": [[""Celestial Stone"", 0], [""Moderate Value"", "
properties,"Spell, Minion",,0,,0,65,"{""name"": ""Spell, Minion"", ""values"": [], ""displayMode"": 0}"
properties,Client,,0,Whakano,1,63,"{""displayMode"": 0, ""name"": ""Client"", ""values"": [[""Whakano"", 0]]}"
properties,One Handed Axe,,0,,0,63,"{""displayMode"": 0, ""name"": ""One Handed Axe"", ""values"": []}"
properties,"Spell, Duration, Guard",,0,,0,63,"{""name"": ""Spell, Duration, Guard"", ""values"": [], ""displayMode"": 0}"
properties,Heist Target: {#},47,3,Defeat Friedrich Tarollo,1,62,"{""displayMode"": 3, ""name"": ""Heist Target: {0}"", ""type"": 47, ""values"": [[""Defeat Friedrich Tarollo"", 0]]}"
properties,Client,,0,Grond Ironeye,1,61,"{""displayMode"": 0, ""name"": ""Client"", ""values"": [[""Grond Ironeye"", 0]]}"
properties,Heist Target: {#} ({#}),47,3,Golden Hetzapal Idol|High Value,2,61,"{""displayMode"": 3, ""name"": ""Heist Target: {0} ({1})"", ""type"": 47, ""values"": [[""Golden Hetzapal Idol"", 0], [""High Value"","
properties,"Support, AoE",,0,,0,61,"{""displayMode"": 0, ""name"": ""Support, AoE"", ""values"": []}"
properties,"Warcry, AoE, Duration",,0,,0,59,"{""displayMode"": 0, ""name"": ""Warcry, AoE, Duration"", ""values"": []}"
properties,"Aura, Spell, AoE, Duration, Vaal",,0,,0,57,"{""displayMode"": 0, ""name"": ""Aura, Spell, AoE, Duration, Vaal"", ""values"": []}"
properties,Heist Target: {#} ({#}),47,3,Flask of Welakath|High Value,2,57,"{""displayMode"": 3, ""name"": ""Heist Target: {0} ({1})"", ""type"": 47, ""values"": [[""Flask of Welakath"", 0], [""High Value"", 0]"
properties,Heist Target: {#} ({#}),47,3,The Golden Ibis|High Value,2,57,"{""displayMode"": 3, ""name"": ""Heist Target: {0} ({1})"", ""type"": 47, ""values"": [[""The Golden Ibis"", 0], [""High Value"", 0]]}"
properties,Requires Sacrifice: {#} {#},51,3,Chaos Orb|x#,2,57,"{""displayMode"": 3, ""name"": ""Requires Sacrifice: {0} {1}"", ""type"": 51, ""values"": [[""Chaos Orb"", 18], [""x20"", 0]]}"
properties,"Aura, Spell, AoE, Physical",,0,,0,56,"{""displayMode"": 0, ""name"": ""Aura, Spell, AoE, Physical"", ""values"": []}"
properties,Family,23,0,The Deep,1,56,"{""displayMode"": 0, ""name"": ""Family"", ""type"": 23, ""values"": [[""The Deep"", 0]]}"
properties,Dagger,,0,,0,55,"{""displayMode"": 0, ""name"": ""Dagger"", ""values"": []}"
properties,Client,,0,Isla,1,54,"{""displayMode"": 0, ""name"": ""Client"", ""values"": [[""Isla"", 0]]}"
properties,Requires {#},,3,"Isla, the Engineer",1,54,"{""displayMode"": 3, ""name"": ""Requires {0}"", ""values"": [[""Isla, the Engineer"", 0]]}"
properties,Heist Target: {#},47,3,"Destroy ""The Unbreakable""",1,53,"{""displayMode"": 3, ""name"": ""Heist Target: {0}"", ""type"": 47, ""values"": [[""Destroy \""The Unbreakable\"""", 0]]}"
properties,Heist Target: {#} ({#}),47,3,Bust of Emperor Caspiro|High Value,2,53,"{""displayMode"": 3, ""name"": ""Heist Target: {0} ({1})"", ""type"": 47, ""values"": [[""Bust of Emperor Caspiro"", 0], [""High Valu"
properties,"Minion, Spell, Duration",,0,,0,53,"{""name"": ""Minion, Spell, Duration"", ""values"": [], ""displayMode"": 0}"
properties,Heist Target: {#} ({#}),47,3,Seal of Solaris|High Value,2,51,"{""displayMode"": 3, ""name"": ""Heist Target: {0} ({1})"", ""type"": 47, ""values"": [[""Seal of Solaris"", 0], [""High Value"", 0]]}"
properties,Heist Target: {#} ({#}),47,3,Living Ice|High Value,2,50,"{""displayMode"": 3, ""name"": ""Heist Target: {0} ({1})"", ""type"": 47, ""values"": [[""Living Ice"", 0], [""High Value"", 0]]}"
properties,Item Level,78,0,#,1,50,"{""displayMode"": 0, ""name"": ""Item Level"", ""type"": 78, ""values"": [[""83"", 0]]}"
properties,"Lightning, Support",,0,,0,50,"{""name"": ""Lightning, Support"", ""values"": [], ""displayMode"": 0}"
properties,Requires {#} Hiveblood,,3,#,1,50,"{""displayMode"": 3, ""name"": ""Requires {0} Hiveblood"", ""values"": [[""1790"", 0]]}"
properties,"Support, Trap, Mine",,0,,0,50,"{""name"": ""Support, Trap, Mine"", ""values"": [], ""displayMode"": 0}"
properties,"Attack, Melee, AoE, Movement, Travel, Physical",,0,,0,49,"{""displayMode"": 0, ""name"": ""Attack, Melee, AoE, Movement, Travel, Physical"", ""values"": []}"
properties,Requires Sacrifice: {#} {#},51,3,Orb of Fusing|x#,2,49,"{""displayMode"": 3, ""name"": ""Requires Sacrifice: {0} {1}"", ""type"": 51, ""values"": [[""Orb of Fusing"", 18], [""x10"", 0]]}"
properties,"Support, Spell",,0,,0,49,"{""name"": ""Support, Spell"", ""values"": [], ""displayMode"": 0}"
properties,"Spell, Critical, Support",,0,,0,48,"{""name"": ""Spell, Critical, Support"", ""values"": [], ""displayMode"": 0}"
properties,Client,,0,Remus Hestor,1,47,"{""displayMode"": 0, ""name"": ""Client"", ""values"": [[""Remus Hestor"", 0]]}"
properties,Heist Target: {#} ({#}),47,3,Golden Matatl Idol|High Value,2,47,"{""displayMode"": 3, ""name"": ""Heist Target: {0} ({1})"", ""type"": 47, ""values"": [[""Golden Matatl Idol"", 0], [""High Value"", 0"
properties,Limited to,,0,# Historic,1,47,"{""displayMode"": 0, ""name"": ""Limited to"", ""values"": [[""1 Historic"", 0]]}"
properties,Quality (Attribute Modifiers),6,0,#%,1,47,"{""displayMode"": 0, ""name"": ""Quality (Attribute Modifiers)"", ""type"": 6, ""values"": [[""+20%"", 1]]}"
properties,"Spell, Duration, Physical",,0,,0,47,"{""displayMode"": 0, ""name"": ""Spell, Duration, Physical"", ""values"": []}"
properties,"Spell, Movement, Duration, Cold, Travel, Blink, AoE",,0,,0,47,"{""displayMode"": 0, ""name"": ""Spell, Movement, Duration, Cold, Travel, Blink, AoE"", ""values"": []}"
properties,Heist Target: {#} ({#}),47,3,The Sea Pearl Heirloom|High Value,2,46,"{""displayMode"": 3, ""name"": ""Heist Target: {0} ({1})"", ""type"": 47, ""values"": [[""The Sea Pearl Heirloom"", 0], [""High Value"
properties,"AoE, Spell, Duration, Aura",,0,,0,44,"{""displayMode"": 0, ""name"": ""AoE, Spell, Duration, Aura"", ""values"": []}"
properties,"Attack, Physical, Support",,0,,0,44,"{""displayMode"": 0, ""name"": ""Attack, Physical, Support"", ""values"": []}"
properties,Heist Target: {#} ({#}),47,3,Seal of Lunaris|High Value,2,44,"{""displayMode"": 3, ""name"": ""Heist Target: {0} ({1})"", ""type"": 47, ""values"": [[""Seal of Lunaris"", 0], [""High Value"", 0]]}"
properties,"Aura, Spell, AoE, Fire",,0,,0,42,"{""displayMode"": 0, ""name"": ""Aura, Spell, AoE, Fire"", ""values"": []}"
properties,Chaos Damage,11,0,#-#,1,42,"{""displayMode"": 0, ""name"": ""Chaos Damage"", ""type"": 11, ""values"": [[""178-338"", 7]]}"
properties,Memory Strands,99,0,#,1,42,"{""displayMode"": 0, ""name"": ""Memory Strands"", ""type"": 99, ""values"": [[""16"", 0]]}"
properties,Client,,0,Selwyn Eddard,1,41,"{""displayMode"": 0, ""name"": ""Client"", ""values"": [[""Selwyn Eddard"", 0]]}"
properties,Heist Target: {#} ({#}),47,3,Mirror of Teklatipitzi|High Value,2,41,"{""displayMode"": 3, ""name"": ""Heist Target: {0} ({1})"", ""type"": 47, ""values"": [[""Mirror of Teklatipitzi"", 0], [""High Value"
properties,"Aura, Spell, AoE, Lightning",,0,,0,40,"{""displayMode"": 0, ""name"": ""Aura, Spell, AoE, Lightning"", ""values"": []}"
properties,Heist Target: {#} ({#}),47,3,Forbidden Lamp|High Value,2,40,"{""displayMode"": 3, ""name"": ""Heist Target: {0} ({1})"", ""type"": 47, ""values"": [[""Forbidden Lamp"", 0], [""High Value"", 0]]}"
properties,"Spell, AoE, Fire",,0,,0,40,"{""displayMode"": 0, ""name"": ""Spell, AoE, Fire"", ""values"": []}"
properties,"Trap, Mine, Spell, Minion, Cold, Lightning, AoE, Aura",,0,,0,40,"{""displayMode"": 0, ""name"": ""Trap, Mine, Spell, Minion, Cold, Lightning, AoE, Aura"", ""values"": []}"
properties,"Attack, Minion, Duration, Movement, Travel, Bow",,0,,0,39,"{""displayMode"": 0, ""name"": ""Attack, Minion, Duration, Movement, Travel, Bow"", ""values"": []}"
properties,Client,,0,Anton Laffrey,1,39,"{""displayMode"": 0, ""name"": ""Client"", ""values"": [[""Anton Laffrey"", 0]]}"
properties,Heist Target: {#} ({#}),47,3,Golden Napuatzi Idol|High Value,2,39,"{""displayMode"": 3, ""name"": ""Heist Target: {0} ({1})"", ""type"": 47, ""values"": [[""Golden Napuatzi Idol"", 0], [""High Value"","
properties,Heist Target: {#} ({#}),47,3,The Goddess of Water|High Value,2,39,"{""displayMode"": 3, ""name"": ""Heist Target: {0} ({1})"", ""type"": 47, ""values"": [[""The Goddess of Water"", 0], [""High Value"","
properties,"Totem, Support",,0,,0,39,"{""displayMode"": 0, ""name"": ""Totem, Support"", ""values"": []}"
properties,"Attack, Projectile, Bow",,0,,0,38,"{""displayMode"": 0, ""name"": ""Attack, Projectile, Bow"", ""values"": []}"
properties,Client,,0,Adiyah,1,38,"{""displayMode"": 0, ""name"": ""Client"", ""values"": [[""Adiyah"", 0]]}"
properties,Heist Target: {#},47,3,Confront Nashta,1,38,"{""displayMode"": 3, ""name"": ""Heist Target: {0}"", ""type"": 47, ""values"": [[""Confront Nashta"", 0]]}"
properties,Heist Target: {#} ({#}),47,3,Impossible Crystal|High Value,2,38,"{""displayMode"": 3, ""name"": ""Heist Target: {0} ({1})"", ""type"": 47, ""values"": [[""Impossible Crystal"", 0], [""High Value"", 0"
properties,"Minion, Spell, Golem, Physical",,0,,0,38,"{""name"": ""Minion, Spell, Golem, Physical"", ""values"": [], ""displayMode"": 0}"
properties,More Maps,88,0,#%,1,38,"{""displayMode"": 0, ""name"": ""More Maps"", ""type"": 88, ""values"": [[""+35%"", 1]]}"
properties,Requires Sacrifice: {#} {#},51,3,Vaal Orb|x#,2,38,"{""displayMode"": 3, ""name"": ""Requires Sacrifice: {0} {1}"", ""type"": 51, ""values"": [[""Vaal Orb"", 18], [""x10"", 0]]}"
properties,Requires {#},,3,"Adiyah, the Wayfinder",1,38,"{""displayMode"": 3, ""name"": ""Requires {0}"", ""values"": [[""Adiyah, the Wayfinder"", 0]]}"
properties,"Trigger, Spell",,0,,0,38,"{""name"": ""Trigger, Spell"", ""values"": [], ""displayMode"": 0}"
properties,"Attack, Support, Melee",,0,,0,37,"{""displayMode"": 0, ""name"": ""Attack, Support, Melee"", ""values"": []}"
properties,"Aura, Spell, AoE, Cold",,0,,0,37,"{""displayMode"": 0, ""name"": ""Aura, Spell, AoE, Cold"", ""values"": []}"
properties,"Spell, AoE, Duration, Chaos",,0,,0,37,"{""name"": ""Spell, AoE, Duration, Chaos"", ""values"": [], ""displayMode"": 0}"
properties,"Arcane, Support, Spell, Duration",,0,,0,36,"{""displayMode"": 0, ""name"": ""Arcane, Support, Spell, Duration"", ""values"": []}"
properties,Heist Target: {#} ({#}),47,3,Ancient Seal|Precious,2,36,"{""displayMode"": 3, ""name"": ""Heist Target: {0} ({1})"", ""type"": 47, ""values"": [[""Ancient Seal"", 0], [""Precious"", 0]]}"
properties,Map Area,105,0,Orchard,1,36,"{""displayMode"": 0, ""name"": ""Map Area"", ""type"": 105, ""values"": [[""Orchard"", 0]]}"
properties,"Spell, AoE, Duration, Fire, Physical, Guard",,0,,0,36,"{""displayMode"": 0, ""name"": ""Spell, AoE, Duration, Fire, Physical, Guard"", ""values"": []}"
properties,"Spell, Movement, Travel, Blink",,0,,0,36,"{""displayMode"": 0, ""name"": ""Spell, Movement, Travel, Blink"", ""values"": []}"
properties,"Spell, Projectile, Cold",,0,,0,36,"{""displayMode"": 0, ""name"": ""Spell, Projectile, Cold"", ""values"": []}"
properties,Cost,,0,# Mana per second,1,35,"{""name"": ""Cost"", ""values"": [[""29.83 Mana per second"", 0]], ""displayMode"": 0}"
properties,"Spell, Support",,0,,0,35,"{""name"": ""Spell, Support"", ""values"": [], ""displayMode"": 0}"
properties,Requires Sacrifice: {#} {#},51,3,Orb of Scouring|x#,2,34,"{""displayMode"": 3, ""name"": ""Requires Sacrifice: {0} {1}"", ""type"": 51, ""values"": [[""Orb of Scouring"", 18], [""x30"", 0]]}"
properties,"Spell, Minion, Duration, Vaal",,0,,0,34,"{""displayMode"": 0, ""name"": ""Spell, Minion, Duration, Vaal"", ""values"": []}"
properties,"Attack, Projectile",,0,,0,33,"{""displayMode"": 0, ""name"": ""Attack, Projectile"", ""values"": []}"
properties,"Attack, Support, Duration",,0,,0,33,"{""displayMode"": 0, ""name"": ""Attack, Support, Duration"", ""values"": []}"
properties,Heist Target: {#} ({#}),47,3,Blood of Innocence|Precious,2,33,"{""displayMode"": 3, ""name"": ""Heist Target: {0} ({1})"", ""type"": 47, ""values"": [[""Blood of Innocence"", 0], [""Precious"", 0]]"
properties,"Melee, Physical, Support, Attack",,0,,0,33,"{""displayMode"": 0, ""name"": ""Melee, Physical, Support, Attack"", ""values"": []}"
properties,Requires Sacrifice: {#} {#},51,3,Exalted Orb|x#,2,33,"{""displayMode"": 3, ""name"": ""Requires Sacrifice: {0} {1}"", ""type"": 51, ""values"": [[""Exalted Orb"", 18], [""x4"", 0]]}"
properties,"Spell, Curse, Mark",,0,,0,33,"{""displayMode"": 0, ""name"": ""Spell, Curse, Mark"", ""values"": []}"
properties,"Attack, AoE, Melee, Movement, Travel, Slam",,0,,0,32,"{""displayMode"": 0, ""name"": ""Attack, AoE, Melee, Movement, Travel, Slam"", ""values"": []}"
properties,"Spell, AoE, Duration, Fire, Curse, Hex",,0,,0,32,"{""name"": ""Spell, AoE, Duration, Fire, Curse, Hex"", ""values"": [], ""displayMode"": 0}"
properties,"Aura, Support",,0,,0,31,"{""displayMode"": 0, ""name"": ""Aura, Support"", ""values"": []}"
properties,Heist Target: {#} ({#}),47,3,Staff of the First Sin Eater|Precious,2,31,"{""displayMode"": 3, ""name"": ""Heist Target: {0} ({1})"", ""type"": 47, ""values"": [[""Staff of the First Sin Eater"", 0], [""Prec"
properties,More Scarabs,89,0,#%,1,31,"{""displayMode"": 0, ""name"": ""More Scarabs"", ""type"": 89, ""values"": [[""+71%"", 1]]}"
properties,"AoE, Spell, Support",,0,,0,30,"{""displayMode"": 0, ""name"": ""AoE, Spell, Support"", ""values"": []}"
properties,Heist Target: {#} ({#}),47,3,Orbala's Fifth Adventure|Precious,2,30,"{""displayMode"": 3, ""name"": ""Heist Target: {0} ({1})"", ""type"": 47, ""values"": [[""Orbala's Fifth Adventure"", 0], [""Precious"
properties,Heist Target: {#} ({#}),47,3,Essence Burner|Precious,2,30,"{""displayMode"": 3, ""name"": ""Heist Target: {0} ({1})"", ""type"": 47, ""values"": [[""Essence Burner"", 0], [""Precious"", 0]]}"
properties,"Physical, Support",,0,,0,29,"{""displayMode"": 0, ""name"": ""Physical, Support"", ""values"": []}"
properties,"Spell, Aura, AoE, Stance, Physical",,0,,0,29,"{""displayMode"": 0, ""name"": ""Spell, Aura, AoE, Stance, Physical"", ""values"": []}"
properties,"Spell, AoE, Duration, Cold, Orb",,0,,0,28,"{""displayMode"": 0, ""name"": ""Spell, AoE, Duration, Cold, Orb"", ""values"": []}"
properties,"Spell, AoE, Duration, Fire",,0,,0,28,"{""displayMode"": 0, ""name"": ""Spell, AoE, Duration, Fire"", ""values"": []}"
properties,"Spell, Herald, Minion, Chaos, Physical",,0,,0,28,"{""displayMode"": 0, ""name"": ""Spell, Herald, Minion, Chaos, Physical"", ""values"": []}"
properties,Heist Target: {#} ({#}),47,3,Dekhara's Resolve|Precious,2,27,"{""displayMode"": 3, ""name"": ""Heist Target: {0} ({1})"", ""type"": 47, ""values"": [[""Dekhara's Resolve"", 0], [""Precious"", 0]]}"
properties,"Travel, AoE, Chaos, Movement, Blink, Spell, Duration",,0,,0,27,"{""displayMode"": 0, ""name"": ""Travel, AoE, Chaos, Movement, Blink, Spell, Duration"", ""values"": []}"
properties,"Attack, Melee, Support",,0,,0,26,"{""displayMode"": 0, ""name"": ""Attack, Melee, Support"", ""values"": []}"
properties,"Attack, Projectile, Vaal",,0,,0,26,"{""displayMode"": 0, ""name"": ""Attack, Projectile, Vaal"", ""values"": []}"
properties,Group,22,0,Felines,1,26,"{""displayMode"": 0, ""name"": ""Group"", ""type"": 22, ""values"": [[""Felines"", 0]]}"
properties,"Projectile, Attack, Physical, Chaos, Support",,0,,0,26,"{""displayMode"": 0, ""name"": ""Projectile, Attack, Physical, Chaos, Support"", ""values"": []}"
properties,"Spell, AoE, Duration, Fire, Lightning, Physical",,0,,0,26,"{""name"": ""Spell, AoE, Duration, Fire, Lightning, Physical"", ""values"": [], ""displayMode"": 0}"
properties,"Spell, AoE, Vaal, Fire",,0,,0,26,"{""displayMode"": 0, ""name"": ""Spell, AoE, Vaal, Fire"", ""values"": []}"
properties,"Spell, Chaos, AoE, Duration, Vaal, Nova, Channelling",,0,,0,26,"{""displayMode"": 0, ""name"": ""Spell, Chaos, AoE, Duration, Vaal, Nova, Channelling"", ""values"": []}"
properties,Group,22,0,Crustaceans,1,25,"{""displayMode"": 0, ""name"": ""Group"", ""type"": 22, ""values"": [[""Crustaceans"", 0]]}"
properties,"Spell, AoE, Duration, Chaos, Curse, Hex",,0,,0,25,"{""name"": ""Spell, AoE, Duration, Chaos, Curse, Hex"", ""values"": [], ""displayMode"": 0}"
properties,"Spell, Herald, Minion, Duration, Physical",,0,,0,25,"{""displayMode"": 0, ""name"": ""Spell, Herald, Minion, Duration, Physical"", ""values"": []}"
properties,"Spell, Lightning, Chaining",,0,,0,25,"{""displayMode"": 0, ""name"": ""Spell, Lightning, Chaining"", ""values"": []}"
properties,"Spell, Projectile, Duration, Chaos, AoE",,0,,0,25,"{""displayMode"": 0, ""name"": ""Spell, Projectile, Duration, Chaos, AoE"", ""values"": []}"
properties,"Trigger, Spell, Duration, Brand",,0,,0,25,"{""displayMode"": 0, ""name"": ""Trigger, Spell, Duration, Brand"", ""values"": []}"
properties,Client,,0,Faustus,1,24,"{""displayMode"": 0, ""name"": ""Client"", ""values"": [[""Faustus"", 0]]}"
properties,Group,22,0,Cephalopods,1,24,"{""displayMode"": 0, ""name"": ""Group"", ""type"": 22, ""values"": [[""Cephalopods"", 0]]}"
properties,Heist Target: {#},47,3,Kill Admiral Darnaw,1,24,"{""displayMode"": 3, ""name"": ""Heist Target: {0}"", ""type"": 47, ""values"": [[""Kill Admiral Darnaw"", 0]]}"
properties,More Currency,90,0,#%,1,24,"{""displayMode"": 0, ""name"": ""More Currency"", ""type"": 90, ""values"": [[""+47%"", 1]]}"
properties,Requires Sacrifice: {#} {#},51,3,Orb of Unmaking|x#,2,24,"{""displayMode"": 3, ""name"": ""Requires Sacrifice: {0} {1}"", ""type"": 51, ""values"": [[""Orb of Unmaking"", 18], [""x20"", 0]]}"
properties,"Spell, AoE, Cold, Duration, Nova",,0,,0,24,"{""displayMode"": 0, ""name"": ""Spell, AoE, Cold, Duration, Nova"", ""values"": []}"
properties,"Spell, AoE, Fire, Herald, Duration",,0,,0,24,"{""displayMode"": 0, ""name"": ""Spell, AoE, Fire, Herald, Duration"", ""values"": []}"
properties,"Attack, Melee, Strike, Duration, Vaal, Lightning, Projectile",,0,,0,23,"{""displayMode"": 0, ""name"": ""Attack, Melee, Strike, Duration, Vaal, Lightning, Projectile"", ""values"": []}"
properties,Group,22,0,Primates,1,23,"{""displayMode"": 0, ""name"": ""Group"", ""type"": 22, ""values"": [[""Primates"", 0]]}"
properties,"Spell, AoE, Cold, Herald",,0,,0,23,"{""displayMode"": 0, ""name"": ""Spell, AoE, Cold, Herald"", ""values"": []}"
properties,"Spell, Duration, Cold",,0,,0,23,"{""displayMode"": 0, ""name"": ""Spell, Duration, Cold"", ""values"": []}"
properties,"Attack, AoE, Melee, Slam",,0,,0,22,"{""displayMode"": 0, ""name"": ""Attack, AoE, Melee, Slam"", ""values"": []}"
properties,Genus,21,0,Hellions,1,22,"{""displayMode"": 0, ""name"": ""Genus"", ""type"": 21, ""values"": [[""Hellions"", 0]]}"
properties,"Lightning, Minion, Spell, Golem",,0,,0,22,"{""displayMode"": 0, ""name"": ""Lightning, Minion, Spell, Golem"", ""values"": []}"
properties,Quality (Resistance Modifiers),6,0,#%,1,22,"{""displayMode"": 0, ""name"": ""Quality (Resistance Modifiers)"", ""type"": 6, ""values"": [[""+10%"", 1]]}"
properties,"Spell, AoE, Duration, Vaal, Lightning",,0,,0,22,"{""displayMode"": 0, ""name"": ""Spell, AoE, Duration, Vaal, Lightning"", ""values"": []}"
properties,"Spell, Chaining, Physical, Duration",,0,,0,22,"{""displayMode"": 0, ""name"": ""Spell, Chaining, Physical, Duration"", ""values"": []}"
properties,"Spell, Duration, Link",,0,,0,22,"{""name"": ""Spell, Duration, Link"", ""values"": [], ""displayMode"": 0}"
properties,"Attack, AoE, Melee, Vaal, Slam",,0,,0,21,"{""displayMode"": 0, ""name"": ""Attack, AoE, Melee, Vaal, Slam"", ""values"": []}"
properties,"Attack, Projectile, AoE, Physical",,0,,0,21,"{""name"": ""Attack, Projectile, AoE, Physical"", ""values"": [], ""displayMode"": 0}"
properties,Family,23,0,The Sands,1,21,"{""displayMode"": 0, ""name"": ""Family"", ""type"": 23, ""values"": [[""The Sands"", 0]]}"
properties,"Minion, Spell",,0,,0,21,"{""displayMode"": 0, ""name"": ""Minion, Spell"", ""values"": []}"
properties,Replaces one {#} Passive Skill,,3,Small Strength,1,21,"{""displayMode"": 3, ""name"": ""Replaces one {0} Passive Skill"", ""values"": [[""Small Strength"", 0]]}"
properties,"Spell, AoE, Duration, Cold, Curse, Hex",,0,,0,21,"{""displayMode"": 0, ""name"": ""Spell, AoE, Duration, Cold, Curse, Hex"", ""values"": []}"
properties,"Spell, AoE, Physical, Lightning, Duration, Brand",,0,,0,21,"{""displayMode"": 0, ""name"": ""Spell, AoE, Physical, Lightning, Duration, Brand"", ""values"": []}"
properties,"Support, Channelling",,0,,0,21,"{""displayMode"": 0, ""name"": ""Support, Channelling"", ""values"": []}"
properties,"Chaos, Minion, Spell, Golem",,0,,0,20,"{""displayMode"": 0, ""name"": ""Chaos, Minion, Spell, Golem"", ""values"": []}"
properties,"Critical, Support, Mine",,0,,0,20,"{""displayMode"": 0, ""name"": ""Critical, Support, Mine"", ""values"": []}"
properties,Radius,24,0,Small,1,20,"{""displayMode"": 0, ""name"": ""Radius"", ""type"": 24, ""values"": [[""Small"", 0]]}"
properties,Reservation Override,,0,#% Mana,1,20,"{""displayMode"": 0, ""name"": ""Reservation Override"", ""values"": [[""35% Mana"", 0]]}"
properties,"Spell, AoE, Duration, Vaal, Cold",,0,,0,20,"{""displayMode"": 0, ""name"": ""Spell, AoE, Duration, Vaal, Cold"", ""values"": []}"
properties,"Spell, Duration, Movement, Physical, Travel",,0,,0,20,"{""displayMode"": 0, ""name"": ""Spell, Duration, Movement, Physical, Travel"", ""values"": []}"
properties,"Support, Hex, Aura",,0,,0,20,"{""displayMode"": 0, ""name"": ""Support, Hex, Aura"", ""values"": []}"
properties,"Attack, Melee, Strike, Duration, Vaal, Physical",,0,,0,19,"{""displayMode"": 0, ""name"": ""Attack, Melee, Strike, Duration, Vaal, Physical"", ""values"": []}"
properties,Inflicts Mana Burn every {#} Seconds,,3,#,1,19,"{""name"": ""Inflicts Mana Burn every {0} Seconds"", ""values"": [[""0.53"", 1]], ""displayMode"": 3}"
properties,"Lightning, Spell, AoE, Chaining, Duration, Brand",,0,,0,19,"{""displayMode"": 0, ""name"": ""Lightning, Spell, AoE, Chaining, Duration, Brand"", ""values"": []}"
properties,"Mine, Spell, AoE, Duration, Movement, Travel, Blink",,0,,0,19,"{""displayMode"": 0, ""name"": ""Mine, Spell, AoE, Duration, Movement, Travel, Blink"", ""values"": []}"
properties,"Spell, AoE, Cold, Nova",,0,,0,19,"{""displayMode"": 0, ""name"": ""Spell, AoE, Cold, Nova"", ""values"": []}"
properties,"Spell, AoE, Duration, Lightning, Curse, Hex",,0,,0,19,"{""displayMode"": 0, ""name"": ""Spell, AoE, Duration, Lightning, Curse, Hex"", ""values"": []}"
properties,"Spell, AoE, Vaal, Cold, Nova",,0,,0,19,"{""displayMode"": 0, ""name"": ""Spell, AoE, Vaal, Cold, Nova"", ""values"": []}"
properties,"Support, Minion, Duration",,0,,0,19,"{""name"": ""Support, Minion, Duration"", ""values"": [], ""displayMode"": 0}"
properties,{#} Second Cooldown when Deactivated,,3,#,1,19,"{""name"": ""{0} Second Cooldown when Deactivated"", ""values"": [[""5.80"", 1]], ""displayMode"": 3}"
properties,"Attack, AoE, Chaos, Duration, Projectile, Bow",,0,,0,18,"{""displayMode"": 0, ""name"": ""Attack, AoE, Chaos, Duration, Projectile, Bow"", ""values"": []}"
properties,"Attack, AoE, Melee, Duration, Vaal, Slam",,0,,0,18,"{""displayMode"": 0, ""name"": ""Attack, AoE, Melee, Duration, Vaal, Slam"", ""values"": []}"
properties,"Attack, Projectile, Physical",,0,,0,18,"{""name"": ""Attack, Projectile, Physical"", ""values"": [], ""displayMode"": 0}"
properties,Client,,0,Cardinal Uthelius,1,18,"{""displayMode"": 0, ""name"": ""Client"", ""values"": [[""Cardinal Uthelius"", 0]]}"
properties,Group,22,0,Avians,1,18,"{""displayMode"": 0, ""name"": ""Group"", ""type"": 22, ""values"": [[""Avians"", 0]]}"
properties,Heist Target: {#} ({#}),47,3,Golden Slave Idol|Priceless,2,18,"{""displayMode"": 3, ""name"": ""Heist Target: {0} ({1})"", ""type"": 47, ""values"": [[""Golden Slave Idol"", 0], [""Priceless"", 0]]"
properties,Limited to,,0,# Survival,1,18,"{""displayMode"": 0, ""name"": ""Limited to"", ""values"": [[""1 Survival"", 0]]}"
properties,"Spell, AoE, Fire, Duration, Brand",,0,,0,18,"{""displayMode"": 0, ""name"": ""Spell, AoE, Fire, Duration, Brand"", ""values"": []}"
properties,"Spell, AoE, Fire, Vaal, Duration",,0,,0,18,"{""displayMode"": 0, ""name"": ""Spell, AoE, Fire, Vaal, Duration"", ""values"": []}"
properties,"Spell, Chaining, Vaal, Lightning, Duration",,0,,0,18,"{""displayMode"": 0, ""name"": ""Spell, Chaining, Vaal, Lightning, Duration"", ""values"": []}"
properties,"Spell, Minion, Duration",,0,,0,18,"{""displayMode"": 0, ""name"": ""Spell, Minion, Duration"", ""values"": []}"
properties,"Spell, Stance",,0,,0,18,"{""displayMode"": 0, ""name"": ""Spell, Stance"", ""values"": []}"
properties,[Intangibility|Intangibility],110,0,#%,1,18,"{""name"": ""[Intangibility|Intangibility]"", ""values"": [[""35%"", 0]], ""displayMode"": 0, ""type"": 110}"
properties,"Bow, Attack, Support, Duration",,0,,0,17,"{""displayMode"": 0, ""name"": ""Bow, Attack, Support, Duration"", ""values"": []}"
properties,"Bow, Projectile, Support, Totem",,0,,0,17,"{""displayMode"": 0, ""name"": ""Bow, Projectile, Support, Totem"", ""values"": []}"
properties,"Cold, Fire, Lightning, Support, AoE",,0,,0,17,"{""displayMode"": 0, ""name"": ""Cold, Fire, Lightning, Support, AoE"", ""values"": []}"
properties,"Critical, Spell, AoE, Duration, Vaal, Physical",,0,,0,17,"{""displayMode"": 0, ""name"": ""Critical, Spell, AoE, Duration, Vaal, Physical"", ""values"": []}"
properties,"Spell, AoE, Aura, Physical",,0,,0,17,"{""displayMode"": 0, ""name"": ""Spell, AoE, Aura, Physical"", ""values"": []}"
properties,"Spell, AoE, Duration, Fire, Physical, Vaal, Guard",,0,,0,17,"{""displayMode"": 0, ""name"": ""Spell, AoE, Duration, Fire, Physical, Vaal, Guard"", ""values"": []}"
properties,"Spell, Chaos, AoE",,0,,0,17,"{""displayMode"": 0, ""name"": ""Spell, Chaos, AoE"", ""values"": []}"
properties,"Spell, Duration, Guard, Lightning, Arcane",,0,,0,17,"{""displayMode"": 0, ""name"": ""Spell, Duration, Guard, Lightning, Arcane"", ""values"": []}"
properties,"Spell, Projectile, AoE, Lightning",,0,,0,17,"{""displayMode"": 0, ""name"": ""Spell, Projectile, AoE, Lightning"", ""values"": []}"
properties,"Support, Melee, Attack, Strike, AoE",,0,,0,17,"{""displayMode"": 0, ""name"": ""Support, Melee, Attack, Strike, AoE"", ""values"": []}"
properties,"Support, Spell, Totem",,0,,0,17,"{""displayMode"": 0, ""name"": ""Support, Spell, Totem"", ""values"": []}"
properties,"Trap, Spell, Duration, AoE, Fire",,0,,0,17,"{""displayMode"": 0, ""name"": ""Trap, Spell, Duration, AoE, Fire"", ""values"": []}"
properties,"Attack, AoE, Chaos, Projectile",,0,,0,16,"{""displayMode"": 0, ""name"": ""Attack, AoE, Chaos, Projectile"", ""values"": []}"
properties,"Attack, Melee, Movement, Travel",,0,,0,16,"{""displayMode"": 0, ""name"": ""Attack, Melee, Movement, Travel"", ""values"": []}"
properties,"Physical, Minion, Spell, Golem",,0,,0,16,"{""displayMode"": 0, ""name"": ""Physical, Minion, Spell, Golem"", ""values"": []}"
properties,Quality (Life and Mana Modifiers),6,0,#%,1,16,"{""displayMode"": 0, ""name"": ""Quality (Life and Mana Modifiers)"", ""type"": 6, ""values"": [[""+20%"", 1]]}"
properties,"Spell, AoE, Fire, Duration, Projectile, Orb",,0,,0,16,"{""name"": ""Spell, AoE, Fire, Duration, Projectile, Orb"", ""values"": [], ""displayMode"": 0}"
properties,"Spell, Projectile, Duration, Lightning",,0,,0,16,"{""displayMode"": 0, ""name"": ""Spell, Projectile, Duration, Lightning"", ""values"": []}"
properties,"Support, Hex, Trigger",,0,,0,16,"{""displayMode"": 0, ""name"": ""Support, Hex, Trigger"", ""values"": []}"
properties,"Support, Melee, Attack, Strike",,0,,0,16,"{""displayMode"": 0, ""name"": ""Support, Melee, Attack, Strike"", ""values"": []}"
properties,"Support, Trap",,0,,0,16,"{""displayMode"": 0, ""name"": ""Support, Trap"", ""values"": []}"
properties,"Totem, Spell, Projectile, Fire, Channelling, Physical, AoE",,0,,0,16,"{""displayMode"": 0, ""name"": ""Totem, Spell, Projectile, Fire, Channelling, Physical, AoE"", ""values"": []}"
properties,"Trap, Support",,0,,0,16,"{""displayMode"": 0, ""name"": ""Trap, Support"", ""values"": []}"
properties,"Attack, AoE, Melee, Movement, Channelling",,0,,0,15,"{""displayMode"": 0, ""name"": ""Attack, AoE, Melee, Movement, Channelling"", ""values"": []}"
properties,"Attack, AoE, Melee, Physical",,0,,0,15,"{""displayMode"": 0, ""name"": ""Attack, AoE, Melee, Physical"", ""values"": []}"
properties,"Attack, Melee, AoE, Duration",,0,,0,15,"{""displayMode"": 0, ""name"": ""Attack, Melee, AoE, Duration"", ""values"": []}"
properties,"Attack, Melee, Strike",,0,,0,15,"{""displayMode"": 0, ""name"": ""Attack, Melee, Strike"", ""values"": []}"
properties,"Attack, Projectile, AoE, Duration, Chaos, Bow",,0,,0,15,"{""displayMode"": 0, ""name"": ""Attack, Projectile, AoE, Duration, Chaos, Bow"", ""values"": []}"
properties,"Critical, Spell, Curse, Mark",,0,,0,15,"{""displayMode"": 0, ""name"": ""Critical, Spell, Curse, Mark"", ""values"": []}"
properties,Elemental Damage,10,0,#-#|#-#|#-#,3,15,"{""displayMode"": 0, ""name"": ""Elemental Damage"", ""type"": 10, ""values"": [[""150-316"", 4], [""184-292"", 5], [""32-459"", 6]]}"
properties,Heist Target: {#} ({#}),47,3,Sword of the Inverse Relic|Priceless,2,15,"{""displayMode"": 3, ""name"": ""Heist Target: {0} ({1})"", ""type"": 47, ""values"": [[""Sword of the Inverse Relic"", 0], [""Pricel"
properties,"Mine, Spell, AoE, Lightning, Aura, Nova",,0,,0,15,"{""displayMode"": 0, ""name"": ""Mine, Spell, AoE, Lightning, Aura, Nova"", ""values"": []}"
properties,"Physical, Spell, Curse, Mark",,0,,0,15,"{""name"": ""Physical, Spell, Curse, Mark"", ""values"": [], ""displayMode"": 0}"
properties,"Slam, Support, Melee, Attack, Strike",,0,,0,15,"{""displayMode"": 0, ""name"": ""Slam, Support, Melee, Attack, Strike"", ""values"": []}"
properties,"Spell, AoE, Duration, Lightning, Herald",,0,,0,15,"{""displayMode"": 0, ""name"": ""Spell, AoE, Duration, Lightning, Herald"", ""values"": []}"
properties,"Totem, Spell",,0,,0,15,"{""displayMode"": 0, ""name"": ""Totem, Spell"", ""values"": []}"
properties,"Totem, Spell, AoE",,0,,0,15,"{""name"": ""Totem, Spell, AoE"", ""values"": [], ""displayMode"": 0}"
properties,"Trap, Spell, AoE, Fire, Physical",,0,,0,15,"{""displayMode"": 0, ""name"": ""Trap, Spell, AoE, Fire, Physical"", ""values"": []}"
properties,Ward,54,0,#,1,15,"{""displayMode"": 0, ""name"": ""Ward"", ""type"": 54, ""values"": [[""283"", 1]]}"
properties,"Attack, Melee, Strike, AoE, Duration, Lightning, Chaining",,0,,0,14,"{""displayMode"": 0, ""name"": ""Attack, Melee, Strike, AoE, Duration, Lightning, Chaining"", ""values"": []}"
properties,"Critical, Attack, Projectile, Vaal",,0,,0,14,"{""displayMode"": 0, ""name"": ""Critical, Attack, Projectile, Vaal"", ""values"": []}"
properties,"Critical, Cold, Minion, Spell, Golem",,0,,0,14,"{""displayMode"": 0, ""name"": ""Critical, Cold, Minion, Spell, Golem"", ""values"": []}"
properties,"Critical, Spell, AoE, Duration, Cold",,0,,0,14,"{""displayMode"": 0, ""name"": ""Critical, Spell, AoE, Duration, Cold"", ""values"": []}"
properties,Genus,21,0,Sand Spitters,1,14,"{""displayMode"": 0, ""name"": ""Genus"", ""type"": 21, ""values"": [[""Sand Spitters"", 0]]}"
properties,"Lightning, Arcane, Support, Spell",,0,,0,14,"{""displayMode"": 0, ""name"": ""Lightning, Arcane, Support, Spell"", ""values"": []}"
properties,"Mine, Critical, Spell, Projectile, Cold, Aura, AoE",,0,,0,14,"{""displayMode"": 0, ""name"": ""Mine, Critical, Spell, Projectile, Cold, Aura, AoE"", ""values"": []}"
properties,"Mine, Spell, Projectile, Fire, AoE, Aura, Nova",,0,,0,14,"{""displayMode"": 0, ""name"": ""Mine, Spell, Projectile, Fire, AoE, Aura, Nova"", ""values"": []}"
properties,Radius,24,0,Variable,1,14,"{""displayMode"": 0, ""name"": ""Radius"", ""type"": 24, ""values"": [[""Variable"", 1]]}"
properties,Requires Sacrifice: {#} {#},51,3,Orb of Annulment|x#,2,14,"{""displayMode"": 3, ""name"": ""Requires Sacrifice: {0} {1}"", ""type"": 51, ""values"": [[""Orb of Annulment"", 18], [""x1"", 0]]}"
properties,Requires Sacrifice: {#} {#},51,3,Gemcutter's Prism|x#,2,14,"{""displayMode"": 3, ""name"": ""Requires Sacrifice: {0} {1}"", ""type"": 51, ""values"": [[""Gemcutter's Prism"", 18], [""x10"", 0]]}"
properties,"Spell, AoE, Duration, Lightning, Arcane",,0,,0,14,"{""displayMode"": 0, ""name"": ""Spell, AoE, Duration, Lightning, Arcane"", ""values"": []}"
properties,"Spell, AoE, Duration, Physical",,0,,0,14,"{""displayMode"": 0, ""name"": ""Spell, AoE, Duration, Physical"", ""values"": []}"
properties,"Spell, AoE, Lightning",,0,,0,14,"{""displayMode"": 0, ""name"": ""Spell, AoE, Lightning"", ""values"": []}"
properties,"Spell, AoE, Physical",,0,,0,14,"{""displayMode"": 0, ""name"": ""Spell, AoE, Physical"", ""values"": []}"
properties,"Spell, AoE, Vaal, Fire, Channelling",,0,,0,14,"{""displayMode"": 0, ""name"": ""Spell, AoE, Vaal, Fire, Channelling"", ""values"": []}"
properties,"Spell, Minion, Duration, Fire",,0,,0,14,"{""name"": ""Spell, Minion, Duration, Fire"", ""values"": [], ""displayMode"": 0}"
properties,"Spell, Movement, Cold, Travel, AoE",,0,,0,14,"{""displayMode"": 0, ""name"": ""Spell, Movement, Cold, Travel, AoE"", ""values"": []}"
properties,"Spell, Projectile, Physical",,0,,0,14,"{""name"": ""Spell, Projectile, Physical"", ""values"": [], ""displayMode"": 0}"
properties,"Support, Aura",,0,,0,14,"{""displayMode"": 0, ""name"": ""Support, Aura"", ""values"": []}"
properties,"Support, Minion, Spell, Duration",,0,,0,14,"{""displayMode"": 0, ""name"": ""Support, Minion, Spell, Duration"", ""values"": []}"
properties,"Trap, Spell, Duration, AoE, Physical",,0,,0,14,"{""displayMode"": 0, ""name"": ""Trap, Spell, Duration, AoE, Physical"", ""values"": []}"
properties,"AoE, Spell, Duration, Aura, Physical",,0,,0,13,"{""displayMode"": 0, ""name"": ""AoE, Spell, Duration, Aura, Physical"", ""values"": []}"
properties,"AoE, Spell, Lightning, Channelling, Duration, Physical",,0,,0,13,"{""name"": ""AoE, Spell, Lightning, Channelling, Duration, Physical"", ""values"": [], ""displayMode"": 0}"
properties,"Attack, AoE, Melee, Duration, Vaal, Movement, Channelling",,0,,0,13,"{""displayMode"": 0, ""name"": ""Attack, AoE, Melee, Duration, Vaal, Movement, Channelling"", ""values"": []}"
properties,"Attack, Projectile, AoE, Vaal, Fire, Bow",,0,,0,13,"{""displayMode"": 0, ""name"": ""Attack, Projectile, AoE, Vaal, Fire, Bow"", ""values"": []}"
properties,"Attack, Projectile, Totem, Bow",,0,,0,13,"{""displayMode"": 0, ""name"": ""Attack, Projectile, Totem, Bow"", ""values"": []}"
properties,"Aura, Spell, AoE, Duration, Vaal, Fire",,0,,0,13,"{""displayMode"": 0, ""name"": ""Aura, Spell, AoE, Duration, Vaal, Fire"", ""values"": []}"
properties,"Chaos, Trigger, Spell, AoE, Duration, Hex",,0,,0,13,"{""displayMode"": 0, ""name"": ""Chaos, Trigger, Spell, AoE, Duration, Hex"", ""values"": []}"
properties,Client,,0,Castor Pollinius III,1,13,"{""displayMode"": 0, ""name"": ""Client"", ""values"": [[""Castor Pollinius III"", 0]]}"
properties,"Fire, Physical, Support",,0,,0,13,"{""displayMode"": 0, ""name"": ""Fire, Physical, Support"", ""values"": []}"
properties,Heist Target: {#} ({#}),47,3,Golden Xoplotli Idol|Priceless,2,13,"{""displayMode"": 3, ""name"": ""Heist Target: {0} ({1})"", ""type"": 47, ""values"": [[""Golden Xoplotli Idol"", 0], [""Priceless"", "
properties,Requires Sacrifice: {#} {#},51,3,Blessed Orb|x#,2,13,"{""displayMode"": 3, ""name"": ""Requires Sacrifice: {0} {1}"", ""type"": 51, ""values"": [[""Blessed Orb"", 18], [""x10"", 0]]}"
properties,Requires {#} Socketed Fossils,,3,#,1,13,"{""displayMode"": 3, ""name"": ""Requires {0} Socketed Fossils"", ""values"": [[""3"", 2]]}"
properties,"Spell, Chaining, Lightning",,0,,0,13,"{""displayMode"": 0, ""name"": ""Spell, Chaining, Lightning"", ""values"": []}"
properties,"Support, Aura, Blessing",,0,,0,13,"{""name"": ""Support, Aura, Blessing"", ""values"": [], ""displayMode"": 0}"
properties,"Support, Mine",,0,,0,13,"{""displayMode"": 0, ""name"": ""Support, Mine"", ""values"": []}"
properties,"Warcry, AoE, Duration, Physical",,0,,0,13,"{""displayMode"": 0, ""name"": ""Warcry, AoE, Duration, Physical"", ""values"": []}"
properties,"Attack, AoE, Melee, Cold, Slam",,0,,0,12,"{""displayMode"": 0, ""name"": ""Attack, AoE, Melee, Cold, Slam"", ""values"": []}"
properties,"Attack, AoE, Melee, Vaal",,0,,0,12,"{""displayMode"": 0, ""name"": ""Attack, AoE, Melee, Vaal"", ""values"": []}"
properties,"Attack, AoE, Projectile, Vaal, Bow",,0,,0,12,"{""displayMode"": 0, ""name"": ""Attack, AoE, Projectile, Vaal, Bow"", ""values"": []}"
properties,"Attack, Critical, Support",,0,,0,12,"{""displayMode"": 0, ""name"": ""Attack, Critical, Support"", ""values"": []}"
properties,"Attack, Projectile, Melee, Strike, Cold",,0,,0,12,"{""displayMode"": 0, ""name"": ""Attack, Projectile, Melee, Strike, Cold"", ""values"": []}"
properties,"Attack, Projectile, Melee, Strike, Lightning",,0,,0,12,"{""displayMode"": 0, ""name"": ""Attack, Projectile, Melee, Strike, Lightning"", ""values"": []}"
properties,Cast Time,,0,#s,1,12,"{""displayMode"": 0, ""name"": ""Cast Time"", ""values"": [[""0.70s"", 0]]}"
properties,"Chaos, Physical, Attack, Support, Duration",,0,,0,12,"{""displayMode"": 0, ""name"": ""Chaos, Physical, Attack, Support, Duration"", ""values"": []}"
properties,"Projectile, Spell, AoE, Vaal, Fire",,0,,0,12,"{""displayMode"": 0, ""name"": ""Projectile, Spell, AoE, Vaal, Fire"", ""values"": []}"
properties,Requires Sacrifice: {#} {#},51,3,Cartographer's Chisel|x#,2,12,"{""displayMode"": 3, ""name"": ""Requires Sacrifice: {0} {1}"", ""type"": 51, ""values"": [[""Cartographer's Chisel"", 18], [""x20"", "
properties,"Spell, AoE, Chaos, Hex",,0,,0,12,"{""displayMode"": 0, ""name"": ""Spell, AoE, Chaos, Hex"", ""values"": []}"
properties,"Spell, Fire, Duration, Channelling",,0,,0,12,"{""displayMode"": 0, ""name"": ""Spell, Fire, Duration, Channelling"", ""values"": []}"
properties,"Spell, Lightning",,0,,0,12,"{""displayMode"": 0, ""name"": ""Spell, Lightning"", ""values"": []}"
properties,"AoE, Support, Melee, Attack",,0,,0,11,"{""displayMode"": 0, ""name"": ""AoE, Support, Melee, Attack"", ""values"": []}"
properties,"Attack, AoE, Melee",,0,,0,11,"{""displayMode"": 0, ""name"": ""Attack, AoE, Melee"", ""values"": []}"
properties,"Attack, Minion, Duration, Melee, Strike",,0,,0,11,"{""displayMode"": 0, ""name"": ""Attack, Minion, Duration, Melee, Strike"", ""values"": []}"
properties,"Aura, Spell, AoE, Duration, Vaal, Lightning",,0,,0,11,"{""displayMode"": 0, ""name"": ""Aura, Spell, AoE, Duration, Vaal, Lightning"", ""values"": []}"
properties,Cost,,0,# Energy Shield,1,11,"{""displayMode"": 0, ""name"": ""Cost"", ""values"": [[""136 Energy Shield"", 0]]}"
properties,"Fire, Spell, AoE, Duration, Physical",,0,,0,11,"{""displayMode"": 0, ""name"": ""Fire, Spell, AoE, Duration, Physical"", ""values"": []}"
properties,"Fire, Support, AoE",,0,,0,11,"{""displayMode"": 0, ""name"": ""Fire, Support, AoE"", ""values"": []}"
properties,Genus,21,0,Goatmen,1,11,"{""displayMode"": 0, ""name"": ""Genus"", ""type"": 21, ""values"": [[""Goatmen"", 0]]}"
properties,Genus,21,0,Sea Witches,1,11,"{""displayMode"": 0, ""name"": ""Genus"", ""type"": 21, ""values"": [[""Sea Witches"", 0]]}"
properties,"Lightning, Melee, Attack, AoE, Duration, Strike, Aura",,0,,0,11,"{""displayMode"": 0, ""name"": ""Lightning, Melee, Attack, AoE, Duration, Strike, Aura"", ""values"": []}"
properties,"Lightning, Spell, AoE, Chaining, Orb",,0,,0,11,"{""displayMode"": 0, ""name"": ""Lightning, Spell, AoE, Chaining, Orb"", ""values"": []}"
properties,Quality (Elemental Damage Modifiers),6,0,#%,1,11,"{""displayMode"": 0, ""name"": ""Quality (Elemental Damage Modifiers)"", ""type"": 6, ""values"": [[""+20%"", 1]]}"
properties,Replaces one {#} Passive Skill,,3,Small Dexterity,1,11,"{""displayMode"": 3, ""name"": ""Replaces one {0} Passive Skill"", ""values"": [[""Small Dexterity"", 0]]}"
properties,"Spell, AoE, Duration, Chaos, Channelling",,0,,0,11,"{""displayMode"": 0, ""name"": ""Spell, AoE, Duration, Chaos, Channelling"", ""values"": []}"
properties,"Spell, AoE, Duration, Movement, Lightning, Travel",,0,,0,11,"{""displayMode"": 0, ""name"": ""Spell, AoE, Duration, Movement, Lightning, Travel"", ""values"": []}"
properties,"Spell, AoE, Fire, Duration",,0,,0,11,"{""displayMode"": 0, ""name"": ""Spell, AoE, Fire, Duration"", ""values"": []}"
properties,"Trap, Critical, Spell, Duration, AoE, Lightning",,0,,0,11,"{""displayMode"": 0, ""name"": ""Trap, Critical, Spell, Duration, AoE, Lightning"", ""values"": []}"
properties,"Trap, Spell, Duration, Physical",,0,,0,11,"{""displayMode"": 0, ""name"": ""Trap, Spell, Duration, Physical"", ""values"": []}"
properties,[Armour],16,0,#,1,11,"{""displayMode"": 0, ""name"": ""[Armour]"", ""type"": 16, ""values"": [[""66"", 0]]}"
properties,"Attack, AoE, Melee, Duration, Slam",,0,,0,10,"{""displayMode"": 0, ""name"": ""Attack, AoE, Melee, Duration, Slam"", ""values"": []}"
properties,"Attack, Projectile, AoE, Duration, Fire, Bow",,0,,0,10,"{""displayMode"": 0, ""name"": ""Attack, Projectile, AoE, Duration, Fire, Bow"", ""values"": []}"
properties,"Bow, Attack, Support, Projectile",,0,,0,10,"{""displayMode"": 0, ""name"": ""Bow, Attack, Support, Projectile"", ""values"": []}"
properties,"Critical, Spell, Projectile, Cold",,0,,0,10,"{""displayMode"": 0, ""name"": ""Critical, Spell, Projectile, Cold"", ""values"": []}"
properties,"Critical, Support, Spell, Trigger",,0,,0,10,"{""displayMode"": 0, ""name"": ""Critical, Support, Spell, Trigger"", ""values"": []}"
properties,"Fire, Minion, Spell, Golem",,0,,0,10,"{""displayMode"": 0, ""name"": ""Fire, Minion, Spell, Golem"", ""values"": []}"
properties,Group,22,0,Ursae,1,10,"{""displayMode"": 0, ""name"": ""Group"", ""type"": 22, ""values"": [[""Ursae"", 0]]}"
properties,"Movement, Support, Minion",,0,,0,10,"{""name"": ""Movement, Support, Minion"", ""values"": [], ""displayMode"": 0}"
properties,Replaces one {#} Passive Skill,,3,Small Intelligence,1,10,"{""displayMode"": 3, ""name"": ""Replaces one {0} Passive Skill"", ""values"": [[""Small Intelligence"", 0]]}"
properties,"Spell, AoE, Chaos, Projectile",,0,,0,10,"{""displayMode"": 0, ""name"": ""Spell, AoE, Chaos, Projectile"", ""values"": []}"
properties,"Spell, AoE, Fire, Projectile",,0,,0,10,"{""displayMode"": 0, ""name"": ""Spell, AoE, Fire, Projectile"", ""values"": []}"
properties,"Spell, AoE, Fire, Projectile, Chaining",,0,,0,10,"{""displayMode"": 0, ""name"": ""Spell, AoE, Fire, Projectile, Chaining"", ""values"": []}"
properties,"Spell, Chaos, AoE, Channelling, Duration",,0,,0,10,"{""displayMode"": 0, ""name"": ""Spell, Chaos, AoE, Channelling, Duration"", ""values"": []}"
properties,"Support, Chaining, Projectile",,0,,0,10,"{""displayMode"": 0, ""name"": ""Support, Chaining, Projectile"", ""values"": []}"
properties,"Totem, Spell, AoE, Physical, Nova",,0,,0,10,"{""displayMode"": 0, ""name"": ""Totem, Spell, AoE, Physical, Nova"", ""values"": []}"
properties,"Trap, Spell, AoE, Cold",,0,,0,10,"{""displayMode"": 0, ""name"": ""Trap, Spell, AoE, Cold"", ""values"": []}"
properties,[Flask],109,0,,0,10,"{""displayMode"": 0, ""name"": ""[Flask]"", ""type"": 109, ""values"": []}"
properties,"Attack, Duration, Melee, Strike, Chaos",,0,,0,9,"{""displayMode"": 0, ""name"": ""Attack, Duration, Melee, Strike, Chaos"", ""values"": []}"
properties,"Attack, Melee, AoE, Cold, Physical, Retaliation",,0,,0,9,"{""displayMode"": 0, ""name"": ""Attack, Melee, AoE, Cold, Physical, Retaliation"", ""values"": []}"
properties,"Attack, Melee, Strike, Movement, Duration",,0,,0,9,"{""displayMode"": 0, ""name"": ""Attack, Melee, Strike, Movement, Duration"", ""values"": []}"
properties,"Attack, Totem, AoE, Fire, Projectile, Bow",,0,,0,9,"{""displayMode"": 0, ""name"": ""Attack, Totem, AoE, Fire, Projectile, Bow"", ""values"": []}"
properties,"Aura, Spell, AoE, Duration, Vaal, Cold",,0,,0,9,"{""displayMode"": 0, ""name"": ""Aura, Spell, AoE, Duration, Vaal, Cold"", ""values"": []}"
properties,Genus,21,0,Cockerels,1,9,"{""displayMode"": 0, ""name"": ""Genus"", ""type"": 21, ""values"": [[""Cockerels"", 0]]}"
properties,Group,22,0,Canines,1,9,"{""displayMode"": 0, ""name"": ""Group"", ""type"": 22, ""values"": [[""Canines"", 0]]}"
properties,Map Area,105,0,Underground River,1,9,"{""displayMode"": 0, ""name"": ""Map Area"", ""type"": 105, ""values"": [[""Underground River"", 0]]}"
properties,"Mine, Support, AoE, Aura",,0,,0,9,"{""displayMode"": 0, ""name"": ""Mine, Support, AoE, Aura"", ""values"": []}"
properties,"Spell, AoE, Cold, Duration",,0,,0,9,"{""displayMode"": 0, ""name"": ""Spell, AoE, Cold, Duration"", ""values"": []}"
properties,"Spell, AoE, Duration, Curse, Physical, Hex",,0,,0,9,"{""displayMode"": 0, ""name"": ""Spell, AoE, Duration, Curse, Physical, Hex"", ""values"": []}"
properties,"Spell, Fire, Channelling, AoE",,0,,0,9,"{""name"": ""Spell, Fire, Channelling, AoE"", ""values"": [], ""displayMode"": 0}"
properties,"Spell, Totem, Fire",,0,,0,9,"{""name"": ""Spell, Totem, Fire"", ""values"": [], ""displayMode"": 0}"
properties,"Totem, Aura, Spell, AoE",,0,,0,9,"{""name"": ""Totem, Aura, Spell, AoE"", ""values"": [], ""displayMode"": 0}"
properties,"Trap, Critical, Spell, Projectile, Duration, Vaal, Lightning",,0,,0,9,"{""displayMode"": 0, ""name"": ""Trap, Critical, Spell, Projectile, Duration, Vaal, Lightning"", ""values"": []}"
properties,[EnergyShield|Energy Shield],18,0,#,1,9,"{""displayMode"": 0, ""name"": ""[EnergyShield|Energy Shield]"", ""type"": 18, ""values"": [[""103"", 1]]}"
properties,"Attack, AoE, Channelling, Melee",,0,,0,8,"{""displayMode"": 0, ""name"": ""Attack, AoE, Channelling, Melee"", ""values"": []}"
properties,"Attack, AoE, Melee, Slam, Duration",,0,,0,8,"{""displayMode"": 0, ""name"": ""Attack, AoE, Melee, Slam, Duration"", ""values"": []}"
properties,"Attack, AoE, Projectile, Lightning, Bow",,0,,0,8,"{""displayMode"": 0, ""name"": ""Attack, AoE, Projectile, Lightning, Bow"", ""values"": []}"
properties,"Attack, Melee, AoE, Physical",,0,,0,8,"{""name"": ""Attack, Melee, AoE, Physical"", ""values"": [], ""displayMode"": 0}"
properties,"Attack, Melee, AoE, Retaliation",,0,,0,8,"{""displayMode"": 0, ""name"": ""Attack, Melee, AoE, Retaliation"", ""values"": []}"
properties,"Attack, Melee, Strike, AoE, Duration, Physical",,0,,0,8,"{""displayMode"": 0, ""name"": ""Attack, Melee, Strike, AoE, Duration, Physical"", ""values"": []}"
properties,"Attack, Projectile, Fire, Bow",,0,,0,8,"{""displayMode"": 0, ""name"": ""Attack, Projectile, Fire, Bow"", ""values"": []}"
properties,"Cold, Spell, Channelling, AoE, Duration, Projectile, Orb",,0,,0,8,"{""displayMode"": 0, ""name"": ""Cold, Spell, Channelling, AoE, Duration, Projectile, Orb"", ""values"": []}"
properties,Cost Multiplier,,0,#%,1,8,"{""displayMode"": 0, ""name"": ""Cost Multiplier"", ""values"": [[""130%"", 0]]}"
properties,"Critical, Attack, Projectile",,0,,0,8,"{""name"": ""Critical, Attack, Projectile"", ""values"": [], ""displayMode"": 0}"
properties,Family,23,0,The Caverns,1,8,"{""displayMode"": 0, ""name"": ""Family"", ""type"": 23, ""values"": [[""The Caverns"", 0]]}"
properties,Genus,21,0,Gargantuans,1,8,"{""displayMode"": 0, ""name"": ""Genus"", ""type"": 21, ""values"": [[""Gargantuans"", 0]]}"
properties,Map Area,105,0,Dungeon,1,8,"{""displayMode"": 0, ""name"": ""Map Area"", ""type"": 105, ""values"": [[""Dungeon"", 0]]}"
properties,Map Area,105,0,Tropical Island,1,8,"{""displayMode"": 0, ""name"": ""Map Area"", ""type"": 105, ""values"": [[""Tropical Island"", 0]]}"
properties,"Movement, Spell, AoE, Fire, Travel",,0,,0,8,"{""displayMode"": 0, ""name"": ""Movement, Spell, AoE, Fire, Travel"", ""values"": []}"
properties,"Projectile, Spell, AoE, Fire",,0,,0,8,"{""displayMode"": 0, ""name"": ""Projectile, Spell, AoE, Fire"", ""values"": []}"
properties,Quality (Physical and Chaos Damage Modifiers),6,0,#%,1,8,"{""displayMode"": 0, ""name"": ""Quality (Physical and Chaos Damage Modifiers)"", ""type"": 6, ""values"": [[""+20%"", 1]]}"
properties,"Spell, Projectile, Duration, Vaal, Lightning",,0,,0,8,"{""displayMode"": 0, ""name"": ""Spell, Projectile, Duration, Vaal, Lightning"", ""values"": []}"
properties,"Attack, AoE, Lightning, Projectile, Bow",,0,,0,7,"{""displayMode"": 0, ""name"": ""Attack, AoE, Lightning, Projectile, Bow"", ""values"": []}"
properties,"Attack, AoE, Movement, Melee",,0,,0,7,"{""displayMode"": 0, ""name"": ""Attack, AoE, Movement, Melee"", ""values"": []}"
properties,"Attack, Melee, Strike, Cold",,0,,0,7,"{""displayMode"": 0, ""name"": ""Attack, Melee, Strike, Cold"", ""values"": []}"
properties,"Attack, Projectile, AoE",,0,,0,7,"{""displayMode"": 0, ""name"": ""Attack, Projectile, AoE"", ""values"": []}"
properties,"Attack, Projectile, Duration, Physical, Bow",,0,,0,7,"{""displayMode"": 0, ""name"": ""Attack, Projectile, Duration, Physical, Bow"", ""values"": []}"
properties,"Bow, Support, Trigger",,0,,0,7,"{""displayMode"": 0, ""name"": ""Bow, Support, Trigger"", ""values"": []}"
properties,"Critical, Spell, AoE, Lightning, Channelling",,0,,0,7,"{""name"": ""Critical, Spell, AoE, Lightning, Channelling"", ""values"": [], ""displayMode"": 0}"
properties,"Duration, Minion, Spell, Physical",,0,,0,7,"{""name"": ""Duration, Minion, Spell, Physical"", ""values"": [], ""displayMode"": 0}"
properties,Genus,21,0,Vultures,1,7,"{""displayMode"": 0, ""name"": ""Genus"", ""type"": 21, ""values"": [[""Vultures"", 0]]}"
properties,Genus,21,0,Shield Crabs,1,7,"{""displayMode"": 0, ""name"": ""Genus"", ""type"": 21, ""values"": [[""Shield Crabs"", 0]]}"
properties,Genus,21,0,Spawn,1,7,"{""displayMode"": 0, ""name"": ""Genus"", ""type"": 21, ""values"": [[""Spawn"", 0]]}"
properties,Group,22,0,Amphibians,1,7,"{""displayMode"": 0, ""name"": ""Group"", ""type"": 22, ""values"": [[""Amphibians"", 0]]}"
properties,"Lightning, Spell, AoE, Channelling, Physical",,0,,0,7,"{""name"": ""Lightning, Spell, AoE, Channelling, Physical"", ""values"": [], ""displayMode"": 0}"
properties,Map Area,105,0,City Square,1,7,"{""name"": ""Map Area"", ""values"": [[""City Square"", 0]], ""displayMode"": 0, ""type"": 105}"
properties,Map Area,105,0,Thicket,1,7,"{""displayMode"": 0, ""name"": ""Map Area"", ""type"": 105, ""values"": [[""Thicket"", 0]]}"
properties,Map Area,105,0,Waste Pool,1,7,"{""displayMode"": 0, ""name"": ""Map Area"", ""type"": 105, ""values"": [[""Waste Pool"", 0]]}"
properties,Replaces one {#} Passive Skill,,3,Mastery,1,7,"{""displayMode"": 3, ""name"": ""Replaces one {0} Passive Skill"", ""values"": [[""Mastery"", 0]]}"
properties,"Spell, AoE, Duration, Physical, Chaos, Orb",,0,,0,7,"{""displayMode"": 0, ""name"": ""Spell, AoE, Duration, Physical, Chaos, Orb"", ""values"": []}"
properties,"Spell, AoE, Fire, Channelling",,0,,0,7,"{""displayMode"": 0, ""name"": ""Spell, AoE, Fire, Channelling"", ""values"": []}"
properties,"Spell, Cold, Attack, Melee, AoE",,0,,0,7,"{""name"": ""Spell, Cold, Attack, Melee, AoE"", ""values"": [], ""displayMode"": 0}"
properties,"Spell, Projectile, AoE, Physical",,0,,0,7,"{""displayMode"": 0, ""name"": ""Spell, Projectile, AoE, Physical"", ""values"": []}"
properties,"Spell, Projectile, Duration, AoE, Cold",,0,,0,7,"{""displayMode"": 0, ""name"": ""Spell, Projectile, Duration, AoE, Cold"", ""values"": []}"
properties,"Support, Mark, Trigger",,0,,0,7,"{""name"": ""Support, Mark, Trigger"", ""values"": [], ""displayMode"": 0}"
properties,This item can be equipped by:\n{#},,3,"Huck, the Soldier\nTibbs, the Giant\nVinderi, the Dismantler",1,7,"{""displayMode"": 3, ""name"": ""This item can be equipped by:\n{0}"", ""values"": [[""Huck, the Soldier\nTibbs, the Giant\nVinde"
properties,"Trap, Critical, Spell, Projectile, Lightning",,0,,0,7,"{""displayMode"": 0, ""name"": ""Trap, Critical, Spell, Projectile, Lightning"", ""values"": []}"
properties,"Attack, Melee, Strike, Lightning, Cold, Fire, Projectile, AoE, Chaining, Prismatic",,0,,0,6,"{""displayMode"": 0, ""name"": ""Attack, Melee, Strike, Lightning, Cold, Fire, Projectile, AoE, Chaining, Prismatic"", ""values"
properties,"Attack, Melee, Strike, Physical",,0,,0,6,"{""displayMode"": 0, ""name"": ""Attack, Melee, Strike, Physical"", ""values"": []}"
properties,"Attack, Projectile, AoE, Bow",,0,,0,6,"{""displayMode"": 0, ""name"": ""Attack, Projectile, AoE, Bow"", ""values"": []}"
properties,"Chaos, Spell, AoE, Duration, Projectile",,0,,0,6,"{""displayMode"": 0, ""name"": ""Chaos, Spell, AoE, Duration, Projectile"", ""values"": []}"
properties,"Critical, Spell, Duration, Link",,0,,0,6,"{""name"": ""Critical, Spell, Duration, Link"", ""values"": [], ""displayMode"": 0}"
properties,"Critical, Support, Trap",,0,,0,6,"{""displayMode"": 0, ""name"": ""Critical, Support, Trap"", ""values"": []}"
properties,"Fire, Melee, Attack, AoE, Movement, Duration, Slam",,0,,0,6,"{""displayMode"": 0, ""name"": ""Fire, Melee, Attack, AoE, Movement, Duration, Slam"", ""values"": []}"
properties,Genus,21,0,Apes,1,6,"{""displayMode"": 0, ""name"": ""Genus"", ""type"": 21, ""values"": [[""Apes"", 0]]}"
properties,"Lightning, Physical, Support",,0,,0,6,"{""name"": ""Lightning, Physical, Support"", ""values"": [], ""displayMode"": 0}"
properties,Map Area,105,0,Reef,1,6,"{""displayMode"": 0, ""name"": ""Map Area"", ""type"": 105, ""values"": [[""Reef"", 0]]}"
properties,Map Area,105,0,Barrows,1,6,"{""displayMode"": 0, ""name"": ""Map Area"", ""type"": 105, ""values"": [[""Barrows"", 0]]}"
properties,"Mine, Spell",,0,,0,6,"{""name"": ""Mine, Spell"", ""values"": [], ""displayMode"": 0}"
properties,Quality (Caster Modifiers),6,0,#%,1,6,"{""displayMode"": 0, ""name"": ""Quality (Caster Modifiers)"", ""type"": 6, ""values"": [[""+182%"", 1]]}"
properties,Requires {#} Socketed Fossil,,3,#,1,6,"{""displayMode"": 3, ""name"": ""Requires {0} Socketed Fossil"", ""values"": [[""1"", 2]]}"
properties,Reward: {#},52,3,Perfidy,1,6,"{""displayMode"": 3, ""name"": ""Reward: {0}"", ""type"": 52, ""values"": [[""Perfidy"", 10]]}"
properties,Ring,109,0,,0,6,"{""displayMode"": 0, ""name"": ""Ring"", ""type"": 109, ""values"": []}"
properties,"Slam, Attack, Melee, AoE, Support",,0,,0,6,"{""displayMode"": 0, ""name"": ""Slam, Attack, Melee, AoE, Support"", ""values"": []}"
properties,"Spell, AoE, Fire, Cold, Lightning, Nova",,0,,0,6,"{""displayMode"": 0, ""name"": ""Spell, AoE, Fire, Cold, Lightning, Nova"", ""values"": []}"
properties,"Spell, AoE, Physical, Duration",,0,,0,6,"{""displayMode"": 0, ""name"": ""Spell, AoE, Physical, Duration"", ""values"": []}"
properties,"Spell, Curse, Mark, AoE, Duration, Fire, Chaos",,0,,0,6,"{""displayMode"": 0, ""name"": ""Spell, Curse, Mark, AoE, Duration, Fire, Chaos"", ""values"": []}"
properties,"Spell, Duration, Minion",,0,,0,6,"{""name"": ""Spell, Duration, Minion"", ""values"": [], ""displayMode"": 0}"
properties,"Spell, Duration, Physical, AoE, Orb",,0,,0,6,"{""displayMode"": 0, ""name"": ""Spell, Duration, Physical, AoE, Orb"", ""values"": []}"
properties,"Spell, Minion, Duration, Physical, Lightning, AoE",,0,,0,6,"{""name"": ""Spell, Minion, Duration, Physical, Lightning, AoE"", ""values"": [], ""displayMode"": 0}"
properties,"Support, Channelling, Spell, Trigger",,0,,0,6,"{""displayMode"": 0, ""name"": ""Support, Channelling, Spell, Trigger"", ""values"": []}"
properties,"Support, Projectile, Spell",,0,,0,6,"{""displayMode"": 0, ""name"": ""Support, Projectile, Spell"", ""values"": []}"
properties,"Support, Totem, Spell, AoE, Fire, Projectile, Trigger",,0,,0,6,"{""name"": ""Support, Totem, Spell, AoE, Fire, Projectile, Trigger"", ""values"": [], ""displayMode"": 0}"
properties,This item can be equipped by:\n{#},,3,"Niles, the Interrogator\nGianna, the Master of Disguise",1,6,"{""displayMode"": 3, ""name"": ""This item can be equipped by:\n{0}"", ""values"": [[""Niles, the Interrogator\nGianna, the Maste"
properties,"Trap, Attack, AoE",,0,,0,6,"{""displayMode"": 0, ""name"": ""Trap, Attack, AoE"", ""values"": []}"
properties,"Warcry, AoE, Duration, Fire, Attack, Melee, Trigger",,0,,0,6,"{""displayMode"": 0, ""name"": ""Warcry, AoE, Duration, Fire, Attack, Melee, Trigger"", ""values"": []}"
properties,[Critical|Critical Hit] Chance,,0,#%,1,6,"{""displayMode"": 0, ""name"": ""[Critical|Critical Hit] Chance"", ""values"": [[""5.00%"", 0]]}"
properties,[Evasion|Evasion Rating],17,0,#,1,6,"{""displayMode"": 0, ""name"": ""[Evasion|Evasion Rating]"", ""type"": 17, ""values"": [[""16"", 1]]}"
properties,Attack Damage,,0,#%,1,5,"{""displayMode"": 0, ""name"": ""Attack Damage"", ""values"": [[""110%"", 0]]}"
properties,"Attack, AoE, Projectile, Bow",,0,,0,5,"{""displayMode"": 0, ""name"": ""Attack, AoE, Projectile, Bow"", ""values"": []}"
properties,"Attack, Melee, Strike, AoE, Duration, Chaos",,0,,0,5,"{""displayMode"": 0, ""name"": ""Attack, Melee, Strike, AoE, Duration, Chaos"", ""values"": []}"
properties,"Attack, Projectile, AoE, Melee, Strike, Fire",,0,,0,5,"{""displayMode"": 0, ""name"": ""Attack, Projectile, AoE, Melee, Strike, Fire"", ""values"": []}"
properties,"Attack, Projectile, Channelling, Chaos, Bow",,0,,0,5,"{""displayMode"": 0, ""name"": ""Attack, Projectile, Channelling, Chaos, Bow"", ""values"": []}"
properties,"Attack, Projectile, Duration, AoE",,0,,0,5,"{""displayMode"": 0, ""name"": ""Attack, Projectile, Duration, AoE"", ""values"": []}"
properties,Belt,109,0,,0,5,"{""displayMode"": 0, ""name"": ""Belt"", ""type"": 109, ""values"": []}"
properties,Body Armour,109,0,,0,5,"{""displayMode"": 0, ""name"": ""Body Armour"", ""type"": 109, ""values"": []}"
properties,Boots,109,0,,0,5,"{""displayMode"": 0, ""name"": ""Boots"", ""type"": 109, ""values"": []}"
properties,"Brand, Spell",,0,,0,5,"{""displayMode"": 0, ""name"": ""Brand, Spell"", ""values"": []}"
properties,Client,,0,Kurai,1,5,"{""displayMode"": 0, ""name"": ""Client"", ""values"": [[""Kurai"", 0]]}"
properties,"Cold, Fire, Support",,0,,0,5,"{""displayMode"": 0, ""name"": ""Cold, Fire, Support"", ""values"": []}"
properties,"Critical, Attack, Melee, Strike",,0,,0,5,"{""displayMode"": 0, ""name"": ""Critical, Attack, Melee, Strike"", ""values"": []}"
properties,Genus,21,0,Wolves,1,5,"{""displayMode"": 0, ""name"": ""Genus"", ""type"": 21, ""values"": [[""Wolves"", 0]]}"
properties,Genus,21,0,Gem Frogs,1,5,"{""displayMode"": 0, ""name"": ""Genus"", ""type"": 21, ""values"": [[""Gem Frogs"", 0]]}"
properties,Group,22,0,Unnaturals,1,5,"{""displayMode"": 0, ""name"": ""Group"", ""type"": 22, ""values"": [[""Unnaturals"", 0]]}"
properties,Group,22,0,Arachnids,1,5,"{""displayMode"": 0, ""name"": ""Group"", ""type"": 22, ""values"": [[""Arachnids"", 0]]}"
properties,Heist Target: {#},47,3,Defeat the Vox Twins,1,5,"{""displayMode"": 3, ""name"": ""Heist Target: {0}"", ""type"": 47, ""values"": [[""Defeat the Vox Twins"", 0]]}"
properties,"Lightning, Attack, Projectile, AoE, Bow",,0,,0,5,"{""displayMode"": 0, ""name"": ""Lightning, Attack, Projectile, AoE, Bow"", ""values"": []}"
properties,Map Area,105,0,Siege,1,5,"{""name"": ""Map Area"", ""values"": [[""Siege"", 0]], ""displayMode"": 0, ""type"": 105}"
properties,Map Area,105,0,Defiled Cathedral,1,5,"{""displayMode"": 0, ""name"": ""Map Area"", ""type"": 105, ""values"": [[""Defiled Cathedral"", 0]]}"
properties,Map Area,105,0,Racecourse,1,5,"{""displayMode"": 0, ""name"": ""Map Area"", ""type"": 105, ""values"": [[""Racecourse"", 0]]}"
properties,"Minion, Spell, AoE, Chaining, Chaos, Nova",,0,,0,5,"{""displayMode"": 0, ""name"": ""Minion, Spell, AoE, Chaining, Chaos, Nova"", ""values"": []}"
properties,Monster Level,34,0,#,1,5,"{""displayMode"": 0, ""name"": ""Monster Level"", ""type"": 34, ""values"": [[""83"", 0]]}"
properties,"Movement, Spell, AoE, Fire, Travel, Minion",,0,,0,5,"{""displayMode"": 0, ""name"": ""Movement, Spell, AoE, Fire, Travel, Minion"", ""values"": []}"
properties,Requires Sacrifice: {#} {#},51,3,The Primordial|x#,2,5,"{""displayMode"": 3, ""name"": ""Requires Sacrifice: {0} {1}"", ""type"": 51, ""values"": [[""The Primordial"", 20], [""x3"", 19]]}"
properties,Requires Sacrifice: {#} {#},51,3,Orb of Regret|x#,2,5,"{""displayMode"": 3, ""name"": ""Requires Sacrifice: {0} {1}"", ""type"": 51, ""values"": [[""Orb of Regret"", 18], [""x20"", 0]]}"
properties,Requires {#},,3,"Kurai, the Administrator",1,5,"{""displayMode"": 3, ""name"": ""Requires {0}"", ""values"": [[""Kurai, the Administrator"", 0]]}"
properties,"Spell, AoE, Cold, Duration, Brand",,0,,0,5,"{""displayMode"": 0, ""name"": ""Spell, AoE, Cold, Duration, Brand"", ""values"": []}"
properties,"Spell, AoE, Cold, Physical",,0,,0,5,"{""displayMode"": 0, ""name"": ""Spell, AoE, Cold, Physical"", ""values"": []}"
properties,"Spell, AoE, Duration, Cold, Orb, Lightning, Physical",,0,,0,5,"{""displayMode"": 0, ""name"": ""Spell, AoE, Duration, Cold, Orb, Lightning, Physical"", ""values"": []}"
properties,"Spell, AoE, Duration, Lightning",,0,,0,5,"{""displayMode"": 0, ""name"": ""Spell, AoE, Duration, Lightning"", ""values"": []}"
properties,"Support, Aura, Blessing, Minion",,0,,0,5,"{""displayMode"": 0, ""name"": ""Support, Aura, Blessing, Minion"", ""values"": []}"
properties,"Support, Melee, Attack",,0,,0,5,"{""name"": ""Support, Melee, Attack"", ""values"": [], ""displayMode"": 0}"
properties,"Support, Melee, Attack, AoE",,0,,0,5,"{""displayMode"": 0, ""name"": ""Support, Melee, Attack, AoE"", ""values"": []}"
properties,"Support, Melee, Attack, Duration",,0,,0,5,"{""displayMode"": 0, ""name"": ""Support, Melee, Attack, Duration"", ""values"": []}"
properties,"Warcry, Trigger, Spell",,0,,0,5,"{""displayMode"": 0, ""name"": ""Warcry, Trigger, Spell"", ""values"": []}"
properties,"Attack, AoE, Melee, Strike, Fire, Duration",,0,,0,4,"{""displayMode"": 0, ""name"": ""Attack, AoE, Melee, Strike, Fire, Duration"", ""values"": []}"
properties,"Attack, Melee, Strike, Fire, Cold, Lightning, AoE, Prismatic",,0,,0,4,"{""displayMode"": 0, ""name"": ""Attack, Melee, Strike, Fire, Cold, Lightning, AoE, Prismatic"", ""values"": []}"
properties,"Attack, Minion, Duration, Movement, Travel, Prismatic, Bow",,0,,0,4,"{""displayMode"": 0, ""name"": ""Attack, Minion, Duration, Movement, Travel, Prismatic, Bow"", ""values"": []}"
properties,"Attack, Projectile, AoE, Cold, Bow",,0,,0,4,"{""displayMode"": 0, ""name"": ""Attack, Projectile, AoE, Cold, Bow"", ""values"": []}"
properties,"Attack, Projectile, Chaos",,0,,0,4,"{""displayMode"": 0, ""name"": ""Attack, Projectile, Chaos"", ""values"": []}"
properties,"Chaos, Spell, Projectile",,0,,0,4,"{""name"": ""Chaos, Spell, Projectile"", ""values"": [], ""displayMode"": 0}"
properties,Cost,,0,#% Mana,1,4,"{""displayMode"": 0, ""name"": ""Cost"", ""values"": [[""5% Mana"", 0]]}"
properties,"Exceptional, Channelling, Spell, Pact, Lightning, AoE, Trigger",,0,,0,4,"{""name"": ""Exceptional, Channelling, Spell, Pact, Lightning, AoE, Trigger"", ""values"": [], ""displayMode"": 0}"
properties,"Fire, Attack, AoE, Melee, Slam",,0,,0,4,"{""displayMode"": 0, ""name"": ""Fire, Attack, AoE, Melee, Slam"", ""values"": []}"
properties,Genus,21,0,Lynxes,1,4,"{""displayMode"": 0, ""name"": ""Genus"", ""type"": 21, ""values"": [[""Lynxes"", 0]]}"
properties,Genus,21,0,Ape Chieftains,1,4,"{""displayMode"": 0, ""name"": ""Genus"", ""type"": 21, ""values"": [[""Ape Chieftains"", 0]]}"
properties,Genus,21,0,Goliaths,1,4,"{""displayMode"": 0, ""name"": ""Genus"", ""type"": 21, ""values"": [[""Goliaths"", 0]]}"
properties,Genus,21,0,Watchers,1,4,"{""displayMode"": 0, ""name"": ""Genus"", ""type"": 21, ""values"": [[""Watchers"", 0]]}"
properties,Gloves,109,0,,0,4,"{""displayMode"": 0, ""name"": ""Gloves"", ""type"": 109, ""values"": []}"
properties,Helmet,109,0,,0,4,"{""displayMode"": 0, ""name"": ""Helmet"", ""type"": 109, ""values"": []}"
properties,"Lightning, Support, Duration",,0,,0,4,"{""displayMode"": 0, ""name"": ""Lightning, Support, Duration"", ""values"": []}"
properties,Map Area,105,0,Silo,1,4,"{""name"": ""Map Area"", ""values"": [[""Silo"", 0]], ""displayMode"": 0, ""type"": 105}"
properties,Map Area,105,0,Ramparts,1,4,"{""name"": ""Map Area"", ""values"": [[""Ramparts"", 0]], ""displayMode"": 0, ""type"": 105}"
properties,Map Area,105,0,Cemetery,1,4,"{""name"": ""Map Area"", ""values"": [[""Cemetery"", 0]], ""displayMode"": 0, ""type"": 105}"
properties,Map Area,105,0,Jungle Valley,1,4,"{""displayMode"": 0, ""name"": ""Map Area"", ""type"": 105, ""values"": [[""Jungle Valley"", 0]]}"
properties,Map Area,105,0,Mesa,1,4,"{""displayMode"": 0, ""name"": ""Map Area"", ""type"": 105, ""values"": [[""Mesa"", 0]]}"
properties,Map Area,105,0,Leyline,1,4,"{""displayMode"": 0, ""name"": ""Map Area"", ""type"": 105, ""values"": [[""Leyline"", 0]]}"
properties,Map Area,105,0,Strand,1,4,"{""displayMode"": 0, ""name"": ""Map Area"", ""type"": 105, ""values"": [[""Strand"", 0]]}"
properties,Monsters,107,0,#,1,4,"{""displayMode"": 0, ""name"": ""Monsters"", ""type"": 107, ""values"": [[""89"", 0]]}"
properties,"Movement, AoE, Channelling, Attack, Melee, Lightning",,0,,0,4,"{""displayMode"": 0, ""name"": ""Movement, AoE, Channelling, Attack, Melee, Lightning"", ""values"": []}"
properties,"Projectile, Support, Totem",,0,,0,4,"{""displayMode"": 0, ""name"": ""Projectile, Support, Totem"", ""values"": []}"
properties,Quality (Attack Modifiers),6,0,#%,1,4,"{""displayMode"": 0, ""name"": ""Quality (Attack Modifiers)"", ""type"": 6, ""values"": [[""+154%"", 1]]}"
properties,Quality (Defence Modifiers),6,0,#%,1,4,"{""displayMode"": 0, ""name"": ""Quality (Defence Modifiers)"", ""type"": 6, ""values"": [[""+20%"", 1]]}"
properties,Requires Sacrifice: {#},51,3,Belt of the Deceiver,1,4,"{""displayMode"": 3, ""name"": ""Requires Sacrifice: {0}"", ""type"": 51, ""values"": [[""Belt of the Deceiver"", 10]]}"
properties,Requires Sacrifice: {#},51,3,Poorjoy's Asylum,1,4,"{""displayMode"": 3, ""name"": ""Requires Sacrifice: {0}"", ""type"": 51, ""values"": [[""Poorjoy's Asylum"", 10]]}"
properties,Requires Sacrifice: {#},51,3,Dreamfeather,1,4,"{""displayMode"": 3, ""name"": ""Requires Sacrifice: {0}"", ""type"": 51, ""values"": [[""Dreamfeather"", 10]]}"
properties,Requires Sacrifice: {#} {#},51,3,Regal Orb|x#,2,4,"{""displayMode"": 3, ""name"": ""Requires Sacrifice: {0} {1}"", ""type"": 51, ""values"": [[""Regal Orb"", 18], [""x10"", 0]]}"
properties,Requires Sacrifice: {#} {#},51,3,The Undaunted|x#,2,4,"{""displayMode"": 3, ""name"": ""Requires Sacrifice: {0} {1}"", ""type"": 51, ""values"": [[""The Undaunted"", 20], [""x3"", 19]]}"
properties,Requires Sacrifice: {#} {#},51,3,The Encroaching Darkness|x#,2,4,"{""displayMode"": 3, ""name"": ""Requires Sacrifice: {0} {1}"", ""type"": 51, ""values"": [[""The Encroaching Darkness"", 20], [""x4"""
properties,Requires Sacrifice: {#} {#},51,3,Forbidden Power|x#,2,4,"{""displayMode"": 3, ""name"": ""Requires Sacrifice: {0} {1}"", ""type"": 51, ""values"": [[""Forbidden Power"", 20], [""x2"", 19]]}"
properties,Requires Sacrifice: {#} {#},51,3,The Pack Leader|x#,2,4,"{""displayMode"": 3, ""name"": ""Requires Sacrifice: {0} {1}"", ""type"": 51, ""values"": [[""The Pack Leader"", 20], [""x3"", 19]]}"
properties,Reservation,104,0,# [Spirit],1,4,"{""displayMode"": 0, ""name"": ""Reservation"", ""type"": 104, ""values"": [[""44 [Spirit]"", 0]]}"
properties,Reward: {#},52,3,Inpulsa's Broken Heart,1,4,"{""displayMode"": 3, ""name"": ""Reward: {0}"", ""type"": 52, ""values"": [[""Inpulsa's Broken Heart"", 10]]}"
properties,Reward: {#},52,3,Hand of Heresy,1,4,"{""displayMode"": 3, ""name"": ""Reward: {0}"", ""type"": 52, ""values"": [[""Hand of Heresy"", 10]]}"
properties,Reward: {#},52,3,The Supreme Truth,1,4,"{""displayMode"": 3, ""name"": ""Reward: {0}"", ""type"": 52, ""values"": [[""The Supreme Truth"", 10]]}"
properties,"Spell, AoE, Channelling, Lightning, Duration, Arcane",,0,,0,4,"{""displayMode"": 0, ""name"": ""Spell, AoE, Channelling, Lightning, Duration, Arcane"", ""values"": []}"
properties,"Spell, AoE, Chaos, Lightning, Nova, Duration",,0,,0,4,"{""displayMode"": 0, ""name"": ""Spell, AoE, Chaos, Lightning, Nova, Duration"", ""values"": []}"
properties,"Spell, AoE, Lightning, Arcane",,0,,0,4,"{""displayMode"": 0, ""name"": ""Spell, AoE, Lightning, Arcane"", ""values"": []}"
properties,"Spell, AoE, Lightning, Channelling",,0,,0,4,"{""displayMode"": 0, ""name"": ""Spell, AoE, Lightning, Channelling"", ""values"": []}"
properties,"Spell, AoE, Lightning, Physical, Retaliation",,0,,0,4,"{""displayMode"": 0, ""name"": ""Spell, AoE, Lightning, Physical, Retaliation"", ""values"": []}"
properties,This item can be equipped by:\n{#},,3,"Huck, the Soldier\nTibbs, the Giant",1,4,"{""displayMode"": 3, ""name"": ""This item can be equipped by:\n{0}"", ""values"": [[""Huck, the Soldier\nTibbs, the Giant"", 0]]}"
properties,This item can be equipped by:\n{#},,3,"Vinderi, the Dismantler",1,4,"{""displayMode"": 3, ""name"": ""This item can be equipped by:\n{0}"", ""values"": [[""Vinderi, the Dismantler"", 0]]}"
properties,"Trap, Attack, Projectile",,0,,0,4,"{""displayMode"": 0, ""name"": ""Trap, Attack, Projectile"", ""values"": []}"
properties,"Trigger, Spell, Duration, Link",,0,,0,4,"{""displayMode"": 0, ""name"": ""Trigger, Spell, Duration, Link"", ""values"": []}"
properties,[SupportGemCategory|Category],,0,Increased Area of Effect,1,4,"{""displayMode"": 0, ""name"": ""[SupportGemCategory|Category]"", ""values"": [[""Increased Area of Effect"", 0]]}"
properties,"[SupportGem|Support], [AoESkill|AoE]",,0,,0,4,"{""displayMode"": 0, ""name"": ""[SupportGem|Support], [AoESkill|AoE]"", ""values"": []}"
properties,,,4,,0,3,"{""name"": """", ""values"": [], ""displayMode"": 4}"
properties,Amulet,109,0,,0,3,"{""displayMode"": 0, ""name"": ""Amulet"", ""type"": 109, ""values"": []}"
properties,"Attack, AoE, Fire, Cold, Lightning, Projectile",,0,,0,3,"{""displayMode"": 0, ""name"": ""Attack, AoE, Fire, Cold, Lightning, Projectile"", ""values"": []}"
properties,"Attack, AoE, Melee, Lightning",,0,,0,3,"{""displayMode"": 0, ""name"": ""Attack, AoE, Melee, Lightning"", ""values"": []}"
properties,"Attack, Projectile, Chaos, Duration",,0,,0,3,"{""displayMode"": 0, ""name"": ""Attack, Projectile, Chaos, Duration"", ""values"": []}"
properties,"Attack, Support, Trigger, Duration, Spell",,0,,0,3,"{""displayMode"": 0, ""name"": ""Attack, Support, Trigger, Duration, Spell"", ""values"": []}"
properties,"Brand, Support",,0,,0,3,"{""displayMode"": 0, ""name"": ""Brand, Support"", ""values"": []}"
properties,Charm,109,0,,0,3,"{""displayMode"": 0, ""name"": ""Charm"", ""type"": 109, ""values"": []}"
properties,Charm Slots,,0,#,1,3,"{""displayMode"": 0, ""name"": ""Charm Slots"", ""values"": [[""1"", 0]]}"
properties,"Critical, Spell, AoE, Physical",,0,,0,3,"{""displayMode"": 0, ""name"": ""Critical, Spell, AoE, Physical"", ""values"": []}"
properties,"Critical, Support, Minion",,0,,0,3,"{""displayMode"": 0, ""name"": ""Critical, Support, Minion"", ""values"": []}"
properties,"Fire, AoE, Support, Minion",,0,,0,3,"{""displayMode"": 0, ""name"": ""Fire, AoE, Support, Minion"", ""values"": []}"
properties,"Fire, Attack, AoE, Projectile, Bow",,0,,0,3,"{""displayMode"": 0, ""name"": ""Fire, Attack, AoE, Projectile, Bow"", ""values"": []}"
properties,Genus,21,0,Leapers,1,3,"{""displayMode"": 0, ""name"": ""Genus"", ""type"": 21, ""values"": [[""Leapers"", 0]]}"
properties,Genus,21,0,Crabs,1,3,"{""displayMode"": 0, ""name"": ""Genus"", ""type"": 21, ""values"": [[""Crabs"", 0]]}"
properties,Genus,21,0,Scorpions,1,3,"{""displayMode"": 0, ""name"": ""Genus"", ""type"": 21, ""values"": [[""Scorpions"", 0]]}"
properties,Group,22,0,Reptiles,1,3,"{""displayMode"": 0, ""name"": ""Group"", ""type"": 22, ""values"": [[""Reptiles"", 0]]}"
properties,Group,22,0,Insects,1,3,"{""displayMode"": 0, ""name"": ""Group"", ""type"": 22, ""values"": [[""Insects"", 0]]}"
properties,Map Area,105,0,Lava Lake,1,3,"{""name"": ""Map Area"", ""values"": [[""Lava Lake"", 0]], ""displayMode"": 0, ""type"": 105}"
properties,Map Area,105,0,Toxic Sewer,1,3,"{""name"": ""Map Area"", ""values"": [[""Toxic Sewer"", 0]], ""displayMode"": 0, ""type"": 105}"
properties,Map Area,105,0,Beach,1,3,"{""name"": ""Map Area"", ""values"": [[""Beach"", 0]], ""displayMode"": 0, ""type"": 105}"
properties,Map Area,105,0,Bramble Valley,1,3,"{""displayMode"": 0, ""name"": ""Map Area"", ""type"": 105, ""values"": [[""Bramble Valley"", 0]]}"
properties,Map Area,105,0,Channel,1,3,"{""displayMode"": 0, ""name"": ""Map Area"", ""type"": 105, ""values"": [[""Channel"", 0]]}"
properties,Map Area,105,0,Temple,1,3,"{""displayMode"": 0, ""name"": ""Map Area"", ""type"": 105, ""values"": [[""Temple"", 0]]}"
properties,"Melee, Attack, Projectile, AoE, Slam, Fire",,0,,0,3,"{""displayMode"": 0, ""name"": ""Melee, Attack, Projectile, AoE, Slam, Fire"", ""values"": []}"
properties,"Projectile, Attack, Support",,0,,0,3,"{""displayMode"": 0, ""name"": ""Projectile, Attack, Support"", ""values"": []}"
properties,Quality (Prefix Modifiers),6,0,#%,1,3,"{""displayMode"": 0, ""name"": ""Quality (Prefix Modifiers)"", ""type"": 6, ""values"": [[""+20%"", 1]]}"
properties,Requires Sacrifice: {#},51,3,Jorrhast's Blacksteel,1,3,"{""displayMode"": 3, ""name"": ""Requires Sacrifice: {0}"", ""type"": 51, ""values"": [[""Jorrhast's Blacksteel"", 10]]}"
properties,Requires Sacrifice: {#},51,3,"Caer Blaidd, Wolfpack's Den",1,3,"{""displayMode"": 3, ""name"": ""Requires Sacrifice: {0}"", ""type"": 51, ""values"": [[""Caer Blaidd, Wolfpack's Den"", 10]]}"
properties,Requires Sacrifice: {#},51,3,Alpha's Howl,1,3,"{""displayMode"": 3, ""name"": ""Requires Sacrifice: {0}"", ""type"": 51, ""values"": [[""Alpha's Howl"", 10]]}"
properties,Requires Sacrifice: {#},51,3,Veil of the Night,1,3,"{""displayMode"": 3, ""name"": ""Requires Sacrifice: {0}"", ""type"": 51, ""values"": [[""Veil of the Night"", 10]]}"
properties,Requires Sacrifice: {#} {#},51,3,The Fox in the Brambles|x#,2,3,"{""displayMode"": 3, ""name"": ""Requires Sacrifice: {0} {1}"", ""type"": 51, ""values"": [[""The Fox in the Brambles"", 20], [""x4"","
properties,Requires Sacrifice: {#} {#},51,3,Checkmate|x#,2,3,"{""displayMode"": 3, ""name"": ""Requires Sacrifice: {0} {1}"", ""type"": 51, ""values"": [[""Checkmate"", 20], [""x4"", 19]]}"
properties,Requires Sacrifice: {#} {#},51,3,Arrogance of the Vaal|x#,2,3,"{""displayMode"": 3, ""name"": ""Requires Sacrifice: {0} {1}"", ""type"": 51, ""values"": [[""Arrogance of the Vaal"", 20], [""x4"", 1"
properties,Requires Sacrifice: {#} {#},51,3,Light and Truth|x#,2,3,"{""displayMode"": 3, ""name"": ""Requires Sacrifice: {0} {1}"", ""type"": 51, ""values"": [[""Light and Truth"", 20], [""x1"", 19]]}"
properties,Requires Sacrifice: {#} {#},51,3,The Last One Standing|x#,2,3,"{""displayMode"": 3, ""name"": ""Requires Sacrifice: {0} {1}"", ""type"": 51, ""values"": [[""The Last One Standing"", 20], [""x5"", 1"
properties,Requires Sacrifice: {#} {#},51,3,Prejudice|x#,2,3,"{""displayMode"": 3, ""name"": ""Requires Sacrifice: {0} {1}"", ""type"": 51, ""values"": [[""Prejudice"", 20], [""x4"", 19]]}"
properties,Requires Sacrifice: {#} {#},51,3,Haunting Shadows|x#,2,3,"{""displayMode"": 3, ""name"": ""Requires Sacrifice: {0} {1}"", ""type"": 51, ""values"": [[""Haunting Shadows"", 20], [""x2"", 19]]}"
properties,Requires Sacrifice: {#} {#},51,3,The Golden Era|x#,2,3,"{""displayMode"": 3, ""name"": ""Requires Sacrifice: {0} {1}"", ""type"": 51, ""values"": [[""The Golden Era"", 20], [""x4"", 19]]}"
properties,Requires Sacrifice: {#} {#},51,3,Demigod's Wager|x#,2,3,"{""displayMode"": 3, ""name"": ""Requires Sacrifice: {0} {1}"", ""type"": 51, ""values"": [[""Demigod's Wager"", 20], [""x4"", 19]]}"
properties,Requires Sacrifice: {#} {#},51,3,Alivia's Grace|x#,2,3,"{""displayMode"": 3, ""name"": ""Requires Sacrifice: {0} {1}"", ""type"": 51, ""values"": [[""Alivia's Grace"", 20], [""x3"", 19]]}"
properties,Requires Sacrifice: {#} {#},51,3,Buried Treasure|x#,2,3,"{""displayMode"": 3, ""name"": ""Requires Sacrifice: {0} {1}"", ""type"": 51, ""values"": [[""Buried Treasure"", 20], [""x2"", 19]]}"
properties,Requires Sacrifice: {#} {#},51,3,The Traitor|x#,2,3,"{""displayMode"": 3, ""name"": ""Requires Sacrifice: {0} {1}"", ""type"": 51, ""values"": [[""The Traitor"", 20], [""x2"", 19]]}"
properties,Requires Sacrifice: {#} {#},51,3,The Oath|x#,2,3,"{""displayMode"": 3, ""name"": ""Requires Sacrifice: {0} {1}"", ""type"": 51, ""values"": [[""The Oath"", 20], [""x3"", 19]]}"
properties,Reward: {#},52,3,Rigwald's Crest,1,3,"{""displayMode"": 3, ""name"": ""Reward: {0}"", ""type"": 52, ""values"": [[""Rigwald's Crest"", 10]]}"
properties,Reward: {#},52,3,Lycosidae,1,3,"{""displayMode"": 3, ""name"": ""Reward: {0}"", ""type"": 52, ""values"": [[""Lycosidae"", 10]]}"
properties,Reward: {#},52,3,Rebuke of the Vaal,1,3,"{""displayMode"": 3, ""name"": ""Reward: {0}"", ""type"": 52, ""values"": [[""Rebuke of the Vaal"", 10]]}"
properties,"Spell, AoE, Duration, Fire, Vaal",,0,,0,3,"{""displayMode"": 0, ""name"": ""Spell, AoE, Duration, Fire, Vaal"", ""values"": []}"
properties,"Spell, Duration, Link, Fire",,0,,0,3,"{""displayMode"": 0, ""name"": ""Spell, Duration, Link, Fire"", ""values"": []}"
properties,"Spell, Minion, Duration, Physical, Lightning, Vaal, AoE",,0,,0,3,"{""name"": ""Spell, Minion, Duration, Physical, Lightning, Vaal, AoE"", ""values"": [], ""displayMode"": 0}"
properties,"Spell, Physical, AoE, Duration",,0,,0,3,"{""displayMode"": 0, ""name"": ""Spell, Physical, AoE, Duration"", ""values"": []}"
properties,"Support, Hex",,0,,0,3,"{""displayMode"": 0, ""name"": ""Support, Hex"", ""values"": []}"
properties,This item can be equipped by:\n{#},,3,"Tibbs, the Giant",1,3,"{""displayMode"": 3, ""name"": ""This item can be equipped by:\n{0}"", ""values"": [[""Tibbs, the Giant"", 0]]}"
properties,This item can be equipped by:\n{#},,3,"Vinderi, the Dismantler\nIsla, the Engineer",1,3,"{""displayMode"": 3, ""name"": ""This item can be equipped by:\n{0}"", ""values"": [[""Vinderi, the Dismantler\nIsla, the Enginee"
properties,This item can be equipped by:\n{#},,3,"Karst, the Lockpick",1,3,"{""displayMode"": 3, ""name"": ""This item can be equipped by:\n{0}"", ""values"": [[""Karst, the Lockpick"", 0]]}"
properties,This item can be equipped by:\n{#},,3,"Tullina, the Catburglar",1,3,"{""displayMode"": 3, ""name"": ""This item can be equipped by:\n{0}"", ""values"": [[""Tullina, the Catburglar"", 0]]}"
properties,This item can be equipped by:\n{#},,3,"Karst, the Lockpick\nNenet, the Scout\nGianna, the Master of Disguise",1,3,"{""displayMode"": 3, ""name"": ""This item can be equipped by:\n{0}"", ""values"": [[""Karst, the Lockpick\nNenet, the Scout\nGia"
properties,This item can be equipped by:\n{#},,3,"Karst, the Lockpick\nHuck, the Soldier\nTullina, the Catburglar",1,3,"{""displayMode"": 3, ""name"": ""This item can be equipped by:\n{0}"", ""values"": [[""Karst, the Lockpick\nHuck, the Soldier\nTu"
properties,This item can be equipped by:\n{#},,3,"Niles, the Interrogator",1,3,"{""displayMode"": 3, ""name"": ""This item can be equipped by:\n{0}"", ""values"": [[""Niles, the Interrogator"", 0]]}"
properties,This item can be equipped by:\n{#},,3,"Nenet, the Scout",1,3,"{""displayMode"": 3, ""name"": ""This item can be equipped by:\n{0}"", ""values"": [[""Nenet, the Scout"", 0]]}"
properties,"Trap, Spell, Duration, AoE, Cold",,0,,0,3,"{""displayMode"": 0, ""name"": ""Trap, Spell, Duration, AoE, Cold"", ""values"": []}"
properties,"Warcry, Critical, Trigger, AoE, Duration",,0,,0,3,"{""displayMode"": 0, ""name"": ""Warcry, Critical, Trigger, AoE, Duration"", ""values"": []}"
properties,[Focus],109,0,,0,3,"{""displayMode"": 0, ""name"": ""[Focus]"", ""type"": 109, ""values"": []}"
properties,[Quality],6,0,#%,1,3,"{""displayMode"": 0, ""name"": ""[Quality]"", ""type"": 6, ""values"": [[""+6%"", 1]]}"
properties,"[Spell], [Minion], [AoESkill|AoE], [Physical], [DurationSkill|Duration], [Repeat|Repeatable]",,0,,0,3,"{""displayMode"": 0, ""name"": ""[Spell], [Minion], [AoESkill|AoE], [Physical], [DurationSkill|Duration], [Repeat|Repeatable]"
properties,[SupportGemCategory|Category],,0,Chain,1,3,"{""displayMode"": 0, ""name"": ""[SupportGemCategory|Category]"", ""values"": [[""Chain"", 0]]}"
properties,"[SupportGem|Support], [Projectile], [Chain|Chaining]",,0,,0,3,"{""displayMode"": 0, ""name"": ""[SupportGem|Support], [Projectile], [Chain|Chaining]"", ""values"": []}"
properties,"[SupportGem|Support], [Spell]",,0,,0,3,"{""displayMode"": 0, ""name"": ""[SupportGem|Support], [Spell]"", ""values"": []}"
properties,"Attack, AoE, Chaos, Projectile, Chaining",,0,,0,2,"{""displayMode"": 0, ""name"": ""Attack, AoE, Chaos, Projectile, Chaining"", ""values"": []}"
properties,"Attack, AoE, Projectile, Duration, Trigger",,0,,0,2,"{""displayMode"": 0, ""name"": ""Attack, AoE, Projectile, Duration, Trigger"", ""values"": []}"
properties,"Attack, Melee, AoE",,0,,0,2,"{""displayMode"": 0, ""name"": ""Attack, Melee, AoE"", ""values"": []}"
properties,"Attack, Melee, Slam, AoE, Retaliation",,0,,0,2,"{""displayMode"": 0, ""name"": ""Attack, Melee, Slam, AoE, Retaliation"", ""values"": []}"
properties,"Attack, Projectile, AoE, Chaos, Bow",,0,,0,2,"{""name"": ""Attack, Projectile, AoE, Chaos, Bow"", ""values"": [], ""displayMode"": 0}"
properties,"Attack, Projectile, Channelling, Physical, Bow",,0,,0,2,"{""displayMode"": 0, ""name"": ""Attack, Projectile, Channelling, Physical, Bow"", ""values"": []}"
properties,"Bow, Attack, Support, Projectile, Mine",,0,,0,2,"{""name"": ""Bow, Attack, Support, Projectile, Mine"", ""values"": [], ""displayMode"": 0}"
properties,"Chaos, Support, Spell",,0,,0,2,"{""displayMode"": 0, ""name"": ""Chaos, Support, Spell"", ""values"": []}"
properties,Cost,,0,#% Mana per second,1,2,"{""name"": ""Cost"", ""values"": [[""5% Mana per second"", 0]], ""displayMode"": 0}"
properties,"Critical, Attack, Melee, Strike, Cold",,0,,0,2,"{""displayMode"": 0, ""name"": ""Critical, Attack, Melee, Strike, Cold"", ""values"": []}"
properties,"Critical, Spell, Movement, Duration, Travel",,0,,0,2,"{""displayMode"": 0, ""name"": ""Critical, Spell, Movement, Duration, Travel"", ""values"": []}"
properties,"Duration, Physical, Attack, AoE, Projectile",,0,,0,2,"{""displayMode"": 0, ""name"": ""Duration, Physical, Attack, AoE, Projectile"", ""values"": []}"
properties,"Fire, Support, Melee, Attack",,0,,0,2,"{""displayMode"": 0, ""name"": ""Fire, Support, Melee, Attack"", ""values"": []}"
properties,From,48,0,Infested Valley,1,2,"{""displayMode"": 0, ""name"": ""From"", ""type"": 48, ""values"": [[""Infested Valley"", 0]]}"
properties,Genus,21,0,Karui Hounds,1,2,"{""displayMode"": 0, ""name"": ""Genus"", ""type"": 21, ""values"": [[""Karui Hounds"", 0]]}"
properties,Genus,21,0,Pitbulls,1,2,"{""displayMode"": 0, ""name"": ""Genus"", ""type"": 21, ""values"": [[""Pitbulls"", 0]]}"
properties,Genus,21,0,Retches,1,2,"{""displayMode"": 0, ""name"": ""Genus"", ""type"": 21, ""values"": [[""Retches"", 0]]}"
properties,Genus,21,0,Goat Shamans,1,2,"{""displayMode"": 0, ""name"": ""Genus"", ""type"": 21, ""values"": [[""Goat Shamans"", 0]]}"
properties,Genus,21,0,Plummeting Ursae,1,2,"{""displayMode"": 0, ""name"": ""Genus"", ""type"": 21, ""values"": [[""Plummeting Ursae"", 0]]}"
properties,Genus,21,0,Snakes,1,2,"{""displayMode"": 0, ""name"": ""Genus"", ""type"": 21, ""values"": [[""Snakes"", 0]]}"
properties,Genus,21,0,Maws,1,2,"{""displayMode"": 0, ""name"": ""Genus"", ""type"": 21, ""values"": [[""Maws"", 0]]}"
properties,Genus,21,0,Octopuses,1,2,"{""displayMode"": 0, ""name"": ""Genus"", ""type"": 21, ""values"": [[""Octopuses"", 0]]}"
properties,"Lightning, Melee, Attack, AoE, Duration, Strike, Aura, Vaal",,0,,0,2,"{""displayMode"": 0, ""name"": ""Lightning, Melee, Attack, AoE, Duration, Strike, Aura, Vaal"", ""values"": []}"
properties,Map Area,105,0,Port,1,2,"{""name"": ""Map Area"", ""values"": [[""Port"", 0]], ""displayMode"": 0, ""type"": 105}"
properties,Map Area,105,0,Malformation,1,2,"{""name"": ""Map Area"", ""values"": [[""Malformation"", 0]], ""displayMode"": 0, ""type"": 105}"
properties,Map Area,105,0,Fields,1,2,"{""name"": ""Map Area"", ""values"": [[""Fields"", 0]], ""displayMode"": 0, ""type"": 105}"
properties,Map Area,105,0,Pit,1,2,"{""displayMode"": 0, ""name"": ""Map Area"", ""type"": 105, ""values"": [[""Pit"", 0]]}"
properties,Map Area,105,0,Academy,1,2,"{""displayMode"": 0, ""name"": ""Map Area"", ""type"": 105, ""values"": [[""Academy"", 0]]}"
properties,Map Area,105,0,Estuary,1,2,"{""displayMode"": 0, ""name"": ""Map Area"", ""type"": 105, ""values"": [[""Estuary"", 0]]}"
properties,Map Area,105,0,Dunes,1,2,"{""displayMode"": 0, ""name"": ""Map Area"", ""type"": 105, ""values"": [[""Dunes"", 0]]}"
properties,Map Area,105,0,Coves,1,2,"{""displayMode"": 0, ""name"": ""Map Area"", ""type"": 105, ""values"": [[""Coves"", 0]]}"
properties,Map Area,105,0,Mud Geyser,1,2,"{""displayMode"": 0, ""name"": ""Map Area"", ""type"": 105, ""values"": [[""Mud Geyser"", 0]]}"
properties,Map Area,105,0,Castle Ruins,1,2,"{""displayMode"": 0, ""name"": ""Map Area"", ""type"": 105, ""values"": [[""Castle Ruins"", 0]]}"
properties,Map Area,105,0,Arid Lake,1,2,"{""displayMode"": 0, ""name"": ""Map Area"", ""type"": 105, ""values"": [[""Arid Lake"", 0]]}"
properties,Map Area,105,0,Foundry,1,2,"{""displayMode"": 0, ""name"": ""Map Area"", ""type"": 105, ""values"": [[""Foundry"", 0]]}"
properties,Map Area,105,0,Armoury,1,2,"{""displayMode"": 0, ""name"": ""Map Area"", ""type"": 105, ""values"": [[""Armoury"", 0]]}"
properties,Map Area,105,0,Gardens,1,2,"{""displayMode"": 0, ""name"": ""Map Area"", ""type"": 105, ""values"": [[""Gardens"", 0]]}"
properties,Map Area,105,0,Cells,1,2,"{""displayMode"": 0, ""name"": ""Map Area"", ""type"": 105, ""values"": [[""Cells"", 0]]}"
properties,Map Area,105,0,Dry Sea,1,2,"{""displayMode"": 0, ""name"": ""Map Area"", ""type"": 105, ""values"": [[""Dry Sea"", 0]]}"
properties,Map Area,105,0,Scriptorium,1,2,"{""displayMode"": 0, ""name"": ""Map Area"", ""type"": 105, ""values"": [[""Scriptorium"", 0]]}"
properties,Map Area,105,0,Crimson Township,1,2,"{""displayMode"": 0, ""name"": ""Map Area"", ""type"": 105, ""values"": [[""Crimson Township"", 0]]}"
properties,Map Area,105,0,Crimson Temple,1,2,"{""displayMode"": 0, ""name"": ""Map Area"", ""type"": 105, ""values"": [[""Crimson Temple"", 0]]}"
properties,Map Area,105,0,Relic Chambers,1,2,"{""displayMode"": 0, ""name"": ""Map Area"", ""type"": 105, ""values"": [[""Relic Chambers"", 0]]}"
properties,Mercenary Level,78,0,#,1,2,"{""name"": ""Mercenary Level"", ""values"": [[""83"", 0]], ""displayMode"": 0, ""type"": 78}"
properties,"Projectile, Physical, Support",,0,,0,2,"{""displayMode"": 0, ""name"": ""Projectile, Physical, Support"", ""values"": []}"
properties,Recovers {#} Life over {#} Second,,3,#|#,2,2,"{""displayMode"": 3, ""name"": ""Recovers {0} Life over {1} Second"", ""values"": [[""1533"", 1], [""1"", 1]]}"
properties,Replaces one {#} Passive Skill,,3,Small Attribute,1,2,"{""displayMode"": 3, ""name"": ""Replaces one {0} Passive Skill"", ""values"": [[""Small Attribute"", 0]]}"
properties,Requires Sacrifice: {#},51,3,Drillneck,1,2,"{""displayMode"": 3, ""name"": ""Requires Sacrifice: {0}"", ""type"": 51, ""values"": [[""Drillneck"", 10]]}"
properties,Requires Sacrifice: {#},51,3,Wilma's Requital,1,2,"{""displayMode"": 3, ""name"": ""Requires Sacrifice: {0}"", ""type"": 51, ""values"": [[""Wilma's Requital"", 10]]}"
properties,Requires Sacrifice: {#},51,3,Doedre's Scorn,1,2,"{""displayMode"": 3, ""name"": ""Requires Sacrifice: {0}"", ""type"": 51, ""values"": [[""Doedre's Scorn"", 10]]}"
properties,Requires Sacrifice: {#},51,3,Dendrobate,1,2,"{""displayMode"": 3, ""name"": ""Requires Sacrifice: {0}"", ""type"": 51, ""values"": [[""Dendrobate"", 10]]}"
properties,Requires Sacrifice: {#},51,3,Voidbringer,1,2,"{""displayMode"": 3, ""name"": ""Requires Sacrifice: {0}"", ""type"": 51, ""values"": [[""Voidbringer"", 10]]}"
properties,Requires Sacrifice: {#},51,3,Matua Tupuna,1,2,"{""displayMode"": 3, ""name"": ""Requires Sacrifice: {0}"", ""type"": 51, ""values"": [[""Matua Tupuna"", 10]]}"
properties,Requires Sacrifice: {#},51,3,Rise of the Phoenix,1,2,"{""displayMode"": 3, ""name"": ""Requires Sacrifice: {0}"", ""type"": 51, ""values"": [[""Rise of the Phoenix"", 10]]}"
properties,Requires Sacrifice: {#},51,3,Stormfire,1,2,"{""displayMode"": 3, ""name"": ""Requires Sacrifice: {0}"", ""type"": 51, ""values"": [[""Stormfire"", 10]]}"
properties,Requires Sacrifice: {#},51,3,Chalice of Horrors,1,2,"{""displayMode"": 3, ""name"": ""Requires Sacrifice: {0}"", ""type"": 51, ""values"": [[""Chalice of Horrors"", 10]]}"
properties,Requires Sacrifice: {#},51,3,Eye of Malice,1,2,"{""displayMode"": 3, ""name"": ""Requires Sacrifice: {0}"", ""type"": 51, ""values"": [[""Eye of Malice"", 10]]}"
properties,Requires Sacrifice: {#},51,3,Ashrend,1,2,"{""displayMode"": 3, ""name"": ""Requires Sacrifice: {0}"", ""type"": 51, ""values"": [[""Ashrend"", 10]]}"
properties,Requires Sacrifice: {#},51,3,The Aylardex,1,2,"{""displayMode"": 3, ""name"": ""Requires Sacrifice: {0}"", ""type"": 51, ""values"": [[""The Aylardex"", 10]]}"
properties,Requires Sacrifice: {#},51,3,Forbidden Taste,1,2,"{""displayMode"": 3, ""name"": ""Requires Sacrifice: {0}"", ""type"": 51, ""values"": [[""Forbidden Taste"", 10]]}"
properties,Requires Sacrifice: {#},51,3,The Harvest,1,2,"{""displayMode"": 3, ""name"": ""Requires Sacrifice: {0}"", ""type"": 51, ""values"": [[""The Harvest"", 10]]}"
properties,Requires Sacrifice: {#},51,3,Tanu Ahi,1,2,"{""displayMode"": 3, ""name"": ""Requires Sacrifice: {0}"", ""type"": 51, ""values"": [[""Tanu Ahi"", 10]]}"
properties,Requires Sacrifice: {#},51,3,The Monastery Bell,1,2,"{""displayMode"": 3, ""name"": ""Requires Sacrifice: {0}"", ""type"": 51, ""values"": [[""The Monastery Bell"", 10]]}"
properties,Requires Sacrifice: {#},51,3,Tinkerskin,1,2,"{""displayMode"": 3, ""name"": ""Requires Sacrifice: {0}"", ""type"": 51, ""values"": [[""Tinkerskin"", 10]]}"
properties,Requires Sacrifice: {#},51,3,Cherrubim's Maleficence,1,2,"{""displayMode"": 3, ""name"": ""Requires Sacrifice: {0}"", ""type"": 51, ""values"": [[""Cherrubim's Maleficence"", 10]]}"
properties,Requires Sacrifice: {#} {#},51,3,Blind Venture|x#,2,2,"{""displayMode"": 3, ""name"": ""Requires Sacrifice: {0} {1}"", ""type"": 51, ""values"": [[""Blind Venture"", 20], [""x4"", 19]]}"
properties,Requires Sacrifice: {#} {#},51,3,The Union|x#,2,2,"{""displayMode"": 3, ""name"": ""Requires Sacrifice: {0} {1}"", ""type"": 51, ""values"": [[""The Union"", 20], [""x4"", 19]]}"
properties,Requires Sacrifice: {#} {#},51,3,The Offering|x#,2,2,"{""displayMode"": 3, ""name"": ""Requires Sacrifice: {0} {1}"", ""type"": 51, ""values"": [[""The Offering"", 20], [""x4"", 19]]}"
properties,Requires Sacrifice: {#} {#},51,3,The Forsaken|x#,2,2,"{""displayMode"": 3, ""name"": ""Requires Sacrifice: {0} {1}"", ""type"": 51, ""values"": [[""The Forsaken"", 20], [""x4"", 19]]}"
properties,Requires Sacrifice: {#} {#},51,3,Abandoned Wealth|x#,2,2,"{""displayMode"": 3, ""name"": ""Requires Sacrifice: {0} {1}"", ""type"": 51, ""values"": [[""Abandoned Wealth"", 20], [""x3"", 19]]}"
properties,Requires Sacrifice: {#} {#},51,3,The Forgotten Treasure|x#,2,2,"{""displayMode"": 3, ""name"": ""Requires Sacrifice: {0} {1}"", ""type"": 51, ""values"": [[""The Forgotten Treasure"", 20], [""x3"", "
properties,Requires Sacrifice: {#} {#},51,3,The Return of the Rat|x#,2,2,"{""displayMode"": 3, ""name"": ""Requires Sacrifice: {0} {1}"", ""type"": 51, ""values"": [[""The Return of the Rat"", 20], [""x2"", 1"
properties,Requires Sacrifice: {#} {#},51,3,Atziri's Arsenal|x#,2,2,"{""displayMode"": 3, ""name"": ""Requires Sacrifice: {0} {1}"", ""type"": 51, ""values"": [[""Atziri's Arsenal"", 20], [""x2"", 19]]}"
properties,Requires Sacrifice: {#} {#},51,3,The Gentleman|x#,2,2,"{""displayMode"": 3, ""name"": ""Requires Sacrifice: {0} {1}"", ""type"": 51, ""values"": [[""The Gentleman"", 20], [""x2"", 19]]}"
properties,Requires Sacrifice: {#} {#},51,3,The Dark Mage|x#,2,2,"{""displayMode"": 3, ""name"": ""Requires Sacrifice: {0} {1}"", ""type"": 51, ""values"": [[""The Dark Mage"", 20], [""x3"", 19]]}"
properties,Requires Sacrifice: {#} {#},51,3,The Wind|x#,2,2,"{""displayMode"": 3, ""name"": ""Requires Sacrifice: {0} {1}"", ""type"": 51, ""values"": [[""The Wind"", 20], [""x4"", 19]]}"
properties,Requires Sacrifice: {#} {#},51,3,The Mercenary|x#,2,2,"{""displayMode"": 3, ""name"": ""Requires Sacrifice: {0} {1}"", ""type"": 51, ""values"": [[""The Mercenary"", 20], [""x3"", 19]]}"
properties,Requires Sacrifice: {#} {#},51,3,The Celestial Justicar|x#,2,2,"{""displayMode"": 3, ""name"": ""Requires Sacrifice: {0} {1}"", ""type"": 51, ""values"": [[""The Celestial Justicar"", 20], [""x3"", "
properties,Requires Sacrifice: {#} {#},51,3,The Rite of Elements|x#,2,2,"{""displayMode"": 3, ""name"": ""Requires Sacrifice: {0} {1}"", ""type"": 51, ""values"": [[""The Rite of Elements"", 20], [""x3"", 19"
properties,Requires Sacrifice: {#} {#},51,3,Emperor of Purity|x#,2,2,"{""displayMode"": 3, ""name"": ""Requires Sacrifice: {0} {1}"", ""type"": 51, ""values"": [[""Emperor of Purity"", 20], [""x4"", 19]]}"
properties,Requires Sacrifice: {#} {#},51,3,Broken Truce|x#,2,2,"{""displayMode"": 3, ""name"": ""Requires Sacrifice: {0} {1}"", ""type"": 51, ""values"": [[""Broken Truce"", 20], [""x3"", 19]]}"
properties,Requires Sacrifice: {#} {#},51,3,Ever-Changing|x#,2,2,"{""displayMode"": 3, ""name"": ""Requires Sacrifice: {0} {1}"", ""type"": 51, ""values"": [[""Ever-Changing"", 20], [""x2"", 19]]}"
properties,Requires Sacrifice: {#} {#},51,3,Baited Expectations|x#,2,2,"{""displayMode"": 3, ""name"": ""Requires Sacrifice: {0} {1}"", ""type"": 51, ""values"": [[""Baited Expectations"", 20], [""x4"", 19]"
properties,Requires Sacrifice: {#} {#},51,3,The Lord in Black|x#,2,2,"{""displayMode"": 3, ""name"": ""Requires Sacrifice: {0} {1}"", ""type"": 51, ""values"": [[""The Lord in Black"", 20], [""x3"", 19]]}"
properties,Requires Sacrifice: {#} {#},51,3,Reckless Ambition|x#,2,2,"{""displayMode"": 3, ""name"": ""Requires Sacrifice: {0} {1}"", ""type"": 51, ""values"": [[""Reckless Ambition"", 20], [""x3"", 19]]}"
properties,Requires Sacrifice: {#} {#},51,3,The Patient|x#,2,2,"{""displayMode"": 3, ""name"": ""Requires Sacrifice: {0} {1}"", ""type"": 51, ""values"": [[""The Patient"", 20], [""x4"", 19]]}"
properties,Requires Sacrifice: {#} {#},51,3,A Mother's Parting Gift|x#,2,2,"{""displayMode"": 3, ""name"": ""Requires Sacrifice: {0} {1}"", ""type"": 51, ""values"": [[""A Mother's Parting Gift"", 20], [""x3"","
properties,Requires Sacrifice: {#} {#},51,3,Boon of the First Ones|x#,2,2,"{""displayMode"": 3, ""name"": ""Requires Sacrifice: {0} {1}"", ""type"": 51, ""values"": [[""Boon of the First Ones"", 20], [""x3"", "
properties,Requires Sacrifice: {#} {#},51,3,The Landing|x#,2,2,"{""displayMode"": 3, ""name"": ""Requires Sacrifice: {0} {1}"", ""type"": 51, ""values"": [[""The Landing"", 20], [""x3"", 19]]}"
properties,Requires Sacrifice: {#} {#},51,3,The Realm|x#,2,2,"{""displayMode"": 3, ""name"": ""Requires Sacrifice: {0} {1}"", ""type"": 51, ""values"": [[""The Realm"", 20], [""x3"", 19]]}"
properties,Requires Sacrifice: {#} {#},51,3,The Feast|x#,2,2,"{""displayMode"": 3, ""name"": ""Requires Sacrifice: {0} {1}"", ""type"": 51, ""values"": [[""The Feast"", 20], [""x3"", 19]]}"
properties,Reward: {#},52,3,Soul Tether,1,2,"{""displayMode"": 3, ""name"": ""Reward: {0}"", ""type"": 52, ""values"": [[""Soul Tether"", 10]]}"
properties,Reward: {#},52,3,Heretic's Veil,1,2,"{""displayMode"": 3, ""name"": ""Reward: {0}"", ""type"": 52, ""values"": [[""Heretic's Veil"", 10]]}"
properties,Reward: {#},52,3,Kintsugi,1,2,"{""displayMode"": 3, ""name"": ""Reward: {0}"", ""type"": 52, ""values"": [[""Kintsugi"", 10]]}"
properties,Reward: {#},52,3,Dream Fragments,1,2,"{""displayMode"": 3, ""name"": ""Reward: {0}"", ""type"": 52, ""values"": [[""Dream Fragments"", 10]]}"
properties,Reward: {#},52,3,Aegis Aurora,1,2,"{""displayMode"": 3, ""name"": ""Reward: {0}"", ""type"": 52, ""values"": [[""Aegis Aurora"", 10]]}"
properties,Reward: {#},52,3,Crown of Eyes,1,2,"{""displayMode"": 3, ""name"": ""Reward: {0}"", ""type"": 52, ""values"": [[""Crown of Eyes"", 10]]}"
properties,Reward: {#},52,3,Alpha's Howl,1,2,"{""displayMode"": 3, ""name"": ""Reward: {0}"", ""type"": 52, ""values"": [[""Alpha's Howl"", 10]]}"
properties,Reward: {#},52,3,The Whispering Ice,1,2,"{""displayMode"": 3, ""name"": ""Reward: {0}"", ""type"": 52, ""values"": [[""The Whispering Ice"", 10]]}"
properties,Reward: {#},52,3,Akoya's Gaze,1,2,"{""displayMode"": 3, ""name"": ""Reward: {0}"", ""type"": 52, ""values"": [[""Akoya's Gaze"", 10]]}"
properties,Reward: {#},52,3,The Wise Oak,1,2,"{""displayMode"": 3, ""name"": ""Reward: {0}"", ""type"": 52, ""values"": [[""The Wise Oak"", 10]]}"
properties,Reward: {#},52,3,Sap of the Seasons,1,2,"{""displayMode"": 3, ""name"": ""Reward: {0}"", ""type"": 52, ""values"": [[""Sap of the Seasons"", 10]]}"
properties,Reward: {#},52,3,Void Battery,1,2,"{""displayMode"": 3, ""name"": ""Reward: {0}"", ""type"": 52, ""values"": [[""Void Battery"", 10]]}"
properties,Reward: {#},52,3,Daresso's Defiance,1,2,"{""displayMode"": 3, ""name"": ""Reward: {0}"", ""type"": 52, ""values"": [[""Daresso's Defiance"", 10]]}"
properties,Reward: {#},52,3,Thousand Ribbons,1,2,"{""displayMode"": 3, ""name"": ""Reward: {0}"", ""type"": 52, ""values"": [[""Thousand Ribbons"", 10]]}"
properties,Reward: {#},52,3,Rashkaldor's Patience,1,2,"{""displayMode"": 3, ""name"": ""Reward: {0}"", ""type"": 52, ""values"": [[""Rashkaldor's Patience"", 10]]}"
properties,Reward: {#},52,3,Call of the Brotherhood,1,2,"{""displayMode"": 3, ""name"": ""Reward: {0}"", ""type"": 52, ""values"": [[""Call of the Brotherhood"", 10]]}"
properties,Reward: {#},52,3,Death's Harp,1,2,"{""displayMode"": 3, ""name"": ""Reward: {0}"", ""type"": 52, ""values"": [[""Death's Harp"", 10]]}"
properties,Reward: {#},52,3,Bloodnotch,1,2,"{""displayMode"": 3, ""name"": ""Reward: {0}"", ""type"": 52, ""values"": [[""Bloodnotch"", 10]]}"
properties,"Spell, AoE, Duration, Physical, Fire, Nova",,0,,0,2,"{""displayMode"": 0, ""name"": ""Spell, AoE, Duration, Physical, Fire, Nova"", ""values"": []}"
properties,"Spell, AoE, Lightning, Nova",,0,,0,2,"{""displayMode"": 0, ""name"": ""Spell, AoE, Lightning, Nova"", ""values"": []}"
properties,"Spell, AoE, Lightning, Orb",,0,,0,2,"{""displayMode"": 0, ""name"": ""Spell, AoE, Lightning, Orb"", ""values"": []}"
properties,"Spell, AoE, Physical, Arcane, Duration",,0,,0,2,"{""name"": ""Spell, AoE, Physical, Arcane, Duration"", ""values"": [], ""displayMode"": 0}"
properties,"Spell, Physical, AoE, Duration, Vaal",,0,,0,2,"{""displayMode"": 0, ""name"": ""Spell, Physical, AoE, Duration, Vaal"", ""values"": []}"
properties,"Support, Spell, AoE, Fire, Cold, Lightning, Prismatic, Trigger",,0,,0,2,"{""displayMode"": 0, ""name"": ""Support, Spell, AoE, Fire, Cold, Lightning, Prismatic, Trigger"", ""values"": []}"
properties,This item can be equipped by:\n{#},,3,"Isla, the Engineer",1,2,"{""displayMode"": 3, ""name"": ""This item can be equipped by:\n{0}"", ""values"": [[""Isla, the Engineer"", 0]]}"
properties,This item can be equipped by:\n{#},,3,"Huck, the Soldier\nVinderi, the Dismantler\nIsla, the Engineer",1,2,"{""displayMode"": 3, ""name"": ""This item can be equipped by:\n{0}"", ""values"": [[""Huck, the Soldier\nVinderi, the Dismantler"
properties,This item can be equipped by:\n{#},,3,"Niles, the Interrogator\nNenet, the Scout\nGianna, the Master of Disguise",1,2,"{""displayMode"": 3, ""name"": ""This item can be equipped by:\n{0}"", ""values"": [[""Niles, the Interrogator\nNenet, the Scout\"
properties,This item can be equipped by:\n{#},,3,"Karst, the Lockpick\nTullina, the Catburglar",1,2,"{""name"": ""This item can be equipped by:\n{0}"", ""values"": [[""Karst, the Lockpick\nTullina, the Catburglar"", 0]], ""display"
properties,"Trap, Spell, Duration",,0,,0,2,"{""displayMode"": 0, ""name"": ""Trap, Spell, Duration"", ""values"": []}"
properties,"Warcry, AoE, Duration, Retaliation",,0,,0,2,"{""displayMode"": 0, ""name"": ""Warcry, AoE, Duration, Retaliation"", ""values"": []}"
properties,"Warcry, Support",,0,,0,2,"{""displayMode"": 0, ""name"": ""Warcry, Support"", ""values"": []}"
properties,"[Buff], [Persistent], [Aura], [Chaos], [DurationSkill|Duration]",,0,,0,2,"{""displayMode"": 0, ""name"": ""[Buff], [Persistent], [Aura], [Chaos], [DurationSkill|Duration]"", ""values"": []}"
properties,[Critical|Critical Hit] Chance,12,0,#%,1,2,"{""displayMode"": 0, ""name"": ""[Critical|Critical Hit] Chance"", ""type"": 12, ""values"": [[""5.00%"", 0]]}"
properties,[Physical] Damage,9,0,#-#,1,2,"{""displayMode"": 0, ""name"": ""[Physical] Damage"", ""type"": 9, ""values"": [[""9-13"", 1]]}"
properties,"[Spell], [AoESkill|AoE], [Chaos], [DurationSkill|Duration], [Repeat|Repeatable]",,0,,0,2,"{""displayMode"": 0, ""name"": ""[Spell], [AoESkill|AoE], [Chaos], [DurationSkill|Duration], [Repeat|Repeatable]"", ""values"": "
properties,"[Spell], [AoESkill|AoE], [DurationSkill|Duration], [Curse], [Repeat|Repeatable]",,0,,0,2,"{""displayMode"": 0, ""name"": ""[Spell], [AoESkill|AoE], [DurationSkill|Duration], [Curse], [Repeat|Repeatable]"", ""values"": "
properties,"[Spell], [Projectile], [Chaos], [DurationSkill|Duration], [Repeat|Repeatable]",,0,,0,2,"{""displayMode"": 0, ""name"": ""[Spell], [Projectile], [Chaos], [DurationSkill|Duration], [Repeat|Repeatable]"", ""values"": []"
properties,"[SupportGem|Support], [DurationSkill|Duration]",,0,,0,2,"{""displayMode"": 0, ""name"": ""[SupportGem|Support], [DurationSkill|Duration]"", ""values"": []}"
properties,"[SupportGem|Support], [Projectile]",,0,,0,2,"{""displayMode"": 0, ""name"": ""[SupportGem|Support], [Projectile]"", ""values"": []}"
properties,[Wand],109,0,,0,2,"{""displayMode"": 0, ""name"": ""[Wand]"", ""type"": 109, ""values"": []}"
properties,,,0,"Syla, the Unscrupulous",1,1,"{""name"": """", ""values"": [[""Syla, the Unscrupulous"", 0]], ""displayMode"": 0}"
properties,,77,1,Chance for dropped Maps to convert to:,1,1,"{""displayMode"": 1, ""name"": """", ""type"": 77, ""values"": [[""Chance for dropped Maps to convert to:"", 24]]}"
properties,,,0,Kapaka Apara,1,1,"{""name"": """", ""values"": [[""Kapaka Apara"", 0]], ""displayMode"": 0}"
properties,"AoE, Duration, Support, Hex",,0,,0,1,"{""displayMode"": 0, ""name"": ""AoE, Duration, Support, Hex"", ""values"": []}"
properties,"AoE, Physical, Support, Warcry, Duration",,0,,0,1,"{""displayMode"": 0, ""name"": ""AoE, Physical, Support, Warcry, Duration"", ""values"": []}"
properties,Applies to,,0,"Weapons, Helmets, Boots, Gloves, Body Armour",1,1,"{""displayMode"": 0, ""name"": ""Applies to"", ""values"": [[""Weapons, Helmets, Boots, Gloves, Body Armour"", 0]]}"
properties,"Attack, AoE, Duration, Lightning, Bow, Projectile, Trigger",,0,,0,1,"{""displayMode"": 0, ""name"": ""Attack, AoE, Duration, Lightning, Bow, Projectile, Trigger"", ""values"": []}"
properties,"Attack, AoE, Melee, Vaal, Duration",,0,,0,1,"{""displayMode"": 0, ""name"": ""Attack, AoE, Melee, Vaal, Duration"", ""values"": []}"
properties,"Attack, AoE, Projectile",,0,,0,1,"{""displayMode"": 0, ""name"": ""Attack, AoE, Projectile"", ""values"": []}"
properties,"Attack, AoE, Projectile, Lightning, Vaal, Bow",,0,,0,1,"{""displayMode"": 0, ""name"": ""Attack, AoE, Projectile, Lightning, Vaal, Bow"", ""values"": []}"
properties,"Attack, Fire, AoE, Projectile, Duration, Bow",,0,,0,1,"{""displayMode"": 0, ""name"": ""Attack, Fire, AoE, Projectile, Duration, Bow"", ""values"": []}"
properties,"Attack, Melee, AoE, Retaliation, Physical",,0,,0,1,"{""displayMode"": 0, ""name"": ""Attack, Melee, AoE, Retaliation, Physical"", ""values"": []}"
properties,"Attack, Melee, Strike, AoE",,0,,0,1,"{""displayMode"": 0, ""name"": ""Attack, Melee, Strike, AoE"", ""values"": []}"
properties,"Attack, Melee, Strike, Cold, AoE, Duration",,0,,0,1,"{""displayMode"": 0, ""name"": ""Attack, Melee, Strike, Cold, AoE, Duration"", ""values"": []}"
properties,"Attack, Melee, Strike, Duration, Lightning, Chaining",,0,,0,1,"{""displayMode"": 0, ""name"": ""Attack, Melee, Strike, Duration, Lightning, Chaining"", ""values"": []}"
properties,"Attack, Physical, Critical, Support",,0,,0,1,"{""name"": ""Attack, Physical, Critical, Support"", ""values"": [], ""displayMode"": 0}"
properties,"Attack, Physical, Support, Melee",,0,,0,1,"{""displayMode"": 0, ""name"": ""Attack, Physical, Support, Melee"", ""values"": []}"
properties,"Attack, Projectile, AoE, Cold, Vaal, Duration, Bow",,0,,0,1,"{""displayMode"": 0, ""name"": ""Attack, Projectile, AoE, Cold, Vaal, Duration, Bow"", ""values"": []}"
properties,"Attack, Projectile, AoE, Duration, Chaos, Vaal, Bow",,0,,0,1,"{""displayMode"": 0, ""name"": ""Attack, Projectile, AoE, Duration, Chaos, Vaal, Bow"", ""values"": []}"
properties,"Attack, Projectile, AoE, Melee, Strike, Fire, Chaining, Vaal",,0,,0,1,"{""displayMode"": 0, ""name"": ""Attack, Projectile, AoE, Melee, Strike, Fire, Chaining, Vaal"", ""values"": []}"
properties,"Attack, Projectile, Chaos, Bow",,0,,0,1,"{""displayMode"": 0, ""name"": ""Attack, Projectile, Chaos, Bow"", ""values"": []}"
properties,"Attack, Projectile, Cold",,0,,0,1,"{""displayMode"": 0, ""name"": ""Attack, Projectile, Cold"", ""values"": []}"
properties,"Attack, Projectile, Fire, Cold, Lightning, AoE, Bow",,0,,0,1,"{""displayMode"": 0, ""name"": ""Attack, Projectile, Fire, Cold, Lightning, AoE, Bow"", ""values"": []}"
properties,"Attack, Projectile, Melee, Strike, Lightning, Chaining",,0,,0,1,"{""displayMode"": 0, ""name"": ""Attack, Projectile, Melee, Strike, Lightning, Chaining"", ""values"": []}"
properties,Aureus: {#},70,3,#,1,1,"{""name"": ""Aureus: {0}"", ""values"": [[""400"", 0]], ""displayMode"": 3, ""type"": 70}"
properties,Build,,0,Withertouch,1,1,"{""name"": ""Build"", ""values"": [[""Withertouch"", 0]], ""displayMode"": 0}"
properties,Build,,0,Earthshaker,1,1,"{""name"": ""Build"", ""values"": [[""Earthshaker"", 0]], ""displayMode"": 0}"
properties,"Channelling, Spell, Support",,0,,0,1,"{""displayMode"": 0, ""name"": ""Channelling, Spell, Support"", ""values"": []}"
properties,"Cold, Minion, Spell, Golem",,0,,0,1,"{""name"": ""Cold, Minion, Spell, Golem"", ""values"": [], ""displayMode"": 0}"
properties,"Cold, Support, Link, Duration",,0,,0,1,"{""name"": ""Cold, Support, Link, Duration"", ""values"": [], ""displayMode"": 0}"
properties,Conqueror Map,82,0,#%,1,1,"{""displayMode"": 0, ""name"": ""Conqueror Map"", ""type"": 82, ""values"": [[""16%"", 1]]}"
properties,Corpse Level,78,0,#,1,1,"{""displayMode"": 0, ""name"": ""Corpse Level"", ""type"": 78, ""values"": [[""83"", 0]]}"
properties,Does not apply to,,0,"Contracts, Blueprints, Heist Equipment",1,1,"{""displayMode"": 0, ""name"": ""Does not apply to"", ""values"": [[""Contracts, Blueprints, Heist Equipment"", 0]]}"
properties,"Duration, Minion, Spell, Vaal, Physical",,0,,0,1,"{""displayMode"": 0, ""name"": ""Duration, Minion, Spell, Vaal, Physical"", ""values"": []}"
properties,Elder Map,81,0,#%,1,1,"{""displayMode"": 0, ""name"": ""Elder Map"", ""type"": 81, ""values"": [[""9%"", 1]]}"
properties,"Exceptional, Attack, Melee, Support",,0,,0,1,"{""displayMode"": 0, ""name"": ""Exceptional, Attack, Melee, Support"", ""values"": []}"
properties,"Exceptional, Critical, Support, Herald",,0,,0,1,"{""displayMode"": 0, ""name"": ""Exceptional, Critical, Support, Herald"", ""values"": []}"
properties,Fire Damage,10,0,#-#,1,1,"{""displayMode"": 0, ""name"": ""Fire Damage"", ""type"": 10, ""values"": [[""8-14"", 4]]}"
properties,From,48,0,Underground River,1,1,"{""displayMode"": 0, ""name"": ""From"", ""type"": 48, ""values"": [[""Underground River"", 0]]}"
properties,From,48,0,Armoury,1,1,"{""displayMode"": 0, ""name"": ""From"", ""type"": 48, ""values"": [[""Armoury"", 0]]}"
properties,From,48,0,Forge of the Phoenix,1,1,"{""displayMode"": 0, ""name"": ""From"", ""type"": 48, ""values"": [[""Forge of the Phoenix"", 0]]}"
properties,Genus,21,0,Bulls,1,1,"{""displayMode"": 0, ""name"": ""Genus"", ""type"": 21, ""values"": [[""Bulls"", 0]]}"
properties,Genus,21,0,Chimerals,1,1,"{""displayMode"": 0, ""name"": ""Genus"", ""type"": 21, ""values"": [[""Chimerals"", 0]]}"
properties,Genus,21,0,Devourers,1,1,"{""displayMode"": 0, ""name"": ""Genus"", ""type"": 21, ""values"": [[""Devourers"", 0]]}"
properties,Genus,21,0,Spiders,1,1,"{""displayMode"": 0, ""name"": ""Genus"", ""type"": 21, ""values"": [[""Spiders"", 0]]}"
properties,Genus,21,0,Lurchers,1,1,"{""displayMode"": 0, ""name"": ""Genus"", ""type"": 21, ""values"": [[""Lurchers"", 0]]}"
properties,Heist Target: {#},47,3,Slaver's Records,1,1,"{""displayMode"": 3, ""name"": ""Heist Target: {0}"", ""type"": 47, ""values"": [[""Slaver's Records"", 0]]}"
properties,Heist Target: {#},47,3,Baffling Blueprints,1,1,"{""name"": ""Heist Target: {0}"", ""values"": [[""Baffling Blueprints"", 0]], ""displayMode"": 3, ""type"": 47}"
properties,Inspiration: {#},69,3,#,1,1,"{""name"": ""Inspiration: {0}"", ""values"": [[""0"", 0]], ""displayMode"": 3, ""type"": 69}"
properties,Map Area,105,0,Summit,1,1,"{""name"": ""Map Area"", ""values"": [[""Summit"", 0]], ""displayMode"": 0, ""type"": 105}"
properties,Map Area,105,0,Caldera,1,1,"{""name"": ""Map Area"", ""values"": [[""Caldera"", 0]], ""displayMode"": 0, ""type"": 105}"
properties,Map Area,105,0,Sulphur Vents,1,1,"{""name"": ""Map Area"", ""values"": [[""Sulphur Vents"", 0]], ""displayMode"": 0, ""type"": 105}"
properties,Map Area,105,0,Mausoleum,1,1,"{""name"": ""Map Area"", ""values"": [[""Mausoleum"", 0]], ""displayMode"": 0, ""type"": 105}"
properties,Map Area,105,0,Overgrown Shrine,1,1,"{""name"": ""Map Area"", ""values"": [[""Overgrown Shrine"", 0]], ""displayMode"": 0, ""type"": 105}"
properties,Map Area,105,0,Shrine,1,1,"{""name"": ""Map Area"", ""values"": [[""Shrine"", 0]], ""displayMode"": 0, ""type"": 105}"
properties,Map Area,105,0,Forking River,1,1,"{""name"": ""Map Area"", ""values"": [[""Forking River"", 0]], ""displayMode"": 0, ""type"": 105}"
properties,Map Area,105,0,Desert,1,1,"{""name"": ""Map Area"", ""values"": [[""Desert"", 0]], ""displayMode"": 0, ""type"": 105}"
properties,Map Area,105,0,Laboratory,1,1,"{""name"": ""Map Area"", ""values"": [[""Laboratory"", 0]], ""displayMode"": 0, ""type"": 105}"
properties,Map Area,105,0,Coral Ruins,1,1,"{""name"": ""Map Area"", ""values"": [[""Coral Ruins"", 0]], ""displayMode"": 0, ""type"": 105}"
properties,Map Area,105,0,Museum,1,1,"{""displayMode"": 0, ""name"": ""Map Area"", ""type"": 105, ""values"": [[""Museum"", 0]]}"
properties,Map Area,105,0,Primordial Pool,1,1,"{""displayMode"": 0, ""name"": ""Map Area"", ""type"": 105, ""values"": [[""Primordial Pool"", 0]]}"
properties,Map Area,105,0,Lava Chamber,1,1,"{""displayMode"": 0, ""name"": ""Map Area"", ""type"": 105, ""values"": [[""Lava Chamber"", 0]]}"
properties,Map Area,105,0,Pen,1,1,"{""displayMode"": 0, ""name"": ""Map Area"", ""type"": 105, ""values"": [[""Pen"", 0]]}"
properties,Map Area,105,0,Flooded Mine,1,1,"{""displayMode"": 0, ""name"": ""Map Area"", ""type"": 105, ""values"": [[""Flooded Mine"", 0]]}"
properties,Map Area,105,0,Plateau,1,1,"{""displayMode"": 0, ""name"": ""Map Area"", ""type"": 105, ""values"": [[""Plateau"", 0]]}"
properties,Map Area,105,0,Park,1,1,"{""displayMode"": 0, ""name"": ""Map Area"", ""type"": 105, ""values"": [[""Park"", 0]]}"
properties,Map Area,105,0,Bog,1,1,"{""displayMode"": 0, ""name"": ""Map Area"", ""type"": 105, ""values"": [[""Bog"", 0]]}"
properties,Map Area,105,0,Underground Sea,1,1,"{""displayMode"": 0, ""name"": ""Map Area"", ""type"": 105, ""values"": [[""Underground Sea"", 0]]}"
properties,Map Area,105,0,Colonnade,1,1,"{""displayMode"": 0, ""name"": ""Map Area"", ""type"": 105, ""values"": [[""Colonnade"", 0]]}"
properties,Map Area,105,0,Volcano,1,1,"{""displayMode"": 0, ""name"": ""Map Area"", ""type"": 105, ""values"": [[""Volcano"", 0]]}"
properties,Map Area,105,0,Lighthouse,1,1,"{""displayMode"": 0, ""name"": ""Map Area"", ""type"": 105, ""values"": [[""Lighthouse"", 0]]}"
properties,Map Area,105,0,Spider Lair,1,1,"{""displayMode"": 0, ""name"": ""Map Area"", ""type"": 105, ""values"": [[""Spider Lair"", 0]]}"
properties,Map Area,105,0,Plaza,1,1,"{""displayMode"": 0, ""name"": ""Map Area"", ""type"": 105, ""values"": [[""Plaza"", 0]]}"
properties,Map Area,105,0,Desert Spring,1,1,"{""displayMode"": 0, ""name"": ""Map Area"", ""type"": 105, ""values"": [[""Desert Spring"", 0]]}"
properties,Map Area,105,0,Crater,1,1,"{""displayMode"": 0, ""name"": ""Map Area"", ""type"": 105, ""values"": [[""Crater"", 0]]}"
properties,Map Area,105,0,Bone Crypt,1,1,"{""displayMode"": 0, ""name"": ""Map Area"", ""type"": 105, ""values"": [[""Bone Crypt"", 0]]}"
properties,Map Area,105,0,Chateau,1,1,"{""displayMode"": 0, ""name"": ""Map Area"", ""type"": 105, ""values"": [[""Chateau"", 0]]}"
properties,Map Area,105,0,Alleyways,1,1,"{""displayMode"": 0, ""name"": ""Map Area"", ""type"": 105, ""values"": [[""Alleyways"", 0]]}"
properties,Map Area,105,0,Shore,1,1,"{""displayMode"": 0, ""name"": ""Map Area"", ""type"": 105, ""values"": [[""Shore"", 0]]}"
properties,Map Area,105,0,Stagnation,1,1,"{""displayMode"": 0, ""name"": ""Map Area"", ""type"": 105, ""values"": [[""Stagnation"", 0]]}"
properties,Map Area,105,0,Ghetto,1,1,"{""displayMode"": 0, ""name"": ""Map Area"", ""type"": 105, ""values"": [[""Ghetto"", 0]]}"
properties,Map Area,105,0,Conservatory,1,1,"{""displayMode"": 0, ""name"": ""Map Area"", ""type"": 105, ""values"": [[""Conservatory"", 0]]}"
properties,Map Area,105,0,Arsenal,1,1,"{""displayMode"": 0, ""name"": ""Map Area"", ""type"": 105, ""values"": [[""Arsenal"", 0]]}"
properties,Map Area,105,0,Ancient City,1,1,"{""displayMode"": 0, ""name"": ""Map Area"", ""type"": 105, ""values"": [[""Ancient City"", 0]]}"
properties,Map Area,105,0,Courtyard,1,1,"{""displayMode"": 0, ""name"": ""Map Area"", ""type"": 105, ""values"": [[""Courtyard"", 0]]}"
properties,Map Area,105,0,Cage,1,1,"{""displayMode"": 0, ""name"": ""Map Area"", ""type"": 105, ""values"": [[""Cage"", 0]]}"
properties,Map Area,105,0,Atoll,1,1,"{""displayMode"": 0, ""name"": ""Map Area"", ""type"": 105, ""values"": [[""Atoll"", 0]]}"
properties,Map Area,105,0,Forbidden Woods,1,1,"{""displayMode"": 0, ""name"": ""Map Area"", ""type"": 105, ""values"": [[""Forbidden Woods"", 0]]}"
properties,Map Area,105,0,Burial Chambers,1,1,"{""displayMode"": 0, ""name"": ""Map Area"", ""type"": 105, ""values"": [[""Burial Chambers"", 0]]}"
properties,Map Area,105,0,Arcade,1,1,"{""name"": ""Map Area"", ""values"": [[""Arcade"", 0]], ""displayMode"": 0, ""type"": 105}"
properties,Map Area,105,0,Belfry,1,1,"{""name"": ""Map Area"", ""values"": [[""Belfry"", 0]], ""displayMode"": 0, ""type"": 105}"
properties,Map Area,105,0,Iceberg,1,1,"{""name"": ""Map Area"", ""values"": [[""Iceberg"", 0]], ""displayMode"": 0, ""type"": 105}"
properties,Map Area,105,0,Moon Temple,1,1,"{""name"": ""Map Area"", ""values"": [[""Moon Temple"", 0]], ""displayMode"": 0, ""type"": 105}"
properties,Map Area,105,0,Lair,1,1,"{""name"": ""Map Area"", ""values"": [[""Lair"", 0]], ""displayMode"": 0, ""type"": 105}"
properties,"Melee, Attack, AoE, Slam, Fire",,0,,0,1,"{""name"": ""Melee, Attack, AoE, Slam, Fire"", ""values"": [], ""displayMode"": 0}"
properties,"Melee, Attack, Projectile, AoE, Slam, Fire, Vaal",,0,,0,1,"{""displayMode"": 0, ""name"": ""Melee, Attack, Projectile, AoE, Slam, Fire, Vaal"", ""values"": []}"
properties,Minor Afflictions,73,0,Unquenched Thirst|Concealed Anomaly|Rusted Coin,3,1,"{""name"": ""Minor Afflictions"", ""values"": [[""Unquenched Thirst"", 22], [""Concealed Anomaly"", 22], [""Rusted Coin"", 22]], ""di"
properties,Minor Boons,71,0,Gold Mine,1,1,"{""name"": ""Minor Boons"", ""values"": [[""Gold Mine"", 21]], ""displayMode"": 0, ""type"": 71}"
properties,Monster Category,79,0,Humanoid,1,1,"{""displayMode"": 0, ""name"": ""Monster Category"", ""suffix"": ""humanoid"", ""type"": 79, ""values"": [[""Humanoid"", 0]]}"
properties,Monsters:\n{#},106,3,Warmonger,1,1,"{""displayMode"": 3, ""name"": ""Monsters:\n{0}"", ""type"": 106, ""values"": [[""Warmonger"", 10]]}"
properties,Original Unique,,0,Victario's Flight,1,1,"{""name"": ""Original Unique"", ""values"": [[""Victario's Flight"", 10]], ""displayMode"": 0}"
properties,"Physical, Minion, Spell",,0,,0,1,"{""displayMode"": 0, ""name"": ""Physical, Minion, Spell"", ""values"": []}"
properties,Quality (Critical Modifiers),6,0,#%,1,1,"{""displayMode"": 0, ""name"": ""Quality (Critical Modifiers)"", ""type"": 6, ""values"": [[""+20%"", 1]]}"
properties,Requires Sacrifice: {#},51,3,Prospero's Protection,1,1,"{""displayMode"": 3, ""name"": ""Requires Sacrifice: {0}"", ""type"": 51, ""values"": [[""Prospero's Protection"", 10]]}"
properties,Requires Sacrifice: {#},51,3,Death Rush,1,1,"{""displayMode"": 3, ""name"": ""Requires Sacrifice: {0}"", ""type"": 51, ""values"": [[""Death Rush"", 10]]}"
properties,Requires Sacrifice: {#},51,3,Lioneye's Vision,1,1,"{""displayMode"": 3, ""name"": ""Requires Sacrifice: {0}"", ""type"": 51, ""values"": [[""Lioneye's Vision"", 10]]}"
properties,Requires Sacrifice: {#},51,3,Agnerod East,1,1,"{""displayMode"": 3, ""name"": ""Requires Sacrifice: {0}"", ""type"": 51, ""values"": [[""Agnerod East"", 10]]}"
properties,Requires Sacrifice: {#},51,3,Ahn's Might,1,1,"{""displayMode"": 3, ""name"": ""Requires Sacrifice: {0}"", ""type"": 51, ""values"": [[""Ahn's Might"", 10]]}"
properties,Requires Sacrifice: {#},51,3,Ahn's Heritage,1,1,"{""displayMode"": 3, ""name"": ""Requires Sacrifice: {0}"", ""type"": 51, ""values"": [[""Ahn's Heritage"", 10]]}"
properties,Requires Sacrifice: {#},51,3,Rebuke of the Vaal,1,1,"{""displayMode"": 3, ""name"": ""Requires Sacrifice: {0}"", ""type"": 51, ""values"": [[""Rebuke of the Vaal"", 10]]}"
properties,Requires Sacrifice: {#},51,3,Mao Kun,1,1,"{""displayMode"": 3, ""name"": ""Requires Sacrifice: {0}"", ""type"": 51, ""values"": [[""Mao Kun"", 10]]}"
properties,Requires Sacrifice: {#},51,3,Tasalio's Sign,1,1,"{""displayMode"": 3, ""name"": ""Requires Sacrifice: {0}"", ""type"": 51, ""values"": [[""Tasalio's Sign"", 10]]}"
properties,Requires Sacrifice: {#},51,3,Beltimber Blade,1,1,"{""displayMode"": 3, ""name"": ""Requires Sacrifice: {0}"", ""type"": 51, ""values"": [[""Beltimber Blade"", 10]]}"
properties,Requires Sacrifice: {#},51,3,Perquil's Toe,1,1,"{""displayMode"": 3, ""name"": ""Requires Sacrifice: {0}"", ""type"": 51, ""values"": [[""Perquil's Toe"", 10]]}"
properties,Requires Sacrifice: {#},51,3,Prism Guardian,1,1,"{""displayMode"": 3, ""name"": ""Requires Sacrifice: {0}"", ""type"": 51, ""values"": [[""Prism Guardian"", 10]]}"
properties,Requires Sacrifice: {#},51,3,Heartbound Loop,1,1,"{""displayMode"": 3, ""name"": ""Requires Sacrifice: {0}"", ""type"": 51, ""values"": [[""Heartbound Loop"", 10]]}"
properties,Requires Sacrifice: {#},51,3,Bramblejack,1,1,"{""displayMode"": 3, ""name"": ""Requires Sacrifice: {0}"", ""type"": 51, ""values"": [[""Bramblejack"", 10]]}"
properties,Requires Sacrifice: {#},51,3,Kitava's Thirst,1,1,"{""displayMode"": 3, ""name"": ""Requires Sacrifice: {0}"", ""type"": 51, ""values"": [[""Kitava's Thirst"", 10]]}"
properties,Requires Sacrifice: {#},51,3,The Consuming Dark,1,1,"{""displayMode"": 3, ""name"": ""Requires Sacrifice: {0}"", ""type"": 51, ""values"": [[""The Consuming Dark"", 10]]}"
properties,Requires Sacrifice: {#},51,3,Snakepit,1,1,"{""displayMode"": 3, ""name"": ""Requires Sacrifice: {0}"", ""type"": 51, ""values"": [[""Snakepit"", 10]]}"
properties,Requires Sacrifice: {#},51,3,Berek's Grip,1,1,"{""displayMode"": 3, ""name"": ""Requires Sacrifice: {0}"", ""type"": 51, ""values"": [[""Berek's Grip"", 10]]}"
properties,Requires Sacrifice: {#},51,3,Kiloava's Bluster,1,1,"{""displayMode"": 3, ""name"": ""Requires Sacrifice: {0}"", ""type"": 51, ""values"": [[""Kiloava's Bluster"", 10]]}"
properties,Requires Sacrifice: {#},51,3,Malachai's Simula,1,1,"{""displayMode"": 3, ""name"": ""Requires Sacrifice: {0}"", ""type"": 51, ""values"": [[""Malachai's Simula"", 10]]}"
properties,Requires Sacrifice: {#},51,3,Mon'tregul's Grasp,1,1,"{""displayMode"": 3, ""name"": ""Requires Sacrifice: {0}"", ""type"": 51, ""values"": [[""Mon'tregul's Grasp"", 10]]}"
properties,Requires Sacrifice: {#},51,3,Valako's Sign,1,1,"{""displayMode"": 3, ""name"": ""Requires Sacrifice: {0}"", ""type"": 51, ""values"": [[""Valako's Sign"", 10]]}"
properties,Requires Sacrifice: {#},51,3,Death's Oath,1,1,"{""displayMode"": 3, ""name"": ""Requires Sacrifice: {0}"", ""type"": 51, ""values"": [[""Death's Oath"", 10]]}"
properties,Requires Sacrifice: {#},51,3,Umbilicus Immortalis,1,1,"{""displayMode"": 3, ""name"": ""Requires Sacrifice: {0}"", ""type"": 51, ""values"": [[""Umbilicus Immortalis"", 10]]}"
properties,Requires Sacrifice: {#},51,3,Null's Inclination,1,1,"{""displayMode"": 3, ""name"": ""Requires Sacrifice: {0}"", ""type"": 51, ""values"": [[""Null's Inclination"", 10]]}"
properties,Requires Sacrifice: {#},51,3,Ylfeban's Trickery,1,1,"{""displayMode"": 3, ""name"": ""Requires Sacrifice: {0}"", ""type"": 51, ""values"": [[""Ylfeban's Trickery"", 10]]}"
properties,Requires Sacrifice: {#},51,3,Sire of Shards,1,1,"{""displayMode"": 3, ""name"": ""Requires Sacrifice: {0}"", ""type"": 51, ""values"": [[""Sire of Shards"", 10]]}"
properties,Requires Sacrifice: {#},51,3,Infernal Mantle,1,1,"{""displayMode"": 3, ""name"": ""Requires Sacrifice: {0}"", ""type"": 51, ""values"": [[""Infernal Mantle"", 10]]}"
properties,Requires Sacrifice: {#},51,3,Unlight Extant,1,1,"{""displayMode"": 3, ""name"": ""Requires Sacrifice: {0}"", ""type"": 51, ""values"": [[""Unlight Extant"", 10]]}"
properties,Requires Sacrifice: {#},51,3,The Baron,1,1,"{""displayMode"": 3, ""name"": ""Requires Sacrifice: {0}"", ""type"": 51, ""values"": [[""The Baron"", 10]]}"
properties,Requires Sacrifice: {#},51,3,Venopuncture,1,1,"{""displayMode"": 3, ""name"": ""Requires Sacrifice: {0}"", ""type"": 51, ""values"": [[""Venopuncture"", 10]]}"
properties,Requires Sacrifice: {#},51,3,Bisco's Leash,1,1,"{""displayMode"": 3, ""name"": ""Requires Sacrifice: {0}"", ""type"": 51, ""values"": [[""Bisco's Leash"", 10]]}"
properties,Requires Sacrifice: {#},51,3,The Black Cane,1,1,"{""displayMode"": 3, ""name"": ""Requires Sacrifice: {0}"", ""type"": 51, ""values"": [[""The Black Cane"", 10]]}"
properties,Requires Sacrifice: {#},51,3,Pyroshock Clasp,1,1,"{""displayMode"": 3, ""name"": ""Requires Sacrifice: {0}"", ""type"": 51, ""values"": [[""Pyroshock Clasp"", 10]]}"
properties,Requires Sacrifice: {#},51,3,Gifts from Above,1,1,"{""displayMode"": 3, ""name"": ""Requires Sacrifice: {0}"", ""type"": 51, ""values"": [[""Gifts from Above"", 10]]}"
properties,Requires Sacrifice: {#},51,3,Lion's Roar,1,1,"{""displayMode"": 3, ""name"": ""Requires Sacrifice: {0}"", ""type"": 51, ""values"": [[""Lion's Roar"", 10]]}"
properties,Requires Sacrifice: {#},51,3,Doedre's Skin,1,1,"{""displayMode"": 3, ""name"": ""Requires Sacrifice: {0}"", ""type"": 51, ""values"": [[""Doedre's Skin"", 10]]}"
properties,Requires Sacrifice: {#},51,3,Thief's Torment,1,1,"{""displayMode"": 3, ""name"": ""Requires Sacrifice: {0}"", ""type"": 51, ""values"": [[""Thief's Torment"", 10]]}"
properties,Requires Sacrifice: {#},51,3,Blightwell,1,1,"{""displayMode"": 3, ""name"": ""Requires Sacrifice: {0}"", ""type"": 51, ""values"": [[""Blightwell"", 10]]}"
properties,Requires Sacrifice: {#},51,3,Geofri's Crest,1,1,"{""displayMode"": 3, ""name"": ""Requires Sacrifice: {0}"", ""type"": 51, ""values"": [[""Geofri's Crest"", 10]]}"
properties,Requires Sacrifice: {#},51,3,Curtain Call,1,1,"{""displayMode"": 3, ""name"": ""Requires Sacrifice: {0}"", ""type"": 51, ""values"": [[""Curtain Call"", 10]]}"
properties,Requires Sacrifice: {#},51,3,Stormseeker,1,1,"{""displayMode"": 3, ""name"": ""Requires Sacrifice: {0}"", ""type"": 51, ""values"": [[""Stormseeker"", 10]]}"
properties,Requires Sacrifice: {#},51,3,The Primordial Chain,1,1,"{""displayMode"": 3, ""name"": ""Requires Sacrifice: {0}"", ""type"": 51, ""values"": [[""The Primordial Chain"", 10]]}"
properties,Requires Sacrifice: {#},51,3,Belly of the Beast,1,1,"{""displayMode"": 3, ""name"": ""Requires Sacrifice: {0}"", ""type"": 51, ""values"": [[""Belly of the Beast"", 10]]}"
properties,Requires Sacrifice: {#},51,3,Hallowed Ground,1,1,"{""displayMode"": 3, ""name"": ""Requires Sacrifice: {0}"", ""type"": 51, ""values"": [[""Hallowed Ground"", 10]]}"
properties,Requires Sacrifice: {#},51,3,Fractal Thoughts,1,1,"{""displayMode"": 3, ""name"": ""Requires Sacrifice: {0}"", ""type"": 51, ""values"": [[""Fractal Thoughts"", 10]]}"
properties,Requires Sacrifice: {#},51,3,Kongming's Stratagem,1,1,"{""name"": ""Requires Sacrifice: {0}"", ""values"": [[""Kongming's Stratagem"", 10]], ""displayMode"": 3, ""type"": 51}"
properties,Requires Sacrifice: {#},51,3,Obscurantis,1,1,"{""name"": ""Requires Sacrifice: {0}"", ""values"": [[""Obscurantis"", 10]], ""displayMode"": 3, ""type"": 51}"
properties,Requires Sacrifice: {#} {#},51,3,The Whiteout|x#,2,1,"{""displayMode"": 3, ""name"": ""Requires Sacrifice: {0} {1}"", ""type"": 51, ""values"": [[""The Whiteout"", 20], [""x4"", 19]]}"
properties,Requires Sacrifice: {#} {#},51,3,The Wolverine|x#,2,1,"{""displayMode"": 3, ""name"": ""Requires Sacrifice: {0} {1}"", ""type"": 51, ""values"": [[""The Wolverine"", 20], [""x2"", 19]]}"
properties,Requires Sacrifice: {#} {#},51,3,The Dreamland|x#,2,1,"{""displayMode"": 3, ""name"": ""Requires Sacrifice: {0} {1}"", ""type"": 51, ""values"": [[""The Dreamland"", 20], [""x4"", 19]]}"
properties,Requires Sacrifice: {#} {#},51,3,The Transformation|x#,2,1,"{""displayMode"": 3, ""name"": ""Requires Sacrifice: {0} {1}"", ""type"": 51, ""values"": [[""The Transformation"", 20], [""x3"", 19]]"
properties,Requires Sacrifice: {#} {#},51,3,The Magma Crab|x#,2,1,"{""displayMode"": 3, ""name"": ""Requires Sacrifice: {0} {1}"", ""type"": 51, ""values"": [[""The Magma Crab"", 20], [""x3"", 19]]}"
properties,Requires Sacrifice: {#} {#},51,3,Doryani's Epiphany|x#,2,1,"{""displayMode"": 3, ""name"": ""Requires Sacrifice: {0} {1}"", ""type"": 51, ""values"": [[""Doryani's Epiphany"", 20], [""x2"", 19]]"
properties,Requires Sacrifice: {#} {#},51,3,The Fathomless Depths|x#,2,1,"{""displayMode"": 3, ""name"": ""Requires Sacrifice: {0} {1}"", ""type"": 51, ""values"": [[""The Fathomless Depths"", 20], [""x4"", 1"
properties,Requires Sacrifice: {#} {#},51,3,Earth Drinker|x#,2,1,"{""displayMode"": 3, ""name"": ""Requires Sacrifice: {0} {1}"", ""type"": 51, ""values"": [[""Earth Drinker"", 20], [""x3"", 19]]}"
properties,Requires Sacrifice: {#} {#},51,3,Hope|x#,2,1,"{""displayMode"": 3, ""name"": ""Requires Sacrifice: {0} {1}"", ""type"": 51, ""values"": [[""Hope"", 20], [""x3"", 19]]}"
properties,Requires Sacrifice: {#} {#},51,3,The Journey|x#,2,1,"{""displayMode"": 3, ""name"": ""Requires Sacrifice: {0} {1}"", ""type"": 51, ""values"": [[""The Journey"", 20], [""x2"", 19]]}"
properties,Requires Sacrifice: {#} {#},51,3,A Dab of Ink|x#,2,1,"{""displayMode"": 3, ""name"": ""Requires Sacrifice: {0} {1}"", ""type"": 51, ""values"": [[""A Dab of Ink"", 20], [""x5"", 19]]}"
properties,Requires Sacrifice: {#} {#},51,3,The Tyrant|x#,2,1,"{""displayMode"": 3, ""name"": ""Requires Sacrifice: {0} {1}"", ""type"": 51, ""values"": [[""The Tyrant"", 20], [""x5"", 19]]}"
properties,Requires Sacrifice: {#} {#},51,3,Sacred Orb|x#,2,1,"{""displayMode"": 3, ""name"": ""Requires Sacrifice: {0} {1}"", ""type"": 51, ""values"": [[""Sacred Orb"", 18], [""x1"", 0]]}"
properties,Requires Sacrifice: {#} {#},51,3,The Side Quest|x#,2,1,"{""displayMode"": 3, ""name"": ""Requires Sacrifice: {0} {1}"", ""type"": 51, ""values"": [[""The Side Quest"", 20], [""x3"", 19]]}"
properties,Requires Sacrifice: {#} {#},51,3,Rebirth and Renewal|x#,2,1,"{""displayMode"": 3, ""name"": ""Requires Sacrifice: {0} {1}"", ""type"": 51, ""values"": [[""Rebirth and Renewal"", 20], [""x2"", 19]"
properties,Requires Sacrifice: {#} {#},51,3,The Lord of Celebration|x#,2,1,"{""displayMode"": 3, ""name"": ""Requires Sacrifice: {0} {1}"", ""type"": 51, ""values"": [[""The Lord of Celebration"", 20], [""x2"","
properties,Requires Sacrifice: {#} {#},51,3,The Finishing Touch|x#,2,1,"{""displayMode"": 3, ""name"": ""Requires Sacrifice: {0} {1}"", ""type"": 51, ""values"": [[""The Finishing Touch"", 20], [""x1"", 19]"
properties,Requires Sacrifice: {#} {#},51,3,The Mad King|x#,2,1,"{""displayMode"": 3, ""name"": ""Requires Sacrifice: {0} {1}"", ""type"": 51, ""values"": [[""The Mad King"", 20], [""x4"", 19]]}"
properties,Requires Sacrifice: {#} {#},51,3,Bijoux|x#,2,1,"{""displayMode"": 3, ""name"": ""Requires Sacrifice: {0} {1}"", ""type"": 51, ""values"": [[""Bijoux"", 20], [""x2"", 19]]}"
properties,Requires Sacrifice: {#} {#},51,3,Monochrome|x#,2,1,"{""displayMode"": 3, ""name"": ""Requires Sacrifice: {0} {1}"", ""type"": 51, ""values"": [[""Monochrome"", 20], [""x2"", 19]]}"
properties,Requires Sacrifice: {#} {#},51,3,The Poet|x#,2,1,"{""displayMode"": 3, ""name"": ""Requires Sacrifice: {0} {1}"", ""type"": 51, ""values"": [[""The Poet"", 20], [""x5"", 19]]}"
properties,Requires Sacrifice: {#} {#},51,3,Deadly Joy|x#,2,1,"{""displayMode"": 3, ""name"": ""Requires Sacrifice: {0} {1}"", ""type"": 51, ""values"": [[""Deadly Joy"", 20], [""x3"", 19]]}"
properties,Requires Sacrifice: {#} {#},51,3,Parasitic Passengers|x#,2,1,"{""displayMode"": 3, ""name"": ""Requires Sacrifice: {0} {1}"", ""type"": 51, ""values"": [[""Parasitic Passengers"", 20], [""x4"", 19"
properties,Requires Sacrifice: {#} {#},51,3,The Heroic Shot|x#,2,1,"{""displayMode"": 3, ""name"": ""Requires Sacrifice: {0} {1}"", ""type"": 51, ""values"": [[""The Heroic Shot"", 20], [""x1"", 19]]}"
properties,Requires Sacrifice: {#} {#},51,3,The Cartographer|x#,2,1,"{""displayMode"": 3, ""name"": ""Requires Sacrifice: {0} {1}"", ""type"": 51, ""values"": [[""The Cartographer"", 20], [""x1"", 19]]}"
properties,Requires Sacrifice: {#} {#},51,3,Toxic Tidings|x#,2,1,"{""displayMode"": 3, ""name"": ""Requires Sacrifice: {0} {1}"", ""type"": 51, ""values"": [[""Toxic Tidings"", 20], [""x3"", 19]]}"
properties,Requires Sacrifice: {#} {#},51,3,Akil's Prophecy|x#,2,1,"{""displayMode"": 3, ""name"": ""Requires Sacrifice: {0} {1}"", ""type"": 51, ""values"": [[""Akil's Prophecy"", 20], [""x2"", 19]]}"
properties,Requires Sacrifice: {#} {#},51,3,The Fletcher|x#,2,1,"{""displayMode"": 3, ""name"": ""Requires Sacrifice: {0} {1}"", ""type"": 51, ""values"": [[""The Fletcher"", 20], [""x3"", 19]]}"
properties,Requires Sacrifice: {#} {#},51,3,The Bear Woman|x#,2,1,"{""displayMode"": 3, ""name"": ""Requires Sacrifice: {0} {1}"", ""type"": 51, ""values"": [[""The Bear Woman"", 20], [""x3"", 19]]}"
properties,Requires Sacrifice: {#} {#},51,3,The Hunger|x#,2,1,"{""displayMode"": 3, ""name"": ""Requires Sacrifice: {0} {1}"", ""type"": 51, ""values"": [[""The Hunger"", 20], [""x5"", 19]]}"
properties,Requires Sacrifice: {#} {#},51,3,The Wolven King's Bite|x#,2,1,"{""displayMode"": 3, ""name"": ""Requires Sacrifice: {0} {1}"", ""type"": 51, ""values"": [[""The Wolven King's Bite"", 20], [""x4"", "
properties,Requires Sacrifice: {#} {#},51,3,Lingering Remnants|x#,2,1,"{""displayMode"": 3, ""name"": ""Requires Sacrifice: {0} {1}"", ""type"": 51, ""values"": [[""Lingering Remnants"", 20], [""x8"", 19]]"
properties,Requires Sacrifice: {#} {#},51,3,The Saint's Treasure|x#,2,1,"{""displayMode"": 3, ""name"": ""Requires Sacrifice: {0} {1}"", ""type"": 51, ""values"": [[""The Saint's Treasure"", 20], [""x5"", 19"
properties,Requires Sacrifice: {#} {#},51,3,Orb of Horizons|x#,2,1,"{""name"": ""Requires Sacrifice: {0} {1}"", ""values"": [[""Orb of Horizons"", 18], [""x10"", 0]], ""displayMode"": 3, ""type"": 51}"
properties,Requires Sacrifice: {#} {#},51,3,Anarchy's Price|x#,2,1,"{""name"": ""Requires Sacrifice: {0} {1}"", ""values"": [[""Anarchy's Price"", 20], [""x7"", 19]], ""displayMode"": 3, ""type"": 51}"
properties,Requires Sacrifice: {#} {#},51,3,Ancient Orb|x#,2,1,"{""name"": ""Requires Sacrifice: {0} {1}"", ""values"": [[""Ancient Orb"", 18], [""x1"", 0]], ""displayMode"": 3, ""type"": 51}"
properties,Requires Sacrifice: {#} {#},51,3,Stacked Deck|x#,2,1,"{""name"": ""Requires Sacrifice: {0} {1}"", ""values"": [[""Stacked Deck"", 18], [""x10"", 0]], ""displayMode"": 3, ""type"": 51}"
properties,Resolve: {#}/{#},68,3,#|#,2,1,"{""name"": ""Resolve: {0}/{1}"", ""values"": [[""225"", 0], [""300"", 0]], ""displayMode"": 3, ""type"": 68}"
properties,Reward,76,0,Foil Ventor's Gamble,1,1,"{""displayMode"": 0, ""name"": ""Reward"", ""type"": 76, ""values"": [[""Foil Ventor's Gamble"", 10]]}"
properties,Reward: {#},52,3,Zerphi's Last Breath,1,1,"{""displayMode"": 3, ""name"": ""Reward: {0}"", ""type"": 52, ""values"": [[""Zerphi's Last Breath"", 10]]}"
properties,Reward: {#},52,3,Grasping Nightshade,1,1,"{""displayMode"": 3, ""name"": ""Reward: {0}"", ""type"": 52, ""values"": [[""Grasping Nightshade"", 10]]}"
properties,Reward: {#},52,3,Rumi's Concoction,1,1,"{""displayMode"": 3, ""name"": ""Reward: {0}"", ""type"": 52, ""values"": [[""Rumi's Concoction"", 10]]}"
properties,Reward: {#},52,3,Saffell's Frame,1,1,"{""displayMode"": 3, ""name"": ""Reward: {0}"", ""type"": 52, ""values"": [[""Saffell's Frame"", 10]]}"
properties,Reward: {#},52,3,Death's Oath,1,1,"{""displayMode"": 3, ""name"": ""Reward: {0}"", ""type"": 52, ""values"": [[""Death's Oath"", 10]]}"
properties,Reward: {#},52,3,The Searing Touch,1,1,"{""displayMode"": 3, ""name"": ""Reward: {0}"", ""type"": 52, ""values"": [[""The Searing Touch"", 10]]}"
properties,Reward: {#},52,3,Kaom's Binding,1,1,"{""displayMode"": 3, ""name"": ""Reward: {0}"", ""type"": 52, ""values"": [[""Kaom's Binding"", 10]]}"
properties,Reward: {#},52,3,Astral Projector,1,1,"{""displayMode"": 3, ""name"": ""Reward: {0}"", ""type"": 52, ""values"": [[""Astral Projector"", 10]]}"
properties,Reward: {#},52,3,Beltimber Blade,1,1,"{""displayMode"": 3, ""name"": ""Reward: {0}"", ""type"": 52, ""values"": [[""Beltimber Blade"", 10]]}"
properties,Reward: {#},52,3,Death Rush,1,1,"{""displayMode"": 3, ""name"": ""Reward: {0}"", ""type"": 52, ""values"": [[""Death Rush"", 10]]}"
properties,Reward: {#},52,3,Lightning Coil,1,1,"{""displayMode"": 3, ""name"": ""Reward: {0}"", ""type"": 52, ""values"": [[""Lightning Coil"", 10]]}"
properties,Reward: {#},52,3,Sin's Rebirth,1,1,"{""displayMode"": 3, ""name"": ""Reward: {0}"", ""type"": 52, ""values"": [[""Sin's Rebirth"", 10]]}"
properties,Reward: {#},52,3,Mystic Refractor,1,1,"{""displayMode"": 3, ""name"": ""Reward: {0}"", ""type"": 52, ""values"": [[""Mystic Refractor"", 10]]}"
properties,Reward: {#},52,3,Taryn's Shiver,1,1,"{""displayMode"": 3, ""name"": ""Reward: {0}"", ""type"": 52, ""values"": [[""Taryn's Shiver"", 10]]}"
properties,Reward: {#},52,3,Maligaro's Virtuosity,1,1,"{""displayMode"": 3, ""name"": ""Reward: {0}"", ""type"": 52, ""values"": [[""Maligaro's Virtuosity"", 10]]}"
properties,Reward: {#},52,3,Andvarius,1,1,"{""displayMode"": 3, ""name"": ""Reward: {0}"", ""type"": 52, ""values"": [[""Andvarius"", 10]]}"
properties,Reward: {#},52,3,Shade of Solaris,1,1,"{""displayMode"": 3, ""name"": ""Reward: {0}"", ""type"": 52, ""values"": [[""Shade of Solaris"", 10]]}"
properties,Reward: {#},52,3,Doomsower,1,1,"{""displayMode"": 3, ""name"": ""Reward: {0}"", ""type"": 52, ""values"": [[""Doomsower"", 10]]}"
properties,Reward: {#},52,3,Carcass Jack,1,1,"{""displayMode"": 3, ""name"": ""Reward: {0}"", ""type"": 52, ""values"": [[""Carcass Jack"", 10]]}"
properties,Reward: {#},52,3,Light of Lunaris,1,1,"{""displayMode"": 3, ""name"": ""Reward: {0}"", ""type"": 52, ""values"": [[""Light of Lunaris"", 10]]}"
properties,Reward: {#},52,3,Prism Guardian,1,1,"{""displayMode"": 3, ""name"": ""Reward: {0}"", ""type"": 52, ""values"": [[""Prism Guardian"", 10]]}"
properties,Reward: {#},52,3,Shavronne's Revelation,1,1,"{""displayMode"": 3, ""name"": ""Reward: {0}"", ""type"": 52, ""values"": [[""Shavronne's Revelation"", 10]]}"
properties,Reward: {#},52,3,Chains of Command,1,1,"{""displayMode"": 3, ""name"": ""Reward: {0}"", ""type"": 52, ""values"": [[""Chains of Command"", 10]]}"
properties,Reward: {#},52,3,Emperor's Vigilance,1,1,"{""displayMode"": 3, ""name"": ""Reward: {0}"", ""type"": 52, ""values"": [[""Emperor's Vigilance"", 10]]}"
properties,Reward: {#},52,3,Cloak of Flame,1,1,"{""displayMode"": 3, ""name"": ""Reward: {0}"", ""type"": 52, ""values"": [[""Cloak of Flame"", 10]]}"
properties,Reward: {#},52,3,Doomfletch,1,1,"{""displayMode"": 3, ""name"": ""Reward: {0}"", ""type"": 52, ""values"": [[""Doomfletch"", 10]]}"
properties,Reward: {#},52,3,Lion's Roar,1,1,"{""displayMode"": 3, ""name"": ""Reward: {0}"", ""type"": 52, ""values"": [[""Lion's Roar"", 10]]}"
properties,Reward: {#},52,3,The Fourth Vow,1,1,"{""displayMode"": 3, ""name"": ""Reward: {0}"", ""type"": 52, ""values"": [[""The Fourth Vow"", 10]]}"
properties,Reward: {#},52,3,Heatshiver,1,1,"{""displayMode"": 3, ""name"": ""Reward: {0}"", ""type"": 52, ""values"": [[""Heatshiver"", 10]]}"
properties,Reward: {#},52,3,The Battle Within,1,1,"{""displayMode"": 3, ""name"": ""Reward: {0}"", ""type"": 52, ""values"": [[""The Battle Within"", 10]]}"
properties,Reward: {#},52,3,Blunderbore,1,1,"{""displayMode"": 3, ""name"": ""Reward: {0}"", ""type"": 52, ""values"": [[""Blunderbore"", 10]]}"
properties,Reward: {#},52,3,Berek's Respite,1,1,"{""displayMode"": 3, ""name"": ""Reward: {0}"", ""type"": 52, ""values"": [[""Berek's Respite"", 10]]}"
properties,Reward: {#},52,3,Mjölner,1,1,"{""displayMode"": 3, ""name"": ""Reward: {0}"", ""type"": 52, ""values"": [[""Mjölner"", 10]]}"
properties,Reward: {#},52,3,Doryani's Fist,1,1,"{""displayMode"": 3, ""name"": ""Reward: {0}"", ""type"": 52, ""values"": [[""Doryani's Fist"", 10]]}"
properties,Reward: {#},52,3,Varunastra,1,1,"{""displayMode"": 3, ""name"": ""Reward: {0}"", ""type"": 52, ""values"": [[""Varunastra"", 10]]}"
properties,Reward: {#},52,3,Mon'tregul's Grasp,1,1,"{""displayMode"": 3, ""name"": ""Reward: {0}"", ""type"": 52, ""values"": [[""Mon'tregul's Grasp"", 10]]}"
properties,Reward: {#},52,3,The Blood Dance,1,1,"{""displayMode"": 3, ""name"": ""Reward: {0}"", ""type"": 52, ""values"": [[""The Blood Dance"", 10]]}"
properties,Reward: {#},52,3,Fractal Thoughts,1,1,"{""displayMode"": 3, ""name"": ""Reward: {0}"", ""type"": 52, ""values"": [[""Fractal Thoughts"", 10]]}"
properties,Reward: {#},52,3,Dreamfeather,1,1,"{""displayMode"": 3, ""name"": ""Reward: {0}"", ""type"": 52, ""values"": [[""Dreamfeather"", 10]]}"
properties,Reward: {#},52,3,Tabula Rasa,1,1,"{""displayMode"": 3, ""name"": ""Reward: {0}"", ""type"": 52, ""values"": [[""Tabula Rasa"", 10]]}"
properties,Reward: {#},52,3,The Magnate,1,1,"{""displayMode"": 3, ""name"": ""Reward: {0}"", ""type"": 52, ""values"": [[""The Magnate"", 10]]}"
properties,Reward: {#},52,3,Kaom's Heart,1,1,"{""displayMode"": 3, ""name"": ""Reward: {0}"", ""type"": 52, ""values"": [[""Kaom's Heart"", 10]]}"
properties,Reward: {#},52,3,Cospri's Malice,1,1,"{""displayMode"": 3, ""name"": ""Reward: {0}"", ""type"": 52, ""values"": [[""Cospri's Malice"", 10]]}"
properties,Reward: {#},52,3,Berek's Grip,1,1,"{""name"": ""Reward: {0}"", ""values"": [[""Berek's Grip"", 10]], ""displayMode"": 3, ""type"": 52}"
properties,Reward: {#},52,3,Jorrhast's Blacksteel,1,1,"{""name"": ""Reward: {0}"", ""values"": [[""Jorrhast's Blacksteel"", 10]], ""displayMode"": 3, ""type"": 52}"
properties,Scarab,84,0,#%,1,1,"{""displayMode"": 0, ""name"": ""Scarab"", ""type"": 84, ""values"": [[""22%"", 1]]}"
properties,Shaper Map,80,0,#%,1,1,"{""displayMode"": 0, ""name"": ""Shaper Map"", ""type"": 80, ""values"": [[""9%"", 1]]}"
properties,"Spell, AoE, Channelling, Lightning, Duration, Arcane, Movement, Travel, Blink",,0,,0,1,"{""displayMode"": 0, ""name"": ""Spell, AoE, Channelling, Lightning, Duration, Arcane, Movement, Travel, Blink"", ""values"": []"
properties,"Spell, AoE, Chaos, Nova",,0,,0,1,"{""displayMode"": 0, ""name"": ""Spell, AoE, Chaos, Nova"", ""values"": []}"
properties,"Spell, AoE, Duration, Cold",,0,,0,1,"{""displayMode"": 0, ""name"": ""Spell, AoE, Duration, Cold"", ""values"": []}"
properties,"Spell, AoE, Duration, Lightning, Chaining, Orb",,0,,0,1,"{""displayMode"": 0, ""name"": ""Spell, AoE, Duration, Lightning, Chaining, Orb"", ""values"": []}"
properties,"Spell, AoE, Physical, Nova",,0,,0,1,"{""displayMode"": 0, ""name"": ""Spell, AoE, Physical, Nova"", ""values"": []}"
properties,"Spell, Duration",,0,,0,1,"{""displayMode"": 0, ""name"": ""Spell, Duration"", ""values"": []}"
properties,"Spell, Duration, Cold, Vaal",,0,,0,1,"{""displayMode"": 0, ""name"": ""Spell, Duration, Cold, Vaal"", ""values"": []}"
properties,"Spell, Minion, Duration, Prismatic",,0,,0,1,"{""displayMode"": 0, ""name"": ""Spell, Minion, Duration, Prismatic"", ""values"": []}"
properties,"Spell, Minion, Duration, Vaal, Attack, Melee, Strike",,0,,0,1,"{""displayMode"": 0, ""name"": ""Spell, Minion, Duration, Vaal, Attack, Melee, Strike"", ""values"": []}"
properties,"Spell, Movement, Duration, Fire",,0,,0,1,"{""name"": ""Spell, Movement, Duration, Fire"", ""values"": [], ""displayMode"": 0}"
properties,"Spell, Projectile, Physical, Duration",,0,,0,1,"{""displayMode"": 0, ""name"": ""Spell, Projectile, Physical, Duration"", ""values"": []}"
properties,Stored Experience: {#},31,3,#,1,1,"{""displayMode"": 3, ""name"": ""Stored Experience: {0}"", ""type"": 31, ""values"": [[""350000000"", 0]]}"
properties,"Support, Attack, Projectile, Trigger, AoE, Duration, Bow",,0,,0,1,"{""displayMode"": 0, ""name"": ""Support, Attack, Projectile, Trigger, AoE, Duration, Bow"", ""values"": []}"
properties,"Support, Hex, Spell, AoE, Chaos, Trigger",,0,,0,1,"{""displayMode"": 0, ""name"": ""Support, Hex, Spell, AoE, Chaos, Trigger"", ""values"": []}"
properties,"Support, Melee, Attack, Spell, Trigger",,0,,0,1,"{""name"": ""Support, Melee, Attack, Spell, Trigger"", ""values"": [], ""displayMode"": 0}"
properties,This item can be equipped by:\n{#},,3,"Vinderi, the Dismantler\nTullina, the Catburglar\nIsla, the Engineer",1,1,"{""displayMode"": 3, ""name"": ""This item can be equipped by:\n{0}"", ""values"": [[""Vinderi, the Dismantler\nTullina, the Catb"
properties,This item can be equipped by:\n{#},,3,"Niles, the Interrogator\nNenet, the Scout",1,1,"{""displayMode"": 3, ""name"": ""This item can be equipped by:\n{0}"", ""values"": [[""Niles, the Interrogator\nNenet, the Scout"""
properties,"Trap, Attack, AoE, Duration",,0,,0,1,"{""displayMode"": 0, ""name"": ""Trap, Attack, AoE, Duration"", ""values"": []}"
properties,"Trap, Spell, Duration, AoE, Lightning",,0,,0,1,"{""displayMode"": 0, ""name"": ""Trap, Spell, Duration, AoE, Lightning"", ""values"": []}"
properties,Unique Map,83,0,#%,1,1,"{""displayMode"": 0, ""name"": ""Unique Map"", ""type"": 83, ""values"": [[""5%"", 1]]}"
properties,"Warcry, Support, Melee, Attack",,0,,0,1,"{""name"": ""Warcry, Support, Melee, Attack"", ""values"": [], ""displayMode"": 0}"
properties,"[Attack], [AoESkill|AoE], [Melee], [Slam]",,0,,0,1,"{""displayMode"": 0, ""name"": ""[Attack], [AoESkill|AoE], [Melee], [Slam]"", ""values"": []}"
properties,"[Attack], [AoESkill|AoE], [Melee], [Strike]",,0,,0,1,"{""displayMode"": 0, ""name"": ""[Attack], [AoESkill|AoE], [Melee], [Strike]"", ""values"": []}"
properties,"[Attack], [AoESkill|AoE], [Projectile], [Lightning], [Chain|Chaining], [Repeat|Repeatable]",,0,,0,1,"{""displayMode"": 0, ""name"": ""[Attack], [AoESkill|AoE], [Projectile], [Lightning], [Chain|Chaining], [Repeat|Repeatable]"","
properties,"[Attack], [AoESkill|AoE], [Projectile], [Sustained], [Lightning], [DurationSkill|Duration], [Repeat|Repeatable]",,0,,0,1,"{""displayMode"": 0, ""name"": ""[Attack], [AoESkill|AoE], [Projectile], [Sustained], [Lightning], [DurationSkill|Duration], "
properties,"[Attack], [AoESkill|AoE], [Projectile], [Trigger], [Cold]",,0,,0,1,"{""displayMode"": 0, ""name"": ""[Attack], [AoESkill|AoE], [Projectile], [Trigger], [Cold]"", ""values"": []}"
properties,"[Attack], [Projectile], [Repeat|Repeatable]",,0,,0,1,"{""displayMode"": 0, ""name"": ""[Attack], [Projectile], [Repeat|Repeatable]"", ""values"": []}"
properties,[Block] chance,15,0,#%,1,1,"{""displayMode"": 0, ""name"": ""[Block] chance"", ""type"": 15, ""values"": [[""26%"", 0]]}"
properties,[Bow],109,0,,0,1,"{""displayMode"": 0, ""name"": ""[Bow]"", ""type"": 109, ""values"": []}"
properties,"[Buff], [Minion], [Persistent], [Fire], [DurationSkill|Duration]",,0,,0,1,"{""displayMode"": 0, ""name"": ""[Buff], [Minion], [Persistent], [Fire], [DurationSkill|Duration]"", ""values"": []}"
properties,[Mace|One Hand Mace],109,0,,0,1,"{""displayMode"": 0, ""name"": ""[Mace|One Hand Mace]"", ""type"": 109, ""values"": []}"
properties,"[Minion], [Buff], [AoESkill|AoE], [DurationSkill|Duration]",,0,,0,1,"{""displayMode"": 0, ""name"": ""[Minion], [Buff], [AoESkill|AoE], [DurationSkill|Duration]"", ""values"": []}"
properties,"[Minion], [Persistent], [Fire], [Detonator]",,0,,0,1,"{""displayMode"": 0, ""name"": ""[Minion], [Persistent], [Fire], [Detonator]"", ""values"": []}"
properties,[Quiver],109,0,,0,1,"{""displayMode"": 0, ""name"": ""[Quiver]"", ""type"": 109, ""values"": []}"
properties,[Rune|Rune],,0,,0,1,"{""displayMode"": 0, ""name"": ""[Rune|Rune]"", ""values"": []}"
properties,[Sceptre],109,0,,0,1,"{""displayMode"": 0, ""name"": ""[Sceptre]"", ""type"": 109, ""values"": []}"
properties,[Shield],109,0,,0,1,"{""displayMode"": 0, ""name"": ""[Shield]"", ""type"": 109, ""values"": []}"
properties,"[Spell], [AoESkill|AoE], [Fire], [DurationSkill|Duration], [Repeat|Repeatable]",,0,,0,1,"{""displayMode"": 0, ""name"": ""[Spell], [AoESkill|AoE], [Fire], [DurationSkill|Duration], [Repeat|Repeatable]"", ""values"": ["
properties,"[Spell], [AoESkill|AoE], [Lightning], [Cold], [Fire], [DurationSkill|Duration], [Curse], [Repeat|Repeatable]",,0,,0,1,"{""displayMode"": 0, ""name"": ""[Spell], [AoESkill|AoE], [Lightning], [Cold], [Fire], [DurationSkill|Duration], [Curse], [Re"
properties,"[Spell], [AoESkill|AoE], [Physical], [DurationSkill|Duration], [Curse], [Repeat|Repeatable]",,0,,0,1,"{""displayMode"": 0, ""name"": ""[Spell], [AoESkill|AoE], [Physical], [DurationSkill|Duration], [Curse], [Repeat|Repeatable]"""
properties,[Spirit],25,0,#,1,1,"{""displayMode"": 0, ""name"": ""[Spirit]"", ""type"": 25, ""values"": [[""112"", 1]]}"
properties,[SupportGemCategory|Category],,0,Pierce,1,1,"{""displayMode"": 0, ""name"": ""[SupportGemCategory|Category]"", ""values"": [[""Pierce"", 0]]}"
properties,[SupportGemCategory|Category],,0,Fortress,1,1,"{""displayMode"": 0, ""name"": ""[SupportGemCategory|Category]"", ""values"": [[""Fortress"", 0]]}"
properties,[SupportGemCategory|Category],,0,Rapid Casting,1,1,"{""displayMode"": 0, ""name"": ""[SupportGemCategory|Category]"", ""values"": [[""Rapid Casting"", 0]]}"
properties,[SupportGemCategory|Category],,0,Prolonged Duration,1,1,"{""displayMode"": 0, ""name"": ""[SupportGemCategory|Category]"", ""values"": [[""Prolonged Duration"", 0]]}"
properties,[SupportGemCategory|Category],,0,Additional Projectiles,1,1,"{""displayMode"": 0, ""name"": ""[SupportGemCategory|Category]"", ""values"": [[""Additional Projectiles"", 0]]}"
properties,[SupportGemCategory|Category],,0,Rapid Attacks,1,1,"{""displayMode"": 0, ""name"": ""[SupportGemCategory|Category]"", ""values"": [[""Rapid Attacks"", 0]]}"
properties,[SupportGemCategory|Category],,0,Brutality,1,1,"{""displayMode"": 0, ""name"": ""[SupportGemCategory|Category]"", ""values"": [[""Brutality"", 0]]}"
properties,[SupportGemCategory|Category],,0,Fire Attunement,1,1,"{""displayMode"": 0, ""name"": ""[SupportGemCategory|Category]"", ""values"": [[""Fire Attunement"", 0]]}"
properties,[SupportGemCategory|Category],,0,Last Gasp,1,1,"{""displayMode"": 0, ""name"": ""[SupportGemCategory|Category]"", ""values"": [[""Last Gasp"", 0]]}"
properties,[SupportGemCategory|Category],,0,Zenith,1,1,"{""displayMode"": 0, ""name"": ""[SupportGemCategory|Category]"", ""values"": [[""Zenith"", 0]]}"
properties,[SupportGemCategory|Category],,0,Seal,1,1,"{""displayMode"": 0, ""name"": ""[SupportGemCategory|Category]"", ""values"": [[""Seal"", 0]]}"
properties,[SupportGemCategory|Category],,0,Swift Affliction,1,1,"{""displayMode"": 0, ""name"": ""[SupportGemCategory|Category]"", ""values"": [[""Swift Affliction"", 0]]}"
properties,[SupportGem|Support],,0,,0,1,"{""displayMode"": 0, ""name"": ""[SupportGem|Support]"", ""values"": []}"
properties,"[SupportGem|Support], [Attack]",,0,,0,1,"{""displayMode"": 0, ""name"": ""[SupportGem|Support], [Attack]"", ""values"": []}"
properties,"[SupportGem|Support], [Fire]",,0,,0,1,"{""displayMode"": 0, ""name"": ""[SupportGem|Support], [Fire]"", ""values"": []}"
properties,"[SupportGem|Support], [Minion], [Persistent], [DurationSkill|Duration]",,0,,0,1,"{""displayMode"": 0, ""name"": ""[SupportGem|Support], [Minion], [Persistent], [DurationSkill|Duration]"", ""values"": []}"
properties,"[SupportGem|Support], [Physical]",,0,,0,1,"{""displayMode"": 0, ""name"": ""[SupportGem|Support], [Physical]"", ""values"": []}"
properties,{#} Other Monsters,107,3,#,1,1,"{""displayMode"": 3, ""name"": ""{0} Other Monsters"", ""type"": 107, ""values"": [[""150"", 0]]}"
requirements,Level,62,0,#,1,19337,"{""displayMode"": 0, ""name"": ""Level"", ""type"": 62, ""values"": [[""67"", 0]]}"
requirements,Int,65,1,#,1,6866,"{""displayMode"": 1, ""name"": ""Int"", ""type"": 65, ""values"": [[""131"", 0]]}"
requirements,Dex,64,1,#,1,5347,"{""displayMode"": 1, ""name"": ""Dex"", ""type"": 64, ""values"": [[""154"", 0]]}"
requirements,Str,63,1,#,1,5046,"{""displayMode"": 1, ""name"": ""Str"", ""type"": 63, ""values"": [[""159"", 0]]}"
requirements,Level {#} in {#},,3,#|Any Job,2,144,"{""displayMode"": 3, ""name"": ""Level {0} in {1}"", ""values"": [[""2"", 0], [""Any Job"", 0]]}"
requirements,Intelligence,65,1,#,1,57,"{""displayMode"": 1, ""name"": ""Intelligence"", ""type"": 65, ""values"": [[""183"", 0]]}"
requirements,Dexterity,64,1,#,1,46,"{""displayMode"": 1, ""name"": ""Dexterity"", ""type"": 64, ""values"": [[""170"", 0]]}"
requirements,Strength,63,1,#,1,32,"{""displayMode"": 1, ""name"": ""Strength"", ""type"": 63, ""values"": [[""212"", 0]]}"
requirements,Class:,57,0,Templar,1,24,"{""name"": ""Class:"", ""values"": [[""Templar"", 0]], ""displayMode"": 0, ""type"": 57}"
requirements,[Intelligence|Int],65,1,#,1,24,"{""displayMode"": 1, ""name"": ""[Intelligence|Int]"", ""type"": 65, ""values"": [[""47"", 0]]}"
requirements,Class:,57,0,Shadow,1,15,"{""displayMode"": 0, ""name"": ""Class:"", ""type"": 57, ""values"": [[""Shadow"", 0]]}"
requirements,Class:,57,0,Marauder,1,14,"{""displayMode"": 0, ""name"": ""Class:"", ""type"": 57, ""values"": [[""Marauder"", 0]]}"
requirements,Class:,57,0,Scion,1,13,"{""displayMode"": 0, ""name"": ""Class:"", ""type"": 57, ""values"": [[""Scion"", 0]]}"
requirements,Class:,57,0,Duelist,1,10,"{""displayMode"": 0, ""name"": ""Class:"", ""type"": 57, ""values"": [[""Duelist"", 0]]}"
requirements,Class:,57,0,Witch,1,8,"{""displayMode"": 0, ""name"": ""Class:"", ""type"": 57, ""values"": [[""Witch"", 0]]}"
requirements,Level {#} in {#},43,3,#|Trap Disarmament,2,8,"{""displayMode"": 3, ""name"": ""Level {0} in {1}"", ""type"": 43, ""values"": [[""5"", 0], [""Trap Disarmament"", 0]]}"
requirements,Level {#} in {#},41,3,#|Demolition,2,7,"{""displayMode"": 3, ""name"": ""Level {0} in {1}"", ""type"": 41, ""values"": [[""2"", 0], [""Demolition"", 0]]}"
requirements,Level {#} in {#},39,3,#|Brute Force,2,7,"{""displayMode"": 3, ""name"": ""Level {0} in {1}"", ""type"": 39, ""values"": [[""2"", 0], [""Brute Force"", 0]]}"
requirements,Level {#} in {#},45,3,#|Deception,2,6,"{""displayMode"": 3, ""name"": ""Level {0} in {1}"", ""type"": 45, ""values"": [[""2"", 0], [""Deception"", 0]]}"
requirements,Level {#} in {#},38,3,#|Lockpicking,2,6,"{""displayMode"": 3, ""name"": ""Level {0} in {1}"", ""type"": 38, ""values"": [[""4"", 0], [""Lockpicking"", 0]]}"
requirements,Level {#} in {#},40,3,#|Perception,2,6,"{""displayMode"": 3, ""name"": ""Level {0} in {1}"", ""type"": 40, ""values"": [[""2"", 0], [""Perception"", 0]]}"
requirements,Level {#} in {#},42,3,#|Counter-Thaumaturgy,2,6,"{""displayMode"": 3, ""name"": ""Level {0} in {1}"", ""type"": 42, ""values"": [[""2"", 0], [""Counter-Thaumaturgy"", 0]]}"
requirements,Class:,57,0,Ranger,1,5,"{""displayMode"": 0, ""name"": ""Class:"", ""type"": 57, ""values"": [[""Ranger"", 0]]}"
requirements,Level {#} in {#},44,3,#|Agility,2,5,"{""displayMode"": 3, ""name"": ""Level {0} in {1}"", ""type"": 44, ""values"": [[""5"", 0], [""Agility"", 0]]}"
requirements,Level {#} in {#},46,3,#|Engineering,2,4,"{""displayMode"": 3, ""name"": ""Level {0} in {1}"", ""type"": 46, ""values"": [[""4"", 0], [""Engineering"", 0]]}"
requirements,[Dexterity|Dex],64,1,#,1,3,"{""displayMode"": 1, ""name"": ""[Dexterity|Dex]"", ""type"": 64, ""values"": [[""9"", 0]]}"
requirements,[Strength|Str],63,1,#,1,3,"{""displayMode"": 1, ""name"": ""[Strength|Str]"", ""type"": 63, ""values"": [[""14"", 0]]}"
requirements,[Strength|Strength],63,1,#,1,2,"{""displayMode"": 1, ""name"": ""[Strength|Strength]"", ""type"": 63, ""values"": [[""10"", 0]]}"
supportGemRequirements,# [Intelligence|Int],65,0,(#),1,9,"{""displayMode"": 0, ""name"": ""+5 [Intelligence|Int]"", ""type"": 65, ""values"": [[""(5)"", 0]]}"
supportGemRequirements,# [Dexterity|Dex],64,0,(#),1,7,"{""displayMode"": 0, ""name"": ""+5 [Dexterity|Dex]"", ""type"": 64, ""values"": [[""(5)"", 0]]}"
supportGemRequirements,# [Strength|Str],63,0,(#),1,3,"{""displayMode"": 0, ""name"": ""+5 [Strength|Str]"", ""type"": 63, ""values"": [[""(5)"", 0]]}"
weaponRequirements,,96,0,[Bow],1,4,"{""displayMode"": 0, ""name"": """", ""type"": 96, ""values"": [[""[Bow]"", 0]]}"
weaponRequirements,,96,0,[Mace|One Hand Mace],1,2,"{""displayMode"": 0, ""name"": """", ""type"": 96, ""values"": [[""[Mace|One Hand Mace]"", 0]]}"
weaponRequirements,,96,0,[Mace|Two Hand Mace],1,2,"{""displayMode"": 0, ""name"": """", ""type"": 96, ""values"": [[""[Mace|Two Hand Mace]"", 0]]}"
