row_key,name,base,league,entries_bound,variants_considered,selections_considered,fitting_labels,outcome_strict,either_strict,fitting_selections,outcome,either,moved_by,lines_rescaled,catalyst_quality,catalyst_descriptor,catalyst_percent,other_arrays,fit_line_flags,none_reason,none_line
58072078a817,Death Rush,Amethyst Ring,Standard,1,3,3,Pre 3.19.0,one,no,Pre 3.19.0,one,no,,0,no,,,,,,
9a04bc6b2088,Storm Prison,Carved Wand,Standard,1,3,3,Pre 2.3.0;Pre 3.21.0,several,no,Pre 2.3.0;Pre 3.21.0,several,no,,0,no,,,,,,
fdfdc1da76f9,Willclash,Golden Mask,Standard,1,1,1,,none,no,,none,no,,0,no,,,,,no-text-match,+1 to Maximum Power Charges
bb196a45b7b6,Graven's Secret,Cloth Belt,Standard,1,2,2,,none,no,,none,no,,0,no,,,,,no-text-match,12% increased Movement Speed during any Flask Effect
26632ecd8890,Stormshroud,Viridian Jewel,Standard,1,1,1,only,one,no,only,one,no,,0,no,,,,,,
6864ef66faef,Malachai's Loop,Harmonic Spirit Shield,Standard,1,4,4,,none,no,,none,no,,0,no,,,,,no-text-match,+5% Chance to Block
2306bf31cf71,Foulborn The Pandemonius,Jade Amulet,Standard,0,0,0,,unbound,no,,unbound,no,,0,yes,Elemental Damage,20,,mutated,,
48c1fa4fe801,Foulborn Romira's Banquet,Diamond Ring,Standard,0,0,0,,unbound,no,,unbound,no,,0,yes,Critical,20,,mutated,,
74982f6ee652,Militant Faith,Timeless Jewel,Standard,1,20,1350,,none,no,Dominus (Inner Conviction) | Elemental Damage | Elemental Resistances,one,no,selection,0,no,,,,,,
e7d97179ba27,Watcher's Eye,Prismatic Jewel,Standard,0,0,0,,unbound,no,,unbound,no,,0,no,,,,,,
1bfa99c10624,Foulborn The Blue Dream,Cobalt Jewel,Standard,0,0,0,,unbound,no,,unbound,no,,0,no,,,,mutated,,
cb3c421b73f5,Foulborn Badge of the Brotherhood,Turquoise Amulet,Standard,0,0,0,,unbound,no,,unbound,no,,0,yes,Attribute,20,enchantMods,mutated,,
af739510b636,Foulborn Le Heup of All,Iron Ring,Standard,0,0,0,,unbound,no,,unbound,no,,0,yes,Defence,20,,mutated,,
0780a1902247,Ralakesh's Impatience,Riveted Boots,Standard,1,5,5,Power Current,one,no,Power Current,one,no,,0,no,,,,,,
53f1489d3c9e,Foulborn Tulfall,Opal Wand,Standard,0,0,0,,unbound,no,,unbound,no,,0,no,,,,mutated,,
d191a81a2cd5,The Embalmer,Carnal Mitts,Standard,1,1,1,only,one,no,only,one,no,,0,no,,,,,,
59927ed62513,Circle of Nostalgia,Amethyst Ring,Standard,1,7,28,,none,no,,none,no,,0,no,,,,,no-text-match,12% increased Cold Damage
72a124e14510,Coralito's Signature,Diamond Flask,Standard,1,2,2,Pre 3.15.0,one,no,Pre 3.15.0,one,no,,0,no,,,utilityMods,,,
351133208fc9,Fenumus' Weave,Carnal Mitts,Standard,1,1,1,only,one,no,only,one,no,,0,no,,,,,,
b6252eaf5299,The Wasp Nest,Throat Stabber,Standard,1,2,2,Current,one,no,Current,one,no,,0,no,,,,,,
f144d4cc0aa0,Witchfire Brew,Stibnite Flask,Standard,1,3,3,Pre 3.15.0,one,no,Pre 3.15.0,one,no,,0,no,,,utilityMods,,,
2040dbbf8708,The Wasp Nest,Throat Stabber,Standard,1,2,2,Current,one,no,Current,one,no,,0,no,,,,,,
ab46ffbd303b,Impresence,Onyx Amulet,Standard,1,5,5,Chaos,one,no,Chaos,one,no,,0,no,,,enchantMods,,,
8996cd2798a4,Cinderswallow Urn,Silver Flask,Standard,1,18,171,,none,no,Life Regen | Pre 3.15.0,one,no,selection,0,no,,,utilityMods,crafted,,
07609368f1cd,"Caer Blaidd, Wolfpack's Den",Map (Tier 16),Standard,0,0,0,,unbound,no,,unbound,no,,0,no,,,,,,
c781b6c886bf,"Caer Blaidd, Wolfpack's Den",Map (Tier 16),Standard,0,0,0,,unbound,no,,unbound,no,,0,no,,,,,,
0500c68a8ecd,Mao Kun,Map (Tier 16),Standard,0,0,0,,unbound,no,,unbound,no,,0,no,,,,,,
693d278c8217,Mao Kun,Map (Tier 16),Standard,0,0,0,,unbound,no,,unbound,no,,0,no,,,,,,
9fb488659984,Mao Kun,Map (Tier 16),Standard,0,0,0,,unbound,no,,unbound,no,,0,no,,,,,,
39ff193dcdae,Mao Kun,Map (Tier 16),Standard,0,0,0,,unbound,no,,unbound,no,,0,no,,,,,,
0cdc1e30cc88,Poorjoy's Asylum,Map (Tier 16),Standard,0,0,0,,unbound,no,,unbound,no,,0,no,,,,,,
3083e27175fe,Poorjoy's Asylum,Map (Tier 11),Standard,0,0,0,,unbound,no,,unbound,no,,0,no,,,,,,
2e1bf18a3a26,Poorjoy's Asylum,Map (Tier 16),Standard,0,0,0,,unbound,no,,unbound,no,,0,no,,,,,,
3081e70254bb,Poorjoy's Asylum,Map (Tier 16),Standard,0,0,0,,unbound,no,,unbound,no,,0,no,,,,,,
725d2bfd6cd4,Maelström of Chaos,Map (Tier 16),Standard,0,0,0,,unbound,no,,unbound,no,,0,no,,,,,,
493d935c5d0a,Maelström of Chaos,Map (Tier 16),Standard,0,0,0,,unbound,no,,unbound,no,,0,no,,,,,,
af09bf73b372,Oba's Cursed Trove,Map (Tier 16),Standard,0,0,0,,unbound,no,,unbound,no,,0,no,,,,,,
ed651bf6802e,Twisted Distant Memory,Map (Tier 16),Standard,0,0,0,,unbound,no,,unbound,no,,0,no,,,,,,
9381c2ca6a0e,Olmec's Sanctum,Map (Tier 16),Standard,0,0,0,,unbound,no,,unbound,no,,0,no,,,,,,
d2607f4b5ad9,Olmec's Sanctum,Map (Tier 16),Standard,0,0,0,,unbound,no,,unbound,no,,0,no,,,,,,
c238cf54292d,Olmec's Sanctum,Map (Tier 16),Standard,0,0,0,,unbound,no,,unbound,no,,0,no,,,,,,
1dcdd848b0df,Whakawairua Tuahu,Map (Tier 15),Standard,0,0,0,,unbound,no,,unbound,no,,0,no,,,,,,
7d5f9e1f1170,Whakawairua Tuahu,Map (Tier 7),Standard,0,0,0,,unbound,no,,unbound,no,,0,no,,,,,,
b494f5815973,Whakawairua Tuahu,Map (Tier 16),Standard,0,0,0,,unbound,no,,unbound,no,,0,no,,,,,,
0e85dabab367,The Coward's Trial,Map (Tier 14),Standard,0,0,0,,unbound,no,,unbound,no,,0,no,,,,,,
a14330b6e784,Hallowed Ground,Map (Tier 16),Standard,0,0,0,,unbound,no,,unbound,no,,0,no,,,,,,
5fe32bad770d,Hallowed Ground,Map (Tier 16),Standard,0,0,0,,unbound,no,,unbound,no,,0,no,,,,,,
65a4b66d3e3c,Hallowed Ground,Map (Tier 16),Standard,0,0,0,,unbound,no,,unbound,no,,0,no,,,,,,
5f2809e04398,Cortex,Map (Tier 16),Standard,0,0,0,,unbound,no,,unbound,no,,0,no,,,,,,
f382d9584354,Hall of Grandmasters,Map (Tier 16),Standard,0,0,0,,unbound,no,,unbound,no,,0,no,,,,,,
1c6f7211efdc,Hall of Grandmasters,Map (Tier 16),Standard,0,0,0,,unbound,no,,unbound,no,,0,no,,,,,,
7a8140928b75,Hall of Grandmasters,Map (Tier 16),Standard,0,0,0,,unbound,no,,unbound,no,,0,no,,,,,,
15b13aaea6d9,Acton's Nightmare,Map (Tier 16),Standard,0,0,0,,unbound,no,,unbound,no,,0,no,,,,,,
431306b5a7f5,Mother's Embrace,Heavy Belt,Standard,1,1,1,only,one,no,only,one,no,,0,no,,,,,,
9fcc792c13ba,Leash of Oblation,Leather Belt,Standard,1,1,1,only,one,no,only,one,no,,0,no,,,,,,
e3476a48f89f,Cyclopean Coil,Leather Belt,Standard,1,1,1,only,one,no,only,one,no,,0,no,,,,,,
b755c87002b7,Darkness Enthroned,Stygian Vise,Standard,1,3,3,Current,one,no,Current,one,no,,0,no,,,,,,
86f94b474341,Dyadian Dawn,Heavy Belt,Standard,1,2,2,Current,one,no,Current,one,no,,0,no,,,,,,
383e7b17e4d5,The Burden of Truth,Crystal Belt,Standard,1,1,1,only,one,no,only,one,no,,0,no,,,,,,
fa9bcd629666,Prismweave,Rustic Sash,Standard,1,3,3,Current,one,no,Current,one,no,,0,no,,,,,,
faff2abce97d,Perseverance,Vanguard Belt,Standard,1,2,2,Current,one,no,Current,one,no,,0,no,,,,,,
f8a3bfb10315,Foulborn Saresh's Darkness,Chain Belt,Standard,0,0,0,,unbound,no,,unbound,no,,0,no,,,,mutated,,
8c15128460e6,Belt of the Deceiver,Heavy Belt,Standard,1,2,2,Current,one,no,Current,one,no,,0,no,,,,,,
2daf3f2b676c,Headhunter,Leather Belt,Standard,1,1,1,only,one,no,only,one,no,,0,no,,,,,,
454a89b10a1b,Meginord's Girdle,Heavy Belt,Standard,1,2,2,,none,no,,none,no,,0,no,,,,,no-text-match,Hatred has 16% increased Aura Effect
aff2ac5f2b46,Mark of the Doubting Knight,Platinum Kris,Standard,1,4,4,Current,one,no,Current,one,no,,0,no,,,,,,
11075aba03be,Foulborn The Consuming Dark,Fiend Dagger,Standard,0,0,0,,unbound,no,,unbound,no,,0,no,,,,mutated,,
f246c5c6515f,Ghostwrithe,Silken Vest,Standard,1,1,1,only,one,no,only,one,no,,0,no,,,,,,
fbbd04a588a0,Daresso's Defiance,Full Dragonscale,Standard,1,6,6,Current;Pre 3.26.0,several,yes,Current;Pre 3.26.0,several,yes,,0,no,,,,,,
354a944276ee,Servant of Decay,Torturer Garb,Standard,1,1,1,only,one,no,only,one,no,,0,no,,,,,,
e73448cc8787,Shroud of the Lightless,Carnal Armour,Standard,1,7,7,Two Abyssal Sockets (Current),one,no,Two Abyssal Sockets (Current),one,no,,0,no,,,,,,
d7d648493ac6,Atziri's Splendour,Sacrificial Garb,Standard,1,18,18,Current (Evasion);Pre 3.0.0 (Evasion),several,yes,Current (Evasion);Pre 3.0.0 (Evasion),several,yes,,0,no,,,,,,
adac7628425b,Tinkerskin,Sadist Garb,Standard,1,1,1,only,one,no,only,one,no,,0,no,,,,,,
df9c104e41ca,Farrul's Fur,Triumphant Lamellar,Standard,1,1,1,only,one,no,only,one,no,,0,no,,,,,,
1ee5a98ea9e5,Bronn's Lithe,Cutthroat's Garb,Standard,1,4,4,Current,one,no,Current,one,no,,0,no,,,,,,
deaac2983379,Seven Teachings,Waxed Garb,Standard,1,1,1,only,one,no,only,one,no,,0,no,,,,,,
9b25f1fb2cb0,Ashrend,Buckskin Tunic,Standard,1,3,3,Current,one,no,Current,one,no,,0,no,,,,,,
d9714946db58,Lightning Coil,Desert Brigandine,Standard,1,3,3,Current,one,no,Current,one,no,,0,no,,,,,,
a6fae95737e7,Soul Mantle,Spidersilk Robe,Standard,1,5,5,Current,one,no,Current,one,no,,0,no,,,,,,
45df820fbbab,Voidwalker,Murder Boots,Standard,1,2,2,Current,one,no,Current,one,no,,0,no,,,,,,
2d961d6e55f7,Inextricable Fate,Fugitive Boots,Standard,1,1,1,only,one,no,only,one,no,,0,no,,,,,,
ce41796ba49a,Wake of Destruction,Mesh Boots,Standard,1,3,3,Current,one,no,Current,one,no,,0,no,,,,,,
2d32e791c698,Scornflux,Satin Slippers,Standard,1,1,1,,none,no,,none,no,,0,no,,,,,no-text-match,Misty Footprints
eb1485e4881e,Veruso's Ambition,Shackled Boots,Standard,1,1,1,only,one,no,only,one,no,,0,no,,,,,,
9e7c08f76d1b,Legacy of Fury,Wyrmscale Boots,Standard,1,2,2,Current,one,no,Current,one,no,,0,no,,,,,,
e6c9f919e25a,Bubonic Trail,Murder Boots,Standard,1,4,4,Two Abyssal Sockets (Current),one,no,Two Abyssal Sockets (Current),one,no,,0,no,,,,,,
72dee224a904,Seven-League Step,Rawhide Boots,Standard,1,1,1,only,one,no,only,one,no,,0,no,,,,,,
58ee6151cb77,Giantsbane,Bronze Gauntlets,Standard,1,2,2,Current,one,no,Current,one,no,,0,no,,,,,,
4f08428f760e,Allelopathy,Satin Gloves,Standard,1,3,3,Current,one,no,Current,one,no,,0,no,,,,,,
a0d64a99d9b1,Painseeker,Shagreen Gloves,Standard,1,1,1,only,one,no,only,one,no,,0,no,,,,,,
5de30b3ecc91,Kaom's Spirit,Titan Gauntlets,Standard,1,3,3,Current,one,no,Current,one,no,,0,no,,,,,,
797fca8fe2c8,Veruso's Battering Rams,Titan Gauntlets,Standard,1,1,1,only,one,no,only,one,no,,0,no,,,,,,
9a0d07eb409c,Haemophilia,Serpentscale Gauntlets,Standard,1,1,1,only,one,no,only,one,no,,0,no,,,,,,
cace133ed390,Null and Void,Legion Gloves,Standard,1,1,1,only,one,no,only,one,no,,0,no,,,,,,
f69553067fc3,Demon Stitcher,Satin Gloves,Standard,1,2,2,Current,one,no,Current,one,no,,0,no,,,,,,
b728d601b0c5,Sadima's Touch,Wool Gloves,Standard,1,4,4,,none,no,,none,no,,0,no,,,,,number-outside-range,5% increased Rarity of Items found
6d34c819247d,Stormseeker,Ambush Mitts,Standard,1,1,1,only,one,no,only,one,no,,0,no,,,,,,
9ff993652bf0,Hrimsorrow,Goathide Gloves,Standard,1,3,3,Current,one,no,Current,one,no,,0,no,,,,,,
c9fe6c57181b,Doedre's Tenure,Velvet Gloves,Standard,1,3,3,Current,one,no,Current,one,no,,0,no,,,,,,
6c56f1d41027,Quecholli,Jagged Maul,Standard,1,2,2,,none,no,,none,no,,0,no,,,,,no-text-match,"Enemies Killed with Attack or Spell Hits Explode, dealing 10% of their Life as Fire Damage"
fca1d80f75fd,Axiom Perpetuum,Bronze Sceptre,Standard,1,2,2,Current,one,no,Current,one,no,,0,no,,,,,,
2e62e5e78c38,Flesh-Eater,Dream Mace,Standard,1,2,2,Current,one,no,Current,one,no,,0,no,,,,,,
20c719835146,The Wasp Nest,Throat Stabber,Standard,1,2,2,Current,one,no,Current,one,no,,0,no,,,,,,
f09e209ad9aa,Touch of Anguish,Imperial Claw,Standard,1,2,2,Current,one,no,Current,one,no,,0,no,,,,,,
08d30c94d977,Allure,Vaal Claw,Standard,1,2,2,,none,no,,none,no,,0,no,,,,,no-text-match,Adds 17 to 34 Fire Damage
5a62b0320470,Cybil's Paw,Thresher Claw,Standard,1,4,4,Current,one,no,Current,one,no,,0,no,,,,,,
decd14817e68,Foulborn Hand of Thought and Motion,Imperial Claw,Standard,0,0,0,,unbound,no,,unbound,no,,0,no,,,,mutated,,
6ed70d5b73f2,Cane of Unravelling,Ezomyte Staff,Standard,1,5,5,Pre 3.29.0,one,no,Pre 3.29.0,one,no,,0,no,,,,,,
83f3d0314023,Soulwrest,Ezomyte Staff,Standard,1,4,4,Current,one,no,Current,one,no,,0,no,,,,,,
0ca3058e7a6a,Dying Breath,Iron Staff,Standard,1,3,3,,none,no,,none,no,,0,no,,,,,number-outside-range,13% increased Cast Speed
abaeb180e5e3,Agnerod East,Imperial Staff,Standard,1,3,3,Current,one,no,Current,one,no,,0,no,,,,,,
8e539d44cd97,Agnerod South,Imperial Staff,Standard,1,3,3,Current,one,no,Current,one,no,,0,no,,,,,,
22daf2ebaa48,The Unseen Hue,Opal Ring,Standard,1,3,3,Brittle,one,no,Brittle,one,no,,0,no,,,,,,
66ece7c5162d,Sibyl's Lament,Coral Ring,Standard,1,5,5,,none,no,,none,no,,0,no,,,,,no-text-match,Grants Level 21 Wrath Skill
72024a01efe2,Circle of Nostalgia,Amethyst Ring,Standard,1,7,28,,none,no,,none,no,,0,no,,,,,no-text-match,+12 to Intelligence
64b214e7fa8f,Snakepit,Sapphire Ring,Standard,1,2,2,Current,one,no,Current,one,no,,0,no,,,,,,
8fc9a03ec083,Circle of Guilt,Iron Ring,Standard,1,7,28,,none,no,,none,no,,0,no,,,,,no-text-match,+7 to Strength
acf5c9e8efab,Rigwald's Crest,Two-Stone Ring,Standard,1,2,2,Current,one,no,Current,one,no,,0,no,,,,,,
cff2e9ac21cb,Tasalio's Sign,Sapphire Ring,Standard,1,2,2,Current,one,no,Current,one,no,,0,no,,,,,,
107b447d02aa,Andvarius,Gold Ring,Standard,1,1,1,only,one,no,only,one,no,,0,no,,,,,,
4be93968b121,Circle of Anguish,Ruby Ring,Standard,1,7,28,,none,no,,none,no,,0,no,,,,,no-text-match,+8 to Dexterity
74447b9afc98,Kikazaru,Topaz Ring,Standard,1,4,4,Current,one,no,Current,one,no,,0,no,,,,,,
a5c7896cb858,Mark of the Shaper,Opal Ring,Standard,1,1,1,only,one,no,only,one,no,,0,no,,,,,,
b44963be213b,Thief's Torment,Prismatic Ring,Standard,1,6,6,Current,one,no,Current,one,no,,0,no,,,,,,
13407d6e24f3,Ventor's Gamble,Gold Ring,Standard,1,2,2,,none,no,,none,no,,0,no,,,,,no-text-match,9% increased Mana Reservation Efficiency of Skills
7537ce3e681a,Call of the Brotherhood,Two-Stone Ring,Standard,1,2,2,Current,one,no,Current,one,no,,0,no,,,,,,
cec1fa619084,Lori's Lantern,Prismatic Ring,Standard,1,2,2,Current;Pre 1.0.0,several,yes,Current;Pre 1.0.0,several,yes,,0,no,,,,,,
6298a5461fb5,Mokou's Embrace,Ruby Ring,Standard,1,2,2,,none,no,,none,no,,0,no,,,,,no-text-match,Grants Level 23 Conductivity Skill
d297e38748a2,Circle of Regret,Topaz Ring,Standard,1,7,28,,none,no,,none,no,,0,no,,,,,no-text-match,-21 Lightning Damage taken from Hits
af9951e8a06e,The Will of Xoph,Enthalpic Ring,Standard,1,1,1,only,one,no,only,one,no,,0,no,,,,,,
97e7d02b847c,Putembo's Mountain,Topaz Ring,Standard,1,1,1,only,one,no,only,one,no,,0,no,,,,,,
155a7846ca94,Betrayal's Sting,Steel Ring,Standard,1,1,1,only,one,no,only,one,no,,0,no,,,,,,
196163e12dea,Timeclasp,Moonstone Ring,Standard,1,4,4,Current,one,no,Current,one,no,,0,no,,,,,,
deb6260e62e6,Le Heup of All,Iron Ring,Standard,1,2,2,Current,one,no,Current,one,no,,0,no,,,,,,
9d5628057286,Ngamahu's Sign,Ruby Ring,Standard,1,4,4,Pre 3.29.0,one,no,Pre 3.29.0,one,no,,0,no,,,,,,
fae98e7f8ea1,Doedre's Damning,Paua Ring,Standard,1,2,2,Current,one,no,Current,one,no,,0,no,,,,,,
2df1a185c6da,Blackheart,Iron Ring,Standard,1,2,2,Current,one,no,Current,one,no,,0,no,,,,,,
056b1b59de05,Karui Ward,Jade Amulet,Standard,1,2,2,Current,one,no,Current,one,no,,0,no,,,,,,
e173fd44f36d,Leadership's Price,Onyx Amulet,Standard,1,1,1,only,one,no,only,one,no,,0,no,,,,,,
bf1b0b10683b,Bonemeld,Marble Amulet,Standard,1,1,1,only,one,no,only,one,no,,0,no,,,,,,
920db588d89a,Replica Dragonfang's Flight,Onyx Amulet,Standard,0,0,0,,unbound,no,,unbound,no,,0,no,,,,,,
7d877c472bcb,Eye of Chayula,Onyx Amulet,Standard,1,1,1,only,one,no,only,one,no,,0,no,,,,,,
78516f410978,Carnage Heart,Onyx Amulet,Standard,1,2,2,Current,one,no,Current,one,no,,0,no,,,,,,
b66e4dc36af6,The Primordial Chain,Coral Amulet,Standard,1,2,2,Current,one,no,Current,one,no,,0,no,,,,,,
0be1bc494699,Atziri's Foible,Paua Amulet,Standard,1,2,2,Current,one,no,Current,one,no,,0,no,,,,,,
625c8a1436f2,The Anvil,Amber Amulet,Standard,1,4,4,Current,one,no,Current,one,no,,0,no,,,,,,
e8325f9a0490,The Aylardex,Agate Amulet,Standard,1,2,2,Current,one,no,Current,one,no,,0,no,,,,,,
069a02c0a03a,Blightwell,Clutching Talisman,Standard,1,3,3,Pre 3.29.0,one,no,Pre 3.29.0,one,no,,0,no,,,,,,
0936d3af9a17,Bloodsoaked Medallion,Amber Amulet,Standard,1,1,1,,none,no,,none,no,,0,no,,,,,number-outside-range,33% increased Global Critical Strike Chance
1d99715edba0,Doedre's Tongue,Lapis Amulet,Standard,1,1,1,only,one,no,only,one,no,,0,no,,,,,,
1208d497e01f,Victario's Acuity,Turquoise Amulet,Standard,1,1,1,only,one,no,only,one,no,,0,no,,,,,,
851ba553bbe9,Ikiaho's Promise,Coral Amulet,Standard,1,1,1,only,one,no,only,one,no,,0,no,,,,,,
32253274c7ad,Ashes of the Stars,Onyx Amulet,Standard,1,2,2,Current,one,no,Current,one,no,,0,no,,,,,,
90588508e595,Replica Karui Ward,Jade Amulet,Standard,1,1,1,only,one,no,only,one,no,,0,no,,,enchantMods,,,
55e714994e9f,Roth's Reach,Recurve Bow,Standard,1,3,3,Current,one,no,Current,one,no,,0,no,,,,,,
620c4860d3ef,The Bane of Hope,Maraketh Bow,Standard,1,1,1,only,one,no,only,one,no,,0,no,,,,,,
9e0f2b0ff2e5,Piscator's Vigil,Kinetic Wand,Standard,1,5,5,Current,one,no,Current,one,no,,0,no,,,,,,
0717559ef61a,Void Battery,Prophecy Wand,Standard,1,3,3,Pre 3.29.0,one,no,Pre 3.29.0,one,no,,0,no,,,,,,
d306f82b245a,Ashcaller,Goat's Horn,Standard,1,5,5,Current,one,no,Current,one,no,,0,no,,,,,,
d03aa8f36997,Lifesprig,Driftwood Wand,Standard,1,1,1,,none,no,,none,no,,0,no,,,,,no-text-match,Regenerate 8 Life over 1 second when you Cast a Spell
9e77b90de893,The Oppressor,Elegant Round Shield,Standard,1,1,1,only,one,no,only,one,no,,0,no,,,,,,
22f4aeb2a071,The Deep One's Hide,Studded Round Shield,Standard,1,2,2,Current,one,no,Current,one,no,,0,no,,,,,,
ffc1861146d8,The Eternal Apple,Chiming Spirit Shield,Standard,1,1,1,only,one,no,only,one,no,,0,no,,,,,,
35a34aee3df6,Dawnbreaker,Colossal Tower Shield,Standard,1,1,1,only,one,no,only,one,no,,0,no,,,,,,
656c35027d62,Light of Lunaris,Jingling Spirit Shield,Standard,1,3,3,Current,one,no,Current,one,no,,0,no,,,,,,
13d156866836,Sentari's Answer,Brass Spirit Shield,Standard,1,3,3,Current,one,no,Current,one,no,,0,no,,,,,,
5a5380d58cac,Perepiteia,Ezomyte Spiked Shield,Standard,1,1,1,,none,no,,none,no,,0,no,,,,,no-text-match,+6 to all Attributes
b1aa98b6e036,Thousand Teeth Temu,Vaal Buckler,Standard,1,4,4,Current,one,no,Current,one,no,,0,no,,,,,,
0b70ecb82181,Rise of the Phoenix,Mosaic Kite Shield,Standard,1,4,4,Current,one,no,Current,one,no,,0,no,,,,,,
5335e5a1218b,Crest of Perandus,Pine Buckler,Standard,1,3,3,Current,one,no,Current,one,no,,0,no,,,,,,
a28a4100e7cf,Aegis Aurora,Champion Kite Shield,Standard,1,3,3,Current,one,no,Current,one,no,,0,no,,,,,,
680385aa93d1,Asphyxia's Wrath,Feathered Arrow Quiver,Standard,1,3,3,Current,one,no,Current,one,no,,0,no,,,,,,
4d048284a812,Scorpion's Call,Heavy Arrow Quiver,Standard,1,2,2,Current,one,no,Current,one,no,,0,no,,,,,,
673956b22f54,Hyrri's Bite,Sharktooth Arrow Quiver,Standard,1,2,2,Current,one,no,Current,one,no,,0,no,,,,,,
7d51e1f44c89,Saemus' Gift,Feathered Arrow Quiver,Standard,1,2,2,Current,one,no,Current,one,no,,0,no,,,,,,
102bbaf645f2,Wings of Entropy,Ezomyte Axe,Standard,1,6,6,Current,one,no,Current,one,no,,0,no,,,,,,
c58d9a56fb35,Relentless Fury,Decorative Axe,Standard,1,2,2,Current,one,no,Current,one,no,,0,no,,,,,,
f5adea3e914d,Hezmana's Bloodlust,Vaal Axe,Standard,1,2,2,Current,one,no,Current,one,no,,0,no,,,,,,
4764d2d8efbb,Moonbender's Wing,Tomahawk,Standard,1,2,2,Current,one,no,Current,one,no,,0,no,,,,,,
73c9caa0907b,Devoto's Devotion,Nightmare Bascinet,Standard,1,1,1,only,one,no,only,one,no,,0,no,,,,,,
ce23489f2e80,Forbidden Shako,Great Crown,Standard,0,0,0,,unbound,no,,unbound,no,,0,no,,,,,,
49d25a3633e2,Abyssus,Ezomyte Burgonet,Standard,1,3,3,Current;Pre 2.2.0,several,yes,Current;Pre 2.2.0,several,yes,,0,no,,,,,,
a7efea36baa8,Fairgraves' Tricorne,Tricorne,Standard,1,2,2,Current,one,no,Current,one,no,,0,no,,,,,,
ba08a68406e7,Lightpoacher,Great Crown,Standard,1,4,4,One Abyssal Socket (Current),one,no,One Abyssal Socket (Current),one,no,,0,no,,,,,,
63fde1fa65ee,Usurper's Penance,Eternal Burgonet,Standard,1,1,1,only,one,no,only,one,no,,0,no,,,,,,
fd16b503e12e,Honourhome,Soldier Helmet,Standard,1,4,4,Pre 3.29.0,one,no,Pre 3.29.0,one,no,,0,no,,,,,,
397287e8950f,The Baron,Close Helmet,Standard,1,2,2,Current,one,no,Current,one,no,,0,no,,,,,,
dd3dd44a9f31,Skullhead,Secutor Helm,Standard,1,3,3,Current,one,no,Current,one,no,,0,no,,,,,,
c87e1338f395,Black Sun Crest,Lacquered Helmet,Standard,1,1,1,only,one,no,only,one,no,,0,no,,,,,,
debcab162104,Goldrim,Leather Cap,Standard,1,1,1,only,one,no,only,one,no,,0,no,,,,,,
80ce7646ca0b,The Broken Crown,Prophet Crown,Standard,1,3,3,Current,one,no,Current,one,no,,0,no,,,,,,
bf0383a18c0f,Mark of the Red Covenant,Tribal Circlet,Standard,1,3,3,,none,no,,none,no,,0,no,,,,,variant-line-not-displayed,(10-15)% increased Stun and Block Recovery
da58fc3b98ba,Crown of the Inward Eye,Prophet Crown,Standard,1,1,1,only,one,no,only,one,no,,0,no,,,,,,
84dee08d6560,Howlcrack,Ezomyte Burgonet,Standard,1,1,1,only,one,no,only,one,no,,0,no,,,,,,
1e3f876e1c4d,Wilma's Requital,Solaris Circlet,Standard,1,1,1,only,one,no,only,one,no,,0,no,,,,,,
9b9b73325500,Maw of Conquest,Steel Circlet,Standard,1,1,1,,none,no,,none,no,,0,no,,,,,no-text-match,65% increased Spell Critical Strike Chance
ef610d80be8c,Ancient Skull,Bone Helmet,Standard,1,1,1,only,one,no,only,one,no,,0,no,,,,,,
efb9f64462e9,Willclash,Golden Mask,Standard,1,1,1,only,one,no,only,one,no,,0,no,,,,,,
8fbc0824bd6b,Careful Planning,Viridian Jewel,Standard,1,2,2,Current;Pre 3.20.0,several,yes,Current;Pre 3.20.0,several,yes,,0,no,,,,,,
ddf2e58c3640,Tempered Flesh,Crimson Jewel,Standard,1,3,3,Current,one,no,Current,one,no,,0,no,,,,,,
f4ed360cb47d,Efficient Training,Crimson Jewel,Standard,1,2,2,Current;Pre 3.20.0,several,yes,Current;Pre 3.20.0,several,yes,,0,no,,,,,,
3e815682c733,Inertia,Crimson Jewel,Standard,1,2,2,Current;Pre 3.20.0,several,yes,Current;Pre 3.20.0,several,yes,,0,no,,,,,,
3f5ee52f366b,Pure Talent,Viridian Jewel,Standard,1,2,2,Current,one,no,Current,one,no,,0,no,,,,,,
888ce32a86f3,Self-Flagellation,Viridian Jewel,Standard,1,1,1,only,one,no,only,one,no,,0,no,,,,,,
68770a85b2ee,Inspired Learning,Crimson Jewel,Standard,1,1,1,only,one,no,only,one,no,,0,no,,,,,,
c2d8a50981e6,Lakishu's Blade,Elegant Sword,Standard,1,2,2,Current,one,no,Current,one,no,,0,no,,,,,,
2c7def6ea531,Hiltless,Reaver Sword,Standard,1,3,3,,none,no,,none,no,,0,no,,,,,no-text-match,11% increased Physical Damage
c19ce7bcb156,Redbeak,Rusted Sword,Standard,1,2,2,Current,one,no,Current,one,no,,0,no,,,,,,
3e663d32a342,Scaeva,Gladius,Standard,1,3,3,Pre 3.29.0,one,no,Pre 3.29.0,one,no,,0,no,,,,,,
41a4e57cc3bc,Prismatic Eclipse,Twilight Blade,Standard,1,5,5,Pre 3.29.0,one,no,Pre 3.29.0,one,no,,0,no,,,,,,
bcc1d0616ab4,The Tempestuous Steel,War Sword,Standard,1,2,2,Current,one,no,Current,one,no,,0,no,,,,,,
45e1abe6b5ed,Shiversting,Bastard Sword,Standard,1,3,3,Current,one,no,Current,one,no,,0,no,,,,,,
81521acc0281,The Surging Thoughts,Legion Sword,Standard,1,1,1,only,one,no,only,one,no,,0,no,,,,,,
84f4e112e4f2,Darkness Enthroned,Stygian Vise,Allflame,1,3,3,Current,one,no,Current,one,no,,0,no,,,,,,
c6a47058fdc8,Ashes of the Stars,Onyx Amulet,Allflame,1,2,2,Current,one,no,Current,one,no,,0,no,,,enchantMods,,,
ea7b6c45d9f0,The Covenant,Spidersilk Robe,Allflame,1,6,6,Current,one,no,Current,one,no,,0,no,,,,,,
7f0cd2a1de60,Amanamu's Gaze,Ghastly Eye Jewel,Allflame,1,1,1,only,one,no,only,one,no,,0,no,,,,,,
0438f46ede61,The Green Nightmare,Viridian Jewel,Allflame,1,3,3,Current,one,no,Current,one,no,,0,no,,,,,,
33e100f3909e,Obliteration,Imbued Wand,Standard,1,6,6,Pre 3.21.0;Pre 3.27.0,several,no,Pre 3.21.0;Pre 3.27.0,several,no,,0,no,,,crucibleMods,,,
45d3253f0e43,Mortem Morsu,Fright Claw,Standard,1,4,4,,none,no,,none,no,,0,no,,,crucibleMods,,number-outside-range,Grants 25 Life per Enemy Hit
d85278f45891,Ming's Heart,Amethyst Ring,Standard,1,4,4,,none,no,Current,one,no,catalyst,2,yes,Physical and Chaos Damage,20,enchantMods,,,
7b7759a22945,Lightning Coil,Desert Brigandine,Standard,1,3,3,Current,one,no,Current,one,no,,0,no,,,,,,
cf153d13834b,Progenesis,Amethyst Flask,Standard,1,1,1,,none,no,,none,no,,0,no,,,enchantMods;utilityMods,,no-text-match,25% increased Duration
88e016f18e30,Taste of Hate,Sapphire Flask,Standard,1,5,5,Pre 3.25.0,one,no,Pre 3.25.0,one,no,,0,no,,,enchantMods;utilityMods,,,
66103146cd91,Maloney's Mechanism,Ornate Quiver,Standard,1,1,1,only,one,no,only,one,no,,0,no,,,,,,
ce82dc608c07,Bloodnotch,Crimson Jewel,Standard,1,2,2,Pre 3.28.0,one,no,Pre 3.28.0,one,no,,0,no,,,,,,
c45508be92ef,Watcher's Eye,Prismatic Jewel,Standard,0,0,0,,unbound,no,,unbound,no,,0,no,,,,,,
23fe8497cb75,Immutable Force,Crimson Jewel,Standard,1,1,1,only,one,no,only,one,no,,0,no,,,,,,
7e9ad4b44f02,The Burden of Truth,Crystal Belt,Standard,1,1,1,only,one,no,only,one,no,,0,no,,,,,,
8a73b730e618,The Consuming Dark,Fiend Dagger,Standard,1,3,3,Current,one,no,Current,one,no,,0,no,,,,,,
8fe52e9d39ad,Eber's Unification,Hubris Circlet,Standard,1,1,1,,none,no,,none,no,,0,no,,,,,number-outside-range,172% increased Energy Shield
04dcebce0519,Atziri's Promise,Amethyst Flask,Standard,1,3,3,Current,one,no,Current,one,no,,0,no,,,enchantMods;utilityMods,,,
35f39c956832,Abhorrent Interrogation,Ambush Mitts,Standard,1,1,1,only,one,no,only,one,no,,0,no,,,,,,
e82cb7150536,Blackflame,Amethyst Ring,Standard,1,1,1,only,one,no,only,one,no,,0,no,,,enchantMods,,,
77f0590ea41f,The Consuming Dark,Fiend Dagger,Standard,1,3,3,Current,one,no,Current,one,no,,0,no,,,,,,
09277fe65511,Seven-League Step,Rawhide Boots,Standard,1,1,1,only,one,no,only,one,no,,0,no,,,,,,
907d763fd799,Dying Sun,Ruby Flask,Standard,1,4,4,Pre 3.15.0,one,no,Pre 3.15.0,one,no,,0,no,,,utilityMods,,,
8f1e14bd030d,Kaom's Roots,Titan Greaves,Standard,1,2,2,,none,no,,none,no,,0,no,,,,,no-text-match,+6% chance to Suppress Spell Damage while moving
b78c823f09ad,Cinderswallow Urn,Silver Flask,Standard,1,18,171,,none,no,,none,no,,0,no,,,utilityMods,crafted,no-text-match,50% Chance to Avoid being Stunned during Effect
861bf6bf5ea3,Shackles of the Wretched,Chain Gloves,Standard,1,2,2,,none,no,,none,no,,0,no,,,,,no-text-match,Curse Enemies with Elemental Weakness on Hit
2301c83b50ca,Headhunter,Leather Belt,Standard,1,1,1,,none,no,only,one,no,catalyst,2,yes,Attribute,20,enchantMods,,,
f23ea2b58fdb,Solstice Vigil,Onyx Amulet,Standard,1,2,2,,none,no,Current,one,no,catalyst,1,yes,Attribute,20,enchantMods,,,
5b6fc19d6e8b,Watcher's Eye,Prismatic Jewel,Standard,0,0,0,,unbound,no,,unbound,no,,0,no,,,,,,
8bc93591d450,Mantra of Flames,Crimson Jewel,Standard,1,1,1,,none,no,,none,no,,0,no,,,,,no-text-match,4% increased Damage
21826067003f,Voices,Large Cluster Jewel,Standard,1,4,4,Adds 5 Small Passive Skills,one,no,Adds 5 Small Passive Skills,one,no,,0,no,,,,,,
9f50fba75319,Inspired Learning,Crimson Jewel,Standard,1,1,1,only,one,no,only,one,no,,0,no,,,,,,
b0701bb2c93d,Inspired Learning,Crimson Jewel,Standard,1,1,1,only,one,no,only,one,no,,0,no,,,,,,
f1b9d0e99a4a,Inspired Learning,Crimson Jewel,Standard,1,1,1,only,one,no,only,one,no,,0,no,,,,,,
f69db6bb19de,Thread of Hope,Crimson Jewel,Standard,1,5,5,Large Ring,one,no,Large Ring,one,no,,0,no,,,,,,
9052aeb70253,Paradoxica,Vaal Rapier,Standard,1,1,1,,none,no,,none,no,,0,no,,,,crafted,no-text-match,90% increased Physical Damage
1f1f90b8d6fd,Redblade Banner,Painted Tower Shield,Standard,1,4,4,Current,one,no,Current,one,no,,0,no,,,,,,
2d1cdef27290,Abyssus,Ezomyte Burgonet,Standard,1,3,3,Current;Pre 2.2.0,several,yes,Current;Pre 2.2.0,several,yes,,0,no,,,enchantMods,,,
8cd23d45205c,Le Heup of All,Iron Ring,Standard,1,2,2,Current,one,no,Current,one,no,,2,yes,Attribute,20,,,,
af9fe7b206b3,Bottled Faith,Sulphur Flask,Standard,1,3,3,Pre 3.15.0,one,no,Pre 3.15.0,one,no,,0,no,,,utilityMods,,,
a6bb73c59209,Lion's Roar,Granite Flask,Standard,1,4,4,Pre 3.15.0,one,no,Pre 3.15.0,one,no,,0,no,,,utilityMods,,,
45ee2a87c3e3,Kitava's Teachings,Small Cluster Jewel,Standard,1,1,1,only,one,no,only,one,no,,0,no,,,,,,
08965726906a,Watcher's Eye,Prismatic Jewel,Standard,0,0,0,,unbound,no,,unbound,no,,0,no,,,,,,
a3711f11af25,Geofri's Crest,Great Crown,Standard,1,3,3,,none,no,,none,no,,0,no,,,,,no-text-match,Socketed Skill Gems get a 80% Cost & Reservation Multiplier
f83194e41360,Dialla's Malefaction,Sage's Robe,Standard,1,2,2,,none,no,,none,no,,0,no,,,,,no-text-match,+2 to Level of Socketed Minion Gems
6fc4d2de2977,Mageblood,Heavy Belt,Standard,1,1,1,,none,no,only,one,no,catalyst,2,yes,Attribute,20,,,,
4fe1659283f3,Ashes of the Stars,Onyx Amulet,Standard,1,2,2,Current,one,no,Current,one,no,,0,no,,,enchantMods,,,
97d1e14c5c0c,Stormshroud,Viridian Jewel,Standard,1,1,1,only,one,no,only,one,no,,0,no,,,,,,
8128098b9139,Amanamu's Gaze,Ghastly Eye Jewel,Standard,1,1,1,only,one,no,only,one,no,,0,no,,,,,,
4b8bc1acd035,Elegant Hubris,Timeless Jewel,Standard,1,4,4,Caspiro (Supreme Ostentation),one,no,Caspiro (Supreme Ostentation),one,no,,0,no,,,,,,
cca1ceab7608,Kingmaker,Despot Axe,Standard,1,6,6,Current,one,no,Current,one,no,,0,no,,,,,,
f6d4bdf383b9,Windscream,Reinforced Greaves,Standard,1,3,3,Current,one,no,Current,one,no,,0,no,,,,,,
c936aaf75897,Asenath's Gentle Touch,Silk Gloves,Standard,1,3,3,Current,one,no,Current,one,no,,0,no,,,,,,
bdc6cf68588e,Leer Cast,Festival Mask,Standard,1,2,2,Current,one,no,Current,one,no,,0,no,,,,,,
8dcf8f1912ba,Garb of the Ephemeral,Savant's Robe,Standard,1,1,1,,none,no,,none,no,,0,no,,,,,no-text-match,+15 to maximum Energy Shield
707f2175cb3e,Brutal Restraint,Timeless Jewel,Standard,1,4,4,Asenath (Dance with Death),one,no,Asenath (Dance with Death),one,no,,0,no,,,,,,
1b8544ddf13f,Dying Breath,Iron Staff,Standard,1,3,3,Pre 2.6.0;Pre 3.25.0,several,no,Pre 2.6.0;Pre 3.25.0,several,no,,0,no,,,,,,
720f23ebc306,Sin Trek,Stealth Boots,Standard,1,4,4,Current;Pre 3.5.0,several,yes,Current;Pre 3.5.0,several,yes,,0,no,,,,,,
e271ca0a05db,Garb of the Ephemeral,Savant's Robe,Standard,1,1,1,,none,no,,none,no,,0,no,,,,,no-text-match,+14% to Lightning Resistance
701db1fd115e,Elegant Hubris,Timeless Jewel,Standard,1,4,4,Caspiro (Supreme Ostentation),one,no,Caspiro (Supreme Ostentation),one,no,,0,no,,,,,,
dffd656d3db7,Terminus Est,Tiger Sword,Standard,1,3,3,Current,one,no,Current,one,no,,0,no,,,,,,
dd715edd5a6a,Replica Abyssus,Ezomyte Burgonet,Standard,1,1,1,only,one,no,only,one,no,,0,no,,,enchantMods,,,
4e1719f02da2,Vessel of Vinktar,Topaz Flask,Standard,1,18,18,Current (Conversion),one,no,Current (Conversion),one,no,,0,no,,,enchantMods;utilityMods,,,
097c16ccb2e6,Farrul's Fur,Triumphant Lamellar,Standard,1,1,1,only,one,no,only,one,no,,0,no,,,,,,
cd6876eb4769,White Wind,Imperial Skean,Standard,1,3,3,,none,no,,none,no,,0,no,,,,,number-outside-range,30% increased Global Critical Strike Chance
2d1bd4aad3f1,Taste of Hate,Sapphire Flask,Standard,1,5,5,Pre 3.25.0,one,no,Pre 3.25.0,one,no,,0,no,,,enchantMods;utilityMods,,,
3817ad89a20c,Soulthirst,Cloth Belt,Standard,1,1,1,,none,no,,none,no,,0,no,,,,,variant-line-not-displayed,(15-25)% increased Stun and Block Recovery
dc8ab0ccdb5c,Carnage Heart,Onyx Amulet,Standard,1,2,2,Current,one,no,Current,one,no,,0,no,,,enchantMods,,,
455a23498bcb,Cinderswallow Urn,Silver Flask,Standard,1,18,171,,none,no,,none,no,,0,no,,,enchantMods;utilityMods,,no-text-match,20% reduced Mana Cost of Skills during Effect
e605c857ff59,Hrimsorrow,Goathide Gloves,Standard,1,3,3,Pre 3.19.0,one,no,Pre 3.19.0,one,no,,0,no,,,,,,
fdb9e4f52f5b,Survival Instincts,Viridian Jewel,Standard,1,2,2,Current,one,no,Current,one,no,,0,no,,,,,,
d55cf33c1cd9,Watcher's Eye,Prismatic Jewel,Standard,0,0,0,,unbound,no,,unbound,no,,0,no,,,,,,
5253e845babc,Intuitive Leap,Viridian Jewel,Standard,1,1,1,only,one,no,only,one,no,,0,no,,,,,,
32a112f512dc,Atziri's Foible,Paua Amulet,Standard,1,2,2,Current,one,no,Current,one,no,,0,no,,,enchantMods,,,
210d20302a8f,Omeyocan,Carnal Boots,Standard,1,3,3,Pre 3.16.0,one,no,Pre 3.16.0,one,no,,0,no,,,,,,
0f5694654a49,Taste of Hate,Sapphire Flask,Standard,1,5,5,Pre 3.15.0,one,no,Pre 3.15.0,one,no,,0,no,,,utilityMods,,,
e602304c85ca,Essence Worm,Unset Ring,Standard,1,1,1,only,one,no,only,one,no,,0,no,,,enchantMods,,,
14339c6754cf,Indigon,Hubris Circlet,Standard,1,2,2,Current,one,no,Current,one,no,,0,no,,,enchantMods,,,
c44cf78fb053,Cloak of Defiance,Lacquered Garb,Standard,1,5,5,Pre 3.19.0,one,no,Pre 3.19.0,one,no,,0,no,,,,,,
b2931d6c13d1,Lethal Pride,Timeless Jewel,Standard,1,4,4,Akoya (Chainbreaker),one,no,Akoya (Chainbreaker),one,no,,0,no,,,,,,
a25c092f5b3c,Spreading Rot,Cobalt Jewel,Standard,1,2,2,Current;Pre 3.17.0,several,yes,Current;Pre 3.17.0,several,yes,,0,no,,,,,,
a07858e40a26,Lethal Pride,Timeless Jewel,Standard,1,4,4,Akoya (Chainbreaker),one,no,Akoya (Chainbreaker),one,no,,0,no,,,,,,
71a30c8e54f7,Vulconus,Demon Dagger,Standard,1,2,2,,none,no,,none,no,,0,no,,,,,number-outside-range,40% increased Global Critical Strike Chance
28173fb57f92,Bated Breath,Chain Belt,Standard,1,2,2,,none,no,Current,one,no,catalyst,4,yes,Defence,20,,,,
2699da260e09,Daresso's Passion,Estoc,Standard,1,2,2,Current,one,no,Current,one,no,,0,no,,,,,,
1237e623b6e3,Victario's Influence,Lacquered Garb,Standard,1,2,2,,none,no,,none,no,,0,no,,,,,number-outside-range,Socketed Gems have 30% increased Reservation Efficiency
6e923351067c,Shaper's Touch,Crusader Gloves,Standard,1,4,4,Pre 3.28.0,one,no,Pre 3.28.0,one,no,,0,no,,,,,,
04d5130350b5,Ephemeral Edge,Dusk Blade,Standard,1,6,6,Pre 3.19.0,one,no,Pre 3.19.0,one,no,,0,no,,,,,,
ada2260818f1,Skyforth,Sorcerer Boots,Standard,1,1,1,,none,no,,none,no,,0,no,,,,,no-text-match,+4% chance to Suppress Spell Damage
c6a7eafe40b9,Alpha's Howl,Sinner Tricorne,Standard,1,1,1,only,one,no,only,one,no,,0,no,,,,,,
086c2edb7d08,Watcher's Eye,Prismatic Jewel,Standard,0,0,0,,unbound,no,,unbound,no,,0,no,,,,,,
3ed4b028721f,Grand Spectrum,Viridian Jewel,Standard,3,16,16,,none,no,,none,no,,0,no,,,,,no-text-match,Corrupted Blood cannot be inflicted on you
387fff3f790d,Unnatural Instinct,Viridian Jewel,Standard,1,1,1,only,one,no,only,one,no,,0,no,,,,,,
8bba9a67c3b3,Pure Talent,Viridian Jewel,Standard,1,2,2,Pre 3.20.0,one,no,Pre 3.20.0,one,no,,0,no,,,,,,
a9923b8d1e1c,Might of the Meek,Crimson Jewel,Standard,1,1,1,only,one,no,only,one,no,,0,no,,,,,,
336c20739e74,Grand Spectrum,Viridian Jewel,Standard,3,16,16,,none,no,,none,no,,0,no,,,,,no-text-match,You cannot be Hindered
a38676831004,Conqueror's Efficiency,Crimson Jewel,Standard,1,1,1,,none,no,,none,no,,0,no,,,,,no-text-match,2% increased Reservation Efficiency of Skills
334a91c8dd78,Intuitive Leap,Viridian Jewel,Standard,1,1,1,only,one,no,only,one,no,,0,no,,,,,,
9f63dd289526,Grand Spectrum,Viridian Jewel,Standard,3,16,16,,none,no,,none,no,,0,no,,,,,no-text-match,You cannot be Cursed with Silence
3bd5e2aebe49,Belt of the Deceiver,Heavy Belt,Standard,1,2,2,Current,one,no,Current,one,no,,0,no,,,,,,
cefd074682c8,Aurseize,Steelscale Gauntlets,Standard,1,1,1,only,one,no,only,one,no,,0,no,,,,,,
5ec24b429990,Geofri's Crest,Great Crown,Standard,1,3,3,,none,no,,none,no,,0,no,,,,,variant-line-not-displayed,+1 to maximum number of Summoned Holy Relics
5e58d3539520,Obliteration,Demon's Horn,Standard,1,6,6,Pre 3.19.0,one,no,Pre 3.19.0,one,no,,0,no,,,,,,
3037a0592b13,Astramentis,Onyx Amulet,Standard,1,1,1,,none,no,only,one,no,catalyst,2,yes,Attribute,20,enchantMods,,,
8b897fb2cb7e,Invictus Solaris,Archon Kite Shield,Standard,1,1,1,only,one,no,only,one,no,,0,no,,,,,,
03e6c57296ce,Victario's Flight,Goathide Boots,Standard,1,3,3,Pre 3.19.0,one,no,Pre 3.19.0,one,no,,0,no,,,,,,
ebbf7f00f134,Dying Breath,Iron Staff,Standard,1,3,3,Pre 2.6.0;Pre 3.25.0,several,no,Pre 2.6.0;Pre 3.25.0,several,no,,0,no,,,,,,
83f78312491d,Ambu's Charge,Crusader Chainmail,Standard,1,5,5,Pre 3.19.0,one,no,Pre 3.19.0,one,no,,0,no,,,,,,
5e4371f9a964,Leer Cast,Festival Mask,Standard,1,2,2,Pre 3.19.0,one,no,Pre 3.19.0,one,no,,0,no,,,,,,
7d06c1beb6fe,Paradoxica,Vaal Rapier,Standard,1,1,1,,none,no,,none,no,,0,no,,,,crafted,no-text-match,88% increased Physical Damage
f36d2e587289,Abyssus,Ezomyte Burgonet,Standard,1,3,3,Current;Pre 2.2.0,several,yes,Current;Pre 2.2.0,several,yes,,0,no,,,enchantMods,,,
740819c554db,Circle of Guilt,Iron Ring,Standard,1,7,28,,none,no,,none,no,,0,no,,,,,no-text-match,18% increased Damage while Leeching Mana
76fb9b6a749d,The Surrender,Ezomyte Tower Shield,Standard,1,4,4,Pre 3.21.0,one,no,Pre 3.21.0,one,no,,0,no,,,,,,
f4771584795a,Lion's Roar,Granite Flask,Standard,1,4,4,Pre 3.15.0,one,no,Pre 3.15.0,one,no,,0,no,,,utilityMods,,,
211fc0f6aa04,Hair Trigger,Viridian Jewel,Standard,1,2,2,Current,one,no,Current,one,no,,0,no,,,,,,
f48f26c67262,Hair Trigger,Viridian Jewel,Standard,1,2,2,Current,one,no,Current,one,no,,0,no,,,,,,
dd766b28cfb7,Perquil's Toe,Gold Amulet,Standard,1,1,1,only,one,no,only,one,no,,0,no,,,,,,
30ebd72f7c0b,Ancient Skull,Bone Helmet,Standard,1,1,1,only,one,no,only,one,no,,0,no,,,,,,
13bf4e052a87,Watcher's Eye,Prismatic Jewel,Standard,0,0,0,,unbound,no,,unbound,no,,0,no,,,,,,
5d42df2e15ff,Tasalio's Sign,Sapphire Ring,Standard,1,2,2,Current,one,no,Current,one,no,,0,no,,,,,,
9e28d6362ca4,Innsbury Edge,Elder Sword,Standard,1,2,2,Current,one,no,Current,one,no,,0,no,,,,,,
3ad84b82d110,Cloak of Flame,Scholar's Robe,Standard,1,2,2,Current,one,no,Current,one,no,,0,no,,,,,,
c59592f7a9d8,Prism Guardian,Archon Kite Shield,Standard,1,4,4,Current;Pre 3.16.0,several,yes,Current;Pre 3.16.0,several,yes,,0,no,,,,,,
3452b12e0d93,The Dark Seer,Shadow Sceptre,Standard,1,11,11,Current (Life/Mana),one,no,Current (Life/Mana),one,no,,0,no,,,enchantMods,,,
b7da3ab4c394,Defiance of Destiny,Paua Amulet,Standard,1,2,2,Current,one,no,Current,one,no,,0,no,,,,,,
d4fb669ebe4e,Valyrium,Moonstone Ring,Standard,1,2,2,Current,one,no,Current,one,no,,0,no,,,,,,
0b13b6fd4d9f,The Hateful Accuser,Nameless Ring,Standard,1,1,1,only,one,no,only,one,no,,0,no,,,,,,
950b1f08ad6d,Bloodnotch,Crimson Jewel,Standard,1,2,2,Pre 3.28.0,one,no,Pre 3.28.0,one,no,,0,no,,,,,,
51cfcd1297c3,Immutable Force,Crimson Jewel,Standard,1,1,1,only,one,no,only,one,no,,0,no,,,,,,
80247cdcc939,Dying Sun,Ruby Flask,Standard,1,4,4,Current,one,no,Current,one,no,,0,no,,,utilityMods,,,
81635fdd88f0,Crown of the Inward Eye,Prophet Crown,Standard,1,1,1,only,one,no,only,one,no,,0,no,,,enchantMods,,,
b7a9b55eb328,Prism Guardian,Archon Kite Shield,Standard,1,4,4,Current;Pre 3.16.0,several,yes,Current;Pre 3.16.0,several,yes,,0,no,,,,,,
bce4f8382498,Asenath's Gentle Touch,Silk Gloves,Standard,1,3,3,Current,one,no,Current,one,no,,0,no,,,,,,
b85495012f61,Rumi's Concoction,Granite Flask,Standard,1,4,4,Current,one,no,Current,one,no,,0,no,,,utilityMods,,,
f60d7be1a63c,Shavronne's Wrappings,Occultist's Vestment,Standard,1,3,3,Current,one,no,Current,one,no,,0,no,,,,,,
50868c43e105,Rainbowstride,Conjurer Boots,Standard,1,6,6,Pre 3.19.0;Pre 3.4.0,several,no,Pre 3.19.0;Pre 3.4.0,several,no,,0,no,,,,,,
e4a5100a05b9,Watcher's Eye,Prismatic Jewel,Standard,0,0,0,,unbound,no,,unbound,no,,0,no,,,,,,
8f459ee50152,Doppelgänger Guise,Sadist Garb,Standard,1,2,2,Current,one,no,Current,one,no,,0,no,,,,,,
4656e47ad645,Bubonic Trail,Murder Boots,Standard,1,4,4,One Abyssal Socket (Pre 3.21.0),one,no,One Abyssal Socket (Pre 3.21.0),one,no,,0,no,,,,,,
0c741302c357,Kingmaker,Despot Axe,Standard,1,6,6,Pre 3.20.0,one,no,Pre 3.20.0,one,no,,0,no,,,,,,
bad148d541e0,Southbound,Soldier Gloves,Standard,1,3,3,Pre 3.19.0,one,no,Pre 3.19.0,one,no,,0,no,,,,,,
5c2470633cd2,Doedre's Skin,Widowsilk Robe,Standard,1,3,3,Pre 3.16.0,one,no,Pre 3.16.0,one,no,,0,no,,,,,,
e07bc3630627,Replica Doedre's Damning,Paua Ring,Standard,1,4,4,Pre 3.16.0,one,no,Pre 3.16.0,one,no,,0,no,,,,,,
0f36f4711b67,Astramentis,Onyx Amulet,Standard,1,1,1,,none,no,only,one,no,catalyst,2,yes,Attribute,20,,,,
def026f7d467,Windshriek,Reinforced Greaves,Standard,1,1,1,only,one,no,only,one,no,,0,no,,,,,,
151ae19917fe,Bated Breath,Chain Belt,Standard,1,2,2,Current,one,no,Current,one,no,,0,no,,,,,,
c6ba6c70ebfd,Ephemeral Edge,Dusk Blade,Standard,1,6,6,Pre 3.19.0,one,no,Pre 3.19.0,one,no,,0,no,,,,,,
fe1c79afb7ba,Alpha's Howl,Sinner Tricorne,Standard,1,1,1,only,one,no,only,one,no,,0,no,,,,,,
8b3154c524d4,Replica Doedre's Damning,Paua Ring,Standard,1,4,4,Pre 3.16.0,one,no,Pre 3.16.0,one,no,,0,no,,,,,,
987bddf8e1d7,Conqueror's Efficiency,Crimson Jewel,Standard,1,1,1,,none,no,,none,no,,0,no,,,,,no-text-match,6% increased Effect of Non-Damaging Ailments
8713a61472c8,Energy From Within,Cobalt Jewel,Standard,1,3,3,Current;Pre 3.20.0,several,yes,Current;Pre 3.20.0,several,yes,,0,no,,,,,,
bbabea608d3f,Energy From Within,Cobalt Jewel,Standard,1,3,3,Current;Pre 3.20.0,several,yes,Current;Pre 3.20.0,several,yes,,0,no,,,,,,
c4652308316a,Victario's Flight,Goathide Boots,Standard,1,3,3,Pre 3.19.0,one,no,Pre 3.19.0,one,no,,0,no,,,,,,
c598321e55e3,Dying Breath,Iron Staff,Standard,1,3,3,Pre 2.6.0;Pre 3.25.0,several,no,Pre 2.6.0;Pre 3.25.0,several,no,,0,no,,,,,,
51c4310d0d74,The Embalmer,Carnal Mitts,Standard,1,1,1,only,one,no,only,one,no,,0,no,,,,,,
afc80b24bdc0,Saffell's Frame,Branded Kite Shield,Standard,1,4,4,Pre 3.19.0,one,no,Pre 3.19.0,one,no,,0,no,,,,,,
f5844a94badb,Death's Oath,Astral Plate,Standard,1,3,3,Current,one,no,Current,one,no,,0,no,,,,,,
b397fd893c9d,Fluid Motion,Viridian Jewel,Standard,1,2,2,Current;Pre 3.20.0,several,yes,Current;Pre 3.20.0,several,yes,,0,no,,,,,,
1de78aa8a5f7,The Golden Rule,Viridian Jewel,Standard,1,2,2,Current;Pre 3.20.0,several,yes,Current;Pre 3.20.0,several,yes,,0,no,,,,,,
3fae625f2212,Leash of Oblation,Leather Belt,Standard,1,1,1,only,one,no,only,one,no,,0,no,,,,,,
70aa058b2727,Skin of the Loyal,Simple Robe,Standard,1,1,1,,none,no,,none,no,,0,no,,,,,no-text-match,+2 to Level of Socketed Duration Gems
d1742e22fcb5,Dead Reckoning,Cobalt Jewel,Standard,1,4,4,,none,no,,none,no,,0,no,,,,,no-text-match,Corrupted Blood cannot be inflicted on you
661cf4760c58,Prism Guardian,Archon Kite Shield,Standard,1,4,4,,none,no,,none,no,,0,no,,,,,number-outside-range,Socketed Gems have 25% increased Reservation Efficiency
f51ea981a20c,Tabula Rasa,Simple Robe,Standard,1,1,1,only,one,no,only,one,no,,0,no,,,,,,
5327b0c2daca,Presence of Chayula,Onyx Amulet,Standard,1,1,1,only,one,no,only,one,no,,0,no,,,enchantMods,,,
ae93760d38ce,Mind of the Council,Harlequin Mask,Standard,1,2,2,Current,one,no,Current,one,no,,0,no,,,enchantMods,,,
ff2f3faa20e0,Doryani's Fist,Vaal Gauntlets,Standard,1,4,4,,none,no,,none,no,,0,no,,,,,no-text-match,Curse Enemies with Temporal Chains on Hit
676f4daae285,Bated Breath,Chain Belt,Standard,1,2,2,Current,one,no,Current,one,no,,0,no,,,,,,
a5f9d74de5a2,Conqueror's Efficiency,Crimson Jewel,Standard,1,1,1,,none,no,,none,no,,0,no,,,,,no-text-match,7% increased Effect of Non-Damaging Ailments
b4babec460bc,Watcher's Eye,Prismatic Jewel,Standard,0,0,0,,unbound,no,,unbound,no,,0,no,,,,,,
75e67ac2db42,Wildwrap,Strapped Leather,Standard,1,1,1,only,one,no,only,one,no,,0,no,,,,,,
fbc105260613,Atziri's Promise,Amethyst Flask,Standard,1,3,3,Pre 3.15.0,one,no,Pre 3.15.0,one,no,,0,no,,,utilityMods,,,
6f1294ce58f7,Astramentis,Onyx Amulet,Standard,1,1,1,only,one,no,only,one,no,,0,no,,,enchantMods,,,
b9316f990e95,Lion's Roar,Granite Flask,Standard,1,4,4,Pre 3.15.0,one,no,Pre 3.15.0,one,no,,0,no,,,utilityMods,,,
31cadf61b8ae,Fractal Thoughts,Vaal Mask,Standard,1,1,1,only,one,no,only,one,no,,0,no,,,enchantMods,,,
99b557013683,One With Nothing,Small Cluster Jewel,Standard,1,1,1,only,one,no,only,one,no,,0,no,,,,,,
7adeaa43c929,Thief's Torment,Prismatic Ring,Standard,1,6,6,Current,one,no,Current,one,no,,0,no,,,,,,
4ca956ed280b,Alpha's Howl,Sinner Tricorne,Standard,1,1,1,only,one,no,only,one,no,,0,no,,,,,,
7fd565785647,Replica Dragonfang's Flight,Onyx Amulet,Standard,0,0,0,,unbound,no,,unbound,no,,0,no,,,enchantMods,,,
fc4b9a3d8033,Quill Rain,Short Bow,Standard,1,3,3,,none,no,,none,no,,0,no,,,,,no-text-match,Socketed Gems are supported by Level 10 Faster Projectiles
5a8e65fe497e,Replica Reckless Defence,Cobalt Jewel,Allflame,1,2,2,Current,one,no,Current,one,no,,0,no,,,,,,
b863a0d867f8,Ashes of the Stars,Onyx Amulet,Allflame,1,2,2,Current,one,no,Current,one,no,,0,no,,,enchantMods,,,
e2b2a1f39533,The Burden of Truth,Crystal Belt,Allflame,1,1,1,only,one,no,only,one,no,,0,no,,,,,,
ba4521921c0d,Black Zenith,Fingerless Silk Gloves,Allflame,1,1,1,only,one,no,only,one,no,,0,no,,,,,,
e1388008ae99,Annihilation's Approach,Dragonscale Boots,Allflame,1,2,2,,none,no,,none,no,,0,no,,,,,no-text-match,+2 to Level of Socketed AoE Gems
282d511bec3b,Foulborn Skin of the Lords,Simple Robe,Allflame,0,0,0,,unbound,no,,unbound,no,,0,no,,,,mutated,,
ccdb2f417bae,The Dark Seer,Shadow Sceptre,Allflame,1,11,11,Current (Life/ES),one,no,Current (Life/ES),one,no,,0,no,,,,,,
330cde9387ed,Bound By Destiny,Prismatic Jewel,Allflame,0,0,0,,unbound,no,,unbound,no,,0,no,,,,,,
e9052a6d95cc,Forbidden Flesh,Cobalt Jewel,Allflame,0,0,0,,unbound,no,,unbound,no,,0,no,,,,,,
f2cae506d836,Forbidden Flame,Crimson Jewel,Allflame,0,0,0,,unbound,no,,unbound,no,,0,no,,,,,,
cb7c943fceb5,Foulborn The Red Dream,Crimson Jewel,Allflame,0,0,0,,unbound,no,,unbound,no,,0,no,,,,mutated,,
f505c2225ac9,Cospri's Will,Assassin's Garb,Allflame,1,3,3,Current,one,no,Current,one,no,,0,no,,,,,,
e90c89cb43f0,Windscream,Reinforced Greaves,Allflame,1,3,3,Current,one,no,Current,one,no,,0,no,,,,,,
074a1fa8f654,Asenath's Gentle Touch,Silk Gloves,Allflame,1,3,3,,none,no,,none,no,,0,no,,,,,no-text-match,+2 to Level of Socketed AoE Gems
8da203aa968b,Dying Breath,Iron Staff,Allflame,1,3,3,Current,one,no,Current,one,no,,0,no,,,,,,
76ddcc84e667,Leer Cast,Festival Mask,Allflame,1,2,2,Current,one,no,Current,one,no,,0,no,,,,,,
5525796004a7,Faminebind,Rustic Sash,Allflame,1,1,1,only,one,no,only,one,no,,0,no,,,,,,
2bba967dbe23,Emperor's Vigilance,Steel Kite Shield,Allflame,1,2,2,Current,one,no,Current,one,no,,0,no,,,,,,
db2e96922f89,Darkray Vectors,Dragonscale Boots,Allflame,1,3,3,,none,no,,none,no,,0,no,,,,,no-text-match,12% chance to gain Onslaught for 4 seconds on Kill
f103fadb04a6,Hands of the High Templar,Crusader Gloves,Allflame,1,1,1,,none,no,,none,no,,0,no,,,,,no-text-match,+1 to Maximum Frenzy Charges
49191fa934e8,Seething Fury,Viridian Jewel,Allflame,1,3,3,Current;Pre 3.20.0,several,yes,Current;Pre 3.20.0,several,yes,,0,no,,,,,,
2716ba3646ae,Doedre's Damning,Paua Ring,Allflame,1,2,2,Current,one,no,Current,one,no,,0,no,,,,,,
82e86e176632,Marylene's Fallacy,Lapis Amulet,Allflame,1,5,5,Current;Pre 2.6.0,several,yes,Current;Pre 2.6.0,several,yes,,0,no,,,,,,
6d2f89e6b6d6,Lioneye's Paws,Bronzescale Boots,Allflame,1,2,2,Current,one,no,Current,one,no,,0,no,,,,,,
2be6fdde1ee9,Saffell's Frame,Branded Kite Shield,Allflame,1,4,4,,none,no,,none,no,,0,no,,,,,no-text-match,+29% to Chaos Resistance
d8e604399976,Fury Valve,Turquoise Amulet,Allflame,1,1,1,only,one,no,only,one,no,,0,no,,,,,,
096102b33bf5,The Arkhon's Tools,Cloth Belt,Allflame,1,1,1,only,one,no,only,one,no,,0,no,,,,,,
6d0e05a23c32,Le Heup of All,Iron Ring,Allflame,1,2,2,Current,one,no,Current,one,no,,0,no,,,,,,
683725e84592,The Vertex,Vaal Mask,Allflame,1,1,1,only,one,no,only,one,no,,0,no,,,,,,
6caf59a6315d,Foulborn Lori's Lantern,Prismatic Ring,Allflame,0,0,0,,unbound,no,,unbound,no,,0,no,,,,mutated,,
47d4da99148b,Thunderfist,Murder Mitts,Allflame,1,4,4,Current,one,no,Current,one,no,,0,no,,,,,,
ed6e2954c15d,Forbidden Taste,Quartz Flask,Allflame,1,4,4,Current,one,no,Current,one,no,,0,no,,,utilityMods,,,
f3ef0b0180e5,Kiara's Determination,Silver Flask,Allflame,1,3,3,Current,one,no,Current,one,no,,0,no,,,utilityMods,,,
40caaa5d57ad,Forbidden Taste,Quartz Flask,Allflame,1,4,4,Current,one,no,Current,one,no,,0,no,,,utilityMods,,,
31a77648e8c2,Sap of the Seasons,Prismatic Tincture,Allflame,1,1,1,only,one,no,only,one,no,,0,no,,,,,,
3e9e0b63593c,Rotgut,Quicksilver Flask,Allflame,1,4,4,Current,one,no,Current,one,no,,0,no,,,utilityMods,,,
07d7099eef48,The Overflowing Chalice,Sulphur Flask,Allflame,1,2,2,Current,one,no,Current,one,no,,0,no,,,utilityMods,,,
98578a0fc9ee,Agnerod North,Imperial Staff,Allflame,1,3,3,Current,one,no,Current,one,no,,0,no,,,,,,
32aab8914823,Kikazaru,Topaz Ring,Allflame,1,4,4,Current,one,no,Current,one,no,,0,no,,,,,,
639be8fc9373,Replica Volkuur's Guidance,Zealot Gloves,Allflame,1,1,1,only,one,no,only,one,no,,0,no,,,,,,
39f54a0d3b83,Kaom's Heart,Glorious Plate,Allflame,1,3,3,,none,no,,none,no,,0,no,,,,,no-text-match,4% reduced Chaos Damage taken
2f49adc294d2,The Hand of Phrecia,Mesh Gloves,Allflame,1,1,1,only,one,no,only,one,no,,0,no,,,,,,
e9ff89d0ac15,Replica Frostbreath,Ornate Mace,Allflame,1,1,1,only,one,no,only,one,no,,0,no,,,,,,
d735cc563a57,Foulborn Rime Gaze,Mind Cage,Allflame,0,0,0,,unbound,no,,unbound,no,,0,no,,,,mutated,,
0005942da7b4,Kalandra's Touch,Ring,Allflame,1,1,1,only,one,no,only,one,no,,0,no,,,,,,
c63f5ee5078b,The Grey Spire,Judgement Staff,Allflame,1,4,4,,none,no,,none,no,,0,no,,,,,number-outside-range,+50% Chance to Block Attack Damage
e0d674155206,Thrillsteel,Barbute Helmet,Allflame,1,1,1,only,one,no,only,one,no,,0,no,,,,,,
0f632fae63ab,Blackheart,Iron Ring,Allflame,1,2,2,Current,one,no,Current,one,no,,0,no,,,,,,
4accf9208671,Blackheart,Iron Ring,Allflame,1,2,2,Current,one,no,Current,one,no,,0,no,,,,,,
12471dd231a6,Darkray Vectors,Dragonscale Boots,Allflame,1,3,3,Current,one,no,Current,one,no,,0,no,,,,,,
25de924a1679,Replica Volkuur's Guidance,Zealot Gloves,Allflame,1,1,1,only,one,no,only,one,no,,0,no,,,,,,
98e49da3fe1c,Wanderlust,Wool Shoes,Allflame,1,1,1,,none,no,,none,no,,0,no,,,,,number-outside-range,10% increased Movement Speed
6944aa358bd7,Honourhome,Soldier Helmet,Allflame,1,4,4,,none,no,,none,no,,0,no,,,,,no-text-match,+2 to Level of Socketed Duration Gems
8076c592cd9e,Soul Mantle,Spidersilk Robe,Allflame,1,5,5,Current,one,no,Current,one,no,,0,no,,,,,,
f271c192ce82,Careful Planning,Viridian Jewel,Allflame,1,2,2,Current;Pre 3.20.0,several,yes,Current;Pre 3.20.0,several,yes,,0,no,,,,,,
123e2764670f,Karui Ward,Jade Amulet,Allflame,1,2,2,Current,one,no,Current,one,no,,0,no,,,,,,
69dfb5c8bbfa,Careful Planning,Viridian Jewel,Allflame,1,2,2,Current;Pre 3.20.0,several,yes,Current;Pre 3.20.0,several,yes,,0,no,,,,,,
a0c522a842e4,Foulborn Bramblejack,Plate Vest,Allflame,0,0,0,,unbound,no,,unbound,no,,0,no,,,,mutated,,
b93bcd53bc7c,The Black Cane,Royal Sceptre,Allflame,1,1,1,only,one,no,only,one,no,,0,no,,,,,,
6321af1506a9,Self-Flagellation,Viridian Jewel,Allflame,1,1,1,only,one,no,only,one,no,,0,no,,,,,,
84996515db51,Foulborn Kikazaru,Topaz Ring,Allflame,0,0,0,,unbound,no,,unbound,no,,0,no,,,,mutated,,
32f1762118af,Haemophilia,Serpentscale Gauntlets,Allflame,1,1,1,,none,no,,none,no,,0,no,,,,,no-text-match,+1 to Maximum Frenzy Charges
df52b51d1e06,Tear of Purity,Lapis Amulet,Allflame,1,3,3,Current,one,no,Current,one,no,,0,no,,,,,,
7285c2302742,The Supreme Truth,Crystal Sceptre,Allflame,1,4,4,,none,no,,none,no,,0,no,,,,,variant-line-not-displayed,30% increased Elemental Damage
326c2fc1a71b,Crest of Perandus,Pine Buckler,Allflame,1,3,3,Current,one,no,Current,one,no,,0,no,,,,,,
911cd87bdfe9,Haemophilia,Serpentscale Gauntlets,Allflame,1,1,1,,none,no,,none,no,,0,no,,,,,no-text-match,Curse Enemies with Elemental Weakness on Hit
c954d57f75d4,Haemophilia,Serpentscale Gauntlets,Allflame,1,1,1,only,one,no,only,one,no,,0,no,,,,,,
0b2035025a4d,Ralakesh's Impatience,Riveted Boots,Allflame,1,5,5,Endurance Current,one,no,Endurance Current,one,no,,0,no,,,,,,
93823d1184fb,Haemophilia,Serpentscale Gauntlets,Allflame,1,1,1,only,one,no,only,one,no,,0,no,,,,,,
d917ae8158b4,Curio of Absorption,Primordial Fragment,Allflame,0,0,0,,unbound,no,,unbound,no,,0,no,,,,,,
c9f3a3a8df6b,Curio of Consumption,Primordial Fragment,Allflame,0,0,0,,unbound,no,,unbound,no,,0,no,,,,,,
9d88699f25a1,Pillars of Arun,Map (Tier 6),Allflame,0,0,0,,unbound,no,,unbound,no,,0,no,,,,,,
057cf72d9a9c,Pillars of Arun,Map (Tier 8),Allflame,0,0,0,,unbound,no,,unbound,no,,0,no,,,,,,
4b81107bd3ee,"Caer Blaidd, Wolfpack's Den",Map (Tier 9),Allflame,0,0,0,,unbound,no,,unbound,no,,0,no,,,,,,
e6b0024a691a,Rewritten Distant Memory,Map (Tier 16),Allflame,0,0,0,,unbound,no,,unbound,no,,0,no,,,,,,
1b2193e91d99,The Twilight Temple,Map (Tier 14),Allflame,0,0,0,,unbound,no,,unbound,no,,0,no,,,,,,
1de59f4903c1,Hall of Grandmasters,Map (Tier 13),Allflame,0,0,0,,unbound,no,,unbound,no,,0,no,,,,,,
2769631263b8,Oba's Cursed Trove,Map (Tier 2),Allflame,0,0,0,,unbound,no,,unbound,no,,0,no,,,,,,
96ee1bf132e5,Death and Taxes,Map (Tier 1),Allflame,0,0,0,,unbound,no,,unbound,no,,0,no,,,,,,
1577d0099af2,Edge of Madness,Etched Greatsword,Allflame,1,4,4,Current,one,no,Current,one,no,,0,no,,,,,,
955b856fd3be,The Tempestuous Steel,War Sword,Allflame,1,2,2,Current,one,no,Current,one,no,,0,no,,,,,,
b03a9f752168,Fidelitas' Spike,Jagged Foil,Allflame,1,3,3,Current,one,no,Current,one,no,,0,no,,,,,,
062d2abd93b1,Hiltless,Reaver Sword,Allflame,1,3,3,Current,one,no,Current,one,no,,0,no,,,,,,
4d80e328015b,Scaeva,Gladius,Allflame,1,3,3,Current,one,no,Current,one,no,,0,no,,,,,,
30308ea86dc1,The Dancing Dervish,Reaver Sword,Allflame,1,4,4,Current;Pre 3.17.0,several,yes,Current;Pre 3.17.0,several,yes,,0,no,,,,,,
771ade9df864,Aurumvorax,Basket Rapier,Allflame,1,3,3,Current,one,no,Current,one,no,,0,no,,,,,,
b29b89ebad83,Queen's Decree,Ornate Sword,Allflame,1,4,4,Current;Pre 3.26.0,several,yes,Current;Pre 3.26.0,several,yes,,0,no,,,,,,
9e6ac00ec046,Terminus Est,Tiger Sword,Allflame,1,3,3,Current,one,no,Current,one,no,,0,no,,,,,,
564f7d8be884,Hyaon's Fury,Legion Sword,Allflame,1,6,6,Current,one,no,Current,one,no,,0,no,,,,,,
22f9d3452c71,Lakishu's Blade,Elegant Sword,Allflame,1,2,2,Current,one,no,Current,one,no,,0,no,,,,,,
66b81a99e9bc,Daresso's Passion,Estoc,Allflame,1,2,2,Current,one,no,Current,one,no,,0,no,,,,,,
d8c89af80911,Redbeak,Rusted Sword,Allflame,1,2,2,Current,one,no,Current,one,no,,0,no,,,,,,
963ab95d1d5f,Prismatic Eclipse,Twilight Blade,Allflame,1,5,5,Current,one,no,Current,one,no,,0,no,,,,,,
4407a3d7cf3a,Kaltenhalt,Painted Buckler,Allflame,1,4,4,Current,one,no,Current,one,no,,0,no,,,,,,
354bd514486e,Chernobog's Pillar,Ebony Tower Shield,Allflame,1,4,4,Current,one,no,Current,one,no,,0,no,,,,,,
2f435db7eeed,Wheel of the Stormsail,Rotted Round Shield,Allflame,1,3,3,Current,one,no,Current,one,no,,0,no,,,,,,
641b30108902,Malachai's Loop,Harmonic Spirit Shield,Allflame,1,4,4,Current,one,no,Current,one,no,,0,no,,,,,,
8f1561fb46d9,Maligaro's Lens,Compound Spiked Shield,Allflame,1,3,3,Current,one,no,Current,one,no,,0,no,,,,,,
b6e8f26d664d,Seablister,Spiny Round Shield,Allflame,1,1,1,only,one,no,only,one,no,,0,no,,,,,,
e890c263f333,Trolltimber Spire,Cedar Tower Shield,Allflame,1,3,3,Current,one,no,Current,one,no,,0,no,,,,,,
aa39bac70cbb,Lioneye's Remorse,Pinnacle Tower Shield,Allflame,1,5,5,Current,one,no,Current,one,no,,0,no,,,,,,
afcb4f4f9c1a,Victario's Charity,Laminated Kite Shield,Allflame,1,2,2,Current,one,no,Current,one,no,,0,no,,,,,,
02625918781c,The Deep One's Hide,Studded Round Shield,Allflame,1,2,2,Current,one,no,Current,one,no,,0,no,,,,,,
4ac428a74a6e,Sentari's Answer,Brass Spirit Shield,Allflame,1,3,3,Current,one,no,Current,one,no,,0,no,,,,,,
7e9efb853e8d,Titucius' Span,Reinforced Tower Shield,Allflame,1,3,3,Current,one,no,Current,one,no,,0,no,,,,,,
675e4543be8c,Giantsbane,Bronze Gauntlets,Allflame,1,2,2,Current,one,no,Current,one,no,,0,no,,,,,,
3d21923dfcf6,Slitherpinch,Bronzescale Gauntlets,Allflame,1,2,2,Current,one,no,Current,one,no,,0,no,,,,,,
c29e65c71ca5,Southbound,Soldier Gloves,Allflame,1,3,3,Current,one,no,Current,one,no,,0,no,,,,,,
7c25a0064ae2,Kalisa's Grace,Samite Gloves,Allflame,1,1,1,only,one,no,only,one,no,,0,no,,,,,,
85b3f81e01a6,Lochtonial Caress,Iron Gauntlets,Allflame,1,3,3,Current,one,no,Current,one,no,,0,no,,,,,,
40c6687e900f,Shadows and Dust,Clasped Mitts,Allflame,1,3,3,Current,one,no,Current,one,no,,0,no,,,,,,
24d2529c715a,Ondar's Clasp,Wrapped Mitts,Allflame,1,3,3,Current,one,no,Current,one,no,,0,no,,,,,,
f62d36aa7282,Demon Stitcher,Satin Gloves,Allflame,1,2,2,Current,one,no,Current,one,no,,0,no,,,,,,
2ab0988492f5,Stormseeker,Ambush Mitts,Allflame,1,1,1,only,one,no,only,one,no,,0,no,,,,,,
a4d3071a4f11,Haemophilia,Serpentscale Gauntlets,Allflame,1,1,1,only,one,no,only,one,no,,0,no,,,,,,
ea340f8eea72,Shimmeron,Tornado Wand,Allflame,1,4,4,Current,one,no,Current,one,no,,0,no,,,,,,
0f70f05c1bf9,Lifesprig,Driftwood Wand,Allflame,1,1,1,,none,no,,none,no,,0,no,,,,,no-text-match,Regenerate 8 Life over 1 second when you Cast a Spell
6204dcc062eb,Obliteration,Omen Wand,Allflame,1,6,6,Current;Pre 3.21.0,several,yes,Current;Pre 3.21.0,several,yes,,0,no,,,,,,
5bc88468e7d1,Ashcaller,Goat's Horn,Allflame,1,5,5,Current,one,no,Current,one,no,,0,no,,,,,,
6622f4103263,Replica Dragonfang's Flight,Onyx Amulet,Allflame,0,0,0,,unbound,no,,unbound,no,,0,no,,,,,,
8db53e71672b,Victario's Acuity,Turquoise Amulet,Allflame,1,1,1,only,one,no,only,one,no,,0,no,,,,,,
598c6378c5de,Carnage Heart,Onyx Amulet,Allflame,1,2,2,Current,one,no,Current,one,no,,0,no,,,,,,
e696b38d6f52,Ikiaho's Promise,Coral Amulet,Allflame,1,1,1,only,one,no,only,one,no,,0,no,,,,,,
651d05a7e053,Maligaro's Cruelty,Turquoise Amulet,Allflame,1,1,1,only,one,no,only,one,no,,0,no,,,,,,
9b9c5ca69964,Eye of Innocence,Citrine Amulet,Allflame,1,1,1,only,one,no,only,one,no,,0,no,,,,,,
2cdd45e27365,Perquil's Toe,Gold Amulet,Allflame,1,1,1,only,one,no,only,one,no,,0,no,,,,,,
dbeac2fd57fc,Shaper's Seed,Agate Amulet,Allflame,1,3,3,Current,one,no,Current,one,no,,0,no,,,,,,
5b0937c51120,Bonemeld,Marble Amulet,Allflame,1,1,1,only,one,no,only,one,no,,0,no,,,,,,
aefe6a6a2fd6,Bloodsoaked Medallion,Amber Amulet,Allflame,1,1,1,,none,no,,none,no,,0,no,,,,,number-outside-range,31% increased Global Critical Strike Chance
b900e4ab68b0,Stone of Lazhwar,Lapis Amulet,Allflame,1,3,3,Current,one,no,Current,one,no,,0,no,,,,,,
0b47e0ea5be7,Hyrri's Truth,Jade Amulet,Allflame,1,3,3,Current,one,no,Current,one,no,,0,no,,,,,,
f95791e27ef2,The Jinxed Juju,Citrine Amulet,Allflame,1,3,3,Current,one,no,Current,one,no,,0,no,,,enchantMods,,,
ce0599a8a62b,Retaliation Charm,Citrine Amulet,Allflame,1,2,2,Current,one,no,Current,one,no,,0,no,,,,,,
bafdc6d54f43,Karui Ward,Jade Amulet,Allflame,1,2,2,Current,one,no,Current,one,no,,0,no,,,,,,
389e18318dc5,Heartbreaker,Royal Skean,Allflame,1,3,3,,none,no,,none,no,,0,no,,,,,number-outside-range,42% increased Global Critical Strike Chance
8182c2535cc1,The Consuming Dark,Fiend Dagger,Allflame,1,3,3,,none,no,,none,no,,0,no,,,,,number-outside-range,53% increased Global Critical Strike Chance
6189c32ea6f2,Widowmaker,Boot Blade,Allflame,1,2,2,,none,no,,none,no,,0,no,,,,,no-text-match,6% chance to gain a Power Charge on Critical Strike
f94d1ea3187f,Goredrill,Skinning Knife,Allflame,1,1,1,,none,no,,none,no,,0,no,,,,,number-outside-range,42% increased Global Critical Strike Chance
93bf242864f2,Ungil's Gauche,Boot Knife,Allflame,1,3,3,,none,no,,none,no,,0,no,,,,,number-outside-range,44% increased Global Critical Strike Chance
3b11f263d303,"Jack, the Axe",Vaal Hatchet,Allflame,1,2,2,Current,one,no,Current,one,no,,0,no,,,,,,
b42d7030ad60,Debeon's Dirge,Despot Axe,Allflame,1,1,1,only,one,no,only,one,no,,0,no,,,,,,
8f5540df0d02,The Screaming Eagle,Jade Hatchet,Allflame,1,2,2,Current,one,no,Current,one,no,,0,no,,,,,,
2d2b1cee9f87,Wings of Entropy,Ezomyte Axe,Allflame,1,6,6,Current,one,no,Current,one,no,,0,no,,,,,,
d4048c4b0c55,Sinvicta's Mettle,Ezomyte Axe,Allflame,1,2,2,Current,one,no,Current,one,no,,0,no,,,,,,
d3a79641fe60,Relentless Fury,Decorative Axe,Allflame,1,2,2,Current,one,no,Current,one,no,,0,no,,,,,,
0052df919f43,Moonbender's Wing,Tomahawk,Allflame,1,2,2,Current,one,no,Current,one,no,,0,no,,,,,,
6cb708b8d256,Wideswing,Poleaxe,Allflame,1,2,2,Current,one,no,Current,one,no,,0,no,,,,,,
8900fbf14ac8,Allure,Vaal Claw,Allflame,1,2,2,Current,one,no,Current,one,no,,0,no,,,,,,
caa0eae2092c,Advancing Fortress,Gut Ripper,Allflame,1,2,2,Current,one,no,Current,one,no,,0,no,,,,,,
6b56bd51e3b5,The Monastery Bell,Dream Mace,Allflame,1,1,1,only,one,no,only,one,no,,0,no,,,,,,
8ee8c1b77aea,Gorebreaker,Spiked Club,Allflame,1,2,2,,none,no,,none,no,,0,no,,,,,no-text-match,Extra gore
557a4716497b,Earendel's Embrace,Grinning Fetish,Allflame,1,1,1,only,one,no,only,one,no,,0,no,,,,,,
0cfc819e83fb,Flesh-Eater,Dream Mace,Allflame,1,2,2,Current,one,no,Current,one,no,,0,no,,,,,,
b8977600d87b,Kongor's Undying Rage,Terror Maul,Allflame,1,4,4,Current,one,no,Current,one,no,,0,no,,,,,,
04411d8ef9f6,Singularity,Platinum Sceptre,Allflame,1,4,4,Current,one,no,Current,one,no,,0,no,,,,,,
4966a47c1201,Frostbreath,Ornate Mace,Allflame,1,3,3,Current,one,no,Current,one,no,,0,no,,,,,,
ddbb971f6a87,Jorrhast's Blacksteel,Steelhead,Allflame,1,2,2,Current,one,no,Current,one,no,,0,no,,,,,,
beeb8cf573e0,Trypanon,Great Mallet,Allflame,1,2,2,Current,one,no,Current,one,no,,0,no,,,,,,
2fb9295013af,Callinellus Malleus,Auric Mace,Allflame,1,2,2,Current,one,no,Current,one,no,,0,no,,,,,,
2831a6af2267,Axiom Perpetuum,Bronze Sceptre,Allflame,1,2,2,Current,one,no,Current,one,no,,0,no,,,,,,
d548b0684c21,Hrimnor's Hymn,Sledgehammer,Allflame,1,2,2,Current,one,no,Current,one,no,,0,no,,,,,,
251974a4fd44,Lavianga's Wisdom,War Hammer,Allflame,1,3,3,Current,one,no,Current,one,no,,0,no,,,,,,
6303b222032a,The Supreme Truth,Crystal Sceptre,Allflame,1,4,4,,none,no,,none,no,,0,no,,,,,variant-line-not-displayed,30% increased Elemental Damage
774cbc4e945a,Lori's Lantern,Prismatic Ring,Allflame,1,2,2,Current;Pre 1.0.0,several,yes,Current;Pre 1.0.0,several,yes,,0,no,,,,,,
9c2f50ed3a6d,Heartbound Loop,Moonstone Ring,Allflame,1,1,1,,none,no,,none,no,,0,no,,,,,no-text-match,9% increased Cast Speed
ad3a15166539,Mutewind Seal,Unset Ring,Allflame,1,3,3,Pre 3.16.0,one,no,Pre 3.16.0,one,no,,0,no,,,,,,
f3a3021a2be4,Timeclasp,Moonstone Ring,Allflame,1,4,4,,none,no,,none,no,,0,no,,,,,no-text-match,12% increased Skill Effect Duration
e72b601a51bd,Thief's Torment,Prismatic Ring,Allflame,1,6,6,Current,one,no,Current,one,no,,0,no,,,,,,
10e4f72e1c3e,Andvarius,Gold Ring,Allflame,1,1,1,only,one,no,only,one,no,,0,no,,,,,,
ec7fd311a154,Valyrium,Moonstone Ring,Allflame,1,2,2,,none,no,,none,no,,0,no,,,,,no-text-match,10% increased Cast Speed
efbd0e96a58c,Essence Worm,Unset Ring,Allflame,1,1,1,only,one,no,only,one,no,,0,no,,,,,,
a50e956ab63e,Ngamahu's Sign,Ruby Ring,Allflame,1,4,4,Current,one,no,Current,one,no,,0,no,,,,,,
639bdfa90dc2,Berek's Grip,Two-Stone Ring,Allflame,1,3,3,Current,one,no,Current,one,no,,0,no,,,,,,
7c1947dc64f1,Storm Secret,Topaz Ring,Allflame,1,1,1,only,one,no,only,one,no,,0,no,,,,,,
70b051237ab0,Mokou's Embrace,Ruby Ring,Allflame,1,2,2,Current,one,no,Current,one,no,,0,no,,,,,,
2e369549431c,Ventor's Gamble,Gold Ring,Allflame,1,2,2,,none,no,,none,no,,0,no,,,,,no-text-match,14% increased Mana Reservation Efficiency of Skills
4a761c0d6913,The Warden's Brand,Iron Ring,Allflame,1,1,1,only,one,no,only,one,no,,0,no,,,,,,
45dcc702181e,Winterweave,Coral Ring,Allflame,1,1,1,only,one,no,only,one,no,,0,no,,,,,,
58dbd36468e6,Pearl of Tsoatha,Prismatic Ring,Allflame,0,0,0,,unbound,no,,unbound,no,,0,no,,,,,,
efdf1b81a19b,Tasalio's Sign,Sapphire Ring,Allflame,1,2,2,,none,no,,none,no,,0,no,,,,,no-text-match,Adds 1 to 27 Lightning Damage to Spells and Attacks
99df00b44415,Kikazaru,Topaz Ring,Allflame,1,4,4,Current,one,no,Current,one,no,,0,no,,,,,,
c7bd2ebaa34f,Alberon's Warpath,Soldier Boots,Allflame,1,2,2,Current,one,no,Current,one,no,,0,no,,,,,,
4cb346ce5452,Dawnstrider,Vaal Greaves,Allflame,1,2,2,Current,one,no,Current,one,no,,0,no,,,,,,
e37dec18329b,Dusktoe,Ironscale Boots,Allflame,1,4,4,Current,one,no,Current,one,no,,0,no,,,,,,
42fe805a45ac,Wondertrap,Velvet Slippers,Allflame,1,3,3,Current,one,no,Current,one,no,,0,no,,,,,,
2ca9abf6dc6f,Stormcharger,Plated Greaves,Allflame,1,2,2,Current,one,no,Current,one,no,,0,no,,,,,,
a09db1dfbd68,Sundance,Clasped Boots,Allflame,1,2,2,Current,one,no,Current,one,no,,0,no,,,,,,
77e40cf99f3e,Orbala's Stand,Eelskin Boots,Allflame,1,1,1,only,one,no,only,one,no,,0,no,,,,,,
8c88bf767ae2,Voidwalker,Murder Boots,Allflame,1,2,2,Current,one,no,Current,one,no,,0,no,,,,,,
1643a903986a,Deerstalker,Deerskin Boots,Allflame,1,3,3,Current,one,no,Current,one,no,,0,no,,,,,,
ff38e76e24e4,Agnerod South,Imperial Staff,Allflame,1,3,3,Current,one,no,Current,one,no,,0,no,,,,,,
19d6d01e6a90,Realmshaper,Iron Staff,Allflame,1,4,4,Current,one,no,Current,one,no,,0,no,,,,,,
4e304688b5a0,Femurs of the Saints,Primordial Staff,Allflame,1,4,4,Current,one,no,Current,one,no,,0,no,,,,,,
980427bbc7a8,Sire of Shards,Serpentine Staff,Allflame,1,3,3,Current,one,no,Current,one,no,,0,no,,,,,,
b7711d560b7e,The Stormheart,Royal Staff,Allflame,1,3,3,Current,one,no,Current,one,no,,0,no,,,,,,
cb72fb7ab03a,Agnerod North,Imperial Staff,Allflame,1,3,3,Current,one,no,Current,one,no,,0,no,,,,,,
ab7f744bf461,Agnerod East,Imperial Staff,Allflame,1,3,3,Current,one,no,Current,one,no,,0,no,,,,,,
ba4ed1883dd0,Flamesight,Solaris Circlet,Allflame,1,2,2,Current,one,no,Current,one,no,,0,no,,,,,,
4aed1618b608,Hrimnor's Resolve,Samnite Helmet,Allflame,1,3,3,,none,no,,none,no,,0,no,,,,,variant-line-not-displayed,10% increased Stun and Block Recovery
d5c575010c2f,Mark of the Red Covenant,Tribal Circlet,Allflame,1,3,3,,none,no,,none,no,,0,no,,,,,variant-line-not-displayed,(10-15)% increased Stun and Block Recovery
ebd4b0ce66dc,Curtain Call,Plague Mask,Allflame,1,1,1,only,one,no,only,one,no,,0,no,,,,,,
76a731e01252,Crown of Thorns,Vine Circlet,Allflame,1,3,3,Current,one,no,Current,one,no,,0,no,,,,,,
f4c9a18f4a3b,Veil of the Night,Great Helmet,Allflame,1,1,1,only,one,no,only,one,no,,0,no,,,,,,
2fe5e7362aee,Eye of Malice,Callous Mask,Allflame,1,1,1,only,one,no,only,one,no,,0,no,,,,,,
90fa37f31b1e,Abyssus,Ezomyte Burgonet,Allflame,1,3,3,Current;Pre 2.2.0,several,yes,Current;Pre 2.2.0,several,yes,,0,no,,,,,,
4a46ac817877,The Tempest's Liberation,Callous Mask,Allflame,1,1,1,only,one,no,only,one,no,,0,no,,,,,,
449001e4ca1e,Obscurantis,Lion Pelt,Allflame,1,2,2,Current,one,no,Current,one,no,,0,no,,,,,,
d2af2d251e48,The Three Dragons,Golden Mask,Allflame,1,1,1,only,one,no,only,one,no,,0,no,,,,,,
0fdc775bf1a4,Thrillsteel,Barbute Helmet,Allflame,1,1,1,only,one,no,only,one,no,,0,no,,,,,,
ea162fb289a6,Devoto's Devotion,Nightmare Bascinet,Allflame,1,1,1,only,one,no,only,one,no,,0,no,,,,,,
d8ac13f42cf9,Honourhome,Soldier Helmet,Allflame,1,4,4,Current,one,no,Current,one,no,,0,no,,,,,,
daa71c381806,Voll's Vision,Praetor Crown,Allflame,1,2,2,Current,one,no,Current,one,no,,0,no,,,,,,
f496d2288cd2,Ezomyte Peak,Iron Hat,Allflame,1,2,2,Current,one,no,Current,one,no,,0,no,,,,,,
40517e0f175d,The Broken Crown,Prophet Crown,Allflame,1,3,3,Current,one,no,Current,one,no,,0,no,,,,,,
be0753515728,Chitus' Apex,Necromancer Circlet,Allflame,1,1,1,only,one,no,only,one,no,,0,no,,,,,,
505bbc46ec8d,Goldrim,Leather Cap,Allflame,1,1,1,only,one,no,only,one,no,,0,no,,,,,,
49c2a66d95a2,The Druggery,Cloth Belt,Allflame,1,1,1,only,one,no,only,one,no,,0,no,,,,,,
b4f3c844fc8f,Perandus Blazon,Cloth Belt,Allflame,1,3,3,,none,no,,none,no,,0,no,,,,,no-text-match,+24% to Critical Strike Multiplier during any Flask Effect
b466e85df92e,Bated Breath,Chain Belt,Allflame,1,2,2,Current,one,no,Current,one,no,,0,no,,,,,,
9aabc2d376a0,Belt of the Deceiver,Heavy Belt,Allflame,1,2,2,Current,one,no,Current,one,no,,0,no,,,,,,
1e714efe476e,Perseverance,Vanguard Belt,Allflame,1,2,2,Current,one,no,Current,one,no,,0,no,,,,,,
d89662cad86d,Mother's Embrace,Heavy Belt,Allflame,1,1,1,only,one,no,only,one,no,,0,no,,,,,,
4e91ac0995b7,Gluttony,Leather Belt,Allflame,1,2,2,Current,one,no,Current,one,no,,0,no,,,,,,
5bc93ea72de2,Faminebind,Rustic Sash,Allflame,1,1,1,only,one,no,only,one,no,,0,no,,,,,,
588d74d96dcd,Prismweave,Rustic Sash,Allflame,1,3,3,Current,one,no,Current,one,no,,0,no,,,,,,
a75e5e4134d4,Bisco's Leash,Heavy Belt,Allflame,1,2,2,Current,one,no,Current,one,no,,0,no,,,,,,
cbba7d525498,Storm Cloud,Long Bow,Allflame,1,2,2,Current,one,no,Current,one,no,,0,no,,,,,,
de3ea3723b23,The Gluttonous Tide,Citadel Bow,Allflame,1,1,1,only,one,no,only,one,no,,0,no,,,,,,
c55cc35034d8,Silverbranch,Crude Bow,Allflame,1,2,2,Current,one,no,Current,one,no,,0,no,,,,,,
c66d342bc80a,Scorpion's Call,Heavy Arrow Quiver,Allflame,1,2,2,Current,one,no,Current,one,no,,0,no,,,,,,
55c37fe36cad,Craghead,Serrated Arrow Quiver,Allflame,1,2,2,,none,no,,none,no,,0,no,,,,,no-text-match,Adds 1 to 4 Physical Damage to Attacks
ccdc3be8a954,Hyrri's Bite,Sharktooth Arrow Quiver,Allflame,1,2,2,Current,one,no,Current,one,no,,0,no,,,,,,
22d498971b9e,Blackgleam,Blazing Arrow Quiver,Allflame,1,4,4,Current,one,no,Current,one,no,,0,no,,,,,,
93b4330210f1,The Poised Prism,Primal Arrow Quiver,Allflame,1,1,1,only,one,no,only,one,no,,0,no,,,,,,
d511279930d6,Victario's Influence,Lacquered Garb,Allflame,1,2,2,Current,one,no,Current,one,no,,0,no,,,,,,
ea798cc92b12,Vis Mortis,Necromancer Silks,Allflame,1,3,3,Current,one,no,Current,one,no,,0,no,,,,,,
169b2a428361,Queen of the Forest,Destiny Leather,Allflame,1,2,2,Current,one,no,Current,one,no,,0,no,,,,,,
39ba5107da15,Cherrubim's Maleficence,Triumphant Lamellar,Allflame,1,3,3,Current,one,no,Current,one,no,,0,no,,,,,,
7b4bf4da2d5a,Icetomb,Latticed Ringmail,Allflame,1,3,3,Current,one,no,Current,one,no,,0,no,,,,,,
7787e1ac2277,Geofri's Sanctuary,Elegant Ringmail,Allflame,1,3,3,Current,one,no,Current,one,no,,0,no,,,,,,
d22cb8fe82f9,Bramblejack,Plate Vest,Allflame,1,2,2,Current,one,no,Current,one,no,,0,no,,,,,,
c8cb04179c7f,Dendrobate,Sentinel Jacket,Allflame,1,1,1,only,one,no,only,one,no,,0,no,,,,,,
66847f9243f8,Briskwrap,Sun Leather,Allflame,1,4,4,Current,one,no,Current,one,no,,0,no,,,,,,
37b3bb510327,Tabula Rasa,Simple Robe,Allflame,1,1,1,only,one,no,only,one,no,,0,no,,,,,,
0f720c68942b,Foulborn Greed's Embrace,Golden Plate,Allflame,0,0,0,,unbound,no,,unbound,no,,0,no,,,,mutated,,
8d9ba12ff136,Death's Oath,Astral Plate,Allflame,1,3,3,Current,one,no,Current,one,no,,0,no,,,,,,
710d6e216745,Cinderswallow Urn,Silver Flask,Standard,1,18,171,,none,no,,none,no,,0,no,,,utilityMods,crafted,no-text-match,25% reduced Mana Cost of Skills during Effect
ad47b204f861,Rumi's Concoction,Granite Flask,Standard,1,4,4,Current,one,no,Current,one,no,,0,no,,,utilityMods,,,
efc457901c06,Forbidden Taste,Quartz Flask,Standard,1,4,4,Pre 3.15.0,one,no,Pre 3.15.0,one,no,,0,no,,,utilityMods,,,
36d73946244a,Atziri's Promise,Amethyst Flask,Standard,1,3,3,Pre 3.15.0,one,no,Pre 3.15.0,one,no,,0,no,,,utilityMods,,,
a50707db2637,The Overflowing Chalice,Sulphur Flask,Standard,1,2,2,Current,one,no,Current,one,no,,0,no,,,utilityMods,,,
f0c5bed8931e,Lion's Roar,Granite Flask,Standard,1,4,4,Current,one,no,Current,one,no,,0,no,,,utilityMods,,,
a399f99cf1a0,Lion's Roar,Granite Flask,Standard,1,4,4,Current,one,no,Current,one,no,,0,no,,,utilityMods,,,
0aecf45756b6,The Overflowing Chalice,Sulphur Flask,Standard,1,2,2,Current,one,no,Current,one,no,,0,no,,,utilityMods,,,
8b531a8a5db1,Rumi's Concoction,Granite Flask,Standard,1,4,4,Current,one,no,Current,one,no,,0,no,,,utilityMods,,,
ada8e1a6c61d,The Writhing Jar,Hallowed Hybrid Flask,Standard,1,1,1,only,one,no,only,one,no,,0,no,,,,,,
f8f0b8cb4a4f,Rumi's Concoction,Granite Flask,Standard,1,4,4,Current,one,no,Current,one,no,,0,no,,,utilityMods,,,
173b1e69939b,Soul Catcher,Quartz Flask,Standard,1,3,3,Current,one,no,Current,one,no,,0,no,,,utilityMods,,,
66e7edb745df,Lion's Roar,Granite Flask,Standard,1,4,4,Current,one,no,Current,one,no,,0,no,,,utilityMods,,,
b1d926ad6b28,The Sorrow of the Divine,Sulphur Flask,Standard,1,2,2,Current,one,no,Current,one,no,,0,no,,,utilityMods,,,
c492a5ed2388,The Writhing Jar,Hallowed Hybrid Flask,Standard,1,1,1,only,one,no,only,one,no,,0,no,,,,,,
b076fe716de1,Forbidden Taste,Quartz Flask,Standard,1,4,4,Current,one,no,Current,one,no,,0,no,,,utilityMods,,,
2ffd32aedc27,Doedre's Elixir,Greater Mana Flask,Standard,1,3,3,,none,no,,none,no,,0,no,,,,,no-text-match,Gain 3 Frenzy Charges on use
8472d34a9348,Doedre's Elixir,Greater Mana Flask,Standard,1,3,3,,none,no,,none,no,,0,no,,,,,no-text-match,Gain 2 Endurance Charges on use
c1dd86d0611a,The Sorrow of the Divine,Sulphur Flask,Standard,1,2,2,Current,one,no,Current,one,no,,0,no,,,utilityMods,,,
b0997e92ed95,Forbidden Taste,Quartz Flask,Standard,1,4,4,Current,one,no,Current,one,no,,0,no,,,utilityMods,,,
1eed09bb134f,Coruscating Elixir,Ruby Flask,Standard,1,3,3,Current,one,no,Current,one,no,,0,no,,,utilityMods,,,
182e6de8500b,Vessel of Vinktar,Topaz Flask,Standard,1,18,18,Current (Penetration),one,no,Current (Penetration),one,no,,0,no,,,utilityMods,,,
e29a8286ad48,Witchfire Brew,Stibnite Flask,Standard,1,3,3,,none,no,,none,no,,0,no,,,utilityMods,,variant-line-not-displayed,(-10-10)% reduced Charges per use
c5fb05deb1c7,Lion's Roar,Granite Flask,Standard,1,4,4,Current,one,no,Current,one,no,,0,no,,,utilityMods,,,
a01a55b98e5c,Kiara's Determination,Silver Flask,Standard,1,3,3,Current,one,no,Current,one,no,,0,no,,,utilityMods,,,
83af3d9229e3,Forbidden Taste,Quartz Flask,Standard,1,4,4,Current,one,no,Current,one,no,,0,no,,,utilityMods,,,
d8b05d7a9c63,Vessel of Vinktar,Topaz Flask,Standard,1,18,18,Current (Spells),one,no,Current (Spells),one,no,,0,no,,,utilityMods,,,
139ddb77ceb3,Atziri's Promise,Amethyst Flask,Standard,1,3,3,Current,one,no,Current,one,no,,0,no,,,utilityMods,,,
c9ffbedd5f59,Coralito's Signature,Diamond Flask,Standard,1,2,2,Pre 3.15.0,one,no,Pre 3.15.0,one,no,,0,no,,,utilityMods,,,
db28052d194a,Forbidden Taste,Quartz Flask,Standard,1,4,4,Pre 3.15.0,one,no,Pre 3.15.0,one,no,,0,no,,,utilityMods,,,
0c743fc3b41a,Rumi's Concoction,Granite Flask,Standard,1,4,4,Current,one,no,Current,one,no,,0,no,,,utilityMods,,,
a70448d52c19,Lion's Roar,Granite Flask,Standard,1,4,4,Current,one,no,Current,one,no,,0,no,,,utilityMods,,,
e1ec2db9bdea,The Overflowing Chalice,Sulphur Flask,Standard,1,2,2,Current,one,no,Current,one,no,,0,no,,,utilityMods,,,
2458c28e468b,Rumi's Concoction,Granite Flask,Standard,1,4,4,Pre 3.15.0,one,no,Pre 3.15.0,one,no,,0,no,,,utilityMods,,,
d8a4a237b6a9,Rotgut,Quicksilver Flask,Standard,1,4,4,Current,one,no,Current,one,no,,0,no,,,utilityMods,,,
1ef23e5d1c42,Lion's Roar,Granite Flask,Standard,1,4,4,Current,one,no,Current,one,no,,0,no,,,utilityMods,,,
88ccb4029d65,The Writhing Jar,Hallowed Hybrid Flask,Standard,1,1,1,only,one,no,only,one,no,,0,no,,,,,,
9271edc7650f,Forbidden Taste,Quartz Flask,Standard,1,4,4,Current,one,no,Current,one,no,,0,no,,,utilityMods,,,
12dd72962afe,Doedre's Elixir,Greater Mana Flask,Standard,1,3,3,,none,no,,none,no,,0,no,,,,,no-text-match,Gain 3 Frenzy Charges on use
61977092fe16,Rumi's Concoction,Granite Flask,Standard,1,4,4,Current,one,no,Current,one,no,,0,no,,,utilityMods,,,
53a1e008d782,The Wise Oak,Bismuth Flask,Standard,1,3,3,Current,one,no,Current,one,no,,0,no,,,utilityMods,,,
103eb8a5ab93,The Overflowing Chalice,Sulphur Flask,Standard,1,2,2,Current,one,no,Current,one,no,,0,no,,,utilityMods,,,
0f7dbb448e4a,The Overflowing Chalice,Sulphur Flask,Standard,1,2,2,Current,one,no,Current,one,no,,0,no,,,utilityMods,,,
99e33ab29fb0,Doedre's Elixir,Greater Mana Flask,Standard,1,3,3,,none,no,,none,no,,0,no,,,,,no-text-match,Gain 2 Endurance Charges on use
cf8b925d6167,Witchfire Brew,Stibnite Flask,Standard,1,3,3,Current,one,no,Current,one,no,,0,no,,,utilityMods,,,
fea15ab0332b,Rumi's Concoction,Granite Flask,Standard,1,4,4,Pre 2.5.0;Pre 3.15.0,several,no,Pre 2.5.0;Pre 3.15.0,several,no,,0,no,,,utilityMods,,,
d010027bb8fd,Rumi's Concoction,Granite Flask,Standard,1,4,4,Current,one,no,Current,one,no,,0,no,,,utilityMods,,,
1cd823995ef4,Blood of the Karui,Sanctified Life Flask,Standard,1,5,5,Current,one,no,Current,one,no,,0,no,,,,,,
e86585168d43,The Overflowing Chalice,Sulphur Flask,Standard,1,2,2,Current,one,no,Current,one,no,,0,no,,,utilityMods,,,
bb00332e9602,Rotgut,Quicksilver Flask,Standard,1,4,4,Current,one,no,Current,one,no,,0,no,,,utilityMods,,,
0c7d84ed3a0d,Divination Distillate,Large Hybrid Flask,Standard,1,6,6,Current,one,no,Current,one,no,,0,no,,,,,,
71d30a7623f2,The Sorrow of the Divine,Sulphur Flask,Standard,1,2,2,Current,one,no,Current,one,no,,0,no,,,utilityMods,,,
fd3ad02ed233,Sap of the Seasons,Prismatic Tincture,Standard,1,1,1,only,one,no,only,one,no,,0,no,,,,,,
ab155228ad48,Divination Distillate,Large Hybrid Flask,Standard,1,6,6,Current,one,no,Current,one,no,,0,no,,,,,,
156bdf5b1dd9,Divination Distillate,Large Hybrid Flask,Standard,1,6,6,Current,one,no,Current,one,no,,0,no,,,,,,
9fe2ba4fd0c9,Kiara's Determination,Silver Flask,Standard,1,3,3,Current,one,no,Current,one,no,,0,no,,,utilityMods,,,
505402013a35,Witchfire Brew,Stibnite Flask,Standard,1,3,3,Current,one,no,Current,one,no,,0,no,,,utilityMods,,,
b1732db2b157,Witchfire Brew,Stibnite Flask,Standard,1,3,3,Current,one,no,Current,one,no,,0,no,,,utilityMods,,,
086d67c26b29,Blood of the Karui,Sanctified Life Flask,Standard,1,5,5,Current,one,no,Current,one,no,,0,no,,,,,,
2552759c7d09,Kiara's Determination,Silver Flask,Standard,1,3,3,Current,one,no,Current,one,no,,0,no,,,utilityMods,,,
76fec5c3b414,Lion's Roar,Granite Flask,Standard,1,4,4,Current,one,no,Current,one,no,,0,no,,,utilityMods,,,
077fe015b819,The Overflowing Chalice,Sulphur Flask,Standard,1,2,2,Current,one,no,Current,one,no,,0,no,,,utilityMods,,,
98fa65758f6c,The Sorrow of the Divine,Sulphur Flask,Standard,1,2,2,Current,one,no,Current,one,no,,0,no,,,utilityMods,,,
721f7606441b,Vessel of Vinktar,Topaz Flask,Standard,1,18,18,Current (Attacks),one,no,Current (Attacks),one,no,,0,no,,,utilityMods,,,
2bdf6a013616,Lavianga's Spirit,Sanctified Mana Flask,Standard,1,1,1,only,one,no,only,one,no,,0,no,,,,,,
06af1d609b12,Forbidden Taste,Quartz Flask,Standard,1,4,4,Current,one,no,Current,one,no,,0,no,,,utilityMods,,,
6580f7bd9971,The Sorrow of the Divine,Sulphur Flask,Standard,1,2,2,Current,one,no,Current,one,no,,0,no,,,utilityMods,,,
2cfdf099b61a,Lavianga's Spirit,Sanctified Mana Flask,Standard,1,1,1,only,one,no,only,one,no,,0,no,,,,,,
ccdde3bb3cc6,Honourhome,Soldier Helmet,Standard,1,4,4,,none,no,,none,no,,0,no,,,,,no-text-match,Socketed Skill Gems get a 90% Cost & Reservation Multiplier
03fdda84ea7a,Ventor's Gamble,Gold Ring,Standard,1,2,2,,none,no,,none,no,,0,no,,,,,no-text-match,11% increased Mana Reservation Efficiency of Skills
ace87c2647e3,Brutal Restraint,Timeless Jewel,Standard,1,4,4,Balbala (The Traitor),one,no,Balbala (The Traitor),one,no,,0,no,,,,,,
035107f35dab,Skysunder,Exquisite Blade,Standard,1,1,1,only,one,no,only,one,no,,0,no,,,,,,
96dea4622bcb,Skysunder,Exquisite Blade,Standard,1,1,1,only,one,no,only,one,no,,0,no,,,,,,
c79b661733d7,Timeclasp,Moonstone Ring,Standard,1,4,4,Current,one,no,Current,one,no,,0,no,,,,,,
5fd288801377,Timeclasp,Moonstone Ring,Standard,1,4,4,Current,one,no,Current,one,no,,0,no,,,,,,
99958ae0f824,Karui Ward,Jade Amulet,Standard,1,2,2,Current,one,no,Current,one,no,,0,no,,,,,,
02daddb5f01c,Tabula Rasa,Simple Robe,Standard,1,1,1,,none,no,,none,no,,0,no,,,,,no-text-match,5% increased maximum Life
ef44c98a7c65,Saresh's Darkness,Chain Belt,Standard,1,1,1,,none,no,,none,no,,0,no,,,,,no-text-match,14% increased Skill Effect Duration
ac7590ceeadc,Skysunder,Exquisite Blade,Standard,1,1,1,only,one,no,only,one,no,,0,no,,,,,,
b80f74003f60,Skysunder,Exquisite Blade,Standard,1,1,1,only,one,no,only,one,no,,0,no,,,,,,
9a5dde8be911,The Bane of Hope,Maraketh Bow,Standard,1,1,1,,none,no,,none,no,,0,no,,,,,no-text-match,Adds 25 to 44 Cold Damage
8c7d82b63c72,Saresh's Darkness,Chain Belt,Standard,1,1,1,,none,no,,none,no,,0,no,,,,,no-text-match,27% increased Rarity of Items found
317c2a2ad051,Saresh's Darkness,Chain Belt,Standard,1,1,1,,none,no,,none,no,,0,no,,,,,no-text-match,Malevolence has 19% increased Aura Effect
dc4b34c6d56a,Skysunder,Exquisite Blade,Standard,1,1,1,only,one,no,only,one,no,,0,no,,,,,,
0cf2d02c62f9,Fleshrender,Exquisite Blade,Standard,1,1,1,,none,no,,none,no,,0,no,,,,,no-text-match,28% increased Area of Effect
fe6111a9e04b,Brutal Restraint,Timeless Jewel,Standard,1,4,4,Balbala (The Traitor),one,no,Balbala (The Traitor),one,no,,0,no,,,,,,
1555258ddcf8,Mageblood,Heavy Belt,Standard,1,1,1,only,one,no,only,one,no,,0,no,,,,,,
16cf991d7bbf,Yoke of Suffering,Onyx Amulet,Standard,1,2,2,,none,no,Current,one,no,catalyst,3,yes,Resistance,20,enchantMods,,,
cecf16996d01,Foulborn Aegis Aurora,Champion Kite Shield,Standard,0,0,0,,unbound,no,,unbound,no,,0,no,,,,mutated,,
c7b1438b380d,Rain of Splinters,Crimson Jewel,Standard,1,2,2,Current;Pre 3.20.0,several,yes,Current;Pre 3.20.0,several,yes,,0,no,,,,,,
a4749d4fd951,The Light of Meaning,Prismatic Jewel,Standard,1,13,13,Armour,one,no,Armour,one,no,,0,no,,,,,,
00b3a553efea,Lifesprig,Driftwood Wand,Standard,1,1,1,,none,no,,none,no,,0,no,,,,,no-text-match,Regenerate 6 Life over 1 second when you Cast a Spell
9767aedeb077,Goldrim,Leather Cap,Standard,1,1,1,only,one,no,only,one,no,,0,no,,,,,,
f29a82cf8a57,Triad Grip,Mesh Gloves,Standard,1,2,2,Pre 3.29.0,one,no,Pre 3.29.0,one,no,,0,no,,,,,,
cd3c875e136a,Cold Iron Point,Ezomyte Dagger,Standard,1,1,1,only,one,no,only,one,no,,0,no,,,,,,
9296591a90c2,Goldrim,Leather Cap,Standard,1,1,1,only,one,no,only,one,no,,0,no,,,,,,
ee5d30c7fe23,Wanderlust,Wool Shoes,Standard,1,1,1,only,one,no,only,one,no,,0,no,,,,,,
a3e309e7bfcc,Wanderlust,Wool Shoes,Standard,1,1,1,only,one,no,only,one,no,,0,no,,,,,,
9493da20af47,Kintsugi,Exquisite Leather,Standard,1,3,3,Pre 3.19.0,one,no,Pre 3.19.0,one,no,,0,no,,,,,,
f29ce6caad36,Mortem Morsu,Fright Claw,Standard,1,4,4,Current,one,no,Current,one,no,,0,no,,,,,,
fa56f22bac0a,Sidhebreath,Paua Amulet,Standard,1,4,4,Pre 3.19.0,one,no,Pre 3.19.0,one,no,,0,no,,,,,,
ee991b0355d0,Lochtonial Caress,Iron Gauntlets,Standard,1,3,3,Pre 3.19.0,one,no,Pre 3.19.0,one,no,,0,no,,,,,,
bfa6f8bbbe45,Silverbranch,Crude Bow,Standard,1,2,2,Current;Pre 2.0.0,several,yes,Current;Pre 2.0.0,several,yes,,0,no,,,,,,
9becbb4d7568,Le Heup of All,Iron Ring,Standard,1,2,2,Current,one,no,Current,one,no,,0,no,,,,,,
1d5baa585745,Le Heup of All,Iron Ring,Standard,1,2,2,Current,one,no,Current,one,no,,0,no,,,,,,
317b2b99ce45,Seven-League Step,Rawhide Boots,Standard,1,1,1,only,one,no,only,one,no,,0,no,,,,,,
67ec56d37900,Obliteration,Demon's Horn,Standard,1,6,6,Pre 3.19.0,one,no,Pre 3.19.0,one,no,,0,no,,,,,,
3299db26d3ca,Quill Rain,Short Bow,Standard,1,3,3,Current,one,no,Current,one,no,,0,no,,,,,,
7fc042eefb90,Lifesprig,Driftwood Wand,Standard,1,1,1,,none,no,,none,no,,0,no,,,,,no-text-match,Regenerate 7 Life over 1 second when you Cast a Spell
87a0f176bb50,The Screaming Eagle,Jade Hatchet,Standard,1,2,2,Current,one,no,Current,one,no,,0,no,,,,,,
06f456478aa0,Quill Rain,Short Bow,Standard,1,3,3,Current,one,no,Current,one,no,,0,no,,,,,,
a695579a1244,Wanderlust,Wool Shoes,Standard,1,1,1,only,one,no,only,one,no,,0,no,,,,,,
dd52e59c918a,Lifesprig,Driftwood Wand,Standard,1,1,1,,none,no,,none,no,,0,no,,,,,no-text-match,Regenerate 7 Life over 1 second when you Cast a Spell
af1617288662,Heartbound Loop,Moonstone Ring,Standard,1,1,1,only,one,no,only,one,no,,0,no,,,,,,
1ab259e4911e,Cold Iron Point,Ezomyte Dagger,Standard,1,1,1,only,one,no,only,one,no,,0,no,,,,,,
ad73d9c59e26,Lifesprig,Driftwood Wand,Standard,1,1,1,,none,no,,none,no,,0,no,,,,,no-text-match,Regenerate 7 Life over 1 second when you Cast a Spell
10d146f20334,Goldrim,Leather Cap,Standard,1,1,1,only,one,no,only,one,no,,0,no,,,,,,
aa4d95f9a395,Wanderlust,Wool Shoes,Standard,1,1,1,only,one,no,only,one,no,,0,no,,,,,,
23a4232ad647,Wanderlust,Wool Shoes,Standard,1,1,1,only,one,no,only,one,no,,0,no,,,,,,
ae9dbf7c6382,The Broken Crown,Prophet Crown,Standard,1,3,3,Current,one,no,Current,one,no,,0,no,,,,,,
7436c739e6cf,Winterheart,Gold Amulet,Standard,1,2,2,Pre 3.15.0,one,no,Pre 3.15.0,one,no,,0,no,,,,,,
e6a267c8d5fe,Tinkerskin,Sadist Garb,Standard,1,1,1,only,one,no,only,one,no,,0,no,,,,,,
1c638d2ab842,Lifesprig,Driftwood Wand,Standard,1,1,1,,none,no,,none,no,,0,no,,,,,no-text-match,Regenerate 7 Life over 1 second when you Cast a Spell
6eb27586207c,Asphyxia's Wrath,Two-Point Arrow Quiver,Standard,1,3,3,Pre 3.17.0,one,no,Pre 3.17.0,one,no,,0,no,,,,,,
4f7b11c787da,Lifesprig,Driftwood Wand,Standard,1,1,1,,none,no,,none,no,,0,no,,,,,no-text-match,Regenerate 8 Life over 1 second when you Cast a Spell
1c2c2ae7d5a1,Aurumvorax,Basket Rapier,Standard,1,3,3,Current,one,no,Current,one,no,,0,no,,,,,,
85a091d87d57,Reverberation Rod,Spiraled Wand,Standard,1,5,5,Pre 3.19.0,one,no,Pre 3.19.0,one,no,,0,no,,,,,,
022e7af88b6e,Lifesprig,Driftwood Wand,Standard,1,1,1,,none,no,,none,no,,0,no,,,,,no-text-match,Regenerate 6 Life over 1 second when you Cast a Spell
8136a3f64686,The Peregrine,Visored Sallet,Standard,1,3,3,Current,one,no,Current,one,no,,0,no,,,,,,
0491a5d89629,Lifesprig,Driftwood Wand,Standard,1,1,1,,none,no,,none,no,,0,no,,,,,no-text-match,Regenerate 6 Life over 1 second when you Cast a Spell
4e5abc707087,Thread of Hope,Crimson Jewel,Standard,1,5,5,Medium Ring,one,no,Medium Ring,one,no,,0,no,,,,,,
60029d58de15,Cold Iron Point,Ezomyte Dagger,Standard,1,1,1,only,one,no,only,one,no,,0,no,,,,,,
44117f304446,Lifesprig,Driftwood Wand,Standard,1,1,1,,none,no,,none,no,,0,no,,,,,no-text-match,Regenerate 7 Life over 1 second when you Cast a Spell
3c1fc33c4f32,Alpha's Howl,Sinner Tricorne,Standard,1,1,1,only,one,no,only,one,no,,0,no,,,,,,
bd51abfc5294,Cold Iron Point,Ezomyte Dagger,Standard,1,1,1,only,one,no,only,one,no,,0,no,,,,,,
34485a531f8a,Goldrim,Leather Cap,Standard,1,1,1,only,one,no,only,one,no,,0,no,,,,,,
f25f97214f8d,Belt of the Deceiver,Heavy Belt,Standard,1,2,2,Current,one,no,Current,one,no,,0,no,,,,,,
96a13c9c97e8,Bated Breath,Chain Belt,Standard,1,2,2,Current,one,no,Current,one,no,,0,no,,,,,,
49324b0bc354,Rime Gaze,Mind Cage,Standard,1,6,6,Pre 3.16.0,one,no,Pre 3.16.0,one,no,,0,no,,,,,,
f9387b96d994,Cold Iron Point,Ezomyte Dagger,Standard,1,1,1,only,one,no,only,one,no,,0,no,,,,,,
4e63183c0bb0,Allure,Vaal Claw,Standard,1,2,2,,none,no,,none,no,,0,no,,,,,no-text-match,Adds 17 to 37 Fire Damage
5166932b07b7,Fidelitas' Spike,Jagged Foil,Standard,1,3,3,,none,no,,none,no,,0,no,,,,,no-text-match,13% chance to gain Onslaught for 4 seconds on Kill
ea8eafc3764c,Bated Breath,Chain Belt,Standard,1,2,2,Current,one,no,Current,one,no,,0,no,,,,,,
efaf93ce1e0a,Goldrim,Leather Cap,Standard,1,1,1,only,one,no,only,one,no,,0,no,,,,,,
7dcf5c6fde04,Foulborn Tulfall,Opal Wand,Standard,0,0,0,,unbound,no,,unbound,no,,0,no,,,,mutated,,
4b0adeadfe31,Foulborn Bramblejack,Plate Vest,Standard,0,0,0,,unbound,no,,unbound,no,,0,no,,,,mutated,,
fccbde7961ee,Foulborn Tulborn,Opal Wand,Standard,0,0,0,,unbound,no,,unbound,no,,0,no,,,,mutated,,
e0dde899018a,Foulborn The Embalmer,Carnal Mitts,Standard,0,0,0,,unbound,no,,unbound,no,,0,no,,,,mutated,,
a73235b364d6,Foulborn The Coming Calamity,Destroyer Regalia,Standard,0,0,0,,unbound,no,,unbound,no,,0,no,,,,mutated,,
4c3decedadcc,Foulborn Severed in Sleep,Cutlass,Standard,0,0,0,,unbound,no,,unbound,no,,0,no,,,,mutated,,
cf6504ecdad4,Foulborn Ashcaller,Goat's Horn,Standard,0,0,0,,unbound,no,,unbound,no,,0,no,,,,mutated,,
3a3ad4090769,Foulborn Tulborn,Opal Wand,Standard,0,0,0,,unbound,no,,unbound,no,,0,no,,,,mutated,,
378132b07b91,Foulborn The Snowblind Grace,Zodiac Leather,Standard,0,0,0,,unbound,no,,unbound,no,,0,no,,,,mutated,,
3f66f5e4defe,Foulborn Warped Timepiece,Turquoise Amulet,Standard,0,0,0,,unbound,no,,unbound,no,,0,no,,,,mutated,,
3926baf0a570,Foulborn The Red Trail,Titan Greaves,Standard,0,0,0,,unbound,no,,unbound,no,,0,no,,,,mutated,,
78cf9db10055,Foulborn Tulborn,Opal Wand,Standard,0,0,0,,unbound,no,,unbound,no,,0,no,,,,mutated,,
242cb2c4d9bf,Foulborn Tulborn,Opal Wand,Standard,0,0,0,,unbound,no,,unbound,no,,0,no,,,,mutated,,
33288ebfab52,Foulborn Severed in Sleep,Cutlass,Standard,0,0,0,,unbound,no,,unbound,no,,0,no,,,,mutated,,
c57db29b4d63,Foulborn Esh's Mirror,Vaal Spirit Shield,Standard,0,0,0,,unbound,no,,unbound,no,,0,no,,,,mutated,,
84f836f5f2a1,Foulborn Ashcaller,Goat's Horn,Standard,0,0,0,,unbound,no,,unbound,no,,0,no,,,,mutated,,
0d7d0dda8d8a,Foulborn Ashcaller,Goat's Horn,Standard,0,0,0,,unbound,no,,unbound,no,,0,no,,,,mutated,,
9c031027ce61,Foulborn Facebreaker,Strapped Mitts,Standard,0,0,0,,unbound,no,,unbound,no,,0,no,,,,mutated,,
03e5e51874f4,Foulborn Cherrubim's Maleficence,Triumphant Lamellar,Standard,0,0,0,,unbound,no,,unbound,no,,0,no,,,,mutated,,
c70a7096e343,Foulborn Greed's Embrace,Golden Plate,Standard,0,0,0,,unbound,no,,unbound,no,,0,no,,,,mutated,,
f7c7c20589a7,Foulborn Vis Mortis,Necromancer Silks,Standard,0,0,0,,unbound,no,,unbound,no,,0,no,,,,mutated,,
dd723ef09ca6,Foulborn Greed's Embrace,Golden Plate,Standard,0,0,0,,unbound,no,,unbound,no,,0,no,,,,mutated,,
51fe68bf35db,Foulborn Skin of the Loyal,Simple Robe,Standard,0,0,0,,unbound,no,,unbound,no,,0,no,,,,mutated,,
07eca5234740,Foulborn Ghostwrithe,Silken Vest,Standard,0,0,0,,unbound,no,,unbound,no,,0,no,,,,mutated,,
816280d8f18c,Foulborn Ghostwrithe,Silken Vest,Standard,0,0,0,,unbound,no,,unbound,no,,0,no,,,,mutated,,
88306a67eda1,Foulborn Cherrubim's Maleficence,Triumphant Lamellar,Standard,0,0,0,,unbound,no,,unbound,no,,0,no,,,,mutated,,
a3694a3f1666,Foulborn Xoph's Inception,Citadel Bow,Standard,0,0,0,,unbound,no,,unbound,no,,0,no,,,,mutated,,
46aa42c01770,Foulborn Ghostwrithe,Silken Vest,Standard,0,0,0,,unbound,no,,unbound,no,,0,no,,,,mutated,,
e4b80a2525be,Foulborn Quill Rain,Short Bow,Standard,0,0,0,,unbound,no,,unbound,no,,0,no,,,,mutated,,
82ad90b4a742,Foulborn Ashrend,Buckskin Tunic,Standard,0,0,0,,unbound,no,,unbound,no,,0,no,,,,mutated,,
e391a8941117,Foulborn The Infinite Pursuit,Titan Greaves,Standard,0,0,0,,unbound,no,,unbound,no,,0,no,,,,mutated,,
ee2d3844f7df,Foulborn Severed in Sleep,Cutlass,Standard,0,0,0,,unbound,no,,unbound,no,,0,no,,,,mutated,,
a001e58ea7a1,Foulborn Severed in Sleep,Cutlass,Standard,0,0,0,,unbound,no,,unbound,no,,0,no,,,,mutated,,
c40110f2ef17,Foulborn Vis Mortis,Necromancer Silks,Standard,0,0,0,,unbound,no,,unbound,no,,0,no,,,,mutated,,
cc6f681cb6e9,Foulborn Null and Void,Legion Gloves,Standard,0,0,0,,unbound,no,,unbound,no,,0,no,,,,mutated,,
e76ab0b6d2aa,Foulborn Vis Mortis,Necromancer Silks,Standard,0,0,0,,unbound,no,,unbound,no,,0,no,,,,mutated,,
02b4330f9c91,Foulborn Lioneye's Vision,Crusader Plate,Standard,0,0,0,,unbound,no,,unbound,no,,0,no,,,,mutated,,
6a44c4b9b082,Foulborn Quill Rain,Short Bow,Standard,0,0,0,,unbound,no,,unbound,no,,0,no,,,,mutated,,
4b34feaa51fb,Foulborn The Harvest,Jasper Chopper,Standard,0,0,0,,unbound,no,,unbound,no,,0,no,,,,mutated,,
632c48ff7f74,Bated Breath,Chain Belt,Standard,1,2,2,Current,one,no,Current,one,no,,0,no,,,,,,
2717c5d90e3b,Crystallised Omniscience,Onyx Amulet,Standard,1,1,1,only,one,no,only,one,no,,0,no,,,enchantMods,,,
717e3c7ab041,Foulborn Uul-Netol's Kiss,Vaal Axe,Standard,0,0,0,,unbound,no,,unbound,no,,0,no,,,,mutated,,
a516661982fb,Ashes of the Stars,Onyx Amulet,Standard,1,2,2,,none,no,Pre 3.23.0,one,no,catalyst,1,yes,Attribute,20,enchantMods,,,
314515c4ca8a,Forbidden Flame,Crimson Jewel,Standard,0,0,0,,unbound,no,,unbound,no,,0,no,,,,,,
1557a1e2c092,Astramentis,Onyx Amulet,Standard,1,1,1,only,one,no,only,one,no,,0,no,,,,,,
8c319a1a9aa2,Whakatutuki o Matua,Tarnished Spirit Shield,Standard,1,1,1,only,one,no,only,one,no,,0,no,,,,,,
e6cc1bb9d7cb,Razor of the Seventh Sun,Midnight Blade,Standard,1,4,4,Current,one,no,Current,one,no,,0,no,,,,,,
dc57fb4db12d,Ashes of the Stars,Onyx Amulet,Standard,1,2,2,Pre 3.23.0,one,no,Pre 3.23.0,one,no,,0,no,,,,,,
c77529414f81,Eye of Malice,Callous Mask,Standard,1,1,1,only,one,no,only,one,no,,0,no,,,enchantMods,,,
87655aec5682,Forbidden Flesh,Cobalt Jewel,Standard,0,0,0,,unbound,no,,unbound,no,,0,no,,,,,,
7b8419b39675,Thread of Hope,Crimson Jewel,Standard,1,5,5,Medium Ring,one,no,Medium Ring,one,no,,0,no,,,,,,
e8273482c551,Conqueror's Efficiency,Crimson Jewel,Standard,1,1,1,only,one,no,only,one,no,,0,no,,,,,,
b436bde8e771,Perandus Signet,Paua Ring,Standard,1,2,2,Current,one,no,Current,one,no,,0,no,,,,,,
9d2195b93d99,Melding of the Flesh,Cobalt Jewel,Standard,1,2,2,Pre 3.19.0,one,no,Pre 3.19.0,one,no,,0,no,,,,,,
d9a4b1effe4d,Razor of the Seventh Sun,Midnight Blade,Standard,1,4,4,Current,one,no,Current,one,no,,0,no,,,,,,
4bd7a61450c1,Ashcaller,Goat's Horn,Standard,1,5,5,Current,one,no,Current,one,no,,0,no,,,,,,
5177b51a8b11,Seven-League Step,Rawhide Boots,Standard,1,1,1,only,one,no,only,one,no,,0,no,,,,,,
82afe5a049d6,Doon Cuebiyari,Vaal Sceptre,Standard,1,2,2,,none,no,,none,no,,0,no,,,,,no-text-match,15% increased Area of Effect
6a52f4be57d8,Sire of Shards,Serpentine Staff,Standard,1,3,3,,none,no,,none,no,,0,no,,,,,no-text-match,15% increased Critical Strike Chance
48bd523bd8e1,Ungil's Harmony,Turquoise Amulet,Standard,1,2,2,,none,no,,none,no,,0,no,,,,,no-text-match,0.5% of Cold Damage Leeched as Life
7248dd54b4e7,Forbidden Flame,Crimson Jewel,Standard,0,0,0,,unbound,no,,unbound,no,,0,no,,,,,,
b029987a0127,Replica Dragonfang's Flight,Onyx Amulet,Standard,0,0,0,,unbound,no,,unbound,no,,0,no,,,,,,
a59cf55edcdb,Agnerod West,Imperial Staff,Standard,1,3,3,Current,one,no,Current,one,no,,0,no,,,,,,
709c5370aa9a,Forbidden Flesh,Cobalt Jewel,Standard,0,0,0,,unbound,no,,unbound,no,,0,no,,,,,,
3b4ea6b483a0,The Jinxed Juju,Citrine Amulet,Standard,1,3,3,Current,one,no,Current,one,no,,0,no,,,,,,
c16def03f693,Forbidden Flame,Crimson Jewel,Standard,0,0,0,,unbound,no,,unbound,no,,0,no,,,,,,
e60c07a55bec,Kongming's Stratagem,Ancient Spirit Shield,Standard,1,5,5,,none,no,,none,no,,0,no,,,,,no-text-match,+1 to Level of Socketed Gems
220a03c05ea0,Mind of the Council,Harlequin Mask,Standard,1,2,2,,none,no,,none,no,,0,no,,,,,no-text-match,0.5% of Fire Damage Leeched as Life
6386072ea33b,Ahn's Contempt,Praetor Crown,Standard,1,1,1,,none,no,,none,no,,0,no,,,,,no-text-match,18% increased Skill Effect Duration
f22bcc762e18,Glimpse of Chaos,Vaal Mask,Standard,1,13,13,,none,no,,none,no,,0,no,,,,,variant-line-not-displayed,Can be modified while Corrupted
60ba81cbcf0b,Ezomyte Peak,Iron Hat,Standard,1,2,2,Current,one,no,Current,one,no,,0,no,,,,,,
3ae8d1560a09,Eye of Chayula,Onyx Amulet,Standard,1,1,1,,none,no,,none,no,,0,no,,,,,no-text-match,Grants Level 21 Clarity Skill
7a5a90383417,Goldrim,Leather Cap,Standard,1,1,1,,none,no,,none,no,,0,no,,,,,no-text-match,0.5% of Lightning Damage Leeched as Life
16508d24b36f,Glimpse of Chaos,Vaal Mask,Standard,1,13,13,,none,no,,none,no,,0,no,,,,,variant-line-not-displayed,Can be modified while Corrupted
6226de18a92b,Ixchel's Temptation,Gold Ring,Standard,1,1,1,,none,no,only,one,no,catalyst,2,yes,Caster,182,,,,
3b1c4c3f16e3,Ixchel's Temptation,Gold Ring,Standard,1,1,1,,none,no,only,one,no,catalyst,1,yes,Attribute,154,,,,
96c3c6b11194,Carnage Heart,Onyx Amulet,Standard,1,2,2,,none,no,,none,no,,0,no,,,,,no-text-match,Grants Level 21 Purity of Elements Skill
9d06dde953fa,Crown of the Pale King,Regicide Mask,Standard,1,3,3,,none,no,,none,no,,0,no,,,,,no-text-match,14% increased Effect of your Curses
271d37c4396c,Curtain Call,Plague Mask,Standard,1,1,1,,none,no,,none,no,,0,no,,,,,no-text-match,"+1 to Minimum Endurance, Frenzy and Power Charges"
b581d453949c,Heartbound Loop,Moonstone Ring,Standard,1,1,1,,none,no,,none,no,,0,no,,,,,no-text-match,Pride has 20% increased Aura Effect
9fd88726cb23,Ixchel's Temptation,Gold Ring,Standard,1,1,1,,none,no,only,one,no,catalyst,2,yes,Caster,108,,,,
33e26e5a544a,Ixchel's Temptation,Gold Ring,Standard,1,1,1,,none,no,only,one,no,catalyst,1,yes,Attribute,119,,,,
b83f2f4a59d4,Grattus Signet,Diamond Ring,Standard,1,1,1,,none,no,,none,no,,0,no,,,,,no-text-match,4% increased Strength
f93fedea4e98,Ixchel's Temptation,Gold Ring,Standard,1,1,1,,none,no,only,one,no,catalyst,2,yes,Attack,154,,,,
46fd1ec2d72c,Ixchel's Temptation,Gold Ring,Standard,1,1,1,,none,no,only,one,no,catalyst,2,yes,Attack,81,,,,
48dcc4cb23c8,Aukuna's Will,Clasped Mitts,Standard,1,1,1,,none,no,,none,no,,0,no,,,,,no-text-match,Curse Enemies with Elemental Weakness on Hit
411a9a06f95a,Doryani's Prototype,Saint's Hauberk,Standard,1,1,1,,none,no,,none,no,,0,no,,,,,no-text-match,+2 to Level of Socketed AoE Gems
09f4484f2453,Scold's Bridle,Mind Cage,Standard,1,1,1,,none,no,,none,no,,0,no,,,,,no-text-match,+2 to Level of Socketed Lightning Gems
b596b41c4d80,Ungil's Harmony,Turquoise Amulet,Standard,1,2,2,,none,no,,none,no,,0,no,,,,,no-text-match,5% increased Strength
6f514a193a49,Haemophilia,Serpentscale Gauntlets,Standard,1,1,1,,none,no,,none,no,,0,no,,,,,no-text-match,Curse Enemies with Temporal Chains on Hit
0fb6393f8f0d,Blightwell,Clutching Talisman,Standard,1,3,3,,none,no,,none,no,,0,no,,,,,no-text-match,5% Chance to Block Spell Damage
758d3f72c717,Rumi's Concoction,Granite Flask,Standard,1,4,4,Current,one,no,Current,one,no,,0,no,,,enchantMods;utilityMods,,,
d237ecbd23f9,Fury Valve,Turquoise Amulet,Standard,1,1,1,only,one,no,only,one,no,,0,no,,,enchantMods,,,
3261149d0e2a,Leper's Alms,Mirrored Spiked Shield,Standard,1,2,2,Current,one,no,Current,one,no,,0,no,,,,,,
ad47e8df85fb,Ventor's Gamble,Gold Ring,Standard,1,2,2,,none,no,,none,no,,0,no,,,,,number-outside-range,31% increased Rarity of Items found
dfeb7f5684a1,Circle of Regret,Topaz Ring,Standard,1,7,28,,none,no,,none,no,,0,no,,,,,no-text-match,9% increased maximum Mana
6c1f73da2c4a,Circle of Guilt,Iron Ring,Standard,1,7,28,,none,no,,none,no,,0,no,,,,,no-text-match,5% increased Cast Speed
eee9d84ba764,Circle of Regret,Topaz Ring,Standard,1,7,28,,none,no,,none,no,,0,no,,,,,no-text-match,4 to 7 Added Cold Damage per Frenzy Charge
7194a3147692,United in Dream,Cutlass,Standard,1,5,5,Pre 3.21.0,one,no,Pre 3.21.0,one,no,,0,no,,,,,,
0d60dcea83a8,Matua Tupuna,Tarnished Spirit Shield,Standard,1,3,3,Pre 3.19.0,one,no,Pre 3.19.0,one,no,,0,no,,,,,,
325370f0c47f,Chitus' Apex,Necromancer Circlet,Standard,1,1,1,only,one,no,only,one,no,,0,no,,,,,,
075917597181,Gloomfang,Blue Pearl Amulet,Standard,1,2,2,Current,one,no,Current,one,no,,0,no,,,enchantMods,,,
c85500e6842d,Kingmaker,Despot Axe,Standard,1,6,6,Pre 3.20.0,one,no,Pre 3.20.0,one,no,,0,no,,,,,,
5439ba29fe54,Mask of the Stitched Demon,Magistrate Crown,Standard,1,1,1,only,one,no,only,one,no,,0,no,,,,,,
6bd29329e7ef,Victario's Flight,Goathide Boots,Standard,1,3,3,Pre 3.19.0,one,no,Pre 3.19.0,one,no,,0,no,,,,,,
a1a83fcc41c3,Perandus Signet,Paua Ring,Standard,1,2,2,Current,one,no,Current,one,no,,0,no,,,,,,
ec9f53a5c8bf,The Supreme Truth,Crystal Sceptre,Standard,1,4,4,Pre 2.28.0,one,no,Pre 2.28.0,one,no,,0,no,,,,,,
6747dc4eff35,Perandus Signet,Paua Ring,Standard,1,2,2,Current,one,no,Current,one,no,,0,no,,,,,,
12e560e8b1b7,Rise of the Phoenix,Mosaic Kite Shield,Standard,1,4,4,Pre 3.19.0,one,no,Pre 3.19.0,one,no,,0,no,,,,,,
e564ae642c40,Abhorrent Interrogation,Ambush Mitts,Standard,1,1,1,only,one,no,only,one,no,,0,no,,,,,,
0cb7b4d3ad07,Kaom's Heart,Glorious Plate,Standard,1,3,3,Pre 3.25.0,one,no,Pre 3.25.0,one,no,,0,no,,,scourgeMods,,,
223b3d1945e0,Circle of Guilt,Iron Ring,Standard,1,7,28,,none,no,,none,no,,0,no,,,,,no-text-match,6% increased Spell Damage per Power Charge
c42b5fcfa31d,Circle of Guilt,Iron Ring,Standard,1,7,28,,none,no,,none,no,,0,no,,,,,no-text-match,Grants Level 10 Anger Skill
eda920591da0,Marylene's Fallacy,Lapis Amulet,Standard,1,5,5,Current;Pre 2.6.0,several,yes,Current;Pre 2.6.0,several,yes,,0,no,,,,,,
b35f8b16433b,Tecrod's Gaze,Murderous Eye Jewel,Standard,1,2,2,Current,one,no,Current,one,no,,0,no,,,,,,
97ec91f59e67,Wraithlord,Bone Circlet,Standard,1,3,3,Current,one,no,Current,one,no,,0,no,,,,,,
938ea27fbd02,Bitter Instinct,Spiny Round Shield,Standard,1,1,1,only,one,no,only,one,no,,0,no,,,,,,
63cc739f89d1,Bonemeld,Marble Amulet,Standard,1,1,1,only,one,no,only,one,no,,0,no,,,,,,
2909f13cbefa,Circle of Ambition,Prismatic Ring,Standard,1,25,2625,,none,no,,none,no,,0,no,,,,,no-text-match,6% increased Strength
50223ecb212c,Voidfletcher,Primal Arrow Quiver,Standard,1,4,4,Pre 3.29.0,one,no,Pre 3.29.0,one,no,,0,no,,,,,,
90f6a1f035e7,Circle of Anguish,Ruby Ring,Standard,1,7,28,,none,no,,none,no,,0,no,,,,,no-text-match,13% increased Lightning Damage
bf883da84469,Circle of Guilt,Iron Ring,Standard,1,7,28,,none,no,,none,no,,0,no,,,,,no-text-match,20% increased Damage while Leeching Life
6f5419427199,Alpha's Howl,Sinner Tricorne,Standard,1,1,1,,none,no,,none,no,,0,no,,,,,no-text-match,Socketed Skill Gems get a 80% Cost & Reservation Multiplier
c6405bd3a03d,Dyadian Dawn,Heavy Belt,Standard,1,2,2,Current,one,no,Current,one,no,,0,no,,,,,,
cc95b66a7c1b,Immutable Force,Crimson Jewel,Standard,1,1,1,only,one,no,only,one,no,,0,no,,,,,,
392e00ca032d,Circle of Anguish,Ruby Ring,Standard,1,7,28,,none,no,,none,no,,0,no,,,,,no-text-match,23% increased Damage while Leeching Life
1dc03d67258d,March of the Legion,Legion Boots,Standard,1,2,2,Current,one,no,Current,one,no,,0,no,,,,,,
2edeeab9a3e8,Bloodnotch,Crimson Jewel,Standard,1,2,2,Pre 3.28.0,one,no,Pre 3.28.0,one,no,,0,no,,,,,,
9cf57d682400,Ezomyte Peak,Iron Hat,Standard,1,2,2,,none,no,,none,no,,0,no,,,,,no-text-match,Socketed Skill Gems get a 80% Cost & Reservation Multiplier
951bb6b8f81f,Arn's Anguish,Cloth Belt,Standard,1,2,2,Current,one,no,Current,one,no,,0,no,,,,,,
8dd292089f46,Circle of Anguish,Ruby Ring,Standard,1,7,28,,none,no,,none,no,,0,no,,,,,no-text-match,15% increased Global Physical Damage
a83f25bcfde6,Severed in Sleep,Cutlass,Standard,1,4,4,Current,one,no,Current,one,no,,0,no,,,,,,
6cb61df689ce,The Anvil,Amber Amulet,Standard,1,4,4,,none,no,,none,no,,0,no,,,enchantMods,,no-text-match,4% Chance to Block Spell Damage
1182ecb7277d,Windripper,Imperial Bow,Standard,1,6,6,Pre 3.25.0,one,no,Pre 3.25.0,one,no,,0,no,,,,,,
19c6c1ce66ea,Cherrubim's Maleficence,Triumphant Lamellar,Standard,1,3,3,Current,one,no,Current,one,no,,0,no,,,scourgeMods,,,
469a6f8c370a,Ventor's Gamble,Gold Ring,Standard,1,2,2,,none,no,,none,no,,0,no,,,,,no-text-match,9% increased Quantity of Items found
f666861f2292,Bisco's Leash,Heavy Belt,Standard,1,2,2,Pre 3.25.0,one,no,Pre 3.25.0,one,no,,0,no,,,,,,
c8e103154e75,Voidfletcher,Penetrating Arrow Quiver,Standard,1,4,4,Pre 3.17.0,one,no,Pre 3.17.0,one,no,,0,no,,,,,,
e5f6783233a5,Fertile Mind,Cobalt Jewel,Standard,1,2,2,,none,no,,none,no,,0,no,,,,,no-text-match,23% chance to Avoid being Shocked
d33ad400f907,Bisco's Collar,Gold Amulet,Standard,1,3,3,Current;Pre 3.2.0,several,yes,Current;Pre 3.2.0,several,yes,,0,no,,,enchantMods,,,
88108fd13cb8,Vessel of Vinktar,Topaz Flask,Standard,1,18,18,Current (Spells),one,no,Current (Spells),one,no,,0,no,,,utilityMods,,,
0216a6d5a4c3,Greed's Embrace,Golden Plate,Standard,1,2,2,Pre 3.25.0,one,no,Pre 3.25.0,one,no,,0,no,,,,,,
53322bc662dc,Voltaxic Rift,Spine Bow,Standard,1,4,4,Pre 3.20.0,one,no,Pre 3.20.0,one,no,,0,no,,,,,,
ebcfec113cda,Goldwyrm,Nubuck Boots,Standard,1,3,3,Pre 1.1.0;Pre 3.25.0,several,no,Pre 1.1.0;Pre 3.25.0,several,no,,0,no,,,enchantMods,,,
cb29eabf4628,Sadima's Touch,Wool Gloves,Standard,1,4,4,Pre 3.25.0,one,no,Pre 3.25.0,one,no,,0,no,,,,,,
2fa1c717f006,Lioneye's Fall,Viridian Jewel,Standard,1,1,1,,none,no,,none,no,,0,no,,,,,no-text-match,21% chance to Avoid being Shocked
b98b7b4319d2,Karui Ward,Jade Amulet,Standard,1,2,2,Current,one,no,Current,one,no,,0,no,,,enchantMods,,,
ec27643067e8,Astramentis,Onyx Amulet,Standard,1,1,1,only,one,no,only,one,no,,0,no,,,,,,
18228df7aa6b,Replica Dragonfang's Flight,Onyx Amulet,Standard,0,0,0,,unbound,no,,unbound,no,,0,yes,Attribute,20,enchantMods,,,
65cf1957d3f1,Voices,Large Cluster Jewel,Standard,1,4,4,Adds 7 Small Passive Skills,one,no,Adds 7 Small Passive Skills,one,no,,0,no,,,,,,
4abc67554a94,Reach of the Council,Spine Bow,Standard,1,6,6,Current,one,no,Current,one,no,,0,no,,,,,,
d82601b8b737,Foulborn Choir of the Storm,Lapis Amulet,Standard,0,0,0,,unbound,no,,unbound,no,,0,no,,,,mutated,,
9e0f2ed00f96,Megalomaniac,Medium Cluster Jewel,Standard,0,0,0,,unbound,no,,unbound,no,,0,no,,,,,,
f8158d6b6c1a,Asenath's Chant,Iron Circlet,Standard,1,2,2,Current,one,no,Current,one,no,,0,no,,,enchantMods,,,
0445efc37b76,Vixen's Entrapment,Embroidered Gloves,Standard,1,1,1,only,one,no,only,one,no,,0,no,,,,,,
aba3812f9aa6,Foulborn Doedre's Scorn,Lunaris Circlet,Standard,0,0,0,,unbound,no,,unbound,no,,0,no,,,,mutated,,
4626367eeac2,Replica Emberwake,Ruby Ring,Standard,1,2,2,,none,no,Pre 3.29.0,one,no,catalyst,3,yes,Elemental Damage,20,,,,
2391001e9f3f,Glorious Vanity,Timeless Jewel,Standard,1,4,4,Doryani (Corrupted Soul),one,no,Doryani (Corrupted Soul),one,no,,0,no,,,,,,
1c54e8e29c73,Primordial Might,Crimson Jewel,Standard,1,1,1,only,one,no,only,one,no,,0,no,,,,,,
46213d608310,Primordial Harmony,Cobalt Jewel,Standard,1,2,2,,none,no,,none,no,,0,no,,,,,no-text-match,Damage Penetrates 1% Fire Resistance
6a2122085bce,Primordial Eminence,Viridian Jewel,Standard,1,1,1,only,one,no,only,one,no,,0,no,,,,,,
6e2377148491,Primordial Eminence,Viridian Jewel,Standard,1,1,1,only,one,no,only,one,no,,0,no,,,,,,
9ef2088e4cfe,The Anima Stone,Prismatic Jewel,Standard,1,2,2,Pre 3.23.0,one,no,Pre 3.23.0,one,no,,0,no,,,,,,
e816056e9407,Primordial Harmony,Cobalt Jewel,Standard,1,2,2,Current,one,no,Current,one,no,,0,no,,,,,,
84398092785f,Primordial Harmony,Cobalt Jewel,Standard,1,2,2,,none,no,,none,no,,0,no,,,,,no-text-match,You cannot be Maimed
3c2e539b63cc,Primordial Harmony,Cobalt Jewel,Standard,1,2,2,Current,one,no,Current,one,no,,0,no,,,,,,
5ea9c5fbac55,Le Heup of All,Iron Ring,Standard,1,2,2,,none,no,,none,no,,0,no,,,,,no-text-match,6% increased Dexterity
05c6c4b8a38c,Crown of the Inward Eye,Prophet Crown,Standard,1,1,1,,none,no,,none,no,,0,no,,,,,no-text-match,+2 to Level of Socketed Aura Gems
2f39f2906077,Brutal Restraint,Timeless Jewel,Standard,1,4,4,Asenath (Dance with Death),one,no,Asenath (Dance with Death),one,no,,0,no,,,,,,
cd34c7457b8c,Primordial Harmony,Cobalt Jewel,Standard,1,2,2,Current,one,no,Current,one,no,,0,no,,,,,,
830fce956ec2,Last Resort,Nailed Fist,Standard,1,1,1,only,one,no,only,one,no,,0,no,,,,,,
21009d908fca,Goldrim,Leather Cap,Standard,1,1,1,only,one,no,only,one,no,,0,no,,,,,,
671948c8f58e,Wanderlust,Wool Shoes,Standard,1,1,1,only,one,no,only,one,no,,0,no,,,,,,
dcdfd2760463,Quill Rain,Short Bow,Standard,1,3,3,Current,one,no,Current,one,no,,0,no,,,,,,
e13a4dab9aee,Goldrim,Leather Cap,Standard,1,1,1,only,one,no,only,one,no,,0,no,,,,,,
fb4872bbb451,Springleaf,Plank Kite Shield,Standard,1,5,5,Pre 3.19.0,one,no,Pre 3.19.0,one,no,,0,no,,,,,,
343bcb5276ca,Wanderlust,Wool Shoes,Standard,1,1,1,only,one,no,only,one,no,,0,no,,,,,,
525c53acba5f,Lifesprig,Driftwood Wand,Standard,1,1,1,,none,no,,none,no,,0,no,,,,,no-text-match,Regenerate 6 Life over 1 second when you Cast a Spell
2e8f30ac4957,Volley Fire,Viridian Jewel,Standard,1,3,3,Current,one,no,Current,one,no,,0,no,,,,,,
943abecf82d7,The Dark Seer,Shadow Sceptre,Standard,1,11,11,Pre 3.24.0 (Life/Mana),one,no,Pre 3.24.0 (Life/Mana),one,no,,0,no,,,,,,
d077c888b56e,Rise of the Phoenix,Mosaic Kite Shield,Standard,1,4,4,Pre 3.19.0,one,no,Pre 3.19.0,one,no,,0,no,,,,,,
af934bcd3e00,Calamitous Visions,Small Cluster Jewel,Standard,1,1,1,only,one,no,only,one,no,,0,no,,,,,,
046e936ce3bb,Sadima's Touch,Wool Gloves,Standard,1,4,4,Pre 3.5.0,one,no,Pre 3.5.0,one,no,,0,no,,,enchantMods,,,
ef434de58c29,Skin of the Loyal,Simple Robe,Standard,1,1,1,only,one,no,only,one,no,,0,no,,,,,,
b9c762387387,Astramentis,Onyx Amulet,Standard,1,1,1,only,one,no,only,one,no,,0,no,,,,,,
ea443d216ee3,Rainbowstride,Conjurer Boots,Standard,1,6,6,Pre 3.19.0,one,no,Pre 3.19.0,one,no,,0,no,,,,,,
a2d293bc6812,Lethal Pride,Timeless Jewel,Standard,1,4,4,Rakiata (Tempered by War),one,no,Rakiata (Tempered by War),one,no,,0,no,,,,,,
e38c2a266a91,Arakaali's Fang,Fiend Dagger,Standard,1,1,1,only,one,no,only,one,no,,0,no,,,,,,
583e0ec7c5e0,Circle of Guilt,Iron Ring,Standard,1,7,28,,none,no,,none,no,,0,no,,,,,no-text-match,8% increased Armour
72e08bb8c002,Circle of Guilt,Iron Ring,Standard,1,7,28,,none,no,,none,no,,0,no,,,,,no-text-match,+18 to Strength
46144fde8816,The Writhing Jar,Hallowed Hybrid Flask,Standard,1,1,1,only,one,no,only,one,no,,0,no,,,,,,
8182a8f92c5d,The Writhing Jar,Hallowed Hybrid Flask,Standard,1,1,1,only,one,no,only,one,no,,0,no,,,,,,
f66df4389eb2,Shaper's Touch,Crusader Gloves,Standard,1,4,4,Pre 3.28.0,one,no,Pre 3.28.0,one,no,,0,no,,,,,,
e1f69b6dd103,Mark of the Elder,Steel Ring,Standard,1,1,1,only,one,no,only,one,no,,2,yes,Attack,4,,,,
c5685d91d529,Aegis Aurora,Champion Kite Shield,Standard,1,3,3,Current,one,no,Current,one,no,,0,no,,,,,,
75346edd2f50,Healthy Mind,Cobalt Jewel,Standard,1,2,2,Current;Pre 3.20.0,several,yes,Current;Pre 3.20.0,several,yes,,0,no,,,,,,
eb9f1e716d81,Memory Vault,Praetor Crown,Standard,1,1,1,only,one,no,only,one,no,,0,no,,,,,,
f05de8732096,Essence Worm,Unset Ring,Standard,1,1,1,only,one,no,only,one,no,,0,no,,,,,,
e11f5e71bf42,Thread of Hope,Crimson Jewel,Standard,1,5,5,Large Ring,one,no,Large Ring,one,no,,0,no,,,,,,
3bde1e609c77,Doryani's Prototype,Saint's Hauberk,Standard,1,1,1,only,one,no,only,one,no,,0,no,,,,,,
d8a9c2befa5d,Ashes of the Stars,Onyx Amulet,Standard,1,2,2,,none,no,Pre 3.23.0,one,no,catalyst,1,yes,Attribute,20,enchantMods,,,
a8189f740ea4,Arn's Anguish,Cloth Belt,Standard,1,2,2,Pre 3.17.0,one,no,Pre 3.17.0,one,no,,0,no,,,,,,
03c2b6baf4df,Alpha's Howl,Sinner Tricorne,Standard,1,1,1,,none,no,,none,no,,0,no,,,enchantMods,,no-text-match,+2 to Level of Socketed AoE Gems
8ed24f508864,Soul Mantle,Spidersilk Robe,Standard,1,5,5,Pre 3.16.0,one,no,Pre 3.16.0,one,no,,0,no,,,,,,
54cb2f777edd,Self-Flagellation,Viridian Jewel,Standard,1,1,1,only,one,no,only,one,no,,0,no,,,,,,
50652f1094b6,Torchoak Step,Antique Greaves,Standard,1,2,2,Pre 3.16.0,one,no,Pre 3.16.0,one,no,,0,no,,,enchantMods,,,
6c860d6b6bb2,Replica Dreamfeather,Eternal Sword,Standard,1,1,1,only,one,no,only,one,no,,0,no,,,,,,
c5265035752b,Viridi's Veil,Praetor Crown,Standard,1,1,1,only,one,no,only,one,no,,0,no,,,,,,
01c47f4e1810,Watcher's Eye,Prismatic Jewel,Standard,0,0,0,,unbound,no,,unbound,no,,0,no,,,,,,
8f99a34ec719,Rain of Splinters,Crimson Jewel,Standard,1,2,2,Current;Pre 3.20.0,several,yes,Current;Pre 3.20.0,several,yes,,0,no,,,,,,
745773ffcc3c,Replica Dreamfeather,Eternal Sword,Standard,1,1,1,only,one,no,only,one,no,,0,no,,,,,,
d60213877ede,Melding of the Flesh,Cobalt Jewel,Standard,1,2,2,Pre 3.19.0,one,no,Pre 3.19.0,one,no,,0,no,,,,,,
204d53a84b82,Militant Faith,Timeless Jewel,Standard,1,20,1350,,none,no,Dominus (Inner Conviction) | Effect of non-Damaging Ailments | Non-Curse Aura Effect,one,no,selection,0,no,,,,,,
5014e15c4451,Foulborn Tulborn,Opal Wand,Standard,0,0,0,,unbound,no,,unbound,no,,0,no,,,,mutated,,
7052eab75d91,Foulborn Tulborn,Opal Wand,Standard,0,0,0,,unbound,no,,unbound,no,,0,no,,,,mutated,,
a61ea43bdb7a,The Light of Meaning,Prismatic Jewel,Standard,1,13,13,Cold Damage,one,no,Cold Damage,one,no,,0,no,,,,,,
d30e7e9c82a3,Cloak of Flame,Scholar's Robe,Standard,1,2,2,Current,one,no,Current,one,no,,0,no,,,,,,
e9e72b7cb9a0,Dissolution of the Flesh,Crimson Jewel,Standard,1,1,1,only,one,no,only,one,no,,0,no,,,,,,
f65b04d6d77f,Ralakesh's Impatience,Riveted Boots,Standard,1,5,5,Frenzy Current,one,no,Frenzy Current,one,no,,0,no,,,,,,
a5a26e61df05,Heatshiver,Leather Hood,Standard,1,4,4,Current,one,no,Current,one,no,,0,no,,,,,,
7b1822a9a8db,Foulborn Romira's Banquet,Diamond Ring,Standard,0,0,0,,unbound,no,,unbound,no,,0,no,,,,mutated,,
cb03c5fd8d60,Foulborn Romira's Banquet,Diamond Ring,Standard,0,0,0,,unbound,no,,unbound,no,,0,no,,,,mutated,,
73a4d488f599,Badge of the Brotherhood,Turquoise Amulet,Standard,1,1,1,only,one,no,only,one,no,,0,no,,,,,,
31b40ae64d1c,Replica Dragonfang's Flight,Onyx Amulet,Standard,0,0,0,,unbound,no,,unbound,no,,0,no,,,enchantMods,,,
caee39c09833,The Dark Seer,Shadow Sceptre,Standard,1,11,11,Current (Life/Mana),one,no,Current (Life/Mana),one,no,,0,no,,,,,,
2ac29e829891,The Tides of Time,Vanguard Belt,Standard,1,1,1,only,one,no,only,one,no,,0,no,,,,,,
90c1d1114e77,Replica Sorrow of the Divine,Sulphur Flask,Standard,1,1,1,only,one,no,only,one,no,,0,no,,,enchantMods;utilityMods,,,
757c23e5b78f,Forbidden Flame,Crimson Jewel,Standard,0,0,0,,unbound,no,,unbound,no,,0,no,,,,,,
92a4389b17d9,Lightning Coil,Desert Brigandine,Standard,1,3,3,,none,no,,none,no,,0,no,,,,,no-text-match,+2 to Level of Socketed AoE Gems
dd142a656ac5,Forbidden Flesh,Cobalt Jewel,Standard,0,0,0,,unbound,no,,unbound,no,,0,no,,,,,,
afb218548232,Tawhanuku's Timing,Moonstone Ring,Standard,1,2,2,Pre 3.29.0,one,no,Pre 3.29.0,one,no,,0,no,,,,,,
bbbc917596c8,The Perfect Form,Zodiac Leather,Standard,1,3,3,Pre 3.16.0,one,no,Pre 3.16.0,one,no,,0,no,,,,,,
4a5bd032e1f2,Cowl of the Thermophile,Ezomyte Burgonet,Standard,1,1,1,,none,no,,none,no,,0,no,,,enchantMods,,variant-line-not-displayed,This item can be anointed by Cassia
5eea22accaa0,Circle of Fear,Sapphire Ring,Standard,1,7,28,,none,no,,none,no,,0,no,,,,,no-text-match,Regenerate 3.2 Mana per second
68b6abc95141,Goredrill,Skinning Knife,Standard,1,1,1,,none,no,,none,no,,0,no,,,,,no-text-match,+27% to Global Critical Strike Multiplier
0681e03b8afd,Gluttony,Leather Belt,Standard,1,2,2,Current,one,no,Current,one,no,,0,no,,,,,,
c364c8a82e6d,Asenath's Mark,Iron Circlet,Standard,1,3,3,,none,no,,none,no,,0,no,,,,,no-text-match,+2 to Level of Socketed Trap or Mine Gems
20b7f4eb9b18,Cowl of the Thermophile,Ezomyte Burgonet,Standard,1,1,1,,none,no,,none,no,,0,no,,,enchantMods,,no-text-match,Regenerate 1.62% of Life per second
d1338c0066ab,Bisco's Leash,Heavy Belt,Standard,1,2,2,Current,one,no,Current,one,no,,0,no,,,,,,
65be952c3d86,Essence Worm,Unset Ring,Standard,1,1,1,only,one,no,only,one,no,,0,no,,,,,,
b520eeb64ef4,Spreading Rot,Cobalt Jewel,Standard,1,2,2,,none,no,,none,no,,0,no,,,,,no-text-match,Corrupted Blood cannot be inflicted on you
ffefeb66b30d,Atziri's Foible,Paua Amulet,Standard,1,2,2,,none,no,Current,one,no,catalyst,7,yes,Life and Mana,20,enchantMods,,,
9403e5947f93,Cloak of Defiance,Lacquered Garb,Standard,1,5,5,,none,no,,none,no,,0,no,,,,,no-text-match,+2 to Level of Socketed Duration Gems
1ef7d3f3250e,Indigon,Hubris Circlet,Standard,1,2,2,Current,one,no,Current,one,no,,0,no,,,enchantMods,,,
7c970a878a9d,Taste of Hate,Sapphire Flask,Standard,1,5,5,Pre 3.0.0;Pre 3.15.0,several,no,Pre 3.0.0;Pre 3.15.0,several,no,,0,no,,,utilityMods,,,
cf7308047ba2,Watcher's Eye,Prismatic Jewel,Standard,0,0,0,,unbound,no,,unbound,no,,0,no,,,,,,
b93f4321e60d,Omeyocan,Carnal Boots,Standard,1,3,3,Pre 3.16.0,one,no,Pre 3.16.0,one,no,,0,no,,,enchantMods,,,
ff741fb65f8f,Enmity's Embrace,Vermillion Ring,Standard,1,1,1,only,one,no,only,one,no,,0,no,,,,,,
084c442e8d70,Replica Reckless Defence,Cobalt Jewel,Standard,1,2,2,Current,one,no,Current,one,no,,0,no,,,,,,
d11c98d67a81,Black Zenith,Fingerless Silk Gloves,Standard,1,1,1,only,one,no,only,one,no,,0,no,,,,,,
fb1a2c5cef64,Forbidden Flame,Crimson Jewel,Standard,0,0,0,,unbound,no,,unbound,no,,0,no,,,,,,
26b2c68ef34c,Forbidden Flesh,Cobalt Jewel,Standard,0,0,0,,unbound,no,,unbound,no,,0,no,,,,,,
856a6f65a651,Annihilation's Approach,Dragonscale Boots,Standard,1,2,2,,none,no,,none,no,,0,no,,,,,no-text-match,5% increased maximum Life
01fa6690afdc,Ashes of the Stars,Onyx Amulet,Standard,1,2,2,,none,no,Current,one,no,catalyst,1,yes,Attribute,20,,,,
822e3dc38c18,Rational Doctrine,Cobalt Jewel,Standard,1,1,1,,none,no,,none,no,,0,no,,,,,no-text-match,5% increased Melee Damage
663492fd4e4f,The Dark Seer,Shadow Sceptre,Standard,1,11,11,Current (Life/ES),one,no,Current (Life/ES),one,no,,0,no,,,enchantMods,,,
db453332564b,Rain of Splinters,Crimson Jewel,Standard,1,2,2,Current;Pre 3.20.0,several,yes,Current;Pre 3.20.0,several,yes,,0,no,,,,,,
f2441d9c5105,Foulborn Skin of the Lords,Simple Robe,Standard,0,0,0,,unbound,no,,unbound,no,,0,no,,,,mutated,,
07bff78193a1,Cold Iron Point,Ezomyte Dagger,Standard,1,1,1,only,one,no,only,one,no,,0,no,,,,,,
622c963f206e,The Devouring Diadem,Necromancer Circlet,Standard,1,38,38,Fire and Chaos Resistances Pre 3.26.0,one,no,Fire and Chaos Resistances Pre 3.26.0,one,no,,0,no,,,,,,
8061f87d24e3,Ashes of the Stars,Onyx Amulet,Standard,1,2,2,Pre 3.23.0,one,no,Pre 3.23.0,one,no,,0,no,,,enchantMods,,,
43bd44f6f000,Deerstalker,Deerskin Boots,Standard,1,3,3,Pre 3.19.0,one,no,Pre 3.19.0,one,no,,0,no,,,,,,
2b69b7a92bf7,Coated Shrapnel,Crimson Jewel,Standard,1,2,2,,none,no,,none,no,,0,no,,,,,no-text-match,Corrupted Blood cannot be inflicted on you
75e3e228cf74,Cold Iron Point,Ezomyte Dagger,Standard,1,1,1,only,one,no,only,one,no,,0,no,,,,,,
68ceb7845cda,Deerstalker,Deerskin Boots,Standard,1,3,3,Pre 3.19.0,one,no,Pre 3.19.0,one,no,,0,no,,,enchantMods,,,
f2a90122da4f,Cold Iron Point,Ezomyte Dagger,Standard,1,1,1,only,one,no,only,one,no,,0,no,,,,,,
aca772ff8d14,Skin of the Lords,Simple Robe,Standard,0,0,0,,unbound,no,,unbound,no,,0,no,,,,,,
5dfb03a4a704,Cold Iron Point,Ezomyte Dagger,Standard,1,1,1,only,one,no,only,one,no,,0,no,,,,,,
97cbdb2b9311,Skin of the Lords,Simple Robe,Standard,0,0,0,,unbound,no,,unbound,no,,0,no,,,,,,
8d1caa58af34,Coated Shrapnel,Crimson Jewel,Standard,1,2,2,,none,no,,none,no,,0,no,,,,,no-text-match,4% increased Area of Effect
35c8ae005abf,Circle of Guilt,Iron Ring,Standard,1,7,28,,none,no,,none,no,,0,no,,,,,no-text-match,20% increased Rarity of Items found
ff6550dabe51,Brutal Restraint,Timeless Jewel,Standard,1,4,4,Deshret (Wind Dancer) (Pre 3.11.0),one,no,Deshret (Wind Dancer) (Pre 3.11.0),one,no,,0,no,,,,,,
c4274757552a,Hyrri's Ire,Zodiac Leather,Standard,1,6,6,Current,one,no,Current,one,no,,0,no,,,,,,
1fdd581dd447,Witchfire Brew,Stibnite Flask,Standard,1,3,3,Pre 3.15.0,one,no,Pre 3.15.0,one,no,,0,no,,,utilityMods,,,
232ebb4f9fb6,The Green Nightmare,Viridian Jewel,Standard,1,3,3,Pre 3.16.0,one,no,Pre 3.16.0,one,no,,0,no,,,,,,
47faa6f1fb53,Transcendent Mind,Cobalt Jewel,Standard,1,3,3,Current,one,no,Current,one,no,,0,no,,,,,,
db1a34dba6d9,Timeclasp,Moonstone Ring,Standard,1,4,4,Pre 3.17.0,one,no,Pre 3.17.0,one,no,,0,no,,,,,,
77c425d44fc0,Kaom's Sign,Coral Ring,Standard,1,3,3,Pre 3.19.0,one,no,Pre 3.19.0,one,no,,0,no,,,,,,
2e497d13dbe1,Le Heup of All,Iron Ring,Standard,1,2,2,Current;Pre 2.6.0,several,yes,Current;Pre 2.6.0,several,yes,,0,no,,,,,,
68f19da70f4a,Kaom's Sign,Coral Ring,Standard,1,3,3,Pre 3.19.0,one,no,Pre 3.19.0,one,no,,0,no,,,,,,
9b6597661039,Malachai's Artifice,Unset Ring,Standard,1,2,2,Current,one,no,Current,one,no,,0,no,,,,,,
d5fd4b9e0e74,Kaom's Sign,Coral Ring,Standard,1,3,3,Pre 3.19.0,one,no,Pre 3.19.0,one,no,,0,no,,,,,,
ddcf44bab45f,Lori's Lantern,Prismatic Ring,Standard,1,2,2,Current;Pre 1.0.0,several,yes,Current;Pre 1.0.0,several,yes,,0,no,,,,,,
c73b05f8af7b,The Highwayman,Gold Ring,Standard,1,2,2,Pre 3.19.0,one,no,Pre 3.19.0,one,no,,0,no,,,,,,
3aea35a5b5d5,Mokou's Embrace,Ruby Ring,Standard,1,2,2,Pre 3.19.0,one,no,Pre 3.19.0,one,no,,0,no,,,,,,
6f24d3e10ce4,Kikazaru,Topaz Ring,Standard,1,4,4,,none,no,,none,no,,0,no,,,,,number-outside-range,40% reduced Effect of Curses on you
22ceb61ba44f,Mokou's Embrace,Ruby Ring,Standard,1,2,2,Pre 3.19.0,one,no,Pre 3.19.0,one,no,,0,no,,,,,,
20f732753077,Bloodboil,Coral Ring,Standard,1,2,2,Current,one,no,Current,one,no,,0,no,,,,,,
9e52e088c420,Kaom's Sign,Coral Ring,Standard,1,3,3,Pre 3.19.0,one,no,Pre 3.19.0,one,no,,0,no,,,,,,
0b35cf6466d1,The Highwayman,Gold Ring,Standard,1,2,2,Pre 3.19.0,one,no,Pre 3.19.0,one,no,,0,no,,,,,,
0ce698f2f822,Bloodboil,Coral Ring,Standard,1,2,2,Current,one,no,Current,one,no,,0,no,,,,,,
dbafdc1991fe,Kaom's Sign,Coral Ring,Standard,1,3,3,Pre 3.19.0,one,no,Pre 3.19.0,one,no,,0,no,,,,,,
8f591ebb4ba7,Lori's Lantern,Prismatic Ring,Standard,1,2,2,Current;Pre 1.0.0,several,yes,Current;Pre 1.0.0,several,yes,,0,no,,,,,,
39c135a194da,Bloodboil,Coral Ring,Standard,1,2,2,Current,one,no,Current,one,no,,0,no,,,,,,
e116672734f8,Kikazaru,Topaz Ring,Standard,1,4,4,,none,no,,none,no,,0,no,,,,,number-outside-range,40% reduced Effect of Curses on you
7aa3b5323ed8,Kaom's Sign,Coral Ring,Standard,1,3,3,Pre 3.19.0,one,no,Pre 3.19.0,one,no,,0,no,,,,,,
9d4c10cfca77,Kaom's Sign,Coral Ring,Standard,1,3,3,Pre 3.19.0,one,no,Pre 3.19.0,one,no,,0,no,,,,,,
c1ae26cfa144,Mokou's Embrace,Ruby Ring,Standard,1,2,2,Pre 3.19.0,one,no,Pre 3.19.0,one,no,,0,no,,,,,,
90a08843b5e9,Kaom's Sign,Coral Ring,Standard,1,3,3,Pre 3.19.0,one,no,Pre 3.19.0,one,no,,0,no,,,,,,
139f2b6f006a,Malachai's Artifice,Unset Ring,Standard,1,2,2,Current,one,no,Current,one,no,,0,no,,,,,,
b1a1454ca4a2,The Highwayman,Gold Ring,Standard,1,2,2,Pre 3.19.0,one,no,Pre 3.19.0,one,no,,0,no,,,,,,
354b94e46bf8,The Highwayman,Gold Ring,Standard,1,2,2,Pre 3.19.0,one,no,Pre 3.19.0,one,no,,0,no,,,,,,
88e79725857c,Malachai's Artifice,Unset Ring,Standard,1,2,2,Current,one,no,Current,one,no,,0,no,,,,,,
e37d981713cf,Circle of Nostalgia,Amethyst Ring,Standard,1,7,28,,none,no,,none,no,,0,no,,,,,no-text-match,6% increased maximum Mana
0cf91f8ea6b4,Circle of Regret,Topaz Ring,Standard,1,7,28,,none,no,,none,no,,0,no,,,,,no-text-match,10% increased Evasion Rating
c48c8a3ac9a9,The Interrogation,Small Cluster Jewel,Standard,1,1,1,,none,no,,none,no,,0,no,,,,,no-text-match,Hits have 2% chance to ignore Enemy Physical Damage Reduction
402f984c2f40,Brightbeak,War Hammer,Standard,1,3,3,Current,one,no,Current,one,no,,0,no,,,,,,
7200646deace,Windscream,Reinforced Greaves,Standard,1,3,3,Pre 3.19.0,one,no,Pre 3.19.0,one,no,,0,no,,,enchantMods,,,
6020a1901244,Queen of the Forest,Destiny Leather,Standard,1,2,2,Current,one,no,Current,one,no,,0,no,,,,,,
041780f6a7f2,Hrimsorrow,Goathide Gloves,Standard,1,3,3,,none,no,,none,no,,0,no,,,,,no-text-match,+2 to Level of Socketed Projectile Gems
20426229a81e,Redblade Banner,Painted Tower Shield,Standard,1,4,4,Current,one,no,Current,one,no,,0,no,,,,,,
9f6c72e96838,Survival Secrets,Cobalt Jewel,Standard,1,2,2,,none,no,,none,no,,0,no,,,,,no-text-match,Hits have 2% chance to ignore Enemy Physical Damage Reduction
4e825ccda1ff,Redblade Banner,Painted Tower Shield,Standard,1,4,4,Current,one,no,Current,one,no,,0,no,,,scourgeMods,,,
bc2692cd01ca,Thread of Hope,Crimson Jewel,Standard,1,5,5,Large Ring,one,no,Large Ring,one,no,,0,no,,,,,,
b94515d6ad56,Thread of Hope,Crimson Jewel,Standard,1,5,5,Large Ring,one,no,Large Ring,one,no,,0,no,,,,,,
ae75e2f0e07a,Lion's Roar,Granite Flask,Standard,1,4,4,Current,one,no,Current,one,no,,0,no,,,enchantMods;utilityMods,,,
c7e0e494b752,Ichimonji,Corsair Sword,Standard,1,2,2,Current,one,no,Current,one,no,,0,no,,,,,,
cc660bc8aa0c,Starkonja's Head,Silken Hood,Standard,1,2,2,Current,one,no,Current,one,no,,0,no,,,,,,
d03d2542c94f,Windscream,Reinforced Greaves,Standard,1,3,3,Pre 3.19.0,one,no,Pre 3.19.0,one,no,,0,no,,,enchantMods;scourgeMods,,,
8128e1a43ce9,Victario's Charity,Laminated Kite Shield,Standard,1,2,2,,none,no,,none,no,,0,no,,,,,no-text-match,8% of Physical Damage from Hits taken as Cold Damage
1e0943c1293e,Starkonja's Head,Silken Hood,Standard,1,2,2,Current,one,no,Current,one,no,,0,no,,,scourgeMods,,,
b3d0b45010bb,Lethal Pride,Timeless Jewel,Standard,1,4,4,Akoya (Chainbreaker),one,no,Akoya (Chainbreaker),one,no,,0,no,,,,,,
8a7d5da4c345,Lethal Pride,Timeless Jewel,Standard,1,4,4,Akoya (Chainbreaker),one,no,Akoya (Chainbreaker),one,no,,0,no,,,,,,
fc3e1144ff91,Skin of the Loyal,Simple Robe,Standard,1,1,1,,none,no,,none,no,,0,no,,,,,no-text-match,+2 to Level of Socketed Duration Gems
455f5027e299,Winterweave,Coral Ring,Standard,1,1,1,only,one,no,only,one,no,,0,no,,,,,,
a4ac1d81f519,Scold's Bridle,Mind Cage,Standard,1,1,1,only,one,no,only,one,no,,0,no,,,enchantMods,,,
2f4c6b0f0ceb,Kaom's Heart,Glorious Plate,Standard,1,3,3,Pre 3.25.0,one,no,Pre 3.25.0,one,no,,0,no,,,scourgeMods,,,
225b5a086071,Lethal Pride,Timeless Jewel,Standard,1,4,4,Akoya (Chainbreaker),one,no,Akoya (Chainbreaker),one,no,,0,no,,,,,,
e06f3809701b,Dream Fragments,Sapphire Ring,Standard,1,2,2,Current,one,no,Current,one,no,,0,no,,,scourgeMods,,,
43ac6beeb025,Watcher's Eye,Prismatic Jewel,Standard,0,0,0,,unbound,no,,unbound,no,,0,no,,,,,,
17ceb7ff0d6b,Atziri's Disfavour,Vaal Axe,Standard,1,3,3,Pre 3.20.0,one,no,Pre 3.20.0,one,no,,0,no,,,scourgeMods,,,
f066b6e7173a,Auxium,Crystal Belt,Standard,1,4,4,Current,one,no,Current,one,no,,0,no,,,,,,
ae0085176972,Dance of the Offered,Carnal Boots,Standard,1,2,2,Current,one,no,Current,one,no,,0,no,,,enchantMods,,,
511005f0dcb2,Brightbeak,War Hammer,Standard,1,3,3,Current,one,no,Current,one,no,,0,no,,,,,,
e96e8071c3a4,Perseverance,Vanguard Belt,Standard,1,2,2,Current,one,no,Current,one,no,,0,no,,,,,,
b3038b35af3e,Survival Secrets,Cobalt Jewel,Standard,1,2,2,Current,one,no,Current,one,no,,0,no,,,,,,
5fdcdb998fab,Kaom's Heart,Glorious Plate,Standard,1,3,3,Pre 3.25.0,one,no,Pre 3.25.0,one,no,,0,no,,,,,,
df1fb4b3224c,String of Servitude,Heavy Belt,Standard,1,22,22,Hatred Aura Effect,one,no,Hatred Aura Effect,one,no,,0,no,,,,,,
7d3347dd039e,Immutable Force,Crimson Jewel,Standard,1,1,1,only,one,no,only,one,no,,0,no,,,,,,
0b8e80f16518,Megalomaniac,Medium Cluster Jewel,Standard,0,0,0,,unbound,no,,unbound,no,,0,no,,,,,,
b9ee44a550fe,Foulborn The Red Dream,Crimson Jewel,Standard,0,0,0,,unbound,no,,unbound,no,,0,no,,,,mutated,,
ec27e32ca280,Cinderswallow Urn,Silver Flask,Standard,1,18,171,,none,no,Ignite Spread | Life on Kill,one,no,selection,0,no,,,enchantMods;utilityMods,,,
87b82e2d52ed,Foulborn Windscream,Reinforced Greaves,Standard,0,0,0,,unbound,no,,unbound,no,,0,no,,,,mutated,,
961ea31e053e,Doppelgänger Guise,Sadist Garb,Standard,1,2,2,Current,one,no,Current,one,no,,0,no,,,enchantMods,,,
b20b322ec06a,Nebulis,Void Sceptre,Standard,1,3,3,,none,no,,none,no,,0,no,,,enchantMods,,no-text-match,48% increased Spell Damage
7e899504b476,The Anvil,Amber Amulet,Standard,1,4,4,,none,no,,none,no,,0,no,,,enchantMods,,no-text-match,+1% to all maximum Resistances
25c06dadddf1,Elegant Hubris,Timeless Jewel,Standard,1,4,4,Caspiro (Supreme Ostentation),one,no,Caspiro (Supreme Ostentation),one,no,,0,no,,,,,,
7b9294e9d25c,Kaom's Spirit,Titan Gauntlets,Standard,1,3,3,,none,no,,none,no,,0,no,,,,,no-text-match,Curse Enemies with Elemental Weakness on Hit
65e6d5c28169,Ahn's Might,Midnight Blade,Standard,1,1,1,,none,no,,none,no,,0,no,,,,,no-text-match,14% chance to gain Onslaught for 4 seconds on Kill
fccae106a988,Valyrium,Moonstone Ring,Standard,1,2,2,Current,one,no,Current,one,no,,0,no,,,,,,
721525ad47dc,Bloodnotch,Crimson Jewel,Standard,1,2,2,Pre 3.28.0,one,no,Pre 3.28.0,one,no,,0,no,,,,,,
34573fe624be,Azadi Crest,Lacquered Buckler,Standard,1,1,1,only,one,no,only,one,no,,0,no,,,,,,
51fd648077cb,Kaom's Heart,Glorious Plate,Standard,1,3,3,,none,no,,none,no,,0,no,,,,,no-text-match,5% additional Physical Damage Reduction while stationary
a74db1fcce96,The Anvil,Amber Amulet,Standard,1,4,4,Current,one,no,Current,one,no,,0,no,,,,,,
eac65ff9ba26,Immutable Force,Crimson Jewel,Standard,1,1,1,only,one,no,only,one,no,,0,no,,,,,,
8c070fd52267,Bloodnotch,Crimson Jewel,Standard,1,2,2,Pre 3.28.0,one,no,Pre 3.28.0,one,no,,0,no,,,,,,
a0f747d6d5c5,Natural Affinity,Small Cluster Jewel,Standard,1,1,1,only,one,no,only,one,no,,0,no,,,,,,
5add3a885492,Lavianga's Wisdom,War Hammer,Standard,1,3,3,,none,no,,none,no,,0,no,,,,,variant-line-not-displayed,10% reduced Enemy Stun Threshold
a21145a7e811,Dawnbreaker,Colossal Tower Shield,Standard,1,1,1,only,one,no,only,one,no,,0,no,,,,,,
f3fba2274063,Winterheart,Gold Amulet,Standard,1,2,2,Current,one,no,Current,one,no,,0,no,,,,,,
764efb776969,Piscator's Vigil,Imbued Wand,Standard,1,5,5,Pre 3.21.0;Pre 3.27.0,several,no,Pre 3.21.0;Pre 3.27.0,several,no,,0,no,,,,,,
b40a0cfb9371,Doedre's Damning,Paua Ring,Standard,1,2,2,Current,one,no,Current,one,no,,0,no,,,,,,
2f9a67434e93,Ventor's Gamble,Gold Ring,Standard,1,2,2,,none,no,,none,no,,0,no,,,,,number-outside-range,32% increased Rarity of Items found
048bc1a699a0,Doryani's Prototype,Saint's Hauberk,Standard,1,1,1,only,one,no,only,one,no,,0,no,,,,,,
571d61c42293,Asenath's Gentle Touch,Silk Gloves,Standard,1,3,3,Current,one,no,Current,one,no,,0,no,,,,,,
da110320101b,Kaom's Binding,Heavy Belt,Standard,1,1,1,only,one,no,only,one,no,,0,no,,,,,,
04d6ae1b1bc9,Leer Cast,Festival Mask,Standard,1,2,2,Current,one,no,Current,one,no,,0,no,,,,,,
254d5c5df21f,Immortal Flesh,Leather Belt,Standard,1,4,4,Current,one,no,Current,one,no,,0,no,,,,,,
ab38d2fa8ee3,Ralakesh's Impatience,Riveted Boots,Standard,1,5,5,Frenzy Current,one,no,Frenzy Current,one,no,,0,no,,,,,,
264f9d533ea1,Perquil's Toe,Gold Amulet,Standard,1,1,1,only,one,no,only,one,no,,0,no,,,,,,
be4990c1b00e,Dying Breath,Iron Staff,Standard,1,3,3,Current,one,no,Current,one,no,,0,no,,,,,,
3d0a97cf050a,Leer Cast,Festival Mask,Standard,1,2,2,Current,one,no,Current,one,no,,0,no,,,,,,
35269a17e278,Victario's Influence,Lacquered Garb,Standard,1,2,2,Current,one,no,Current,one,no,,0,no,,,,,,
e4ec4b0cfc51,Ventor's Gamble,Gold Ring,Standard,1,2,2,,none,no,,none,no,,0,no,,,,,no-text-match,11% increased Mana Reservation Efficiency of Skills
84e8ba8d87e2,Aegis Aurora,Champion Kite Shield,Standard,1,3,3,Current,one,no,Current,one,no,,0,no,,,,,,
068b50b84e6c,Pyre,Sapphire Ring,Standard,1,3,3,Current,one,no,Current,one,no,,0,no,,,,,,
375e265356dc,Rumi's Concoction,Granite Flask,Standard,1,4,4,Current,one,no,Current,one,no,,0,no,,,utilityMods,,,
c86566b39413,Legacy of Fury,Wyrmscale Boots,Standard,1,2,2,Current,one,no,Current,one,no,,0,no,,,enchantMods,,,
9c553867f2fb,Fleshcrafter,Necromancer Silks,Standard,1,1,1,,none,no,,none,no,,0,no,,,,,no-text-match,Minions Convert 2% of their Maximum Life to Maximum Energy
fc43c876d1df,Anatomical Knowledge,Cobalt Jewel,Standard,1,1,1,only,one,no,only,one,no,,0,no,,,,,,
010aeb714980,Quickening Covenant,Viridian Jewel,Standard,1,2,2,Current;Pre 3.20.0,several,yes,Current;Pre 3.20.0,several,yes,,0,no,,,,,,
c9e73017d24a,Dead Reckoning,Cobalt Jewel,Standard,1,4,4,Pre 3.23.0,one,no,Pre 3.23.0,one,no,,0,no,,,,,,
9cb349a1afe5,Fortress Covenant,Cobalt Jewel,Standard,1,2,2,Current;Pre 3.20.0,several,yes,Current;Pre 3.20.0,several,yes,,0,no,,,,,,
dcc00b03e268,Replica Soul Tether,Cloth Belt,Standard,1,1,1,only,one,no,only,one,no,,0,no,,,,,,
6a8540fb2c0e,Mark of the Shaper,Opal Ring,Standard,1,1,1,,none,no,only,one,no,catalyst,2,yes,Caster,20,enchantMods,,,
be3565ff84b3,Thread of Hope,Crimson Jewel,Standard,1,5,5,Large Ring,one,no,Large Ring,one,no,,0,no,,,,,,
ffd8fe0c0648,Cinderswallow Urn,Silver Flask,Standard,1,18,171,,none,no,,none,no,,0,no,,,utilityMods,crafted,variant-line-not-displayed,You can apply an additional Curse during Effect
2ea09df2d6d8,Lethal Pride,Timeless Jewel,Standard,1,4,4,Akoya (Chainbreaker),one,no,Akoya (Chainbreaker),one,no,,0,no,,,,,,
85c1db27ba1e,Coward's Legacy,Chain Belt,Standard,1,1,1,only,one,no,only,one,no,,0,no,,,,,,
6f82e9eacd27,The Wise Oak,Bismuth Flask,Standard,1,3,3,Pre 3.15.0,one,no,Pre 3.15.0,one,no,,0,no,,,utilityMods,,,
b5a892b0e5aa,Thread of Hope,Crimson Jewel,Standard,1,5,5,Large Ring,one,no,Large Ring,one,no,,0,no,,,,,,
0cf2ada2585b,Watcher's Eye,Prismatic Jewel,Standard,0,0,0,,unbound,no,,unbound,no,,0,no,,,,,,
dd6828570a4b,Voidwalker,Murder Boots,Standard,1,2,2,Current,one,no,Current,one,no,,0,no,,,enchantMods,,,
cccde72b7234,Victario's Influence,Lacquered Garb,Standard,1,2,2,,none,no,,none,no,,0,no,,,,,no-text-match,+2 to Level of Socketed Curse Gems
e3a2ec5bf16c,Darkray Vectors,Dragonscale Boots,Standard,1,3,3,,none,no,,none,no,,0,no,,,,,no-text-match,+2 to Level of Socketed Duration Gems
d63146aa0f42,Megalomaniac,Medium Cluster Jewel,Standard,0,0,0,,unbound,no,,unbound,no,,0,no,,,,,,
d19d1cbbc21e,Ventor's Gamble,Gold Ring,Standard,1,2,2,,none,no,,none,no,,0,no,,,,,no-text-match,11% increased Mana Reservation Efficiency of Skills
e311887c45d6,Third Piece of Focus,Archon Kite Shield Piece,Standard,0,0,0,,unbound,no,,unbound,no,,0,no,,,,,,
8e90868e76a5,Dendrobate,Sentinel Jacket,Standard,1,1,1,,none,no,,none,no,,0,no,,,,,no-text-match,+2 to Level of Socketed AoE Gems
f01158954b6c,Voices,Large Cluster Jewel,Standard,1,4,4,Adds 7 Small Passive Skills,one,no,Adds 7 Small Passive Skills,one,no,,0,no,,,,,,
e9b73509e7cf,Megalomaniac,Medium Cluster Jewel,Standard,0,0,0,,unbound,no,,unbound,no,,0,no,,,,,,
4a87cad96009,Megalomaniac,Medium Cluster Jewel,Standard,0,0,0,,unbound,no,,unbound,no,,0,no,,,,,,
09c6a5db0a62,Megalomaniac,Medium Cluster Jewel,Standard,0,0,0,,unbound,no,,unbound,no,,0,no,,,,,,
4bd7a3d7f5ad,Megalomaniac,Medium Cluster Jewel,Standard,0,0,0,,unbound,no,,unbound,no,,0,no,,,,,,
bb236a471b3f,Megalomaniac,Medium Cluster Jewel,Standard,0,0,0,,unbound,no,,unbound,no,,0,no,,,,,,
366fd89e703c,Megalomaniac,Medium Cluster Jewel,Standard,0,0,0,,unbound,no,,unbound,no,,0,no,,,,,,
355ddeba5593,Megalomaniac,Medium Cluster Jewel,Standard,0,0,0,,unbound,no,,unbound,no,,0,no,,,,,,
1e111e60aa7b,Megalomaniac,Medium Cluster Jewel,Standard,0,0,0,,unbound,no,,unbound,no,,0,no,,,,,,
408f49cc3c8d,Megalomaniac,Medium Cluster Jewel,Standard,0,0,0,,unbound,no,,unbound,no,,0,no,,,,,,
a32b3928a73f,Megalomaniac,Medium Cluster Jewel,Standard,0,0,0,,unbound,no,,unbound,no,,0,no,,,,,,
0167f116714a,Megalomaniac,Medium Cluster Jewel,Standard,0,0,0,,unbound,no,,unbound,no,,0,no,,,,,,
451ce3d1ae69,Circle of Anguish,Ruby Ring,Standard,1,7,28,,none,no,,none,no,,0,no,,,,,no-text-match,4% increased Attack Speed
9528b6b67b13,Circle of Guilt,Iron Ring,Standard,1,7,28,,none,no,,none,no,,0,no,,,,,no-text-match,18% increased Global Accuracy Rating
656ca4594a88,Circle of Regret,Topaz Ring,Standard,1,7,28,,none,no,,none,no,,0,no,,,,,no-text-match,11% increased Fire Damage
5e8880c4b7b1,Circle of Guilt,Iron Ring,Standard,1,7,28,,none,no,,none,no,,0,no,,,,,no-text-match,6% increased maximum Mana
fbb663f0c388,Singularity,Platinum Sceptre,Standard,1,4,4,,none,no,,none,no,,0,no,,,,,no-text-match,18% increased Critical Strike Chance
5cbe863627f3,Circle of Guilt,Iron Ring,Standard,1,7,28,,none,no,,none,no,,0,no,,,,,no-text-match,Gain 11 Life per Enemy Killed
d55dfc199ac4,Circle of Fear,Sapphire Ring,Standard,1,7,28,,none,no,,none,no,,0,no,,,,,no-text-match,-31 Chaos Damage taken
a1196c05a5a7,Circle of Regret,Topaz Ring,Standard,1,7,28,,none,no,,none,no,,0,no,,,,,no-text-match,6% increased Spell Damage per Power Charge
d0a74ecb152f,Circle of Guilt,Iron Ring,Standard,1,7,28,,none,no,,none,no,,0,no,,,,,no-text-match,-32 Cold Damage taken from Hits
14d34d1f3d84,Circle of Regret,Topaz Ring,Standard,1,7,28,,none,no,,none,no,,0,no,,,,,no-text-match,19% increased Rarity of Items found
1e2e2c59b383,Circle of Fear,Sapphire Ring,Standard,1,7,28,,none,no,,none,no,,0,no,,,,,no-text-match,8% increased Lightning Damage
fc246883d719,Doryani's Prototype,Saint's Hauberk,Standard,1,1,1,only,one,no,only,one,no,,0,no,,,,,,
1ab385850e27,Circle of Guilt,Iron Ring,Standard,1,7,28,,none,no,,none,no,,0,no,,,,,no-text-match,+6 to Dexterity
8d531121fd99,Fury Valve,Turquoise Amulet,Standard,1,1,1,only,one,no,only,one,no,,0,no,,,,,,
8022c4bab073,Whispers of Infinity,Seaglass Amulet,Standard,1,2,2,Pre 3.27.0,one,no,Pre 3.27.0,one,no,,0,no,,,enchantMods,,,
56729b5ac0b6,Impossible Escape,Viridian Jewel,Standard,0,0,0,,unbound,no,,unbound,no,,0,no,,,,,,
dd90360f9cf2,Whispers of Infinity,Seaglass Amulet,Standard,1,2,2,,none,no,Pre 3.27.0,one,no,catalyst,3,yes,Defence,20,,,,
d7a0a875f81b,Polaric Devastation,Opal Ring,Standard,1,1,1,only,one,no,only,one,no,,0,no,,,,,,
443c2e24fdba,Ephemeral Edge,Dusk Blade,Standard,1,6,6,,none,no,,none,no,,0,no,,,enchantMods,,no-text-match,6% increased Attack Speed
a7a54da07aef,Incandescent Heart,Saintly Chainmail,Standard,1,2,2,,none,no,,none,no,,0,no,,,,,no-text-match,4% reduced Chaos Damage taken
aafb35e752bf,Militant Faith,Timeless Jewel,Standard,1,20,1350,,none,no,Dominus (Inner Conviction) | Brand Damage | Skill Cost (Pre 3.29.0),one,no,selection,0,no,,,,,,
b7cf24e8ee1c,Shimmeron,Tornado Wand,Standard,1,4,4,Pre 3.29.0,one,no,Pre 3.29.0,one,no,,0,no,,,,,,
5b59e6a55a2c,Ralakesh's Impatience,Riveted Boots,Standard,1,5,5,Frenzy Current,one,no,Frenzy Current,one,no,,0,no,,,,,,
4ee63418c1cb,Berek's Respite,Two-Stone Ring,Standard,1,2,2,Current,one,no,Current,one,no,,0,no,,,,,,
d0a688a8ce28,Forbidden Flame,Crimson Jewel,Standard,0,0,0,,unbound,no,,unbound,no,,0,no,,,,,,
5f6ce94412e9,Watcher's Eye,Prismatic Jewel,Standard,0,0,0,,unbound,no,,unbound,no,,0,no,,,,,,
729b1402d208,Aegis Aurora,Champion Kite Shield,Standard,1,3,3,,none,no,,none,no,,0,no,,,,,no-text-match,+2 to Level of Socketed Projectile Gems
4dc9171a742a,Militant Faith,Timeless Jewel,Standard,1,20,1350,,none,no,Dominus (Inner Conviction) | Elemental Damage | Skill Cost (Pre 3.29.0),one,no,selection,0,no,,,,,,
dd6614341edc,Forbidden Flesh,Cobalt Jewel,Standard,0,0,0,,unbound,no,,unbound,no,,0,no,,,,,,
26fe43de69c1,Ravenous Passion,Zealot Helmet,Standard,1,2,2,,none,no,,none,no,,0,no,,,,,no-text-match,+1 to Maximum Power Charges
fcb6532693bd,Berek's Grip,Two-Stone Ring,Standard,1,3,3,Current,one,no,Current,one,no,,0,no,,,,,,
a8628a43b71d,Heatshiver,Leather Hood,Standard,1,4,4,Current,one,no,Current,one,no,,0,no,,,,,,
d9fa35100d55,Bronn's Lithe,Cutthroat's Garb,Standard,1,4,4,Current,one,no,Current,one,no,,0,no,,,,,,
ca3befc91339,Immortal Flesh,Leather Belt,Standard,1,4,4,,none,no,,none,no,,0,no,,,,,no-text-match,Pride has 15% increased Aura Effect
6d112d850e82,Cameria's Maul,Gavel,Standard,1,2,2,Current,one,no,Current,one,no,,0,no,,,,,,
5365b1d7c87b,Ventor's Gamble,Gold Ring,Standard,1,2,2,,none,no,,none,no,,0,no,,,,,no-text-match,14% increased Mana Reservation Efficiency of Skills
ea7d7faa2991,Ventor's Gamble,Gold Ring,Standard,1,2,2,,none,no,,none,no,,0,no,,,,,number-outside-range,26% increased Rarity of Items found
d5d8b132a6a6,Rebuke of the Vaal,Vaal Blade,Standard,1,4,4,Current,one,no,Current,one,no,,0,no,,,,,,
de8f8040acee,Le Heup of All,Iron Ring,Standard,1,2,2,Current,one,no,Current,one,no,,0,no,,,,,,
0323511000b4,Ventor's Gamble,Gold Ring,Standard,1,2,2,,none,no,,none,no,,0,no,,,,,no-text-match,8% increased Mana Reservation Efficiency of Skills
1c738ca5a89c,Fourth Piece of Focus,Archon Kite Shield Piece,Standard,0,0,0,,unbound,no,,unbound,no,,0,no,,,,,,
1903815410e0,Wilma's Requital,Solaris Circlet,Standard,1,1,1,,none,no,,none,no,,0,no,,,,,no-text-match,+2 to Level of Socketed Duration Gems
1473f5e42ae9,Circle of Regret,Topaz Ring,Standard,1,7,28,,none,no,,none,no,,0,no,,,,,no-text-match,13% increased Chaos Damage
dbf6ac028807,Silverbranch,Crude Bow,Standard,1,2,2,Current,one,no,Current,one,no,,0,no,,,,,,
24d372a022af,Carnage Heart,Onyx Amulet,Standard,1,2,2,,none,no,,none,no,,0,no,,,,,no-text-match,Anger has 18% increased Aura Effect
753d99a2add5,Carnage Heart,Onyx Amulet,Standard,1,2,2,Current,one,no,Current,one,no,,0,no,,,,,,
c199845f16e2,Iron Commander,Death Bow,Standard,1,1,1,only,one,no,only,one,no,,0,no,,,,,,
1e180c0a438e,Glorious Vanity,Timeless Jewel,Standard,1,4,4,Doryani (Corrupted Soul),one,no,Doryani (Corrupted Soul),one,no,,0,no,,,,,,
2fc09cf245cd,Lethal Pride,Timeless Jewel,Standard,1,4,4,Akoya (Chainbreaker),one,no,Akoya (Chainbreaker),one,no,,0,no,,,,,,
40544c7a4b59,Glorious Vanity,Timeless Jewel,Standard,1,4,4,Ahuana (Immortal Ambition),one,no,Ahuana (Immortal Ambition),one,no,,0,no,,,,,,
e3e6872ad762,Death's Oath,Astral Plate,Standard,1,3,3,,none,no,,none,no,,0,no,,,,,no-text-match,+2 to Level of Socketed Aura Gems
97deebf75bd8,Offering to the Serpent,Legion Gloves,Standard,1,1,1,,none,no,,none,no,,0,no,,,,,no-text-match,+2% to Quality of Socketed Projectile Gems
67a4e4e1fbbb,The Broken Crown,Prophet Crown,Standard,1,3,3,Current,one,no,Current,one,no,,0,no,,,,,,
4cbb20ba3559,White Wind,Imperial Skean,Standard,1,3,3,,none,no,,none,no,,0,no,,,,,no-text-match,Adds 21 to 35 Fire Damage
ffbc45c376b4,Second Piece of Storms,Callous Mask Piece,Standard,0,0,0,,unbound,no,,unbound,no,,0,no,,,,,,
c7496e675e24,Crown of the Inward Eye,Prophet Crown,Standard,1,1,1,only,one,no,only,one,no,,0,no,,,,,,
93257c2bb5c4,Kiara's Determination,Silver Flask,Standard,1,3,3,Current,one,no,Current,one,no,,0,no,,,utilityMods,,,
45c82d6982cb,The Overflowing Chalice,Sulphur Flask,Standard,1,2,2,Current,one,no,Current,one,no,,0,no,,,utilityMods,,,
b09036a21433,Rotgut,Quicksilver Flask,Standard,1,4,4,Current,one,no,Current,one,no,,0,no,,,utilityMods,,,
09868e68dbfd,Witchfire Brew,Stibnite Flask,Standard,1,3,3,,none,no,,none,no,,0,no,,,utilityMods,,number-outside-range,7% increased Charges per use
dc42f28e8669,Kiara's Determination,Silver Flask,Standard,1,3,3,Current,one,no,Current,one,no,,0,no,,,utilityMods,,,
044fd3c57e99,Doedre's Elixir,Greater Mana Flask,Standard,1,3,3,,none,no,,none,no,,0,no,,,,,no-text-match,Gain 3 Endurance Charges on use
8676114b6e9a,Doedre's Elixir,Greater Mana Flask,Standard,1,3,3,,none,no,,none,no,,0,no,,,,,no-text-match,Gain 3 Frenzy Charges on use
c5c32a9a7c00,The Sorrow of the Divine,Sulphur Flask,Standard,1,2,2,Current,one,no,Current,one,no,,0,no,,,utilityMods,,,
035c000bca70,Kiara's Determination,Silver Flask,Standard,1,3,3,Current,one,no,Current,one,no,,0,no,,,utilityMods,,,
d7f6f73a5342,Blood of the Karui,Sanctified Life Flask,Standard,1,5,5,Current,one,no,Current,one,no,,0,no,,,,,,
6c261ef3b342,Kiara's Determination,Silver Flask,Standard,1,3,3,Current,one,no,Current,one,no,,0,no,,,utilityMods,,,
38566dce76bb,The Overflowing Chalice,Sulphur Flask,Standard,1,2,2,Current,one,no,Current,one,no,,0,no,,,utilityMods,,,
69d2330ecfbf,Rumi's Concoction,Granite Flask,Standard,1,4,4,Current,one,no,Current,one,no,,0,no,,,utilityMods,,,
0dfad81abdb6,Kiara's Determination,Silver Flask,Standard,1,3,3,Current,one,no,Current,one,no,,0,no,,,utilityMods,,,
19a40f199a6f,The Wise Oak,Bismuth Flask,Standard,1,3,3,Current,one,no,Current,one,no,,0,no,,,utilityMods,,,
7682c14036f0,Cinderswallow Urn,Silver Flask,Standard,1,18,171,,none,no,,none,no,,0,no,,,utilityMods,,variant-line-not-displayed,You can apply an additional Curse during Effect
cb1d0bad82eb,Lion's Roar,Granite Flask,Standard,1,4,4,Current,one,no,Current,one,no,,0,no,,,utilityMods,,,
dc8550bce4c2,Taste of Hate,Sapphire Flask,Standard,1,5,5,Current,one,no,Current,one,no,,0,no,,,utilityMods,,,
d84f17f599dc,The Sorrow of the Divine,Sulphur Flask,Standard,1,2,2,Current,one,no,Current,one,no,,0,no,,,utilityMods,,,
7b522af63bad,Kiara's Determination,Silver Flask,Standard,1,3,3,Current,one,no,Current,one,no,,0,no,,,utilityMods,,,
1116e8e9e886,The Sorrow of the Divine,Sulphur Flask,Standard,1,2,2,Current,one,no,Current,one,no,,0,no,,,utilityMods,,,
b26adc4491d2,Cinderswallow Urn,Silver Flask,Standard,1,18,171,,none,no,,none,no,,0,no,,,utilityMods,,no-text-match,50% Chance to Avoid being Stunned during Effect
f049a9b5c4ed,The Overflowing Chalice,Sulphur Flask,Standard,1,2,2,Current,one,no,Current,one,no,,0,no,,,utilityMods,,,
0246cfbdf0de,Lion's Roar,Granite Flask,Standard,1,4,4,Current,one,no,Current,one,no,,0,no,,,utilityMods,,,
e5ac1156c074,Kiara's Determination,Silver Flask,Standard,1,3,3,Current,one,no,Current,one,no,,0,no,,,utilityMods,,,
75490414f7c3,Cinderswallow Urn,Silver Flask,Standard,1,18,171,,none,no,,none,no,,0,no,,,utilityMods,,variant-line-not-displayed,You can apply an additional Curse during Effect
bb10b1913b86,Forbidden Taste,Quartz Flask,Standard,1,4,4,Current,one,no,Current,one,no,,0,no,,,utilityMods,,,
a302e40963d5,The Overflowing Chalice,Sulphur Flask,Standard,1,2,2,Current,one,no,Current,one,no,,0,no,,,utilityMods,,,
e6eb8518607a,Doedre's Elixir,Greater Mana Flask,Standard,1,3,3,,none,no,,none,no,,0,no,,,,,no-text-match,Gain 3 Endurance Charges on use
9115f264c3cc,Forbidden Taste,Quartz Flask,Standard,1,4,4,Current,one,no,Current,one,no,,0,no,,,utilityMods,,,
133e5b06e17d,Vessel of Vinktar,Topaz Flask,Standard,1,18,18,Current (Spells),one,no,Current (Spells),one,no,,0,no,,,utilityMods,,,
30bafd602a9b,Cinderswallow Urn,Silver Flask,Standard,1,18,171,,none,no,,none,no,,0,no,,,utilityMods,,variant-line-not-displayed,You can apply an additional Curse during Effect
5ac47c87d53c,The Writhing Jar,Hallowed Hybrid Flask,Standard,1,1,1,only,one,no,only,one,no,,0,no,,,,,,
cabd8e1631d3,Blood of the Karui,Sanctified Life Flask,Standard,1,5,5,Current,one,no,Current,one,no,,0,no,,,,,,
6a2499f0dd3f,The Wise Oak,Bismuth Flask,Standard,1,3,3,Current,one,no,Current,one,no,,0,no,,,utilityMods,,,
e78130caefaa,Lavianga's Spirit,Sanctified Mana Flask,Standard,1,1,1,only,one,no,only,one,no,,0,no,,,,,,
ff1563ee0558,The Sorrow of the Divine,Sulphur Flask,Standard,1,2,2,Current,one,no,Current,one,no,,0,no,,,utilityMods,,,
c07c5e96b8b3,Blood of the Karui,Sanctified Life Flask,Standard,1,5,5,Current,one,no,Current,one,no,,0,no,,,,,,
0f0c49854ca4,Coralito's Signature,Diamond Flask,Standard,1,2,2,Current,one,no,Current,one,no,,0,no,,,utilityMods,,,
2fd4486d7ed9,Kiara's Determination,Silver Flask,Standard,1,3,3,Current,one,no,Current,one,no,,0,no,,,utilityMods,,,
d8ce4ec51cbb,Witchfire Brew,Stibnite Flask,Standard,1,3,3,,none,no,,none,no,,0,no,,,utilityMods,,number-outside-range,7% increased Charges per use
01f114b1c445,The Overflowing Chalice,Sulphur Flask,Standard,1,2,2,Current,one,no,Current,one,no,,0,no,,,utilityMods,,,
f2c8dad04c87,The Overflowing Chalice,Sulphur Flask,Standard,1,2,2,Current,one,no,Current,one,no,,0,no,,,utilityMods,,,
8d8737a5a2f6,The Sorrow of the Divine,Sulphur Flask,Standard,1,2,2,Current,one,no,Current,one,no,,0,no,,,utilityMods,,,
f326b3f6d70a,The Overflowing Chalice,Sulphur Flask,Standard,1,2,2,Current,one,no,Current,one,no,,0,no,,,utilityMods,,,
2f4c2e6a6939,Kiara's Determination,Silver Flask,Standard,1,3,3,Current,one,no,Current,one,no,,0,no,,,utilityMods,,,
f71c019871b8,Rumi's Concoction,Granite Flask,Standard,1,4,4,Current,one,no,Current,one,no,,0,no,,,enchantMods;utilityMods,,,
050283d3b6cb,Forbidden Taste,Quartz Flask,Standard,1,4,4,Current,one,no,Current,one,no,,0,no,,,enchantMods;utilityMods,,,
faa485856db3,The Overflowing Chalice,Sulphur Flask,Standard,1,2,2,Current,one,no,Current,one,no,,0,no,,,utilityMods,,,
688c3352ae8f,Kiara's Determination,Silver Flask,Standard,1,3,3,Current,one,no,Current,one,no,,0,no,,,utilityMods,,,
992088240333,Witchfire Brew,Stibnite Flask,Standard,1,3,3,,none,no,,none,no,,0,no,,,utilityMods,,number-outside-range,6% increased Charges per use
af1616b94f4c,Forbidden Taste,Quartz Flask,Standard,1,4,4,Current,one,no,Current,one,no,,0,no,,,enchantMods;utilityMods,,,
e54a77b5907f,Kiara's Determination,Silver Flask,Standard,1,3,3,Current,one,no,Current,one,no,,0,no,,,utilityMods,,,
660be3fdf4be,The Overflowing Chalice,Sulphur Flask,Standard,1,2,2,Current,one,no,Current,one,no,,0,no,,,utilityMods,,,
241e37d902b9,The Overflowing Chalice,Sulphur Flask,Standard,1,2,2,Current,one,no,Current,one,no,,0,no,,,utilityMods,,,
68aa0d344098,Divination Distillate,Large Hybrid Flask,Standard,1,6,6,Pre 3.25.0,one,no,Pre 3.25.0,one,no,,0,no,,,,,,
8a8e876cb0f4,Kiara's Determination,Silver Flask,Standard,1,3,3,Current,one,no,Current,one,no,,0,no,,,utilityMods,,,
00e6dbf75e1b,The Overflowing Chalice,Sulphur Flask,Standard,1,2,2,Current,one,no,Current,one,no,,0,no,,,utilityMods,,,
22eb9374db4d,The Wise Oak,Bismuth Flask,Standard,1,3,3,Current,one,no,Current,one,no,,0,no,,,utilityMods,,,
911ae2cc1f2e,Forbidden Taste,Quartz Flask,Standard,1,4,4,Current,one,no,Current,one,no,,0,no,,,utilityMods,,,
628b19a61e86,The Sorrow of the Divine,Sulphur Flask,Standard,1,2,2,Current,one,no,Current,one,no,,0,no,,,utilityMods,,,
ea98bac47f25,The Overflowing Chalice,Sulphur Flask,Standard,1,2,2,Current,one,no,Current,one,no,,0,no,,,utilityMods,,,
da38eab54374,The Sorrow of the Divine,Sulphur Flask,Standard,1,2,2,Current,one,no,Current,one,no,,0,no,,,utilityMods,,,
a4e7910d5508,Kiara's Determination,Silver Flask,Standard,1,3,3,Current,one,no,Current,one,no,,0,no,,,utilityMods,,,
ecbb88133af3,Vessel of Vinktar,Topaz Flask,Standard,1,18,18,Current (Conversion),one,no,Current (Conversion),one,no,,0,no,,,utilityMods,,,
75cd47c27395,The Overflowing Chalice,Sulphur Flask,Standard,1,2,2,Current,one,no,Current,one,no,,0,no,,,utilityMods,,,
e28b640ac3c5,Witchfire Brew,Stibnite Flask,Standard,1,3,3,Current,one,no,Current,one,no,,0,no,,,utilityMods,,,
9a776af65a90,Kiara's Determination,Silver Flask,Standard,1,3,3,Current,one,no,Current,one,no,,0,no,,,utilityMods,,,
b11952506509,Forbidden Taste,Quartz Flask,Standard,1,4,4,Current,one,no,Current,one,no,,0,no,,,utilityMods,,,
aed9c87a4d94,The Overflowing Chalice,Sulphur Flask,Standard,1,2,2,Current,one,no,Current,one,no,,0,no,,,utilityMods,,,
0437738835d8,Kiara's Determination,Silver Flask,Standard,1,3,3,Current,one,no,Current,one,no,,0,no,,,utilityMods,,,
9f5e8616aa8b,The Overflowing Chalice,Sulphur Flask,Standard,1,2,2,Current,one,no,Current,one,no,,0,no,,,utilityMods,,,
201e39b95c6d,The Sorrow of the Divine,Sulphur Flask,Standard,1,2,2,Current,one,no,Current,one,no,,0,no,,,utilityMods,,,
9be4b45da4c2,Lion's Roar,Granite Flask,Standard,1,4,4,Current,one,no,Current,one,no,,0,no,,,utilityMods,,,
ff6d47dc4895,The Sorrow of the Divine,Sulphur Flask,Standard,1,2,2,Current,one,no,Current,one,no,,0,no,,,utilityMods,,,
46890b93a799,Cinderswallow Urn,Silver Flask,Standard,1,18,171,,none,no,,none,no,,0,no,,,utilityMods,,variant-line-not-displayed,You can apply an additional Curse during Effect
4869d2769ea4,Doedre's Elixir,Greater Mana Flask,Standard,1,3,3,,none,no,,none,no,,0,no,,,,,no-text-match,Gain 2 Endurance Charges on use
337df97198c2,Vorana's Preparation,Iron Flask,Standard,1,1,1,,none,no,,none,no,,0,no,,,utilityMods,,no-text-match,4% increased Charges per use
0efb88b09fb4,The Wise Oak,Bismuth Flask,Standard,1,3,3,Current,one,no,Current,one,no,,0,no,,,utilityMods,,,
7d8feb9a72e9,Witchfire Brew,Stibnite Flask,Standard,1,3,3,Current,one,no,Current,one,no,,0,no,,,utilityMods,,,
08ce1dbbaa63,Kiara's Determination,Silver Flask,Standard,1,3,3,Current,one,no,Current,one,no,,0,no,,,utilityMods,,,
e98538a48cf4,The Sorrow of the Divine,Sulphur Flask,Standard,1,2,2,Current,one,no,Current,one,no,,0,no,,,utilityMods,,,
ac0d04b3e911,The Wise Oak,Bismuth Flask,Standard,1,3,3,Current,one,no,Current,one,no,,0,no,,,utilityMods,,,
fcb044ace1d1,The Overflowing Chalice,Sulphur Flask,Standard,1,2,2,Current,one,no,Current,one,no,,0,no,,,utilityMods,,,
c6aab0e2d29a,The Sorrow of the Divine,Sulphur Flask,Standard,1,2,2,Current,one,no,Current,one,no,,0,no,,,utilityMods,,,
a302744c25f4,Lion's Roar,Granite Flask,Standard,1,4,4,Current,one,no,Current,one,no,,0,no,,,utilityMods,,,
344899b0184f,The Sorrow of the Divine,Sulphur Flask,Standard,1,2,2,Current,one,no,Current,one,no,,0,no,,,utilityMods,,,
dfbf9cb12852,Kiara's Determination,Silver Flask,Standard,1,3,3,Current,one,no,Current,one,no,,0,no,,,utilityMods,,,
a4e17eef8ef5,Vessel of Vinktar,Topaz Flask,Standard,1,18,18,Current (Spells),one,no,Current (Spells),one,no,,0,no,,,utilityMods,,,
7c05958c152b,Witchfire Brew,Stibnite Flask,Standard,1,3,3,Current,one,no,Current,one,no,,0,no,,,utilityMods,,,
0069455b8912,Cinderswallow Urn,Silver Flask,Standard,1,18,171,,none,no,,none,no,,0,no,,,utilityMods,,no-text-match,23% reduced Mana Cost of Skills during Effect
5b894749dbbd,Replica Sorrow of the Divine,Sulphur Flask,Standard,1,1,1,only,one,no,only,one,no,,0,no,,,enchantMods;utilityMods,,,
f20a5cdbfb3a,Cinderswallow Urn,Silver Flask,Standard,1,18,171,,none,no,,none,no,,0,no,,,utilityMods,,variant-line-not-displayed,You can apply an additional Curse during Effect
17172417cb01,Kiara's Determination,Silver Flask,Standard,1,3,3,Current,one,no,Current,one,no,,0,no,,,utilityMods,,,
092046296dc2,Kiara's Determination,Silver Flask,Standard,1,3,3,Current;Pre 3.15.0,several,yes,Current;Pre 3.15.0,several,yes,,0,no,,,utilityMods,,,
2dbc428884ae,The Overflowing Chalice,Sulphur Flask,Standard,1,2,2,Current,one,no,Current,one,no,,0,no,,,utilityMods,,,
d216651f7c48,The Sorrow of the Divine,Sulphur Flask,Standard,1,2,2,Current,one,no,Current,one,no,,0,no,,,utilityMods,,,
30bd93a6fe24,Forbidden Taste,Quartz Flask,Standard,1,4,4,Current,one,no,Current,one,no,,0,no,,,utilityMods,,,
5a351536d0de,Forbidden Taste,Quartz Flask,Standard,1,4,4,Current,one,no,Current,one,no,,0,no,,,utilityMods,,,
f9bfa67fd7c9,Atziri's Promise,Amethyst Flask,Standard,1,3,3,Current,one,no,Current,one,no,,0,no,,,enchantMods;utilityMods,,,
2c9ff8d91b08,Witchfire Brew,Stibnite Flask,Standard,1,3,3,,none,no,,none,no,,0,no,,,utilityMods,,variant-line-not-displayed,(-10-10)% reduced Charges per use
0bd439527139,Doedre's Elixir,Greater Mana Flask,Standard,1,3,3,,none,no,,none,no,,0,no,,,,,no-text-match,Gain 2 Endurance Charges on use
a94838e080bb,The Wise Oak,Bismuth Flask,Standard,1,3,3,Current,one,no,Current,one,no,,0,no,,,utilityMods,,,
575c9034f804,Lavianga's Spirit,Sanctified Mana Flask,Standard,1,1,1,only,one,no,only,one,no,,0,no,,,,,,
345fa4d9fa1d,The Overflowing Chalice,Sulphur Flask,Standard,1,2,2,Current,one,no,Current,one,no,,0,no,,,utilityMods,,,
dd78a20886eb,Divination Distillate,Large Hybrid Flask,Standard,1,6,6,Pre 3.25.0,one,no,Pre 3.25.0,one,no,,0,no,,,,,,
0d05733aa94a,Kiara's Determination,Silver Flask,Standard,1,3,3,Current,one,no,Current,one,no,,0,no,,,utilityMods,,,
3d020814e9a5,The Sorrow of the Divine,Sulphur Flask,Standard,1,2,2,Current,one,no,Current,one,no,,0,no,,,utilityMods,,,
a196339cf765,The Overflowing Chalice,Sulphur Flask,Standard,1,2,2,Current,one,no,Current,one,no,,0,no,,,utilityMods,,,
eea6f7db6563,Lavianga's Spirit,Sanctified Mana Flask,Standard,1,1,1,only,one,no,only,one,no,,0,no,,,,,,
1000e6f9f051,The Writhing Jar,Hallowed Hybrid Flask,Standard,1,1,1,only,one,no,only,one,no,,0,no,,,,,,
3413beca6046,The Sorrow of the Divine,Sulphur Flask,Standard,1,2,2,Current,one,no,Current,one,no,,0,no,,,utilityMods,,,
f44c421db6b5,The Sorrow of the Divine,Sulphur Flask,Standard,1,2,2,Current,one,no,Current,one,no,,0,no,,,utilityMods,,,
b77604a98f01,The Writhing Jar,Hallowed Hybrid Flask,Standard,1,1,1,only,one,no,only,one,no,,0,no,,,,,,
9859f301225e,Taste of Hate,Sapphire Flask,Standard,1,5,5,Pre 3.25.0,one,no,Pre 3.25.0,one,no,,0,no,,,utilityMods,,,
f42700d3525c,Coruscating Elixir,Ruby Flask,Standard,1,3,3,Current,one,no,Current,one,no,,0,no,,,utilityMods,,,
f7126b5ad9ab,The Wise Oak,Bismuth Flask,Standard,1,3,3,Current,one,no,Current,one,no,,0,no,,,utilityMods,,,
ece022d253d0,The Overflowing Chalice,Sulphur Flask,Standard,1,2,2,Current,one,no,Current,one,no,,0,no,,,utilityMods,,,
8eb165d3a226,Kiara's Determination,Silver Flask,Standard,1,3,3,Current,one,no,Current,one,no,,0,no,,,utilityMods,,,
56003d655c93,Kiara's Determination,Silver Flask,Standard,1,3,3,Current,one,no,Current,one,no,,0,no,,,utilityMods,,,
2f92b0128294,Rumi's Concoction,Granite Flask,Standard,1,4,4,Current,one,no,Current,one,no,,0,no,,,utilityMods,,,
53f376ba9a02,Vessel of Vinktar,Topaz Flask,Standard,1,18,18,Current (Conversion),one,no,Current (Conversion),one,no,,0,no,,,utilityMods,,,
7cc5d2bee70b,Forbidden Taste,Quartz Flask,Standard,1,4,4,Current,one,no,Current,one,no,,0,no,,,utilityMods,,,
3501b016ee31,The Overflowing Chalice,Sulphur Flask,Standard,1,2,2,Current,one,no,Current,one,no,,0,no,,,utilityMods,,,
32443f1502b3,The Overflowing Chalice,Sulphur Flask,Standard,1,2,2,Current,one,no,Current,one,no,,0,no,,,utilityMods,,,
b41bfc55150e,The Overflowing Chalice,Sulphur Flask,Standard,1,2,2,Current,one,no,Current,one,no,,0,no,,,utilityMods,,,
a69def13ac48,Kiara's Determination,Silver Flask,Standard,1,3,3,Current,one,no,Current,one,no,,0,no,,,utilityMods,,,
a84556b71a46,The Sorrow of the Divine,Sulphur Flask,Standard,1,2,2,Current,one,no,Current,one,no,,0,no,,,utilityMods,,,
8d469ac128a0,Doedre's Elixir,Greater Mana Flask,Standard,1,3,3,,none,no,,none,no,,0,no,,,,,no-text-match,Gain 2 Frenzy Charges on use
39e93a7a55c1,Rotgut,Quicksilver Flask,Standard,1,4,4,Current,one,no,Current,one,no,,0,no,,,utilityMods,,,
dbcff3eec54a,Rumi's Concoction,Granite Flask,Standard,1,4,4,Current,one,no,Current,one,no,,0,no,,,utilityMods,,,
35eb7505f264,The Overflowing Chalice,Sulphur Flask,Standard,1,2,2,Current,one,no,Current,one,no,,0,no,,,utilityMods,,,
f61cc45eda07,Doedre's Elixir,Greater Mana Flask,Standard,1,3,3,,none,no,,none,no,,0,no,,,,,no-text-match,Gain 3 Endurance Charges on use
50ddc90ca7f4,The Sorrow of the Divine,Sulphur Flask,Standard,1,2,2,Current,one,no,Current,one,no,,0,no,,,utilityMods,,,
03b4e49526e9,Kiara's Determination,Silver Flask,Standard,1,3,3,Current,one,no,Current,one,no,,0,no,,,utilityMods,,,
0fe41e46e967,The Sorrow of the Divine,Sulphur Flask,Standard,1,2,2,Current,one,no,Current,one,no,,0,no,,,utilityMods,,,
2f766a1ffccb,Kiara's Determination,Silver Flask,Standard,1,3,3,Current,one,no,Current,one,no,,0,no,,,utilityMods,,,
47c03c1b66ca,The Overflowing Chalice,Sulphur Flask,Standard,1,2,2,Current,one,no,Current,one,no,,0,no,,,utilityMods,,,
1e07e1625510,Kiara's Determination,Silver Flask,Standard,1,3,3,Current,one,no,Current,one,no,,0,no,,,utilityMods,,,
3b981b48af57,Kiara's Determination,Silver Flask,Standard,1,3,3,Current;Pre 3.15.0,several,yes,Current;Pre 3.15.0,several,yes,,0,no,,,utilityMods,,,
114fa610831e,Divination Distillate,Large Hybrid Flask,Standard,1,6,6,Pre 3.25.0,one,no,Pre 3.25.0,one,no,,0,no,,,,,,
15942de11ae8,The Sorrow of the Divine,Sulphur Flask,Standard,1,2,2,Current,one,no,Current,one,no,,0,no,,,utilityMods,,,
03e415acd130,Lion's Roar,Granite Flask,Standard,1,4,4,Current,one,no,Current,one,no,,0,no,,,utilityMods,,,
dbbeed1733aa,Lion's Roar,Granite Flask,Standard,1,4,4,Current,one,no,Current,one,no,,0,no,,,utilityMods,,,
4015e652dbdb,The Overflowing Chalice,Sulphur Flask,Standard,1,2,2,Current,one,no,Current,one,no,,0,no,,,utilityMods,,,
07a48abe3f43,Kiara's Determination,Silver Flask,Standard,1,3,3,Current,one,no,Current,one,no,,0,no,,,utilityMods,,,
42ae84e71bc3,Kiara's Determination,Silver Flask,Standard,1,3,3,Current,one,no,Current,one,no,,0,no,,,utilityMods,,,
ee5c21af3ef9,Rotgut,Quicksilver Flask,Standard,1,4,4,Current,one,no,Current,one,no,,0,no,,,utilityMods,,,
7ecb5dbd4d6d,Grasping Nightshade,Sporebloom Tincture,Standard,1,1,1,only,one,no,only,one,no,,0,no,,,,,,
8546d65d4e28,Sin's Rebirth,Stibnite Flask,Standard,1,1,1,only,one,no,only,one,no,,0,no,,,utilityMods,,,
20fefa124682,Wildfire Phloem,Ashbark Tincture,Standard,1,1,1,only,one,no,only,one,no,,0,no,,,,,,
3a54fc69c890,The Sorrow of the Divine,Sulphur Flask,Standard,1,2,2,Current,one,no,Current,one,no,,0,no,,,utilityMods,,,
711bb026e282,Witchfire Brew,Stibnite Flask,Standard,1,3,3,,none,no,,none,no,,0,no,,,utilityMods,,number-outside-range,5% increased Charges per use
0f55b2e9d4bd,The Overflowing Chalice,Sulphur Flask,Standard,1,2,2,Current,one,no,Current,one,no,,0,no,,,utilityMods,,,
6aa15109c4ec,Rumi's Concoction,Granite Flask,Standard,1,4,4,Current,one,no,Current,one,no,,0,no,,,utilityMods,,,
7f12793c9f17,Kiara's Determination,Silver Flask,Standard,1,3,3,Current,one,no,Current,one,no,,0,no,,,utilityMods,,,
e3dbf2d35fb4,Blood of the Karui,Sanctified Life Flask,Standard,1,5,5,Current,one,no,Current,one,no,,0,no,,,,,,
781f046a3b92,Coralito's Signature,Diamond Flask,Standard,1,2,2,Current,one,no,Current,one,no,,0,no,,,utilityMods,,,
5b40c9c9dd73,The Sorrow of the Divine,Sulphur Flask,Standard,1,2,2,Current,one,no,Current,one,no,,0,no,,,utilityMods,,,
549eddcf34a8,Circle of Regret,Topaz Ring,Standard,1,7,28,,none,no,,none,no,,0,no,,,,,no-text-match,10% increased Chaos Damage
a67d42dab5bd,Circle of Regret,Topaz Ring,Standard,1,7,28,,none,no,,none,no,,0,no,,,,,no-text-match,+10 to Strength
0badb95d6da9,Circle of Nostalgia,Amethyst Ring,Standard,1,7,28,,none,no,,none,no,,0,no,,,,,no-text-match,15% increased Frenzy Charge Duration
878110d68810,Circle of Guilt,Iron Ring,Standard,1,7,28,,none,no,,none,no,,0,no,,,,,no-text-match,18% chance to Avoid being Ignited
e34fd7536b65,Circle of Nostalgia,Amethyst Ring,Standard,1,7,28,,none,no,,none,no,,0,no,,,,,no-text-match,8% increased maximum Mana
8e3a7421d95e,Circle of Guilt,Iron Ring,Standard,1,7,28,,none,no,,none,no,,0,no,,,,,no-text-match,16% increased Lightning Damage
690bcf52ab29,Circle of Fear,Sapphire Ring,Standard,1,7,28,,none,no,,none,no,,0,no,,,,,no-text-match,13% increased Fire Damage
9e56c45da447,Circle of Nostalgia,Amethyst Ring,Standard,1,7,28,,none,no,,none,no,,0,no,,,,,no-text-match,13% increased Global Physical Damage
d81d82d0ee81,Circle of Nostalgia,Amethyst Ring,Standard,1,7,28,,none,no,,none,no,,0,no,,,,,no-text-match,8% increased Evasion Rating
0d65bd027de3,Circle of Regret,Topaz Ring,Standard,1,7,28,,none,no,,none,no,,0,no,,,,,no-text-match,6% increased Dexterity
4ac93d7aff85,Circle of Fear,Sapphire Ring,Standard,1,7,28,,none,no,,none,no,,0,no,,,,,no-text-match,12% increased Lightning Damage
130e47f6ba05,Circle of Nostalgia,Amethyst Ring,Standard,1,7,28,,none,no,,none,no,,0,no,,,,,no-text-match,Gain 4 Mana per Enemy Killed
d8e42e5eb735,Circle of Fear,Sapphire Ring,Standard,1,7,28,,none,no,,none,no,,0,no,,,,,no-text-match,8% increased Endurance Charge Duration
01538d6769a7,Circle of Anguish,Ruby Ring,Standard,1,7,28,,none,no,,none,no,,0,no,,,,,no-text-match,11% increased Chaos Damage
dad55132a6f9,Circle of Fear,Sapphire Ring,Standard,1,7,28,,none,no,,none,no,,0,no,,,,,no-text-match,11% increased Fire Damage
b4f03d367eef,Circle of Anguish,Ruby Ring,Standard,1,7,28,,none,no,,none,no,,0,no,,,,,no-text-match,7% increased Evasion Rating
8d3fcd3374cc,Circle of Fear,Sapphire Ring,Standard,1,7,28,,none,no,,none,no,,0,no,,,,,no-text-match,4% increased Cast Speed
1bc9b7715c37,Circle of Regret,Topaz Ring,Standard,1,7,28,,none,no,,none,no,,0,no,,,,,no-text-match,Regenerate 2.1 Mana per second
ccf9e2ec0f04,Circle of Fear,Sapphire Ring,Standard,1,7,28,,none,no,,none,no,,0,no,,,,,no-text-match,11% increased Lightning Damage
5f485a4647c7,Circle of Fear,Sapphire Ring,Standard,1,7,28,,none,no,,none,no,,0,no,,,,,no-text-match,-40 Cold Damage taken from Hits
268a73c76757,Circle of Anguish,Ruby Ring,Standard,1,7,28,,none,no,,none,no,,0,no,,,,,no-text-match,21% increased Damage while Leeching Life
16ece277cd09,Circle of Fear,Sapphire Ring,Standard,1,7,28,,none,no,,none,no,,0,no,,,,,no-text-match,16% increased Cold Damage
afd931722c41,Circle of Fear,Sapphire Ring,Standard,1,7,28,,none,no,,none,no,,0,no,,,,,no-text-match,+9 to all Attributes
12ffd6d3de14,Circle of Fear,Sapphire Ring,Standard,1,7,28,,none,no,,none,no,,0,no,,,,,no-text-match,+7% to Chaos Resistance
c20142fd1bd5,Circle of Fear,Sapphire Ring,Standard,1,7,28,,none,no,,none,no,,0,no,,,,,no-text-match,+19 to Strength
478269f3f58a,Circle of Fear,Sapphire Ring,Standard,1,7,28,,none,no,,none,no,,0,no,,,,,no-text-match,4% increased Cast Speed
c4df54346084,Circle of Anguish,Ruby Ring,Standard,1,7,28,,none,no,,none,no,,0,no,,,,,no-text-match,10% increased Global Physical Damage
3975133339a0,Circle of Regret,Topaz Ring,Standard,1,7,28,,none,no,,none,no,,0,no,,,,,no-text-match,Malevolence has 19% increased Aura Effect
6abfa4aa22db,Circle of Anguish,Ruby Ring,Standard,1,7,28,,none,no,,none,no,,0,no,,,,,no-text-match,12% increased Lightning Damage
6e0dee734c3e,Circle of Guilt,Iron Ring,Standard,1,7,28,,none,no,,none,no,,0,no,,,,,no-text-match,16% increased Global Accuracy Rating
acb07eaa36c8,Circle of Guilt,Iron Ring,Standard,1,7,28,,none,no,,none,no,,0,no,,,,,no-text-match,Regenerate 2.2 Mana per second
b750f4d6db2b,Circle of Fear,Sapphire Ring,Standard,1,7,28,,none,no,,none,no,,0,no,,,,,no-text-match,14% increased Fire Damage
ac65effb5773,Circle of Anguish,Ruby Ring,Standard,1,7,28,,none,no,,none,no,,0,no,,,,,no-text-match,+6 to all Attributes
9e5e4c246b19,Circle of Regret,Topaz Ring,Standard,1,7,28,,none,no,,none,no,,0,no,,,,,no-text-match,+15 to Dexterity
68c973ff8281,Circle of Guilt,Iron Ring,Standard,1,7,28,,none,no,,none,no,,0,no,,,,,no-text-match,9% increased Lightning Damage
eae625ed0e37,Circle of Anguish,Ruby Ring,Standard,1,7,28,,none,no,,none,no,,0,no,,,,,no-text-match,Regenerate 36.4 Life per second
3aa3354ca6ec,Circle of Fear,Sapphire Ring,Standard,1,7,28,,none,no,,none,no,,0,no,,,,,no-text-match,9% increased Cold Damage
441afb640b74,Circle of Anguish,Ruby Ring,Standard,1,7,28,,none,no,,none,no,,0,no,,,,,no-text-match,0.2% of Physical Damage Leeched as Life
c282a84fca68,Circle of Anguish,Ruby Ring,Standard,1,7,28,,none,no,,none,no,,0,no,,,,,no-text-match,+9 to all Attributes
13412a786476,Circle of Anguish,Ruby Ring,Standard,1,7,28,,none,no,,none,no,,0,no,,,,,no-text-match,Gain 8 Life per Enemy Killed
7464a599483c,Circle of Fear,Sapphire Ring,Standard,1,7,28,,none,no,,none,no,,0,no,,,,,no-text-match,10% increased Endurance Charge Duration
f680cd3a9271,Circle of Anguish,Ruby Ring,Standard,1,7,28,,none,no,,none,no,,0,no,,,,,no-text-match,14% increased Fire Damage
a9a72f9790e0,Le Heup of All,Iron Ring,Standard,1,2,2,Current,one,no,Current,one,no,,0,no,,,,,,
c4fea8e1199c,Circle of Fear,Sapphire Ring,Standard,1,7,28,,none,no,,none,no,,0,no,,,,,no-text-match,7% increased maximum Energy Shield
bea53c761531,Meginord's Girdle,Heavy Belt,Standard,1,2,2,,none,no,,none,no,,0,no,,,,,no-text-match,4% increased Dexterity
64b4d425f426,Rathpith Globe,Titanium Spirit Shield,Standard,1,5,5,Pre 3.29.0,one,no,Pre 3.29.0,one,no,,0,no,,,,,,
30329f048bb8,Wilma's Requital,Solaris Circlet,Standard,1,1,1,only,one,no,only,one,no,,0,no,,,,,,
66f237dbd3e7,Lightning Coil,Desert Brigandine,Standard,1,3,3,,none,no,,none,no,,0,no,,,,,no-text-match,46% increased Damage
59aebf38e191,Meginord's Girdle,Heavy Belt,Standard,1,2,2,,none,no,Current,one,no,catalyst,2,yes,Physical and Chaos Damage,20,,,,
b4abd74dd64a,The Bringer of Rain,Nightmare Bascinet,Standard,1,5,5,Current,one,no,Current,one,no,,0,no,,,,,,
c8b40da682a8,Facebreaker,Strapped Mitts,Standard,1,6,6,Current;Pre 3.26.0,several,yes,Current;Pre 3.26.0,several,yes,,0,no,,,,,,
6251ded88d9e,The Bringer of Rain,Nightmare Bascinet,Standard,1,5,5,Current,one,no,Current,one,no,,0,no,,,,,,
6df5e58f2f23,Tukohama's Fortress,Ebony Tower Shield,Standard,1,3,3,Pre 3.29.0,one,no,Pre 3.29.0,one,no,,0,no,,,,,,
984effd6dbfd,Goldwyrm,Nubuck Boots,Standard,1,3,3,Pre 3.25.0,one,no,Pre 3.25.0,one,no,,0,no,,,,,,
3ab49096fab7,Bramblejack,Plate Vest,Standard,1,2,2,,none,no,,none,no,,0,no,,,,,no-text-match,+2 to Level of Socketed Trap or Mine Gems
63b5582c4baf,Circle of Anguish,Ruby Ring,Standard,1,7,28,,none,no,,none,no,,0,no,,,,,no-text-match,16% increased Damage while Leeching Mana
bc07e8e55ee7,Second Piece of Focus,Archon Kite Shield Piece,Standard,0,0,0,,unbound,no,,unbound,no,,0,no,,,,,,
499d700f67aa,Drillneck,Penetrating Arrow Quiver,Standard,1,1,1,,none,no,,none,no,,0,no,,,,,no-text-match,Projectiles deal 8% increased Damage with Hits and Ailments for each Enemy Pierced
d98d7da5f7b6,White Wind,Imperial Skean,Standard,1,3,3,,none,no,,none,no,,0,no,,,,,number-outside-range,6% increased Attack Speed
24f05d7c411a,Bones of Ullr,Silk Slippers,Standard,1,1,1,,none,no,,none,no,,0,no,,,,,no-text-match,+2 to Level of Socketed Trap or Mine Gems
b554ce3a7eab,White Wind,Imperial Skean,Standard,1,3,3,,none,no,,none,no,,0,no,,,,,number-outside-range,30% increased Global Critical Strike Chance
ea6424d24ade,Meginord's Girdle,Heavy Belt,Standard,1,2,2,,none,no,,none,no,,0,no,,,,,number-outside-range,6% increased maximum Life
1bcfae87f88c,Doryani's Delusion,Slink Boots,Standard,3,63,63,,none,no,,none,no,,0,no,,,,,number-outside-range,Grants Level 25 Purity of Ice Skill
dee86a3ff2a1,Shaper's Seed,Agate Amulet,Standard,1,3,3,,none,no,,none,no,,0,no,,,,,no-text-match,Grace has 20% increased Aura Effect
40ce1d50eb00,Thief's Torment,Prismatic Ring,Standard,1,6,6,Pre 3.25.0,one,no,Pre 3.25.0,one,no,,0,no,,,,,,
9da09a1ab804,Offering to the Serpent,Legion Gloves,Standard,1,1,1,,none,no,,none,no,,0,no,,,,,no-text-match,+62 to Evasion Rating
c2fc0a93be74,Berek's Pass,Two-Stone Ring,Standard,1,2,2,,none,no,,none,no,,0,no,,,,,no-text-match,Wrath has 17% increased Aura Effect
26f54c9d2a75,Storm Prison,Spiraled Wand,Standard,1,3,3,,none,no,,none,no,,0,no,,,,,no-text-match,6% chance to gain a Power Charge on Critical Strike
658ffd3d530e,The Tempestuous Steel,War Sword,Standard,1,2,2,,none,no,,none,no,,0,no,,,,,no-text-match,12% chance to gain Onslaught for 4 seconds on Kill
dbb22de02e86,Prismatic Eclipse,Twilight Blade,Standard,1,5,5,,none,no,,none,no,,0,no,,,,,no-text-match,15% increased Area of Effect
b5d31cccc7bc,Wanderlust,Wool Shoes,Standard,1,1,1,,none,no,,none,no,,0,no,,,,,no-text-match,+2 to Level of Socketed Projectile Gems
628845bdf22b,Victario's Flight,Goathide Boots,Standard,1,3,3,,none,no,,none,no,,0,no,,,,,no-text-match,+1 to Maximum Endurance Charges
21fac5590f41,Valyrium,Moonstone Ring,Standard,1,2,2,,none,no,,none,no,,0,no,,,,,no-text-match,Grace has 15% increased Aura Effect
078c9e5fe765,Crown of Eyes,Hubris Circlet,Standard,1,2,2,,none,no,,none,no,,0,no,,,,,no-text-match,+2 to Level of Socketed Cold Gems
6e5ee6c83bfa,Crown of Eyes,Hubris Circlet,Standard,1,2,2,,none,no,,none,no,,0,no,,,,,no-text-match,+2 to Level of Socketed Cold Gems
9d481ea70b81,Le Heup of All,Iron Ring,Standard,1,2,2,Current,one,no,Current,one,no,,0,no,,,,,,
a07a127f1753,Gluttony,Leather Belt,Standard,1,2,2,,none,no,,none,no,,0,no,,,,,no-text-match,6% increased Dexterity
659fb606700a,Victario's Flight,Goathide Boots,Standard,1,3,3,,none,no,,none,no,,0,no,,,,,no-text-match,+2 to Level of Socketed Projectile Gems
536af11af066,Lioneye's Fall,Viridian Jewel,Standard,1,1,1,only,one,no,only,one,no,,0,no,,,,,,
af283f032af0,Doedre's Tenure,Velvet Gloves,Standard,1,3,3,,none,no,,none,no,,0,no,,,,,no-text-match,Attacks have +0.75% to Critical Strike Chance
8c1128053103,Veil of the Night,Great Helmet,Standard,1,1,1,,none,no,,none,no,,0,no,,,,,no-text-match,+2 to Level of Socketed Minion Gems
3923bc978e82,Blunderbore,Astral Plate,Standard,1,1,1,only,one,no,only,one,no,,0,no,,,,,,
0b3e58dc8382,Circle of Regret,Topaz Ring,Standard,1,7,28,,none,no,,none,no,,0,no,,,,,no-text-match,Regenerate 17.8 Life per second
c5ab9313eb1a,Hrimnor's Resolve,Samnite Helmet,Standard,1,3,3,,none,no,,none,no,,0,no,,,,,no-text-match,+2 to Level of Socketed Lightning Gems
8affeb572f49,The Magnate,Studded Belt,Standard,1,3,3,,none,no,,none,no,,0,no,,,,,no-text-match,8% increased maximum Energy Shield
44b6e3b117cb,Icefang Orbit,Iron Ring,Standard,1,1,1,,none,no,,none,no,,0,no,,,,,no-text-match,Adds 1 to 28 Lightning Damage to Spells and Attacks
193aca8852ca,Soul Mantle,Spidersilk Robe,Standard,1,5,5,,none,no,,none,no,,0,no,,,,,no-text-match,+2 to Level of Socketed Trap or Mine Gems
2a07068060c4,Doomfletch,Royal Bow,Standard,1,5,5,,none,no,,none,no,,0,no,,,,,no-text-match,13% increased Physical Damage
688039a00847,The Eternal Apple,Chiming Spirit Shield,Standard,1,1,1,,none,no,,none,no,,0,no,,,,,no-text-match,+1 to Level of Socketed Gems
90e5f31885af,Hyrri's Truth,Jade Amulet,Standard,1,3,3,,none,no,,none,no,,0,no,,,,,no-text-match,9% increased Movement Speed
8ffd1afca1c6,Romira's Banquet,Diamond Ring,Standard,1,3,3,,none,no,,none,no,,0,no,,,,,no-text-match,Grants Level 21 Wrath Skill
644114f86479,The Coming Calamity,Destroyer Regalia,Standard,1,1,1,,none,no,,none,no,,0,no,,,,,no-text-match,+2 to Level of Socketed Projectile Gems
f5dd66dc6c0f,Assailum,Sinner Tricorne,Standard,1,2,2,,none,no,,none,no,,0,no,,,,,no-text-match,+2 to Level of Socketed Fire Gems
4700fccd2be0,Winterweave,Coral Ring,Standard,1,1,1,,none,no,,none,no,,0,no,,,,,no-text-match,+15% to all Elemental Resistances
d91bed59ef59,Watcher's Eye,Prismatic Jewel,Standard,0,0,0,,unbound,no,,unbound,no,,0,no,,,,,,
21a50a9f68a4,Eyes of the Greatwolf,Greatwolf Talisman,Standard,1,33,561,,none,no,,none,no,,0,no,,,,,no-text-match,Implicit Modifier magnitudes are doubled
584f83a53c13,Glorious Vanity,Timeless Jewel,Standard,1,4,4,Xibaqua (Divine Flesh),one,no,Xibaqua (Divine Flesh),one,no,,0,no,,,,,,
30dfcfa4311d,Hands of the High Templar,Crusader Gloves,Standard,1,1,1,,none,no,,none,no,,0,no,,,,,no-text-match,+2 to Level of Socketed AoE Gems
e9e5a3c35f6e,The Annihilating Light,Quarterstaff,Standard,1,2,2,Pre 3.25.0,one,no,Pre 3.25.0,one,no,,0,no,,,,,,
36f1f4ffb0ff,Replica Dragonfang's Flight,Onyx Amulet,Standard,0,0,0,,unbound,no,,unbound,no,,0,no,,,,,,
d0afcb57eb3a,Lavianga's Spirit,Sanctified Mana Flask,Standard,1,1,1,only,one,no,only,one,no,,0,no,,,,,,
b32865864234,Heatshiver,Leather Hood,Standard,1,4,4,Current,one,no,Current,one,no,,0,no,,,,,,
6358fb0819ce,Anathema,Moonstone Ring,Standard,1,1,1,only,one,no,only,one,no,,0,no,,,,,,
1563343dea88,Self-Flagellation,Viridian Jewel,Standard,1,1,1,only,one,no,only,one,no,,0,no,,,,,,
909bae9548b2,Militant Faith,Timeless Jewel,Standard,1,20,1350,,none,no,Dominus (Inner Conviction) | Totem Damage | Elemental Damage,one,no,selection,0,no,,,,,,
404bd9e1fd00,Replica Dragonfang's Flight,Onyx Amulet,Standard,0,0,0,,unbound,no,,unbound,no,,0,no,,,enchantMods,,,
244dbe702a00,Coward's Legacy,Chain Belt,Standard,1,1,1,only,one,no,only,one,no,,0,no,,,,,,
7a75b9f59597,Soul Mantle,Spidersilk Robe,Standard,1,5,5,,none,no,,none,no,,0,no,,,,,no-text-match,+2 to Level of Socketed Projectile Gems
8ac58dbf43bf,Rearguard,Blunt Arrow Quiver,Standard,1,2,2,Current,one,no,Current,one,no,,0,no,,,,,,
5566ab1f9805,Militant Faith,Timeless Jewel,Standard,1,20,1350,,none,no,Avarius (Power of Purpose) | Brand Damage | Area Damage,one,no,selection,0,no,,,,,,
80ea68291dea,Atziri's Reflection,Golden Buckler,Standard,1,1,1,only,one,no,only,one,no,,0,no,,,,,,
c97ae1321fb1,Coruscating Elixir,Ruby Flask,Standard,1,3,3,Current,one,no,Current,one,no,,0,no,,,utilityMods,,,
0f1f8c93c14f,Doedre's Damning,Paua Ring,Standard,1,2,2,Current,one,no,Current,one,no,,0,no,,,enchantMods,,,
3a9da4b1a9d2,Ylfeban's Trickery,Hubris Circlet,Standard,1,3,3,Current,one,no,Current,one,no,,0,no,,,,,,
f7a1d3afa597,Bated Breath,Chain Belt,Standard,1,2,2,Current,one,no,Current,one,no,,0,no,,,,,,
09fccc71d2f2,The Restless Ward,Carnal Armour,Standard,1,3,3,Current,one,no,Current,one,no,,0,no,,,,,,
01041319f1cf,Sin Trek,Stealth Boots,Standard,1,4,4,Current;Pre 3.5.0,several,yes,Current;Pre 3.5.0,several,yes,,0,no,,,,,,
8cc6e3ffd328,Forbidden Flame,Crimson Jewel,Standard,0,0,0,,unbound,no,,unbound,no,,0,no,,,,,,
f445dc688de5,Forbidden Flesh,Cobalt Jewel,Standard,0,0,0,,unbound,no,,unbound,no,,0,no,,,,,,
f5d2541ad7b7,Ephemeral Edge,Dusk Blade,Standard,1,6,6,Pre 3.23.0;Pre 3.26.0,several,no,Pre 3.23.0;Pre 3.26.0,several,no,,0,no,,,,,,
0ee47fd2fd21,Olesya's Delight,Cloth Belt,Standard,1,2,2,Current,one,no,Current,one,no,,0,no,,,,,,
5add3d697b88,Ming's Heart,Amethyst Ring,Standard,1,4,4,,none,no,Current,one,no,catalyst,2,yes,Physical and Chaos Damage,20,,,,
ac6bd239ce76,The Poet's Pen,Carved Wand,Standard,1,2,2,Pre 3.27.0,one,no,Pre 3.27.0,one,no,,0,no,,,,,,
04d363413584,Cold Iron Point,Ezomyte Dagger,Standard,1,1,1,,none,no,,none,no,,0,no,,,,,no-text-match,56% increased Damage over Time
9de2be86d693,Transcendent Spirit,Viridian Jewel,Standard,1,2,2,Current,one,no,Current,one,no,,0,no,,,,,,
9d0dfb90bce0,Unnatural Instinct,Viridian Jewel,Standard,1,1,1,,none,no,,none,no,,0,no,,,,,no-text-match,You cannot be Hindered
025178f18988,Seven-League Step,Rawhide Boots,Standard,1,1,1,only,one,no,only,one,no,,0,no,,,,,,
02e9fe6e1578,Transcendent Spirit,Viridian Jewel,Standard,1,2,2,Current,one,no,Current,one,no,,0,no,,,,,,
a5809ceb68ad,Perepiteia,Ezomyte Spiked Shield,Standard,1,1,1,,none,no,,none,no,,0,no,,,,,no-text-match,+1 to Level of Socketed Support Gems
3a74ef5fdcf6,Devoto's Devotion,Nightmare Bascinet,Standard,1,1,1,only,one,no,only,one,no,,0,no,,,,,,
0a31ce295718,Queen of the Forest,Destiny Leather,Standard,1,2,2,,none,no,,none,no,,0,no,,,,,no-text-match,+2 to Level of Socketed Trap or Mine Gems
a84f75855658,Mageblood,Heavy Belt,Standard,1,1,1,,none,no,only,one,no,catalyst,2,yes,Attribute,20,,,,
1dd457b4e557,Cloak of Flame,Scholar's Robe,Standard,1,2,2,Current,one,no,Current,one,no,,0,no,,,,,,
2f05bfc48353,Rise of the Phoenix,Mosaic Kite Shield,Standard,1,4,4,Current,one,no,Current,one,no,,0,no,,,,,,
dd6343c278a4,Berek's Respite,Two-Stone Ring,Standard,1,2,2,Current,one,no,Current,one,no,,0,no,,,enchantMods,,,
db045bacc046,Le Heup of All,Iron Ring,Standard,1,2,2,,none,no,,none,no,,0,no,,,,,no-text-match,Wrath has 19% increased Aura Effect
5bfce77b64eb,Essence Worm,Unset Ring,Standard,1,1,1,only,one,no,only,one,no,,0,no,,,,,,
c048b049db6f,Bubonic Trail,Murder Boots,Standard,1,4,4,One Abyssal Socket (Current),one,no,One Abyssal Socket (Current),one,no,,0,no,,,,,,
c749a692ede4,Ahn's Heritage,Colossal Tower Shield,Standard,1,3,3,Current,one,no,Current,one,no,,0,no,,,,,,
30370567ed5d,Fertile Mind,Cobalt Jewel,Standard,1,2,2,Current;Pre 3.20.0,several,yes,Current;Pre 3.20.0,several,yes,,0,no,,,,,,
0aa39e7660aa,Carnage Heart,Onyx Amulet,Standard,1,2,2,Current,one,no,Current,one,no,,0,no,,,,,,
19031b2fd61a,Darkray Vectors,Dragonscale Boots,Standard,1,3,3,Current,one,no,Current,one,no,,0,no,,,,,,
18e0eb9b2351,Witchhunter's Judgment,Highborn Staff,Standard,1,2,2,Pre 3.25.0,one,no,Pre 3.25.0,one,no,,0,no,,,,,,
6567c6e8d025,Circle of Fear,Sapphire Ring,Standard,1,7,28,,none,no,,none,no,,0,no,,,,,no-text-match,Gain 5 Mana per Enemy Killed
d991d56a9cb9,Goldwyrm,Nubuck Boots,Standard,1,3,3,Pre 3.25.0,one,no,Pre 3.25.0,one,no,,0,no,,,,,,
5cc5ac2c34fa,Belt of the Deceiver,Heavy Belt,Standard,1,2,2,Current,one,no,Current,one,no,,0,no,,,,,,
c1876e3a09f4,Shaper's Touch,Crusader Gloves,Standard,1,4,4,Pre 3.28.0,one,no,Pre 3.28.0,one,no,,0,no,,,,,,
18dd6dfcf083,Natural Hierarchy,Rotfeather Talisman,Standard,1,2,2,,none,no,,none,no,,0,no,,,,,no-text-match,0.5% of Lightning Damage Leeched as Life
f1380d10383f,Second Piece of Brutality,Imperial Staff Piece,Standard,0,0,0,,unbound,no,,unbound,no,,0,no,,,,,,
1a41b465e492,Mercenary's Lot,Slink Gloves,Standard,1,2,2,,none,no,,none,no,,0,no,,,,,no-text-match,5% increased maximum Life
3f11f373a784,Deerstalker,Deerskin Boots,Standard,1,3,3,,none,no,,none,no,,0,no,,,,,no-text-match,4% increased maximum Life
947de0f029af,Ngamahu's Sign,Ruby Ring,Standard,1,4,4,,none,no,,none,no,,0,no,,,,,no-text-match,Grants Level 21 Anger Skill
49c82ba9e65c,Willowgift,Jade Amulet,Standard,1,1,1,,none,no,,none,no,,0,no,,,,,no-text-match,0.5% of Cold Damage Leeched as Life
fda40d9baff6,Greed's Embrace,Golden Plate,Standard,1,2,2,Pre 3.25.0,one,no,Pre 3.25.0,one,no,,0,no,,,,,,
0ac247ddd474,Rise of the Phoenix,Mosaic Kite Shield,Standard,1,4,4,,none,no,,none,no,,0,no,,,,,no-text-match,8% of Physical Damage from Hits taken as Chaos Damage
0021b0d57ffa,Storm's Gift,Assassin's Mitts,Standard,1,1,1,,none,no,,none,no,,0,no,,,,,no-text-match,Minions have 7% increased maximum Life
d29e74df96c0,White Wind,Imperial Skean,Standard,1,3,3,,none,no,,none,no,,0,no,,,,,no-text-match,56% increased Damage over Time
61e60cdede5a,The Restless Ward,Carnal Armour,Standard,1,3,3,Current,one,no,Current,one,no,,0,no,,,,,,
4cbbb719c3c4,Stormseeker,Ambush Mitts,Standard,1,1,1,,none,no,,none,no,,0,no,,,,,no-text-match,+2 to Level of Socketed Minion Gems
72b2497a2b34,Chin Sol,Assassin Bow,Standard,1,7,7,,none,no,,none,no,,0,no,,,,,no-text-match,9% chance to gain a Frenzy Charge on Kill
0e4c17069f46,Vis Mortis,Necromancer Silks,Standard,1,3,3,,none,no,,none,no,,0,no,,,,,no-text-match,5% increased maximum Energy Shield
931ae1459c1e,Voidbringer,Conjurer Gloves,Standard,1,4,4,,none,no,,none,no,,0,no,,,,,no-text-match,Curse Enemies with Elemental Weakness on Hit
2b14c6d98c9a,Belt of the Deceiver,Heavy Belt,Standard,1,2,2,Current,one,no,Current,one,no,,0,no,,,,,,
1b8479dcef60,Deerstalker,Deerskin Boots,Standard,1,3,3,,none,no,,none,no,,0,no,,,,,no-text-match,4% increased maximum Energy Shield
45b7ff43b9da,The Highwayman,Gold Ring,Standard,1,2,2,,none,no,,none,no,,0,no,,,,,no-text-match,Adds 8 to 18 Fire Damage to Spells and Attacks
46c0eae36c83,Eber's Unification,Hubris Circlet,Standard,1,1,1,,none,no,,none,no,,0,no,,,,,no-text-match,+2 to Level of Socketed Duration Gems
972bb26b6f42,The Fledgling,Lacquered Helmet,Standard,1,1,1,only,one,no,only,one,no,,0,no,,,,,,
b51bdc81a731,Circle of Guilt,Iron Ring,Standard,1,7,28,,none,no,,none,no,,0,no,,,,,no-text-match,4% increased Cast Speed
9b1675ed0e33,Feastbind,Rustic Sash,Standard,1,1,1,,none,no,,none,no,,0,no,,,,,no-text-match,40% increased Critical Strike Chance during any Flask Effect
d94afd6aa1c3,Snakebite,Assassin's Mitts,Standard,1,3,3,,none,no,,none,no,,0,no,,,,,no-text-match,+1 to Level of Socketed Gems
c641039ce410,Tear of Purity,Lapis Amulet,Standard,1,3,3,,none,no,,none,no,,0,no,,,,,no-text-match,Hatred has 15% increased Aura Effect
cf436c60278c,Circle of Regret,Topaz Ring,Standard,1,7,28,,none,no,,none,no,,0,no,,,,,no-text-match,+12 to Strength
12fcfcba80ce,Black Sun Crest,Lacquered Helmet,Standard,1,1,1,only,one,no,only,one,no,,0,no,,,enchantMods,,,
610b9c179208,Iron Commander,Death Bow,Standard,1,1,1,only,one,no,only,one,no,,0,no,,,crucibleMods,,,
746596b769e3,The Ivory Tower,Saint's Hauberk,Standard,1,1,1,only,one,no,only,one,no,,0,no,,,,,,
089091c80211,Shaper's Touch,Crusader Gloves,Standard,1,4,4,Pre 3.28.0,one,no,Pre 3.28.0,one,no,,0,no,,,,,,
9ffa4726ac3b,Split Personality,Crimson Jewel,Standard,1,9,45,,none,no,Strength | Armour,one,no,selection,0,no,,,,,,
188a8eebbbc8,The Stampede,Assassin's Boots,Standard,1,1,1,,none,no,,none,no,,0,no,,,,,variant-line-not-displayed,This item can be anointed by Cassia
795a314cd668,Coruscating Elixir,Ruby Flask,Standard,1,3,3,Current,one,no,Current,one,no,,0,no,,,enchantMods;utilityMods,,,
23abd038a25d,Astramentis,Onyx Amulet,Standard,1,1,1,,none,no,only,one,no,catalyst,2,yes,Attribute,20,enchantMods,,,
28980acfc82b,Brutal Restraint,Timeless Jewel,Standard,1,4,4,Balbala (The Traitor),one,no,Balbala (The Traitor),one,no,,0,no,,,,,,
d8b3ff5684ce,Rathpith Globe,Titanium Spirit Shield,Standard,1,5,5,Pre 3.29.0,one,no,Pre 3.29.0,one,no,,0,no,,,,,,
6503e1501703,Crown of the Inward Eye,Prophet Crown,Standard,1,1,1,only,one,no,only,one,no,,0,no,,,,,,
760722b864ed,Cyclopean Coil,Leather Belt,Standard,1,1,1,only,one,no,only,one,no,,0,no,,,,,,
1713f01ebabf,The Poet's Pen,Carved Wand,Standard,1,2,2,Pre 3.27.0,one,no,Pre 3.27.0,one,no,,0,no,,,,,,
82e637154b8d,Saffell's Frame,Branded Kite Shield,Standard,1,4,4,,none,no,,none,no,,0,no,,,,,no-text-match,You take 28% reduced Extra Damage from Critical Strikes
a4627f8f2d38,Haemophilia,Serpentscale Gauntlets,Standard,1,1,1,,none,no,,none,no,,0,no,,,,,no-text-match,Curse Enemies with Vulnerability on Hit
022c26224d15,Ralakesh's Impatience,Riveted Boots,Standard,1,5,5,Pre 3.26.0,one,no,Pre 3.26.0,one,no,,0,no,,,,,,
b7972ebc0a37,Brutal Restraint,Timeless Jewel,Standard,1,4,4,Balbala (The Traitor),one,no,Balbala (The Traitor),one,no,,0,no,,,,,,
4653a62709ab,Meginord's Vise,Steel Gauntlets,Standard,1,4,4,Current,one,no,Current,one,no,,0,no,,,,,,
eb46a47c887e,Rainbowstride,Conjurer Boots,Standard,1,6,6,Current,one,no,Current,one,no,,0,no,,,,,,
35359ad9806d,The Siege,Small Cluster Jewel,Standard,1,1,1,only,one,no,only,one,no,,0,no,,,,,,
17ac47a4c6a6,Mark of Submission,Unset Ring,Standard,1,1,1,only,one,no,only,one,no,,0,no,,,,,,
166bc18f5db0,Rearguard,Blunt Arrow Quiver,Standard,1,2,2,Current,one,no,Current,one,no,,0,no,,,,,,
f269335f609b,Widowhail,Crude Bow,Standard,1,1,1,only,one,no,only,one,no,,0,no,,,,,,
0bd9bcdee492,Carcass Jack,Varnished Coat,Standard,1,3,3,Current,one,no,Current,one,no,,0,no,,,,,,
b06cbe1e7064,Mark of Submission,Unset Ring,Standard,1,1,1,only,one,no,only,one,no,,0,no,,,,,,
cfca0dc17be2,Devoto's Devotion,Nightmare Bascinet,Standard,1,1,1,only,one,no,only,one,no,,0,no,,,,,,
eff8b994d615,Ming's Heart,Amethyst Ring,Standard,1,4,4,,none,no,Current,one,no,catalyst,2,yes,Physical and Chaos Damage,20,enchantMods,,,
b83d4e3761b0,Elegant Hubris,Timeless Jewel,Standard,1,4,4,Caspiro (Supreme Ostentation),one,no,Caspiro (Supreme Ostentation),one,no,,0,no,,,,,,
f6e9ca9da03d,Elegant Hubris,Timeless Jewel,Standard,1,4,4,Caspiro (Supreme Ostentation),one,no,Caspiro (Supreme Ostentation),one,no,,0,no,,,,,,
cd6ec090aee6,Dialla's Malefaction,Sage's Robe,Standard,1,2,2,,none,no,,none,no,,0,no,,,,,number-outside-range,Gems Socketed in Green Sockets have +30% to Quality
ccd2de845901,Militant Faith,Timeless Jewel,Standard,1,20,1350,,none,no,Avarius (Power of Purpose) | Effect of non-Damaging Ailments | Skill Cost (Pre 3.29.0),one,no,selection,0,no,,,,,,
db15b0230c26,Dendrobate,Sentinel Jacket,Standard,1,1,1,only,one,no,only,one,no,,0,no,,,,,,
a29af65266ee,Circle of Nostalgia,Amethyst Ring,Standard,1,7,28,,none,no,,none,no,,0,no,,,,,no-text-match,13% increased Fire Damage
5fb962cf2a72,Lochtonial Caress,Iron Gauntlets,Standard,1,3,3,,none,no,,none,no,,0,no,,,,,no-text-match,Curse Enemies with Temporal Chains on Hit
b533c1be991f,Lifesprig,Driftwood Wand,Standard,1,1,1,,none,no,,none,no,,0,no,,,,,no-text-match,Regenerate 6 Life over 1 second when you Cast a Spell
3327d773884a,Maloney's Mechanism,Ornate Quiver,Standard,1,1,1,only,one,no,only,one,no,,0,no,,,,,,
7d31c00589d8,Honourhome,Soldier Helmet,Standard,1,4,4,,none,no,,none,no,,0,no,,,,,no-text-match,+2 to Level of Socketed Lightning Gems
326a1657015b,Lifesprig,Driftwood Wand,Standard,1,1,1,,none,no,,none,no,,0,no,,,,,no-text-match,Regenerate 8 Life over 1 second when you Cast a Spell
009edb2b4f57,Dendrobate,Sentinel Jacket,Standard,1,1,1,only,one,no,only,one,no,,0,no,,,,,,
9fad94724ac5,Starkonja's Head,Silken Hood,Standard,1,2,2,Current,one,no,Current,one,no,,0,no,,,,,,
187e04a28eae,Forbidden Flame,Crimson Jewel,Standard,0,0,0,,unbound,no,,unbound,no,,0,no,,,,,,
f1eb82ac9fe4,Forbidden Flame,Crimson Jewel,Standard,0,0,0,,unbound,no,,unbound,no,,0,no,,,,,,
aa515dbef5f9,Forbidden Flesh,Cobalt Jewel,Standard,0,0,0,,unbound,no,,unbound,no,,0,no,,,,,,
3de042d5e9f2,Forbidden Flesh,Cobalt Jewel,Standard,0,0,0,,unbound,no,,unbound,no,,0,no,,,,,,
5e030bdaab7e,Forbidden Flame,Crimson Jewel,Standard,0,0,0,,unbound,no,,unbound,no,,0,no,,,,,,
6cfdf1fb8612,Forbidden Flame,Crimson Jewel,Standard,0,0,0,,unbound,no,,unbound,no,,0,no,,,,,,
1c45e0d342f4,Forbidden Flesh,Cobalt Jewel,Standard,0,0,0,,unbound,no,,unbound,no,,0,no,,,,,,
3a845d7d081e,Forbidden Flame,Crimson Jewel,Standard,0,0,0,,unbound,no,,unbound,no,,0,no,,,,,,
64ca6f0f4c7a,Forbidden Flesh,Cobalt Jewel,Standard,0,0,0,,unbound,no,,unbound,no,,0,no,,,,,,
701c741b2676,Forbidden Flesh,Cobalt Jewel,Standard,0,0,0,,unbound,no,,unbound,no,,0,no,,,,,,
4be5a04633a9,Forbidden Flame,Crimson Jewel,Standard,0,0,0,,unbound,no,,unbound,no,,0,no,,,,,,
bc6c6faa0968,Forbidden Flame,Crimson Jewel,Standard,0,0,0,,unbound,no,,unbound,no,,0,no,,,,,,
c8d9abd63de9,Forbidden Flesh,Cobalt Jewel,Standard,0,0,0,,unbound,no,,unbound,no,,0,no,,,,,,
fed6544917e9,Forbidden Flame,Crimson Jewel,Standard,0,0,0,,unbound,no,,unbound,no,,0,no,,,,,,
ee010cb2b61b,Forbidden Flesh,Cobalt Jewel,Standard,0,0,0,,unbound,no,,unbound,no,,0,no,,,,,,
acc04655296f,Forbidden Flesh,Cobalt Jewel,Standard,0,0,0,,unbound,no,,unbound,no,,0,no,,,,,,
734ffccc23ef,Forbidden Flesh,Cobalt Jewel,Standard,0,0,0,,unbound,no,,unbound,no,,0,no,,,,,,
502102b58870,Forbidden Flesh,Cobalt Jewel,Standard,0,0,0,,unbound,no,,unbound,no,,0,no,,,,,,
c478b743ac75,Forbidden Flesh,Cobalt Jewel,Standard,0,0,0,,unbound,no,,unbound,no,,0,no,,,,,,
e9a37b90cd39,Forbidden Flesh,Cobalt Jewel,Standard,0,0,0,,unbound,no,,unbound,no,,0,no,,,,,,
3e2eba2ffd44,Forbidden Flesh,Cobalt Jewel,Standard,0,0,0,,unbound,no,,unbound,no,,0,no,,,,,,
1994a5e7b6c0,Forbidden Flesh,Cobalt Jewel,Standard,0,0,0,,unbound,no,,unbound,no,,0,no,,,,,,
be416da81a36,Forbidden Flame,Crimson Jewel,Standard,0,0,0,,unbound,no,,unbound,no,,0,no,,,,,,
3104b8459ae8,Forbidden Flame,Crimson Jewel,Standard,0,0,0,,unbound,no,,unbound,no,,0,no,,,,,,
3ea07a0e77fa,Forbidden Flesh,Cobalt Jewel,Standard,0,0,0,,unbound,no,,unbound,no,,0,no,,,,,,
6fdaae446475,Forbidden Flesh,Cobalt Jewel,Standard,0,0,0,,unbound,no,,unbound,no,,0,no,,,,,,
3e0767a9180a,Forbidden Flame,Crimson Jewel,Standard,0,0,0,,unbound,no,,unbound,no,,0,no,,,,,,
863c7fe4c4cf,Forbidden Flame,Crimson Jewel,Standard,0,0,0,,unbound,no,,unbound,no,,0,no,,,,,,
6e2471d60c43,Forbidden Flesh,Cobalt Jewel,Standard,0,0,0,,unbound,no,,unbound,no,,0,no,,,,,,
bb1b68c12cdc,Forbidden Flesh,Cobalt Jewel,Standard,0,0,0,,unbound,no,,unbound,no,,0,no,,,,,,
7e69071cfa0f,Forbidden Flame,Crimson Jewel,Standard,0,0,0,,unbound,no,,unbound,no,,0,no,,,,,,
72dde7f7aef3,Forbidden Flesh,Cobalt Jewel,Standard,0,0,0,,unbound,no,,unbound,no,,0,no,,,,,,
1478a7474fc7,Forbidden Flame,Crimson Jewel,Standard,0,0,0,,unbound,no,,unbound,no,,0,no,,,,,,
75efdbfe9f98,Forbidden Flesh,Cobalt Jewel,Standard,0,0,0,,unbound,no,,unbound,no,,0,no,,,,,,
90ce62ad4bd7,Forbidden Flesh,Cobalt Jewel,Standard,0,0,0,,unbound,no,,unbound,no,,0,no,,,,,,
788230ffcee3,Forbidden Flesh,Cobalt Jewel,Standard,0,0,0,,unbound,no,,unbound,no,,0,no,,,,,,
8eec6d66e0e7,Forbidden Flesh,Cobalt Jewel,Standard,0,0,0,,unbound,no,,unbound,no,,0,no,,,,,,
ffabda74d33b,Forbidden Flesh,Cobalt Jewel,Standard,0,0,0,,unbound,no,,unbound,no,,0,no,,,,,,
ecca3b0df3a0,Forbidden Flesh,Cobalt Jewel,Standard,0,0,0,,unbound,no,,unbound,no,,0,no,,,,,,
7bd4740a39d0,Forbidden Flesh,Cobalt Jewel,Standard,0,0,0,,unbound,no,,unbound,no,,0,no,,,,,,
0d192cb4f000,Forbidden Flame,Crimson Jewel,Standard,0,0,0,,unbound,no,,unbound,no,,0,no,,,,,,
8dae32657ce1,Forbidden Flame,Crimson Jewel,Standard,0,0,0,,unbound,no,,unbound,no,,0,no,,,,,,
c9eb01b252ff,Forbidden Flame,Crimson Jewel,Standard,0,0,0,,unbound,no,,unbound,no,,0,no,,,,,,
043eb1ebe0e7,Forbidden Flesh,Cobalt Jewel,Standard,0,0,0,,unbound,no,,unbound,no,,0,no,,,,,,
b16635e9acd1,Forbidden Flesh,Cobalt Jewel,Standard,0,0,0,,unbound,no,,unbound,no,,0,no,,,,,,
0d2cdad8eed6,Forbidden Flame,Crimson Jewel,Standard,0,0,0,,unbound,no,,unbound,no,,0,no,,,,,,
685d85fc189c,Forbidden Flame,Crimson Jewel,Standard,0,0,0,,unbound,no,,unbound,no,,0,no,,,,,,
27c912e185fb,Forbidden Flame,Crimson Jewel,Standard,0,0,0,,unbound,no,,unbound,no,,0,no,,,,,,
a85160629943,Forbidden Flame,Crimson Jewel,Standard,0,0,0,,unbound,no,,unbound,no,,0,no,,,,,,
97ec2533dd58,Forbidden Flame,Crimson Jewel,Standard,0,0,0,,unbound,no,,unbound,no,,0,no,,,,,,
e950666a2785,Forbidden Flesh,Cobalt Jewel,Standard,0,0,0,,unbound,no,,unbound,no,,0,no,,,,,,
c7b0d44696bd,Forbidden Flesh,Cobalt Jewel,Standard,0,0,0,,unbound,no,,unbound,no,,0,no,,,,,,
73012d3c1d2b,Forbidden Flame,Crimson Jewel,Standard,0,0,0,,unbound,no,,unbound,no,,0,no,,,,,,
f83a4f5a93ee,Forbidden Flame,Crimson Jewel,Standard,0,0,0,,unbound,no,,unbound,no,,0,no,,,,,,
947383f90c25,Forbidden Flame,Crimson Jewel,Standard,0,0,0,,unbound,no,,unbound,no,,0,no,,,,,,
197861f83be3,Forbidden Flame,Crimson Jewel,Standard,0,0,0,,unbound,no,,unbound,no,,0,no,,,,,,
e20d7be591b2,Forbidden Flesh,Cobalt Jewel,Standard,0,0,0,,unbound,no,,unbound,no,,0,no,,,,,,
91817122e6db,Forbidden Flame,Crimson Jewel,Standard,0,0,0,,unbound,no,,unbound,no,,0,no,,,,,,
29cd71e692dc,Forbidden Flame,Crimson Jewel,Standard,0,0,0,,unbound,no,,unbound,no,,0,no,,,,,,
11b655e0db52,Forbidden Flame,Crimson Jewel,Standard,0,0,0,,unbound,no,,unbound,no,,0,no,,,,,,
6612e016aef2,Forbidden Flesh,Cobalt Jewel,Standard,0,0,0,,unbound,no,,unbound,no,,0,no,,,,,,
f7eb19c30b97,Forbidden Flame,Crimson Jewel,Standard,0,0,0,,unbound,no,,unbound,no,,0,no,,,,,,
fc80bbd6ad16,Forbidden Flame,Crimson Jewel,Standard,0,0,0,,unbound,no,,unbound,no,,0,no,,,,,,
aedfbfb4213e,Forbidden Flesh,Cobalt Jewel,Standard,0,0,0,,unbound,no,,unbound,no,,0,no,,,,,,
649ba3ff2d1b,Forbidden Flesh,Cobalt Jewel,Standard,0,0,0,,unbound,no,,unbound,no,,0,no,,,,,,
3e654b147829,Forbidden Flame,Crimson Jewel,Standard,0,0,0,,unbound,no,,unbound,no,,0,no,,,,,,
3f766c86a45e,Forbidden Flame,Crimson Jewel,Standard,0,0,0,,unbound,no,,unbound,no,,0,no,,,,,,
5160f7ebf9d7,Forbidden Flame,Crimson Jewel,Standard,0,0,0,,unbound,no,,unbound,no,,0,no,,,,,,
33a91e7b9b16,Forbidden Flame,Crimson Jewel,Standard,0,0,0,,unbound,no,,unbound,no,,0,no,,,,,,
c42b7c5ed7f0,Forbidden Flesh,Cobalt Jewel,Standard,0,0,0,,unbound,no,,unbound,no,,0,no,,,,,,
2f5b8e5c8ed8,El'Abin's Visage,Fencer Helm,Standard,1,1,1,only,one,no,only,one,no,,0,no,,,crucibleMods,,,
149b3ad1088a,Brutus' Lead Sprinkler,Ritual Sceptre,Standard,1,4,4,Current,one,no,Current,one,no,,0,no,,,crucibleMods,,,
40a5b19a854a,Twyzel,Sage Wand,Standard,1,3,3,Pre 2.27.0,one,no,Pre 2.27.0,one,no,,0,no,,,crucibleMods,,,
67f4d852ed4b,Gorebreaker,Spiked Club,Standard,1,2,2,,none,no,,none,no,,0,no,,,crucibleMods,,no-text-match,Extra gore
b18d1622b488,Singularity,Platinum Sceptre,Standard,1,4,4,Pre 3.29.0,one,no,Pre 3.29.0,one,no,,0,no,,,crucibleMods,,,
7657be00e409,Obliteration,Imbued Wand,Standard,1,6,6,Pre 3.27.0,one,no,Pre 3.27.0,one,no,,0,no,,,crucibleMods,,,
580b07bae396,The Annihilating Light,Quarterstaff,Standard,1,2,2,Pre 3.25.0,one,no,Pre 3.25.0,one,no,,0,no,,,crucibleMods,,,
c3647a5cc970,Obliteration,Imbued Wand,Standard,1,6,6,Pre 3.21.0;Pre 3.27.0,several,no,Pre 3.21.0;Pre 3.27.0,several,no,,0,no,,,crucibleMods,,,
7f53259466b6,The Annihilating Light,Quarterstaff,Standard,1,2,2,Pre 3.25.0,one,no,Pre 3.25.0,one,no,,0,no,,,crucibleMods,,,
411e97e384a5,The Geomantic Gyre,Highborn Staff,Standard,1,2,2,Pre 3.25.0,one,no,Pre 3.25.0,one,no,,0,no,,,crucibleMods,,,
cf3973f7c3e1,Obliteration,Imbued Wand,Standard,1,6,6,Pre 3.27.0,one,no,Pre 3.27.0,one,no,,0,no,,,crucibleMods,,,
2dd55d29d9b7,Transcendent Spirit,Viridian Jewel,Standard,1,2,2,Current,one,no,Current,one,no,,0,no,,,,,,
2ac00d9491ef,Queen of the Forest,Destiny Leather,Standard,1,2,2,Current,one,no,Current,one,no,,0,no,,,,,,
cee2169ea3e7,Astramentis,Onyx Amulet,Standard,1,1,1,,none,no,only,one,no,catalyst,2,yes,Attribute,17,,,,
fb8faafd143b,Pure Talent,Viridian Jewel,Standard,1,2,2,,none,no,,none,no,,0,no,,,,,no-text-match,Corrupted Blood cannot be inflicted on you
01752c110b78,Mjölner,Gavel,Standard,1,5,5,Current,one,no,Current,one,no,,0,no,,,,,,
f5bed3a9ce1e,The Retch,Rustic Sash,Standard,1,1,1,only,one,no,only,one,no,,0,no,,,,,,
50895a155c44,The Hidden Blade,Ambusher,Standard,1,1,1,only,one,no,only,one,no,,0,no,,,,,,
bc1f65a39379,Transcendent Spirit,Viridian Jewel,Standard,1,2,2,Current,one,no,Current,one,no,,0,no,,,,,,
c4c44801ffa7,Voll's Vision,Praetor Crown,Standard,1,2,2,Current,one,no,Current,one,no,,0,no,,,enchantMods,,,
2704de064692,Efficient Training,Crimson Jewel,Standard,1,2,2,Current;Pre 3.20.0,several,yes,Current;Pre 3.20.0,several,yes,,0,no,,,,,,
2cfa3115dc43,Kaom's Spirit,Titan Gauntlets,Standard,1,3,3,Pre 3.23.0,one,no,Pre 3.23.0,one,no,,0,no,,,,,,
87a4764aebaa,Brutal Restraint,Timeless Jewel,Standard,1,4,4,Balbala (The Traitor),one,no,Balbala (The Traitor),one,no,,0,no,,,,,,
d7d2eb1f7ef3,Transcendent Spirit,Viridian Jewel,Standard,1,2,2,Current,one,no,Current,one,no,,0,no,,,,,,
9f0fd2ea4342,Hinekora's Sight,Onyx Amulet,Standard,1,3,3,Pre 3.37.0,one,no,Pre 3.37.0,one,no,,0,no,,,enchantMods,,,
9e4f7a5407bc,Immortal Flesh,Leather Belt,Standard,1,4,4,Current,one,no,Current,one,no,,0,no,,,,,,
a71fd08c812f,Skin of the Lords,Simple Robe,Standard,0,0,0,,unbound,no,,unbound,no,,0,no,,,,,,
73bd59f2313f,Crown of the Inward Eye,Prophet Crown,Standard,1,1,1,only,one,no,only,one,no,,0,no,,,enchantMods,,,
62bbaee8470b,Abyssus,Ezomyte Burgonet,Standard,1,3,3,Current;Pre 2.2.0,several,yes,Current;Pre 2.2.0,several,yes,,0,no,,,enchantMods,,,
607bcdf6554c,The Eternal Struggle,Onyx Amulet,Standard,1,1,1,,none,no,,none,no,,0,no,,,,,no-text-match,"While a Unique Enemy is in your Presence, 25% increased Evasion Rating"
52556d76222e,The Eternal Struggle,Onyx Amulet,Standard,1,1,1,,none,no,,none,no,,0,no,,,,,no-text-match,7% increased Life Regeneration rate
fb80a18756cc,Mask of the Tribunal,Magistrate Crown,Standard,1,3,3,,none,no,,none,no,,0,no,,,,,no-text-match,Regenerate 17.8 Life per second
a1e66fc74ba9,Alpha's Howl,Sinner Tricorne,Standard,1,1,1,only,one,no,only,one,no,,0,no,,,,,,
6fc8b406c433,Geofri's Crest,Great Crown,Standard,1,3,3,Current,one,no,Current,one,no,,0,no,,,,,,
4446e960249f,Crown of Eyes,Hubris Circlet,Standard,1,2,2,Current,one,no,Current,one,no,,0,no,,,,,,
5ecaf51cc403,The Fledgling,Lacquered Helmet,Standard,1,1,1,only,one,no,only,one,no,,0,no,,,,,,
721987fec10a,First Piece of the Arcane,Legion Sword Piece,Standard,0,0,0,,unbound,no,,unbound,no,,0,no,,,,,,
130d3c046928,Death Rush,Amethyst Ring,Standard,1,3,3,Pre 3.19.0,one,no,Pre 3.19.0,one,no,,0,no,,,,,,
fedc04fac116,Crown of Eyes,Hubris Circlet,Standard,1,2,2,Current,one,no,Current,one,no,,0,no,,,,,,
94055f0d664f,Kitava's Thirst,Zealot Helmet,Standard,1,2,2,Current,one,no,Current,one,no,,0,no,,,,,,
3566324bd782,Ancient Skull,Bone Helmet,Standard,1,1,1,only,one,no,only,one,no,,0,no,,,,,,
87ddf8476b42,The Three Dragons,Golden Mask,Standard,1,1,1,only,one,no,only,one,no,,0,no,,,,,,
715660354868,Wraithlord,Bone Circlet,Standard,1,3,3,Pre 3.19.0,one,no,Pre 3.19.0,one,no,,0,no,,,,,,
b2d77edefbc5,The Bringer of Rain,Nightmare Bascinet,Standard,1,5,5,Pre 3.19.0,one,no,Pre 3.19.0,one,no,,0,no,,,,,,
bc17be72bdc5,Obscurantis,Lion Pelt,Standard,1,2,2,Current,one,no,Current,one,no,,0,no,,,,,,
69d6dc1d07a8,Eye of Malice,Callous Mask,Standard,1,1,1,only,one,no,only,one,no,,0,no,,,,,,
254525651de8,Abyssus,Ezomyte Burgonet,Standard,1,3,3,Current;Pre 2.2.0,several,yes,Current;Pre 2.2.0,several,yes,,0,no,,,,,,
71fbe975540c,Rime Gaze,Mind Cage,Standard,1,6,6,Pre 3.19.0,one,no,Pre 3.19.0,one,no,,0,no,,,,,,
af72df2ec64c,Darkness Enthroned,Stygian Vise,Standard,1,3,3,Current;Pre 3.21.0,several,yes,Current;Pre 3.21.0,several,yes,,0,no,,,,,,
5ef79ab7ccda,Speaker's Wreath,Prophet Crown,Standard,1,1,1,only,one,no,only,one,no,,0,no,,,,,,
00b30d198c3f,The Broken Crown,Prophet Crown,Standard,1,3,3,Current,one,no,Current,one,no,,0,no,,,,,,
3b5e57e2f404,Geofri's Crest,Great Crown,Standard,1,3,3,Pre 3.19.0,one,no,Pre 3.19.0,one,no,,0,no,,,,,,
4cb8260377d8,Eber's Unification,Hubris Circlet,Standard,1,1,1,,none,no,,none,no,,0,no,,,,,number-outside-range,161% increased Energy Shield
56ac1610f312,Obscurantis,Lion Pelt,Standard,1,2,2,Current,one,no,Current,one,no,,0,no,,,,,,
cb89697ba0e1,Eber's Unification,Hubris Circlet,Standard,1,1,1,,none,no,,none,no,,0,no,,,,,number-outside-range,164% increased Energy Shield
ca370c8c0286,Starkonja's Head,Silken Hood,Standard,1,2,2,Current,one,no,Current,one,no,,0,no,,,,,,
d1894b18d9ee,The Bringer of Rain,Nightmare Bascinet,Standard,1,5,5,Pre 3.19.0,one,no,Pre 3.19.0,one,no,,0,no,,,,,,
0bfb61be00f5,Ahn's Contempt,Praetor Crown,Standard,1,1,1,only,one,no,only,one,no,,0,no,,,,,,
07a3f25b625f,Skullhead,Secutor Helm,Standard,1,3,3,Pre 3.19.0,one,no,Pre 3.19.0,one,no,,0,no,,,,,,
5610eece1426,Lightpoacher,Great Crown,Standard,1,4,4,One Abyssal Socket (Pre 3.21.0),one,no,One Abyssal Socket (Pre 3.21.0),one,no,,0,no,,,,,,
df732fa8ba1d,Skullhead,Secutor Helm,Standard,1,3,3,Pre 3.19.0,one,no,Pre 3.19.0,one,no,,0,no,,,,,,
93525d9cc827,Leer Cast,Festival Mask,Standard,1,2,2,Pre 3.19.0,one,no,Pre 3.19.0,one,no,,0,no,,,,,,
9d88fcd24f0a,The Broken Crown,Prophet Crown,Standard,1,3,3,Current,one,no,Current,one,no,,0,no,,,,,,
b0eacd053617,Obscurantis,Lion Pelt,Standard,1,2,2,Current,one,no,Current,one,no,,0,no,,,,,,
9c2d8323aac3,Darkness Enthroned,Stygian Vise,Standard,1,3,3,Current;Pre 3.21.0,several,yes,Current;Pre 3.21.0,several,yes,,0,no,,,,,,
c13c258a8069,Heatshiver,Leather Hood,Standard,1,4,4,Pre 3.19.0,one,no,Pre 3.19.0,one,no,,0,no,,,,,,
ea930d19700e,The Baron,Close Helmet,Standard,1,2,2,Current,one,no,Current,one,no,,0,no,,,,,,
c3b86f2ad0d7,Geofri's Crest,Great Crown,Standard,1,3,3,Pre 3.19.0,one,no,Pre 3.19.0,one,no,,0,no,,,,,,
3ed49a503978,Speaker's Wreath,Prophet Crown,Standard,1,1,1,only,one,no,only,one,no,,0,no,,,,,,
4e4775d1ae72,Speaker's Wreath,Prophet Crown,Standard,1,1,1,only,one,no,only,one,no,,0,no,,,,,,
bb42e9a1bfc1,Mask of the Tribunal,Magistrate Crown,Standard,1,3,3,,none,no,,none,no,,0,no,,,,,no-text-match,+9 to Strength
b864cdbdfdd0,The Broken Crown,Prophet Crown,Standard,1,3,3,Current,one,no,Current,one,no,,0,no,,,,,,
5a8a2592e7f3,Asenath's Chant,Iron Circlet,Standard,1,2,2,Current,one,no,Current,one,no,,0,no,,,,,,
befc1cbac6d1,Wraithlord,Bone Circlet,Standard,1,3,3,Pre 3.19.0,one,no,Pre 3.19.0,one,no,,0,no,,,,,,
79368506d3d1,The Gull,Raven Mask,Standard,1,4,4,Pre 3.0.0;Pre 3.29.0,several,no,Pre 3.0.0;Pre 3.29.0,several,no,,0,no,,,,,,
42bfb3be5d67,Fractal Thoughts,Vaal Mask,Standard,1,1,1,only,one,no,only,one,no,,0,no,,,,,,
e2b418e118a3,Viridi's Veil,Praetor Crown,Standard,1,1,1,only,one,no,only,one,no,,0,no,,,,,,
b2c3f2e7e3e8,Starkonja's Head,Silken Hood,Standard,1,2,2,Current,one,no,Current,one,no,,0,no,,,,,,
05905315bc9c,Wraithlord,Bone Circlet,Standard,1,3,3,Pre 3.19.0,one,no,Pre 3.19.0,one,no,,0,no,,,,,,
23331ed7950e,Malachai's Simula,Iron Mask,Standard,1,6,6,Pre 3.17.0;Pre 3.19.0;Pre 3.7.0,several,no,Pre 3.17.0;Pre 3.19.0;Pre 3.7.0,several,no,,0,no,,,,,,
3365ab8ffd3c,Rime Gaze,Mind Cage,Standard,1,6,6,Pre 3.19.0,one,no,Pre 3.19.0,one,no,,0,no,,,,,,
3516678f719b,Assailum,Sinner Tricorne,Standard,1,2,2,Pre 3.21.0,one,no,Pre 3.21.0,one,no,,0,no,,,,,,
a67f3a723a3b,The Gull,Raven Mask,Standard,1,4,4,Pre 3.0.0;Pre 3.29.0,several,no,Pre 3.0.0;Pre 3.29.0,several,no,,0,no,,,,,,
de92a1868f7a,Maw of Conquest,Steel Circlet,Standard,1,1,1,,none,no,,none,no,,0,no,,,,,no-text-match,78% increased Spell Critical Strike Chance
335a9efd91d7,Frostferno,Leather Hood,Standard,1,1,1,only,one,no,only,one,no,,0,no,,,,,,
f51f2dfef135,Heretic's Veil,Deicide Mask,Standard,1,4,4,,none,no,,none,no,,0,no,,,,,number-outside-range,Socketed Curse Gems have 20% increased Reservation Efficiency
cbeb98cda0f3,Devoto's Devotion,Nightmare Bascinet,Standard,1,1,1,only,one,no,only,one,no,,0,no,,,,,,
c5317bb733e6,Starkonja's Head,Silken Hood,Standard,1,2,2,Current,one,no,Current,one,no,,0,no,,,,,,
4634ac0dee04,The Gull,Raven Mask,Standard,1,4,4,Pre 3.0.0;Pre 3.29.0,several,no,Pre 3.0.0;Pre 3.29.0,several,no,,0,no,,,,,,
1caf159bfeaa,The Vertex,Vaal Mask,Standard,1,1,1,only,one,no,only,one,no,,0,no,,,,,,
67ce094d9753,Malachai's Simula,Iron Mask,Standard,1,6,6,Pre 3.17.0;Pre 3.19.0;Pre 3.7.0,several,no,Pre 3.17.0;Pre 3.19.0;Pre 3.7.0,several,no,,0,no,,,,,,
49de3d7bf939,The Baron,Close Helmet,Standard,1,2,2,Current,one,no,Current,one,no,,0,no,,,,,,
70c133353d34,Starkonja's Head,Silken Hood,Standard,1,2,2,Current,one,no,Current,one,no,,0,no,,,enchantMods,,,
ef845fc9bab2,Starkonja's Head,Silken Hood,Standard,1,2,2,Current,one,no,Current,one,no,,0,no,,,enchantMods,,,
5e568f0bb29e,Memory Vault,Praetor Crown,Standard,1,1,1,only,one,no,only,one,no,,0,no,,,,,,
06c37771dc1f,Asenath's Chant,Iron Circlet,Standard,1,2,2,Current,one,no,Current,one,no,,0,no,,,enchantMods,,,
75b713e761a4,The Fledgling,Lacquered Helmet,Standard,1,1,1,only,one,no,only,one,no,,0,no,,,,,,
dbeaa00b719e,Skullhead,Secutor Helm,Standard,1,3,3,Pre 3.19.0,one,no,Pre 3.19.0,one,no,,0,no,,,,,,
180777c4c1e7,Maw of Conquest,Steel Circlet,Standard,1,1,1,,none,no,,none,no,,0,no,,,,,no-text-match,77% increased Spell Critical Strike Chance
a12631114449,Leer Cast,Festival Mask,Standard,1,2,2,Pre 3.19.0,one,no,Pre 3.19.0,one,no,,0,no,,,,,,
9536371095b7,Ahn's Contempt,Praetor Crown,Standard,1,1,1,only,one,no,only,one,no,,0,no,,,,,,
690997182c9e,The Three Dragons,Golden Mask,Standard,1,1,1,only,one,no,only,one,no,,0,no,,,,,,
fbc6fcb778c0,Wraithlord,Bone Circlet,Standard,1,3,3,Pre 3.19.0,one,no,Pre 3.19.0,one,no,,0,no,,,,,,
b8a5bb424464,Doedre's Scorn,Lunaris Circlet,Standard,1,3,3,Pre 3.19.0,one,no,Pre 3.19.0,one,no,,0,no,,,,,,
a25ac9e15f70,The Gull,Raven Mask,Standard,1,4,4,Pre 3.29.0,one,no,Pre 3.29.0,one,no,,0,no,,,,,,
72b75ccec338,Doedre's Scorn,Lunaris Circlet,Standard,1,3,3,Pre 3.19.0,one,no,Pre 3.19.0,one,no,,0,no,,,,,,
9c83be02302b,The Three Dragons,Golden Mask,Standard,1,1,1,only,one,no,only,one,no,,0,no,,,,,,
d1a9e8786cbb,Darkness Enthroned,Stygian Vise,Standard,1,3,3,Current;Pre 3.21.0,several,yes,Current;Pre 3.21.0,several,yes,,0,no,,,,,,
1951b7f91ba0,Malachai's Simula,Iron Mask,Standard,1,6,6,Pre 3.17.0;Pre 3.19.0;Pre 3.7.0,several,no,Pre 3.17.0;Pre 3.19.0;Pre 3.7.0,several,no,,0,no,,,,,,
af6c74015304,Eye of Malice,Callous Mask,Standard,1,1,1,only,one,no,only,one,no,,0,no,,,,,,
6553bec8ea64,Asenath's Mark,Iron Circlet,Standard,1,3,3,Pre 3.19.0,one,no,Pre 3.19.0,one,no,,0,no,,,,,,
9e35e67609ee,Malachai's Simula,Iron Mask,Standard,1,6,6,Pre 3.17.0;Pre 3.19.0;Pre 3.7.0,several,no,Pre 3.17.0;Pre 3.19.0;Pre 3.7.0,several,no,,0,no,,,,,,
bf130e5024ce,The Broken Crown,Prophet Crown,Standard,1,3,3,Current,one,no,Current,one,no,,0,no,,,,,,
e596bb5578f3,Wraithlord,Bone Circlet,Standard,1,3,3,Pre 3.19.0,one,no,Pre 3.19.0,one,no,,0,no,,,,,,
153ffc1c7e37,Heretic's Veil,Deicide Mask,Standard,1,4,4,,none,no,,none,no,,0,no,,,,,number-outside-range,Socketed Curse Gems have 20% increased Reservation Efficiency
7cb1a6eae867,Starkonja's Head,Silken Hood,Standard,1,2,2,Current,one,no,Current,one,no,,0,no,,,,,,
f5dca0844740,Eye of Malice,Callous Mask,Standard,1,1,1,only,one,no,only,one,no,,0,no,,,,,,
ea5e90e8cac3,Speaker's Wreath,Prophet Crown,Standard,1,1,1,only,one,no,only,one,no,,0,no,,,enchantMods,,,
be5dfd5f4139,Mark of the Red Covenant,Tribal Circlet,Standard,1,3,3,,none,no,,none,no,,0,no,,,,,variant-line-not-displayed,(10-15)% increased Stun and Block Recovery
3a27ac33676a,Kitava's Thirst,Zealot Helmet,Standard,1,2,2,Current,one,no,Current,one,no,,0,no,,,,,,
9fccaee2d0f0,Asenath's Chant,Iron Circlet,Standard,1,2,2,Current,one,no,Current,one,no,,0,no,,,,,,
3fc2915b335c,Darkness Enthroned,Stygian Vise,Standard,1,3,3,Current;Pre 3.21.0,several,yes,Current;Pre 3.21.0,several,yes,,0,no,,,,,,
f0b5205ee3b4,Skullhead,Secutor Helm,Standard,1,3,3,Pre 3.19.0,one,no,Pre 3.19.0,one,no,,0,no,,,enchantMods,,,
0ad25c5359ef,Devoto's Devotion,Nightmare Bascinet,Standard,1,1,1,only,one,no,only,one,no,,0,no,,,enchantMods,,,
22710a3e15f5,Crown of the Inward Eye,Prophet Crown,Standard,1,1,1,only,one,no,only,one,no,,0,no,,,enchantMods,,,
bd6953639e3d,Eye of Malice,Callous Mask,Standard,1,1,1,only,one,no,only,one,no,,0,no,,,enchantMods,,,
d9eb1d60df84,Crown of Eyes,Hubris Circlet,Standard,1,2,2,Current,one,no,Current,one,no,,0,no,,,enchantMods,,,
6106e136517c,Crown of Eyes,Hubris Circlet,Standard,1,2,2,Current,one,no,Current,one,no,,0,no,,,enchantMods,,,
de11e0248d65,Abyssus,Ezomyte Burgonet,Standard,1,3,3,Current;Pre 2.2.0,several,yes,Current;Pre 2.2.0,several,yes,,0,no,,,enchantMods,,,
eb39861c1d0e,Heretic's Veil,Deicide Mask,Standard,1,4,4,,none,no,,none,no,,0,no,,,enchantMods,,number-outside-range,Socketed Curse Gems have 20% increased Reservation Efficiency
c7bb2f2106d8,Dance of the Offered,Carnal Boots,Standard,1,2,2,Current,one,no,Current,one,no,,0,no,,,enchantMods,,,
c255dd79da2a,Abyssus,Ezomyte Burgonet,Standard,1,3,3,Current;Pre 2.2.0,several,yes,Current;Pre 2.2.0,several,yes,,0,no,,,enchantMods,,,
8b1849acfcd9,Viridi's Veil,Praetor Crown,Standard,1,1,1,only,one,no,only,one,no,,0,no,,,enchantMods,,,
4c0f0ab30917,Alpha's Howl,Sinner Tricorne,Standard,1,1,1,only,one,no,only,one,no,,0,no,,,enchantMods,,,
8e14e209437f,Abyssus,Ezomyte Burgonet,Standard,1,3,3,Current;Pre 2.2.0,several,yes,Current;Pre 2.2.0,several,yes,,0,no,,,enchantMods,,,
470c00ecec61,The Devouring Diadem,Necromancer Circlet,Standard,1,38,38,Dexterity and Intelligence Pre 3.26.0,one,no,Dexterity and Intelligence Pre 3.26.0,one,no,,0,no,,,enchantMods,,,
0c9369f9b916,Fortress Covenant,Cobalt Jewel,Standard,1,2,2,Current;Pre 3.20.0,several,yes,Current;Pre 3.20.0,several,yes,,0,no,,,,,,
595dd4a3c81e,Darkness Enthroned,Stygian Vise,Standard,1,3,3,Current;Pre 3.21.0,several,yes,Current;Pre 3.21.0,several,yes,,0,no,,,,,,
fd6721a01a50,Energised Armour,Crimson Jewel,Standard,1,2,2,,none,no,,none,no,,0,no,,,,,no-text-match,Corrupted Blood cannot be inflicted on you
07b64d68673b,Le Heup of All,Iron Ring,Standard,1,2,2,Current,one,no,Current,one,no,,0,no,,,,,,
028b31628543,Geofri's Crest,Great Crown,Standard,1,3,3,,none,no,,none,no,,0,no,,,,,variant-line-not-displayed,+1 to maximum number of Summoned Holy Relics
91d405d0d699,Circle of Guilt,Iron Ring,Standard,1,7,28,,none,no,,none,no,,2,yes,Life and Mana,20,,,no-text-match,14% increased Lightning Damage
02a0ff484dad,Arakaali's Fang,Fiend Dagger,Standard,1,1,1,only,one,no,only,one,no,,0,no,,,,,,
2fab7982e1dc,Circle of Guilt,Iron Ring,Standard,1,7,28,,none,no,,none,no,,2,yes,Life and Mana,20,,,no-text-match,+17 to Strength
383a2fb2726b,Nebulis,Void Sceptre,Standard,1,3,3,,none,no,,none,no,,0,no,,,,,no-text-match,+11% to Cold Resistance
25ff640d591d,Call of the Brotherhood,Two-Stone Ring,Standard,1,2,2,,none,no,Current,one,no,catalyst,3,yes,Elemental Damage,20,,,,
231a22d038ff,Presence of Chayula,Onyx Amulet,Standard,1,1,1,,none,no,only,one,no,catalyst,1,yes,Resistance,20,enchantMods,,,
50ec1532755f,Prism Guardian,Archon Kite Shield,Standard,1,4,4,,none,no,,none,no,,0,no,,,,,number-outside-range,Socketed Gems have 25% increased Reservation Efficiency
5c7d398759fd,Call of the Brotherhood,Two-Stone Ring,Standard,1,2,2,,none,no,Current,one,no,catalyst,3,yes,Elemental Damage,20,,,,
5f5a8deb0aaf,Voices,Large Cluster Jewel,Standard,1,4,4,Adds 7 Small Passive Skills,one,no,Adds 7 Small Passive Skills,one,no,,0,no,,,,,,
6e839e35a02b,Shavronne's Wrappings,Occultist's Vestment,Standard,1,3,3,Current;Pre 3.0.0,several,yes,Current;Pre 3.0.0,several,yes,,0,no,,,,,,
eb7bc9e49335,Survival Instincts,Viridian Jewel,Standard,1,2,2,,none,no,,none,no,,0,no,,,,,no-text-match,2% increased Reservation Efficiency of Skills
cdaf1100eac6,Brutal Restraint,Timeless Jewel,Standard,1,4,4,Asenath (Dance with Death),one,no,Asenath (Dance with Death),one,no,,0,no,,,,,,
91501c3b53fd,Survival Instincts,Viridian Jewel,Standard,1,2,2,,none,no,,none,no,,0,no,,,,,no-text-match,2% increased Reservation Efficiency of Skills
a0ca6bbb2a40,The Torrent's Reclamation,Cloth Belt,Standard,1,2,2,Pre 3.16.0,one,no,Pre 3.16.0,one,no,,1,yes,Caster,20,,,,
962cb2cafe63,Voices,Large Cluster Jewel,Standard,1,4,4,Adds 7 Small Passive Skills,one,no,Adds 7 Small Passive Skills,one,no,,0,no,,,,,,
d12eae33b911,Maligaro's Virtuosity,Deerskin Gloves,Standard,1,4,4,Current,one,no,Current,one,no,,0,no,,,enchantMods,,,
9c5392163946,Victario's Influence,Lacquered Garb,Standard,1,2,2,,none,no,,none,no,,0,no,,,,,number-outside-range,Socketed Gems have 30% increased Reservation Efficiency
f04e85aafe84,Cinderswallow Urn,Silver Flask,Standard,1,18,171,,none,no,,none,no,,0,no,,,utilityMods,crafted,variant-line-not-displayed,You can apply an additional Curse during Effect
d4caf3e89cc2,Doryani's Delusion,Sorcerer Boots,Standard,3,63,63,,none,no,,none,no,,0,no,,,enchantMods,,number-outside-range,Grants Level 25 Purity of Lightning Skill
18277f9dea69,Alpha's Howl,Sinner Tricorne,Standard,1,1,1,only,one,no,only,one,no,,0,no,,,enchantMods,,,
8587f54af706,Triad Grip,Mesh Gloves,Standard,1,2,2,Pre 3.29.0,one,no,Pre 3.29.0,one,no,,0,no,,,enchantMods,,,
c959cb9d64a2,Thread of Hope,Crimson Jewel,Standard,1,5,5,Medium Ring,one,no,Medium Ring,one,no,,0,no,,,,,,
86e21eada1dc,Circle of Anguish,Ruby Ring,Standard,1,7,28,,none,no,,none,no,,0,no,,,,,no-text-match,+12 to all Attributes
56b9bfaaf8b4,Crown of the Inward Eye,Prophet Crown,Standard,1,1,1,only,one,no,only,one,no,,0,no,,,enchantMods,,,
7708cc30a7b7,Coward's Legacy,Chain Belt,Standard,1,1,1,,none,no,only,one,no,catalyst,1,yes,Attribute,20,,,,
d66e2256f7a5,Cerberus Limb,Blood Sceptre,Standard,1,2,2,Current;Pre 3.29.0,several,yes,Current;Pre 3.29.0,several,yes,,0,no,,,,,,
a60316650cea,Forbidden Flame,Crimson Jewel,Standard,0,0,0,,unbound,no,,unbound,no,,0,no,,,,,,
9d46ca3f859e,Forbidden Flesh,Cobalt Jewel,Standard,0,0,0,,unbound,no,,unbound,no,,0,no,,,,,,
40b64934bfbb,Legacy of Fury,Wyrmscale Boots,Standard,1,2,2,Current,one,no,Current,one,no,,0,no,,,enchantMods,,,
6e83d50a6e63,Skin of the Lords,Simple Robe,Standard,0,0,0,,unbound,no,,unbound,no,,0,no,,,,,,
e9e59b8f312f,Thread of Hope,Crimson Jewel,Standard,1,5,5,Large Ring,one,no,Large Ring,one,no,,0,no,,,,,,
4a593f6cd995,Emperor's Vigilance,Steel Kite Shield,Standard,1,2,2,,none,no,,none,no,,0,no,,,,,no-text-match,+4% Chance to Block
f06d6b0c36d9,Viridi's Veil,Praetor Crown,Standard,1,1,1,only,one,no,only,one,no,,0,no,,,enchantMods,,,
92b3416cae07,Impresence,Onyx Amulet,Standard,1,5,5,Chaos,one,no,Chaos,one,no,,0,no,,,enchantMods,,,
7b272b55bcf1,Transcendent Mind,Cobalt Jewel,Standard,1,3,3,Current,one,no,Current,one,no,,0,no,,,,,,
73ee1f3f5114,Glorious Vanity,Timeless Jewel,Standard,1,4,4,Xibaqua (Divine Flesh),one,no,Xibaqua (Divine Flesh),one,no,,0,no,,,,,,
1506fd91eb7e,Death's Oath,Astral Plate,Standard,1,3,3,Current,one,no,Current,one,no,,0,no,,,,,,
6ccb4923099c,Militant Faith,Timeless Jewel,Standard,1,20,1350,,none,no,Avarius (Power of Purpose) | Channelling Damage | Elemental Resistances,one,no,selection,0,no,,,,,,
9f5d6fb8fa14,Windscream,Reinforced Greaves,Standard,1,3,3,Current,one,no,Current,one,no,,0,no,,,,,,
3ae6cff4a957,Doedre's Damning,Paua Ring,Standard,1,2,2,Current,one,no,Current,one,no,,0,no,,,enchantMods,,,
35d2e4eb6204,The Eternal Struggle,Onyx Amulet,Standard,1,1,1,,none,no,,none,no,,0,no,,,enchantMods,,no-text-match,Damage Penetrates 4% Fire Resistance
e03dc571739c,Darkness Enthroned,Stygian Vise,Standard,1,3,3,Current;Pre 3.21.0,several,yes,Current;Pre 3.21.0,several,yes,,0,no,,,,,,
03e058004c5a,Victario's Influence,Lacquered Garb,Standard,1,2,2,Current,one,no,Current,one,no,,0,no,,,,,,
0c92636e467d,Conqueror's Efficiency,Crimson Jewel,Standard,1,1,1,only,one,no,only,one,no,,0,no,,,,,,
7bbdb13bd3f5,Doedre's Damning,Paua Ring,Standard,1,2,2,Current,one,no,Current,one,no,,0,no,,,,,,
c9a48a7d1633,Conqueror's Potency,Cobalt Jewel,Standard,1,1,1,only,one,no,only,one,no,,0,no,,,,,,
312a86001fb4,Megalomaniac,Medium Cluster Jewel,Standard,0,0,0,,unbound,no,,unbound,no,,0,no,,,,,,
3a233b9157a4,Devoto's Devotion,Nightmare Bascinet,Standard,1,1,1,only,one,no,only,one,no,,0,no,,,enchantMods,,,
d96cc8e4b6ce,Dyadian Dawn,Heavy Belt,Standard,1,2,2,Current,one,no,Current,one,no,,2,yes,Resistance,4,,,,
fcb0d24e34d3,Polaric Devastation,Opal Ring,Standard,1,1,1,,none,no,only,one,no,catalyst,2,yes,Resistance,20,enchantMods,,,
471f3322eb8c,Atziri's Step,Slink Boots,Standard,1,2,2,Current;Pre 3.16.0,several,yes,Current;Pre 3.16.0,several,yes,,0,no,,,enchantMods,,,
1bc45f8117d6,Queen of the Forest,Destiny Leather,Standard,1,2,2,Current,one,no,Current,one,no,,0,no,,,,,,
7f556e0fbbf5,Crest of Desire,Fluted Bascinet,Standard,1,1,1,only,one,no,only,one,no,,0,no,,,,,,
3d2375329a53,Three-step Assault,Shagreen Boots,Standard,1,3,3,Current,one,no,Current,one,no,,0,no,,,enchantMods,,,
d4769893ae3c,Belt of the Deceiver,Heavy Belt,Standard,1,2,2,Current,one,no,Current,one,no,,0,no,,,,,,
6b8ca19ec468,White Wind,Imperial Skean,Standard,1,3,3,,none,no,,none,no,,0,no,,,,,number-outside-range,30% increased Global Critical Strike Chance
5aa835291838,Paradoxica,Vaal Rapier,Standard,1,1,1,,none,no,,none,no,,0,no,,,,,no-text-match,+26 to Strength and Intelligence
58d869009318,Farrul's Fur,Triumphant Lamellar,Standard,1,1,1,only,one,no,only,one,no,,0,no,,,,,,
1d5c878ab5e2,Cinderswallow Urn,Silver Flask,Standard,1,18,171,,none,no,,none,no,,0,no,,,enchantMods;utilityMods,,variant-line-not-displayed,You can apply an additional Curse during Effect
d21732c07b58,Terminus Est,Tiger Sword,Standard,1,3,3,Current,one,no,Current,one,no,,0,no,,,,,,
2d52524944b8,Soulthirst,Cloth Belt,Standard,1,1,1,only,one,no,only,one,no,,0,no,,,,,,
48da695f77bc,Taste of Hate,Sapphire Flask,Standard,1,5,5,Pre 3.25.0,one,no,Pre 3.25.0,one,no,,0,no,,,enchantMods;utilityMods,,,
35cf17635bb0,Replica Abyssus,Ezomyte Burgonet,Standard,1,1,1,only,one,no,only,one,no,,0,no,,,enchantMods,,,
2b45e8f00dcb,Survival Instincts,Viridian Jewel,Standard,1,2,2,Current,one,no,Current,one,no,,0,no,,,,,,
09fb091457d9,Hrimsorrow,Goathide Gloves,Standard,1,3,3,,none,no,,none,no,,0,no,,,,,no-text-match,+2 to Level of Socketed Aura Gems
a6f644a42cc6,Vessel of Vinktar,Topaz Flask,Standard,1,18,18,Current (Spells),one,no,Current (Spells),one,no,,0,no,,,enchantMods;utilityMods,,,
6a3355097a37,Carnage Heart,Onyx Amulet,Standard,1,2,2,Current,one,no,Current,one,no,,0,no,,,enchantMods,,,
241287ee57fd,Darkray Vectors,Dragonscale Boots,Standard,1,3,3,Current,one,no,Current,one,no,,0,no,,,,,,
73e32af7fc07,Intuitive Leap,Viridian Jewel,Standard,1,1,1,only,one,no,only,one,no,,0,no,,,,,,
6be375f75779,Atziri's Step,Slink Boots,Standard,1,2,2,Current;Pre 3.16.0,several,yes,Current;Pre 3.16.0,several,yes,,0,no,,,,,,
c4d0387288dd,Sandstorm Visage,Necromancer Circlet,Standard,1,1,1,only,one,no,only,one,no,,0,no,,,,,,
3bcda5d608b2,Impresence,Onyx Amulet,Standard,1,5,5,Cold,one,no,Cold,one,no,,0,no,,,,,,
221633d9b8b0,Deerstalker,Deerskin Boots,Standard,1,3,3,Current,one,no,Current,one,no,,0,no,,,enchantMods,,,
dce4445680f6,Cold Iron Point,Ezomyte Dagger,Standard,1,1,1,only,one,no,only,one,no,,0,no,,,,,,
f45ca343642e,The Devouring Diadem,Necromancer Circlet,Standard,1,38,38,Strength and Intelligence Pre 3.26.0,one,no,Strength and Intelligence Pre 3.26.0,one,no,,0,no,,,,,,
f5abd9556d77,Obliteration,Demon's Horn,Standard,1,6,6,Pre 3.21.0;Pre 3.27.0,several,no,Pre 3.21.0;Pre 3.27.0,several,no,,0,no,,,,,,
9bbba4db12ce,Tabula Rasa,Simple Robe,Standard,1,1,1,only,one,no,only,one,no,,0,no,,,,,,
638563c65730,Polaric Devastation,Opal Ring,Standard,1,1,1,only,one,no,only,one,no,,0,no,,,,,,
72699428237c,Megalomaniac,Medium Cluster Jewel,Standard,0,0,0,,unbound,no,,unbound,no,,0,no,,,,,,
82f7b70106a2,Dyadian Dawn,Heavy Belt,Standard,1,2,2,Current,one,no,Current,one,no,,0,no,,,,,,
6da9234c0b1f,Devoto's Devotion,Nightmare Bascinet,Standard,1,1,1,only,one,no,only,one,no,,0,no,,,enchantMods,,,
1f217e890eb7,Militant Faith,Timeless Jewel,Standard,1,20,1350,,none,no,Dominus (Inner Conviction) | Totem Damage | Duration of Curses,one,no,selection,0,no,,,,,,
f9cf4acd902f,Hrimsorrow,Goathide Gloves,Standard,1,3,3,Current,one,no,Current,one,no,,0,no,,,,,,
2c6946b8e87b,Astral Projector,Topaz Ring,Standard,1,1,1,only,one,no,only,one,no,,1,yes,Attribute,20,,,,
deffbcee9d30,Winterweave,Coral Ring,Standard,1,1,1,only,one,no,only,one,no,,0,no,,,,,,
db2ece787877,Call of the Void,Sapphire Ring,Standard,1,1,1,only,one,no,only,one,no,,0,no,,,,,,
2e8a2c65b438,Sunblast,Cloth Belt,Standard,1,2,2,Current,one,no,Current,one,no,,0,no,,,,,,
a903dd985fed,Kintsugi,Exquisite Leather,Standard,1,3,3,Pre 3.26.0,one,no,Pre 3.26.0,one,no,,0,no,,,,,,
9fbbddb009fc,Soul Mantle,Spidersilk Robe,Standard,1,5,5,Current,one,no,Current,one,no,,0,no,,,,,,
920b0e43541c,Axiom Perpetuum,Bronze Sceptre,Standard,1,2,2,Current,one,no,Current,one,no,,0,no,,,,,,
3037070425c7,Blackheart,Iron Ring,Standard,1,2,2,,none,no,,none,no,,0,no,,,,,no-text-match,10% increased Cast Speed
d96bce725de5,Forbidden Flesh,Cobalt Jewel,Standard,0,0,0,,unbound,no,,unbound,no,,0,no,,,,,,
43505f882737,The Highwayman,Gold Ring,Standard,1,2,2,Current,one,no,Current,one,no,,0,no,,,,,,
39d980ad5c9e,March of the Legion,Legion Boots,Standard,1,2,2,Current,one,no,Current,one,no,,0,no,,,,,,
4f960ac233d2,Singularity,Platinum Sceptre,Standard,1,4,4,Pre 3.29.0,one,no,Pre 3.29.0,one,no,,0,no,,,,,,
b63800b84e03,Elevore,Wolf Pelt,Standard,1,1,1,only,one,no,only,one,no,,0,no,,,,,,
4d46b1170f85,The Annihilating Light,Quarterstaff,Standard,1,2,2,Pre 3.25.0,one,no,Pre 3.25.0,one,no,,0,no,,,,,,
63731b8a3d5c,Heatshiver,Leather Hood,Standard,1,4,4,Pre 3.23.0,one,no,Pre 3.23.0,one,no,,0,no,,,,,,
a5144915e672,Call of the Brotherhood,Two-Stone Ring,Standard,1,2,2,,none,no,Current,one,no,catalyst,3,yes,Elemental Damage,20,enchantMods,,,
6407a1e763e2,Call of the Brotherhood,Two-Stone Ring,Standard,1,2,2,,none,no,Current,one,no,catalyst,3,yes,Elemental Damage,20,enchantMods,,,
9cd9f9da8bad,Asenath's Gentle Touch,Silk Gloves,Standard,1,3,3,Current,one,no,Current,one,no,,0,no,,,,,,
e391901eaa7e,Mark of Submission,Unset Ring,Standard,1,1,1,only,one,no,only,one,no,,0,no,,,enchantMods,,,
bd77f7d23be4,Circle of Nostalgia,Amethyst Ring,Standard,1,7,28,,none,no,,none,no,,0,no,,,enchantMods,,no-text-match,9% increased Fire Damage
ba416a0cccef,The Red Dream,Crimson Jewel,Standard,1,2,2,Current,one,no,Current,one,no,,0,no,,,,,,
41e47ec87db4,Bino's Kitchen Knife,Slaughter Knife,Standard,1,4,4,,none,no,,none,no,,0,no,,,,,no-text-match,"On Killing a Poisoned Enemy, Enemies within 3 metres are Poisoned, and you and"
966f39fb9324,Bisco's Leash,Heavy Belt,Standard,1,2,2,Pre 3.25.0,one,no,Pre 3.25.0,one,no,,0,no,,,,,,
6c8d3023e534,Dendrobate,Sentinel Jacket,Standard,1,1,1,,none,no,,none,no,,0,no,,,,,no-text-match,50% increased Damage
9b6f66a339e5,The Consuming Dark,Fiend Dagger,Standard,1,3,3,Current,one,no,Current,one,no,,0,no,,,,,,
d291cdadfe45,Elegant Hubris,Timeless Jewel,Standard,1,4,4,Victario (Supreme Grandstanding),one,no,Victario (Supreme Grandstanding),one,no,,0,no,,,,,,
b5a66bf839d4,The Night Lamp,Urn Relic,Standard,0,0,0,,unbound,no,,unbound,no,,0,no,,,,,,
079bdbd54db1,Ventor's Gamble,Gold Ring,Standard,1,2,2,,none,no,,none,no,,0,no,,,,,number-outside-range,4% increased Rarity of Items found
702ff5cb357a,The Night Lamp,Urn Relic,Standard,0,0,0,,unbound,no,,unbound,no,,0,no,,,,,,
65aed6f516da,Shroud of the Lightless,Carnal Armour,Standard,1,7,7,Two Abyssal Sockets (Current),one,no,Two Abyssal Sockets (Current),one,no,,0,no,,,,,,
4cd846bd19cf,Ancestral Vision,Viridian Jewel,Standard,1,1,1,only,one,no,only,one,no,,0,no,,,,,,
5216603d03ed,Ghostwrithe,Silken Vest,Standard,1,1,1,only,one,no,only,one,no,,0,no,,,,,,
55227717bf3a,Duskdawn,Maelström Staff,Standard,1,5,5,Pre 3.29.0,one,no,Pre 3.29.0,one,no,,0,no,,,,,,
5ddbe7083628,Replica Dragonfang's Flight,Onyx Amulet,Standard,0,0,0,,unbound,no,,unbound,no,,0,no,,,enchantMods,,,
2799b9b5d5ea,Darkness Enthroned,Stygian Vise,Standard,1,3,3,Current,one,no,Current,one,no,,0,no,,,,,,
ce4064d7d408,Lightpoacher,Great Crown,Standard,1,4,4,Two Abyssal Sockets (Current),one,no,Two Abyssal Sockets (Current),one,no,,0,no,,,,,,
db08d12e6a34,The Interrogation,Small Cluster Jewel,Standard,1,1,1,only,one,no,only,one,no,,0,no,,,,,,
254893d2c886,Darkness Enthroned,Stygian Vise,Standard,1,3,3,Current,one,no,Current,one,no,,0,no,,,,,,
346ec4ad5605,Rumi's Concoction,Granite Flask,Standard,1,4,4,Current,one,no,Current,one,no,,0,no,,,utilityMods,,,
e2cba6b5f5cb,Healthy Mind,Cobalt Jewel,Standard,1,2,2,Current;Pre 3.20.0,several,yes,Current;Pre 3.20.0,several,yes,,0,no,,,,,,
4bd967c2eb5d,Lethal Pride,Timeless Jewel,Standard,1,4,4,Rakiata (Tempered by War),one,no,Rakiata (Tempered by War),one,no,,0,no,,,,,,
18a4697758fa,Atziri's Foible,Paua Amulet,Standard,1,2,2,Current,one,no,Current,one,no,,0,no,,,enchantMods,,,
01373a7867b2,Mind of the Council,Harlequin Mask,Standard,1,2,2,Current,one,no,Current,one,no,,0,no,,,,,,
d6bc0008d321,Fury Valve,Turquoise Amulet,Standard,1,1,1,,none,no,only,one,no,catalyst,1,yes,Attribute,20,enchantMods,,,
2f65ea81f3fa,Piscator's Vigil,Imbued Wand,Standard,1,5,5,Pre 3.21.0;Pre 3.27.0,several,no,Pre 3.21.0;Pre 3.27.0,several,no,,0,no,,,,,,
c5608881dcde,Dance of the Offered,Carnal Boots,Standard,1,2,2,Current,one,no,Current,one,no,,0,no,,,,,,
ab78dd0975c4,Garukhan's Flight,Stealth Boots,Standard,1,3,3,Current,one,no,Current,one,no,,0,no,,,,,,
a8dc71231604,Wilma's Requital,Solaris Circlet,Standard,1,1,1,,none,no,,none,no,,0,no,,,,,no-text-match,+2 to Level of Socketed Fire Gems
3103aba021ca,Fluid Motion,Viridian Jewel,Standard,1,2,2,Current;Pre 3.20.0,several,yes,Current;Pre 3.20.0,several,yes,,0,no,,,,,,
3f8ae00c7df1,Iron Commander,Death Bow,Standard,1,1,1,only,one,no,only,one,no,,0,no,,,,,,
67278a876e8d,Fluid Motion,Viridian Jewel,Standard,1,2,2,Current;Pre 3.20.0,several,yes,Current;Pre 3.20.0,several,yes,,0,no,,,,,,
d543d22ce076,Hrimsorrow,Goathide Gloves,Standard,1,3,3,Current,one,no,Current,one,no,,0,no,,,,,,
805f0cd8688e,The Poised Prism,Primal Arrow Quiver,Standard,1,1,1,only,one,no,only,one,no,,0,no,,,,,,
cbae432d5559,Briskwrap,Sun Leather,Standard,1,4,4,Current,one,no,Current,one,no,,0,no,,,,,,
ca35fe719f98,Brutal Restraint,Timeless Jewel,Standard,1,4,4,Asenath (Dance with Death),one,no,Asenath (Dance with Death),one,no,,0,no,,,,,,
858311705f0f,Fractal Thoughts,Vaal Mask,Standard,1,1,1,only,one,no,only,one,no,,0,no,,,,,,
280051c35d15,Le Heup of All,Iron Ring,Standard,1,2,2,Current,one,no,Current,one,no,,0,no,,,,,,
f98d6c404a3c,Belt of the Deceiver,Heavy Belt,Standard,1,2,2,Current,one,no,Current,one,no,,0,no,,,,,,
15f93d63d72e,Devoto's Devotion,Nightmare Bascinet,Standard,1,1,1,only,one,no,only,one,no,,0,no,,,,,,
c2dbb3d7a35d,Void Battery,Prophecy Wand,Standard,1,3,3,Pre 3.29.0,one,no,Pre 3.29.0,one,no,,0,no,,,,,,
8c0b5b9af75b,Doedre's Scorn,Lunaris Circlet,Standard,1,3,3,,none,no,,none,no,,0,no,,,,,no-text-match,40% increased Burning Damage
e43945cc42ff,Coward's Legacy,Chain Belt,Standard,1,1,1,only,one,no,only,one,no,,0,no,,,,,,
8c8b6c912a0b,Heatshiver,Leather Hood,Standard,1,4,4,Current,one,no,Current,one,no,,0,no,,,,,,
60071ae70049,Dying Sun,Ruby Flask,Standard,1,4,4,Current,one,no,Current,one,no,,0,no,,,utilityMods,,,
aced3dc0a922,Lavianga's Spirit,Sanctified Mana Flask,Standard,1,1,1,only,one,no,only,one,no,,0,no,,,,,,
dea78ec3f0e0,Self-Flagellation,Viridian Jewel,Standard,1,1,1,only,one,no,only,one,no,,0,no,,,,,,
da5bf0a077b4,Hyperboreus,Leather Belt,Standard,1,19,19,Fire and Chaos Resistances (Current),one,no,Fire and Chaos Resistances (Current),one,no,,0,no,,,,,,
79ac976d4015,The Annihilating Light,Quarterstaff,Standard,1,2,2,Current,one,no,Current,one,no,,0,no,,,,,,
5215ccfd44c6,The Wise Oak,Bismuth Flask,Standard,1,3,3,Current,one,no,Current,one,no,,0,no,,,utilityMods,,,
e528618ef3e2,Replica Dragonfang's Flight,Onyx Amulet,Standard,0,0,0,,unbound,no,,unbound,no,,0,no,,,,,,
7c3a29d74eb4,Anathema,Moonstone Ring,Standard,1,1,1,only,one,no,only,one,no,,0,no,,,,,,
599cee105868,Sin's Rebirth,Stibnite Flask,Standard,1,1,1,only,one,no,only,one,no,,0,no,,,utilityMods,,,
6b6bf6fe95fa,Rotgut,Quicksilver Flask,Standard,1,4,4,Current,one,no,Current,one,no,,0,no,,,utilityMods,,,
3af897d95b68,Replica Dragonfang's Flight,Onyx Amulet,Standard,0,0,0,,unbound,no,,unbound,no,,0,no,,,,,,
23ece4e8a9b4,Soul Mantle,Spidersilk Robe,Standard,1,5,5,,none,no,,none,no,,0,no,,,,,no-text-match,+2 to Level of Socketed Projectile Gems
63464da4dbab,Carnage Heart,Onyx Amulet,Standard,1,2,2,Current,one,no,Current,one,no,,0,no,,,enchantMods,,,
0bd3c9107dbf,Svalinn,Girded Tower Shield,Standard,1,1,1,only,one,no,only,one,no,,0,no,,,,,,
e68ab20af41d,Kitava's Thirst,Zealot Helmet,Standard,1,2,2,Current,one,no,Current,one,no,,0,no,,,,,,
4961a070633e,The Taming,Prismatic Ring,Standard,1,3,3,,none,no,Current,one,no,catalyst,3,yes,Resistance,20,enchantMods,,,
82201aee2635,Ralakesh's Impatience,Riveted Boots,Standard,1,5,5,Pre 3.26.0,one,no,Pre 3.26.0,one,no,,0,no,,,,,,
46e54c6d1188,Dying Sun,Ruby Flask,Standard,1,4,4,Current,one,no,Current,one,no,,0,no,,,enchantMods;utilityMods,,,
fde5a950ca04,Progenesis,Amethyst Flask,Standard,1,1,1,,none,no,,none,no,,0,no,,,enchantMods;utilityMods,,no-text-match,32% increased Duration
5af05af844a7,Headhunter,Leather Belt,Standard,1,1,1,,none,no,only,one,no,catalyst,2,yes,Attribute,20,,,,
b11528d4032d,The Taming,Prismatic Ring,Standard,1,3,3,,none,no,Current,one,no,catalyst,3,yes,Resistance,20,enchantMods,,,
9b4b4921bd90,Lethal Pride,Timeless Jewel,Standard,1,4,4,Akoya (Chainbreaker),one,no,Akoya (Chainbreaker),one,no,,0,no,,,,,,
bd93b91f75d6,Yoke of Suffering,Onyx Amulet,Standard,1,2,2,Current,one,no,Current,one,no,,0,no,,,enchantMods,,,
cc42ce009815,Prismweave,Rustic Sash,Standard,1,3,3,Current,one,no,Current,one,no,,0,no,,,,,,
df766b880781,Ancestral Vision,Viridian Jewel,Standard,1,1,1,only,one,no,only,one,no,,0,no,,,,,,
40965f26e2f1,Arn's Anguish,Cloth Belt,Standard,1,2,2,Current,one,no,Current,one,no,,0,no,,,,,,
be512e91ddeb,The Interrogation,Small Cluster Jewel,Standard,1,1,1,only,one,no,only,one,no,,0,no,,,,,,
fc270503be62,Yoke of Suffering,Onyx Amulet,Standard,1,2,2,Current,one,no,Current,one,no,,0,no,,,enchantMods,,,
6e74874cdd02,Devoto's Devotion,Nightmare Bascinet,Standard,1,1,1,only,one,no,only,one,no,,0,no,,,,,,
15db7b64ac37,Annihilation's Approach,Dragonscale Boots,Standard,1,2,2,Current,one,no,Current,one,no,,0,no,,,,,,
f39e112adf4a,Rise of the Phoenix,Mosaic Kite Shield,Standard,1,4,4,Current,one,no,Current,one,no,,0,no,,,,,,
f03e29112bcd,Cloak of Flame,Scholar's Robe,Standard,1,2,2,Current,one,no,Current,one,no,,0,no,,,,,,
9d3f6e725966,Immortal Flesh,Leather Belt,Standard,1,4,4,Current,one,no,Current,one,no,,0,no,,,,,,
0afd239fb50d,Profane Proxy,Unset Ring,Standard,1,1,1,only,one,no,only,one,no,,0,no,,,,,,
0f6249f1fcf9,Graven's Secret,Cloth Belt,Standard,1,2,2,Current,one,no,Current,one,no,,0,no,,,,,,
30d5047f67b1,Ralakesh's Impatience,Riveted Boots,Standard,1,5,5,Pre 3.26.0,one,no,Pre 3.26.0,one,no,,0,no,,,,,,
5c6047c13ed5,Malachai's Loop,Harmonic Spirit Shield,Standard,1,4,4,Current,one,no,Current,one,no,,0,no,,,,,,
cfe8771ed237,The Restless Ward,Carnal Armour,Standard,1,3,3,Current,one,no,Current,one,no,,0,no,,,,,,
a4495a13ea74,Badge of the Brotherhood,Turquoise Amulet,Standard,1,1,1,only,one,no,only,one,no,,0,no,,,,,,
8fa07bbfaf7f,Void Battery,Prophecy Wand,Standard,1,3,3,Pre 3.29.0,one,no,Pre 3.29.0,one,no,,0,no,,,,,,
5e061aafdece,Sandstorm Visage,Necromancer Circlet,Standard,1,1,1,only,one,no,only,one,no,,0,no,,,,,,
5bf0b8722c67,Ominous Silence,Minor Idol,Standard,0,0,0,,unbound,no,,unbound,no,,0,no,,,,,,
63ce0f89b6bf,Darkray Vectors,Dragonscale Boots,Standard,1,3,3,Current,one,no,Current,one,no,,0,no,,,,,,
524c36042149,Paradoxica,Vaal Rapier,Standard,1,1,1,,none,no,,none,no,,0,no,,,,,no-text-match,Attacks with this Weapon Penetrate 16% Elemental Resistances
413a13a4cf56,Doedre's Damning,Paua Ring,Standard,1,2,2,Current;Pre 3.19.0,several,yes,Current;Pre 3.19.0,several,yes,,0,no,,,,,,
1b9ddc6e476c,Bronn's Lithe,Cutthroat's Garb,Standard,1,4,4,Pre 3.19.0,one,no,Pre 3.19.0,one,no,,0,no,,,,,,
ff1e29334bab,Death Rush,Amethyst Ring,Standard,1,3,3,Pre 3.19.0,one,no,Pre 3.19.0,one,no,,0,no,,,,,,
8b4545e296ee,Fleshcrafter,Necromancer Silks,Standard,1,1,1,,none,no,,none,no,,0,no,,,,,no-text-match,Minions Convert 2% of their Maximum Life to Maximum Energy
efd2421d2437,Doedre's Damning,Paua Ring,Standard,1,2,2,Current;Pre 3.19.0,several,yes,Current;Pre 3.19.0,several,yes,,0,no,,,,,,
bcba5f13e6b2,Death Rush,Amethyst Ring,Standard,1,3,3,Pre 3.19.0,one,no,Pre 3.19.0,one,no,,0,no,,,,,,
fbd306cde4cc,Conqueror's Efficiency,Crimson Jewel,Standard,1,1,1,only,one,no,only,one,no,,0,no,,,,,,
851951bc371d,Queen of the Forest,Destiny Leather,Standard,1,2,2,Current,one,no,Current,one,no,,0,no,,,,,,
07018369294a,Quill Rain,Short Bow,Standard,1,3,3,Current,one,no,Current,one,no,,0,no,,,,,,
3328e76fec8a,Quill Rain,Short Bow,Standard,1,3,3,Current,one,no,Current,one,no,,0,no,,,,,,
2d4274a5077c,Devoto's Devotion,Nightmare Bascinet,Standard,1,1,1,only,one,no,only,one,no,,0,no,,,enchantMods,,,
7e82b905be30,Replica Conqueror's Efficiency,Crimson Jewel,Standard,1,1,1,only,one,no,only,one,no,,0,no,,,,,,
29b2ca2987f7,Inextricable Fate,Fugitive Boots,Standard,1,1,1,only,one,no,only,one,no,,0,no,,,,,,
3d76923512e0,Rise of the Phoenix,Mosaic Kite Shield,Standard,1,4,4,Pre 3.19.0,one,no,Pre 3.19.0,one,no,,0,no,,,,,,
780bfdb3c093,Tabula Rasa,Simple Robe,Standard,1,1,1,,none,no,,none,no,,0,no,,,,,no-text-match,4% reduced Lightning Damage taken
08a433cbeec1,Tabula Rasa,Simple Robe,Standard,1,1,1,only,one,no,only,one,no,,0,no,,,,,,
a61918a17e8d,Tabula Rasa,Simple Robe,Standard,1,1,1,only,one,no,only,one,no,,0,no,,,,,,
6ef24525ba31,Goldrim,Leather Cap,Standard,1,1,1,only,one,no,only,one,no,,0,no,,,,,,
f7904dede4ba,The Embalmer,Carnal Mitts,Standard,1,1,1,,none,no,,none,no,,0,no,,,,,no-text-match,+2 to Level of Socketed AoE Gems
45a167a9d5ee,Amplification Rod,Spiraled Wand,Standard,1,2,2,,none,no,,none,no,,0,no,,,,,no-text-match,15% increased Area of Effect
b15c8d916e33,Lochtonial Caress,Iron Gauntlets,Standard,1,3,3,Pre 3.19.0,one,no,Pre 3.19.0,one,no,,0,no,,,,,,
f7b0224561bf,Tabula Rasa,Simple Robe,Standard,1,1,1,only,one,no,only,one,no,,0,no,,,,,,
3cdda7fe2901,Wanderlust,Wool Shoes,Standard,1,1,1,only,one,no,only,one,no,,0,no,,,,,,
61dbc9a2b905,Belt of the Deceiver,Heavy Belt,Standard,1,2,2,,none,no,,none,no,,0,no,,,,,number-outside-range,+16% to all Elemental Resistances
3457255bdb5d,Wanderlust,Wool Shoes,Standard,1,1,1,only,one,no,only,one,no,,0,no,,,,,,
330b5bd5c07a,Goldrim,Leather Cap,Standard,1,1,1,only,one,no,only,one,no,,0,no,,,,,,
54b42dbb2b54,Lifesprig,Driftwood Wand,Standard,1,1,1,,none,no,,none,no,,0,no,,,,,no-text-match,Regenerate 8 Life over 1 second when you Cast a Spell
48fd5c207a55,Seven-League Step,Rawhide Boots,Standard,1,1,1,only,one,no,only,one,no,,0,no,,,,,,
8cf0fec4dec3,Nebulis,Void Sceptre,Standard,1,3,3,,none,no,,none,no,,0,no,,,,,no-text-match,24% increased Lightning Damage
bb2d954e2fde,Mokou's Embrace,Ruby Ring,Standard,1,2,2,,none,no,,none,no,,0,no,,,,,no-text-match,Grants Level 21 Pride Skill
82ed00ccd0e1,Ambu's Charge,Crusader Chainmail,Standard,1,5,5,,none,no,,none,no,,0,no,,,,,no-text-match,+2 to Level of Socketed Projectile Gems
8b75ebcf3874,Belly of the Beast,Full Wyrmscale,Standard,1,1,1,only,one,no,only,one,no,,0,no,,,,,,
36f64bc17cab,The Tempest,Long Bow,Standard,1,1,1,,none,no,,none,no,,0,no,,,,,no-text-match,Adds 30 to 46 Fire Damage
671add4a1883,The Tempest,Long Bow,Standard,1,1,1,,none,no,,none,no,,0,no,,,,,no-text-match,Socketed Gems are Supported by Level 10 Momentum
82c121d2c897,Cameria's Avarice,Gavel,Standard,1,1,1,,none,no,,none,no,,0,no,,,,,no-text-match,Melee Hits have 14% chance to Fortify
055da064c0a6,Vorana's March,Runic Sabatons,Standard,0,0,0,,unbound,no,,unbound,no,,0,no,,,,,,
2eab6cb406f2,Victario's Flight,Goathide Boots,Standard,1,3,3,Current,one,no,Current,one,no,,0,no,,,,,,
19f7a2fa24b6,Mask of the Tribunal,Magistrate Crown,Standard,1,3,3,,none,no,,none,no,,0,no,,,,,no-text-match,+23 to maximum Life
829b6d8744c3,Forbidden Shako,Great Crown,Standard,0,0,0,,unbound,no,,unbound,no,,0,no,,,,,,
74de89540d11,Circle of Nostalgia,Amethyst Ring,Standard,1,7,28,,none,no,,none,no,,0,no,,,,,no-text-match,11% increased Lightning Damage
360d3bb995f8,The Eternal Struggle,Onyx Amulet,Standard,1,1,1,,none,no,,none,no,,0,no,,,,,no-text-match,19% increased Spell Damage
1735f9e7e7e9,Veruso's Battering Rams,Titan Gauntlets,Standard,1,1,1,,none,no,,none,no,,0,no,,,,,no-text-match,Curse Enemies with Enfeeble on Hit
396b3265649b,Southbound,Soldier Gloves,Standard,1,3,3,Current,one,no,Current,one,no,,0,no,,,,,,
a9e23f20c69d,Astramentis,Onyx Amulet,Standard,1,1,1,only,one,no,only,one,no,,0,no,,,,,,
aa763303bdfd,The Supreme Truth,Crystal Sceptre,Standard,1,4,4,Pre 2.28.0,one,no,Pre 2.28.0,one,no,,0,no,,,,,,
4cf8fb1be2cd,Perandus Signet,Paua Ring,Standard,1,2,2,Current,one,no,Current,one,no,,0,no,,,,,,
24c80b5bd8e1,Rise of the Phoenix,Mosaic Kite Shield,Standard,1,4,4,Pre 3.19.0,one,no,Pre 3.19.0,one,no,,0,no,,,,,,
e95b1b7dfdea,Ming's Heart,Amethyst Ring,Standard,1,4,4,,none,no,,none,no,,0,no,,,,,number-outside-range,6% reduced maximum Energy Shield
3f3ebd3ac24a,Chitus' Apex,Necromancer Circlet,Standard,1,1,1,only,one,no,only,one,no,,0,no,,,,,,
381f712260d2,Kaom's Heart,Glorious Plate,Standard,1,3,3,Pre 3.25.0,one,no,Pre 3.25.0,one,no,,0,no,,,,,,
4d1d312cbf3b,Dyadian Dawn,Heavy Belt,Standard,1,2,2,,none,no,Current,one,no,catalyst,2,yes,Elemental Damage,20,,,,
763fb6159f67,Doedre's Damning,Paua Ring,Standard,1,2,2,Current;Pre 3.19.0,several,yes,Current;Pre 3.19.0,several,yes,,0,no,,,,,,
56aabf28f139,Forbidden Taste,Quartz Flask,Standard,1,4,4,Current,one,no,Current,one,no,,0,no,,,utilityMods,,,
dfc6f2370bed,Conqueror's Potency,Cobalt Jewel,Standard,1,1,1,only,one,no,only,one,no,,0,no,,,,,,
6658df00524b,Forbidden Taste,Quartz Flask,Standard,1,4,4,Current,one,no,Current,one,no,,0,no,,,utilityMods,,,
45536721b754,Darkness Enthroned,Stygian Vise,Standard,1,3,3,Current;Pre 3.21.0,several,yes,Current;Pre 3.21.0,several,yes,,0,no,,,,,,
82a99ff97462,Militant Faith,Timeless Jewel,Standard,1,20,1350,,none,no,Avarius (Power of Purpose) | Elemental Resistances | Duration of Curses,one,no,selection,0,no,,,,,,
1f56ebb31e0e,Doedre's Damning,Paua Ring,Standard,1,2,2,Current;Pre 3.19.0,several,yes,Current;Pre 3.19.0,several,yes,,0,no,,,,,,
51fc2484a148,The Eternal Struggle,Onyx Amulet,Standard,1,1,1,,none,no,,none,no,,3,yes,Attribute,20,,,no-text-match,23% increased Energy Shield Recharge Rate
6b1608bbdb3e,Rumi's Concoction,Granite Flask,Standard,1,4,4,Current,one,no,Current,one,no,,0,no,,,utilityMods,,,
f33dcee85443,Victario's Influence,Lacquered Garb,Standard,1,2,2,,none,no,,none,no,,0,no,,,,,no-text-match,+2 to Level of Socketed AoE Gems
0ff3e8127fc3,Cherrubim's Maleficence,Triumphant Lamellar,Standard,1,3,3,Current,one,no,Current,one,no,,0,no,,,,,,
e93337cfb9ff,Ring of Blades,Viridian Jewel,Standard,1,3,3,Pre 3.17.0,one,no,Pre 3.17.0,one,no,,0,no,,,,,,
ac2fde7de93c,The Flow Untethered,Cloth Belt,Standard,1,2,2,Pre 3.16.0,one,no,Pre 3.16.0,one,no,,0,no,,,,,,
3f6296224c41,Third Piece of the Arcane,Legion Sword Piece,Standard,0,0,0,,unbound,no,,unbound,no,,0,no,,,,,,
89200a89f14e,Third Piece of Focus,Archon Kite Shield Piece,Standard,0,0,0,,unbound,no,,unbound,no,,0,no,,,,,,
04d6b6b2c1cd,The Tempest's Binding,Callous Mask,Standard,1,1,1,only,one,no,only,one,no,,0,no,,,,,,
86c59fb64aa6,The Rippling Thoughts,Legion Sword,Standard,1,1,1,only,one,no,only,one,no,,0,no,,,,,,
1503637352a1,First Piece of the Arcane,Legion Sword Piece,Standard,0,0,0,,unbound,no,,unbound,no,,0,no,,,,,,
95b1cdf9cb51,Third Piece of Directions,Blunt Arrow Quiver Piece,Standard,0,0,0,,unbound,no,,unbound,no,,0,no,,,,,,
b17f187d32ad,Third Piece of Focus,Archon Kite Shield Piece,Standard,0,0,0,,unbound,no,,unbound,no,,0,no,,,,,,
1f78ef71151b,First Piece of Time,Cloth Belt Piece,Standard,0,0,0,,unbound,no,,unbound,no,,0,no,,,,,,
c2486d8f3aba,Third Piece of Focus,Archon Kite Shield Piece,Standard,0,0,0,,unbound,no,,unbound,no,,0,no,,,,,,
cc2274a4ad0f,Second Piece of Focus,Archon Kite Shield Piece,Standard,0,0,0,,unbound,no,,unbound,no,,0,no,,,,,,
893e8d5440b4,First Piece of Storms,Callous Mask Piece,Standard,0,0,0,,unbound,no,,unbound,no,,0,no,,,,,,
d27e707d78db,Second Piece of Brutality,Imperial Staff Piece,Standard,0,0,0,,unbound,no,,unbound,no,,0,no,,,,,,
e7e99b85d6cf,First Piece of Storms,Callous Mask Piece,Standard,0,0,0,,unbound,no,,unbound,no,,0,no,,,,,,
db519bdf1a5d,Third Piece of the Arcane,Legion Sword Piece,Standard,0,0,0,,unbound,no,,unbound,no,,0,no,,,,,,
86c983c6201a,First Piece of Directions,Blunt Arrow Quiver Piece,Standard,0,0,0,,unbound,no,,unbound,no,,0,no,,,,,,
80766c147aec,First Piece of Time,Cloth Belt Piece,Standard,0,0,0,,unbound,no,,unbound,no,,0,no,,,,,,
890eab0c60e1,First Piece of Directions,Blunt Arrow Quiver Piece,Standard,0,0,0,,unbound,no,,unbound,no,,0,no,,,,,,
1af7bc5bfd6c,First Piece of Focus,Archon Kite Shield Piece,Standard,0,0,0,,unbound,no,,unbound,no,,0,no,,,,,,
4a549a3eb838,Third Piece of the Arcane,Legion Sword Piece,Standard,0,0,0,,unbound,no,,unbound,no,,0,no,,,,,,
5783baab5f00,First Piece of Time,Cloth Belt Piece,Standard,0,0,0,,unbound,no,,unbound,no,,0,no,,,,,,
e23ac8a0c2bb,First Piece of Storms,Callous Mask Piece,Standard,0,0,0,,unbound,no,,unbound,no,,0,no,,,,,,
ec5e5a4c5aa2,First Piece of Focus,Archon Kite Shield Piece,Standard,0,0,0,,unbound,no,,unbound,no,,0,no,,,,,,
9d242609558e,Third Piece of Focus,Archon Kite Shield Piece,Standard,0,0,0,,unbound,no,,unbound,no,,0,no,,,,,,
881b17e1fe62,Third Piece of Directions,Blunt Arrow Quiver Piece,Standard,0,0,0,,unbound,no,,unbound,no,,0,no,,,,,,
77a79073b181,Second Piece of Focus,Archon Kite Shield Piece,Standard,0,0,0,,unbound,no,,unbound,no,,0,no,,,,,,
fcd30025ee01,First Piece of Time,Cloth Belt Piece,Standard,0,0,0,,unbound,no,,unbound,no,,0,no,,,,,,
756887d94d80,First Piece of Time,Cloth Belt Piece,Standard,0,0,0,,unbound,no,,unbound,no,,0,no,,,,,,
c21fdd7c96c2,First Piece of Storms,Callous Mask Piece,Standard,0,0,0,,unbound,no,,unbound,no,,0,no,,,,,,
54fd90c6def8,Third Piece of Focus,Archon Kite Shield Piece,Standard,0,0,0,,unbound,no,,unbound,no,,0,no,,,,,,
15d3b3a2fe6c,Third Piece of the Arcane,Legion Sword Piece,Standard,0,0,0,,unbound,no,,unbound,no,,0,no,,,,,,
a7f21a291604,The Fracturing Spinner,Blunt Arrow Quiver,Standard,1,1,1,,none,no,,none,no,,0,no,,,,,no-text-match,28% increased Stun Duration on Enemies
1a988e8a1290,Second Piece of Focus,Archon Kite Shield Piece,Standard,0,0,0,,unbound,no,,unbound,no,,0,no,,,,,,
c38064bdb0c7,Second Piece of Brutality,Imperial Staff Piece,Standard,0,0,0,,unbound,no,,unbound,no,,0,no,,,,,,
88c45fbcdf82,The Fracturing Spinner,Blunt Arrow Quiver,Standard,1,1,1,,none,no,,none,no,,0,no,,,,,no-text-match,31% increased Stun Duration on Enemies
11f3d16ae17a,The Tempest's Binding,Callous Mask,Standard,1,1,1,only,one,no,only,one,no,,0,no,,,,,,
b69513711d0c,The Tempest's Binding,Callous Mask,Standard,1,1,1,only,one,no,only,one,no,,0,no,,,,,,
b4ea422e6d16,The Fracturing Spinner,Blunt Arrow Quiver,Standard,1,1,1,,none,no,,none,no,,0,no,,,,,no-text-match,25% increased Stun Duration on Enemies
799d9c388254,The Enmity Divine,Imperial Staff,Standard,1,4,4,Pre 3.25.0,one,no,Pre 3.25.0,one,no,,0,no,,,,,,
77ea9fa5c055,The Rippling Thoughts,Legion Sword,Standard,1,1,1,only,one,no,only,one,no,,0,no,,,,,,
ea3078052f28,The Flow Untethered,Cloth Belt,Standard,1,2,2,Pre 3.16.0,one,no,Pre 3.16.0,one,no,,0,no,,,,,,
736bb119bdd7,The Enmity Divine,Imperial Staff,Standard,1,4,4,Pre 3.25.0,one,no,Pre 3.25.0,one,no,,0,no,,,,,,
4480779097d9,Second Piece of Focus,Archon Kite Shield Piece,Standard,0,0,0,,unbound,no,,unbound,no,,0,no,,,,,,
5afa9b7cd6e5,Kaom's Way,Coral Ring,Standard,1,2,2,Pre 3.16.0,one,no,Pre 3.16.0,one,no,,0,no,,,,,,
599f4df29d4a,Kaom's Way,Coral Ring,Standard,1,2,2,Pre 3.16.0,one,no,Pre 3.16.0,one,no,,0,no,,,,,,
76eef2e5fab8,Le Heup of All,Iron Ring,Standard,1,2,2,Current,one,no,Current,one,no,,0,no,,,,,,
47cfc1282a78,Forbidden Taste,Quartz Flask,Standard,1,4,4,Pre 3.15.0,one,no,Pre 3.15.0,one,no,,0,no,,,utilityMods,,,
1bb4af88ba13,Infractem,Decimation Bow,Standard,1,5,5,Pre 3.17.0,one,no,Pre 3.17.0,one,no,,0,no,,,,,,
e22c37f95915,Coruscating Elixir,Ruby Flask,Standard,1,3,3,Pre 3.16.0,one,no,Pre 3.16.0,one,no,,0,no,,,utilityMods,,,
e971aa7ce273,Ring of Blades,Viridian Jewel,Standard,1,3,3,Pre 3.17.0,one,no,Pre 3.17.0,one,no,,0,no,,,,,,
fc10718dde1b,Daresso's Salute,Citrine Amulet,Standard,1,1,1,only,one,no,only,one,no,,0,no,,,,,,
f69d4f288a8e,Victario's Charity,Laminated Kite Shield,Standard,1,2,2,Current,one,no,Current,one,no,,0,no,,,,,,
d1a5cbdbd304,Maw of Conquest,Steel Circlet,Standard,1,1,1,,none,no,,none,no,,0,no,,,,,no-text-match,64% increased Spell Critical Strike Chance
029b98a1d49c,Wildfire,Crimson Jewel,Standard,1,2,2,Current,one,no,Current,one,no,,0,no,,,,,,
e67c225da946,Wanderlust,Wool Shoes,Standard,1,1,1,only,one,no,only,one,no,,0,no,,,,,,
d2e0c88e6cbc,Wurm's Molt,Leather Belt,Standard,1,2,2,Pre 3.19.0,one,no,Pre 3.19.0,one,no,,0,no,,,,,,
eac2224234dc,Femurs of the Saints,Primordial Staff,Standard,1,4,4,Pre 3.25.0,one,no,Pre 3.25.0,one,no,,0,no,,,,,,
006b710b0fa5,Doedre's Elixir,Greater Mana Flask,Standard,1,3,3,Pre 3.15.0,one,no,Pre 3.15.0,one,no,,0,no,,,,,,
7e92347311c4,The Broken Crown,Prophet Crown,Standard,1,3,3,Current,one,no,Current,one,no,,0,no,,,,,,
0457c753fe68,The Overflowing Chalice,Sulphur Flask,Standard,1,2,2,Pre 3.15.0,one,no,Pre 3.15.0,one,no,,0,no,,,utilityMods,,,
66ebf4750b2d,Forbidden Taste,Quartz Flask,Standard,1,4,4,Pre 3.15.0,one,no,Pre 3.15.0,one,no,,0,no,,,utilityMods,,,
0d94dce6c530,Lifesprig,Driftwood Wand,Standard,1,1,1,,none,no,,none,no,,0,no,,,,,no-text-match,Regenerate 8 Life over 1 second when you Cast a Spell
59e203eb7240,Coralito's Signature,Diamond Flask,Standard,1,2,2,Pre 3.15.0,one,no,Pre 3.15.0,one,no,,0,no,,,utilityMods,,,
20538303cea0,Wurm's Molt,Leather Belt,Standard,1,2,2,Pre 3.19.0,one,no,Pre 3.19.0,one,no,,0,no,,,,,,
a7a1c3fb038a,Clayshaper,Rock Breaker,Standard,1,3,3,Pre 3.19.0,one,no,Pre 3.19.0,one,no,,0,no,,,,,,
807189900ac6,Maw of Conquest,Steel Circlet,Standard,1,1,1,,none,no,,none,no,,0,no,,,,,no-text-match,78% increased Spell Critical Strike Chance
0efeb8f2e4bb,Lori's Lantern,Prismatic Ring,Standard,1,2,2,Current;Pre 1.0.0,several,yes,Current;Pre 1.0.0,several,yes,,0,no,,,,,,
880a1d6b5dd2,Shaper's Touch,Crusader Gloves,Standard,1,4,4,Pre 3.28.0,one,no,Pre 3.28.0,one,no,,0,no,,,,,,
557ce18a3abc,Might and Influence,Viridian Jewel,Standard,1,6,21,,none,no,Dagger | Mace,one,no,selection,0,no,,,,,,
02eb7725f7a9,Forbidden Taste,Quartz Flask,Standard,1,4,4,Pre 3.15.0,one,no,Pre 3.15.0,one,no,,0,no,,,utilityMods,,,
75e770f88136,Immortal Flesh,Leather Belt,Standard,1,4,4,Pre 3.19.0,one,no,Pre 3.19.0,one,no,,0,no,,,,,,
407d2b195d48,Kiara's Determination,Silver Flask,Standard,1,3,3,Current;Pre 3.15.0,several,yes,Current;Pre 3.15.0,several,yes,,0,no,,,utilityMods,,,
fc136ae1d9ab,Karui Ward,Jade Amulet,Standard,1,2,2,Current,one,no,Current,one,no,,0,no,,,,,,
dcf798a58cd3,Pacifism,Viridian Jewel,Standard,1,1,1,only,one,no,only,one,no,,0,no,,,,,,
0d91fa16f327,Crown of the Inward Eye,Prophet Crown,Standard,1,1,1,only,one,no,only,one,no,,0,no,,,,,,
8bf5b7945c79,Oro's Sacrifice,Infernal Sword,Standard,1,3,3,Current,one,no,Current,one,no,,0,no,,,,,,
86534cf09688,Crown of the Inward Eye,Prophet Crown,Standard,1,1,1,only,one,no,only,one,no,,0,no,,,,,,
3ab765ce25c2,Kalisa's Grace,Samite Gloves,Standard,1,1,1,only,one,no,only,one,no,,0,no,,,,,,
99f40fee9133,The Whispering Ice,Vile Staff,Standard,1,3,3,Pre 3.25.0,one,no,Pre 3.25.0,one,no,,0,no,,,,,,
05b27fc4622f,Thousand Teeth Temu,Vaal Buckler,Standard,1,4,4,Pre 3.19.0,one,no,Pre 3.19.0,one,no,,0,no,,,,,,
4492008e0112,Victario's Charity,Laminated Kite Shield,Standard,1,2,2,Current,one,no,Current,one,no,,0,no,,,,,,
81d89cff5fc0,Obliteration,Demon's Horn,Standard,1,6,6,Pre 3.19.0,one,no,Pre 3.19.0,one,no,,0,no,,,,,,
624178553dda,Ambu's Charge,Crusader Chainmail,Standard,1,5,5,Pre 3.19.0,one,no,Pre 3.19.0,one,no,,0,no,,,,,,
c3f201155f66,Silverbranch,Crude Bow,Standard,1,2,2,Current,one,no,Current,one,no,,0,no,,,,,,
8a5ed550ff0c,Painseeker,Shagreen Gloves,Standard,1,1,1,only,one,no,only,one,no,,0,no,,,,,,
bb782165fc66,Obliteration,Demon's Horn,Standard,1,6,6,Pre 3.19.0,one,no,Pre 3.19.0,one,no,,0,no,,,,,,
231c8bd58bdf,The Enmity Divine,Imperial Staff,Standard,1,4,4,Pre 3.25.0,one,no,Pre 3.25.0,one,no,,0,no,,,,,,
3aac7e9e6bc1,The Fracturing Spinner,Blunt Arrow Quiver,Standard,1,1,1,,none,no,,none,no,,0,no,,,,,no-text-match,29% increased Stun Duration on Enemies
05262da1b113,Karui Ward,Jade Amulet,Standard,1,2,2,Current,one,no,Current,one,no,,0,no,,,,,,
8c8cf1aa7989,Rotgut,Quicksilver Flask,Standard,1,4,4,Pre 3.15.0,one,no,Pre 3.15.0,one,no,,0,no,,,utilityMods,,,
e0d61a0522d1,The Overflowing Chalice,Sulphur Flask,Standard,1,2,2,Pre 3.15.0,one,no,Pre 3.15.0,one,no,,0,no,,,utilityMods,,,
537886505f72,The Rippling Thoughts,Legion Sword,Standard,1,1,1,only,one,no,only,one,no,,0,no,,,,,,
15e0788398c3,Craghead,Serrated Arrow Quiver,Standard,1,2,2,Pre 3.17.0,one,no,Pre 3.17.0,one,no,,0,no,,,,,,
9457821edfb8,Sire of Shards,Serpentine Staff,Standard,1,3,3,Pre 3.25.0,one,no,Pre 3.25.0,one,no,,0,no,,,,,,
47364956868c,Wake of Destruction,Mesh Boots,Standard,1,3,3,Current,one,no,Current,one,no,,0,no,,,,,,
d78f216712ae,Pillar of the Caged God,Iron Staff,Standard,1,3,3,Pre 3.25.0,one,no,Pre 3.25.0,one,no,,0,no,,,,,,
02216833e4f9,Cameria's Maul,Gavel,Standard,1,2,2,Current,one,no,Current,one,no,,0,no,,,,,,
e298f6856271,Sidhebreath,Paua Amulet,Standard,1,4,4,Pre 3.19.0,one,no,Pre 3.19.0,one,no,,0,no,,,,,,
2f0d8c9804aa,Edge of Madness,Etched Greatsword,Standard,1,4,4,Current,one,no,Current,one,no,,0,no,,,,,,
6998b03fd0de,Pyre,Sapphire Ring,Standard,1,3,3,Current,one,no,Current,one,no,,0,no,,,,,,
60bedfa1c74e,Might and Influence,Viridian Jewel,Standard,1,6,21,,none,no,Dagger | Sword,one,no,selection,0,no,,,,,,
9c80cd3ecb32,Obliteration,Demon's Horn,Standard,1,6,6,Pre 3.19.0,one,no,Pre 3.19.0,one,no,,0,no,,,,,,
9b677b158f68,Wurm's Molt,Leather Belt,Standard,1,2,2,Pre 3.19.0,one,no,Pre 3.19.0,one,no,,0,no,,,,,,
8b603c5bb6e2,Aurumvorax,Basket Rapier,Standard,1,3,3,Current,one,no,Current,one,no,,0,no,,,,,,
df2da07bed7b,Rise of the Phoenix,Mosaic Kite Shield,Standard,1,4,4,Pre 3.19.0,one,no,Pre 3.19.0,one,no,,0,no,,,,,,
3c6ca7c90b1f,Cane of Unravelling,Ezomyte Staff,Standard,1,5,5,Pre 3.25.0,one,no,Pre 3.25.0,one,no,,0,no,,,,,,
53c065c2acfe,Doomfletch,Royal Bow,Standard,1,5,5,Pre 3.19.0,one,no,Pre 3.19.0,one,no,,0,no,,,,,,
8555f3988c81,Perandus Blazon,Cloth Belt,Standard,1,3,3,Pre 1.1.0;Pre 3.25.0,several,no,Pre 1.1.0;Pre 3.25.0,several,no,,0,no,,,,,,
1db97f593349,Forbidden Taste,Quartz Flask,Standard,1,4,4,Pre 3.15.0,one,no,Pre 3.15.0,one,no,,0,no,,,utilityMods,,,
c78da5efb0fc,The Overflowing Chalice,Sulphur Flask,Standard,1,2,2,Pre 3.15.0,one,no,Pre 3.15.0,one,no,,0,no,,,utilityMods,,,
b49ca90fe884,Perandus Blazon,Cloth Belt,Standard,1,3,3,Pre 1.1.0;Pre 3.25.0,several,no,Pre 1.1.0;Pre 3.25.0,several,no,,0,no,,,,,,
09c1fe8fdbdc,Ahn's Contempt,Praetor Crown,Standard,1,1,1,only,one,no,only,one,no,,0,no,,,,,,
f77987b81bb4,Prismatic Eclipse,Twilight Blade,Standard,1,5,5,,none,no,,none,no,,0,no,,,,,no-text-match,5% increased Attack Speed
c513ad874e7c,Forbidden Taste,Quartz Flask,Standard,1,4,4,Pre 3.15.0,one,no,Pre 3.15.0,one,no,,0,no,,,utilityMods,,,
8206415d760e,Deidbell,Gilded Sallet,Standard,1,3,3,Pre 3.19.0,one,no,Pre 3.19.0,one,no,,0,no,,,,,,
e64c870dbb86,Pacifism,Viridian Jewel,Standard,1,1,1,only,one,no,only,one,no,,0,no,,,,,,
028a6f3895cd,Forbidden Taste,Quartz Flask,Standard,1,4,4,Pre 3.15.0,one,no,Pre 3.15.0,one,no,,0,no,,,utilityMods,,,
6af34f47e485,Wake of Destruction,Mesh Boots,Standard,1,3,3,Current,one,no,Current,one,no,,0,no,,,,,,
0361728b8673,Callinellus Malleus,Auric Mace,Standard,1,2,2,Current,one,no,Current,one,no,,0,no,,,,,,
40b12d431207,Matua Tupuna,Tarnished Spirit Shield,Standard,1,3,3,Pre 3.19.0,one,no,Pre 3.19.0,one,no,,0,no,,,,,,
6a1af638970c,Cane of Unravelling,Ezomyte Staff,Standard,1,5,5,Pre 3.25.0,one,no,Pre 3.25.0,one,no,,0,no,,,,,,
51192f46db86,Deerstalker,Deerskin Boots,Standard,1,3,3,Pre 3.19.0,one,no,Pre 3.19.0,one,no,,0,no,,,,,,
a3974b0ddc5b,Poacher's Aim,Viridian Jewel,Standard,1,1,1,only,one,no,only,one,no,,0,no,,,,,,
e1267639ce3a,Storm Prison,Carved Wand,Standard,1,3,3,Pre 2.3.0;Pre 3.21.0,several,no,Pre 2.3.0;Pre 3.21.0,several,no,,0,no,,,,,,
8775ce4d6763,Primordial Harmony,Cobalt Jewel,Standard,1,2,2,,none,no,,none,no,,0,no,,,,,no-text-match,5% increased Damage
7a4e6d635fa7,Primordial Harmony,Cobalt Jewel,Standard,1,2,2,Current,one,no,Current,one,no,,0,no,,,,,,
5494ea51ef01,Primordial Harmony,Cobalt Jewel,Standard,1,2,2,Current,one,no,Current,one,no,,0,no,,,,,,
8648a7d80315,Primordial Harmony,Cobalt Jewel,Standard,1,2,2,Current,one,no,Current,one,no,,0,no,,,,,,
7eb3272a9b9c,Lethal Pride,Timeless Jewel,Standard,1,4,4,Kaom (Strength of Blood),one,no,Kaom (Strength of Blood),one,no,,0,no,,,,,,
28ad254aa65a,Primordial Harmony,Cobalt Jewel,Standard,1,2,2,Current,one,no,Current,one,no,,0,no,,,,,,
63c13f9a8ebe,Primordial Eminence,Viridian Jewel,Standard,1,1,1,only,one,no,only,one,no,,0,no,,,,,,
a8020ba0216d,Watcher's Eye,Prismatic Jewel,Standard,0,0,0,,unbound,no,,unbound,no,,0,no,,,,,,
c178c479ca01,Dyadian Dawn,Heavy Belt,Standard,1,2,2,,none,no,,none,no,,0,no,,,,,no-text-match,5% increased Strength
aee87922dcde,Cold Iron Point,Ezomyte Dagger,Standard,1,1,1,only,one,no,only,one,no,,0,no,,,,,,
b9cd2826d164,Cold Iron Point,Ezomyte Dagger,Standard,1,1,1,only,one,no,only,one,no,,0,no,,,,,,
8d8a77c989b3,Glorious Vanity,Timeless Jewel,Standard,1,4,4,Xibaqua (Divine Flesh),one,no,Xibaqua (Divine Flesh),one,no,,0,no,,,,,,
97ab455315a9,Berek's Respite,Two-Stone Ring,Standard,1,2,2,,none,no,Current,one,no,catalyst,4,yes,Elemental Damage,20,,,,
1000d648c5c6,Prism Guardian,Archon Kite Shield,Standard,1,4,4,,none,no,,none,no,,0,no,,,,,number-outside-range,Socketed Gems have 25% increased Reservation Efficiency
dc725170361e,Algor Mortis,Carnal Mitts,Standard,1,1,1,only,one,no,only,one,no,,0,no,,,,,,
95c70d0bc4f8,Presence of Chayula,Onyx Amulet,Standard,1,1,1,,none,no,only,one,no,catalyst,1,yes,Attribute,20,enchantMods,,,
f4a74d03990b,Thread of Hope,Crimson Jewel,Standard,1,5,5,Very Large Ring,one,no,Very Large Ring,one,no,,0,no,,,,,,
fa81fb47b993,Command of the Pit,Riveted Gloves,Standard,1,4,4,Pre 3.27.0 One Abyssal Socket,one,no,Pre 3.27.0 One Abyssal Socket,one,no,,0,no,,,,,,
cee3d20e989d,Fortress Covenant,Cobalt Jewel,Standard,1,2,2,,none,no,,none,no,,0,no,,,,,no-text-match,You cannot be Maimed
1f74e7e65284,Fenumus' Spinnerets,Assassin's Boots,Standard,1,1,1,only,one,no,only,one,no,,0,no,,,,,,
04fd093a4431,Primordial Eminence,Viridian Jewel,Standard,1,1,1,,none,no,,none,no,,0,no,,,,,no-text-match,Corrupted Blood cannot be inflicted on you
cf3074c0fa15,Skin of the Loyal,Simple Robe,Standard,1,1,1,,none,no,,none,no,,0,no,,,,,no-text-match,+2 to Level of Socketed Duration Gems
edeeaede9269,Presence of Chayula,Onyx Amulet,Standard,1,1,1,only,one,no,only,one,no,,0,no,,,enchantMods,,,
44ded1f01fa5,The Hungry Loop,Unset Ring,Standard,1,1,1,,none,no,,none,no,,0,no,,,enchantMods,,no-text-match,Socketed Gems are Supported by Level 20 Feeding Frenzy
6134961a531c,Primordial Harmony,Cobalt Jewel,Standard,1,2,2,Current,one,no,Current,one,no,,0,no,,,,,,
42fc8feffb56,Bubonic Trail,Murder Boots,Standard,1,4,4,One Abyssal Socket (Pre 3.21.0),one,no,One Abyssal Socket (Pre 3.21.0),one,no,,0,no,,,,,,
8d5041ab81fd,Darkness Enthroned,Stygian Vise,Standard,1,3,3,Current;Pre 3.21.0,several,yes,Current;Pre 3.21.0,several,yes,,0,no,,,,,,
6d476b721d1c,Clayshaper,Rock Breaker,Standard,1,3,3,Pre 3.19.0,one,no,Pre 3.19.0,one,no,,0,no,,,,,,
9fefe6621dd6,Shavronne's Wrappings,Occultist's Vestment,Standard,1,3,3,Current;Pre 3.0.0,several,yes,Current;Pre 3.0.0,several,yes,,0,no,,,,,,
0bd1809c6fb6,Alpha's Howl,Sinner Tricorne,Standard,1,1,1,only,one,no,only,one,no,,0,no,,,enchantMods,,,
4165fbe2b7f9,The Anima Stone,Prismatic Jewel,Standard,1,2,2,Pre 3.23.0,one,no,Pre 3.23.0,one,no,,0,no,,,,,,
1747ec10a1e8,Doryani's Delusion,Sorcerer Boots,Standard,3,63,63,,none,no,,none,no,,0,no,,,,,number-outside-range,Grants Level 25 Purity of Lightning Skill
1a43e49ccd04,Dyadian Dawn,Heavy Belt,Standard,1,2,2,Current,one,no,Current,one,no,,0,no,,,,,,
84615f5affc5,Primordial Might,Crimson Jewel,Standard,1,1,1,,none,no,,none,no,,0,no,,,,,no-text-match,You cannot be Hindered
cfc4c645eb65,Circle of Anguish,Ruby Ring,Standard,1,7,28,,none,no,,none,no,,0,no,,,,,no-text-match,11% increased Global Physical Damage
51f6ae53100f,Circle of Anguish,Ruby Ring,Standard,1,7,28,,none,no,,none,no,,0,no,,,,,no-text-match,8% increased maximum Life
f52f11aa59c8,Militant Faith,Timeless Jewel,Standard,1,20,1350,,none,no,Dominus (Inner Conviction) | Elemental Resistances | Minion Attack and Cast Speed,one,no,selection,0,no,,,,,,
17e45e7a5212,Brutal Restraint,Timeless Jewel,Standard,1,4,4,,none,no,,none,no,,0,no,,,,,no-text-match,Corrupted Blood cannot be inflicted on you
364694683b27,Energy From Within,Cobalt Jewel,Standard,1,3,3,Current;Pre 3.20.0,several,yes,Current;Pre 3.20.0,several,yes,,0,no,,,,,,
5070c0acfd42,Circle of Fear,Sapphire Ring,Standard,1,7,28,,none,no,,none,no,,0,no,,,,,no-text-match,Gain 5 Mana per Enemy Killed
c693345faaea,The Wise Oak,Bismuth Flask,Standard,1,3,3,Pre 3.15.0,one,no,Pre 3.15.0,one,no,,0,no,,,utilityMods,,,
0e4af8e5a3fe,Watcher's Eye,Prismatic Jewel,Standard,0,0,0,,unbound,no,,unbound,no,,0,no,,,,,,
00c52ba9a063,Watcher's Eye,Prismatic Jewel,Standard,0,0,0,,unbound,no,,unbound,no,,0,no,,,,,,
a4dc926a42dc,Militant Faith,Timeless Jewel,Standard,1,20,1350,,none,no,Dominus (Inner Conviction) | Channelling Damage | Duration of Curses,one,no,selection,0,no,,,,,,
97376dbf2982,Atziri's Promise,Amethyst Flask,Standard,1,3,3,Pre 3.15.0,one,no,Pre 3.15.0,one,no,,0,no,,,utilityMods,,,
49ca167ce327,Frozen Trail,Cobalt Jewel,Standard,1,1,1,only,one,no,only,one,no,,0,no,,,,,,
8546552c36ea,Cloak of Defiance,Lacquered Garb,Standard,1,5,5,Pre 3.19.0,one,no,Pre 3.19.0,one,no,,0,no,,,,,,
631fd4867c48,The Wise Oak,Bismuth Flask,Standard,1,3,3,Pre 3.15.0,one,no,Pre 3.15.0,one,no,,0,no,,,utilityMods,,,
a34d7fd27671,Mark of the Shaper,Opal Ring,Standard,1,1,1,only,one,no,only,one,no,,0,no,,,,,,
9c6309e66b37,The Signal Fire,Fire Arrow Quiver,Standard,1,4,4,Pre 3.17.0,one,no,Pre 3.17.0,one,no,,0,no,,,,,,
09226fab3da5,Bottled Faith,Sulphur Flask,Standard,1,3,3,Pre 3.15.0,one,no,Pre 3.15.0,one,no,,0,no,,,utilityMods,,,
771d19c894b4,Cospri's Malice,Jewelled Foil,Standard,1,2,2,Current,one,no,Current,one,no,,0,no,,,enchantMods,,,
e96b618b78c6,Roth's Reach,Recurve Bow,Standard,1,3,3,Pre 3.19.0,one,no,Pre 3.19.0,one,no,,0,no,,,,,,
b2b207968d6c,Lightbane Raiment,Ornate Ringmail,Standard,1,4,4,Current,one,no,Current,one,no,,0,no,,,,,,
dbcb3d153606,Wildfire,Crimson Jewel,Standard,1,2,2,Current,one,no,Current,one,no,,0,no,,,,,,
4328d450c015,Limbsplit,Woodsplitter,Standard,1,2,2,Current,one,no,Current,one,no,,0,no,,,,,,
b3b3a0cd9046,Relentless Fury,Decorative Axe,Standard,1,2,2,Current,one,no,Current,one,no,,0,no,,,,,,
73aec9b6bd7e,Assassin's Haste,Cobalt Jewel,Standard,1,1,1,only,one,no,only,one,no,,0,no,,,,,,
62c44e44cc8e,Omen on the Winds,Viridian Jewel,Standard,1,2,2,Current,one,no,Current,one,no,,0,no,,,,,,
92f301dcc25a,Aurumvorax,Basket Rapier,Standard,1,3,3,Current,one,no,Current,one,no,,0,no,,,,,,
dc92f136cfa4,Ungil's Harmony,Turquoise Amulet,Standard,1,2,2,Current,one,no,Current,one,no,,0,no,,,,,,
42643d5f4c68,Twyzel,Sage Wand,Standard,1,3,3,Pre 2.27.0,one,no,Pre 2.27.0,one,no,,0,no,,,,,,
589a7e572bcc,Silverbranch,Crude Bow,Standard,1,2,2,Current,one,no,Current,one,no,,0,no,,,,,,
98a5bff7d8ee,Infractem,Decimation Bow,Standard,1,5,5,Pre 3.17.0,one,no,Pre 3.17.0,one,no,,0,no,,,,,,
24355d28ca24,First Snow,Cobalt Jewel,Standard,1,1,1,only,one,no,only,one,no,,0,no,,,,,,
bf5c84d6cc08,Death's Harp,Death Bow,Standard,1,7,7,Pre 3.17.0,one,no,Pre 3.17.0,one,no,,0,no,,,,,,
626fa564d37e,Fencoil,Gnarled Branch,Standard,1,3,3,Pre 3.25.0,one,no,Pre 3.25.0,one,no,,0,no,,,,,,
cd51230a3b64,Roth's Reach,Recurve Bow,Standard,1,3,3,Pre 3.19.0,one,no,Pre 3.19.0,one,no,,0,no,,,,,,
334a26e5c171,Limbsplit,Woodsplitter,Standard,1,2,2,Current,one,no,Current,one,no,,0,no,,,,,,
f5fc75232602,Aurumvorax,Basket Rapier,Standard,1,3,3,Current,one,no,Current,one,no,,0,no,,,,,,
7bdffae9c9fb,Deidbell,Gilded Sallet,Standard,1,3,3,Pre 3.19.0,one,no,Pre 3.19.0,one,no,,0,no,,,,,,
d4d714446dac,Poacher's Aim,Viridian Jewel,Standard,1,1,1,only,one,no,only,one,no,,0,no,,,,,,
19259e531454,Stormcharger,Plated Greaves,Standard,1,2,2,Pre 3.19.0,one,no,Pre 3.19.0,one,no,,0,no,,,,,,
4c8867ff394f,The Blood Reaper,Headsman Axe,Standard,1,3,3,Current,one,no,Current,one,no,,0,no,,,,,,
6b372b4a9d14,Conqueror's Efficiency,Crimson Jewel,Standard,1,1,1,only,one,no,only,one,no,,0,no,,,,,,
c09848e31908,Hrimnor's Hymn,Sledgehammer,Standard,1,2,2,Current,one,no,Current,one,no,,0,no,,,,,,
1b26431975af,Shavronne's Pace,Scholar Boots,Standard,1,4,4,Pre 3.19.0,one,no,Pre 3.19.0,one,no,,0,no,,,,,,
e35adf1b9689,Twyzel,Sage Wand,Standard,1,3,3,Pre 2.27.0,one,no,Pre 2.27.0,one,no,,0,no,,,,,,
2df33e96122c,Poacher's Aim,Viridian Jewel,Standard,1,1,1,only,one,no,only,one,no,,0,no,,,,,,
3accd30892e3,The Screaming Eagle,Jade Hatchet,Standard,1,2,2,Current,one,no,Current,one,no,,0,no,,,,,,
8513be7f218e,Ralakesh's Impatience,Riveted Boots,Standard,1,5,5,,none,no,,none,no,,0,no,,,,,variant-line-not-displayed,"Lose all Frenzy, Endurance, and Power Charges when you Move"
3e7b5fd89164,Deidbell,Gilded Sallet,Standard,1,3,3,Pre 3.19.0,one,no,Pre 3.19.0,one,no,,0,no,,,,,,
cb988579a9e8,Ashcaller,Quartz Wand,Standard,1,5,5,Pre 3.19.0,one,no,Pre 3.19.0,one,no,,0,no,,,,,,
06abb37c293f,The Princess,Sabre,Standard,1,2,2,Current,one,no,Current,one,no,,0,no,,,,,,
a34a0c8d43d1,Fencoil,Gnarled Branch,Standard,1,3,3,Pre 3.25.0,one,no,Pre 3.25.0,one,no,,0,no,,,,,,
f6bb3eedfe23,Aurumvorax,Basket Rapier,Standard,1,3,3,Current,one,no,Current,one,no,,0,no,,,,,,
4b220c0b0d9a,Silverbranch,Crude Bow,Standard,1,2,2,Current,one,no,Current,one,no,,0,no,,,,,,
a08d47d3716b,Ondar's Clasp,Wrapped Mitts,Standard,1,3,3,Pre 3.19.0,one,no,Pre 3.19.0,one,no,,0,no,,,,,,
5e304f3222ff,Dusktoe,Ironscale Boots,Standard,1,4,4,Pre 3.19.0,one,no,Pre 3.19.0,one,no,,0,no,,,,,,
58024ca15518,Aurumvorax,Basket Rapier,Standard,1,3,3,Current,one,no,Current,one,no,,0,no,,,,,,
8af41b013d25,Wildslash,Awl,Standard,1,2,2,Current,one,no,Current,one,no,,0,no,,,,,,
591d192a020e,Aurumvorax,Basket Rapier,Standard,1,3,3,Current,one,no,Current,one,no,,0,no,,,,,,
b283b12831e0,Ungil's Harmony,Turquoise Amulet,Standard,1,2,2,Current,one,no,Current,one,no,,0,no,,,,,,
c01e733c2654,The Deep One's Hide,Studded Round Shield,Standard,1,2,2,Current,one,no,Current,one,no,,0,no,,,,,,
73c599a9165a,Ungil's Gauche,Boot Knife,Standard,1,3,3,Current;Pre 1.1.0,several,yes,Current;Pre 1.1.0,several,yes,,0,no,,,,,,
8f7cc642a860,Hazardous Research,Cobalt Jewel,Standard,1,2,2,,none,no,,none,no,,0,no,,,,,no-text-match,"With at least 40 Intelligence in Radius, Spark fires 2 additional Projectiles"
c6ef33404c3d,Assassin's Haste,Cobalt Jewel,Standard,1,1,1,only,one,no,only,one,no,,0,no,,,,,,
c0b1af027f54,Roth's Reach,Recurve Bow,Standard,1,3,3,Pre 3.19.0,one,no,Pre 3.19.0,one,no,,0,no,,,,,,
889bee1d9b6b,The Deep One's Hide,Studded Round Shield,Standard,1,2,2,Current,one,no,Current,one,no,,0,no,,,,,,
213b967fcdb0,The Ignomon,Gold Amulet,Standard,1,2,2,Pre 3.19.0,one,no,Pre 3.19.0,one,no,,0,no,,,,,,
5c45770ff514,Deerstalker,Deerskin Boots,Standard,1,3,3,Pre 3.19.0,one,no,Pre 3.19.0,one,no,,0,no,,,,,,
7801299f0b93,Perseverance,Vanguard Belt,Standard,1,2,2,Current,one,no,Current,one,no,,0,no,,,,,,
9446f955e51a,Wanderlust,Wool Shoes,Standard,1,1,1,only,one,no,only,one,no,,0,no,,,,,,
60a8ec03c25b,Ungil's Harmony,Turquoise Amulet,Standard,1,2,2,Current,one,no,Current,one,no,,0,no,,,,,,
207ed17ac1da,Perandus Blazon,Cloth Belt,Standard,1,3,3,Pre 3.25.0,one,no,Pre 3.25.0,one,no,,0,no,,,,,,
8801dd2b6729,Wings of Entropy,Ezomyte Axe,Standard,1,6,6,Pre 3.26.0,one,no,Pre 3.26.0,one,no,,0,no,,,,,,
de87b0a34074,Nomic's Storm,Strapped Boots,Standard,1,3,3,Current,one,no,Current,one,no,,0,no,,,,,,
27f177b01c2d,Dusktoe,Ironscale Boots,Standard,1,4,4,Pre 3.19.0,one,no,Pre 3.19.0,one,no,,0,no,,,,,,
3355a21d3a18,Bloodplay,Stiletto,Standard,1,2,2,Current,one,no,Current,one,no,,0,no,,,,,,
9817004103a7,Wanderlust,Wool Shoes,Standard,1,1,1,only,one,no,only,one,no,,0,no,,,,,,
5e1aa3f5ed78,Icetomb,Latticed Ringmail,Standard,1,3,3,Pre 3.19.0,one,no,Pre 3.19.0,one,no,,0,no,,,,,,
5d30dff74cf0,Last Resort,Nailed Fist,Standard,1,1,1,only,one,no,only,one,no,,0,no,,,,,,
b9d26a8db9d1,First Snow,Cobalt Jewel,Standard,1,1,1,only,one,no,only,one,no,,0,no,,,,,,
ed1ea4595e7e,Briskwrap,Strapped Leather,Standard,1,4,4,Pre 3.19.0,one,no,Pre 3.19.0,one,no,,0,no,,,,,,
50841e009c30,Ambu's Charge,Crusader Chainmail,Standard,1,5,5,Pre 3.19.0,one,no,Pre 3.19.0,one,no,,0,no,,,,,,
af5d1b914cd5,Daresso's Passion,Estoc,Standard,1,2,2,Current,one,no,Current,one,no,,0,no,,,,,,
c236a32897fe,Geofri's Crest,Great Crown,Standard,1,3,3,,none,no,,none,no,,0,no,,,,,variant-line-not-displayed,+1 to maximum number of Summoned Holy Relics
21dd5d113f8d,Fairgraves' Tricorne,Tricorne,Standard,1,2,2,,none,no,,none,no,,0,no,,,,,variant-line-not-displayed,15% increased Stun and Block Recovery
ac37d0e06799,Nycta's Lantern,Crystal Sceptre,Standard,1,5,5,Pre 3.19.0,one,no,Pre 3.19.0,one,no,,0,no,,,,,,
644ba6455a2b,Thousand Teeth Temu,Vaal Buckler,Standard,1,4,4,Pre 3.19.0,one,no,Pre 3.19.0,one,no,,0,no,,,,,,
8ab23eb2e668,Bramblejack,Plate Vest,Standard,1,2,2,Pre 3.19.0,one,no,Pre 3.19.0,one,no,,0,no,,,,,,
6d5a0b5e84cb,Fairgraves' Tricorne,Tricorne,Standard,1,2,2,,none,no,,none,no,,0,no,,,,,variant-line-not-displayed,15% increased Stun and Block Recovery
a6a650cd0a57,Nomic's Storm,Strapped Boots,Standard,1,3,3,Current,one,no,Current,one,no,,0,no,,,,,,
8d7bcff5164f,Shiversting,Bastard Sword,Standard,1,3,3,Current,one,no,Current,one,no,,0,no,,,,,,
d09984b12ece,Last Resort,Nailed Fist,Standard,1,1,1,only,one,no,only,one,no,,0,no,,,,,,
71d612e85bf0,Deidbell,Gilded Sallet,Standard,1,3,3,Pre 3.19.0,one,no,Pre 3.19.0,one,no,,0,no,,,,,,
85d8a3e79616,Twyzel,Sage Wand,Standard,1,3,3,Pre 2.27.0,one,no,Pre 2.27.0,one,no,,0,no,,,,,,
0eee55688255,Storm Prison,Carved Wand,Standard,1,3,3,Pre 2.3.0;Pre 3.21.0,several,no,Pre 2.3.0;Pre 3.21.0,several,no,,0,no,,,,,,
cc477e7aa777,Bloodplay,Stiletto,Standard,1,2,2,Current,one,no,Current,one,no,,0,no,,,,,,
f2b677e0de77,Fidelitas' Spike,Jagged Foil,Standard,1,3,3,Current,one,no,Current,one,no,,0,no,,,,,,
7c297bdf3d7d,Stormcharger,Plated Greaves,Standard,1,2,2,Pre 3.19.0,one,no,Pre 3.19.0,one,no,,0,no,,,,,,
4419c6327cdd,Bronn's Lithe,Cutthroat's Garb,Standard,1,4,4,Pre 3.19.0,one,no,Pre 3.19.0,one,no,,0,no,,,,,,
663fd605f446,Belt of the Deceiver,Heavy Belt,Standard,1,2,2,Current,one,no,Current,one,no,,0,no,,,,,,
b24a8095ae5b,Bones of Ullr,Silk Slippers,Standard,1,1,1,only,one,no,only,one,no,,0,no,,,,,,
a4267d10cf27,Goredrill,Skinning Knife,Standard,1,1,1,only,one,no,only,one,no,,0,no,,,,,,
2d847f7b03d2,The Ignomon,Gold Amulet,Standard,1,2,2,Pre 3.19.0,one,no,Pre 3.19.0,one,no,,0,no,,,,,,
b37a57997cb3,Moonsorrow,Imbued Wand,Standard,1,5,5,Pre 3.27.0,one,no,Pre 3.27.0,one,no,,0,no,,,,,,
bcd9c23a3741,Bronn's Lithe,Cutthroat's Garb,Standard,1,4,4,Pre 3.19.0,one,no,Pre 3.19.0,one,no,,0,no,,,,,,
d8799fe7dbe1,Dreadarc,Cleaver,Standard,1,1,1,only,one,no,only,one,no,,0,no,,,,,,
f28ee9350e85,Heatshiver,Leather Hood,Standard,1,4,4,Pre 3.19.0,one,no,Pre 3.19.0,one,no,,0,no,,,,,,
e6f8f4a9b3c1,Solaris Lorica,Copper Plate,Standard,1,2,2,Current,one,no,Current,one,no,,0,no,,,,,,
5087902b5eb5,Foxshade,Wild Leather,Standard,1,3,3,Pre 3.19.0,one,no,Pre 3.19.0,one,no,,0,no,,,,,,
a898afdf63b4,Moonsorrow,Imbued Wand,Standard,1,5,5,Pre 3.27.0,one,no,Pre 3.27.0,one,no,,0,no,,,,,,
6d6725da4d1e,Jaws of Agony,Supreme Spiked Shield,Standard,1,4,4,,none,no,,none,no,,0,no,,,,,number-outside-range,+4% chance to Suppress Spell Damage
12a89f92f7fe,Brittle Barrier,Cobalt Jewel,Standard,1,1,1,only,one,no,only,one,no,,0,no,,,,,,
f259b65d2b6e,Ungil's Harmony,Turquoise Amulet,Standard,1,2,2,Current,one,no,Current,one,no,,0,no,,,,,,
12f26efe5ca7,Perandus Blazon,Cloth Belt,Standard,1,3,3,Pre 3.25.0,one,no,Pre 3.25.0,one,no,,0,no,,,,,,
fbdde6acfff0,Goredrill,Skinning Knife,Standard,1,1,1,only,one,no,only,one,no,,0,no,,,,,,
c9614ce95825,Belt of the Deceiver,Heavy Belt,Standard,1,2,2,Current,one,no,Current,one,no,,0,no,,,,,,
c46685102267,Solaris Lorica,Copper Plate,Standard,1,2,2,Current,one,no,Current,one,no,,0,no,,,,,,
73b9af7dba4e,Ondar's Clasp,Wrapped Mitts,Standard,1,3,3,Pre 3.19.0,one,no,Pre 3.19.0,one,no,,0,no,,,,,,
d819f3afe370,Sidhebreath,Paua Amulet,Standard,1,4,4,Pre 3.19.0,one,no,Pre 3.19.0,one,no,,0,no,,,,,,
7e7844dcf32d,Goredrill,Skinning Knife,Standard,1,1,1,only,one,no,only,one,no,,0,no,,,,,,
110e549373d9,Ungil's Harmony,Turquoise Amulet,Standard,1,2,2,Current,one,no,Current,one,no,,0,no,,,,,,
2bb990647978,Goredrill,Skinning Knife,Standard,1,1,1,only,one,no,only,one,no,,0,no,,,,,,
3f9c589b2736,Doedre's Tenure,Velvet Gloves,Standard,1,3,3,Pre 3.19.0,one,no,Pre 3.19.0,one,no,,0,no,,,,,,
01792c27e593,Ondar's Clasp,Wrapped Mitts,Standard,1,3,3,Pre 3.19.0,one,no,Pre 3.19.0,one,no,,0,no,,,,,,
42078b2d5c39,Ondar's Clasp,Wrapped Mitts,Standard,1,3,3,Pre 3.19.0,one,no,Pre 3.19.0,one,no,,0,no,,,,,,
333d2f5233fd,Last Resort,Nailed Fist,Standard,1,1,1,only,one,no,only,one,no,,0,no,,,,,,
00b6b1eca350,Kalisa's Grace,Samite Gloves,Standard,1,1,1,only,one,no,only,one,no,,0,no,,,,,,
37dde679533a,Wondertrap,Velvet Slippers,Standard,1,3,3,Current;Pre 3.19.0,several,yes,Current;Pre 3.19.0,several,yes,,0,no,,,,,,
edbab93f9d83,Axiom Perpetuum,Bronze Sceptre,Standard,1,2,2,Current,one,no,Current,one,no,,0,no,,,,,,
c7496c342760,Quecholli,Jagged Maul,Standard,1,2,2,,none,no,,none,no,,0,no,,,,,no-text-match,"Enemies Killed with Attack or Spell Hits Explode, dealing 10% of their Life as Fire Damage"
ae96bfd5a341,Storm Prison,Carved Wand,Standard,1,3,3,Pre 3.21.0,one,no,Pre 3.21.0,one,no,,0,no,,,,,,
bad7d8001f13,Gorebreaker,Spiked Club,Standard,1,2,2,,none,no,,none,no,,0,no,,,,,no-text-match,Extra gore
e25600e7b679,Shavronne's Pace,Scholar Boots,Standard,1,4,4,Pre 3.19.0,one,no,Pre 3.19.0,one,no,,0,no,,,,,,
dfacb1abb4dd,Bramblejack,Plate Vest,Standard,1,2,2,Pre 3.19.0,one,no,Pre 3.19.0,one,no,,0,no,,,,,,
8fa3c25134a6,Moonsorrow,Imbued Wand,Standard,1,5,5,Pre 3.27.0,one,no,Pre 3.27.0,one,no,,0,no,,,,,,
ae1042ce4584,Crest of Perandus,Pine Buckler,Standard,1,3,3,Current,one,no,Current,one,no,,0,no,,,,,,
ecafceaf211c,Blackgleam,Fire Arrow Quiver,Standard,1,4,4,Pre 3.17.0,one,no,Pre 3.17.0,one,no,,0,no,,,,,,
694540631e2b,Ungil's Harmony,Turquoise Amulet,Standard,1,2,2,Current,one,no,Current,one,no,,0,no,,,,,,
e6e923dbe095,Flesh-Eater,Dream Mace,Standard,1,2,2,Current,one,no,Current,one,no,,0,no,,,,,,
310fbdfa8dd9,Ashcaller,Quartz Wand,Standard,1,5,5,Pre 3.19.0,one,no,Pre 3.19.0,one,no,,0,no,,,,,,
8fb87964ba1c,Roth's Reach,Recurve Bow,Standard,1,3,3,Pre 3.19.0,one,no,Pre 3.19.0,one,no,,0,no,,,,,,
49c9b1442b4f,Bronn's Lithe,Cutthroat's Garb,Standard,1,4,4,Pre 3.19.0,one,no,Pre 3.19.0,one,no,,0,no,,,,,,
a8d24790b973,Dusktoe,Ironscale Boots,Standard,1,4,4,Pre 3.19.0,one,no,Pre 3.19.0,one,no,,0,no,,,,,,
f9a408100653,Flesh-Eater,Dream Mace,Standard,1,2,2,Current,one,no,Current,one,no,,0,no,,,,,,
76246f05a8fa,Blackgleam,Fire Arrow Quiver,Standard,1,4,4,Pre 3.17.0,one,no,Pre 3.17.0,one,no,,0,no,,,,,,
d4d5a45fdcc7,The Peregrine,Visored Sallet,Standard,1,3,3,Current,one,no,Current,one,no,,0,no,,,,,,
0ee2e3176e81,Flesh-Eater,Dream Mace,Standard,1,2,2,Current,one,no,Current,one,no,,0,no,,,,,,
def75495a471,Matua Tupuna,Tarnished Spirit Shield,Standard,1,3,3,Pre 3.19.0,one,no,Pre 3.19.0,one,no,,0,no,,,,,,
ffd8520d6a9d,Chalice of Horrors,War Buckler,Standard,1,5,5,Pre 3.17.0,one,no,Pre 3.17.0,one,no,,0,no,,,,,,
56b7e09d308e,Extractor Mentis,Agate Amulet,Standard,1,2,2,Current,one,no,Current,one,no,,0,no,,,,,,
65cdf7614bc3,Briskwrap,Strapped Leather,Standard,1,4,4,Pre 3.19.0,one,no,Pre 3.19.0,one,no,,0,no,,,,,,
222d3c2ad467,Doedre's Elixir,Greater Mana Flask,Standard,1,3,3,Pre 3.15.0,one,no,Pre 3.15.0,one,no,,0,no,,,,,,
28233116f443,Fidelitas' Spike,Jagged Foil,Standard,1,3,3,Current,one,no,Current,one,no,,0,no,,,,,,
40d8ce3eabc6,Hyrri's Bite,Sharktooth Arrow Quiver,Standard,1,2,2,,none,no,,none,no,,0,no,,,,,variant-line-not-displayed,Gain (6-8) Life per Enemy Hit with Attacks
a99759e27b35,Daresso's Passion,Estoc,Standard,1,2,2,Current,one,no,Current,one,no,,0,no,,,,,,
129be2d06ed1,The Three Dragons,Golden Mask,Standard,1,1,1,only,one,no,only,one,no,,0,no,,,,,,
837a649b2b73,Kaltenhalt,Painted Buckler,Standard,1,4,4,Current,one,no,Current,one,no,,0,no,,,,,,
72bab21a424e,Nycta's Lantern,Crystal Sceptre,Standard,1,5,5,Pre 3.19.0,one,no,Pre 3.19.0,one,no,,0,no,,,,,,
dda508e496af,Lightbane Raiment,Ornate Ringmail,Standard,1,4,4,Current,one,no,Current,one,no,,0,no,,,,,,
812f17062f20,Doedre's Elixir,Greater Mana Flask,Standard,1,3,3,Pre 3.15.0,one,no,Pre 3.15.0,one,no,,0,no,,,,,,
1937dbfe344d,Gorebreaker,Spiked Club,Standard,1,2,2,,none,no,,none,no,,0,no,,,,,no-text-match,Extra gore
903891488a72,The Blood Thorn,Gnarled Branch,Standard,1,3,3,Pre 3.25.0,one,no,Pre 3.25.0,one,no,,0,no,,,,,,
afb2a49d57b7,Dusktoe,Ironscale Boots,Standard,1,4,4,Pre 3.19.0,one,no,Pre 3.19.0,one,no,,0,no,,,,,,
e01e1d08cb43,Stormcharger,Plated Greaves,Standard,1,2,2,Pre 3.19.0,one,no,Pre 3.19.0,one,no,,0,no,,,,,,
9b87dd10a5ec,Assassin's Haste,Cobalt Jewel,Standard,1,1,1,only,one,no,only,one,no,,0,no,,,,,,
e67050c0c973,Perandus Blazon,Cloth Belt,Standard,1,3,3,Pre 3.25.0,one,no,Pre 3.25.0,one,no,,0,no,,,,,,
ca8ae1df3b26,Prismweave,Rustic Sash,Standard,1,3,3,Pre 3.19.0,one,no,Pre 3.19.0,one,no,,0,no,,,,,,
ac410f1088fd,Kaltenhalt,Painted Buckler,Standard,1,4,4,Current,one,no,Current,one,no,,0,no,,,,,,
514c42333509,Asenath's Mark,Iron Circlet,Standard,1,3,3,Pre 3.19.0,one,no,Pre 3.19.0,one,no,,0,no,,,,,,
2add95ce248f,Stormcharger,Plated Greaves,Standard,1,2,2,Pre 3.19.0,one,no,Pre 3.19.0,one,no,,0,no,,,,,,
54e44951777d,Wheel of the Stormsail,Rotted Round Shield,Standard,1,3,3,Pre 3.16.0,one,no,Pre 3.16.0,one,no,,0,no,,,,,,
3a8391c7d1ed,Geofri's Crest,Great Crown,Standard,1,3,3,,none,no,,none,no,,0,no,,,,,variant-line-not-displayed,+1 to maximum number of Summoned Holy Relics
1e5af2a9965c,Forbidden Taste,Quartz Flask,Standard,1,4,4,Pre 3.15.0,one,no,Pre 3.15.0,one,no,,0,no,,,utilityMods,,,
2666cf5f4f6c,Goredrill,Skinning Knife,Standard,1,1,1,only,one,no,only,one,no,,0,no,,,,,,
e2183250c994,Doedre's Elixir,Greater Mana Flask,Standard,1,3,3,Pre 3.15.0,one,no,Pre 3.15.0,one,no,,0,no,,,,,,
d1dfabf0935d,Bloodseeker,Hellion's Paw,Standard,1,4,4,,none,no,,none,no,,0,no,,,,,no-text-match,11% chance to gain a Frenzy Charge on Kill
10a5810778eb,Perepiteia,Ezomyte Spiked Shield,Standard,1,1,1,,none,no,,none,no,,0,no,,,,,no-text-match,+7 to Strength
9f2f04900b91,Circle of Nostalgia,Amethyst Ring,Standard,1,7,28,,none,no,,none,no,,0,no,,,,,no-text-match,16% increased Fire Damage
018e078ba5cc,Circle of Fear,Sapphire Ring,Standard,1,7,28,,none,no,,none,no,,0,no,,,,,no-text-match,+12% to Fire Resistance
5b1584ed6814,Shackles of the Wretched,Chain Gloves,Standard,1,2,2,,none,no,,none,no,,0,no,,,,,no-text-match,+1 to Level of Socketed Gems
3264185ea45b,Alpha's Howl,Sinner Tricorne,Standard,1,1,1,,none,no,,none,no,,0,no,,,,,no-text-match,31% increased Burning Damage
5d8bb57288e7,The Queen's Hunger,Vaal Regalia,Standard,1,1,1,,none,no,,none,no,,0,no,,,,crafted,no-text-match,9% increased Cast Speed
66864e35b12d,Blasphemer's Grasp,Assassin's Mitts,Standard,1,1,1,only,one,no,only,one,no,,0,no,,,,,,
133984616a01,Sidhebreath,Paua Amulet,Standard,1,4,4,Pre 3.19.0,one,no,Pre 3.19.0,one,no,,0,no,,,,,,
e602ecf56de9,Hyrri's Bite,Sharktooth Arrow Quiver,Standard,1,2,2,,none,no,,none,no,,0,no,,,,,no-text-match,Gain 10% of Physical Damage as Extra Lightning Damage
574c868ca6b6,Kikazaru,Topaz Ring,Standard,1,4,4,Pre 3.19.0,one,no,Pre 3.19.0,one,no,,0,no,,,,,,
ac0634937e76,Cherrubim's Maleficence,Triumphant Lamellar,Standard,1,3,3,,none,no,,none,no,,0,no,,,,,no-text-match,43% increased Damage
0d04e5eca553,Contract: Breaking the Unbreakable,Preventative Contract,Standard,0,0,0,,unbound,no,,unbound,no,,0,no,,,,,,
3947c387d585,Contract: The Slaver King,Vigilante Contract,Standard,0,0,0,,unbound,no,,unbound,no,,0,no,,,,,,
dba3337ec763,Contract: The Slaver King,Vigilante Contract,Standard,0,0,0,,unbound,no,,unbound,no,,0,no,,,,,,
65a843d5505b,Contract: The Slaver King,Vigilante Contract,Standard,0,0,0,,unbound,no,,unbound,no,,0,no,,,,,,
b0f37dae6c47,Contract: The Slaver King,Vigilante Contract,Standard,0,0,0,,unbound,no,,unbound,no,,0,no,,,,,,
891773de3215,Contract: The Slaver King,Vigilante Contract,Standard,0,0,0,,unbound,no,,unbound,no,,0,no,,,,,,
149a5b23a9bd,Contract: The Slaver King,Vigilante Contract,Standard,0,0,0,,unbound,no,,unbound,no,,0,no,,,,,,
1d1513a4fbae,Contract: Death to Darnaw,Naval Contract,Standard,0,0,0,,unbound,no,,unbound,no,,0,no,,,,,,
2eb0978582da,Contract: Breaking the Unbreakable,Preventative Contract,Standard,0,0,0,,unbound,no,,unbound,no,,0,no,,,,,,
3576eced251a,Contract: Heart of Glory,Familial Contract,Standard,0,0,0,,unbound,no,,unbound,no,,0,no,,,,,,
136464a8991b,Contract: Breaking the Unbreakable,Preventative Contract,Standard,0,0,0,,unbound,no,,unbound,no,,0,no,,,,,,
6bb2583befa0,Contract: Breaking the Unbreakable,Preventative Contract,Standard,0,0,0,,unbound,no,,unbound,no,,0,no,,,,,,
cc6e20b8268f,Contract: The Slaver King,Vigilante Contract,Standard,0,0,0,,unbound,no,,unbound,no,,0,no,,,,,,
22792b859d31,Contract: The Slaver King,Vigilante Contract,Standard,0,0,0,,unbound,no,,unbound,no,,0,no,,,,,,
3bb13a314aec,Contract: The Slaver King,Vigilante Contract,Standard,0,0,0,,unbound,no,,unbound,no,,0,no,,,,,,
7206304ee023,Contract: Breaking the Unbreakable,Preventative Contract,Standard,0,0,0,,unbound,no,,unbound,no,,0,no,,,,,,
f860e0a37b49,Contract: Death to Darnaw,Naval Contract,Standard,0,0,0,,unbound,no,,unbound,no,,0,no,,,,,,
56953307ef9f,Contract: The Slaver King,Vigilante Contract,Standard,0,0,0,,unbound,no,,unbound,no,,0,no,,,,,,
fc4c1f509e2c,Contract: Heart of Glory,Familial Contract,Standard,0,0,0,,unbound,no,,unbound,no,,0,no,,,,,,
d7c0f4520004,Contract: Heart of Glory,Familial Contract,Standard,0,0,0,,unbound,no,,unbound,no,,0,no,,,,,,
0468b20c93ab,Contract: Breaking the Unbreakable,Preventative Contract,Standard,0,0,0,,unbound,no,,unbound,no,,0,no,,,,,,
c530c684ca24,Contract: Death to Darnaw,Naval Contract,Standard,0,0,0,,unbound,no,,unbound,no,,0,no,,,,,,
dbd42859db79,Contract: Death to Darnaw,Naval Contract,Standard,0,0,0,,unbound,no,,unbound,no,,0,no,,,,,,
2c226086a6f6,Contract: The Slaver King,Vigilante Contract,Standard,0,0,0,,unbound,no,,unbound,no,,0,no,,,,,,
a9e2669f8329,Contract: The Slaver King,Vigilante Contract,Standard,0,0,0,,unbound,no,,unbound,no,,0,no,,,,,,
993bf8888c86,Contract: The Slaver King,Vigilante Contract,Standard,0,0,0,,unbound,no,,unbound,no,,0,no,,,,,,
9831fc01e9a2,Contract: Death to Darnaw,Naval Contract,Standard,0,0,0,,unbound,no,,unbound,no,,0,no,,,,,,
f5144201ead9,Contract: The Slaver King,Vigilante Contract,Standard,0,0,0,,unbound,no,,unbound,no,,0,no,,,,,,
e2b0293cdac2,Contract: The Slaver King,Vigilante Contract,Standard,0,0,0,,unbound,no,,unbound,no,,0,no,,,,,,
754f3436f230,Contract: The Slaver King,Vigilante Contract,Standard,0,0,0,,unbound,no,,unbound,no,,0,no,,,,,,
37f06d03bf25,Contract: Heart of Glory,Familial Contract,Standard,0,0,0,,unbound,no,,unbound,no,,0,no,,,,,,
e40a148f423c,Contract: The Slaver King,Vigilante Contract,Standard,0,0,0,,unbound,no,,unbound,no,,0,no,,,,,,
ba4d19cdd11a,Contract: Breaking the Unbreakable,Preventative Contract,Standard,0,0,0,,unbound,no,,unbound,no,,0,no,,,,,,
983c0212b56e,Contract: Heart of Glory,Familial Contract,Standard,0,0,0,,unbound,no,,unbound,no,,0,no,,,,,,
f857673210a5,Contract: Death to Darnaw,Naval Contract,Standard,0,0,0,,unbound,no,,unbound,no,,0,no,,,,,,
456d1d199569,Contract: The Slaver King,Vigilante Contract,Standard,0,0,0,,unbound,no,,unbound,no,,0,no,,,,,,
aefd37a78fff,Contract: The Slaver King,Vigilante Contract,Standard,0,0,0,,unbound,no,,unbound,no,,0,no,,,,,,
16f0817817ad,Contract: Death to Darnaw,Naval Contract,Standard,0,0,0,,unbound,no,,unbound,no,,0,no,,,,,,
5950f6139715,Contract: The Slaver King,Vigilante Contract,Standard,0,0,0,,unbound,no,,unbound,no,,0,no,,,,,,
bbbb8de1b705,Contract: Heart of Glory,Familial Contract,Standard,0,0,0,,unbound,no,,unbound,no,,0,no,,,,,,
53133132e9b3,Contract: The Slaver King,Vigilante Contract,Standard,0,0,0,,unbound,no,,unbound,no,,0,no,,,,,,
58787813e267,Contract: Breaking the Unbreakable,Preventative Contract,Standard,0,0,0,,unbound,no,,unbound,no,,0,no,,,,,,
d28bae78920c,Contract: The Slaver King,Vigilante Contract,Standard,0,0,0,,unbound,no,,unbound,no,,0,no,,,,,,
b6b6fe83794b,Contract: Heart of Glory,Familial Contract,Standard,0,0,0,,unbound,no,,unbound,no,,0,no,,,,,,
0367343a3b3b,Contract: Breaking the Unbreakable,Preventative Contract,Standard,0,0,0,,unbound,no,,unbound,no,,0,no,,,,,,
4c0d2ed0b907,Contract: The Twins,Vengeful Contract,Standard,0,0,0,,unbound,no,,unbound,no,,0,no,,,,,,
092c8deeff9e,Contract: Death to Darnaw,Naval Contract,Standard,0,0,0,,unbound,no,,unbound,no,,0,no,,,,,,
dd4664c0c2d2,Contract: Breaking the Unbreakable,Preventative Contract,Standard,0,0,0,,unbound,no,,unbound,no,,0,no,,,,,,
2348351beccf,Contract: Heart of Glory,Familial Contract,Standard,0,0,0,,unbound,no,,unbound,no,,0,no,,,,,,
c53f95e779e6,Contract: The Slaver King,Vigilante Contract,Standard,0,0,0,,unbound,no,,unbound,no,,0,no,,,,,,
e4d5b60da363,Contract: Heart of Glory,Familial Contract,Standard,0,0,0,,unbound,no,,unbound,no,,0,no,,,,,,
17ff59e66e11,Contract: The Twins,Vengeful Contract,Standard,0,0,0,,unbound,no,,unbound,no,,0,no,,,,,,
de6580ebf579,Contract: Death to Darnaw,Naval Contract,Standard,0,0,0,,unbound,no,,unbound,no,,0,no,,,,,,
641bcb4300c1,Contract: Death to Darnaw,Naval Contract,Standard,0,0,0,,unbound,no,,unbound,no,,0,no,,,,,,
2250fd5ed438,Contract: The Slaver King,Vigilante Contract,Standard,0,0,0,,unbound,no,,unbound,no,,0,no,,,,,,
ed2bf995caee,Contract: The Slaver King,Vigilante Contract,Standard,0,0,0,,unbound,no,,unbound,no,,0,no,,,,,,
8f291081500b,Contract: Breaking the Unbreakable,Preventative Contract,Standard,0,0,0,,unbound,no,,unbound,no,,0,no,,,,,,
997d031fa503,Contract: The Slaver King,Vigilante Contract,Standard,0,0,0,,unbound,no,,unbound,no,,0,no,,,,,,
16853f9e58e2,Contract: Heart of Glory,Familial Contract,Standard,0,0,0,,unbound,no,,unbound,no,,0,no,,,,,,
b83d64784163,Contract: Breaking the Unbreakable,Preventative Contract,Standard,0,0,0,,unbound,no,,unbound,no,,0,no,,,,,,
e34fa4f75d5d,Contract: Breaking the Unbreakable,Preventative Contract,Standard,0,0,0,,unbound,no,,unbound,no,,0,no,,,,,,
553110555059,Contract: Heart of Glory,Familial Contract,Standard,0,0,0,,unbound,no,,unbound,no,,0,no,,,,,,
8292d2ee8035,Contract: Breaking the Unbreakable,Preventative Contract,Standard,0,0,0,,unbound,no,,unbound,no,,0,no,,,,,,
085c21934d75,Contract: The Slaver King,Vigilante Contract,Standard,0,0,0,,unbound,no,,unbound,no,,0,no,,,,,,
7514aa5ffec2,Contract: Heart of Glory,Familial Contract,Standard,0,0,0,,unbound,no,,unbound,no,,0,no,,,,,,
ef0a3d1cd091,Contract: Heart of Glory,Familial Contract,Standard,0,0,0,,unbound,no,,unbound,no,,0,no,,,,,,
e7aeb06d0c95,Contract: The Twins,Vengeful Contract,Standard,0,0,0,,unbound,no,,unbound,no,,0,no,,,,,,
6a3abd85f891,Contract: The Slaver King,Vigilante Contract,Standard,0,0,0,,unbound,no,,unbound,no,,0,no,,,,,,
fb2c95c1eb7c,Contract: Heart of Glory,Familial Contract,Standard,0,0,0,,unbound,no,,unbound,no,,0,no,,,,,,
533dc611ac33,Contract: The Slaver King,Vigilante Contract,Standard,0,0,0,,unbound,no,,unbound,no,,0,no,,,,,,
99b63066edce,Contract: Heart of Glory,Familial Contract,Standard,0,0,0,,unbound,no,,unbound,no,,0,no,,,,,,
3f2038f7938d,Contract: Heart of Glory,Familial Contract,Standard,0,0,0,,unbound,no,,unbound,no,,0,no,,,,,,
d9636116455f,Contract: Breaking the Unbreakable,Preventative Contract,Standard,0,0,0,,unbound,no,,unbound,no,,0,no,,,,,,
4a7f877fe561,Contract: Breaking the Unbreakable,Preventative Contract,Standard,0,0,0,,unbound,no,,unbound,no,,0,no,,,,,,
5ae164a9f520,Contract: Breaking the Unbreakable,Preventative Contract,Standard,0,0,0,,unbound,no,,unbound,no,,0,no,,,,,,
56e97804d65c,Contract: The Slaver King,Vigilante Contract,Standard,0,0,0,,unbound,no,,unbound,no,,0,no,,,,,,
48b673edd1dd,Contract: Breaking the Unbreakable,Preventative Contract,Standard,0,0,0,,unbound,no,,unbound,no,,0,no,,,,,,
8c6addf7e4a0,Contract: The Slaver King,Vigilante Contract,Standard,0,0,0,,unbound,no,,unbound,no,,0,no,,,,,,
50c909231fb5,Contract: Breaking the Unbreakable,Preventative Contract,Standard,0,0,0,,unbound,no,,unbound,no,,0,no,,,,,,
a60c8bf4204a,Contract: Heart of Glory,Familial Contract,Standard,0,0,0,,unbound,no,,unbound,no,,0,no,,,,,,
5777c039dc52,Contract: The Slaver King,Vigilante Contract,Standard,0,0,0,,unbound,no,,unbound,no,,0,no,,,,,,
8a3602dcadd0,Contract: Heart of Glory,Familial Contract,Standard,0,0,0,,unbound,no,,unbound,no,,0,no,,,,,,
4eb3aaf79d13,Contract: Heart of Glory,Familial Contract,Standard,0,0,0,,unbound,no,,unbound,no,,0,no,,,,,,
1ed1332bf906,Contract: Breaking the Unbreakable,Preventative Contract,Standard,0,0,0,,unbound,no,,unbound,no,,0,no,,,,,,
4f46eefe6dd0,Contract: The Twins,Vengeful Contract,Standard,0,0,0,,unbound,no,,unbound,no,,0,no,,,,,,
a709e5d62e4a,Contract: Breaking the Unbreakable,Preventative Contract,Standard,0,0,0,,unbound,no,,unbound,no,,0,no,,,,,,
8f4eb6b43184,Contract: Heart of Glory,Familial Contract,Standard,0,0,0,,unbound,no,,unbound,no,,0,no,,,,,,
8e1e7e802220,Contract: Heart of Glory,Familial Contract,Standard,0,0,0,,unbound,no,,unbound,no,,0,no,,,,,,
adbed32be757,Contract: Breaking the Unbreakable,Preventative Contract,Standard,0,0,0,,unbound,no,,unbound,no,,0,no,,,,,,
470f2a973329,Contract: The Slaver King,Vigilante Contract,Standard,0,0,0,,unbound,no,,unbound,no,,0,no,,,,,,
9a4da096dd3f,Contract: Heart of Glory,Familial Contract,Standard,0,0,0,,unbound,no,,unbound,no,,0,no,,,,,,
98c57a904b72,Contract: Breaking the Unbreakable,Preventative Contract,Standard,0,0,0,,unbound,no,,unbound,no,,0,no,,,,,,
fe4b0ff8120b,Contract: Death to Darnaw,Naval Contract,Standard,0,0,0,,unbound,no,,unbound,no,,0,no,,,,,,
bcf2db738077,Contract: Death to Darnaw,Naval Contract,Standard,0,0,0,,unbound,no,,unbound,no,,0,no,,,,,,
eeac54a02194,Contract: The Slaver King,Vigilante Contract,Standard,0,0,0,,unbound,no,,unbound,no,,0,no,,,,,,
7a48dfe97939,Contract: Breaking the Unbreakable,Preventative Contract,Standard,0,0,0,,unbound,no,,unbound,no,,0,no,,,,,,
0ad82be9aece,Contract: Death to Darnaw,Naval Contract,Standard,0,0,0,,unbound,no,,unbound,no,,0,no,,,,,,
32f3258ec999,Contract: The Slaver King,Vigilante Contract,Standard,0,0,0,,unbound,no,,unbound,no,,0,no,,,,,,
8ed18fb10905,Contract: Breaking the Unbreakable,Preventative Contract,Standard,0,0,0,,unbound,no,,unbound,no,,0,no,,,,,,
26a69860c517,Contract: The Slaver King,Vigilante Contract,Standard,0,0,0,,unbound,no,,unbound,no,,0,no,,,,,,
70df11043393,Contract: Breaking the Unbreakable,Preventative Contract,Standard,0,0,0,,unbound,no,,unbound,no,,0,no,,,,,,
f95081c82390,Contract: Heart of Glory,Familial Contract,Standard,0,0,0,,unbound,no,,unbound,no,,0,no,,,,,,
b1a95079a8c3,Contract: Death to Darnaw,Naval Contract,Standard,0,0,0,,unbound,no,,unbound,no,,0,no,,,,,,
6ef5e17126ef,Contract: Breaking the Unbreakable,Preventative Contract,Standard,0,0,0,,unbound,no,,unbound,no,,0,no,,,,,,
f7e7712de43b,Contract: Breaking the Unbreakable,Preventative Contract,Standard,0,0,0,,unbound,no,,unbound,no,,0,no,,,,,,
04966bd49df7,Contract: Heart of Glory,Familial Contract,Standard,0,0,0,,unbound,no,,unbound,no,,0,no,,,,,,
c1a2d7d8fec2,Contract: Death to Darnaw,Naval Contract,Standard,0,0,0,,unbound,no,,unbound,no,,0,no,,,,,,
f9e15a304b10,Contract: The Twins,Vengeful Contract,Standard,0,0,0,,unbound,no,,unbound,no,,0,no,,,,,,
22a3a8c632d1,Contract: The Slaver King,Vigilante Contract,Standard,0,0,0,,unbound,no,,unbound,no,,0,no,,,,,,
9f098525ff0f,Contract: The Slaver King,Vigilante Contract,Standard,0,0,0,,unbound,no,,unbound,no,,0,no,,,,,,
e27be8983682,Contract: The Slaver King,Vigilante Contract,Standard,0,0,0,,unbound,no,,unbound,no,,0,no,,,,,,
da6e910ee3d6,Contract: The Slaver King,Vigilante Contract,Standard,0,0,0,,unbound,no,,unbound,no,,0,no,,,,,,
7336ef6e5057,Contract: The Slaver King,Vigilante Contract,Standard,0,0,0,,unbound,no,,unbound,no,,0,no,,,,,,
66ea7c36deff,Contract: Heart of Glory,Familial Contract,Standard,0,0,0,,unbound,no,,unbound,no,,0,no,,,,,,
cb48c51a8b1d,Contract: Breaking the Unbreakable,Preventative Contract,Standard,0,0,0,,unbound,no,,unbound,no,,0,no,,,,,,
b82f7a115b07,Contract: Heart of Glory,Familial Contract,Standard,0,0,0,,unbound,no,,unbound,no,,0,no,,,,,,
aaa463baca37,Contract: Breaking the Unbreakable,Preventative Contract,Standard,0,0,0,,unbound,no,,unbound,no,,0,no,,,,,,
31e4981f75fd,Contract: Breaking the Unbreakable,Preventative Contract,Standard,0,0,0,,unbound,no,,unbound,no,,0,no,,,,,,
8d1c76e68b80,Contract: Heart of Glory,Familial Contract,Standard,0,0,0,,unbound,no,,unbound,no,,0,no,,,,,,
22963684c211,Contract: Heart of Glory,Familial Contract,Standard,0,0,0,,unbound,no,,unbound,no,,0,no,,,,,,
0f439fad661c,Contract: The Slaver King,Vigilante Contract,Standard,0,0,0,,unbound,no,,unbound,no,,0,no,,,,,,
0b0f45793ea8,Contract: Breaking the Unbreakable,Preventative Contract,Standard,0,0,0,,unbound,no,,unbound,no,,0,no,,,,,,
f10c6385dc13,Contract: The Slaver King,Vigilante Contract,Standard,0,0,0,,unbound,no,,unbound,no,,0,no,,,,,,
5255a8f17a15,Contract: Death to Darnaw,Naval Contract,Standard,0,0,0,,unbound,no,,unbound,no,,0,no,,,,,,
7382b5381728,Contract: The Slaver King,Vigilante Contract,Standard,0,0,0,,unbound,no,,unbound,no,,0,no,,,,,,
273ec4c8e535,Contract: Death to Darnaw,Naval Contract,Standard,0,0,0,,unbound,no,,unbound,no,,0,no,,,,,,
6a96d1fec97e,Contract: Breaking the Unbreakable,Preventative Contract,Standard,0,0,0,,unbound,no,,unbound,no,,0,no,,,,,,
27b334f1a693,Contract: Death to Darnaw,Naval Contract,Standard,0,0,0,,unbound,no,,unbound,no,,0,no,,,,,,
c5258b1522ca,Contract: Breaking the Unbreakable,Preventative Contract,Standard,0,0,0,,unbound,no,,unbound,no,,0,no,,,,,,
ca791484a95d,Contract: Breaking the Unbreakable,Preventative Contract,Standard,0,0,0,,unbound,no,,unbound,no,,0,no,,,,,,
d29dd8913e3e,Contract: Breaking the Unbreakable,Preventative Contract,Standard,0,0,0,,unbound,no,,unbound,no,,0,no,,,,,,
0ac7aac9e6d6,Contract: The Slaver King,Vigilante Contract,Standard,0,0,0,,unbound,no,,unbound,no,,0,no,,,,,,
539134c5d81e,Contract: Breaking the Unbreakable,Preventative Contract,Standard,0,0,0,,unbound,no,,unbound,no,,0,no,,,,,,
65934e1f1cee,Contract: Heart of Glory,Familial Contract,Standard,0,0,0,,unbound,no,,unbound,no,,0,no,,,,,,
175a602e34a1,Contract: Breaking the Unbreakable,Preventative Contract,Standard,0,0,0,,unbound,no,,unbound,no,,0,no,,,,,,
8ec38d261e34,Contract: The Slaver King,Vigilante Contract,Standard,0,0,0,,unbound,no,,unbound,no,,0,no,,,,,,
51fe1d48236c,Contract: Breaking the Unbreakable,Preventative Contract,Standard,0,0,0,,unbound,no,,unbound,no,,0,no,,,,,,
2e0842a3b938,Contract: Heart of Glory,Familial Contract,Standard,0,0,0,,unbound,no,,unbound,no,,0,no,,,,,,
6da844a546b5,Contract: The Slaver King,Vigilante Contract,Standard,0,0,0,,unbound,no,,unbound,no,,0,no,,,,,,
4864d565993c,Contract: Breaking the Unbreakable,Preventative Contract,Standard,0,0,0,,unbound,no,,unbound,no,,0,no,,,,,,
743752f7a9cd,Contract: Death to Darnaw,Naval Contract,Standard,0,0,0,,unbound,no,,unbound,no,,0,no,,,,,,
18ac251beae7,Contract: Breaking the Unbreakable,Preventative Contract,Standard,0,0,0,,unbound,no,,unbound,no,,0,no,,,,,,
2a011ad4280e,Contract: The Slaver King,Vigilante Contract,Standard,0,0,0,,unbound,no,,unbound,no,,0,no,,,,,,
e934bf54e9df,Contract: Breaking the Unbreakable,Preventative Contract,Standard,0,0,0,,unbound,no,,unbound,no,,0,no,,,,,,
408e6a2b5770,Contract: Breaking the Unbreakable,Preventative Contract,Standard,0,0,0,,unbound,no,,unbound,no,,0,no,,,,,,
cbc84b4698e4,Contract: The Slaver King,Vigilante Contract,Standard,0,0,0,,unbound,no,,unbound,no,,0,no,,,,,,
91c7ba72c743,Contract: The Slaver King,Vigilante Contract,Standard,0,0,0,,unbound,no,,unbound,no,,0,no,,,,,,
ee4a58d13ea5,Contract: Breaking the Unbreakable,Preventative Contract,Standard,0,0,0,,unbound,no,,unbound,no,,0,no,,,,,,
049f8b7c72cc,Contract: Breaking the Unbreakable,Preventative Contract,Standard,0,0,0,,unbound,no,,unbound,no,,0,no,,,,,,
4aca3ddd4b47,Contract: Breaking the Unbreakable,Preventative Contract,Standard,0,0,0,,unbound,no,,unbound,no,,0,no,,,,,,
728cfa701c1c,Contract: The Slaver King,Vigilante Contract,Standard,0,0,0,,unbound,no,,unbound,no,,0,no,,,,,,
88941ca88f8b,Contract: The Slaver King,Vigilante Contract,Standard,0,0,0,,unbound,no,,unbound,no,,0,no,,,,,,
d5e7bebeca1d,Contract: Heart of Glory,Familial Contract,Standard,0,0,0,,unbound,no,,unbound,no,,0,no,,,,,,
a34e4aa00406,Contract: The Slaver King,Vigilante Contract,Standard,0,0,0,,unbound,no,,unbound,no,,0,no,,,,,,
4805e46f3802,Contract: Heart of Glory,Familial Contract,Standard,0,0,0,,unbound,no,,unbound,no,,0,no,,,,,,
2914b42d60aa,Contract: Death to Darnaw,Naval Contract,Standard,0,0,0,,unbound,no,,unbound,no,,0,no,,,,,,
8fbaed12689c,Contract: The Slaver King,Vigilante Contract,Standard,0,0,0,,unbound,no,,unbound,no,,0,no,,,,,,
b011a41172e2,Contract: Heart of Glory,Familial Contract,Standard,0,0,0,,unbound,no,,unbound,no,,0,no,,,,,,
56465b67d0e7,Contract: Death to Darnaw,Naval Contract,Standard,0,0,0,,unbound,no,,unbound,no,,0,no,,,,,,
87e0cbf84168,Contract: Heart of Glory,Familial Contract,Standard,0,0,0,,unbound,no,,unbound,no,,0,no,,,,,,
2fc2ec88f322,Contract: The Slaver King,Vigilante Contract,Standard,0,0,0,,unbound,no,,unbound,no,,0,no,,,,,,
a07e076451bb,Contract: Heart of Glory,Familial Contract,Standard,0,0,0,,unbound,no,,unbound,no,,0,no,,,,,,
27e757f6c0bd,Contract: The Slaver King,Vigilante Contract,Standard,0,0,0,,unbound,no,,unbound,no,,0,no,,,,,,
b1da768d3d1c,Contract: The Slaver King,Vigilante Contract,Standard,0,0,0,,unbound,no,,unbound,no,,0,no,,,,,,
255b2c889547,Contract: Death to Darnaw,Naval Contract,Standard,0,0,0,,unbound,no,,unbound,no,,0,no,,,,,,
96dfdfda5489,Contract: Breaking the Unbreakable,Preventative Contract,Standard,0,0,0,,unbound,no,,unbound,no,,0,no,,,,,,
bc86d3a23a33,Contract: The Slaver King,Vigilante Contract,Standard,0,0,0,,unbound,no,,unbound,no,,0,no,,,,,,
e915a731f383,Contract: Breaking the Unbreakable,Preventative Contract,Standard,0,0,0,,unbound,no,,unbound,no,,0,no,,,,,,
1fec89382db2,Contract: Death to Darnaw,Naval Contract,Standard,0,0,0,,unbound,no,,unbound,no,,0,no,,,,,,
6fc4b1486690,Contract: Heart of Glory,Familial Contract,Standard,0,0,0,,unbound,no,,unbound,no,,0,no,,,,,,
062f894faa9f,Contract: Death to Darnaw,Naval Contract,Standard,0,0,0,,unbound,no,,unbound,no,,0,no,,,,,,
09b106e6738b,Contract: Breaking the Unbreakable,Preventative Contract,Standard,0,0,0,,unbound,no,,unbound,no,,0,no,,,,,,
30fb7fb5b9d4,Contract: The Slaver King,Vigilante Contract,Standard,0,0,0,,unbound,no,,unbound,no,,0,no,,,,,,
317e57d61608,Contract: Breaking the Unbreakable,Preventative Contract,Standard,0,0,0,,unbound,no,,unbound,no,,0,no,,,,,,
109bce602e0b,Contract: Breaking the Unbreakable,Preventative Contract,Standard,0,0,0,,unbound,no,,unbound,no,,0,no,,,,,,
2df91db69cbe,Contract: Heart of Glory,Familial Contract,Standard,0,0,0,,unbound,no,,unbound,no,,0,no,,,,,,
a9b47b4803eb,Contract: Breaking the Unbreakable,Preventative Contract,Standard,0,0,0,,unbound,no,,unbound,no,,0,no,,,,,,
d645871ff393,Contract: Heart of Glory,Familial Contract,Standard,0,0,0,,unbound,no,,unbound,no,,0,no,,,,,,
abbb3bfce735,Contract: The Slaver King,Vigilante Contract,Standard,0,0,0,,unbound,no,,unbound,no,,0,no,,,,,,
3c84adc81c24,Contract: The Slaver King,Vigilante Contract,Standard,0,0,0,,unbound,no,,unbound,no,,0,no,,,,,,
1eccede31901,Contract: Breaking the Unbreakable,Preventative Contract,Standard,0,0,0,,unbound,no,,unbound,no,,0,no,,,,,,
01ea85cd6da5,Contract: The Slaver King,Vigilante Contract,Standard,0,0,0,,unbound,no,,unbound,no,,0,no,,,,,,
8d9e8ed5942f,The Power and the Promise,Tome Relic,Standard,0,0,0,,unbound,no,,unbound,no,,0,no,,,,,,
5b1de9ed6e03,The First Crest,Coffer Relic,Standard,0,0,0,,unbound,no,,unbound,no,,0,no,,,,,,
9762c39d4a91,The Hour of Divinity,Censer Relic,Standard,0,0,0,,unbound,no,,unbound,no,,0,no,,,,,,
df7a5091fc2e,The Hour of Divinity,Censer Relic,Standard,0,0,0,,unbound,no,,unbound,no,,0,no,,,,,,
13f5dc9a4ba9,The Second Sacrament,Candlestick Relic,Standard,0,0,0,,unbound,no,,unbound,no,,0,no,,,,,,
94ea0c653d6d,The Hour of Divinity,Censer Relic,Standard,0,0,0,,unbound,no,,unbound,no,,0,no,,,,,,
c7f33fcf97a9,The Hour of Divinity,Censer Relic,Standard,0,0,0,,unbound,no,,unbound,no,,0,no,,,,,,
063446e32e51,Cold Iron Point,Ezomyte Dagger,Standard,1,1,1,only,one,no,only,one,no,,0,no,,,,,,
8ae62b3e3358,Widowmaker,Boot Blade,Standard,1,2,2,Current,one,no,Current,one,no,,0,no,,,,,,
2eaf1a0623f6,Taproot,Ambusher,Standard,1,1,1,only,one,no,only,one,no,,0,no,,,,,,
bf1ce07bab9d,Mark of the Doubting Knight,Platinum Kris,Standard,1,4,4,,none,no,,none,no,,0,no,,,,,number-outside-range,10% reduced Attack Speed
9e9280095d95,Ungil's Gauche,Boot Knife,Standard,1,3,3,Current;Pre 1.1.0,several,yes,Current;Pre 1.1.0,several,yes,,0,no,,,,,,
ba46fc99a7d3,Goredrill,Skinning Knife,Standard,1,1,1,only,one,no,only,one,no,,0,no,,,,,,
f147ee9471d7,Bloodplay,Stiletto,Standard,1,2,2,Current,one,no,Current,one,no,,0,no,,,,,,
f2c2f19e46b2,Goblinedge,Ambusher,Standard,1,1,1,only,one,no,only,one,no,,0,no,,,,,,
838fe39b7c75,Reverberation Rod,Spiraled Wand,Standard,1,5,5,Pre 3.11.0,one,no,Pre 3.11.0,one,no,,0,no,,,,,,
f960cf44348c,Piscator's Vigil,Tornado Wand,Standard,1,5,5,Pre 3.21.0,one,no,Pre 3.21.0,one,no,,0,no,,,,,,
9a469caf0b98,Lifesprig,Driftwood Wand,Standard,1,1,1,,none,no,,none,no,,0,no,,,,,no-text-match,Regenerate 6 Life over 1 second when you Cast a Spell
9f9c413c8482,Eclipse Solaris,Crystal Wand,Standard,1,6,6,Pre 3.21.0,one,no,Pre 3.21.0,one,no,,0,no,,,,,,
e04a54d2ac8e,Moonsorrow,Imbued Wand,Standard,1,5,5,Pre 3.27.0,one,no,Pre 3.27.0,one,no,,0,no,,,,,,
2880f0d52c42,Twyzel,Sage Wand,Standard,1,3,3,Pre 2.27.0,one,no,Pre 2.27.0,one,no,,0,no,,,,,,
2eeba4aba3ef,Ashcaller,Quartz Wand,Standard,1,5,5,Pre 3.19.0,one,no,Pre 3.19.0,one,no,,0,no,,,,,,
27ee0b1c386b,Abberath's Horn,Goat's Horn,Standard,1,4,4,Pre 2.3.0;Pre 3.21.0,several,no,Pre 2.3.0;Pre 3.21.0,several,no,,0,no,,,,,,
25013a69eb5b,Apep's Rage,Opal Wand,Standard,1,6,6,Pre 3.11.0,one,no,Pre 3.11.0,one,no,,0,no,,,,,,
ecfc86340309,Midnight Bargain,Engraved Wand,Standard,1,4,4,Pre 3.27.0,one,no,Pre 3.27.0,one,no,,0,no,,,,,,
0ec6e04bdf09,Shavronne's Wrappings,Occultist's Vestment,Standard,1,3,3,Current,one,no,Current,one,no,,0,no,,,,,,
46796683333f,Kintsugi,Exquisite Leather,Standard,1,3,3,Pre 3.19.0,one,no,Pre 3.19.0,one,no,,0,no,,,,,,
f4c0b263e7a1,Kaom's Heart,Glorious Plate,Standard,1,3,3,,none,no,,none,no,,0,no,,,,,no-text-match,+2 to Level of Socketed Projectile Gems
46628b7a6c84,Replica Kaom's Heart,Glorious Plate,Standard,1,1,1,only,one,no,only,one,no,,0,no,,,,,,
f1c4c3109521,Bronn's Lithe,Cutthroat's Garb,Standard,1,4,4,Pre 3.19.0,one,no,Pre 3.19.0,one,no,,0,no,,,,,,
72daf02b9fb3,Foxshade,Wild Leather,Standard,1,3,3,Pre 3.19.0,one,no,Pre 3.19.0,one,no,,0,no,,,,,,
2db6e691feb4,Thousand Ribbons,Simple Robe,Standard,1,3,3,Pre 3.19.0,one,no,Pre 3.19.0,one,no,,0,no,,,,,,
8e8357111a69,Lioneye's Vision,Crusader Plate,Standard,1,2,2,Current,one,no,Current,one,no,,0,no,,,,,,
db8121a43eaf,Icetomb,Latticed Ringmail,Standard,1,3,3,Pre 3.19.0,one,no,Pre 3.19.0,one,no,,0,no,,,,,,
9856d30d93d5,Bramblejack,Plate Vest,Standard,1,2,2,Pre 3.19.0,one,no,Pre 3.19.0,one,no,,0,no,,,,,,
92338cfdcce2,Infernal Mantle,Widowsilk Robe,Standard,1,5,5,Pre 3.14.0,one,no,Pre 3.14.0,one,no,,0,no,,,,,,
22960829bacf,Cospri's Will,Assassin's Garb,Standard,1,3,3,Pre 3.20.0,one,no,Pre 3.20.0,one,no,,0,no,,,,,,
b8ea755d2948,Solaris Lorica,Copper Plate,Standard,1,2,2,Current,one,no,Current,one,no,,0,no,,,,,,
bbf9426d5c19,Cherrubim's Maleficence,Triumphant Lamellar,Standard,1,3,3,Current,one,no,Current,one,no,,0,no,,,,,,
cf54527f9c51,Cloak of Flame,Scholar's Robe,Standard,1,2,2,Pre 3.19.0,one,no,Pre 3.19.0,one,no,,0,no,,,,,,
0f57395830a0,Lightbane Raiment,Ornate Ringmail,Standard,1,4,4,Current,one,no,Current,one,no,,0,no,,,,,,
ec0b71545086,Tabula Rasa,Simple Robe,Standard,1,1,1,,none,no,,none,no,,0,no,,,,,no-text-match,5% reduced Chaos Damage taken
cc2f23824be0,Zahndethus' Cassock,Sage's Robe,Standard,1,4,4,Current,one,no,Current,one,no,,0,no,,,,,,
40c690d68b88,Dendrobate,Sentinel Jacket,Standard,1,1,1,only,one,no,only,one,no,,0,no,,,,,,
a1abcf26560d,Dialla's Malefaction,Sage's Robe,Standard,1,2,2,Pre 3.19.0,one,no,Pre 3.19.0,one,no,,0,no,,,,,,
3d77df515623,Lightning Coil,Desert Brigandine,Standard,1,3,3,Pre 3.19.0,one,no,Pre 3.19.0,one,no,,0,no,,,,,,
630c402e781a,Geofri's Sanctuary,Elegant Ringmail,Standard,1,3,3,Current,one,no,Current,one,no,,0,no,,,,,,
180b841fced4,Briskwrap,Strapped Leather,Standard,1,4,4,Pre 3.19.0,one,no,Pre 3.19.0,one,no,,0,no,,,,,,
5f00245e5587,Kingsguard,Conquest Chainmail,Standard,1,1,1,only,one,no,only,one,no,,0,no,,,,,,
e52a08d5c232,Soul Mantle,Spidersilk Robe,Standard,1,5,5,Pre 3.16.0,one,no,Pre 3.16.0,one,no,,0,no,,,,,,
9a96e94b4326,Victario's Influence,Lacquered Garb,Standard,1,2,2,,none,no,,none,no,,0,no,,,,,number-outside-range,Socketed Gems have 30% increased Reservation Efficiency
f9cb96b74015,Tinkerskin,Sadist Garb,Standard,1,1,1,only,one,no,only,one,no,,0,no,,,,,,
ca7c254862e1,Primordial Harmony,Cobalt Jewel,Standard,1,2,2,Current,one,no,Current,one,no,,0,no,,,,,,
12db5d48bf60,Fevered Mind,Cobalt Jewel,Standard,1,3,3,Current,one,no,Current,one,no,,0,no,,,,,,
cc73a53b732d,Thread of Hope,Crimson Jewel,Standard,1,5,5,Large Ring,one,no,Large Ring,one,no,,0,no,,,,,,
3007529b26f8,Frozen Trail,Cobalt Jewel,Standard,1,1,1,only,one,no,only,one,no,,0,no,,,,,,
afd921889489,Split Personality,Crimson Jewel,Standard,1,9,45,,none,no,Intelligence | Mana,one,no,selection,0,no,,,,,,
d86c21a3ce3a,Conqueror's Longevity,Viridian Jewel,Standard,1,2,2,Pre 3.16.0,one,no,Pre 3.16.0,one,no,,0,no,,,,,,
6d9ab9ed9807,Growing Agony,Viridian Jewel,Standard,1,2,2,Current,one,no,Current,one,no,,0,no,,,,,,
b15a08a44724,Assassin's Haste,Cobalt Jewel,Standard,1,1,1,only,one,no,only,one,no,,0,no,,,,,,
8b44a0ba7708,Rapid Expansion,Crimson Jewel,Standard,1,3,3,Current,one,no,Current,one,no,,0,no,,,,,,
aa89c3749e47,Pure Talent,Viridian Jewel,Standard,1,2,2,Pre 3.20.0,one,no,Pre 3.20.0,one,no,,0,no,,,,,,
87cbd897799f,Spirit Guards,Viridian Jewel,Standard,1,3,3,Pre 3.20.0,one,no,Pre 3.20.0,one,no,,0,no,,,,,,
33a34d122e8d,Fragile Bloom,Crimson Jewel,Standard,1,2,2,Pre 3.11.0,one,no,Pre 3.11.0,one,no,,0,no,,,,,,
7a37c63fa5fb,Rolling Flames,Cobalt Jewel,Standard,1,3,3,Pre 3.11.0,one,no,Pre 3.11.0,one,no,,0,no,,,,,,
b40a84479fb9,Primordial Eminence,Viridian Jewel,Standard,1,1,1,only,one,no,only,one,no,,0,no,,,,,,
079cb4157e24,Brute Force Solution,Cobalt Jewel,Standard,1,2,2,Current;Pre 3.20.0,several,yes,Current;Pre 3.20.0,several,yes,,0,no,,,,,,
769a02b227f7,Soul's Wick,Cobalt Jewel,Standard,1,2,2,Current;Pre 3.20.0,several,yes,Current;Pre 3.20.0,several,yes,,0,no,,,,,,
8d11dd494e20,Hazardous Research,Cobalt Jewel,Standard,1,2,2,,none,no,,none,no,,0,no,,,,,no-text-match,"With at least 40 Intelligence in Radius, Spark fires 2 additional Projectiles"
50bded6ebd32,Energised Armour,Crimson Jewel,Standard,1,2,2,Current;Pre 3.20.0,several,yes,Current;Pre 3.20.0,several,yes,,0,no,,,,,,
d310a3268791,Brawn,Crimson Jewel,Standard,1,1,1,only,one,no,only,one,no,,0,no,,,,,,
c35a3a7930aa,Malicious Intent,Cobalt Jewel,Standard,1,1,1,only,one,no,only,one,no,,0,no,,,,,,
86382f2480e4,Hidden Potential,Viridian Jewel,Standard,1,2,2,Current;Pre 3.20.0,several,yes,Current;Pre 3.20.0,several,yes,,0,no,,,,,,
47ad1d0b7ce2,Pacifism,Viridian Jewel,Standard,1,1,1,only,one,no,only,one,no,,0,no,,,,,,
f8f5285f3de2,Unstable Payload,Cobalt Jewel,Standard,1,1,1,only,one,no,only,one,no,,0,no,,,,,,
86e3d455008e,Rain of Splinters,Crimson Jewel,Standard,1,2,2,Current;Pre 3.20.0,several,yes,Current;Pre 3.20.0,several,yes,,0,no,,,,,,
c8842b096aa9,Combat Focus,Viridian Jewel,Standard,3,6,6,Current,one,no,Current,one,no,,0,no,,,,,,
ae3c404f3720,Overwhelming Odds,Crimson Jewel,Standard,1,1,1,only,one,no,only,one,no,,0,no,,,,,,
2e0ea0aae03c,Seething Fury,Viridian Jewel,Standard,1,3,3,,none,no,,none,no,,0,no,,,,,number-outside-range,+0.04% to Off Hand Critical Strike Chance per 10 Maximum Energy Shield on Shield
9bd8b224f1f2,Combat Focus,Crimson Jewel,Standard,3,6,6,Current,one,no,Current,one,no,,0,no,,,,,,
4981b7975718,First Snow,Cobalt Jewel,Standard,1,1,1,only,one,no,only,one,no,,0,no,,,,,,
527858f7664e,Fight for Survival,Viridian Jewel,Standard,1,1,1,only,one,no,only,one,no,,0,no,,,,,,
ea854e64c910,Efficient Training,Crimson Jewel,Standard,1,2,2,Current;Pre 3.20.0,several,yes,Current;Pre 3.20.0,several,yes,,0,no,,,,,,
1c9c7bf9e565,From Dust,Cobalt Jewel,Standard,1,2,2,Current,one,no,Current,one,no,,0,no,,,,,,
f142ea0725ca,Fluid Motion,Viridian Jewel,Standard,1,2,2,Current;Pre 3.20.0,several,yes,Current;Pre 3.20.0,several,yes,,0,no,,,,,,
da0be10cdf87,Fertile Mind,Cobalt Jewel,Standard,1,2,2,Current;Pre 3.20.0,several,yes,Current;Pre 3.20.0,several,yes,,0,no,,,,,,
8e0f01bd30a4,Weight of the Empire,Crimson Jewel,Standard,1,1,1,only,one,no,only,one,no,,0,no,,,,,,
3ae7518efca5,Conqueror's Potency,Cobalt Jewel,Standard,1,1,1,only,one,no,only,one,no,,0,no,,,,,,
cccbcad7486e,Wildfire,Crimson Jewel,Standard,1,2,2,Pre 3.11.0,one,no,Pre 3.11.0,one,no,,0,no,,,,,,
a0aff527aabf,Clear Mind,Cobalt Jewel,Standard,1,1,1,only,one,no,only,one,no,,0,no,,,,,,
ecabfed31449,Survival Secrets,Cobalt Jewel,Standard,1,2,2,Pre 3.16.0,one,no,Pre 3.16.0,one,no,,0,no,,,,,,
42970fbe6ae8,Hotheaded,Viridian Jewel,Standard,1,2,2,Pre 3.11.0,one,no,Pre 3.11.0,one,no,,0,no,,,,,,
f198b90f2136,Winter Burial,Crimson Jewel,Standard,1,1,1,only,one,no,only,one,no,,0,no,,,,,,
f5446ed9f495,Spreading Rot,Cobalt Jewel,Standard,1,2,2,Current;Pre 3.17.0,several,yes,Current;Pre 3.17.0,several,yes,,0,no,,,,,,
63f88ec80f88,Kitava's Teachings,Small Cluster Jewel,Standard,1,1,1,only,one,no,only,one,no,,0,no,,,,,,
ae8f615da054,Might of the Meek,Crimson Jewel,Standard,1,1,1,only,one,no,only,one,no,,0,no,,,,,,
04783209fe14,Endless Misery,Cobalt Jewel,Standard,1,1,1,only,one,no,only,one,no,,0,no,,,,,,
c5aeeb0ce8e1,Grand Spectrum,Viridian Jewel,Standard,3,16,16,Current - Elemental Damage,one,no,Current - Elemental Damage,one,no,,0,no,,,,,,
7a8798d26fa2,Conqueror's Efficiency,Crimson Jewel,Standard,1,1,1,,none,no,,none,no,,0,no,,,,,no-text-match,Damage Penetrates 1% Elemental Resistances
7b0ead4a36ac,Mutated Growth,Cobalt Jewel,Standard,1,1,1,only,one,no,only,one,no,,0,no,,,,,,
0e407d58b726,Primordial Might,Crimson Jewel,Standard,1,1,1,only,one,no,only,one,no,,0,no,,,,,,
d093551e9409,Calamitous Visions,Small Cluster Jewel,Standard,1,1,1,only,one,no,only,one,no,,0,no,,,,,,
1be82b6ffa01,Healthy Mind,Cobalt Jewel,Standard,1,2,2,Current;Pre 3.20.0,several,yes,Current;Pre 3.20.0,several,yes,,0,no,,,,,,
8a6b5910ed6d,Poacher's Aim,Viridian Jewel,Standard,1,1,1,only,one,no,only,one,no,,0,no,,,,,,
d2114ae707ba,Shattered Chains,Crimson Jewel,Standard,1,2,2,Current;Pre 2.6.0,several,yes,Current;Pre 2.6.0,several,yes,,0,no,,,,,,
0db112d1587b,Oro's Sacrifice,Infernal Sword,Standard,1,3,3,Current,one,no,Current,one,no,,0,no,,,,,,
268317795f39,The Dancing Dervish,Reaver Sword,Standard,1,4,4,Pre 3.11.0,one,no,Pre 3.11.0,one,no,,0,no,,,,,,
2f7397a97362,Shiversting,Bastard Sword,Standard,1,3,3,Pre 3.11.0,one,no,Pre 3.11.0,one,no,,0,no,,,,,,
b48e2894457b,Aurumvorax,Basket Rapier,Standard,1,3,3,Current,one,no,Current,one,no,,0,no,,,,,,
7b11f49bb161,Prismatic Eclipse,Twilight Blade,Standard,1,5,5,Pre 3.29.0,one,no,Pre 3.29.0,one,no,,0,no,,,,,,
e30ad5ea9e9e,The Princess,Sabre,Standard,1,2,2,Current,one,no,Current,one,no,,0,no,,,,,,
aeb3d3fd79b0,Terminus Est,Tiger Sword,Standard,1,3,3,Pre 3.11.0,one,no,Pre 3.11.0,one,no,,0,no,,,,,,
6df6693e2a4d,Queen's Decree,Ornate Sword,Standard,1,4,4,Current;Pre 3.26.0,several,yes,Current;Pre 3.26.0,several,yes,,0,no,,,,,,
0ae0c3b2c397,Rigwald's Charge,Highland Blade,Standard,1,5,5,Pre 3.19.0,one,no,Pre 3.19.0,one,no,,0,no,,,,,,
4b6d4d544d9c,Daresso's Passion,Estoc,Standard,1,2,2,Current,one,no,Current,one,no,,0,no,,,,,,
fe4afd70bd10,Lakishu's Blade,Elegant Sword,Standard,1,2,2,Current,one,no,Current,one,no,,0,no,,,,,,
c7c2587cb2ce,Ewar's Mirage,Antique Rapier,Standard,1,2,2,Current,one,no,Current,one,no,,0,no,,,,,,
f0e7c2e5dcb2,Redbeak,Rusted Sword,Standard,1,2,2,Current,one,no,Current,one,no,,0,no,,,,,,
e01426beae9b,Scaeva,Gladius,Standard,1,3,3,Pre 3.29.0,one,no,Pre 3.29.0,one,no,,0,no,,,,,,
7f312d278310,Ephemeral Edge,Dusk Blade,Standard,1,6,6,Pre 3.19.0,one,no,Pre 3.19.0,one,no,,0,no,,,,,,
d57d1fbd8a92,Cospri's Malice,Jewelled Foil,Standard,1,2,2,Current,one,no,Current,one,no,,0,no,,,,,,
4176d2ec98aa,Limbsplit,Woodsplitter,Standard,1,2,2,Pre 3.11.0,one,no,Pre 3.11.0,one,no,,0,no,,,,,,
5fc2cc2ec808,Wideswing,Poleaxe,Standard,1,2,2,Current,one,no,Current,one,no,,0,no,,,,,,
6e485b0a064b,Reaper's Pursuit,Shadow Axe,Standard,1,1,1,only,one,no,only,one,no,,0,no,,,,,,
584c515d7085,Relentless Fury,Decorative Axe,Standard,1,2,2,Current,one,no,Current,one,no,,0,no,,,,,,
8692ee7b3d40,Sinvicta's Mettle,Ezomyte Axe,Standard,1,2,2,Pre 3.11.0,one,no,Pre 3.11.0,one,no,,0,no,,,,,,
91b490ce0e86,Moonbender's Wing,Tomahawk,Standard,1,2,2,Pre 3.11.0,one,no,Pre 3.11.0,one,no,,0,no,,,,,,
394a6f8a8f97,Debeon's Dirge,Despot Axe,Standard,1,1,1,only,one,no,only,one,no,,0,no,,,,,,
6444b0b6f8a4,The Screaming Eagle,Jade Hatchet,Standard,1,2,2,Current,one,no,Current,one,no,,0,no,,,,,,
82a32ea00f9c,Dreadarc,Cleaver,Standard,1,1,1,only,one,no,only,one,no,,0,no,,,,,,
138dfd3d7486,The Blood Reaper,Headsman Axe,Standard,1,3,3,Pre 3.12.0,one,no,Pre 3.12.0,one,no,,0,no,,,,,,
5937771a2f33,Dyadus,Infernal Axe,Standard,1,2,2,Current,one,no,Current,one,no,,0,no,,,,,,
7923f7b8ef1b,Bloodseeker,Hellion's Paw,Standard,1,4,4,Pre 3.20.0,one,no,Pre 3.20.0,one,no,,0,no,,,,,,
5060e733e83f,Last Resort,Nailed Fist,Standard,1,1,1,only,one,no,only,one,no,,0,no,,,,,,
be91ba9e41dc,Essentia Sanguis,Vaal Claw,Standard,1,7,7,Pre 3.11.0,one,no,Pre 3.11.0,one,no,,0,no,,,,,,
b9809c954e93,Cybil's Paw,Thresher Claw,Standard,1,4,4,Pre 3.19.0,one,no,Pre 3.19.0,one,no,,0,no,,,,,,
5cfaeb806ca1,Ornament of the East,Gut Ripper,Standard,1,4,4,Pre 3.21.0,one,no,Pre 3.21.0,one,no,,0,no,,,,,,
56d7987cd6aa,Advancing Fortress,Gut Ripper,Standard,1,2,2,Current,one,no,Current,one,no,,0,no,,,,,,
3dbacbfa1606,Wildslash,Awl,Standard,1,2,2,Current,one,no,Current,one,no,,0,no,,,,,,
bab14677b7ba,The Wasp Nest,Throat Stabber,Standard,1,2,2,Current,one,no,Current,one,no,,0,no,,,,,,
c5c792b2006c,Mortem Morsu,Fright Claw,Standard,1,4,4,Current,one,no,Current,one,no,,0,no,,,,,,
318ba4c7bf87,Auxium,Crystal Belt,Standard,1,4,4,Current,one,no,Current,one,no,,0,no,,,,,,
b33b2bb4c26b,Cyclopean Coil,Leather Belt,Standard,1,1,1,only,one,no,only,one,no,,0,no,,,,,,
c59555fb25f4,Bated Breath,Chain Belt,Standard,1,2,2,,none,no,,none,no,,0,no,,,,,no-text-match,Discipline has 20% increased Aura Effect
7e846a05f3a0,Perandus Blazon,Cloth Belt,Standard,1,3,3,Pre 1.1.0;Pre 3.25.0,several,no,Pre 1.1.0;Pre 3.25.0,several,no,,0,no,,,,,,
e2c9c944e8b0,Siegebreaker,Heavy Belt,Standard,1,1,1,only,one,no,only,one,no,,0,no,,,,,,
b10bbe9baa41,Immortal Flesh,Leather Belt,Standard,1,4,4,Pre 3.19.0,one,no,Pre 3.19.0,one,no,,0,no,,,,,,
8e2cac4fd717,Prismweave,Rustic Sash,Standard,1,3,3,Pre 3.19.0,one,no,Pre 3.19.0,one,no,,0,no,,,,,,
a21daff242a9,Belt of the Deceiver,Heavy Belt,Standard,1,2,2,Current,one,no,Current,one,no,,0,no,,,,,,
77b4b2f57732,Wurm's Molt,Leather Belt,Standard,1,2,2,Pre 3.19.0,one,no,Pre 3.19.0,one,no,,0,no,,,,,,
1b614c4b6730,Dyadian Dawn,Heavy Belt,Standard,1,2,2,Current,one,no,Current,one,no,,0,no,,,,,,
63aaa502a459,Darkness Enthroned,Stygian Vise,Standard,1,3,3,Current;Pre 3.11.0,several,yes,Current;Pre 3.11.0,several,yes,,0,no,,,,,,
4b2597358366,Gluttony,Leather Belt,Standard,1,2,2,Current,one,no,Current,one,no,,0,no,,,,,,
e6d38059d8db,Soulthirst,Cloth Belt,Standard,1,1,1,only,one,no,only,one,no,,0,no,,,,,,
eab3d715349a,The Flow Untethered,Cloth Belt,Standard,1,2,2,Pre 3.16.0,one,no,Pre 3.16.0,one,no,,0,no,,,,,,
6cb57d914ec3,Sunblast,Cloth Belt,Standard,1,2,2,Pre 3.19.0,one,no,Pre 3.19.0,one,no,,0,no,,,,,,
c47c3122e635,Meginord's Girdle,Heavy Belt,Standard,1,2,2,Current,one,no,Current,one,no,,0,no,,,,,,
609ed151fcd2,Headhunter,Leather Belt,Standard,1,1,1,,none,no,only,one,no,catalyst,2,yes,Attribute,20,,,,
ab63bab8c533,The Nomad,Studded Belt,Standard,1,1,1,only,one,no,only,one,no,,0,no,,,,,,
fb7ac205da38,The Stampede,Assassin's Boots,Standard,1,1,1,,none,no,,none,no,,0,no,,,,,variant-line-not-displayed,This item can be anointed by Cassia
99d1cf66ab94,March of the Legion,Legion Boots,Standard,1,2,2,Current,one,no,Current,one,no,,0,no,,,,,,
183139dc848e,Sin Trek,Stealth Boots,Standard,1,4,4,Current;Pre 3.5.0,several,yes,Current;Pre 3.5.0,several,yes,,0,no,,,,,,
7d401df552c8,Garukhan's Flight,Stealth Boots,Standard,1,3,3,Pre 3.16.0,one,no,Pre 3.16.0,one,no,,0,no,,,enchantMods,,,
66a39a60b9b3,Wake of Destruction,Mesh Boots,Standard,1,3,3,Pre 3.11.0,one,no,Pre 3.11.0,one,no,,0,no,,,,,,
a5588e97d6af,Stormcharger,Plated Greaves,Standard,1,2,2,Pre 3.19.0,one,no,Pre 3.19.0,one,no,,0,no,,,,,,
111aff609ffd,Shavronne's Pace,Scholar Boots,Standard,1,4,4,Pre 3.19.0,one,no,Pre 3.19.0,one,no,,0,no,,,,,,
fd5ad7d04f36,Wondertrap,Velvet Slippers,Standard,1,3,3,Current;Pre 3.19.0,several,yes,Current;Pre 3.19.0,several,yes,,0,no,,,,,,
976b707fe62e,The Blood Dance,Sharkskin Boots,Standard,1,4,4,Pre 3.11.0,one,no,Pre 3.11.0,one,no,,0,no,,,,,,
c65ee1b1e3b4,Nomic's Storm,Strapped Boots,Standard,1,3,3,Current,one,no,Current,one,no,,0,no,,,,,,
13f53d8ce567,Wanderlust,Wool Shoes,Standard,1,1,1,only,one,no,only,one,no,,0,no,,,,,,
d0aa1632ba36,Mutewind Whispersteps,Serpentscale Boots,Standard,1,2,2,Current,one,no,Current,one,no,,0,no,,,,,,
dec0f4ad0224,Torchoak Step,Antique Greaves,Standard,1,2,2,Pre 3.16.0,one,no,Pre 3.16.0,one,no,,0,no,,,,,,
c98b8ecaaaa4,Dusktoe,Ironscale Boots,Standard,1,4,4,Pre 3.19.0,one,no,Pre 3.19.0,one,no,,0,no,,,,,,
136b5a0edfb4,Three-step Assault,Shagreen Boots,Standard,1,3,3,Pre 3.16.0,one,no,Pre 3.16.0,one,no,,0,no,,,,,,
b3d038678b70,Ralakesh's Impatience,Riveted Boots,Standard,1,5,5,,none,no,,none,no,,0,no,,,,,variant-line-not-displayed,"Lose all Frenzy, Endurance, and Power Charges when you Move"
29453acf22e2,Alberon's Warpath,Soldier Boots,Standard,1,2,2,Pre 3.19.0,one,no,Pre 3.19.0,one,no,,0,no,,,,,,
d59cedbffb93,Bones of Ullr,Silk Slippers,Standard,1,1,1,only,one,no,only,one,no,,0,no,,,,,,
c371d8f647c8,Brinerot Whalers,Trapper Boots,Standard,1,3,3,Current,one,no,Current,one,no,,0,no,,,,,,
af817136ec01,Deerstalker,Deerskin Boots,Standard,1,3,3,Pre 3.19.0,one,no,Pre 3.19.0,one,no,,0,no,,,,,,
7e33526583e7,Bubonic Trail,Murder Boots,Standard,1,4,4,One Abyssal Socket (Pre 3.21.0),one,no,One Abyssal Socket (Pre 3.21.0),one,no,,0,no,,,,,,
85d6c6f816f5,Dance of the Offered,Carnal Boots,Standard,1,2,2,Current,one,no,Current,one,no,,0,no,,,,,,
593c806b6d53,Kaom's Roots,Titan Greaves,Standard,1,2,2,Current,one,no,Current,one,no,,0,no,,,,,,
3c5caea4d2b6,Seven-League Step,Rawhide Boots,Standard,1,1,1,only,one,no,only,one,no,,0,no,,,,,,
e4299bb9a26a,Rainbowstride,Conjurer Boots,Standard,1,6,6,Pre 3.19.0;Pre 3.4.0,several,no,Pre 3.19.0;Pre 3.4.0,several,no,,0,no,,,,,,
cc57b17ad394,Victario's Flight,Goathide Boots,Standard,1,3,3,Pre 3.19.0,one,no,Pre 3.19.0,one,no,,0,no,,,,,,
ee83a7d82b77,Sundance,Clasped Boots,Standard,1,2,2,Current,one,no,Current,one,no,,0,no,,,,,,
2f471330318e,Roth's Reach,Recurve Bow,Standard,1,3,3,Pre 3.19.0,one,no,Pre 3.19.0,one,no,,0,no,,,,,,
f3e3c5e1da3b,Death's Harp,Death Bow,Standard,1,7,7,Pre 3.17.0;Pre 3.19.0,several,no,Pre 3.17.0;Pre 3.19.0,several,no,,0,no,,,,,,
9eb6ff4e66d8,Infractem,Decimation Bow,Standard,1,5,5,Pre 3.17.0,one,no,Pre 3.17.0,one,no,,0,no,,,,,,
c8e84b5c3f1f,Quill Rain,Short Bow,Standard,1,3,3,Current,one,no,Current,one,no,,0,no,,,,,,
600360179c07,Doomfletch,Royal Bow,Standard,1,5,5,Pre 3.19.0,one,no,Pre 3.19.0,one,no,,0,no,,,,,,
21a9a0743d60,Iron Commander,Death Bow,Standard,1,1,1,only,one,no,only,one,no,,0,no,,,,,,
9fd8c69bb053,Silverbranch,Crude Bow,Standard,1,2,2,Current,one,no,Current,one,no,,0,no,,,,,,
b9cc78ba181e,Nuro's Harp,Harbinger Bow,Standard,1,3,3,Pre 3.26.0,one,no,Pre 3.26.0,one,no,,0,no,,,,,,
e19927512616,Storm Cloud,Long Bow,Standard,1,2,2,Current,one,no,Current,one,no,,0,no,,,,,,
0b54bbe18087,Doomfletch's Prism,Royal Bow,Standard,1,4,4,Current,one,no,Current,one,no,,0,no,,,,,,
cb4c80e1d694,Soul Strike,Spike-Point Arrow Quiver,Standard,1,2,2,,none,no,,none,no,,0,no,,,,,no-text-match,25% increased Global Critical Strike Chance
296570ac1504,Drillneck,Penetrating Arrow Quiver,Standard,1,1,1,,none,no,,none,no,,0,no,,,,,no-text-match,Point Blank
e641d71408d7,Skirmish,Two-Point Arrow Quiver,Standard,1,1,1,,none,no,,none,no,,0,no,,,,,no-text-match,Attack Skills have +1 to maximum number of Summoned Totems
c1d8c27823fb,Maloney's Nightfall,Blunt Arrow Quiver,Standard,1,3,3,Pre 3.17.0,one,no,Pre 3.17.0,one,no,,0,no,,,,,,
ca12936f93e1,Asphyxia's Wrath,Two-Point Arrow Quiver,Standard,1,3,3,Pre 3.17.0,one,no,Pre 3.17.0,one,no,,0,no,,,,,,
70263e6aa76e,Craghead,Serrated Arrow Quiver,Standard,1,2,2,Pre 3.17.0,one,no,Pre 3.17.0,one,no,,0,no,,,,,,
c2509b590f20,Blackgleam,Fire Arrow Quiver,Standard,1,4,4,Pre 3.17.0,one,no,Pre 3.17.0,one,no,,0,no,,,,,,
df3a547cc371,Hyrri's Bite,Sharktooth Arrow Quiver,Standard,1,2,2,,none,no,,none,no,,0,no,,,,,number-outside-range,Gain 4 Life per Enemy Hit with Attacks
1a7f66d7c338,Winterheart,Gold Amulet,Standard,1,2,2,Pre 3.15.0,one,no,Pre 3.15.0,one,no,,0,no,,,,,,
f23273b2b369,Carnage Heart,Onyx Amulet,Standard,1,2,2,Current,one,no,Current,one,no,,0,no,,,enchantMods,,,
29cc8664559e,Impresence,Onyx Amulet,Standard,1,5,5,Fire,one,no,Fire,one,no,,0,no,,,,,,
10c5fa9c9184,Presence of Chayula,Onyx Amulet,Standard,1,1,1,only,one,no,only,one,no,,0,no,,,enchantMods,,,
4cbcc3e25c68,Ungil's Harmony,Turquoise Amulet,Standard,1,2,2,Pre 3.11.0,one,no,Pre 3.11.0,one,no,,0,no,,,,,,
e2db60bfbfb2,Voice of the Storm,Lapis Amulet,Standard,1,3,3,Pre 3.16.0;Pre 3.21.0,several,no,Pre 3.16.0;Pre 3.21.0,several,no,,0,no,,,,,,
79e899fe29c7,Karui Ward,Jade Amulet,Standard,1,2,2,Current,one,no,Current,one,no,,0,no,,,,,,
ca0626b66985,The Anvil,Amber Amulet,Standard,1,4,4,Pre 3.19.0,one,no,Pre 3.19.0,one,no,,0,no,,,,,,
c38d3f01e1d2,Sacrificial Heart,Paua Amulet,Standard,1,2,2,Pre 3.14.0,one,no,Pre 3.14.0,one,no,,0,no,,,,,,
2032be332839,Extractor Mentis,Agate Amulet,Standard,1,2,2,Current,one,no,Current,one,no,,0,no,,,,,,
0b410bcf8dcf,Araku Tiki,Coral Amulet,Standard,1,2,2,Pre 3.19.0,one,no,Pre 3.19.0,one,no,,0,no,,,,,,
68829a59de05,Eye of Chayula,Onyx Amulet,Standard,1,1,1,only,one,no,only,one,no,,0,no,,,,,,
a6ce30c9c55f,Perquil's Toe,Gold Amulet,Standard,1,1,1,only,one,no,only,one,no,,0,no,,,,,,
7bb99098f2b6,Maligaro's Cruelty,Turquoise Amulet,Standard,1,1,1,only,one,no,only,one,no,,0,no,,,,,,
be9556961b39,Bloodgrip,Marble Amulet,Standard,1,3,3,Pre 3.12.0,one,no,Pre 3.12.0,one,no,,0,no,,,,,,
cc89c4042299,Sidhebreath,Paua Amulet,Standard,1,4,4,Pre 3.19.0,one,no,Pre 3.19.0,one,no,,0,no,,,,,,
5e13276f2775,The Primordial Chain,Coral Amulet,Standard,1,2,2,Pre 3.26.0,one,no,Pre 3.26.0,one,no,,0,no,,,,,,
5cd75b368f0d,Stone of Lazhwar,Lapis Amulet,Standard,1,3,3,Pre 3.19.0,one,no,Pre 3.19.0,one,no,,0,no,,,,,,
539ea0472bfd,Atziri's Foible,Paua Amulet,Standard,1,2,2,Current,one,no,Current,one,no,,0,no,,,,,,
68d4c8465bc9,Astramentis,Onyx Amulet,Standard,1,1,1,,none,no,only,one,no,catalyst,2,yes,Attribute,20,enchantMods,,,
36e534a0758b,The Ignomon,Gold Amulet,Standard,1,2,2,Pre 3.19.0,one,no,Pre 3.19.0,one,no,,0,no,,,,,,
27de6792f2d9,The Pandemonius,Jade Amulet,Standard,1,1,1,,none,no,only,one,no,catalyst,2,yes,Elemental Damage,12,enchantMods,,,
359793dce793,Agnerod East,Imperial Staff,Standard,1,3,3,Pre 3.25.0,one,no,Pre 3.25.0,one,no,,0,no,,,,,,
d02ad5fd14f5,The Whispering Ice,Vile Staff,Standard,1,3,3,Pre 3.25.0,one,no,Pre 3.25.0,one,no,,0,no,,,,,,
c4fcb0f16a09,Femurs of the Saints,Primordial Staff,Standard,1,4,4,Pre 3.25.0,one,no,Pre 3.25.0,one,no,,0,no,,,,,,
0bfe9ed324c6,Dying Breath,Iron Staff,Standard,1,3,3,Pre 2.6.0;Pre 3.25.0,several,no,Pre 2.6.0;Pre 3.25.0,several,no,,0,no,,,,,,
ff3ca2147151,The Blood Thorn,Gnarled Branch,Standard,1,3,3,Pre 3.25.0,one,no,Pre 3.25.0,one,no,,0,no,,,,,,
4bf6a419f614,Sire of Shards,Serpentine Staff,Standard,1,3,3,Pre 3.25.0,one,no,Pre 3.25.0,one,no,,0,no,,,,,,
e0ee2513af57,Cane of Unravelling,Ezomyte Staff,Standard,1,5,5,Pre 3.11.0,one,no,Pre 3.11.0,one,no,,0,no,,,,,,
3abb66c1a08e,Realmshaper,Iron Staff,Standard,1,4,4,Pre 3.25.0,one,no,Pre 3.25.0,one,no,,0,no,,,,,,
09de518d7a8d,Fencoil,Gnarled Branch,Standard,1,3,3,Pre 3.25.0,one,no,Pre 3.25.0,one,no,,0,no,,,,,,
7e9dba701fe6,Tremor Rod,Military Staff,Standard,1,4,4,Pre 3.25.0,one,no,Pre 3.25.0,one,no,,0,no,,,,,,
1d3efeb8d6c5,The Stormheart,Royal Staff,Standard,1,3,3,Pre 3.25.0,one,no,Pre 3.25.0,one,no,,0,no,,,,,,
6057f5872d6d,Pillar of the Caged God,Iron Staff,Standard,1,3,3,Pre 3.25.0,one,no,Pre 3.25.0,one,no,,0,no,,,,,,
8f10b804efaa,The Searing Touch,Lathi,Standard,1,7,7,Pre 3.25.0,one,no,Pre 3.25.0,one,no,,0,no,,,,,,
6c2fdf28f599,Maw of Conquest,Steel Circlet,Standard,1,1,1,,none,no,,none,no,,0,no,,,enchantMods,,no-text-match,77% increased Spell Critical Strike Chance
ae5be1bc17ae,Scold's Bridle,Mind Cage,Standard,1,1,1,only,one,no,only,one,no,,0,no,,,,,,
f759c6f027c2,Alpha's Howl,Sinner Tricorne,Standard,1,1,1,only,one,no,only,one,no,,0,no,,,,,,
6c000b42bd00,Voll's Vision,Praetor Crown,Standard,1,2,2,Pre 3.19.0,one,no,Pre 3.19.0,one,no,,0,no,,,,,,
5963128c37d9,Ahn's Contempt,Praetor Crown,Standard,1,1,1,only,one,no,only,one,no,,0,no,,,,,,
3b44e107f365,Mind of the Council,Harlequin Mask,Standard,1,2,2,Current,one,no,Current,one,no,,0,no,,,,,,
cd5a45760687,Goldrim,Leather Cap,Standard,1,1,1,only,one,no,only,one,no,,0,no,,,,,,
edd4364f4f3d,Rime Gaze,Mind Cage,Standard,1,6,6,Pre 3.16.0,one,no,Pre 3.16.0,one,no,,0,no,,,enchantMods,,,
43ec61b23b74,Skullhead,Secutor Helm,Standard,1,3,3,Pre 3.19.0,one,no,Pre 3.19.0,one,no,,0,no,,,,,,
0f7a4b36eb0f,Heatshiver,Leather Hood,Standard,1,4,4,Pre 3.19.0,one,no,Pre 3.19.0,one,no,,0,no,,,,,,
99a5894848f5,The Broken Crown,Prophet Crown,Standard,1,3,3,Current,one,no,Current,one,no,,0,no,,,,,,
2ca90154a3a5,Doedre's Scorn,Lunaris Circlet,Standard,1,3,3,Pre 3.19.0,one,no,Pre 3.19.0,one,no,,0,no,,,,,,
c6a7129b01d2,Heretic's Veil,Deicide Mask,Standard,1,4,4,,none,no,,none,no,,0,no,,,,,number-outside-range,Socketed Curse Gems have 12% increased Reservation Efficiency
7a65d9a54891,Gorgon's Gaze,Regicide Mask,Standard,1,1,1,only,one,no,only,one,no,,0,no,,,,,,
bc4de2a756d5,Curtain Call,Plague Mask,Standard,1,1,1,only,one,no,only,one,no,,0,no,,,,,,
aab30c759c15,Rat's Nest,Ursine Pelt,Standard,1,1,1,only,one,no,only,one,no,,0,no,,,,,,
eddc481ad992,Fairgraves' Tricorne,Tricorne,Standard,1,2,2,,none,no,,none,no,,0,no,,,,,variant-line-not-displayed,15% increased Stun and Block Recovery
84f3b3b8d455,Veil of the Night,Great Helmet,Standard,1,1,1,only,one,no,only,one,no,,0,no,,,,,,
fb41476a6cec,The Peregrine,Visored Sallet,Standard,1,3,3,Current,one,no,Current,one,no,,0,no,,,,,,
7ffa909353b7,Kitava's Thirst,Zealot Helmet,Standard,1,2,2,Pre 3.11.0,one,no,Pre 3.11.0,one,no,,0,no,,,,,,
e7a823db4e9f,Crown of Eyes,Hubris Circlet,Standard,1,2,2,Current,one,no,Current,one,no,,0,no,,,,,,
3d4ac3646422,Mark of the Red Covenant,Tribal Circlet,Standard,1,3,3,,none,no,,none,no,,0,no,,,,,variant-line-not-displayed,+(30-50) to maximum Energy Shield
649899bf9d2d,Lightpoacher,Great Crown,Standard,1,4,4,One Abyssal Socket (Pre 3.21.0),one,no,One Abyssal Socket (Pre 3.21.0),one,no,,0,no,,,,,,
fb7b400ed17b,Ezomyte Peak,Iron Hat,Standard,1,2,2,Pre 3.19.0,one,no,Pre 3.19.0,one,no,,0,no,,,,,,
ed18ce21a436,Fractal Thoughts,Vaal Mask,Standard,1,1,1,only,one,no,only,one,no,,0,no,,,,,,
2d614bb427f0,Asenath's Mark,Iron Circlet,Standard,1,3,3,Pre 3.19.0,one,no,Pre 3.19.0,one,no,,0,no,,,,,,
0e2ccb2f2725,Hrimnor's Resolve,Samnite Helmet,Standard,1,3,3,,none,no,,none,no,,0,no,,,,,variant-line-not-displayed,10% increased Stun and Block Recovery
5c2e2466ac6e,Wraithlord,Bone Circlet,Standard,1,3,3,Pre 3.19.0,one,no,Pre 3.19.0,one,no,,0,no,,,,,,
e9e857d7b8a6,The Three Dragons,Golden Mask,Standard,1,1,1,only,one,no,only,one,no,,0,no,,,,,,
45bd5074ce6b,Deidbell,Gilded Sallet,Standard,1,3,3,Pre 3.19.0,one,no,Pre 3.19.0,one,no,,0,no,,,,,,
78bd0a503c67,Leer Cast,Festival Mask,Standard,1,2,2,Pre 3.19.0,one,no,Pre 3.19.0,one,no,,0,no,,,,,,
7174fff47b62,Mindspiral,Aventail Helmet,Standard,1,3,3,Pre 3.19.0,one,no,Pre 3.19.0,one,no,,0,no,,,,,,
8286da5c694d,The Formless Flame,Siege Helmet,Standard,1,3,3,Pre 3.16.0;Pre 3.21.0,several,no,Pre 3.16.0;Pre 3.21.0,several,no,,0,no,,,,,,
b51ce12b6337,Memory Vault,Praetor Crown,Standard,1,1,1,only,one,no,only,one,no,,0,no,,,,,,
2536455f0d59,Deidbellow,Gilded Sallet,Standard,1,2,2,Current,one,no,Current,one,no,,0,no,,,enchantMods,,,
8eae0c1f10fb,Crest of Desire,Fluted Bascinet,Standard,1,1,1,only,one,no,only,one,no,,0,no,,,,,,
2cd85fd10864,Assailum,Sinner Tricorne,Standard,1,2,2,Pre 3.21.0,one,no,Pre 3.21.0,one,no,,0,no,,,,,,
65ab2fdb72e1,Doedre's Tenure,Velvet Gloves,Standard,1,3,3,Pre 3.19.0,one,no,Pre 3.19.0,one,no,,0,no,,,,,,
a7c2b900454a,Null and Void,Legion Gloves,Standard,1,1,1,only,one,no,only,one,no,,0,no,,,,,,
791ec81feae7,Triad Grip,Mesh Gloves,Standard,1,2,2,Pre 3.29.0,one,no,Pre 3.29.0,one,no,,0,no,,,,,,
7c499e518b96,Shackles of the Wretched,Chain Gloves,Standard,1,2,2,Current,one,no,Current,one,no,,0,no,,,,,,
e054207a5f5b,Flesh and Spirit,Ironscale Gauntlets,Standard,1,1,1,only,one,no,only,one,no,,0,no,,,,,,
8a412ff081a2,Lochtonial Caress,Iron Gauntlets,Standard,1,3,3,Pre 3.19.0,one,no,Pre 3.19.0,one,no,,0,no,,,,,,
03111cd0836f,Ondar's Clasp,Wrapped Mitts,Standard,1,3,3,Pre 3.19.0,one,no,Pre 3.19.0,one,no,,0,no,,,,,,
2f8fc3a498b2,Voidbringer,Conjurer Gloves,Standard,1,4,4,Pre 3.11.0,one,no,Pre 3.11.0,one,no,,0,no,,,,,,
ce54af196fe8,Vaal Caress,Bronzescale Gauntlets,Standard,1,3,3,Pre 3.19.0,one,no,Pre 3.19.0,one,no,,0,no,,,,,,
c3ecf8ea8040,Snakebite,Assassin's Mitts,Standard,1,3,3,,none,no,,none,no,,0,no,,,,,no-text-match,+0.8% to Spell Critical Strike Chance
29ff879a917a,Giantsbane,Bronze Gauntlets,Standard,1,2,2,Pre 3.19.0,one,no,Pre 3.19.0,one,no,,0,no,,,,,,
e2af81e48877,Sadima's Touch,Wool Gloves,Standard,1,4,4,Pre 3.25.0,one,no,Pre 3.25.0,one,no,,0,no,,,,,,
3fcd705517a3,Hrimsorrow,Goathide Gloves,Standard,1,3,3,Pre 3.19.0,one,no,Pre 3.19.0,one,no,,0,no,,,,,,
070c80b7ba55,Slitherpinch,Bronzescale Gauntlets,Standard,1,2,2,Current,one,no,Current,one,no,,0,no,,,,,,
245a02c5f2d9,Veruso's Battering Rams,Titan Gauntlets,Standard,1,1,1,only,one,no,only,one,no,,0,no,,,,,,
b47006ddce5e,Worldcarver,Dragonscale Gauntlets,Standard,1,1,1,only,one,no,only,one,no,,0,no,,,,,,
564383f50b92,Tombfist,Steelscale Gauntlets,Standard,1,11,561,,none,no,,none,no,,0,no,,,,,variant-line-not-displayed,(5-10)% increased Attack Speed
6a12dc49a2aa,Surgebinders,Dragonscale Gauntlets,Standard,1,2,2,Current,one,no,Current,one,no,,0,no,,,,,,
62b4f727e549,Thunderfist,Murder Mitts,Standard,1,4,4,Pre 1.0.0;Pre 3.19.0,several,no,Pre 1.0.0;Pre 3.19.0,several,no,,0,no,,,,,,
c2c322da3b00,Wyrmsign,Wyrmscale Gauntlets,Standard,1,2,2,Pre 3.29.0,one,no,Pre 3.29.0,one,no,,0,no,,,,,,
b83ae1dbf888,Algor Mortis,Carnal Mitts,Standard,1,1,1,only,one,no,only,one,no,,0,no,,,,,,
bf9e5d9cc943,Tanu Ahi,Wyrmscale Gauntlets,Standard,1,1,1,only,one,no,only,one,no,,0,no,,,,,,
4329d5c41636,Meginord's Vise,Steel Gauntlets,Standard,1,4,4,Pre 3.19.0,one,no,Pre 3.19.0,one,no,,0,no,,,,,,
a5bf69db2d2b,Southbound,Soldier Gloves,Standard,1,3,3,Pre 3.19.0,one,no,Pre 3.19.0,one,no,,0,no,,,,,,
3e67a4f7f847,Farrul's Pounce,Hydrascale Gauntlets,Standard,1,1,1,only,one,no,only,one,no,,0,no,,,,,,
cf1e81a69952,Doedre's Damning,Paua Ring,Standard,1,2,2,Current;Pre 3.19.0,several,yes,Current;Pre 3.19.0,several,yes,,0,no,,,,,,
6cdb0c7c9bf5,Le Heup of All,Iron Ring,Standard,1,2,2,Current,one,no,Current,one,no,,0,no,,,,,,
acda5f275ab6,Heartbound Loop,Moonstone Ring,Standard,1,1,1,only,one,no,only,one,no,,0,no,,,,,,
a94e9332494c,Kaom's Sign,Coral Ring,Standard,1,3,3,Pre 3.19.0,one,no,Pre 3.19.0,one,no,,0,no,,,,,,
a807f7b9d9c0,Praxis,Paua Ring,Standard,1,2,2,Pre 3.29.0,one,no,Pre 3.29.0,one,no,,0,no,,,,,,
c11086570041,Blackheart,Iron Ring,Standard,1,2,2,Pre 3.19.0,one,no,Pre 3.19.0,one,no,,0,no,,,,,,
5793701b4b19,Ming's Heart,Amethyst Ring,Standard,1,4,4,,none,no,,none,no,,0,no,,,,,number-outside-range,10% reduced maximum Energy Shield
a4f325fb006b,Andvarius,Gold Ring,Standard,1,1,1,only,one,no,only,one,no,,0,no,,,,,,
8dcfe824a90b,Bloodboil,Coral Ring,Standard,1,2,2,Current,one,no,Current,one,no,,0,no,,,,,,
f0b002bd56f7,Emberwake,Ruby Ring,Standard,1,5,5,Pre 3.16.0,one,no,Pre 3.16.0,one,no,,0,no,,,,,,
4860de14da07,Dream Fragments,Sapphire Ring,Standard,1,2,2,Current,one,no,Current,one,no,,0,no,,,,,,
c93052323d0f,Mokou's Embrace,Ruby Ring,Standard,1,2,2,Pre 3.19.0,one,no,Pre 3.19.0,one,no,,0,no,,,,,,
63e154b9afb6,Berek's Pass,Two-Stone Ring,Standard,1,2,2,Current,one,no,Current,one,no,,0,no,,,,,,
fda85746e093,Circle of Fear,Sapphire Ring,Standard,1,7,28,,none,no,,none,no,,0,no,,,,,no-text-match,8% increased Cold Damage
139ecbdc36bd,Kikazaru,Topaz Ring,Standard,1,4,4,,none,no,,none,no,,0,no,,,,,number-outside-range,40% reduced Effect of Curses on you
d9e11d883ad1,Redblade Band,Unset Ring,Standard,1,2,2,Current,one,no,Current,one,no,,0,no,,,,,,
2a9c3dfe0168,Malachai's Artifice,Unset Ring,Standard,1,2,2,Current,one,no,Current,one,no,,0,no,,,,,,
b189f959bb1c,Perandus Signet,Paua Ring,Standard,1,2,2,Current,one,no,Current,one,no,,0,no,,,,,,
d00987e4a60c,The Warden's Brand,Iron Ring,Standard,1,1,1,only,one,no,only,one,no,,0,no,,,,,,
adb20491a63f,Winterweave,Coral Ring,Standard,1,1,1,only,one,no,only,one,no,,0,no,,,,,,
69511c48eb2f,Mark of the Shaper,Opal Ring,Standard,1,1,1,,none,no,only,one,no,catalyst,2,yes,Caster,20,,,,
5e427f969d7f,Maligaro's Lens,Compound Spiked Shield,Standard,1,3,3,Current,one,no,Current,one,no,,0,no,,,,,,
c60a1eadccd1,Replica Mistwall,Lacquered Buckler,Standard,1,1,1,only,one,no,only,one,no,,0,no,,,,,,
b4758f42e364,Wheel of the Stormsail,Rotted Round Shield,Standard,1,3,3,Pre 3.16.0,one,no,Pre 3.16.0,one,no,,0,no,,,,,,
01710ddce8e7,Saffell's Frame,Branded Kite Shield,Standard,1,4,4,Pre 3.19.0,one,no,Pre 3.19.0,one,no,,0,no,,,,,,
8923b7b3d703,Chernobog's Pillar,Ebony Tower Shield,Standard,1,4,4,Current,one,no,Current,one,no,,0,no,,,,,,
43ed6248487e,Matua Tupuna,Tarnished Spirit Shield,Standard,1,3,3,Pre 3.19.0,one,no,Pre 3.19.0,one,no,,0,no,,,,,,
4fdfad8efad0,Victario's Charity,Laminated Kite Shield,Standard,1,2,2,Current,one,no,Current,one,no,,0,no,,,,,,
4d563176ae1b,Ahn's Heritage,Colossal Tower Shield,Standard,1,3,3,Current,one,no,Current,one,no,,0,no,,,,,,
512b13c91c2d,Mistwall,Lacquered Buckler,Standard,1,1,1,only,one,no,only,one,no,,0,no,,,,,,
2b004ee4fd09,The Deep One's Hide,Studded Round Shield,Standard,1,2,2,Current,one,no,Current,one,no,,0,no,,,,,,
7236c022bee5,Kaltenhalt,Painted Buckler,Standard,1,4,4,Current,one,no,Current,one,no,,0,no,,,,,,
77352f754ee8,Daresso's Courage,Baroque Round Shield,Standard,1,4,4,Pre 3.19.0,one,no,Pre 3.19.0,one,no,,0,no,,,,,,
f127d7789402,Thousand Teeth Temu,Vaal Buckler,Standard,1,4,4,Pre 3.19.0,one,no,Pre 3.19.0,one,no,,0,no,,,,,,
98d96beef1df,Kongming's Stratagem,Ivory Spirit Shield,Standard,1,5,5,,none,no,,none,no,,0,no,,,,,variant-line-not-displayed,(5-10)% increased Spell Damage
d115b6fb16f6,Chalice of Horrors,War Buckler,Standard,1,5,5,Pre 3.17.0,one,no,Pre 3.17.0,one,no,,0,no,,,,,,
8549d233301e,Crest of Perandus,Pine Buckler,Standard,1,3,3,Current,one,no,Current,one,no,,0,no,,,,,,
d6d294924e48,Springleaf,Plank Kite Shield,Standard,1,5,5,Pre 3.19.0,one,no,Pre 3.19.0,one,no,,0,no,,,,,,
0ee6d1e38907,The Unshattered Will,Archon Kite Shield,Standard,1,1,1,only,one,no,only,one,no,,0,no,,,,,,
b723de44f67b,Aegis Aurora,Champion Kite Shield,Standard,1,3,3,Current,one,no,Current,one,no,,0,no,,,,,,
a3e773f0be11,Rise of the Phoenix,Mosaic Kite Shield,Standard,1,4,4,Pre 3.19.0,one,no,Pre 3.19.0,one,no,,0,no,,,,,,
4ee594f3dc70,The Supreme Truth,Crystal Sceptre,Standard,1,4,4,Pre 2.28.0,one,no,Pre 2.28.0,one,no,,0,no,,,,,,
641d701e0f4b,Axiom Perpetuum,Bronze Sceptre,Standard,1,2,2,Current,one,no,Current,one,no,,0,no,,,,,,
651ecd4a3c28,Mon'tregul's Grasp,Void Sceptre,Standard,1,5,5,Pre 3.19.0,one,no,Pre 3.19.0,one,no,,0,no,,,,,,
4649a55ce5ba,Flesh-Eater,Dream Mace,Standard,1,2,2,Current,one,no,Current,one,no,,0,no,,,,,,
5f895f2f8f44,Quecholli,Jagged Maul,Standard,1,2,2,,none,no,,none,no,,0,no,,,,,no-text-match,"Enemies Killed with Attack or Spell Hits Explode, dealing 10% of their Life as Fire Damage"
2f1c1d8f98e6,Kongor's Undying Rage,Terror Maul,Standard,1,4,4,Pre 3.11.0,one,no,Pre 3.11.0,one,no,,0,no,,,,,,
69e6eeef57f4,Bitterdream,Shadow Sceptre,Standard,1,1,1,,none,no,,none,no,,0,no,,,,,no-text-match,Socketed Gems are Supported by Level 1 Mana Leech
21fa538e5f1f,Earendel's Embrace,Grinning Fetish,Standard,1,1,1,only,one,no,only,one,no,,0,no,,,,,,
2e3cd8fcf5c8,Chober Chaber,Great Mallet,Standard,1,3,3,Current,one,no,Current,one,no,,0,no,,,,,,
e8d99d06424d,Frostbreath,Ornate Mace,Standard,1,3,3,Current,one,no,Current,one,no,,0,no,,,,,,
202bf8313e84,Cameria's Avarice,Gavel,Standard,1,1,1,only,one,no,only,one,no,,0,no,,,,,,
93bd29df25b8,Geofri's Baptism,Brass Maul,Standard,1,2,2,Current,one,no,Current,one,no,,0,no,,,,,,
7596b57db6ab,Voidhome,Dread Maul,Standard,1,2,2,Current,one,no,Current,one,no,,0,no,,,,,,
b034c6fd967c,Hrimnor's Hymn,Sledgehammer,Standard,1,2,2,Current,one,no,Current,one,no,,0,no,,,,,,
d6cbfcbcd4a9,Clayshaper,Rock Breaker,Standard,1,3,3,,none,no,,none,no,,0,no,,,,,no-text-match,14% increased Physical Damage
b84059811f77,Callinellus Malleus,Auric Mace,Standard,1,2,2,Current,one,no,Current,one,no,,0,no,,,,,,
71f97a0596f4,Brightbeak,War Hammer,Standard,1,3,3,Current,one,no,Current,one,no,,0,no,,,,,,
319eaf11adc1,Cameria's Maul,Gavel,Standard,1,2,2,Current,one,no,Current,one,no,,0,no,,,,,,
ac4c727e4cfe,Gorebreaker,Spiked Club,Standard,1,2,2,,none,no,,none,no,,0,no,,,,,no-text-match,Extra gore
e7c70147c715,Divination Distillate,Large Hybrid Flask,Standard,1,6,6,Pre 3.15.0,one,no,Pre 3.15.0,one,no,,0,no,,,,,,
b519ac16d5c1,Lion's Roar,Granite Flask,Standard,1,4,4,Pre 3.15.0,one,no,Pre 3.15.0,one,no,,0,no,,,utilityMods,,,
502738f10a0e,The Writhing Jar,Hallowed Hybrid Flask,Standard,1,1,1,only,one,no,only,one,no,,0,no,,,,,,
dfabd70bce83,Forbidden Taste,Quartz Flask,Standard,1,4,4,Pre 3.15.0,one,no,Pre 3.15.0,one,no,,0,no,,,utilityMods,,,
ef5407d813b6,The Overflowing Chalice,Sulphur Flask,Standard,1,2,2,Pre 3.15.0,one,no,Pre 3.15.0,one,no,,0,no,,,utilityMods,,,
72733b826d20,Rotgut,Quicksilver Flask,Standard,1,4,4,Pre 3.15.0,one,no,Pre 3.15.0,one,no,,0,no,,,utilityMods,,,
ca669dd7cd80,Doedre's Elixir,Greater Mana Flask,Standard,1,3,3,Pre 3.15.0,one,no,Pre 3.15.0,one,no,,0,no,,,,,,
ff803d4c8671,Lavianga's Spirit,Sanctified Mana Flask,Standard,1,1,1,only,one,no,only,one,no,,0,no,,,,,,
eb083eb9a5dd,Atziri's Promise,Amethyst Flask,Standard,1,3,3,Pre 3.15.0,one,no,Pre 3.15.0,one,no,,0,no,,,utilityMods,,,
f521bfaa1318,Coralito's Signature,Diamond Flask,Standard,1,2,2,Pre 3.15.0,one,no,Pre 3.15.0,one,no,,0,no,,,utilityMods,,,
1b44f573b321,Rumi's Concoction,Granite Flask,Standard,1,4,4,Pre 3.15.0,one,no,Pre 3.15.0,one,no,,0,no,,,utilityMods,,,
b44549f04445,The Wise Oak,Bismuth Flask,Standard,1,3,3,Pre 3.15.0,one,no,Pre 3.15.0,one,no,,0,no,,,utilityMods,,,
a8a98ab9be66,Doedre's Elixir,Greater Mana Flask,Hardcore,1,3,3,Pre 3.15.0,one,no,Pre 3.15.0,one,no,,0,no,,,,,,
2fc4475a9e43,Doedre's Elixir,Greater Mana Flask,Hardcore,1,3,3,Pre 3.15.0,one,no,Pre 3.15.0,one,no,,0,no,,,,,,
b4eb08ea615a,Forbidden Taste,Quartz Flask,Hardcore,1,4,4,Pre 3.15.0,one,no,Pre 3.15.0,one,no,,0,no,,,utilityMods,,,
049ea9fa5a77,Coralito's Signature,Diamond Flask,Hardcore,1,2,2,Pre 3.15.0,one,no,Pre 3.15.0,one,no,,0,no,,,utilityMods,,,
a209c94b8364,Lioneye's Remorse,Pinnacle Tower Shield,Hardcore,1,5,5,Pre 3.16.0,one,no,Pre 3.16.0,one,no,,0,no,,,,,,
31ccc01f2ae0,Tabula Rasa,Simple Robe,Hardcore,1,1,1,,none,no,,none,no,,0,no,,,,,no-text-match,+2 to Level of Socketed Trap or Mine Gems
d6ea7ce1befb,Ashrend,Buckskin Tunic,Hardcore,1,3,3,Pre 3.19.0,one,no,Pre 3.19.0,one,no,,0,no,,,,,,
df9f55651639,Hrimsorrow,Goathide Gloves,Hardcore,1,3,3,Pre 3.19.0,one,no,Pre 3.19.0,one,no,,0,no,,,,,,
430f679678bf,Death's Harp,Death Bow,Hardcore,1,7,7,Pre 3.17.0,one,no,Pre 3.17.0,one,no,,0,no,,,,,,
e6f3a0b93845,Stormcharger,Plated Greaves,Hardcore,1,2,2,Pre 3.19.0,one,no,Pre 3.19.0,one,no,,0,no,,,,,,
6ec9e7a50f1a,Abberath's Horn,Goat's Horn,Hardcore,1,4,4,Pre 2.3.0;Pre 3.21.0,several,no,Pre 2.3.0;Pre 3.21.0,several,no,,0,no,,,,,,
392db20c828e,Fairgraves' Tricorne,Tricorne,Hardcore,1,2,2,,none,no,,none,no,,0,no,,,,,variant-line-not-displayed,15% increased Stun and Block Recovery
71aa3b2027b7,Storm Cloud,Long Bow,Hardcore,1,2,2,Current,one,no,Current,one,no,,0,no,,,,,,
64898a978443,Chalice of Horrors,War Buckler,Hardcore,1,5,5,Pre 3.17.0,one,no,Pre 3.17.0,one,no,,0,no,,,,,,
be1b386e070c,Ashcaller,Quartz Wand,Hardcore,1,5,5,Pre 3.19.0,one,no,Pre 3.19.0,one,no,,0,no,,,,,,
cd84bbeabc87,Last Resort,Nailed Fist,Hardcore,1,1,1,only,one,no,only,one,no,,0,no,,,,,,
ba02f28eabb6,Last Resort,Nailed Fist,Hardcore,1,1,1,only,one,no,only,one,no,,0,no,,,,,,
97076cf5b34c,Realmshaper,Iron Staff,Hardcore,1,4,4,Pre 3.25.0,one,no,Pre 3.25.0,one,no,,0,no,,,,,,
ec9471b586fd,Deidbell,Gilded Sallet,Hardcore,1,3,3,Pre 3.19.0,one,no,Pre 3.19.0,one,no,,0,no,,,,,,
33d32b2bbaee,Fairgraves' Tricorne,Tricorne,Hardcore,1,2,2,,none,no,,none,no,,0,no,,,,,variant-line-not-displayed,15% increased Stun and Block Recovery
9a0d66e32d79,Bloodboil,Coral Ring,Hardcore,1,2,2,Current,one,no,Current,one,no,,0,no,,,,,,
a36b335c0560,Dreadsurge,Cleaver,Hardcore,1,1,1,only,one,no,only,one,no,,0,no,,,,,,
b48243603edf,Olmec's Sanctum,Map (Tier 7),Hardcore,0,0,0,,unbound,no,,unbound,no,,0,no,,,,,,
daa0197c263a,Maelström of Chaos,Map (Tier 6),Hardcore,0,0,0,,unbound,no,,unbound,no,,0,no,,,,,,
095a2c5e0b03,Kaom's Sign,Coral Ring,Hardcore,1,3,3,Pre 3.19.0,one,no,Pre 3.19.0,one,no,,0,no,,,,,,
62767b5134ec,Rotblood Promise,Unset Ring,Hardcore,1,2,2,Pre 3.16.0,one,no,Pre 3.16.0,one,no,,0,no,,,,,,
8fe948464ccd,Bloodboil,Coral Ring,Hardcore,1,2,2,Current,one,no,Current,one,no,,0,no,,,,,,
c92d926fa4df,Praxis,Paua Ring,Hardcore,1,2,2,Pre 3.29.0,one,no,Pre 3.29.0,one,no,,0,no,,,,,,
b543c6cc463b,Essence Worm,Unset Ring,Hardcore,1,1,1,only,one,no,only,one,no,,0,no,,,,,,
3af13e84c320,Heartbound Loop,Moonstone Ring,Hardcore,1,1,1,only,one,no,only,one,no,,0,no,,,,,,
adb9eeab1644,Blackheart,Iron Ring,Hardcore,1,2,2,Pre 3.19.0,one,no,Pre 3.19.0,one,no,,0,no,,,,,,
788c449b306c,The Warden's Brand,Iron Ring,Hardcore,1,1,1,only,one,no,only,one,no,,0,no,,,,,,
412b9e4a32f7,Death Rush,Amethyst Ring,Hardcore,1,3,3,,none,no,,none,no,,0,no,,,,,number-outside-range,+11% to Chaos Resistance
98fcf5730d91,Le Heup of All,Iron Ring,Hardcore,1,2,2,Current,one,no,Current,one,no,,0,no,,,,,,
ad9c33dc7d1e,Berek's Pass,Two-Stone Ring,Hardcore,1,2,2,Current,one,no,Current,one,no,,0,no,,,,,,
c20e05df79d9,Emberwake,Ruby Ring,Hardcore,1,5,5,Pre 3.16.0,one,no,Pre 3.16.0,one,no,,0,no,,,,,,
253615165311,Lori's Lantern,Prismatic Ring,Hardcore,1,2,2,Current;Pre 1.0.0,several,yes,Current;Pre 1.0.0,several,yes,,0,no,,,,,,
b52ce272f028,Blackgleam,Fire Arrow Quiver,Hardcore,1,4,4,Pre 3.17.0,one,no,Pre 3.17.0,one,no,,0,no,,,,,,
99495561950f,Asphyxia's Wrath,Two-Point Arrow Quiver,Hardcore,1,3,3,Pre 3.17.0,one,no,Pre 3.17.0,one,no,,0,no,,,,,,
97910f0ea4ed,Saemus' Gift,Spike-Point Arrow Quiver,Hardcore,1,2,2,,none,no,,none,no,,0,no,,,,,no-text-match,30% increased Global Critical Strike Chance
74cb6958f227,Scorpion's Call,Broadhead Arrow Quiver,Hardcore,1,2,2,Pre 3.17.0,one,no,Pre 3.17.0,one,no,,0,no,,,,,,
a0b7022c2ffa,Hyrri's Bite,Sharktooth Arrow Quiver,Hardcore,1,2,2,,none,no,,none,no,,0,no,,,,,variant-line-not-displayed,Gain (6-8) Life per Enemy Hit with Attacks
a13b787fc7e6,Skirmish,Two-Point Arrow Quiver,Hardcore,1,1,1,,none,no,,none,no,,0,no,,,,,no-text-match,Attack Skills have +1 to maximum number of Summoned Totems
b6ec8802818d,Craghead,Serrated Arrow Quiver,Hardcore,1,2,2,Pre 3.17.0,one,no,Pre 3.17.0,one,no,,0,no,,,,,,
c27d21c8338c,The Blood Reaper,Headsman Axe,Hardcore,1,3,3,Current,one,no,Current,one,no,,0,no,,,,,,
0622d380a669,The Screaming Eagle,Jade Hatchet,Hardcore,1,2,2,Current,one,no,Current,one,no,,0,no,,,,,,
1214bcfa313f,Limbsplit,Woodsplitter,Hardcore,1,2,2,Current,one,no,Current,one,no,,0,no,,,,,,
db97551672c6,Wideswing,Poleaxe,Hardcore,1,2,2,Current,one,no,Current,one,no,,0,no,,,,,,
c32bb331d809,Reaper's Pursuit,Shadow Axe,Hardcore,1,1,1,only,one,no,only,one,no,,0,no,,,,,,
01a0d7d09729,The Stormheart,Royal Staff,Hardcore,1,3,3,Pre 3.25.0,one,no,Pre 3.25.0,one,no,,0,no,,,,,,
a0b22adccec4,Realmshaper,Iron Staff,Hardcore,1,4,4,Pre 3.25.0,one,no,Pre 3.25.0,one,no,,0,no,,,,,,
18c432f40109,Fencoil,Gnarled Branch,Hardcore,1,3,3,Pre 3.25.0,one,no,Pre 3.25.0,one,no,,0,no,,,,,,
e39e9ad426ef,Pillar of the Caged God,Iron Staff,Hardcore,1,3,3,Pre 3.25.0,one,no,Pre 3.25.0,one,no,,0,no,,,,,,
3a37b7e05895,Agnerod West,Imperial Staff,Hardcore,1,3,3,Pre 3.25.0,one,no,Pre 3.25.0,one,no,,0,no,,,,,,
9e3b43c5fbb2,Femurs of the Saints,Primordial Staff,Hardcore,1,4,4,Pre 3.25.0,one,no,Pre 3.25.0,one,no,,0,no,,,,,,
3d251906d66e,The Whispering Ice,Vile Staff,Hardcore,1,3,3,Pre 3.25.0,one,no,Pre 3.25.0,one,no,,0,no,,,,,,
be29f69bd5b1,Dying Breath,Iron Staff,Hardcore,1,3,3,Pre 2.6.0;Pre 3.25.0,several,no,Pre 2.6.0;Pre 3.25.0,several,no,,0,no,,,,,,
477521824157,Wildslash,Awl,Hardcore,1,2,2,Current,one,no,Current,one,no,,0,no,,,,,,
2c220eaf93b1,Bloodseeker,Hellion's Paw,Hardcore,1,4,4,Pre 3.20.0,one,no,Pre 3.20.0,one,no,,0,no,,,,,,
3745d351772b,Last Resort,Nailed Fist,Hardcore,1,1,1,only,one,no,only,one,no,,0,no,,,,,,
081b7974362a,Touch of Anguish,Imperial Claw,Hardcore,1,2,2,Current,one,no,Current,one,no,,0,no,,,,,,
37754725642e,Cybil's Paw,Thresher Claw,Hardcore,1,4,4,Pre 3.19.0,one,no,Pre 3.19.0,one,no,,0,no,,,,,,
7e251101b94a,Surgebinders,Dragonscale Gauntlets,Hardcore,1,2,2,Current,one,no,Current,one,no,,0,no,,,,,,
156c1dec946c,Great Old One's Tentacles,Eelskin Gloves,Hardcore,1,1,1,only,one,no,only,one,no,,0,no,,,,,,
19ed1aa0ae77,Giantsbane,Bronze Gauntlets,Hardcore,1,2,2,Pre 3.19.0,one,no,Pre 3.19.0,one,no,,0,no,,,,,,
5486460a6bd8,Shackles of the Wretched,Chain Gloves,Hardcore,1,2,2,Current,one,no,Current,one,no,,0,no,,,,,,
952f2510c3e1,Hrimsorrow,Goathide Gloves,Hardcore,1,3,3,Pre 3.19.0,one,no,Pre 3.19.0,one,no,,0,no,,,,,,
3efe8b3ca423,The Embalmer,Carnal Mitts,Hardcore,1,1,1,only,one,no,only,one,no,,0,no,,,,,,
2d10af559c3d,Snakebite,Assassin's Mitts,Hardcore,1,3,3,Current,one,no,Current,one,no,,0,no,,,,,,
d1e62c33276b,Lochtonial Caress,Iron Gauntlets,Hardcore,1,3,3,Pre 3.19.0,one,no,Pre 3.19.0,one,no,,0,no,,,,,,
9af064e88ff0,Doedre's Tenure,Velvet Gloves,Hardcore,1,3,3,Pre 3.19.0,one,no,Pre 3.19.0,one,no,,0,no,,,,,,
8859cc8d0344,Facebreaker,Strapped Mitts,Hardcore,1,6,6,Current;Pre 3.26.0,several,yes,Current;Pre 3.26.0,several,yes,,0,no,,,,,,
bae3face898b,Empire's Grasp,Goliath Gauntlets,Hardcore,1,1,1,only,one,no,only,one,no,,0,no,,,,,,
9ab7de49278e,Wyrmsign,Wyrmscale Gauntlets,Hardcore,1,2,2,Pre 3.29.0,one,no,Pre 3.29.0,one,no,,0,no,,,,,,
d680c8fb4ac3,Slitherpinch,Bronzescale Gauntlets,Hardcore,1,2,2,Current,one,no,Current,one,no,,0,no,,,,,,
65495ee09904,Heartbreaker,Royal Skean,Hardcore,1,3,3,Pre 3.19.0,one,no,Pre 3.19.0,one,no,,0,no,,,,,,
2c16022565ac,Ungil's Gauche,Boot Knife,Hardcore,1,3,3,Current;Pre 1.1.0,several,yes,Current;Pre 1.1.0,several,yes,,0,no,,,,,,
0de288753b80,Widowmaker,Boot Blade,Hardcore,1,2,2,Current,one,no,Current,one,no,,0,no,,,,,,
e50eecf82a0f,Goredrill,Skinning Knife,Hardcore,1,1,1,only,one,no,only,one,no,,0,no,,,,,,
183b91731940,Bloodplay,Stiletto,Hardcore,1,2,2,Current,one,no,Current,one,no,,0,no,,,,,,
9f7fe8ec38d5,Mark of the Doubting Knight,Platinum Kris,Hardcore,1,4,4,,none,no,,none,no,,0,no,,,,,number-outside-range,10% reduced Attack Speed
a3dc4fccca4d,Mightflay,Flaying Knife,Hardcore,1,1,1,only,one,no,only,one,no,,0,no,,,,,,
b015d6cffec4,Stormcharger,Plated Greaves,Hardcore,1,2,2,Pre 3.19.0,one,no,Pre 3.19.0,one,no,,0,no,,,,,,
565fdaebfd5e,Lioneye's Paws,Bronzescale Boots,Hardcore,1,2,2,Current,one,no,Current,one,no,,0,no,,,,,,
4d3b124d92f5,Gang's Momentum,Legion Boots,Hardcore,1,2,2,Current,one,no,Current,one,no,,0,no,,,,,,
709d9bf9abcb,Nomic's Storm,Strapped Boots,Hardcore,1,3,3,Current,one,no,Current,one,no,,0,no,,,,,,
c0795f1d2c65,Wondertrap,Velvet Slippers,Hardcore,1,3,3,Current;Pre 3.19.0,several,yes,Current;Pre 3.19.0,several,yes,,0,no,,,,,,
8df620ed59b3,Bones of Ullr,Silk Slippers,Hardcore,1,1,1,only,one,no,only,one,no,,0,no,,,,,,
66db771f74d1,Wake of Destruction,Mesh Boots,Hardcore,1,3,3,Current,one,no,Current,one,no,,0,no,,,,,,
d97666aaf3f1,Three-step Assault,Shagreen Boots,Hardcore,1,3,3,Pre 3.16.0,one,no,Pre 3.16.0,one,no,,0,no,,,,,,
6522c5ddf77f,Deerstalker,Deerskin Boots,Hardcore,1,3,3,Pre 3.19.0,one,no,Pre 3.19.0,one,no,,0,no,,,,,,
bfbfa273d11b,Alberon's Warpath,Soldier Boots,Hardcore,1,2,2,Pre 3.19.0,one,no,Pre 3.19.0,one,no,,0,no,,,,,,
2eedb2bab879,Redblade Tramplers,Ancient Greaves,Hardcore,1,2,2,Current,one,no,Current,one,no,,0,no,,,,,,
a7d395b1f26c,The Ignomon,Gold Amulet,Hardcore,1,2,2,Pre 3.19.0,one,no,Pre 3.19.0,one,no,,0,no,,,,,,
61a5c13a9378,Warped Timepiece,Turquoise Amulet,Hardcore,1,3,3,,none,no,,none,no,,0,no,,,,,variant-line-not-displayed,+(16-24) to Dexterity and Intelligence
0594666ad632,Karui Ward,Jade Amulet,Hardcore,1,2,2,Current,one,no,Current,one,no,,0,no,,,,,,
3906e5263e30,Retaliation Charm,Citrine Amulet,Hardcore,1,2,2,Pre 3.19.0,one,no,Pre 3.19.0,one,no,,0,no,,,,,,
e367356adad0,Sidhebreath,Paua Amulet,Hardcore,1,4,4,Pre 3.19.0,one,no,Pre 3.19.0,one,no,,0,no,,,,,,
77b1df6f41bc,Araku Tiki,Coral Amulet,Hardcore,1,2,2,Pre 3.19.0,one,no,Pre 3.19.0,one,no,,0,no,,,,,,
2a4c826a2310,Winterheart,Gold Amulet,Hardcore,1,2,2,Pre 3.15.0,one,no,Pre 3.15.0,one,no,,0,no,,,,,,
6e6583f5af46,The Aylardex,Agate Amulet,Hardcore,1,2,2,Current,one,no,Current,one,no,,0,no,,,,,,
e5477dd847b1,The Princess,Sabre,Hardcore,1,2,2,Current,one,no,Current,one,no,,0,no,,,,,,
15689e8f634a,Ewar's Mirage,Antique Rapier,Hardcore,1,2,2,Current,one,no,Current,one,no,,0,no,,,,,,
e2666fb12bf6,The Tempestuous Steel,War Sword,Hardcore,1,2,2,Current,one,no,Current,one,no,,0,no,,,,,,
6205b77f8642,Shiversting,Bastard Sword,Hardcore,1,3,3,Current,one,no,Current,one,no,,0,no,,,,,,
820e37263873,Fidelitas' Spike,Jagged Foil,Hardcore,1,3,3,Current,one,no,Current,one,no,,0,no,,,,,,
1ebfb317eb5c,Queen's Decree,Ornate Sword,Hardcore,1,4,4,Current;Pre 3.26.0,several,yes,Current;Pre 3.26.0,several,yes,,0,no,,,,,,
e5e8b9d65cf3,Rebuke of the Vaal,Vaal Blade,Hardcore,1,4,4,Current,one,no,Current,one,no,,0,no,,,,,,
6c714d694faf,Lakishu's Blade,Elegant Sword,Hardcore,1,2,2,Current,one,no,Current,one,no,,0,no,,,,,,
990d2154a739,Daresso's Passion,Estoc,Hardcore,1,2,2,Current,one,no,Current,one,no,,0,no,,,,,,
414776e15804,Nycta's Lantern,Crystal Sceptre,Hardcore,1,5,5,Pre 3.19.0,one,no,Pre 3.19.0,one,no,,0,no,,,,,,
64764668ed90,Frostbreath,Ornate Mace,Hardcore,1,3,3,Current,one,no,Current,one,no,,0,no,,,,,,
7b8624e5df05,Cameria's Maul,Gavel,Hardcore,1,2,2,Current,one,no,Current,one,no,,0,no,,,,,,
9d4aa389cfa8,Voidhome,Dread Maul,Hardcore,1,2,2,Current,one,no,Current,one,no,,0,no,,,,,,
4789ccc99fc2,Geofri's Baptism,Brass Maul,Hardcore,1,2,2,Current,one,no,Current,one,no,,0,no,,,,,,
a6153c5e7ea6,Gorebreaker,Spiked Club,Hardcore,1,2,2,,none,no,,none,no,,0,no,,,,,no-text-match,Extra gore
2178fb068322,The Dark Seer,Shadow Sceptre,Hardcore,1,11,11,Pre 3.24.0 (Life/Mana),one,no,Pre 3.24.0 (Life/Mana),one,no,,0,no,,,,,,
65f54704bc52,Jorrhast's Blacksteel,Steelhead,Hardcore,1,2,2,Current,one,no,Current,one,no,,0,no,,,,,,
0f55c8c90c5b,Chober Chaber,Great Mallet,Hardcore,1,3,3,Current,one,no,Current,one,no,,0,no,,,,,,
88d309a5e938,Brutus' Lead Sprinkler,Ritual Sceptre,Hardcore,1,4,4,Current,one,no,Current,one,no,,0,no,,,,,,
d53014635fc9,Earendel's Embrace,Grinning Fetish,Hardcore,1,1,1,only,one,no,only,one,no,,0,no,,,,,,
6bd2d74eeb27,Bramblejack,Plate Vest,Hardcore,1,2,2,Pre 3.19.0,one,no,Pre 3.19.0,one,no,,0,no,,,,,,
907417588b48,Cherrubim's Maleficence,Triumphant Lamellar,Hardcore,1,3,3,Current,one,no,Current,one,no,,0,no,,,,,,
746b54377b92,Briskwrap,Strapped Leather,Hardcore,1,4,4,,none,no,,none,no,,0,no,,,,,no-text-match,+2 to Level of Socketed Trap or Mine Gems
0fc65e7f9b39,Lightbane Raiment,Ornate Ringmail,Hardcore,1,4,4,Current,one,no,Current,one,no,,0,no,,,,,,
2309154a2196,Ashrend,Buckskin Tunic,Hardcore,1,3,3,Pre 3.19.0,one,no,Pre 3.19.0,one,no,,0,no,,,,,,
7c0f9de7f1a4,Solaris Lorica,Copper Plate,Hardcore,1,2,2,Current,one,no,Current,one,no,,0,no,,,,,,
6da67fac669b,Zahndethus' Cassock,Sage's Robe,Hardcore,1,4,4,Current,one,no,Current,one,no,,0,no,,,,,,
8ef6e7eda545,Vis Mortis,Necromancer Silks,Hardcore,1,3,3,Current,one,no,Current,one,no,,0,no,,,,,,
95d4982cd519,Thousand Ribbons,Simple Robe,Hardcore,1,3,3,Pre 3.19.0,one,no,Pre 3.19.0,one,no,,0,no,,,,,,
f7c8d2d09ad5,Icetomb,Latticed Ringmail,Hardcore,1,3,3,Pre 3.19.0,one,no,Pre 3.19.0,one,no,,0,no,,,,,,
f138784894b2,Cloak of Flame,Scholar's Robe,Hardcore,1,2,2,Pre 3.19.0,one,no,Pre 3.19.0,one,no,,0,no,,,,,,
167fdb7f1531,Foxshade,Wild Leather,Hardcore,1,3,3,Pre 3.19.0,one,no,Pre 3.19.0,one,no,,0,no,,,,,,
c09f7d8d45b6,Matua Tupuna,Tarnished Spirit Shield,Hardcore,1,3,3,Pre 3.19.0,one,no,Pre 3.19.0,one,no,,0,no,,,,,,
44c4240bb1b4,Ahn's Heritage,Colossal Tower Shield,Hardcore,1,3,3,Current,one,no,Current,one,no,,0,no,,,,,,
c92d9f55cd99,Chernobog's Pillar,Ebony Tower Shield,Hardcore,1,4,4,Current,one,no,Current,one,no,,0,no,,,,,,
0137855e782f,Rise of the Phoenix,Mosaic Kite Shield,Hardcore,1,4,4,Pre 3.19.0,one,no,Pre 3.19.0,one,no,,0,no,,,,,,
19519aba9c90,Titucius' Span,Reinforced Tower Shield,Hardcore,1,3,3,Current,one,no,Current,one,no,,0,no,,,,,,
560985da3190,The Eternal Apple,Chiming Spirit Shield,Hardcore,1,1,1,only,one,no,only,one,no,,0,no,,,,,,
12da8a6789e9,Chalice of Horrors,War Buckler,Hardcore,1,5,5,Pre 3.17.0,one,no,Pre 3.17.0,one,no,,0,no,,,,,,
37e10699850e,The Oak,Plank Kite Shield,Hardcore,1,5,5,Pre 3.19.0,one,no,Pre 3.19.0,one,no,,0,no,,,,,,
64f645fd8d96,Wheel of the Stormsail,Rotted Round Shield,Hardcore,1,3,3,Pre 3.16.0,one,no,Pre 3.16.0,one,no,,0,no,,,,,,
7bf85c1537d2,Crest of Perandus,Pine Buckler,Hardcore,1,3,3,Current,one,no,Current,one,no,,0,no,,,,,,
3236b2c931a5,Zeel's Amplifier,Polished Spiked Shield,Hardcore,1,1,1,,none,no,,none,no,,0,no,,,,,number-outside-range,+4% chance to Suppress Spell Damage
445aed9ed365,Atziri's Mirror,Golden Buckler,Hardcore,1,3,3,Current,one,no,Current,one,no,,0,no,,,,,,
9d66147abca2,Daresso's Courage,Baroque Round Shield,Hardcore,1,4,4,Pre 3.19.0,one,no,Pre 3.19.0,one,no,,0,no,,,,,,
7804f639bc69,Kaltenhalt,Painted Buckler,Hardcore,1,4,4,Current,one,no,Current,one,no,,0,no,,,,,,
97848a4e25f3,The Deep One's Hide,Studded Round Shield,Hardcore,1,2,2,Current,one,no,Current,one,no,,0,no,,,,,,
054a883bc68f,Springleaf,Plank Kite Shield,Hardcore,1,5,5,Pre 3.19.0,one,no,Pre 3.19.0,one,no,,0,no,,,,,,
546d1a926498,The Three Dragons,Golden Mask,Hardcore,1,1,1,only,one,no,only,one,no,,0,no,,,,,,
9e9174803225,Doedre's Scorn,Lunaris Circlet,Hardcore,1,3,3,Pre 3.19.0,one,no,Pre 3.19.0,one,no,,0,no,,,,,,
a962f8ba905f,The Peregrine,Visored Sallet,Hardcore,1,3,3,Current,one,no,Current,one,no,,0,no,,,,,,
3da79543d5ff,Hrimnor's Resolve,Samnite Helmet,Hardcore,1,3,3,,none,no,,none,no,,0,no,,,,,variant-line-not-displayed,10% increased Stun and Block Recovery
cd555900ba25,Deidbell,Gilded Sallet,Hardcore,1,3,3,Pre 3.19.0,one,no,Pre 3.19.0,one,no,,0,no,,,,,,
b6a103ec97ad,Black Sun Crest,Lacquered Helmet,Hardcore,1,1,1,only,one,no,only,one,no,,0,no,,,,,,
49807666967d,Rime Gaze,Mind Cage,Hardcore,1,6,6,Pre 3.16.0,one,no,Pre 3.16.0,one,no,,0,no,,,,,,
1af9d77c3184,Heatshiver,Leather Hood,Hardcore,1,4,4,Pre 3.19.0,one,no,Pre 3.19.0,one,no,,0,no,,,,,,
5f891185ae58,Ezomyte Peak,Iron Hat,Hardcore,1,2,2,Pre 3.19.0,one,no,Pre 3.19.0,one,no,,0,no,,,,,,
5ad4cc0e17e9,Mindspiral,Aventail Helmet,Hardcore,1,3,3,Pre 3.19.0,one,no,Pre 3.19.0,one,no,,0,no,,,,,,
6da6c6848b63,Leer Cast,Festival Mask,Hardcore,1,2,2,Pre 3.19.0,one,no,Pre 3.19.0,one,no,,0,no,,,,,,
b0482edad0ae,Skullhead,Secutor Helm,Hardcore,1,3,3,Pre 3.19.0,one,no,Pre 3.19.0,one,no,,0,no,,,,,,
4acccf08782d,Crown of Thorns,Vine Circlet,Hardcore,1,3,3,Pre 3.19.0,one,no,Pre 3.19.0,one,no,,0,no,,,,,,
311e4137fd19,Fairgraves' Tricorne,Tricorne,Hardcore,1,2,2,,none,no,,none,no,,0,no,,,,,variant-line-not-displayed,15% increased Stun and Block Recovery
51d467e8ca36,Gorgon's Gaze,Regicide Mask,Hardcore,1,1,1,only,one,no,only,one,no,,0,no,,,,,,
1ff7ac366e17,The Broken Crown,Prophet Crown,Hardcore,1,3,3,Current,one,no,Current,one,no,,0,no,,,,,,
47e1e9e9203c,Rain of Splinters,Crimson Jewel,Hardcore,1,2,2,Current;Pre 3.20.0,several,yes,Current;Pre 3.20.0,several,yes,,0,no,,,,,,
c3ab503bf600,The Vigil,Crimson Jewel,Hardcore,1,3,3,Current,one,no,Current,one,no,,0,no,,,,,,
bdf514c833b8,Hazardous Research,Cobalt Jewel,Hardcore,1,2,2,,none,no,,none,no,,0,no,,,,,no-text-match,"With at least 40 Intelligence in Radius, Spark fires 2 additional Projectiles"
4fa95ad9fa57,Frozen Trail,Cobalt Jewel,Hardcore,1,1,1,only,one,no,only,one,no,,0,no,,,,,,
dc0848e4ebf5,Might and Influence,Viridian Jewel,Hardcore,1,6,21,,none,no,Claw | Dagger,one,no,selection,0,no,,,,,,
0bdf0e62a01d,Quickening Covenant,Viridian Jewel,Hardcore,1,2,2,Current;Pre 3.20.0,several,yes,Current;Pre 3.20.0,several,yes,,0,no,,,,,,
3bf2b63c40a8,Energised Armour,Crimson Jewel,Hardcore,1,2,2,Current;Pre 3.20.0,several,yes,Current;Pre 3.20.0,several,yes,,0,no,,,,,,
077f4c842e57,Overwhelming Odds,Crimson Jewel,Hardcore,1,1,1,only,one,no,only,one,no,,0,no,,,,,,
ceee1323ca32,Self-Flagellation,Viridian Jewel,Hardcore,1,1,1,only,one,no,only,one,no,,0,no,,,,,,
a986f471ecf5,Ring of Blades,Viridian Jewel,Hardcore,1,3,3,Pre 3.17.0,one,no,Pre 3.17.0,one,no,,0,no,,,,,,
0b2a3376f22b,Rapid Expansion,Crimson Jewel,Hardcore,1,3,3,Current,one,no,Current,one,no,,0,no,,,,,,
fc0e9439fbd0,Blood Sacrifice,Crimson Jewel,Hardcore,1,1,1,only,one,no,only,one,no,,0,no,,,,,,
e9835f90dc1c,Survival Skills,Crimson Jewel,Hardcore,1,2,2,Pre 3.16.0,one,no,Pre 3.16.0,one,no,,0,no,,,,,,
0b29cc325236,Survival Instincts,Viridian Jewel,Hardcore,1,2,2,Pre 3.16.0,one,no,Pre 3.16.0,one,no,,0,no,,,,,,
24b03f7cdee2,Assassin's Haste,Cobalt Jewel,Hardcore,1,1,1,only,one,no,only,one,no,,0,no,,,,,,
f83e1c838edd,Spreading Rot,Cobalt Jewel,Hardcore,1,2,2,,none,no,,none,no,,0,no,,,,,no-text-match,Minions deal 5% increased Damage
5621563ef2f0,Poacher's Aim,Viridian Jewel,Hardcore,1,1,1,only,one,no,only,one,no,,0,no,,,,,,
e899be2cd750,Brawn,Crimson Jewel,Hardcore,1,1,1,only,one,no,only,one,no,,0,no,,,,,,
2a0109e3bd39,Tempered Mind,Cobalt Jewel,Hardcore,1,3,3,Current,one,no,Current,one,no,,0,no,,,,,,
146f1a271ad1,Hotheaded,Viridian Jewel,Hardcore,1,2,2,Current,one,no,Current,one,no,,0,no,,,,,,
ba4fa4c6637f,Lord of Steel,Viridian Jewel,Hardcore,1,6,6,Impale Chance (Current),one,no,Impale Chance (Current),one,no,,0,no,,,,,,
a89427d5d5fe,The Red Dream,Crimson Jewel,Hardcore,1,2,2,Pre 3.21.0,one,no,Pre 3.21.0,one,no,,0,no,,,,,,
21d1df6972ef,Pacifism,Viridian Jewel,Hardcore,1,1,1,only,one,no,only,one,no,,0,no,,,,,,
a868244afc77,Malicious Intent,Cobalt Jewel,Hardcore,1,1,1,only,one,no,only,one,no,,0,no,,,,,,
597f44f9327c,Lord of Steel,Viridian Jewel,Hardcore,1,6,6,Impale Effect (Current);Impale Effect (Pre 3.13.0),several,yes,Impale Effect (Current);Impale Effect (Pre 3.13.0),several,yes,,0,no,,,,,,
74a2bb170da7,Conqueror's Efficiency,Crimson Jewel,Hardcore,1,1,1,only,one,no,only,one,no,,0,no,,,,,,
1d66849aca91,Steel Spirit,Viridian Jewel,Hardcore,1,2,2,Current,one,no,Current,one,no,,0,no,,,,,,
fadf6b2601ce,Death's Harp,Death Bow,Hardcore,1,7,7,Pre 3.17.0;Pre 3.19.0,several,no,Pre 3.17.0;Pre 3.19.0,several,no,,0,no,,,,,,
34bda25a644c,Lioneye's Glare,Imperial Bow,Hardcore,1,7,7,Pre 3.17.0,one,no,Pre 3.17.0,one,no,,0,no,,,,,,
3842a7dd5501,Storm Cloud,Long Bow,Hardcore,1,2,2,Current,one,no,Current,one,no,,0,no,,,,,,
357e35379939,Silverbranch,Crude Bow,Hardcore,1,2,2,Current,one,no,Current,one,no,,0,no,,,,,,
0636f8352ce6,Doomfletch,Royal Bow,Hardcore,1,5,5,Pre 3.19.0,one,no,Pre 3.19.0,one,no,,0,no,,,,,,
db3400d26ac7,Roth's Reach,Recurve Bow,Hardcore,1,3,3,Pre 3.19.0,one,no,Pre 3.19.0,one,no,,0,no,,,,,,
c63b5e3274d3,Reverberation Rod,Spiraled Wand,Hardcore,1,5,5,Pre 3.19.0,one,no,Pre 3.19.0,one,no,,0,no,,,,,,
f03326420d08,Ashcaller,Quartz Wand,Hardcore,1,5,5,Pre 3.19.0,one,no,Pre 3.19.0,one,no,,0,no,,,,,,
9dce2f13b1ad,Obliteration,Demon's Horn,Hardcore,1,6,6,Pre 3.19.0,one,no,Pre 3.19.0,one,no,,0,no,,,,,,
8994a5c97965,Abberath's Horn,Goat's Horn,Hardcore,1,4,4,Pre 2.3.0;Pre 3.21.0,several,no,Pre 2.3.0;Pre 3.21.0,several,no,,0,no,,,,,,
65ea36a50b55,Twyzel,Sage Wand,Hardcore,1,3,3,Pre 2.27.0,one,no,Pre 2.27.0,one,no,,0,no,,,,,,
1fa779547ff3,Midnight Bargain,Engraved Wand,Hardcore,1,4,4,Pre 3.27.0,one,no,Pre 3.27.0,one,no,,0,no,,,,,,
b6bd3c6be41d,Lifesprig,Driftwood Wand,Hardcore,1,1,1,,none,no,,none,no,,0,no,,,,,no-text-match,Regenerate 6 Life over 1 second when you Cast a Spell
ebaad13938ac,Bated Breath,Chain Belt,Hardcore,1,2,2,Current,one,no,Current,one,no,,0,no,,,,,,
e1f1ce5cc0d0,Meginord's Girdle,Heavy Belt,Hardcore,1,2,2,Pre 2.0.0,one,no,Pre 2.0.0,one,no,,0,no,,,,,,
bf1bf405a7f3,Prismweave,Rustic Sash,Hardcore,1,3,3,Pre 3.19.0,one,no,Pre 3.19.0,one,no,,0,no,,,,,,
a5cf1636a534,Perandus Blazon,Cloth Belt,Hardcore,1,3,3,Pre 3.25.0,one,no,Pre 3.25.0,one,no,,0,no,,,,,,
ef29996f1752,Belt of the Deceiver,Heavy Belt,Hardcore,1,2,2,Current,one,no,Current,one,no,,0,no,,,,,,
d1558a59a1c2,Wurm's Molt,Leather Belt,Hardcore,1,2,2,Pre 3.19.0,one,no,Pre 3.19.0,one,no,,0,no,,,,,,
928494c3a28d,String of Servitude,Heavy Belt,Hardcore,1,22,22,Determination Aura Effect,one,no,Determination Aura Effect,one,no,,0,no,,,,,,
5272ef4592ec,Sunblast,Cloth Belt,Hardcore,1,2,2,Pre 3.19.0,one,no,Pre 3.19.0,one,no,,0,no,,,,,,
f9824b8e0264,Vaults of Atziri,Map (Tier 16),Standard,0,0,0,,unbound,no,,unbound,no,,0,no,,,,,,
b4da6bed5746,Vaults of Atziri,Map (Tier 16),Standard,0,0,0,,unbound,no,,unbound,no,,0,no,,,,,,
3e0547303766,Hallowed Ground,Map (Tier 16),Standard,0,0,0,,unbound,no,,unbound,no,,0,no,,,,,,
a745802a89cc,Hallowed Ground,Map (Tier 16),Standard,0,0,0,,unbound,no,,unbound,no,,0,no,,,,,,
176076ff1d2d,Hall of Grandmasters,Map (Tier 6),Standard,0,0,0,,unbound,no,,unbound,no,,0,no,,,,,,
09437ad124fa,Cortex,Map (Tier 10),Standard,0,0,0,,unbound,no,,unbound,no,,0,no,,,,,,
3c237a08f341,Cortex,Map (Tier 10),Standard,0,0,0,,unbound,no,,unbound,no,,0,no,,,,,,
9a08a8601313,Cortex,Map (Tier 10),Standard,0,0,0,,unbound,no,,unbound,no,,0,no,,,,,,
cc0bee74072d,Cortex,Map (Tier 10),Standard,0,0,0,,unbound,no,,unbound,no,,0,no,,,,,,
f8396572441a,Cortex,Map (Tier 10),Standard,0,0,0,,unbound,no,,unbound,no,,0,no,,,,,,
e30962dc379a,Pillars of Arun,Map (Tier 9),Standard,0,0,0,,unbound,no,,unbound,no,,0,no,,,,,,
5cedf6bd384e,Oba's Cursed Trove,Map (Tier 16),Standard,0,0,0,,unbound,no,,unbound,no,,0,no,,,,,,
54b67fe655b1,Mao Kun,Map (Tier 16),Standard,0,0,0,,unbound,no,,unbound,no,,0,no,,,,,,
cba32cf2a8ed,Mao Kun,Map (Tier 16),Standard,0,0,0,,unbound,no,,unbound,no,,0,no,,,,,,
db02ab7a1294,Mao Kun,Map (Tier 16),Standard,0,0,0,,unbound,no,,unbound,no,,0,no,,,,,,
66c513aba4b0,Mao Kun,Map (Tier 16),Standard,0,0,0,,unbound,no,,unbound,no,,0,no,,,,,,
14676435b4ab,The Coward's Trial,Map (Tier 16),Standard,0,0,0,,unbound,no,,unbound,no,,0,no,,,,,,
938c24de1aee,The Coward's Trial,Map (Tier 16),Standard,0,0,0,,unbound,no,,unbound,no,,0,no,,,,,,
a69a6f869993,The Coward's Trial,Map (Tier 16),Standard,0,0,0,,unbound,no,,unbound,no,,0,no,,,,,,
3caa09b302ce,The Coward's Trial,Map (Tier 16),Standard,0,0,0,,unbound,no,,unbound,no,,0,no,,,,,,
958f341a8f06,Acton's Nightmare,Map (Tier 16),Standard,0,0,0,,unbound,no,,unbound,no,,0,no,,,,,,
28b135be7ed4,Acton's Nightmare,Map (Tier 16),Standard,0,0,0,,unbound,no,,unbound,no,,0,no,,,,,,
fb1bb6b88ccb,Acton's Nightmare,Map (Tier 16),Standard,0,0,0,,unbound,no,,unbound,no,,0,no,,,,,,
df223eaaafee,Acton's Nightmare,Map (Tier 16),Standard,0,0,0,,unbound,no,,unbound,no,,0,no,,,,,,
6c2e7fdf3039,Acton's Nightmare,Map (Tier 16),Standard,0,0,0,,unbound,no,,unbound,no,,0,no,,,,,,
94ed768266d3,The Coward's Trial,Map (Tier 7),Standard,0,0,0,,unbound,no,,unbound,no,,0,no,,,,,,
344a0975ab91,Hall of Grandmasters,Map (Tier 16),Standard,0,0,0,,unbound,no,,unbound,no,,0,no,,,,,,
51b0f4be001c,Hall of Grandmasters,Map (Tier 16),Standard,0,0,0,,unbound,no,,unbound,no,,0,no,,,,,,
2bdd34da9e64,Hall of Grandmasters,Map (Tier 16),Standard,0,0,0,,unbound,no,,unbound,no,,0,no,,,,,,
9b610baa3ba5,Augmented Distant Memory,Map (Tier 10),Standard,0,0,0,,unbound,no,,unbound,no,,0,no,,,,,,
1cce862302ab,Pillars of Arun,Map (Tier 2),Standard,0,0,0,,unbound,no,,unbound,no,,0,no,,,,,,
9b0d755ea0e1,Pillars of Arun,Map (Tier 2),Standard,0,0,0,,unbound,no,,unbound,no,,0,no,,,,,,
e4fce30151c2,Pillars of Arun,Map (Tier 2),Standard,0,0,0,,unbound,no,,unbound,no,,0,no,,,,,,
9d3613044d2c,Pillars of Arun,Map (Tier 2),Standard,0,0,0,,unbound,no,,unbound,no,,0,no,,,,,,
0b282b6458a3,Altered Distant Memory,Map (Tier 10),Standard,0,0,0,,unbound,no,,unbound,no,,0,no,,,,,,
9cf60b24b2f7,The Twilight Temple,Map (Tier 16),Standard,0,0,0,,unbound,no,,unbound,no,,0,no,,,,,,
0e139de00dc9,The Twilight Temple,Map (Tier 16),Standard,0,0,0,,unbound,no,,unbound,no,,0,no,,,,,,
b7096613f4c9,"Caer Blaidd, Wolfpack's Den",Map (Tier 16),Standard,0,0,0,,unbound,no,,unbound,no,,0,no,,,,,,
e0c73110f5d2,"Caer Blaidd, Wolfpack's Den",Map (Tier 16),Standard,0,0,0,,unbound,no,,unbound,no,,0,no,,,,,,
c70283a36532,"Caer Blaidd, Wolfpack's Den",Map (Tier 16),Standard,0,0,0,,unbound,no,,unbound,no,,0,no,,,,,,
df78971e0884,"Caer Blaidd, Wolfpack's Den",Map (Tier 16),Standard,0,0,0,,unbound,no,,unbound,no,,0,no,,,,,,
07fa46e5f24e,"Caer Blaidd, Wolfpack's Den",Map (Tier 16),Standard,0,0,0,,unbound,no,,unbound,no,,0,no,,,,,,
1ec775c17841,"Caer Blaidd, Wolfpack's Den",Map (Tier 16),Standard,0,0,0,,unbound,no,,unbound,no,,0,no,,,,,,
fb73de43d27e,"Caer Blaidd, Wolfpack's Den",Map (Tier 16),Standard,0,0,0,,unbound,no,,unbound,no,,0,no,,,,,,
04bcfb9a490f,"Caer Blaidd, Wolfpack's Den",Map (Tier 16),Standard,0,0,0,,unbound,no,,unbound,no,,0,no,,,,,,
23d70d61880b,"Caer Blaidd, Wolfpack's Den",Map (Tier 16),Standard,0,0,0,,unbound,no,,unbound,no,,0,no,,,,,,
8ce5ab784567,The Putrid Cloister,Map (Tier 16),Standard,0,0,0,,unbound,no,,unbound,no,,0,no,,,,,,
61258cf4fa73,Poorjoy's Asylum,Map (Tier 16),Standard,0,0,0,,unbound,no,,unbound,no,,0,no,,,,,,
870ed16f9a22,Poorjoy's Asylum,Map (Tier 16),Standard,0,0,0,,unbound,no,,unbound,no,,0,no,,,,,,
80eb31d1888a,Poorjoy's Asylum,Map (Tier 16),Standard,0,0,0,,unbound,no,,unbound,no,,0,no,,,,,,
9681ed6262da,Poorjoy's Asylum,Map (Tier 16),Standard,0,0,0,,unbound,no,,unbound,no,,0,no,,,,,,
392f78c45c04,Poorjoy's Asylum,Map (Tier 16),Standard,0,0,0,,unbound,no,,unbound,no,,0,no,,,,,,
f6b5358d0030,Olmec's Sanctum,Map (Tier 1),Standard,0,0,0,,unbound,no,,unbound,no,,0,no,,,,,,
330460b68c3e,Whakawairua Tuahu,Map (Tier 16),Standard,0,0,0,,unbound,no,,unbound,no,,0,no,,,,,,
5474698c1cf5,Whakawairua Tuahu,Map (Tier 16),Standard,0,0,0,,unbound,no,,unbound,no,,0,no,,,,,,
4754c2723ac2,Whakawairua Tuahu,Map (Tier 16),Standard,0,0,0,,unbound,no,,unbound,no,,0,no,,,,,,
9d1a96de889f,Whakawairua Tuahu,Map (Tier 16),Standard,0,0,0,,unbound,no,,unbound,no,,0,no,,,,,,
7c82f69d2f02,Acton's Nightmare,Map (Tier 3),Standard,0,0,0,,unbound,no,,unbound,no,,0,no,,,,,,
abb9b93cba92,Acton's Nightmare,Map (Tier 3),Standard,0,0,0,,unbound,no,,unbound,no,,0,no,,,,,,
50ee91dd43ec,Rewritten Distant Memory,Map (Tier 10),Standard,0,0,0,,unbound,no,,unbound,no,,0,no,,,,,,
17d48171c052,Olmec's Sanctum,Map (Tier 16),Standard,0,0,0,,unbound,no,,unbound,no,,0,no,,,,,,
8f2bf4aa9e44,Olmec's Sanctum,Map (Tier 16),Standard,0,0,0,,unbound,no,,unbound,no,,0,no,,,,,,
2420029eb7d9,Olmec's Sanctum,Map (Tier 16),Standard,0,0,0,,unbound,no,,unbound,no,,0,no,,,,,,
1cace8c4cbdb,Olmec's Sanctum,Map (Tier 16),Standard,0,0,0,,unbound,no,,unbound,no,,0,no,,,,,,
1a388e3ab74c,Olmec's Sanctum,Map (Tier 16),Standard,0,0,0,,unbound,no,,unbound,no,,0,no,,,,,,
0c8ccc1e415c,Pillars of Arun,Map (Tier 16),Standard,0,0,0,,unbound,no,,unbound,no,,0,no,,,,,,
ab18b40b90f4,Pillars of Arun,Map (Tier 16),Standard,0,0,0,,unbound,no,,unbound,no,,0,no,,,,,,
7626b08e0e58,Pillars of Arun,Map (Tier 16),Standard,0,0,0,,unbound,no,,unbound,no,,0,no,,,,,,
e49d7ff8c2e0,Death and Taxes,Map (Tier 16),Standard,0,0,0,,unbound,no,,unbound,no,,0,no,,,,,,
e4128885807c,Death and Taxes,Map (Tier 16),Standard,0,0,0,,unbound,no,,unbound,no,,0,no,,,,,,
3609620fcc3e,Death and Taxes,Map (Tier 16),Standard,0,0,0,,unbound,no,,unbound,no,,0,no,,,,,,
9027314767da,Death and Taxes,Map (Tier 16),Standard,0,0,0,,unbound,no,,unbound,no,,0,no,,,,,,
93fbef70c312,Goldrim,Leather Cap,Standard,1,1,1,only,one,no,only,one,no,,0,no,,,,,,
f46de6bef114,Agnerod South,Imperial Staff,Standard,1,3,3,Current,one,no,Current,one,no,,0,no,,,,,,
e0325931ccf7,Roth's Reach,Recurve Bow,Standard,1,3,3,Current,one,no,Current,one,no,,0,no,,,,,,
085aa4a46975,Sadima's Touch,Wool Gloves,Standard,1,4,4,,none,no,,none,no,,0,no,,,,,number-outside-range,6% increased Rarity of Items found
2b5b2407b693,Cyclopean Coil,Leather Belt,Standard,1,1,1,only,one,no,only,one,no,,0,no,,,,,,
d3bcd104a25b,The Burden of Truth,Crystal Belt,Standard,1,1,1,only,one,no,only,one,no,,0,no,,,,,,
33b607db5b0f,Inextricable Fate,Fugitive Boots,Standard,1,1,1,only,one,no,only,one,no,,0,no,,,,,,
10aea1e0883f,Voidwalker,Murder Boots,Standard,1,2,2,Current,one,no,Current,one,no,,0,no,,,,,,
72692a537ee3,Dawnbreaker,Colossal Tower Shield,Standard,1,1,1,only,one,no,only,one,no,,0,no,,,,,,
f7df5bf9f3c0,Aegis Aurora,Champion Kite Shield,Standard,1,3,3,Current,one,no,Current,one,no,,0,no,,,,,,
b40eaad88e12,Perepiteia,Ezomyte Spiked Shield,Standard,1,1,1,,none,no,,none,no,,0,no,,,,,no-text-match,+7 to Intelligence
543be82b49d9,Moonbender's Wing,Tomahawk,Standard,1,2,2,Current,one,no,Current,one,no,,0,no,,,,,,
43fdeed8ff59,Hiltless,Reaver Sword,Standard,1,3,3,Current,one,no,Current,one,no,,0,no,,,,,,
a0dbdd487d9e,Cloak of Flame,Scholar's Robe,Standard,1,2,2,Current,one,no,Current,one,no,,0,no,,,,,,
e0eb13a107a2,Foulborn Bramblejack,Plate Vest,Standard,0,0,0,,unbound,no,,unbound,no,,0,no,,,,mutated,,
c5ddd952d46d,Chains of Command,Saintly Chainmail,Standard,1,1,1,,none,no,,none,no,,0,no,,,,,no-text-match,+2 to Level of Socketed Duration Gems
9de9c569bf28,Thousand Ribbons,Simple Robe,Standard,1,3,3,Current,one,no,Current,one,no,,0,no,,,,,,
31083b4d22e7,Servant of Decay,Torturer Garb,Standard,1,1,1,only,one,no,only,one,no,,0,no,,,,,,
3aa5afe1d7a1,Foxshade,Wild Leather,Standard,1,3,3,Current,one,no,Current,one,no,,0,no,,,,,,
fe03fc9bc8a0,Tabula Rasa,Simple Robe,Standard,1,1,1,only,one,no,only,one,no,,0,no,,,,,,
a3ef04641007,Kaom's Heart,Glorious Plate,Standard,1,3,3,Current;Pre 1.0.0,several,yes,Current;Pre 1.0.0,several,yes,,0,no,,,,,,
77956096eeeb,Icetomb,Latticed Ringmail,Standard,1,3,3,Current,one,no,Current,one,no,,0,no,,,,,,
f4d2dcff81b5,Perfidy,Glorious Plate,Standard,1,2,2,Current,one,no,Current,one,no,,0,no,,,,,,
08314df1d3f7,Solaris Lorica,Copper Plate,Standard,1,2,2,Current,one,no,Current,one,no,,0,no,,,,,,
206af7251d79,Geofri's Sanctuary,Elegant Ringmail,Standard,1,3,3,Current,one,no,Current,one,no,,0,no,,,,,,
6b2777a5126b,Tinkerskin,Sadist Garb,Standard,1,1,1,only,one,no,only,one,no,,0,no,,,,,,
abaec070f76f,Greed's Embrace,Golden Plate,Standard,1,2,2,Current,one,no,Current,one,no,,0,no,,,,,,
57112e50fd51,The Ivory Tower,Saint's Hauberk,Standard,1,1,1,only,one,no,only,one,no,,0,no,,,,,,
092f0a44121d,Soul Mantle,Spidersilk Robe,Standard,1,5,5,Current,one,no,Current,one,no,,0,no,,,,,,
8407f73a150e,Skin of the Lords,Simple Robe,Standard,0,0,0,,unbound,no,,unbound,no,,0,no,,,,,,
f3b98fbcc442,The Beast Fur Shawl,Vaal Regalia,Standard,1,3,3,Current,one,no,Current,one,no,,0,no,,,,,,
acf44ae56c86,Belly of the Beast,Full Wyrmscale,Standard,1,1,1,only,one,no,only,one,no,,0,no,,,,,,
7b520f99e028,Seven-League Step,Rawhide Boots,Standard,1,1,1,only,one,no,only,one,no,,0,no,,,,,,
e49503ef99e5,Kahuturoa's Certainty,Ancient Greaves,Standard,1,1,1,only,one,no,only,one,no,,0,no,,,,,,
94d80bc02639,Torchoak Step,Antique Greaves,Standard,1,2,2,Current,one,no,Current,one,no,,0,no,,,,,,
6bb9dad24830,Bones of Ullr,Silk Slippers,Standard,1,1,1,only,one,no,only,one,no,,0,no,,,,,,
a03d98cb7c4f,Shavronne's Pace,Scholar Boots,Standard,1,4,4,Current,one,no,Current,one,no,,0,no,,,,,,
d7ef8edcc506,Sundance,Clasped Boots,Standard,1,2,2,Current,one,no,Current,one,no,,0,no,,,,,,
4b3d02bad53a,Wondertrap,Velvet Slippers,Standard,1,3,3,Current,one,no,Current,one,no,,0,no,,,,,,
c653f55557ef,Stormcharger,Plated Greaves,Standard,1,2,2,Current,one,no,Current,one,no,,0,no,,,,,,
00adb503e42a,Dusktoe,Ironscale Boots,Standard,1,4,4,Current,one,no,Current,one,no,,0,no,,,,,,
a1e766ec1c5e,Darkray Vectors,Dragonscale Boots,Standard,1,3,3,Current,one,no,Current,one,no,,0,no,,,,,,
ee1f33b44062,Voidwalker,Murder Boots,Standard,1,2,2,Current,one,no,Current,one,no,,0,no,,,,,,
9812c26eae6b,Gang's Momentum,Legion Boots,Standard,1,2,2,Current,one,no,Current,one,no,,0,no,,,,,,
07bbd51f6cb6,Mark of the Doubting Knight,Platinum Kris,Standard,1,4,4,Current,one,no,Current,one,no,,0,no,,,,,,
d26f8f881edd,Ungil's Gauche,Boot Knife,Standard,1,3,3,Current;Pre 1.1.0,several,yes,Current;Pre 1.1.0,several,yes,,0,no,,,,,,
6522d4724ec9,Vulconus,Demon Dagger,Standard,1,2,2,,none,no,,none,no,,0,no,,,,,number-outside-range,40% increased Global Critical Strike Chance
0198c7199f82,The Consuming Dark,Fiend Dagger,Standard,1,3,3,Current,one,no,Current,one,no,,0,no,,,,,,
4f2fb76d636b,White Wind,Imperial Skean,Standard,1,3,3,,none,no,,none,no,,0,no,,,,,number-outside-range,30% increased Global Critical Strike Chance
97422db5eab1,Darkness Enthroned,Stygian Vise,Standard,1,3,3,Current,one,no,Current,one,no,,0,no,,,,,,
8096ad74900b,Prismweave,Rustic Sash,Standard,1,3,3,Current,one,no,Current,one,no,,0,no,,,,,,
c8210c972e09,Bound Fate,Cloth Belt,Standard,1,1,1,only,one,no,only,one,no,,0,no,,,,,,
8de011e86a1b,Nevalius Inheritance,Cloth Belt,Standard,1,1,1,,none,no,,none,no,,0,no,,,,,no-text-match,7% increased maximum Life
a0a1ac311d84,Immortal Flesh,Leather Belt,Standard,1,4,4,Current,one,no,Current,one,no,,0,no,,,,,,
7da708cd81f4,Perseverance,Vanguard Belt,Standard,1,2,2,Current,one,no,Current,one,no,,0,no,,,,,,
d6c1450dfba4,Belt of the Deceiver,Heavy Belt,Standard,1,2,2,Current,one,no,Current,one,no,,0,no,,,,,,
a1618875b2cf,Umbilicus Immortalis,Leather Belt,Standard,1,1,1,,none,no,,none,no,,0,no,,,,,no-text-match,9% increased maximum Energy Shield
f63f4ab4598b,Soulthirst,Cloth Belt,Standard,1,1,1,,none,no,,none,no,,0,no,,,,,no-text-match,Zealotry has 17% increased Aura Effect
ee04213dd566,Foulborn Dyadian Dawn,Heavy Belt,Standard,0,0,0,,unbound,no,,unbound,no,,0,no,,,,mutated,,
e49e309966ff,Chain of Endurance,Chain Belt,Standard,1,1,1,only,one,no,only,one,no,,0,no,,,,,,
efc8ba0879aa,The Druggery,Cloth Belt,Standard,1,1,1,only,one,no,only,one,no,,0,no,,,,,,
16e057b100af,Gluttony,Leather Belt,Standard,1,2,2,Current,one,no,Current,one,no,,0,no,,,,,,
3504bc62e869,Feastbind,Rustic Sash,Standard,1,1,1,only,one,no,only,one,no,,0,no,,,,,,
eb3addca9140,Bisco's Leash,Heavy Belt,Standard,1,2,2,Current,one,no,Current,one,no,,0,no,,,,,,
a4ef31fbdea5,The Arkhon's Tools,Cloth Belt,Standard,1,1,1,only,one,no,only,one,no,,0,no,,,,,,
4f8197ddc638,Kaom's Binding,Heavy Belt,Standard,1,1,1,only,one,no,only,one,no,,0,no,,,,,,
cc1ac1908ec3,Meginord's Girdle,Heavy Belt,Standard,1,2,2,Current,one,no,Current,one,no,,0,no,,,,,,
6835bdfefead,Ashcaller,Goat's Horn,Standard,1,5,5,Current,one,no,Current,one,no,,0,no,,,,,,
a04dda0483cb,The Poet's Pen,Somatic Wand,Standard,1,2,2,Current,one,no,Current,one,no,,0,no,,,,,,
28dbc0d36c4c,Mystic Refractor,Pagan Wand,Standard,1,2,2,Current;Pre 3.29.0,several,yes,Current;Pre 3.29.0,several,yes,,0,no,,,,,,
c34ac537f9df,Lifesprig,Driftwood Wand,Standard,1,1,1,,none,no,,none,no,,0,no,,,,,no-text-match,Regenerate 6 Life over 1 second when you Cast a Spell
bc0b96a2446e,Obliteration,Omen Wand,Standard,1,6,6,,none,no,,none,no,,0,no,,,,,no-text-match,20% increased Area of Effect
d19a38b0c37a,Twyzel,Blasting Wand,Standard,1,3,3,,none,no,,none,no,,0,no,,,,,no-text-match,Attacks fire 2 additional Projectiles when in Off Hand
4fa351bccf3f,Storm Prison,Spiraled Wand,Standard,1,3,3,Current,one,no,Current,one,no,,0,no,,,,,,
d8f64910204b,Unlight Extant,Sage Wand,Standard,1,1,1,only,one,no,only,one,no,,0,no,,,,,,
a7b1530ab17e,Moonsorrow,Kinetic Wand,Standard,1,5,5,Current,one,no,Current,one,no,,0,no,,,,,,
3df04f31e5d8,Rearguard,Blunt Arrow Quiver,Standard,1,2,2,Current,one,no,Current,one,no,,0,no,,,,,,
86b17f24ef31,Maloney's Mechanism,Ornate Quiver,Standard,1,1,1,only,one,no,only,one,no,,0,no,,,,,,
865e6e3a80e4,Blackgleam,Blazing Arrow Quiver,Standard,1,4,4,Current,one,no,Current,one,no,,0,no,,,,,,
8348c82faffb,Saemus' Gift,Feathered Arrow Quiver,Standard,1,2,2,Current,one,no,Current,one,no,,0,no,,,,,,
5f3f17ab7bcd,Skirmish,Two-Point Arrow Quiver,Standard,1,1,1,,none,no,,none,no,,0,no,,,,,no-text-match,Attack Skills have +1 to maximum number of Summoned Totems
2d9a7cb9aae4,Maloney's Nightfall,Vile Arrow Quiver,Standard,1,3,3,Current,one,no,Current,one,no,,0,no,,,,,,
95d21542e71a,Soul Strike,Spike-Point Arrow Quiver,Standard,1,2,2,,none,no,,none,no,,0,no,,,,,no-text-match,29 to 68 Added Fire Damage with Bow Attacks
4c31ea512b17,Jiquani's Potential,Imperial Staff,Standard,1,2,2,,none,no,,none,no,,0,no,,,,,no-text-match,16% increased maximum Life
ae1827e74b12,Taryn's Shiver,Maelström Staff,Standard,1,5,5,,none,no,,none,no,,0,no,,,,,no-text-match,25% increased Area of Effect
f044c6ebe5f7,Agnerod West,Imperial Staff,Standard,1,3,3,Current,one,no,Current,one,no,,0,no,,,,,,
5c5914247abe,Soulwrest,Ezomyte Staff,Standard,1,4,4,Current,one,no,Current,one,no,,0,no,,,,,,
3d93c12b32ed,Realmshaper,Iron Staff,Standard,1,4,4,Pre 3.29.0,one,no,Pre 3.29.0,one,no,,0,no,,,,,,
6c23fb225554,Agnerod East,Imperial Staff,Standard,1,3,3,Current,one,no,Current,one,no,,0,no,,,,,,
95b87e236e5e,The Stormheart,Royal Staff,Standard,1,3,3,Current,one,no,Current,one,no,,0,no,,,,,,
81576b1ce82d,Pillar of the Caged God,Iron Staff,Standard,1,3,3,Current,one,no,Current,one,no,,0,no,,,,,,
740db827cb47,Sire of Shards,Serpentine Staff,Standard,1,3,3,Current,one,no,Current,one,no,,0,no,,,,,,
ece2e574faa7,The Grey Spire,Judgement Staff,Standard,1,4,4,,none,no,,none,no,,0,no,,,,,number-outside-range,6% increased Attack Speed
23135bb6f8ca,Razor of the Seventh Sun,Midnight Blade,Standard,1,4,4,Current,one,no,Current,one,no,,0,no,,,,,,
9ecc0d1cc6e9,Paradoxica,Vaal Rapier,Standard,1,1,1,only,one,no,only,one,no,,0,no,,,veiledMods,,,
969e341f0828,Edge of Madness,Etched Greatsword,Standard,1,4,4,Current,one,no,Current,one,no,,0,no,,,,,,
a7ea852144f9,Oro's Sacrifice,Infernal Sword,Standard,1,3,3,Current,one,no,Current,one,no,,0,no,,,,,,
a5ff61da6809,Daresso's Passion,Estoc,Standard,1,2,2,Current,one,no,Current,one,no,,0,no,,,,,,
8f78e768e99a,Ewar's Mirage,Antique Rapier,Standard,1,2,2,Current,one,no,Current,one,no,,0,no,,,,,,
3b6f9f862806,Hyaon's Fury,Legion Sword,Standard,1,6,6,Current,one,no,Current,one,no,,0,no,,,,,,
8b55a2c3ec58,Ahn's Might,Midnight Blade,Standard,1,1,1,only,one,no,only,one,no,,0,no,,,,,,
b089ce4c4e37,Fidelitas' Spike,Jagged Foil,Standard,1,3,3,Current,one,no,Current,one,no,,0,no,,,,,,
acf1ddaccb05,Foulborn Severed in Sleep,Cutlass,Standard,0,0,0,,unbound,no,,unbound,no,,0,no,,,,mutated,,
14d2fd35e568,Lakishu's Blade,Elegant Sword,Standard,1,2,2,Current,one,no,Current,one,no,,0,no,,,,,,
cdec7e8a2eb5,Aurumvorax,Basket Rapier,Standard,1,3,3,Current,one,no,Current,one,no,,0,no,,,,,,
a5410f4d6f1d,Yaomac's Accord,Vaal Sceptre,Standard,1,2,2,Pre 3.29.0,one,no,Pre 3.29.0,one,no,,0,no,,,,,,
8a8e80e20bcf,Cameria's Maul,Gavel,Standard,1,2,2,Current,one,no,Current,one,no,,0,no,,,,,,
26474ecd2ac8,Flesh-Eater,Dream Mace,Standard,1,2,2,Current,one,no,Current,one,no,,0,no,,,,,,
b09792581fa8,Balefire,Opal Sceptre,Standard,1,1,1,only,one,no,only,one,no,,0,no,,,,,,
3bbf4fd27088,The Monastery Bell,Dream Mace,Standard,1,1,1,only,one,no,only,one,no,,0,no,,,,,,
6b95927481a8,Brain Rattler,Meatgrinder,Standard,1,4,4,Current,one,no,Current,one,no,,0,no,,,,,,
61f44e9ab8c8,Kongor's Undying Rage,Terror Maul,Standard,1,4,4,Current,one,no,Current,one,no,,0,no,,,,,,
2e46d60fa93c,Clayshaper,Rock Breaker,Standard,1,3,3,,none,no,,none,no,,0,no,,,,,variant-line-not-displayed,Grants Level 12 Summon Stone Golem Skill
203fbf863540,Jorrhast's Blacksteel,Steelhead,Standard,1,2,2,Current,one,no,Current,one,no,,0,no,,,,,,
30c8d8291e79,Foulborn Frostbreath,Ornate Mace,Standard,0,0,0,,unbound,no,,unbound,no,,0,no,,,,mutated,,
e261286d067e,Gorebreaker,Spiked Club,Standard,1,2,2,,none,no,,none,no,,0,no,,,,,no-text-match,Extra gore
8e1cc9a98c4d,Callinellus Malleus,Auric Mace,Standard,1,2,2,Current,one,no,Current,one,no,,0,no,,,,,,
f766a7347542,The Black Cane,Royal Sceptre,Standard,1,1,1,only,one,no,only,one,no,,0,no,,,,,,
83090c5c8ebf,Earendel's Embrace,Grinning Fetish,Standard,1,1,1,only,one,no,only,one,no,,0,no,,,,,,
1c2f220f1a65,Praxis,Paua Ring,Standard,1,2,2,Pre 3.29.0,one,no,Pre 3.29.0,one,no,,0,no,,,,,,
8039b2a6cda8,Tasalio's Sign,Sapphire Ring,Standard,1,2,2,Current,one,no,Current,one,no,,0,no,,,,,,
25c8539fc896,Soulbound,Paua Ring,Standard,1,1,1,only,one,no,only,one,no,,0,no,,,,,,
02fd99bfe3c9,Ixchel's Temptation,Gold Ring,Standard,1,1,1,,none,no,only,one,no,catalyst,1,yes,Attribute,197,,,,
0d604d823a4f,Circle of Nostalgia,Amethyst Ring,Standard,1,7,28,,none,no,,none,no,,0,no,,,,,no-text-match,19% increased Mana Regeneration Rate
9530051197e7,The Will of Uul-Netol,Organic Ring,Standard,1,1,1,only,one,no,only,one,no,,0,no,,,,,,
e16317d0c4ef,Berek's Grip,Two-Stone Ring,Standard,1,3,3,Current,one,no,Current,one,no,,0,no,,,,,,
2be626a3e4d4,The Hungry Loop,Unset Ring,Standard,1,1,1,only,one,no,only,one,no,,0,no,,,,,,
645b0be81f38,Circle of Fear,Sapphire Ring,Standard,1,7,28,,none,no,,none,no,,0,no,,,,,no-text-match,4% increased Attack Speed
9b29b7541b2e,The Hateful Accuser,Nameless Ring,Standard,1,1,1,only,one,no,only,one,no,,0,no,,,,,,
2797696bf610,Heartbound Loop,Moonstone Ring,Standard,1,1,1,only,one,no,only,one,no,,0,no,,,,,,
0fe7e5e8859b,Tawhanuku's Timing,Moonstone Ring,Standard,1,2,2,Pre 3.29.0,one,no,Pre 3.29.0,one,no,,0,no,,,,,,
cd355b5a96f3,Ventor's Gamble,Gold Ring,Standard,1,2,2,Current,one,no,Current,one,no,,0,no,,,,,,
5b1bbdd7d6b2,Redblade Band,Unset Ring,Standard,1,2,2,Current,one,no,Current,one,no,,0,no,,,,,,
38b21351b9a8,Valyrium,Moonstone Ring,Standard,1,2,2,Current,one,no,Current,one,no,,0,no,,,,,,
ab0d1b4ae88a,Valako's Sign,Topaz Ring,Standard,1,4,4,Pre 3.29.0,one,no,Pre 3.29.0,one,no,,0,no,,,,,,
20fe60cdc3c4,Grattus Signet,Diamond Ring,Standard,1,1,1,only,one,no,only,one,no,,0,no,,,,,,
4689f2ca6829,Malachai's Artifice,Unset Ring,Standard,1,2,2,Current,one,no,Current,one,no,,0,no,,,,,,
708a359e954b,Storm Secret,Topaz Ring,Standard,1,1,1,only,one,no,only,one,no,,0,no,,,,,,
5daa73caab31,Berek's Respite,Two-Stone Ring,Standard,1,2,2,Current,one,no,Current,one,no,,0,no,,,,,,
a96bd41f8bfd,Doedre's Damning,Paua Ring,Standard,1,2,2,Current,one,no,Current,one,no,,0,no,,,,,,
a1fda873bad0,Icefang Orbit,Iron Ring,Standard,1,1,1,only,one,no,only,one,no,,0,no,,,,,,
60d04af98907,Ngamahu's Sign,Ruby Ring,Standard,1,4,4,Pre 3.29.0,one,no,Pre 3.29.0,one,no,,0,no,,,,,,
985d6aff6cca,Kikazaru,Topaz Ring,Standard,1,4,4,Current,one,no,Current,one,no,,0,no,,,,,,
59333e3c7ff0,Megalomaniac,Medium Cluster Jewel,Standard,0,0,0,,unbound,no,,unbound,no,,0,no,,,,,,
08b2cf969d4c,Foulborn The Blue Dream,Cobalt Jewel,Standard,0,0,0,,unbound,no,,unbound,no,,0,no,,,,mutated,,
2c8e330eff20,Wraithlord,Bone Circlet,Standard,1,3,3,Current,one,no,Current,one,no,,0,no,,,,,,
9c890241c509,Devoto's Devotion,Nightmare Bascinet,Standard,1,1,1,only,one,no,only,one,no,,0,no,,,,,,
1ba52bc136e9,Thrillsteel,Barbute Helmet,Standard,1,1,1,only,one,no,only,one,no,,0,no,,,,,,
4d3228b50c70,Rime Gaze,Mind Cage,Standard,1,6,6,Current,one,no,Current,one,no,,0,no,,,,,,
2cff105c6261,Crown of the Inward Eye,Prophet Crown,Standard,1,1,1,only,one,no,only,one,no,,0,no,,,,,,
85aeef3886be,The Broken Crown,Prophet Crown,Standard,1,3,3,Current,one,no,Current,one,no,,0,no,,,,,,
397f95e0ad11,Glimpse of Chaos,Vaal Mask,Standard,1,13,13,,none,no,,none,no,,0,no,,,,,variant-line-not-displayed,Can have up to 5 Implicit Modifiers while Item has this Modifier
a39ad1be95d8,Memory Vault,Praetor Crown,Standard,1,1,1,,none,no,,none,no,,0,no,,,,,no-text-match,+2 to Level of Socketed Projectile Gems
90f0dc5dee7d,Elevore,Wolf Pelt,Standard,1,1,1,only,one,no,only,one,no,,0,no,,,,,,
d764b2985706,Eye of Malice,Callous Mask,Standard,1,1,1,only,one,no,only,one,no,,0,no,,,,,,
84b2d8265598,Mark of the Red Covenant,Tribal Circlet,Standard,1,3,3,,none,no,,none,no,,0,no,,,,,variant-line-not-displayed,(10-15)% increased Stun and Block Recovery
04496ab6be5c,Hrimnor's Resolve,Samnite Helmet,Standard,1,3,3,,none,no,,none,no,,0,no,,,,,variant-line-not-displayed,10% increased Stun and Block Recovery
6c2e9fa4653c,Speaker's Wreath,Prophet Crown,Standard,1,1,1,only,one,no,only,one,no,,0,no,,,,,,
28b4f9e82bfe,Honourhome,Soldier Helmet,Standard,1,4,4,Pre 3.29.0,one,no,Pre 3.29.0,one,no,,0,no,,,,,,
8d6a30503141,Ahn's Contempt,Praetor Crown,Standard,1,1,1,only,one,no,only,one,no,,0,no,,,,,,
e808c1624089,Willclash,Golden Mask,Standard,1,1,1,only,one,no,only,one,no,,0,no,,,,,,
e8b62434aaac,Wreath of Phrecia,Iron Circlet,Standard,1,1,1,only,one,no,only,one,no,,0,no,,,,,,
d1873682d17f,Fractal Thoughts,Vaal Mask,Standard,1,1,1,only,one,no,only,one,no,,0,no,,,,,,
aa092e90aae3,Starkonja's Head,Silken Hood,Standard,1,2,2,Current,one,no,Current,one,no,,0,no,,,,,,
d5dd6e556607,Heatshiver,Leather Hood,Standard,1,4,4,Current,one,no,Current,one,no,,0,no,,,,,,
179c5c58e67f,Voll's Vision,Praetor Crown,Standard,1,2,2,,none,no,,none,no,,0,no,,,,,no-text-match,+2 to Level of Socketed Trap or Mine Gems
60d018de838b,Astramentis,Onyx Amulet,Standard,1,1,1,only,one,no,only,one,no,,0,no,,,enchantMods,,,
c6a632036be1,Venarius' Astrolabe,Astrolabe Amulet,Standard,1,1,1,only,one,no,only,one,no,,0,no,,,,,,
9c1150d1f884,Star of Wraeclast,Ruby Amulet,Standard,1,3,3,Current,one,no,Current,one,no,,0,no,,,enchantMods,,,
e421f45fddcb,Carnage Heart,Onyx Amulet,Standard,1,2,2,Current,one,no,Current,one,no,,0,no,,,,,,
00c667839283,Replica Dragonfang's Flight,Onyx Amulet,Standard,0,0,0,,unbound,no,,unbound,no,,0,no,,,,,,
3d225cb1878a,Eye of Chayula,Onyx Amulet,Standard,1,1,1,,none,no,,none,no,,0,no,,,,,no-text-match,+1% to all maximum Resistances
70a13ddb552d,Tavukai,Coral Amulet,Standard,1,2,2,,none,no,,none,no,,0,no,,,,,no-text-match,4% Chance to Block Spell Damage
8849c861f004,Blightwell,Clutching Talisman,Standard,1,3,3,Pre 3.29.0,one,no,Pre 3.29.0,one,no,,0,no,,,,,,
58fcb28729e7,Bloodsoaked Medallion,Amber Amulet,Standard,1,1,1,,none,no,,none,no,,0,no,,,,,number-outside-range,32% increased Global Critical Strike Chance
33a32729a4b1,Marylene's Fallacy,Lapis Amulet,Standard,1,5,5,,none,no,,none,no,,0,no,,,,,no-text-match,Anger has 15% increased Aura Effect
465d41f2a958,The Anvil,Amber Amulet,Standard,1,4,4,Current,one,no,Current,one,no,,0,no,,,,,,
67213d99858f,The Aylardex,Agate Amulet,Standard,1,2,2,Current,one,no,Current,one,no,,0,no,,,,,,
a91f8758f321,Rashkaldor's Patience,Jade Amulet,Standard,1,2,2,Current,one,no,Current,one,no,,0,no,,,,,,
130f91287a5a,Hyrri's Truth,Jade Amulet,Standard,1,3,3,Current,one,no,Current,one,no,,0,no,,,,,,
45335d597359,Karui Ward,Jade Amulet,Standard,1,2,2,Current,one,no,Current,one,no,,0,no,,,enchantMods,,,
08d7e97d93e0,Maligaro's Cruelty,Turquoise Amulet,Standard,1,1,1,only,one,no,only,one,no,,0,no,,,,,,
f227af2d0d1e,Willowgift,Jade Amulet,Standard,1,1,1,only,one,no,only,one,no,,0,no,,,,,,
23bdf2147fcc,Retaliation Charm,Citrine Amulet,Standard,1,2,2,Current,one,no,Current,one,no,,0,no,,,,,,
1020ce8c5546,Tombfist,Steelscale Gauntlets,Standard,1,11,561,,none,no,Current | One Abyssal Socket | Murderous: Fortify | Searching: Blind,one,no,selection,0,no,,,,,,
e7db1e5c371d,Gravebind,Hydrascale Gauntlets,Standard,1,1,1,only,one,no,only,one,no,,0,no,,,,,,
f38d7ba0e44e,Vixen's Entrapment,Embroidered Gloves,Standard,1,1,1,only,one,no,only,one,no,,0,no,,,,,,
66f2ff2ddd74,Doedre's Tenure,Velvet Gloves,Standard,1,3,3,Current,one,no,Current,one,no,,0,no,,,,,,
cc0b81e473ec,Shadows and Dust,Clasped Mitts,Standard,1,3,3,Current,one,no,Current,one,no,,0,no,,,,,,
22ddac268a6d,Foulborn Kalisa's Grace,Samite Gloves,Standard,0,0,0,,unbound,no,,unbound,no,,0,no,,,,mutated,,
bda4c50e0170,The Embalmer,Carnal Mitts,Standard,1,1,1,only,one,no,only,one,no,,0,no,,,,,,
f82efe813204,Hand of the Lords,Carnal Mitts,Standard,1,1,1,only,one,no,only,one,no,,0,no,,,,,,
319d52224cbe,Snakebite,Assassin's Mitts,Standard,1,3,3,Current,one,no,Current,one,no,,0,no,,,,,,
e63f1c687fad,Mercenary's Lot,Slink Gloves,Standard,1,2,2,Current,one,no,Current,one,no,,0,no,,,,,,
040cfdd886f6,Surgebinders,Dragonscale Gauntlets,Standard,1,2,2,Current,one,no,Current,one,no,,0,no,,,,,,
cd7b9d7d729c,Aukuna's Will,Clasped Mitts,Standard,1,1,1,only,one,no,only,one,no,,0,no,,,,,,
791e07d587d8,Stormseeker,Ambush Mitts,Standard,1,1,1,only,one,no,only,one,no,,0,no,,,,,,
aae319e56624,Slitherpinch,Bronzescale Gauntlets,Standard,1,2,2,Current,one,no,Current,one,no,,0,no,,,,,,
a4b019edb0b9,Empire's Grasp,Goliath Gauntlets,Standard,1,1,1,only,one,no,only,one,no,,0,no,,,,,,
39b028b3224a,Sadima's Touch,Wool Gloves,Standard,1,4,4,Current,one,no,Current,one,no,,0,no,,,,,,
1cadccb56945,Wyrmsign,Wyrmscale Gauntlets,Standard,1,2,2,Pre 3.29.0,one,no,Pre 3.29.0,one,no,,0,no,,,,,,
45903a240e9b,Painseeker,Shagreen Gloves,Standard,1,1,1,only,one,no,only,one,no,,0,no,,,,,,
98e80c2ca677,Nuro's Harp,Harbinger Bow,Standard,1,3,3,Current,one,no,Current,one,no,,0,no,,,,,,
beb6e0f293cc,The Gluttonous Tide,Citadel Bow,Standard,1,1,1,only,one,no,only,one,no,,0,no,,,,,,
bc3bb12a45ee,Chin Sol,Assassin Bow,Standard,1,7,7,Current,one,no,Current,one,no,,0,no,,,,,,
f2f780c9b696,Xoph's Inception,Citadel Bow,Standard,1,2,2,Current,one,no,Current,one,no,,0,no,,,,,,
d846ee566da3,Infractem,Decimation Bow,Standard,1,5,5,Current,one,no,Current,one,no,,0,no,,,,,,
2e2d66669226,Malachai's Loop,Harmonic Spirit Shield,Standard,1,4,4,Current,one,no,Current,one,no,,0,no,,,,,,
a3224ed5b889,Mahuxotl's Machination,Steel Kite Shield,Standard,1,1,1,only,one,no,only,one,no,,0,no,,,,,,
96119c1b93db,Kaltenhalt,Painted Buckler,Standard,1,4,4,Current,one,no,Current,one,no,,0,no,,,,,,
2de78ec21f17,Crest of Perandus,Pine Buckler,Standard,1,3,3,Current,one,no,Current,one,no,,0,no,,,,,,
407d13915cf1,Dawnbreaker,Colossal Tower Shield,Standard,1,1,1,only,one,no,only,one,no,,0,no,,,,,,
baf9ace4f909,Foulborn Esh's Mirror,Vaal Spirit Shield,Standard,0,0,0,,unbound,no,,unbound,no,,0,no,,,,mutated,,
eac465713b44,Vix Lunaris,Cardinal Round Shield,Standard,1,1,1,only,one,no,only,one,no,,0,no,,,,,,
b4c055e8f6b1,Thousand Teeth Temu,Vaal Buckler,Standard,1,4,4,Current,one,no,Current,one,no,,0,no,,,,,,
f59fe784cb47,Zeel's Amplifier,Polished Spiked Shield,Standard,1,1,1,only,one,no,only,one,no,,0,no,,,,,,
881361e627bb,Rise of the Phoenix,Mosaic Kite Shield,Standard,1,4,4,Current,one,no,Current,one,no,,0,no,,,,,,
229442b5f716,Foulborn Kongming's Stratagem,Ancient Spirit Shield,Standard,0,0,0,,unbound,no,,unbound,no,,0,no,,,,mutated,,
fd396a5d49c8,Foulborn The Oppressor,Elegant Round Shield,Standard,0,0,0,,unbound,no,,unbound,no,,0,no,,,,mutated,,
2169aa4ee102,Chernobog's Pillar,Ebony Tower Shield,Standard,1,4,4,Current,one,no,Current,one,no,,0,no,,,,,,
d343aa76c2c2,Foulborn The Harvest,Jasper Chopper,Standard,0,0,0,,unbound,no,,unbound,no,,0,no,,,,mutated,,
e02283be3def,Limbsplit,Woodsplitter,Standard,1,2,2,Current,one,no,Current,one,no,,0,no,,,,,,
191325367e13,Debeon's Dirge,Despot Axe,Standard,1,1,1,only,one,no,only,one,no,,0,no,,,,,,
2a5ab9eab4b6,Relentless Fury,Decorative Axe,Standard,1,2,2,Current,one,no,Current,one,no,,0,no,,,,,,
634d8fcadbd0,The Grey Wind,Spectral Axe,Standard,1,2,2,Current;Pre 3.29.0,several,yes,Current;Pre 3.29.0,several,yes,,0,no,,,,,,
65a2ff5e8144,Dyadus,Infernal Axe,Standard,1,2,2,Current,one,no,Current,one,no,,0,no,,,,,,
47c9198c1a40,Wildslash,Awl,Standard,1,2,2,Current,one,no,Current,one,no,,0,no,,,,,,
8e03136c6f63,Cybil's Paw,Thresher Claw,Standard,1,4,4,Current,one,no,Current,one,no,,0,no,,,,,,
dacb659e3070,Bloodplay,Stiletto,Standard,1,2,2,Current,one,no,Current,one,no,,0,no,,,,,,
cb8a4b738473,Cold Iron Point,Ezomyte Dagger,Standard,1,1,1,only,one,no,only,one,no,,0,no,,,,,,
4267fe210ce3,Bino's Kitchen Knife,Slaughter Knife,Standard,1,4,4,,none,no,,none,no,,0,no,,,,,no-text-match,"On Killing a Poisoned Enemy, Enemies within 3 metres are Poisoned, and you and"
92d8bec7716d,Widowmaker,Boot Blade,Standard,1,2,2,Current,one,no,Current,one,no,,0,no,,,,,,
79d9fc01b6c8,Prismatic Eclipse,Twilight Blade,Standard,1,5,5,Pre 3.29.0,one,no,Pre 3.29.0,one,no,,0,no,,,,,,
29cb6653a32c,The Princess,Sabre,Standard,1,2,2,Current,one,no,Current,one,no,,0,no,,,,,,
4a210a14c479,Aurumvorax,Basket Rapier,Standard,1,3,3,Current,one,no,Current,one,no,,0,no,,,,,,
c61c1e89c06f,Cospri's Malice,Jewelled Foil,Standard,1,2,2,Current,one,no,Current,one,no,,0,no,,,,,,
f815b3de3552,Ephemeral Edge,Dusk Blade,Standard,1,6,6,Pre 3.19.0,one,no,Pre 3.19.0,one,no,,0,no,,,,,,
45ec9e06ba1c,Queen's Decree,Ornate Sword,Standard,1,4,4,Current;Pre 3.26.0,several,yes,Current;Pre 3.26.0,several,yes,,0,no,,,,,,
125c9b8af89f,The Wasp Nest,Throat Stabber,Standard,1,2,2,Current,one,no,Current,one,no,,0,no,,,,,,
069fdc42ad19,Last Resort,Nailed Fist,Standard,1,1,1,only,one,no,only,one,no,,0,no,,,,,,
7de8eca33c31,Advancing Fortress,Gut Ripper,Standard,1,2,2,Current,one,no,Current,one,no,,0,no,,,,,,
4f8afb7c7eef,Wildslash,Awl,Standard,1,2,2,Current,one,no,Current,one,no,,0,no,,,,,,
63e557c14196,Mortem Morsu,Fright Claw,Standard,1,4,4,Current,one,no,Current,one,no,,0,no,,,,,,
3fb7ed3da2a1,The Wise Oak,Bismuth Flask,Standard,1,3,3,Pre 3.15.0,one,no,Pre 3.15.0,one,no,,0,no,,,utilityMods,,,
3531d22b5dae,Lion's Roar,Granite Flask,Standard,1,4,4,Pre 3.15.0,one,no,Pre 3.15.0,one,no,,0,no,,,utilityMods,,,
a3ad2a633edf,Rotgut,Quicksilver Flask,Standard,1,4,4,Pre 3.15.0,one,no,Pre 3.15.0,one,no,,0,no,,,utilityMods,,,
32f018ccf623,Forbidden Taste,Quartz Flask,Standard,1,4,4,Pre 3.15.0,one,no,Pre 3.15.0,one,no,,0,no,,,utilityMods,,,
8b208d87faa4,The Overflowing Chalice,Sulphur Flask,Standard,1,2,2,Pre 3.15.0,one,no,Pre 3.15.0,one,no,,0,no,,,utilityMods,,,
f88cc8d98d1a,Rumi's Concoction,Granite Flask,Standard,1,4,4,Current,one,no,Current,one,no,,0,no,,,utilityMods,,,
da53c117e381,Doedre's Elixir,Greater Mana Flask,Standard,1,3,3,,none,no,,none,no,,0,no,,,,,no-text-match,Gain 3 Endurance Charges on use
6bc4d27f4457,Atziri's Promise,Amethyst Flask,Standard,1,3,3,Pre 3.15.0,one,no,Pre 3.15.0,one,no,,0,no,,,utilityMods,,,
2cf09b585717,Asenath's Mark,Iron Circlet,Standard,1,3,3,Pre 3.19.0,one,no,Pre 3.19.0,one,no,,0,no,,,,,,
5daa0112b7dc,Goldrim,Leather Cap,Standard,1,1,1,only,one,no,only,one,no,,0,no,,,,,,
11f37f06e385,The Three Dragons,Golden Mask,Standard,1,1,1,only,one,no,only,one,no,,0,no,,,,,,
c9968aaf8756,Skullhead,Secutor Helm,Standard,1,3,3,Pre 3.19.0,one,no,Pre 3.19.0,one,no,,0,no,,,,,,
81fa2650f3cb,Ezomyte Peak,Iron Hat,Standard,1,2,2,Pre 3.19.0,one,no,Pre 3.19.0,one,no,,0,no,,,,,,
314425c166f1,Rime Gaze,Mind Cage,Standard,1,6,6,Pre 3.16.0,one,no,Pre 3.16.0,one,no,,0,no,,,,,,
bc8d7cb2ee13,The Broken Crown,Prophet Crown,Standard,1,3,3,Current,one,no,Current,one,no,,0,no,,,,,,
90a6506e6a9c,Mark of the Red Covenant,Tribal Circlet,Standard,1,3,3,,none,no,,none,no,,0,no,,,,,variant-line-not-displayed,(10-15)% increased Stun and Block Recovery
abc79447aaa1,Doedre's Scorn,Lunaris Circlet,Standard,1,3,3,Pre 3.19.0,one,no,Pre 3.19.0,one,no,,0,no,,,,,,
698f5249ef23,Deidbell,Gilded Sallet,Standard,1,3,3,Pre 3.19.0,one,no,Pre 3.19.0,one,no,,0,no,,,,,,
7cc6b816df55,The Devouring Diadem,Necromancer Circlet,Standard,1,38,38,,none,no,,none,no,,0,no,,,,crafted,number-outside-range,Socketed Gems have 20% increased Reservation Efficiency
7e87f0277040,Geofri's Crest,Great Crown,Standard,1,3,3,,none,no,,none,no,,0,no,,,,,variant-line-not-displayed,+1 to maximum number of Summoned Holy Relics
b97382575ade,Alpha's Howl,Sinner Tricorne,Standard,1,1,1,only,one,no,only,one,no,,0,no,,,,,,
66d9efcdf280,Prismweave,Rustic Sash,Standard,1,3,3,Pre 3.19.0,one,no,Pre 3.19.0,one,no,,0,no,,,,,,
fd6bae596202,Soulthirst,Cloth Belt,Standard,1,1,1,only,one,no,only,one,no,,0,no,,,,,,
507f4d908a64,Sunblast,Cloth Belt,Standard,1,2,2,Pre 3.19.0,one,no,Pre 3.19.0,one,no,,0,no,,,,,,
3ec68a139492,Pyroshock Clasp,Leather Belt,Standard,1,1,1,only,one,no,only,one,no,,0,no,,,,,,
88781b82e637,Wurm's Molt,Leather Belt,Standard,1,2,2,Pre 3.19.0,one,no,Pre 3.19.0,one,no,,0,no,,,,,,
d94c98dc24bc,Bated Breath,Chain Belt,Standard,1,2,2,Current,one,no,Current,one,no,,0,no,,,,,,
7ebeb6992ec7,Survival Secrets,Cobalt Jewel,Standard,1,2,2,Pre 3.16.0,one,no,Pre 3.16.0,one,no,,0,no,,,,,,
fc2d73263584,Split Personality,Crimson Jewel,Standard,1,9,45,,none,no,Intelligence | Mana,one,no,selection,0,no,,,,,,
81ef24594205,Rain of Splinters,Crimson Jewel,Standard,1,2,2,Current;Pre 3.20.0,several,yes,Current;Pre 3.20.0,several,yes,,0,no,,,,,,
0ef12919aa08,Tecrod's Gaze,Murderous Eye Jewel,Standard,1,2,2,Pre 3.21.0,one,no,Pre 3.21.0,one,no,,0,no,,,,,,
62fbe2abe879,Intuitive Leap,Viridian Jewel,Standard,1,1,1,,none,no,,none,no,,0,no,,,,,no-text-match,6% increased Effect of Non-Damaging Ailments
1002d466e913,Assassin's Haste,Cobalt Jewel,Standard,1,1,1,,none,no,,none,no,,0,no,,,,,no-text-match,5% increased Area of Effect
e50e40c43b6b,Poacher's Aim,Viridian Jewel,Standard,1,1,1,only,one,no,only,one,no,,0,no,,,,,,
db019f3df2ef,Fertile Mind,Cobalt Jewel,Standard,1,2,2,Current;Pre 3.20.0,several,yes,Current;Pre 3.20.0,several,yes,,0,no,,,,,,
348b8496b3c3,Weight of the Empire,Crimson Jewel,Standard,1,1,1,only,one,no,only,one,no,,0,no,,,,,,
179d4e3474f3,Primordial Eminence,Viridian Jewel,Standard,1,1,1,only,one,no,only,one,no,,0,no,,,,,,
8f8831b5547a,Grand Spectrum,Viridian Jewel,Standard,3,16,16,,none,no,,none,no,,0,no,,,,,no-text-match,Damage Penetrates 1% Lightning Resistance
2ac709e9fd15,Energy From Within,Cobalt Jewel,Standard,1,3,3,,none,no,,none,no,,0,no,,,,,no-text-match,5% increased Energy Shield Recharge Rate
c87d9463e62c,Conqueror's Efficiency,Crimson Jewel,Standard,1,1,1,only,one,no,only,one,no,,0,no,,,,,,
6f6b6bdc9187,First Snow,Cobalt Jewel,Standard,1,1,1,only,one,no,only,one,no,,0,no,,,,,,
f400c67ad907,Growing Agony,Viridian Jewel,Standard,1,2,2,Current,one,no,Current,one,no,,0,no,,,,,,
3dd8beba785b,Wildfire,Crimson Jewel,Standard,1,2,2,Current,one,no,Current,one,no,,0,no,,,,,,
6d077705a7cf,Thread of Hope,Crimson Jewel,Standard,1,5,5,Very Large Ring,one,no,Very Large Ring,one,no,,0,no,,,,,,
fbf0e89cb595,Fragile Bloom,Crimson Jewel,Standard,1,2,2,Current,one,no,Current,one,no,,0,no,,,,,,
4aef6e244f53,Primordial Harmony,Cobalt Jewel,Standard,1,2,2,Current,one,no,Current,one,no,,0,no,,,,,,
a7ba2b117d8e,Tear of Purity,Lapis Amulet,Standard,1,3,3,Current,one,no,Current,one,no,,0,no,,,,,,
0aaeaa93b18f,Stone of Lazhwar,Lapis Amulet,Standard,1,3,3,Current;Pre 3.19.0;Pre 3.4.0,several,yes,Current;Pre 3.19.0;Pre 3.4.0,several,yes,,0,no,,,,,,
15a5e3ec4f18,Eye of Chayula,Onyx Amulet,Standard,1,1,1,only,one,no,only,one,no,,0,no,,,,,,
2d854a9e2007,Atziri's Foible,Paua Amulet,Standard,1,2,2,Current,one,no,Current,one,no,,0,no,,,enchantMods,,,
da8d0ad637e9,Karui Ward,Jade Amulet,Standard,1,2,2,Current,one,no,Current,one,no,,0,no,,,,,,
83f379a695b2,The Primordial Chain,Coral Amulet,Standard,1,2,2,Pre 3.26.0,one,no,Pre 3.26.0,one,no,,0,no,,,enchantMods,,,
953aeba68faf,Presence of Chayula,Onyx Amulet,Standard,1,1,1,only,one,no,only,one,no,,0,yes,Attribute,5,enchantMods,,,
2aef506ce69e,Winterheart,Gold Amulet,Standard,1,2,2,Pre 3.15.0,one,no,Pre 3.15.0,one,no,,0,no,,,,,,
b0c47282d5a2,Ungil's Harmony,Turquoise Amulet,Standard,1,2,2,Current,one,no,Current,one,no,,0,no,,,,,,
e3b9842c44ca,Sidhebreath,Paua Amulet,Standard,1,4,4,Pre 3.19.0,one,no,Pre 3.19.0,one,no,,0,no,,,,,,
38bdb815b592,Maligaro's Cruelty,Turquoise Amulet,Standard,1,1,1,only,one,no,only,one,no,,0,no,,,,,,
6c1bf1e4e9e3,Seven-League Step,Rawhide Boots,Standard,1,1,1,only,one,no,only,one,no,,0,no,,,,,,
8b9ecdde2c46,Rainbowstride,Conjurer Boots,Standard,1,6,6,Pre 3.19.0;Pre 3.4.0,several,no,Pre 3.19.0;Pre 3.4.0,several,no,,0,no,,,,,,
3384f4468232,Shavronne's Pace,Scholar Boots,Standard,1,4,4,Pre 3.19.0,one,no,Pre 3.19.0,one,no,,0,no,,,,,,
005d7282fd52,Nomic's Storm,Strapped Boots,Standard,1,3,3,Current,one,no,Current,one,no,,0,no,,,,,,
65e348e52cd1,Atziri's Step,Slink Boots,Standard,1,2,2,Current;Pre 3.16.0,several,yes,Current;Pre 3.16.0,several,yes,,0,no,,,,,,
e43c92428ca9,Wanderlust,Wool Shoes,Standard,1,1,1,only,one,no,only,one,no,,0,no,,,enchantMods,,,
8e4b46ebf38b,Ralakesh's Impatience,Riveted Boots,Standard,1,5,5,,none,no,,none,no,,0,no,,,,,variant-line-not-displayed,"Lose all Frenzy, Endurance, and Power Charges when you Move"
00615e396e90,Bones of Ullr,Silk Slippers,Standard,1,1,1,only,one,no,only,one,no,,0,no,,,,,,
5985de5882ba,Deerstalker,Deerskin Boots,Standard,1,3,3,Pre 3.19.0,one,no,Pre 3.19.0,one,no,,0,no,,,,,,
6b99f9d3f23a,Voidwalker,Murder Boots,Standard,1,2,2,Current,one,no,Current,one,no,,0,no,,,enchantMods,,,
e40b99b8c661,Soul Mantle,Spidersilk Robe,Standard,1,5,5,Pre 3.16.0,one,no,Pre 3.16.0,one,no,,0,no,,,,,,
a8e677a27e3a,Tabula Rasa,Simple Robe,Standard,1,1,1,only,one,no,only,one,no,,0,no,,,,,,
0470978f6ca4,Briskwrap,Strapped Leather,Standard,1,4,4,Pre 3.19.0,one,no,Pre 3.19.0,one,no,,0,no,,,,,,
9738df663931,Icetomb,Latticed Ringmail,Standard,1,3,3,Pre 3.19.0,one,no,Pre 3.19.0,one,no,,0,no,,,,,,
8b6a81f8a54c,Zahndethus' Cassock,Sage's Robe,Standard,1,4,4,Current,one,no,Current,one,no,,0,no,,,,,,
607b2b018e23,Kingsguard,Conquest Chainmail,Standard,1,1,1,only,one,no,only,one,no,,0,no,,,,,,
9965842160c9,Bronn's Lithe,Cutthroat's Garb,Standard,1,4,4,Pre 3.19.0,one,no,Pre 3.19.0,one,no,,0,no,,,,,,
6c7e20233258,Kintsugi,Exquisite Leather,Standard,1,3,3,Pre 3.19.0,one,no,Pre 3.19.0,one,no,,0,no,,,,,,
16f3ad202c36,Victario's Influence,Lacquered Garb,Standard,1,2,2,,none,no,,none,no,,0,no,,,,,number-outside-range,Socketed Gems have 30% increased Reservation Efficiency
e5359a251c8e,Foxshade,Wild Leather,Standard,1,3,3,Pre 3.19.0,one,no,Pre 3.19.0,one,no,,0,no,,,,,,
0b73e7b17484,Shavronne's Wrappings,Occultist's Vestment,Standard,1,3,3,Current;Pre 3.0.0,several,yes,Current;Pre 3.0.0,several,yes,,0,no,,,,,,
da600963d9d5,Tinkerskin,Sadist Garb,Standard,1,1,1,,none,no,,none,no,,0,no,,,,,no-text-match,+2 to Level of Socketed Projectile Gems
26714e4959be,Cospri's Will,Assassin's Garb,Standard,1,3,3,Pre 3.20.0,one,no,Pre 3.20.0,one,no,,0,no,,,,,,
783742d5690f,Silverbranch,Crude Bow,Standard,1,2,2,Current,one,no,Current,one,no,,0,no,,,,,,
a84b514a032f,Quill Rain,Short Bow,Standard,1,3,3,Pre 3.9.0,one,no,Pre 3.9.0,one,no,,0,no,,,,,,
556e6fb39dc3,Doomfletch's Prism,Royal Bow,Standard,1,4,4,Current,one,no,Current,one,no,,0,no,,,,,,
3493e2368f8c,Reverberation Rod,Spiraled Wand,Standard,1,5,5,Pre 3.19.0,one,no,Pre 3.19.0,one,no,,0,no,,,,,,
7ee3f467a9fe,Ashcaller,Quartz Wand,Standard,1,5,5,Pre 3.19.0,one,no,Pre 3.19.0,one,no,,0,no,,,,,,
040a4aa8b504,Piscator's Vigil,Imbued Wand,Standard,1,5,5,Pre 3.21.0;Pre 3.27.0,several,no,Pre 3.21.0;Pre 3.27.0,several,no,,0,no,,,,,,
241e3da047e9,Lifesprig,Driftwood Wand,Standard,1,1,1,,none,no,,none,no,,0,no,,,,,no-text-match,Regenerate 7 Life over 1 second when you Cast a Spell
3a89f12e46c0,Eclipse Solaris,Crystal Wand,Standard,1,6,6,Pre 3.21.0,one,no,Pre 3.21.0,one,no,,0,no,,,,,,
e71d03854c15,Storm Prison,Carved Wand,Standard,1,3,3,Pre 2.3.0;Pre 3.21.0,several,no,Pre 2.3.0;Pre 3.21.0,several,no,,0,no,,,,,,
f3dae0827fb9,Obliteration,Demon's Horn,Standard,1,6,6,Pre 3.19.0,one,no,Pre 3.19.0,one,no,,0,no,,,,,,
4d08a4690272,Moonsorrow,Imbued Wand,Standard,1,5,5,Pre 3.27.0,one,no,Pre 3.27.0,one,no,,0,no,,,,,,
abe27dc2725d,Ondar's Clasp,Wrapped Mitts,Standard,1,3,3,Pre 3.19.0,one,no,Pre 3.19.0,one,no,,0,no,,,,,,
60a6aab98293,Meginord's Vise,Steel Gauntlets,Standard,1,4,4,Pre 3.19.0,one,no,Pre 3.19.0,one,no,,0,no,,,,,,
3903fe7fd60a,Doedre's Tenure,Velvet Gloves,Standard,1,3,3,Pre 3.19.0,one,no,Pre 3.19.0,one,no,,0,no,,,,,,
ddbbec55d2e0,Hrimsorrow,Goathide Gloves,Standard,1,3,3,Pre 3.19.0,one,no,Pre 3.19.0,one,no,,0,no,,,,,,
9657a9f98233,Lochtonial Caress,Iron Gauntlets,Standard,1,3,3,Pre 3.19.0,one,no,Pre 3.19.0,one,no,,0,no,,,,,,
642423cf132f,Sadima's Touch,Wool Gloves,Standard,1,4,4,Pre 3.25.0,one,no,Pre 3.25.0,one,no,,0,no,,,,,,
90d787f0f0e8,Snakebite,Assassin's Mitts,Standard,1,3,3,Current,one,no,Current,one,no,,0,no,,,,,,
70e4232bf806,Fencoil,Gnarled Branch,Standard,1,3,3,Pre 3.25.0,one,no,Pre 3.25.0,one,no,,0,no,,,,,,
33cb5219a20e,Realmshaper,Iron Staff,Standard,1,4,4,Pre 3.25.0,one,no,Pre 3.25.0,one,no,,0,no,,,,,,
302f81bf12e4,The Whispering Ice,Vile Staff,Standard,1,3,3,Pre 3.25.0,one,no,Pre 3.25.0,one,no,,0,no,,,,,,
a83b22446902,The Searing Touch,Lathi,Standard,1,7,7,Pre 3.25.0,one,no,Pre 3.25.0,one,no,,0,no,,,,,,
1d1511f6c6fc,Femurs of the Saints,Primordial Staff,Standard,1,4,4,Pre 3.25.0,one,no,Pre 3.25.0,one,no,,0,no,,,,,,
bd2c7137dc79,The Blood Thorn,Gnarled Branch,Standard,1,3,3,Pre 3.25.0,one,no,Pre 3.25.0,one,no,,0,no,,,,,,
1981124d3cc4,Chalice of Horrors,War Buckler,Standard,1,5,5,Pre 3.17.0,one,no,Pre 3.17.0,one,no,,0,no,,,,,,
24256f2a29a2,Daresso's Courage,Baroque Round Shield,Standard,1,4,4,Pre 3.19.0,one,no,Pre 3.19.0,one,no,,0,no,,,,,,
305fb86d4320,Invictus Solaris,Archon Kite Shield,Standard,1,1,1,only,one,no,only,one,no,,0,no,,,,,,
6374b7a7c1cd,Mistwall,Lacquered Buckler,Standard,1,1,1,only,one,no,only,one,no,,0,no,,,,,,
fff145d239ce,Springleaf,Plank Kite Shield,Standard,1,5,5,Pre 3.19.0,one,no,Pre 3.19.0,one,no,,0,no,,,,,,
c271768e51a7,Prism Guardian,Archon Kite Shield,Standard,1,4,4,,none,no,,none,no,,0,no,,,,,number-outside-range,Socketed Gems have 25% increased Reservation Efficiency
595585eb7904,Replica Mistwall,Lacquered Buckler,Standard,1,1,1,only,one,no,only,one,no,,0,no,,,,,,
8461ed54c928,Rise of the Phoenix,Mosaic Kite Shield,Standard,1,4,4,Pre 3.19.0,one,no,Pre 3.19.0,one,no,,0,no,,,,,,
f400b050c964,Storm Secret,Topaz Ring,Standard,1,1,1,only,one,no,only,one,no,,0,no,,,,,,
57da4ada9952,Praxis,Paua Ring,Standard,1,2,2,Pre 3.29.0,one,no,Pre 3.29.0,one,no,,0,no,,,,,,
9d18e89bb55c,Mark of the Shaper,Opal Ring,Standard,1,1,1,only,one,no,only,one,no,,0,no,,,enchantMods,,,
c5e2713abad2,Kaom's Sign,Coral Ring,Standard,1,3,3,Pre 3.19.0,one,no,Pre 3.19.0,one,no,,0,no,,,,,,
f12f9dc2f377,Berek's Pass,Two-Stone Ring,Standard,1,2,2,Current,one,no,Current,one,no,,0,no,,,,,,
147099fb6c85,Ming's Heart,Amethyst Ring,Standard,1,4,4,,none,no,,none,no,,0,no,,,,,number-outside-range,7% reduced maximum Energy Shield
4be633ec60ee,Circle of Fear,Sapphire Ring,Standard,1,7,28,,none,no,,none,no,,0,no,,,,,no-text-match,13% increased Cold Damage
38a29563ed49,Le Heup of All,Iron Ring,Standard,1,2,2,Current,one,no,Current,one,no,,0,no,,,,,,
9789418e1936,Kikazaru,Topaz Ring,Standard,1,4,4,,none,no,,none,no,,0,no,,,,,number-outside-range,40% reduced Effect of Curses on you
4f1cc6a597f8,Chober Chaber,Great Mallet,Standard,1,3,3,Current,one,no,Current,one,no,,0,no,,,,,,
aaa1d8b31444,Clayshaper,Rock Breaker,Standard,1,3,3,Pre 3.19.0,one,no,Pre 3.19.0,one,no,,0,no,,,,,,
173b130a68b1,Cameria's Maul,Gavel,Standard,1,2,2,Current,one,no,Current,one,no,,0,no,,,,,,
d6ee36b8990b,Mon'tregul's Grasp,Void Sceptre,Standard,1,5,5,Pre 3.19.0,one,no,Pre 3.19.0,one,no,,0,no,,,,,,
080adba694ce,Axiom Perpetuum,Bronze Sceptre,Standard,1,2,2,Current,one,no,Current,one,no,,0,no,,,,,,
5cca4074d5f1,Maloney's Nightfall,Vile Arrow Quiver,Standard,1,3,3,Current,one,no,Current,one,no,,0,no,,,,,,
d3d6c5ca7fcb,Blackgleam,Fire Arrow Quiver,Standard,1,4,4,Pre 3.17.0,one,no,Pre 3.17.0,one,no,,0,no,,,,,,
cc60f230d121,Asphyxia's Wrath,Two-Point Arrow Quiver,Standard,1,3,3,Pre 3.17.0,one,no,Pre 3.17.0,one,no,,0,no,,,,,,
d951557f3fb6,Reaper's Pursuit,Shadow Axe,Standard,1,1,1,only,one,no,only,one,no,,0,no,,,,,,
e4584e995fc6,The Screaming Eagle,Jade Hatchet,Standard,1,2,2,Current,one,no,Current,one,no,,0,no,,,,,,
2ab2791e8e14,Debeon's Dirge,Despot Axe,Standard,1,1,1,only,one,no,only,one,no,,0,no,,,,,,
6a23df2ffa0c,Allure,Vaal Claw,Standard,1,2,2,Current,one,no,Current,one,no,,0,no,,,,,,
c3f1617e044e,Al Dhih,Timeworn Claw,Standard,1,6,6,Current,one,no,Current,one,no,,0,no,,,,,,
49cf7a723651,Rive,Terror Claw,Standard,1,1,1,only,one,no,only,one,no,,0,no,,,,,,
78789dbecef7,Hand of Thought and Motion,Imperial Claw,Standard,1,5,5,Current,one,no,Current,one,no,,0,no,,,,,,
36c2a483cc00,Wildslash,Awl,Standard,1,2,2,Current,one,no,Current,one,no,,0,no,,,,,,
e72304396ab9,Touch of Anguish,Imperial Claw,Standard,1,2,2,Current,one,no,Current,one,no,,0,no,,,,,,
1bbfe020bc69,Shadows and Dust,Clasped Mitts,Standard,1,3,3,Current,one,no,Current,one,no,,0,no,,,,,,
5d4a263cb3ed,Oskarm,Nubuck Gloves,Standard,1,2,2,Current,one,no,Current,one,no,,0,no,,,,,,
af1ee645a094,Shaper's Touch,Crusader Gloves,Standard,1,4,4,Pre 3.28.0,one,no,Pre 3.28.0,one,no,,0,no,,,,,,
d391cae85e4d,Hrimsorrow,Goathide Gloves,Standard,1,3,3,Current,one,no,Current,one,no,,0,no,,,,,,
e381154db821,Slitherpinch,Bronzescale Gauntlets,Standard,1,2,2,Current,one,no,Current,one,no,,0,no,,,,,,
2e26b6b4ca2d,Null and Void,Legion Gloves,Standard,1,1,1,only,one,no,only,one,no,,0,no,,,,,,
052e45589dee,Repentance,Crusader Gloves,Standard,1,2,2,Current,one,no,Current,one,no,,0,no,,,,,,
b0ddfe535a10,The Hand of Phrecia,Mesh Gloves,Standard,1,1,1,only,one,no,only,one,no,,0,no,,,,,,
b78e8f891ebc,Painseeker,Shagreen Gloves,Standard,1,1,1,only,one,no,only,one,no,,0,no,,,,,,
be120f30ca0b,Triad Grip,Mesh Gloves,Standard,1,2,2,Pre 3.29.0,one,no,Pre 3.29.0,one,no,,0,no,,,,,,
012d99749b7d,Veruso's Battering Rams,Titan Gauntlets,Standard,1,1,1,only,one,no,only,one,no,,0,no,,,,,,
46174a04e667,Great Old One's Tentacles,Eelskin Gloves,Standard,1,1,1,only,one,no,only,one,no,,0,no,,,,,,
dcfc812f2977,Vixen's Entrapment,Embroidered Gloves,Standard,1,1,1,only,one,no,only,one,no,,0,no,,,,,,
975514f85aea,Asenath's Gentle Touch,Silk Gloves,Standard,1,3,3,Current,one,no,Current,one,no,,0,no,,,,,,
2f55378695fa,Grip of the Council,Arcanist Gloves,Standard,1,1,1,only,one,no,only,one,no,,0,no,,,,,,
1604a89263a5,Thunderfist,Murder Mitts,Standard,1,4,4,Current,one,no,Current,one,no,,0,no,,,,,,
b631b5e47d63,Aukuna's Will,Clasped Mitts,Standard,1,1,1,only,one,no,only,one,no,,0,no,,,,,,
499afb994c93,Sadima's Touch,Wool Gloves,Standard,1,4,4,,none,no,,none,no,,0,no,,,,,number-outside-range,6% increased Rarity of Items found
fc90adff99c7,Aurseize,Steelscale Gauntlets,Standard,1,1,1,only,one,no,only,one,no,,0,no,,,,,,
1b007b8260e0,Tombfist,Steelscale Gauntlets,Standard,1,11,561,,none,no,Current | One Abyssal Socket | Murderous: Fortify | Searching: Blind,one,no,selection,0,no,,,,,,
146a1a6684e8,Kalisa's Grace,Samite Gloves,Standard,1,1,1,only,one,no,only,one,no,,0,no,,,,,,
3459daa1c2eb,Snakebite,Assassin's Mitts,Standard,1,3,3,Current,one,no,Current,one,no,,0,no,,,,,,
572edda1cb81,Stormseeker,Ambush Mitts,Standard,1,1,1,only,one,no,only,one,no,,0,no,,,,,,
427ac2c95a04,Southbound,Soldier Gloves,Standard,1,3,3,Current,one,no,Current,one,no,,0,no,,,,,,
f8bc976aed14,Offering to the Serpent,Legion Gloves,Standard,1,1,1,,none,no,,none,no,,0,no,,,,,no-text-match,15% increased Evasion Rating
70564b99efde,Algor Mortis,Carnal Mitts,Standard,1,1,1,only,one,no,only,one,no,,0,no,,,,,,
61512b1ca01e,The Embalmer,Carnal Mitts,Standard,1,1,1,only,one,no,only,one,no,,0,no,,,,,,
9d2ac2b98912,Ceaseless Feast,Spiked Gloves,Standard,1,1,1,only,one,no,only,one,no,,0,no,,,,,,
1e4a432f610e,Black Zenith,Fingerless Silk Gloves,Standard,1,1,1,only,one,no,only,one,no,,0,no,,,,,,
970d551e6b62,Atziri's Acuity,Vaal Gauntlets,Standard,1,3,3,Current,one,no,Current,one,no,,0,no,,,,,,
ff2bfab9c455,Vis Mortis,Necromancer Silks,Standard,1,3,3,Current,one,no,Current,one,no,,0,no,,,,,,
34bedad4daad,Chains of Command,Saintly Chainmail,Standard,1,1,1,only,one,no,only,one,no,,0,no,,,,,,
8cf41c806188,Tinkerskin,Sadist Garb,Standard,1,1,1,only,one,no,only,one,no,,0,no,,,,,,
0b4699a57b72,Solaris Lorica,Copper Plate,Standard,1,2,2,Current,one,no,Current,one,no,,0,no,,,,,,
6cd31986b702,Foxshade,Wild Leather,Standard,1,3,3,Current,one,no,Current,one,no,,0,no,,,,,,
2eab717610ae,Cherrubim's Maleficence,Triumphant Lamellar,Standard,1,3,3,Current,one,no,Current,one,no,,0,no,,,,,,
cab04d30ef03,Soul Mantle,Spidersilk Robe,Standard,1,5,5,Current,one,no,Current,one,no,,0,no,,,,,,
8b63f85664ff,Queen of the Forest,Destiny Leather,Standard,1,2,2,Current,one,no,Current,one,no,,0,no,,,,,,
2c6ecfcc38c8,Lioneye's Vision,Crusader Plate,Standard,1,2,2,Current,one,no,Current,one,no,,0,no,,,,,,
7e94b330deb0,Ghostwrithe,Silken Vest,Standard,1,1,1,only,one,no,only,one,no,,0,no,,,,,,
2fdc2e58df52,Ambu's Charge,Crusader Chainmail,Standard,1,5,5,Current,one,no,Current,one,no,,0,no,,,,,,
870fe9e0b285,Tabula Rasa,Simple Robe,Standard,1,1,1,only,one,no,only,one,no,,0,no,,,,,,
fa2f267a2bdf,Death's Oath,Astral Plate,Standard,1,3,3,Current,one,no,Current,one,no,,0,no,,,,,,
8181ebe78e55,Victario's Influence,Lacquered Garb,Standard,1,2,2,Current,one,no,Current,one,no,,0,no,,,,,,
e14852e70319,Greed's Embrace,Golden Plate,Standard,1,2,2,Current,one,no,Current,one,no,,0,no,,,,,,
e0685b5621a1,Carcass Jack,Varnished Coat,Standard,1,3,3,Current,one,no,Current,one,no,,0,no,,,,,,
638e23c16925,Thousand Ribbons,Simple Robe,Standard,1,3,3,Current,one,no,Current,one,no,,0,no,,,,,,
4a442831a6b1,The Fourth Vow,Devout Chainmail,Standard,1,1,1,only,one,no,only,one,no,,0,no,,,,,,
c472cd3d37c5,Atziri's Splendour,Sacrificial Garb,Standard,1,18,18,,none,no,,none,no,,0,no,,,,,no-text-match,213% increased Armour and Evasion
db5630e3bb3a,Yriel's Fostering,Exquisite Leather,Standard,1,6,6,,none,no,,none,no,,0,no,,,,,no-text-match,Projectiles from Attacks Maim on Hit while you have a Bestial Minion
100448340ff8,Infernal Mantle,Widowsilk Robe,Standard,1,5,5,Current,one,no,Current,one,no,,0,no,,,,,,
66cf55f4acde,The Beast Fur Shawl,Vaal Regalia,Standard,1,3,3,Current,one,no,Current,one,no,,0,no,,,,,,
fbabba2602a9,Icetomb,Latticed Ringmail,Standard,1,3,3,Current,one,no,Current,one,no,,0,no,,,,,,
1b02cd635d5d,Zahndethus' Cassock,Sage's Robe,Standard,1,4,4,Current,one,no,Current,one,no,,0,no,,,,,,
27e4e2c3e294,Cloak of Flame,Scholar's Robe,Standard,1,2,2,,none,no,,none,no,,0,no,,,,,no-text-match,6% increased maximum Life
c926c7a3e34b,Seven-League Step,Rawhide Boots,Standard,1,1,1,only,one,no,only,one,no,,0,no,,,,,,
8621c4a52938,Gang's Momentum,Legion Boots,Standard,1,2,2,Current,one,no,Current,one,no,,0,no,,,,,,
dfd1735a03ab,Sin Trek,Stealth Boots,Standard,1,4,4,Current;Pre 3.5.0,several,yes,Current;Pre 3.5.0,several,yes,,0,no,,,,,,
a9bbac3799f3,Torchoak Step,Antique Greaves,Standard,1,2,2,Current,one,no,Current,one,no,,0,no,,,,,,
e9c2dd9c00c4,Dusktoe,Ironscale Boots,Standard,1,4,4,Current,one,no,Current,one,no,,0,no,,,,,,
71a5a6e92c74,Wake of Destruction,Mesh Boots,Standard,1,3,3,Current,one,no,Current,one,no,,0,no,,,,,,
aebd0d49c79c,Darkray Vectors,Dragonscale Boots,Standard,1,3,3,Current,one,no,Current,one,no,,0,no,,,,,,
44754c7a1b41,Veruso's Ambition,Shackled Boots,Standard,1,1,1,only,one,no,only,one,no,,0,no,,,,,,
b5ea5592d902,Bubonic Trail,Murder Boots,Standard,1,4,4,Two Abyssal Sockets (Current),one,no,Two Abyssal Sockets (Current),one,no,,0,no,,,,,,
a9a41bee722b,Stormcharger,Plated Greaves,Standard,1,2,2,Current,one,no,Current,one,no,,0,no,,,,,,
2ecf5fbae9bc,Victario's Flight,Goathide Boots,Standard,1,3,3,Current,one,no,Current,one,no,,0,no,,,,,,
d50b15d47754,Inextricable Fate,Fugitive Boots,Standard,1,1,1,only,one,no,only,one,no,,0,no,,,,,,
e5c385452c6d,Goldwyrm,Nubuck Boots,Standard,1,3,3,Current,one,no,Current,one,no,,0,no,,,,,,
48e9d76b54eb,Nomic's Storm,Strapped Boots,Standard,1,3,3,Current,one,no,Current,one,no,,0,no,,,,,,
f45dfb74e396,Kaom's Roots,Titan Greaves,Standard,1,2,2,Current,one,no,Current,one,no,,0,no,,,,,,
157d817582f4,The Infinite Pursuit,Titan Greaves,Standard,1,2,2,Current,one,no,Current,one,no,,0,no,,,,,,
d0d6ea2891f7,Wanderlust,Wool Shoes,Standard,1,1,1,only,one,no,only,one,no,,0,no,,,,,,
a4edc913a289,Sundance,Clasped Boots,Standard,1,2,2,Current,one,no,Current,one,no,,0,no,,,,,,
e2c0bf5deb30,Storm Prison,Spiraled Wand,Standard,1,3,3,Current,one,no,Current,one,no,,0,no,,,,,,
dab4e915d3f9,Twyzel,Sage Wand,Standard,1,3,3,Pre 2.27.0,one,no,Pre 2.27.0,one,no,,0,no,,,,,,
847807f380d4,Ashcaller,Carved Wand,Standard,1,5,5,Pre 3.27.0,one,no,Pre 3.27.0,one,no,,0,no,,,,,,
9fc415dd8ce2,Piscator's Vigil,Imbued Wand,Standard,1,5,5,Pre 3.27.0,one,no,Pre 3.27.0,one,no,,0,no,,,,,,
17f4934f9b57,Tulborn,Opal Wand,Standard,1,4,4,Pre 3.29.0,one,no,Pre 3.29.0,one,no,,0,no,,,,,,
f95960a2ddc5,Eclipse Solaris,Engraved Wand,Standard,1,6,6,Pre 3.27.0,one,no,Pre 3.27.0,one,no,,0,no,,,,,,
d8f089d0c6f0,Moonsorrow,Imbued Wand,Standard,1,5,5,Pre 3.27.0,one,no,Pre 3.27.0,one,no,,0,no,,,,,,
a330db355270,Obliteration,Imbued Wand,Standard,1,6,6,Pre 3.27.0,one,no,Pre 3.27.0,one,no,,0,no,,,,,,
5fe679db40c5,The Poet's Pen,Carved Wand,Standard,1,2,2,Pre 3.27.0,one,no,Pre 3.27.0,one,no,,0,no,,,,,,
61b09f276100,Midnight Bargain,Engraved Wand,Standard,1,4,4,Pre 3.27.0,one,no,Pre 3.27.0,one,no,,0,no,,,,,,
49f6430fadd9,Lifesprig,Driftwood Wand,Standard,1,1,1,,none,no,,none,no,,0,no,,,,,no-text-match,Regenerate 8 Life over 1 second when you Cast a Spell
6e4fcb15874f,Blood Price,Reaver Helmet,Standard,1,1,1,only,one,no,only,one,no,,0,no,,,,,,
6e3f23b1b90a,Black Sun Crest,Lacquered Helmet,Standard,1,1,1,only,one,no,only,one,no,,0,no,,,,,,
645aca427e89,Ancient Skull,Bone Helmet,Standard,1,1,1,only,one,no,only,one,no,,0,no,,,,,,
f68d3f890dbf,Thrillsteel,Barbute Helmet,Standard,1,1,1,only,one,no,only,one,no,,0,no,,,,,,
8396fd16501a,Eye of Malice,Callous Mask,Standard,1,1,1,only,one,no,only,one,no,,0,no,,,,,,
7024f6c330f1,Willclash,Golden Mask,Standard,1,1,1,only,one,no,only,one,no,,0,no,,,,,,
35604b4ad158,Mind of the Council,Harlequin Mask,Standard,1,2,2,Current,one,no,Current,one,no,,0,no,,,,,,
d76cab50bc0b,Veil of the Night,Great Helmet,Standard,1,1,1,only,one,no,only,one,no,,0,no,,,,,,
0efe662a0617,Curtain Call,Plague Mask,Standard,1,1,1,only,one,no,only,one,no,,0,no,,,,,,
bd9d9ead4727,Ahn's Contempt,Praetor Crown,Standard,1,1,1,only,one,no,only,one,no,,0,no,,,,,,
acfc0ee2f708,Mark of the Red Covenant,Tribal Circlet,Standard,1,3,3,,none,no,,none,no,,0,no,,,,,variant-line-not-displayed,(10-15)% increased Stun and Block Recovery
4e8134e75e45,Geofri's Crest,Great Crown,Standard,1,3,3,Current,one,no,Current,one,no,,0,no,,,,,,
5253f1f9790d,Viridi's Veil,Praetor Crown,Standard,1,1,1,only,one,no,only,one,no,,0,no,,,,,,
bce68915b681,Crown of Eyes,Hubris Circlet,Standard,1,2,2,Current,one,no,Current,one,no,,0,no,,,,,,
ad3754778656,Voll's Vision,Praetor Crown,Standard,1,2,2,Current,one,no,Current,one,no,,0,no,,,,,,
7c7834eb4023,The Gull,Raven Mask,Standard,1,4,4,Pre 3.29.0,one,no,Pre 3.29.0,one,no,,0,no,,,,,,
7214694a2043,The Broken Crown,Prophet Crown,Standard,1,3,3,Current,one,no,Current,one,no,,0,no,,,,,,
dc9f07b9670f,Howlcrack,Ezomyte Burgonet,Standard,1,1,1,only,one,no,only,one,no,,0,no,,,,,,
b0ea8173934c,Wreath of Phrecia,Iron Circlet,Standard,1,1,1,only,one,no,only,one,no,,0,no,,,,,,
e6751da2cc78,Heretic's Veil,Deicide Mask,Standard,1,4,4,Current,one,no,Current,one,no,,0,no,,,,,,
615b4c98ffd4,Obscurantis,Lion Pelt,Standard,1,2,2,Current,one,no,Current,one,no,,0,no,,,,,,
bf6560228aa5,Leer Cast,Festival Mask,Standard,1,2,2,Current,one,no,Current,one,no,,0,no,,,,,,
83bb336f0aac,Kitava's Thirst,Zealot Helmet,Standard,1,2,2,Current,one,no,Current,one,no,,0,no,,,,,,
5207a3ccadb4,Speaker's Wreath,Prophet Crown,Standard,1,1,1,only,one,no,only,one,no,,0,no,,,,,,
0ed5edda54d9,Scold's Bridle,Mind Cage,Standard,1,1,1,only,one,no,only,one,no,,0,no,,,,,,
f9576fd95650,The Vertex,Vaal Mask,Standard,1,1,1,only,one,no,only,one,no,,0,no,,,,,,
6d08d3affcf6,Devoto's Devotion,Nightmare Bascinet,Standard,1,1,1,only,one,no,only,one,no,,0,no,,,,,,
cd56a4736f64,The Dark Monarch,Lich's Circlet,Standard,1,16,16,Summoned Raging Spirits,one,no,Summoned Raging Spirits,one,no,,0,no,,,,,,
0598844bfa28,Eber's Unification,Hubris Circlet,Standard,1,1,1,,none,no,,none,no,,0,no,,,,,number-outside-range,154% increased Energy Shield
3c1e7847d056,Maw of Conquest,Steel Circlet,Standard,1,1,1,,none,no,,none,no,,0,no,,,,,no-text-match,66% increased Spell Critical Strike Chance
c244cbc84204,Rime Gaze,Mind Cage,Standard,1,6,6,Current,one,no,Current,one,no,,0,no,,,,,,
4979efdf87d0,Starkonja's Head,Silken Hood,Standard,1,2,2,Current,one,no,Current,one,no,,0,no,,,,,,
33a19af0fd18,Heatshiver,Leather Hood,Standard,1,4,4,Current,one,no,Current,one,no,,0,no,,,,,,
a41ea36e9de8,Elevore,Wolf Pelt,Standard,1,1,1,only,one,no,only,one,no,,0,no,,,,,,
4bb9919784b2,Ylfeban's Trickery,Hubris Circlet,Standard,1,3,3,Current,one,no,Current,one,no,,0,no,,,,,,
941998be407e,Mindspiral,Aventail Helmet,Standard,1,3,3,Current,one,no,Current,one,no,,0,no,,,,,,
cea1891e0902,Fractal Thoughts,Vaal Mask,Standard,1,1,1,only,one,no,only,one,no,,0,no,,,,,,
e9cdb83160b9,Lightpoacher,Great Crown,Standard,1,4,4,One Abyssal Socket (Current),one,no,One Abyssal Socket (Current),one,no,,0,no,,,,,,
5d0e50962e78,Mask of the Tribunal,Magistrate Crown,Standard,1,3,3,,none,no,,none,no,,0,no,,,,,no-text-match,+2% to Quality of Socketed Projectile Gems
f481754b0c64,Abyssus,Ezomyte Burgonet,Standard,1,3,3,Current;Pre 2.2.0,several,yes,Current;Pre 2.2.0,several,yes,,0,no,,,,,,
762911c8008f,The Devourer of Minds,Pig-Faced Bascinet,Standard,1,1,1,only,one,no,only,one,no,,0,no,,,,,,
fd22e552fac7,The Baron,Close Helmet,Standard,1,2,2,Current,one,no,Current,one,no,,0,no,,,,,,
b2f885d09308,The Three Dragons,Golden Mask,Standard,1,1,1,only,one,no,only,one,no,,0,no,,,,,,
69b607990edd,Hale Negator,Mind Cage,Standard,1,2,2,Two Abyssal Sockets,one,no,Two Abyssal Sockets,one,no,,0,no,,,,,,
85cae7246434,Chitus' Apex,Necromancer Circlet,Standard,1,1,1,only,one,no,only,one,no,,0,no,,,,,,
d40a42923c4b,Goldrim,Leather Cap,Standard,1,1,1,only,one,no,only,one,no,,0,no,,,,,,
a72d5b8d9b8a,Fertile Mind,Cobalt Jewel,Standard,1,2,2,Current;Pre 3.20.0,several,yes,Current;Pre 3.20.0,several,yes,,0,no,,,,,,
bb0cf7a785a5,The Red Dream,Crimson Jewel,Standard,1,2,2,Current,one,no,Current,one,no,,0,no,,,,,,
ed3e4bf83e39,Lioneye's Fall,Viridian Jewel,Standard,1,1,1,only,one,no,only,one,no,,0,no,,,,,,
837a4c5399e4,Split Personality,Crimson Jewel,Standard,1,9,45,,none,no,Dexterity | Armour,one,no,selection,0,no,,,,,,
5088e8b1dfd5,Careful Planning,Viridian Jewel,Standard,1,2,2,Current;Pre 3.20.0,several,yes,Current;Pre 3.20.0,several,yes,,0,no,,,,,,
cae0da1894c4,Intuitive Leap,Viridian Jewel,Standard,1,1,1,only,one,no,only,one,no,,0,no,,,,,,
4c3c66b09e03,Calamitous Visions,Small Cluster Jewel,Standard,1,1,1,only,one,no,only,one,no,,0,no,,,,,,
15356e05aa53,Thread of Hope,Crimson Jewel,Standard,1,5,5,Massive Ring (Uber),one,no,Massive Ring (Uber),one,no,,0,no,,,,,,
c68c88ad6753,Watcher's Eye,Prismatic Jewel,Standard,0,0,0,,unbound,no,,unbound,no,,0,no,,,,,,
c0305caeacbf,Energised Armour,Crimson Jewel,Standard,1,2,2,Current;Pre 3.20.0,several,yes,Current;Pre 3.20.0,several,yes,,0,no,,,,,,
35ee0d24c115,Elegant Hubris,Timeless Jewel,Standard,1,4,4,Cadiro (Supreme Decadence),one,no,Cadiro (Supreme Decadence),one,no,,0,no,,,,,,
9e894cc9f6b4,Ephemeral Edge,Dusk Blade,Standard,1,6,6,Current,one,no,Current,one,no,,0,no,,,,,,
488d0f6f6687,The Princess,Sabre,Standard,1,2,2,Current,one,no,Current,one,no,,0,no,,,,,,
d82eb6423e89,Grelwood Shank,Eternal Sword,Standard,1,2,2,Current,one,no,Current,one,no,,0,no,,,,,,
9669323de5a9,Hyaon's Fury,Legion Sword,Standard,1,6,6,Current,one,no,Current,one,no,,0,no,,,,,,
3b4ff8d797c6,Edge of Madness,Etched Greatsword,Standard,1,4,4,Current,one,no,Current,one,no,,0,no,,,,,,
8cd9e3fa5edf,Oro's Sacrifice,Infernal Sword,Standard,1,3,3,Current,one,no,Current,one,no,,0,no,,,,,,
14af96a8a278,Dreamfeather,Eternal Sword,Standard,1,4,4,Current,one,no,Current,one,no,,0,no,,,,,,
a2b6357f82c5,Kondo's Pride,Ezomyte Blade,Standard,1,3,3,Current,one,no,Current,one,no,,0,no,,,,,,
8a59528f852f,Ichimonji,Corsair Sword,Standard,1,2,2,Current,one,no,Current,one,no,,0,no,,,,,,
e9aff6fb90c4,Innsbury Edge,Elder Sword,Standard,1,2,2,Current,one,no,Current,one,no,,0,no,,,,,,
e261e1e325fe,Scaeva,Gladius,Standard,1,3,3,Pre 3.29.0,one,no,Pre 3.29.0,one,no,,0,no,,,,,,
fd248737112c,Daresso's Passion,Estoc,Standard,1,2,2,Current,one,no,Current,one,no,,0,no,,,,,,
49e63c9da000,The Dancing Dervish,Reaver Sword,Standard,1,4,4,Current;Pre 3.17.0,several,yes,Current;Pre 3.17.0,several,yes,,0,no,,,,,,
8a308fc898c3,Fidelitas' Spike,Jagged Foil,Standard,1,3,3,,none,no,,none,no,,0,no,,,,,no-text-match,15% increased Critical Strike Chance
6263a891b373,Rebuke of the Vaal,Vaal Blade,Standard,1,4,4,Current,one,no,Current,one,no,,0,no,,,,,,
29ecb4030e51,The Goddess Bound,Whalebone Rapier,Standard,1,3,3,Current,one,no,Current,one,no,,0,no,,,,,,
9c06ede998b5,Bloodplay,Stiletto,Standard,1,2,2,Current,one,no,Current,one,no,,0,no,,,,,,
f3329509e595,Ungil's Gauche,Boot Knife,Standard,1,3,3,Current;Pre 1.1.0,several,yes,Current;Pre 1.1.0,several,yes,,0,no,,,,,,
5fd54cda6cb4,The Consuming Dark,Fiend Dagger,Standard,1,3,3,Current,one,no,Current,one,no,,0,no,,,,,,
bb42d34dab42,Heartbreaker,Royal Skean,Standard,1,3,3,Current,one,no,Current,one,no,,0,no,,,,,,
396567e2d3bd,Taproot,Ambusher,Standard,1,1,1,only,one,no,only,one,no,,0,no,,,,,,
d20c86740596,White Wind,Imperial Skean,Standard,1,3,3,,none,no,,none,no,,0,no,,,,,number-outside-range,30% increased Global Critical Strike Chance
5800e564c227,Mightflay,Flaying Knife,Standard,1,1,1,only,one,no,only,one,no,,0,no,,,,,,
cc10ad50de7d,Vulconus,Demon Dagger,Standard,1,2,2,,none,no,,none,no,,0,no,,,,,number-outside-range,40% increased Global Critical Strike Chance
e09b137523da,Le Heup of All,Iron Ring,Standard,1,2,2,Current,one,no,Current,one,no,,0,no,,,,,,
6f700b8cf97b,Romira's Banquet,Diamond Ring,Standard,1,3,3,Current,one,no,Current,one,no,,0,no,,,,,,
e3e124f80f91,Voideye,Unset Ring,Standard,1,1,1,only,one,no,only,one,no,,0,no,,,,,,
8a1fd3bed503,Timeclasp,Moonstone Ring,Standard,1,4,4,Current,one,no,Current,one,no,,0,no,,,,,,
6a017aadca40,Venopuncture,Iron Ring,Standard,1,1,1,,none,no,,none,no,,0,no,,,,,no-text-match,Attacks have 25% chance to cause Bleeding
eb60e83451d9,Circle of Anguish,Ruby Ring,Standard,1,7,28,,none,no,,none,no,,0,no,,,,,no-text-match,15% increased Global Physical Damage
2bc93d544109,Circle of Guilt,Iron Ring,Standard,1,7,28,,none,no,,none,no,,0,no,,,,,no-text-match,-14 Lightning Damage taken from Hits
4a7c38675af9,Gifts from Above,Diamond Ring,Standard,1,2,2,Current,one,no,Current,one,no,,0,no,,,,,,
a57357f9d15e,Snakepit,Sapphire Ring,Standard,1,2,2,Current,one,no,Current,one,no,,0,no,,,,,,
bed4f474fd83,Winterweave,Coral Ring,Standard,1,1,1,only,one,no,only,one,no,,0,no,,,,,,
ffa00c517ae4,Kikazaru,Topaz Ring,Standard,1,4,4,Current,one,no,Current,one,no,,0,no,,,,,,
4e5f37174be3,Circle of Regret,Topaz Ring,Standard,1,7,28,,none,no,,none,no,,0,no,,,,,no-text-match,+16 to Dexterity
b571abd4e5d0,Tasalio's Sign,Sapphire Ring,Standard,1,2,2,Current,one,no,Current,one,no,,0,no,,,,,,
0ac39686690d,Berek's Grip,Two-Stone Ring,Standard,1,3,3,Current,one,no,Current,one,no,,0,no,,,,,,
353c5c2db2e5,Praxis,Paua Ring,Standard,1,2,2,Pre 3.29.0,one,no,Pre 3.29.0,one,no,,0,no,,,,,,
96d16733766e,Sibyl's Lament,Coral Ring,Standard,1,5,5,Pre 3.28.0,one,no,Pre 3.28.0,one,no,,0,no,,,,,,
fabfd981d78d,Ming's Heart,Amethyst Ring,Standard,1,4,4,Current,one,no,Current,one,no,,0,no,,,,,,
f8a664d53b65,Valako's Sign,Topaz Ring,Standard,1,4,4,Pre 3.29.0,one,no,Pre 3.29.0,one,no,,0,no,,,,,,
85fd22cbb1f4,The Queller of Minds,Nameless Ring,Standard,1,1,1,only,one,no,only,one,no,,0,no,,,,,,
bd49bf2a95ef,Prospero's Protection,Iron Ring,Standard,1,1,1,only,one,no,only,one,no,,0,no,,,,,,
a808361b8b30,The Warden's Brand,Iron Ring,Standard,1,1,1,only,one,no,only,one,no,,0,no,,,,,,
47367ff5dd61,Rotblood Promise,Unset Ring,Standard,1,2,2,Current,one,no,Current,one,no,,0,no,,,,,,
c31e02a336f7,Essence Worm,Unset Ring,Standard,1,1,1,only,one,no,only,one,no,,0,no,,,,,,
c62c58410aa0,Tawhanuku's Timing,Moonstone Ring,Standard,1,2,2,Pre 3.29.0,one,no,Pre 3.29.0,one,no,,0,no,,,,,,
ab8e1812ad83,Storm Secret,Topaz Ring,Standard,1,1,1,only,one,no,only,one,no,,0,no,,,,,,
0aad6997b2bd,Doedre's Damning,Paua Ring,Standard,1,2,2,Current,one,no,Current,one,no,,0,no,,,,,,
fb0d293d698d,Mutewind Seal,Unset Ring,Standard,1,3,3,Pre 3.16.0,one,no,Pre 3.16.0,one,no,,0,no,,,,,,
95fd7a94d6cc,The Highwayman,Gold Ring,Standard,1,2,2,Current,one,no,Current,one,no,,0,no,,,,,,
93e74401dee1,Ngamahu's Sign,Ruby Ring,Standard,1,4,4,Pre 3.29.0,one,no,Pre 3.29.0,one,no,,0,no,,,,,,
5be9ad4b6147,The Selfish Shepherd,Nameless Ring,Standard,1,1,1,only,one,no,only,one,no,,0,no,,,,,,
a87a81f0f6a9,Enmity's Embrace,Vermillion Ring,Standard,1,1,1,only,one,no,only,one,no,,0,no,,,,,,
d97a1a1b83c8,Blackheart,Iron Ring,Standard,1,2,2,Current,one,no,Current,one,no,,0,no,,,,,,
b361e6381c63,Stormfire,Opal Ring,Standard,1,3,3,,none,no,,none,no,,0,yes,Attribute,20,,,no-text-match,Zealotry has 16% increased Aura Effect
880ec5f935a8,Grattus Signet,Diamond Ring,Standard,1,1,1,only,one,no,only,one,no,,0,no,,,,,,
2f69e40a2b9a,Ahkeli's Valley,Ruby Ring,Standard,1,1,1,only,one,no,only,one,no,,0,no,,,,,,
d1998000a2d9,Squirming Terror,Unset Ring,Standard,1,1,1,only,one,no,only,one,no,,0,no,,,,,,
52a51998b237,Ventor's Gamble,Gold Ring,Standard,1,2,2,,none,no,,none,no,,0,no,,,,,no-text-match,10% increased Mana Reservation Efficiency of Skills
7dd607b50f00,Lori's Lantern,Prismatic Ring,Standard,1,2,2,Current;Pre 1.0.0,several,yes,Current;Pre 1.0.0,several,yes,,0,no,,,,,,
1fa3b458ddd4,Mark of Submission,Unset Ring,Standard,1,1,1,only,one,no,only,one,no,,0,no,,,,,,
49ca846d6fec,Coiling Whisper,Amethyst Ring,Standard,1,1,1,only,one,no,only,one,no,,0,no,,,,,,
e2934379304a,Perandus Signet,Paua Ring,Standard,1,2,2,Current,one,no,Current,one,no,,0,no,,,,,,
2a13938143ad,Sentari's Answer,Brass Spirit Shield,Standard,1,3,3,Current,one,no,Current,one,no,,0,no,,,,,,
e264733002a1,Chernobog's Pillar,Ebony Tower Shield,Standard,1,4,4,Current,one,no,Current,one,no,,0,no,,,,,,
55d1ae4f8f28,Victario's Charity,Laminated Kite Shield,Standard,1,2,2,Current,one,no,Current,one,no,,0,no,,,,,,
79ba05d14738,Rise of the Phoenix,Mosaic Kite Shield,Standard,1,4,4,Current,one,no,Current,one,no,,0,no,,,,,,
eb80c40c8730,Lycosidae,Rawhide Tower Shield,Standard,1,2,2,Current,one,no,Current,one,no,,0,no,,,,,,
71e7c0278e37,Springleaf,Plank Kite Shield,Standard,1,5,5,Current,one,no,Current,one,no,,0,no,,,,,,
130643f13076,Matua Tupuna,Tarnished Spirit Shield,Standard,1,3,3,Current,one,no,Current,one,no,,0,no,,,,,,
8541c8d09d83,Kiloava's Bluster,Ironwood Buckler,Standard,1,1,1,only,one,no,only,one,no,,0,no,,,,,,
5f15cc12c514,Magna Eclipsis,Pinnacle Tower Shield,Standard,1,2,2,Current,one,no,Current,one,no,,0,no,,,,,,
ceab6149573c,Ahn's Heritage,Colossal Tower Shield,Standard,1,3,3,Current,one,no,Current,one,no,,0,no,,,,,,
6cf6936d869a,Emperor's Vigilance,Steel Kite Shield,Standard,1,2,2,Current,one,no,Current,one,no,,0,no,,,,,,
37aa85f81ff3,Qotra's Regulator,Sovereign Spiked Shield,Standard,1,1,1,only,one,no,only,one,no,,0,no,,,,,,
4a4cf2880ef5,The Eternal Apple,Chiming Spirit Shield,Standard,1,1,1,only,one,no,only,one,no,,0,no,,,,,,
edca667a8d3e,Crest of Perandus,Pine Buckler,Standard,1,3,3,Current,one,no,Current,one,no,,0,no,,,,,,
9119500142e5,Leper's Alms,Mirrored Spiked Shield,Standard,1,2,2,Current,one,no,Current,one,no,,0,no,,,,,,
4e92dcc2625f,Dawnbreaker,Colossal Tower Shield,Standard,1,1,1,only,one,no,only,one,no,,0,no,,,,,,
242290b29618,Doomfletch,Royal Bow,Standard,1,5,5,Current,one,no,Current,one,no,,0,no,,,,,,
1581e02f601c,The Crimson Storm,Steelwood Bow,Standard,1,2,2,Current,one,no,Current,one,no,,0,no,,,veiledMods,,,
fc3aa3801e1a,Silverbranch,Crude Bow,Standard,1,2,2,Current,one,no,Current,one,no,,0,no,,,,,,
366d8f5e2dfc,Slivertongue,Harbinger Bow,Standard,1,3,3,Current,one,no,Current,one,no,,0,no,,,,,,
47d0d0429c26,Chin Sol,Assassin Bow,Standard,1,7,7,Current,one,no,Current,one,no,,0,no,,,,,,
37e3f495fe42,Reach of the Council,Spine Bow,Standard,1,6,6,Current,one,no,Current,one,no,,0,no,,,,,,
88411c5024d8,Storm Cloud,Long Bow,Standard,1,2,2,Current,one,no,Current,one,no,,0,no,,,,,,
89e92c292c80,Debeon's Dirge,Despot Axe,Standard,1,1,1,only,one,no,only,one,no,,0,no,,,,,,
3d5245c40232,Wings of Entropy,Ezomyte Axe,Standard,1,6,6,Current,one,no,Current,one,no,,0,no,,,,,,
bd28af47d4c0,Dreadarc,Cleaver,Standard,1,1,1,only,one,no,only,one,no,,0,no,,,,,,
51acfbe8bd56,Hezmana's Bloodlust,Vaal Axe,Standard,1,2,2,Current,one,no,Current,one,no,,0,no,,,,,,
2fa3afd9cf2e,Sinvicta's Mettle,Ezomyte Axe,Standard,1,2,2,Current,one,no,Current,one,no,,0,no,,,,,,
762a31832207,Hyrri's Bite,Sharktooth Arrow Quiver,Standard,1,2,2,Current,one,no,Current,one,no,,0,no,,,,,,
d0b5c4199cf5,Craghead,Serrated Arrow Quiver,Standard,1,2,2,,none,no,,none,no,,0,no,,,,,no-text-match,Adds 1 to 4 Physical Damage to Attacks
9662968ed1e2,Maloney's Nightfall,Vile Arrow Quiver,Standard,1,3,3,Current,one,no,Current,one,no,,0,no,,,,,,
d8c8b057de93,The Poised Prism,Primal Arrow Quiver,Standard,1,1,1,only,one,no,only,one,no,,0,no,,,,,,
b6f1ea1f240b,Ahuana's Bite,Sharktooth Arrow Quiver,Standard,1,1,1,only,one,no,only,one,no,,0,no,,,,,,
252ccc80d3b1,Rearguard,Blunt Arrow Quiver,Standard,1,2,2,Current,one,no,Current,one,no,,0,no,,,,,,
8c4d836a5c9b,Maloney's Mechanism,Ornate Quiver,Standard,1,1,1,only,one,no,only,one,no,,0,no,,,,,,
66ffc5216837,Skirmish,Two-Point Arrow Quiver,Standard,1,1,1,,none,no,,none,no,,0,no,,,,,no-text-match,Attack Skills have +1 to maximum number of Summoned Totems
3316eb589134,Siegebreaker,Heavy Belt,Standard,1,1,1,only,one,no,only,one,no,,0,no,,,,,,
7418b8d6187e,Gluttony,Leather Belt,Standard,1,2,2,Current,one,no,Current,one,no,,0,no,,,,,,
30cb40b16b42,The Druggery,Cloth Belt,Standard,1,1,1,only,one,no,only,one,no,,0,no,,,,,,
6e4f641433d6,Perseverance,Vanguard Belt,Standard,1,2,2,Current,one,no,Current,one,no,,0,no,,,,,,
49bf6e57293b,Pyroshock Clasp,Leather Belt,Standard,1,1,1,only,one,no,only,one,no,,0,no,,,,,,
b3ffc5a03b66,Perandus Blazon,Cloth Belt,Standard,1,3,3,Current,one,no,Current,one,no,,0,no,,,,,,
28d26908bfaa,Meginord's Girdle,Heavy Belt,Standard,1,2,2,Current,one,no,Current,one,no,,0,no,,,,,,
5d986a773530,Ascent From Flesh,Chain Belt,Standard,1,3,3,Current,one,no,Current,one,no,,0,no,,,,,,
10c8d2222dcc,Bated Breath,Chain Belt,Standard,1,2,2,Current,one,no,Current,one,no,,0,no,,,,,,
e1e6efe9f9a6,Immortal Flesh,Leather Belt,Standard,1,4,4,Current,one,no,Current,one,no,,0,no,,,,,,
f3995ee7743a,Maligaro's Restraint,Chain Belt,Standard,1,1,1,only,one,no,only,one,no,,0,no,,,,,,
948ec3fdfef6,Ceinture of Benevolence,Cloth Belt,Standard,1,1,1,only,one,no,only,one,no,,0,no,,,,,,
d2b508d86c8d,Wurm's Molt,Leather Belt,Standard,1,2,2,Current,one,no,Current,one,no,,0,no,,,,,,
5fb667a7f240,Faminebind,Rustic Sash,Standard,1,1,1,only,one,no,only,one,no,,0,no,,,,,,
f4c6075e36dd,Nevalius Inheritance,Cloth Belt,Standard,1,1,1,only,one,no,only,one,no,,0,no,,,,,,
dc5f2878ba42,Cyclopean Coil,Leather Belt,Standard,1,1,1,only,one,no,only,one,no,,0,no,,,,,,
70fe4356ac05,The Arkhon's Tools,Cloth Belt,Standard,1,1,1,only,one,no,only,one,no,,0,no,,,,,,
402c9add2d81,Darkness Enthroned,Stygian Vise,Standard,1,3,3,Current,one,no,Current,one,no,,0,no,,,,,,
29c6ea1a77aa,Soul Tether,Cloth Belt,Standard,1,1,1,only,one,no,only,one,no,,0,no,,,,,,
b3f2ef751938,Survivor's Guilt,Heavy Belt,Standard,1,1,1,only,one,no,only,one,no,,0,no,,,,,,
27522a32e858,Belt of the Deceiver,Heavy Belt,Standard,1,2,2,Current,one,no,Current,one,no,,0,no,,,,,,
e79e78a19767,Dyadian Dawn,Heavy Belt,Standard,1,2,2,Current,one,no,Current,one,no,,0,no,,,,,,
808316471f68,Astramentis,Onyx Amulet,Standard,1,1,1,only,one,no,only,one,no,,0,no,,,,,,
163bf4165542,The Aylardex,Agate Amulet,Standard,1,2,2,Current,one,no,Current,one,no,,0,no,,,,,,
26eb24dc1297,Fury Valve,Turquoise Amulet,Standard,1,1,1,only,one,no,only,one,no,,0,no,,,,,,
5d06b523948a,Willowgift,Jade Amulet,Standard,1,1,1,only,one,no,only,one,no,,0,no,,,,,,
04a3ed5a2425,Blightwell,Clutching Talisman,Standard,1,3,3,Pre 3.29.0,one,no,Pre 3.29.0,one,no,,0,no,,,,,,
a3620c52009c,Maligaro's Cruelty,Turquoise Amulet,Standard,1,1,1,only,one,no,only,one,no,,0,no,,,,,,
2a8b39f92955,Tear of Purity,Lapis Amulet,Standard,1,3,3,Current,one,no,Current,one,no,,0,no,,,,,,
9c36a0e66d7b,The Ephemeral Bond,Lapis Amulet,Standard,1,1,1,,none,no,,none,no,,0,no,,,,,no-text-match,+1% to all maximum Resistances
539989cdb05a,The Ignomon,Gold Amulet,Standard,1,2,2,Current,one,no,Current,one,no,,0,no,,,,,,
697c1d4e3dbc,The Anvil,Amber Amulet,Standard,1,4,4,Current,one,no,Current,one,no,,0,no,,,,,,
29fea07cb702,Doedre's Tongue,Lapis Amulet,Standard,1,1,1,only,one,no,only,one,no,,0,no,,,,,,
61b124921d44,Daresso's Salute,Citrine Amulet,Standard,1,1,1,only,one,no,only,one,no,,0,no,,,,,,
0e06d7d59ee4,Hinekora's Sight,Onyx Amulet,Standard,1,3,3,Pre 3.37.0,one,no,Pre 3.37.0,one,no,,0,no,,,,,,
8a36ea8dd41c,Victario's Acuity,Turquoise Amulet,Standard,1,1,1,only,one,no,only,one,no,,0,no,,,,,,
85402f9acfc4,Hyrri's Truth,Jade Amulet,Standard,1,3,3,Current,one,no,Current,one,no,,0,no,,,,,,
c53be04c664a,Night's Hold,Black Maw Talisman,Standard,1,1,1,only,one,no,only,one,no,,0,no,,,,,,
b98eaf9b5753,Sidhebreath,Paua Amulet,Standard,1,4,4,,none,no,,none,no,,0,no,,,,,number-outside-range,Minions deal 26 to 50 additional Cold Damage
23ec6dd4df13,Bloodsoaked Medallion,Amber Amulet,Standard,1,1,1,only,one,no,only,one,no,,0,no,,,,,,
8464735ac8e9,Perquil's Toe,Gold Amulet,Standard,1,1,1,only,one,no,only,one,no,,0,no,,,,,,
0a894668e367,Carnage Heart,Onyx Amulet,Standard,1,2,2,Current,one,no,Current,one,no,,0,no,,,,,,
14a703d697ec,Karui Ward,Jade Amulet,Standard,1,2,2,Current,one,no,Current,one,no,,0,no,,,,,,
0ff3d39121cb,Eye of Chayula,Onyx Amulet,Standard,1,1,1,only,one,no,only,one,no,,0,no,,,,,,
13b247f04e7b,The Eternal Struggle,Onyx Amulet,Standard,1,1,1,,none,no,,none,no,,0,no,,,,,no-text-match,12% increased maximum Energy Shield
45892e6e33e1,The Felbog Fang,Citrine Amulet,Standard,1,2,2,Current,one,no,Current,one,no,,0,no,,,,,,
e817d13bc63c,Replica Dragonfang's Flight,Onyx Amulet,Standard,0,0,0,,unbound,no,,unbound,no,,0,no,,,,,,
929bd6f131d9,Retaliation Charm,Citrine Amulet,Standard,1,2,2,Current,one,no,Current,one,no,,0,no,,,,,,
b179db74a7c9,Marylene's Fallacy,Lapis Amulet,Standard,1,5,5,Current;Pre 2.6.0,several,yes,Current;Pre 2.6.0,several,yes,,0,no,,,,,,
a138ac36a1ca,Solstice Vigil,Onyx Amulet,Standard,1,2,2,Current,one,no,Current,one,no,,0,no,,,,,,
b4663fe50367,Shaper's Seed,Agate Amulet,Standard,1,3,3,,none,no,,none,no,,0,no,,,,,no-text-match,Grants Level 23 Purity of Lightning Skill
93b6b40ab0d0,Ikiaho's Promise,Coral Amulet,Standard,1,1,1,only,one,no,only,one,no,,0,no,,,,,,
275136ae1308,Eye of Innocence,Citrine Amulet,Standard,1,1,1,only,one,no,only,one,no,,0,no,,,,,,
ac96c3d10ad1,Ashes of the Stars,Onyx Amulet,Standard,1,2,2,Current,one,no,Current,one,no,,0,no,,,,,,
2b3f906d56e9,Warped Timepiece,Turquoise Amulet,Standard,1,3,3,Current,one,no,Current,one,no,,0,no,,,,,,
26f522cfe22c,Femurs of the Saints,Primordial Staff,Standard,1,4,4,Current,one,no,Current,one,no,,0,no,,,,,,
1d74a7e67e1f,Hegemony's Era,Judgement Staff,Standard,1,5,5,Current,one,no,Current,one,no,,0,no,,,,,,
aa18e2006d97,Realmshaper,Iron Staff,Standard,1,4,4,Pre 3.29.0,one,no,Pre 3.29.0,one,no,,0,no,,,,,,
c198843e2562,Soulwrest,Ezomyte Staff,Standard,1,4,4,Current,one,no,Current,one,no,,0,no,,,,,,
a8539d112980,Cane of Unravelling,Ezomyte Staff,Standard,1,5,5,Pre 3.29.0,one,no,Pre 3.29.0,one,no,,0,no,,,,,,
3656d32ad41a,Dying Breath,Iron Staff,Standard,1,3,3,Current,one,no,Current,one,no,,0,no,,,,,,
49405ade29ef,Taryn's Shiver,Maelström Staff,Standard,1,5,5,Pre 3.29.0,one,no,Pre 3.29.0,one,no,,0,no,,,,,,
1732d9e08306,The Grey Spire,Judgement Staff,Standard,1,4,4,Pre 3.29.0,one,no,Pre 3.29.0,one,no,,0,no,,,,,,
da5551d2ed06,Sire of Shards,Serpentine Staff,Standard,1,3,3,Current,one,no,Current,one,no,,0,no,,,,,,
6f581822610b,Agnerod North,Imperial Staff,Standard,1,3,3,Current,one,no,Current,one,no,,0,no,,,,,,
8fd282ac1ac6,The Annihilating Light,Quarterstaff,Standard,1,2,2,Current,one,no,Current,one,no,,0,no,,,,,,
4c968a6e34f2,Pillar of the Caged God,Iron Staff,Standard,1,3,3,Current,one,no,Current,one,no,,0,no,,,,,,
b6300bdb1bb1,Kongor's Undying Rage,Terror Maul,Standard,1,4,4,Current,one,no,Current,one,no,,0,no,,,,,,
b2968e14f187,Gorebreaker,Spiked Club,Standard,1,2,2,,none,no,,none,no,,0,no,,,,,no-text-match,Extra gore
911daedade53,Brightbeak,War Hammer,Standard,1,3,3,Current,one,no,Current,one,no,,0,no,,,,,,
d5f5cdabc86e,Death's Hand,Karui Sceptre,Standard,1,3,3,Current,one,no,Current,one,no,,0,no,,,,,,
1c0a922bc6c3,The Black Cane,Royal Sceptre,Standard,1,1,1,only,one,no,only,one,no,,0,no,,,,,,
eeca70f7c3aa,The Supreme Truth,Crystal Sceptre,Standard,1,4,4,Pre 2.28.0,one,no,Pre 2.28.0,one,no,,0,no,,,,,,
3a0949567778,Sign of the Sin Eater,Tyrant's Sekhem,Standard,1,1,1,only,one,no,only,one,no,,0,no,,,,,,
b330f46a9ff1,Doon Cuebiyari,Vaal Sceptre,Standard,1,2,2,Current,one,no,Current,one,no,,0,no,,,,,,
7be11ad2942f,Flesh-Eater,Dream Mace,Standard,1,2,2,Current,one,no,Current,one,no,,0,no,,,,,,
3f367a94b502,Lavianga's Wisdom,War Hammer,Standard,1,3,3,Current,one,no,Current,one,no,,0,no,,,,,,
1b0106caebda,Bitterdream,Shadow Sceptre,Standard,1,1,1,only,one,no,only,one,no,,0,no,,,,,,
0e8259ea6027,Cameria's Maul,Gavel,Standard,1,2,2,Current,one,no,Current,one,no,,0,no,,,,,,
55328bac5161,Mon'tregul's Grasp,Void Sceptre,Standard,1,5,5,Current,one,no,Current,one,no,,0,no,,,,,,
8d60b97604df,Tidebreaker,Imperial Maul,Standard,1,4,4,Pre 3.29.0,one,no,Pre 3.29.0,one,no,,0,no,,,,,,
783b2d6b470e,Geofri's Baptism,Brass Maul,Standard,1,2,2,Current,one,no,Current,one,no,,0,no,,,,,,
22c538ffc6f4,Debeon's Dirge,Despot Axe,Standard,1,1,1,only,one,no,only,one,no,,0,no,,,,,,
e19f596558b9,Darkray Vectors,Dragonscale Boots,Standard,1,3,3,Current,one,no,Current,one,no,,0,no,,,,,,
5dbe128fbda7,Wake of Destruction,Mesh Boots,Standard,1,3,3,Current,one,no,Current,one,no,,0,no,,,,,,
d53576c07161,Bubonic Trail,Murder Boots,Standard,1,4,4,One Abyssal Socket (Current),one,no,One Abyssal Socket (Current),one,no,,0,no,,,,,,
43cc34804917,Dying Breath,Iron Staff,Standard,1,3,3,Current,one,no,Current,one,no,,0,no,,,,,,
fd32ec22a925,Femurs of the Saints,Primordial Staff,Standard,1,4,4,Current,one,no,Current,one,no,,0,no,,,,,,
be0eb487b819,Pillar of the Caged God,Iron Staff,Standard,1,3,3,Current,one,no,Current,one,no,,0,no,,,,,,
c425410892d5,Cameria's Maul,Gavel,Standard,1,2,2,Current,one,no,Current,one,no,,0,no,,,,,,
3f150e9e40cd,Bitterdream,Shadow Sceptre,Standard,1,1,1,only,one,no,only,one,no,,0,no,,,,,,
1562cab95258,Death's Hand,Karui Sceptre,Standard,1,3,3,Current;Pre 3.7.0,several,yes,Current;Pre 3.7.0,several,yes,,0,no,,,,,,
26e8383c8aea,Tabula Rasa,Simple Robe,Standard,1,1,1,,none,no,,none,no,,0,no,,,,,no-text-match,+2 to Level of Socketed Aura Gems
cbe3eabeccc6,Zahndethus' Cassock,Sage's Robe,Standard,1,4,4,Current,one,no,Current,one,no,,0,no,,,,,,
d64264d1af57,Icetomb,Latticed Ringmail,Standard,1,3,3,Current,one,no,Current,one,no,,0,no,,,,,,
f87cf535d624,The Beast Fur Shawl,Vaal Regalia,Standard,1,3,3,Current,one,no,Current,one,no,,0,no,,,,,,
82ad2867cd6c,Cloak of Flame,Scholar's Robe,Standard,1,2,2,Current,one,no,Current,one,no,,0,no,,,,,,
b1bfcbeb294c,Cherrubim's Maleficence,Triumphant Lamellar,Standard,1,3,3,Current,one,no,Current,one,no,,0,no,,,,,,
220e93012fe5,Soul Mantle,Spidersilk Robe,Standard,1,5,5,Current,one,no,Current,one,no,,0,no,,,,,,
ca05e7cf76ec,Victario's Influence,Lacquered Garb,Standard,1,2,2,Current,one,no,Current,one,no,,0,no,,,,,,
beacc9c9b071,Carcass Jack,Varnished Coat,Standard,1,3,3,Current,one,no,Current,one,no,,0,no,,,,,,
40e555b78020,Ambu's Charge,Crusader Chainmail,Standard,1,5,5,Current,one,no,Current,one,no,,0,no,,,,,,
da32aaf5be95,Allure,Vaal Claw,Standard,1,2,2,Current,one,no,Current,one,no,,0,no,,,,,,
913e92c1d9d6,Al Dhih,Timeworn Claw,Standard,1,6,6,Current,one,no,Current,one,no,,0,no,,,,,,
edac28e7e6ee,Kondo's Pride,Ezomyte Blade,Standard,1,3,3,Current,one,no,Current,one,no,,0,no,,,,,,
5ae943940469,Rebuke of the Vaal,Vaal Blade,Standard,1,4,4,Current,one,no,Current,one,no,,0,no,,,,,,
ad89bbdf01ba,The Princess,Sabre,Standard,1,2,2,Current,one,no,Current,one,no,,0,no,,,,,,
1b62dd049404,Oro's Sacrifice,Infernal Sword,Standard,1,3,3,Current,one,no,Current,one,no,,0,no,,,,,,
fb27cb63b570,Bloodplay,Stiletto,Standard,1,2,2,Current,one,no,Current,one,no,,0,no,,,,,,
94bab80cb095,Twyzel,Sage Wand,Standard,1,3,3,Pre 2.27.0,one,no,Pre 2.27.0,one,no,,0,no,,,,,,
2ba68670612d,Careful Planning,Viridian Jewel,Standard,1,2,2,Current;Pre 3.20.0,several,yes,Current;Pre 3.20.0,several,yes,,0,no,,,,,,
e23bf8388c4c,Kitava's Thirst,Zealot Helmet,Standard,1,2,2,Current,one,no,Current,one,no,,0,no,,,,,,
edd84239e29f,The Dark Monarch,Lich's Circlet,Standard,1,16,16,Raised Spiders,one,no,Raised Spiders,one,no,,0,no,,,,,,
8895ee839f9f,Eber's Unification,Hubris Circlet,Standard,1,1,1,,none,no,,none,no,,0,no,,,,,number-outside-range,161% increased Energy Shield
b2f8866c912f,Leer Cast,Festival Mask,Standard,1,2,2,Current,one,no,Current,one,no,,0,no,,,,,,
fbe44a452234,Heatshiver,Leather Hood,Standard,1,4,4,Current,one,no,Current,one,no,,0,no,,,,,,
e9409f7b04b7,The Gull,Raven Mask,Standard,1,4,4,Pre 3.0.0;Pre 3.29.0,several,no,Pre 3.0.0;Pre 3.29.0,several,no,,0,no,,,,,,
cded0cd70956,Howlcrack,Ezomyte Burgonet,Standard,1,1,1,only,one,no,only,one,no,,0,no,,,,,,
20bf422b2827,Speaker's Wreath,Prophet Crown,Standard,1,1,1,only,one,no,only,one,no,,0,no,,,,,,
b5f0deacc0a7,Eye of Malice,Callous Mask,Standard,1,1,1,only,one,no,only,one,no,,0,no,,,,,,
e9c5e3718f5c,The Broken Crown,Prophet Crown,Standard,1,3,3,Current,one,no,Current,one,no,,0,no,,,,,,
516ec16d9901,Starkonja's Head,Silken Hood,Standard,1,2,2,Current,one,no,Current,one,no,,0,no,,,,,,
f7f91b3ba91f,Goldrim,Leather Cap,Standard,1,1,1,only,one,no,only,one,no,,0,no,,,,,,
285000816a40,Hrimsorrow,Goathide Gloves,Standard,1,3,3,,none,no,,none,no,,0,no,,,,,no-text-match,Curse Enemies with Elemental Weakness on Hit
bdcc292e8a14,Vixen's Entrapment,Embroidered Gloves,Standard,1,1,1,only,one,no,only,one,no,,0,no,,,,,,
bbaab05191e4,Stormseeker,Ambush Mitts,Standard,1,1,1,only,one,no,only,one,no,,0,no,,,,,,
eb8d4d2b161e,The Embalmer,Carnal Mitts,Standard,1,1,1,only,one,no,only,one,no,,0,no,,,,,,
cf930cbc668b,Aurseize,Steelscale Gauntlets,Standard,1,1,1,only,one,no,only,one,no,,0,no,,,,,,
6a3416bf2cb2,Algor Mortis,Carnal Mitts,Standard,1,1,1,only,one,no,only,one,no,,0,no,,,,,,
173f35c336db,Southbound,Soldier Gloves,Standard,1,3,3,Current,one,no,Current,one,no,,0,no,,,,,,
2476c7a931a4,Shaper's Touch,Crusader Gloves,Standard,1,4,4,,none,no,,none,no,,0,no,,,,,no-text-match,Curse Enemies with Vulnerability on Hit
c4eae20351ec,Victario's Charity,Laminated Kite Shield,Standard,1,2,2,Current,one,no,Current,one,no,,0,no,,,,,,
fdebc320a76c,Emperor's Vigilance,Steel Kite Shield,Standard,1,2,2,Current,one,no,Current,one,no,,0,no,,,,,,
b943b1cadece,Sentari's Answer,Brass Spirit Shield,Standard,1,3,3,Current,one,no,Current,one,no,,0,no,,,,,,
fc249f1a1e8a,Matua Tupuna,Tarnished Spirit Shield,Standard,1,3,3,Current,one,no,Current,one,no,,0,no,,,,,,
3cc06787be5b,Skirmish,Two-Point Arrow Quiver,Standard,1,1,1,,none,no,,none,no,,0,no,,,,,no-text-match,Attack Skills have +1 to maximum number of Summoned Totems
1d0215536ea4,Ahuana's Bite,Sharktooth Arrow Quiver,Standard,1,1,1,only,one,no,only,one,no,,0,no,,,,,,
70de55a52ea7,The Poised Prism,Primal Arrow Quiver,Standard,1,1,1,only,one,no,only,one,no,,0,no,,,,,,
c90904613aa7,Hyrri's Bite,Sharktooth Arrow Quiver,Standard,1,2,2,Current,one,no,Current,one,no,,0,no,,,,,,
7105252676b0,Perquil's Toe,Gold Amulet,Standard,1,1,1,only,one,no,only,one,no,,0,no,,,,,,
dd85ce1a883c,The Eternal Struggle,Onyx Amulet,Standard,1,1,1,,none,no,,none,no,,0,no,,,,,no-text-match,24% increased Energy Shield Recharge Rate
3d13b61a1626,Sidhebreath,Paua Amulet,Standard,1,4,4,Current,one,no,Current,one,no,,0,no,,,,,,
39ad76478d26,Hinekora's Sight,Onyx Amulet,Standard,1,3,3,Pre 3.37.0,one,no,Pre 3.37.0,one,no,,0,no,,,,,,
c826f84d01c5,Willowgift,Jade Amulet,Standard,1,1,1,only,one,no,only,one,no,,0,no,,,,,,
4939b66bf791,Victario's Acuity,Turquoise Amulet,Standard,1,1,1,only,one,no,only,one,no,,0,no,,,,,,
5a774c113347,Shaper's Seed,Agate Amulet,Standard,1,3,3,Current,one,no,Current,one,no,,0,no,,,,,,
0150abfaba3f,Tear of Purity,Lapis Amulet,Standard,1,3,3,Current,one,no,Current,one,no,,0,no,,,,,,
0bb094c3e2aa,Fury Valve,Turquoise Amulet,Standard,1,1,1,only,one,no,only,one,no,,0,no,,,,,,
9ad5a790c93c,Warped Timepiece,Turquoise Amulet,Standard,1,3,3,Current,one,no,Current,one,no,,0,no,,,,,,
7976b964aee7,The Aylardex,Agate Amulet,Standard,1,2,2,Current,one,no,Current,one,no,,0,no,,,,,,
88d2654a0a0b,Hyrri's Truth,Jade Amulet,Standard,1,3,3,Current,one,no,Current,one,no,,0,no,,,,,,
9cc16425409e,Replica Dragonfang's Flight,Onyx Amulet,Standard,0,0,0,,unbound,no,,unbound,no,,0,no,,,,,,
2771ce725cd2,Retaliation Charm,Citrine Amulet,Standard,1,2,2,Current,one,no,Current,one,no,,0,no,,,,,,
a39eb6c4666e,Karui Ward,Jade Amulet,Standard,1,2,2,Current,one,no,Current,one,no,,0,no,,,,,,
99501426d2a1,Belt of the Deceiver,Heavy Belt,Standard,1,2,2,Current,one,no,Current,one,no,,0,no,,,,,,
4d108ff88c02,Perandus Blazon,Cloth Belt,Standard,1,3,3,Current,one,no,Current,one,no,,0,no,,,,,,
807d24419168,Darkness Enthroned,Stygian Vise,Standard,1,3,3,Current,one,no,Current,one,no,,0,no,,,,,,
aafef4ce0707,The Druggery,Cloth Belt,Standard,1,1,1,only,one,no,only,one,no,,0,no,,,,,,
89cc0b09dc7e,Ceinture of Benevolence,Cloth Belt,Standard,1,1,1,only,one,no,only,one,no,,0,no,,,,,,
a416382cff27,Perseverance,Vanguard Belt,Standard,1,2,2,Current,one,no,Current,one,no,,0,no,,,,,,
f7906f66d35e,Doedre's Damning,Paua Ring,Standard,1,2,2,Current,one,no,Current,one,no,,0,no,,,,,,
44680c59918b,Sibyl's Lament,Coral Ring,Standard,1,5,5,Pre 3.28.0,one,no,Pre 3.28.0,one,no,,0,no,,,,,,
7c133eca34d6,Valako's Sign,Topaz Ring,Standard,1,4,4,Pre 3.29.0,one,no,Pre 3.29.0,one,no,,0,no,,,,,,
b8db1c75d945,Grattus Signet,Diamond Ring,Standard,1,1,1,only,one,no,only,one,no,,0,no,,,,,,
a27012783ef9,Lori's Lantern,Prismatic Ring,Standard,1,2,2,Current;Pre 1.0.0,several,yes,Current;Pre 1.0.0,several,yes,,0,no,,,,,,
9a382edb1f40,Romira's Banquet,Diamond Ring,Standard,1,3,3,Current,one,no,Current,one,no,,0,no,,,,,,
c8ebd849aa6c,Timeclasp,Moonstone Ring,Standard,1,4,4,,none,no,,none,no,,0,no,,,,,no-text-match,16% increased Skill Effect Duration
0d7c61c1bdbd,Mark of Submission,Unset Ring,Standard,1,1,1,only,one,no,only,one,no,,0,no,,,,,,
583605a14321,Kikazaru,Topaz Ring,Standard,1,4,4,Current,one,no,Current,one,no,,0,no,,,,,,
b9645e5555a0,Storm Secret,Topaz Ring,Standard,1,1,1,only,one,no,only,one,no,,0,no,,,,,,
8fab6b11b7db,Perandus Signet,Paua Ring,Standard,1,2,2,Current,one,no,Current,one,no,,0,no,,,,,,
5ef5b945ac6b,Silverbranch,Crude Bow,Standard,1,2,2,Current,one,no,Current,one,no,,0,no,,,,,,
35803c64089e,Chin Sol,Assassin Bow,Standard,1,7,7,Current,one,no,Current,one,no,,0,no,,,,,,
f59d2257b950,Poorjoy's Asylum,Map (Tier 16),Standard,0,0,0,,unbound,no,,unbound,no,,0,no,,,,,,
bb65c45beea5,Poorjoy's Asylum,Map (Tier 16),Standard,0,0,0,,unbound,no,,unbound,no,,0,no,,,,,,
f499482ff489,Olmec's Sanctum,Map (Tier 16),Standard,0,0,0,,unbound,no,,unbound,no,,0,no,,,,,,
b36d1e7a47d4,Olmec's Sanctum,Map (Tier 16),Standard,0,0,0,,unbound,no,,unbound,no,,0,no,,,,,,
54371a94d80e,Augmented Distant Memory,Map (Tier 10),Standard,0,0,0,,unbound,no,,unbound,no,,0,no,,,,,,
7499d53874fe,Vaults of Atziri,Map (Tier 16),Standard,0,0,0,,unbound,no,,unbound,no,,0,no,,,,,,
cb83c2bf5044,Vaults of Atziri,Map (Tier 16),Standard,0,0,0,,unbound,no,,unbound,no,,0,no,,,,,,
e7eca4b89cd6,Vaults of Atziri,Map (Tier 16),Standard,0,0,0,,unbound,no,,unbound,no,,0,no,,,,,,
b4aae6fdaa66,Vaults of Atziri,Map (Tier 16),Standard,0,0,0,,unbound,no,,unbound,no,,0,no,,,,,,
41155aac6e59,The Coward's Trial,Map (Tier 16),Standard,0,0,0,,unbound,no,,unbound,no,,0,no,,,,,,
ae7b085b786f,The Coward's Trial,Map (Tier 16),Standard,0,0,0,,unbound,no,,unbound,no,,0,no,,,,,,
0f9433575d19,The Coward's Trial,Map (Tier 16),Standard,0,0,0,,unbound,no,,unbound,no,,0,no,,,,,,
ba921cd91940,Olmec's Sanctum,Map (Tier 14),Standard,0,0,0,,unbound,no,,unbound,no,,0,no,,,,,,
48cc9151bcdd,Olmec's Sanctum,Map (Tier 14),Standard,0,0,0,,unbound,no,,unbound,no,,0,no,,,,,,
372c412c9761,Whakawairua Tuahu,Map (Tier 16),Standard,0,0,0,,unbound,no,,unbound,no,,0,no,,,,,,
dd7015c2065b,Whakawairua Tuahu,Map (Tier 16),Standard,0,0,0,,unbound,no,,unbound,no,,0,no,,,,,,
563185a1389d,Whakawairua Tuahu,Map (Tier 16),Standard,0,0,0,,unbound,no,,unbound,no,,0,no,,,,,,
ad037a54d34d,Whakawairua Tuahu,Map (Tier 16),Standard,0,0,0,,unbound,no,,unbound,no,,0,no,,,,,,
1490511e961f,Whakawairua Tuahu,Map (Tier 16),Standard,0,0,0,,unbound,no,,unbound,no,,0,no,,,,,,
42bca009a6a6,Whakawairua Tuahu,Map (Tier 16),Standard,0,0,0,,unbound,no,,unbound,no,,0,no,,,,,,
6e680bf90115,Whakawairua Tuahu,Map (Tier 16),Standard,0,0,0,,unbound,no,,unbound,no,,0,no,,,,,,
1872f7b2afb5,Acton's Nightmare,Map (Tier 11),Standard,0,0,0,,unbound,no,,unbound,no,,0,no,,,,,,
48a2490232f9,Altered Distant Memory,Map (Tier 10),Standard,0,0,0,,unbound,no,,unbound,no,,0,no,,,,,,
a55191636e54,Whakawairua Tuahu,Map (Tier 14),Standard,0,0,0,,unbound,no,,unbound,no,,0,no,,,,,,
db41fbf3f235,Whakawairua Tuahu,Map (Tier 14),Standard,0,0,0,,unbound,no,,unbound,no,,0,no,,,,,,
3d5e62b4b4b6,Whakawairua Tuahu,Map (Tier 14),Standard,0,0,0,,unbound,no,,unbound,no,,0,no,,,,,,
328cba0d9807,Whakawairua Tuahu,Map (Tier 14),Standard,0,0,0,,unbound,no,,unbound,no,,0,no,,,,,,
583c57f4eea4,Whakawairua Tuahu,Map (Tier 14),Standard,0,0,0,,unbound,no,,unbound,no,,0,no,,,,,,
c99fb0b01f99,Acton's Nightmare,Map (Tier 4),Standard,0,0,0,,unbound,no,,unbound,no,,0,no,,,,,,
7ad07fd54b22,Acton's Nightmare,Map (Tier 4),Standard,0,0,0,,unbound,no,,unbound,no,,0,no,,,,,,
509ceae6c685,Acton's Nightmare,Map (Tier 4),Standard,0,0,0,,unbound,no,,unbound,no,,0,no,,,,,,
eb7df5f9ca85,Acton's Nightmare,Map (Tier 4),Standard,0,0,0,,unbound,no,,unbound,no,,0,no,,,,,,
95e4ed6478c5,Oba's Cursed Trove,Map (Tier 1),Standard,0,0,0,,unbound,no,,unbound,no,,0,no,,,,,,
04d2f3653490,Oba's Cursed Trove,Map (Tier 1),Standard,0,0,0,,unbound,no,,unbound,no,,0,no,,,,,,
a4e299309157,Oba's Cursed Trove,Map (Tier 1),Standard,0,0,0,,unbound,no,,unbound,no,,0,no,,,,,,
6fdd17665320,Oba's Cursed Trove,Map (Tier 1),Standard,0,0,0,,unbound,no,,unbound,no,,0,no,,,,,,
a271db4bc424,Hallowed Ground,Map (Tier 4),Standard,0,0,0,,unbound,no,,unbound,no,,0,no,,,,,,
a7be17515182,Hallowed Ground,Map (Tier 4),Standard,0,0,0,,unbound,no,,unbound,no,,0,no,,,,,,
767ef512475d,Hallowed Ground,Map (Tier 4),Standard,0,0,0,,unbound,no,,unbound,no,,0,no,,,,,,
b2d433abbacf,Hallowed Ground,Map (Tier 4),Standard,0,0,0,,unbound,no,,unbound,no,,0,no,,,,,,
c85c92081dfe,Hallowed Ground,Map (Tier 4),Standard,0,0,0,,unbound,no,,unbound,no,,0,no,,,,,,
9c67aa5a5e92,Olmec's Sanctum,Map (Tier 7),Standard,0,0,0,,unbound,no,,unbound,no,,0,no,,,,,,
bff99507f333,Olmec's Sanctum,Map (Tier 7),Standard,0,0,0,,unbound,no,,unbound,no,,0,no,,,,,,
ffd065c53c7a,Olmec's Sanctum,Map (Tier 7),Standard,0,0,0,,unbound,no,,unbound,no,,0,no,,,,,,
b96de6472ae2,Olmec's Sanctum,Map (Tier 7),Standard,0,0,0,,unbound,no,,unbound,no,,0,no,,,,,,
fe67beff2116,Death and Taxes,Map (Tier 3),Standard,0,0,0,,unbound,no,,unbound,no,,0,no,,,,,,
c8d3d637d98d,Death and Taxes,Map (Tier 3),Standard,0,0,0,,unbound,no,,unbound,no,,0,no,,,,,,
89d28e4182fb,Death and Taxes,Map (Tier 3),Standard,0,0,0,,unbound,no,,unbound,no,,0,no,,,,,,
3742ae765fc7,The Putrid Cloister,Map (Tier 2),Standard,0,0,0,,unbound,no,,unbound,no,,0,no,,,,,,
4a7c66b7fd63,The Putrid Cloister,Map (Tier 2),Standard,0,0,0,,unbound,no,,unbound,no,,0,no,,,,,,
a694d2ed66e3,The Twilight Temple,Map (Tier 3),Standard,0,0,0,,unbound,no,,unbound,no,,0,no,,,,,,
42d72ec397ab,"Caer Blaidd, Wolfpack's Den",Map (Tier 12),Standard,0,0,0,,unbound,no,,unbound,no,,0,no,,,,,,
11ee0d6db40d,"Caer Blaidd, Wolfpack's Den",Map (Tier 12),Standard,0,0,0,,unbound,no,,unbound,no,,0,no,,,,,,
488a9d2ed549,"Caer Blaidd, Wolfpack's Den",Map (Tier 12),Standard,0,0,0,,unbound,no,,unbound,no,,0,no,,,,,,
2136cdf1c137,Acton's Nightmare,Map (Tier 16),Standard,0,0,0,,unbound,no,,unbound,no,,0,no,,,,,,
3698c16a37ed,Acton's Nightmare,Map (Tier 16),Standard,0,0,0,,unbound,no,,unbound,no,,0,no,,,,,,
304dbee11f76,Acton's Nightmare,Map (Tier 16),Standard,0,0,0,,unbound,no,,unbound,no,,0,no,,,,,,
ad3f6ca5e646,Acton's Nightmare,Map (Tier 16),Standard,0,0,0,,unbound,no,,unbound,no,,0,no,,,,,,
3fc963285988,Acton's Nightmare,Map (Tier 16),Standard,0,0,0,,unbound,no,,unbound,no,,0,no,,,,,,
efbef549e15b,Acton's Nightmare,Map (Tier 16),Standard,0,0,0,,unbound,no,,unbound,no,,0,no,,,,,,
af946298c1b1,Acton's Nightmare,Map (Tier 16),Standard,0,0,0,,unbound,no,,unbound,no,,0,no,,,,,,
5e40d3b6002d,Acton's Nightmare,Map (Tier 16),Standard,0,0,0,,unbound,no,,unbound,no,,0,no,,,,,,
618aa52e147b,Acton's Nightmare,Map (Tier 16),Standard,0,0,0,,unbound,no,,unbound,no,,0,no,,,,,,
037c886af891,Vaults of Atziri,Map (Tier 12),Standard,0,0,0,,unbound,no,,unbound,no,,0,no,,,,,,
d7dd078dad8f,Vaults of Atziri,Map (Tier 12),Standard,0,0,0,,unbound,no,,unbound,no,,0,no,,,,,,
47ca7d3d228d,"Caer Blaidd, Wolfpack's Den",Map (Tier 16),Standard,0,0,0,,unbound,no,,unbound,no,,0,no,,,,,,
c565c69ed2e4,"Caer Blaidd, Wolfpack's Den",Map (Tier 16),Standard,0,0,0,,unbound,no,,unbound,no,,0,no,,,,,,
3055a91a0c5c,"Caer Blaidd, Wolfpack's Den",Map (Tier 16),Standard,0,0,0,,unbound,no,,unbound,no,,0,no,,,,,,
cb43a0a2fa33,Hallowed Ground,Map (Tier 16),Standard,0,0,0,,unbound,no,,unbound,no,,0,no,,,,,,
18042e5c5bf3,Hallowed Ground,Map (Tier 16),Standard,0,0,0,,unbound,no,,unbound,no,,0,no,,,,,,
e170e608f05c,Hallowed Ground,Map (Tier 16),Standard,0,0,0,,unbound,no,,unbound,no,,0,no,,,,,,
2e1e586b880b,Maelström of Chaos,Map (Tier 16),Standard,0,0,0,,unbound,no,,unbound,no,,0,no,,,,,,
1b006cd56ecd,Maelström of Chaos,Map (Tier 16),Standard,0,0,0,,unbound,no,,unbound,no,,0,no,,,,,,
111c9108ac87,Maelström of Chaos,Map (Tier 16),Standard,0,0,0,,unbound,no,,unbound,no,,0,no,,,,,,
b796a3ec0507,Maelström of Chaos,Map (Tier 16),Standard,0,0,0,,unbound,no,,unbound,no,,0,no,,,,,,
a688dfe8733b,Maelström of Chaos,Map (Tier 16),Standard,0,0,0,,unbound,no,,unbound,no,,0,no,,,,,,
1e3dd8b1ee41,Maelström of Chaos,Map (Tier 6),Standard,0,0,0,,unbound,no,,unbound,no,,0,no,,,,,,
a35007649aad,Maelström of Chaos,Map (Tier 6),Standard,0,0,0,,unbound,no,,unbound,no,,0,no,,,,,,
82c6ad5149f0,Maelström of Chaos,Map (Tier 6),Standard,0,0,0,,unbound,no,,unbound,no,,0,no,,,,,,
80742cc64f92,Maelström of Chaos,Map (Tier 6),Standard,0,0,0,,unbound,no,,unbound,no,,0,no,,,,,,
3719d1046342,Maelström of Chaos,Map (Tier 6),Standard,0,0,0,,unbound,no,,unbound,no,,0,no,,,,,,
4a38d3b08972,Maelström of Chaos,Map (Tier 6),Standard,0,0,0,,unbound,no,,unbound,no,,0,no,,,,,,
49a56950fa27,Mao Kun,Map (Tier 5),Standard,0,0,0,,unbound,no,,unbound,no,,0,no,,,,,,
fc6e2412691e,Mao Kun,Map (Tier 5),Standard,0,0,0,,unbound,no,,unbound,no,,0,no,,,,,,
6fb866e7f92f,Mao Kun,Map (Tier 5),Standard,0,0,0,,unbound,no,,unbound,no,,0,no,,,,,,
74d5f92e4117,Mao Kun,Map (Tier 5),Standard,0,0,0,,unbound,no,,unbound,no,,0,no,,,,,,
0777e0c0f0be,Mao Kun,Map (Tier 5),Standard,0,0,0,,unbound,no,,unbound,no,,0,no,,,,,,
a2dca0c0f93f,Oba's Cursed Trove,Map (Tier 16),Standard,0,0,0,,unbound,no,,unbound,no,,0,no,,,,,,
0acaf18fb760,Oba's Cursed Trove,Map (Tier 16),Standard,0,0,0,,unbound,no,,unbound,no,,0,no,,,,,,
0d624dc0d651,Oba's Cursed Trove,Map (Tier 16),Standard,0,0,0,,unbound,no,,unbound,no,,0,no,,,,,,
062808e427f9,Oba's Cursed Trove,Map (Tier 16),Standard,0,0,0,,unbound,no,,unbound,no,,0,no,,,,,,
6a972fe1b04c,Oba's Cursed Trove,Map (Tier 16),Standard,0,0,0,,unbound,no,,unbound,no,,0,no,,,,,,
71a374c2b550,Pillars of Arun,Map (Tier 16),Standard,0,0,0,,unbound,no,,unbound,no,,0,no,,,,,,
fa6d55cadaaf,Pillars of Arun,Map (Tier 16),Standard,0,0,0,,unbound,no,,unbound,no,,0,no,,,,,,
a44d18bdd3cb,Pillars of Arun,Map (Tier 16),Standard,0,0,0,,unbound,no,,unbound,no,,0,no,,,,,,
d7895fc8a314,Pillars of Arun,Map (Tier 16),Standard,0,0,0,,unbound,no,,unbound,no,,0,no,,,,,,
9d4304139e65,Pillars of Arun,Map (Tier 16),Standard,0,0,0,,unbound,no,,unbound,no,,0,no,,,,,,
1558ea526a22,Pillars of Arun,Map (Tier 16),Standard,0,0,0,,unbound,no,,unbound,no,,0,no,,,,,,
bbb412409d75,Pillars of Arun,Map (Tier 16),Standard,0,0,0,,unbound,no,,unbound,no,,0,no,,,,,,
45b494a31c5b,Poorjoy's Asylum,Map (Tier 4),Standard,0,0,0,,unbound,no,,unbound,no,,0,no,,,,,,
873662067c95,Poorjoy's Asylum,Map (Tier 4),Standard,0,0,0,,unbound,no,,unbound,no,,0,no,,,,,,
07e53f81f360,Poorjoy's Asylum,Map (Tier 4),Standard,0,0,0,,unbound,no,,unbound,no,,0,no,,,,,,
09e75861b0f8,Poorjoy's Asylum,Map (Tier 4),Standard,0,0,0,,unbound,no,,unbound,no,,0,no,,,,,,
8b9969d59b72,Poorjoy's Asylum,Map (Tier 4),Standard,0,0,0,,unbound,no,,unbound,no,,0,no,,,,,,
e575155ac618,Mao Kun,Map (Tier 16),Standard,0,0,0,,unbound,no,,unbound,no,,0,no,,,,,,
d25c680f84fe,Mao Kun,Map (Tier 16),Standard,0,0,0,,unbound,no,,unbound,no,,0,no,,,,,,
7965ea5b6bbc,Mao Kun,Map (Tier 16),Standard,0,0,0,,unbound,no,,unbound,no,,0,no,,,,,,
a01f00fd5c31,Mao Kun,Map (Tier 16),Standard,0,0,0,,unbound,no,,unbound,no,,0,no,,,,,,
d3ede6bb9be7,Mao Kun,Map (Tier 16),Standard,0,0,0,,unbound,no,,unbound,no,,0,no,,,,,,
97fafb028bd9,Mao Kun,Map (Tier 16),Standard,0,0,0,,unbound,no,,unbound,no,,0,no,,,,,,
15da70f5c405,Death and Taxes,Map (Tier 16),Standard,0,0,0,,unbound,no,,unbound,no,,0,no,,,,,,
3673f47e1503,Death and Taxes,Map (Tier 16),Standard,0,0,0,,unbound,no,,unbound,no,,0,no,,,,,,
0cb81ff649d1,Pillars of Arun,Map (Tier 10),Standard,0,0,0,,unbound,no,,unbound,no,,0,no,,,,,,
4a051ce192f8,Pillars of Arun,Map (Tier 10),Standard,0,0,0,,unbound,no,,unbound,no,,0,no,,,,,,
0354c6afad88,Pillars of Arun,Map (Tier 10),Standard,0,0,0,,unbound,no,,unbound,no,,0,no,,,,,,
aae5c44dbbc6,Pillars of Arun,Map (Tier 10),Standard,0,0,0,,unbound,no,,unbound,no,,0,no,,,,,,
eaf445ae4179,Pillars of Arun,Map (Tier 10),Standard,0,0,0,,unbound,no,,unbound,no,,0,no,,,,,,
a6bb46019e3b,Pillars of Arun,Map (Tier 10),Standard,0,0,0,,unbound,no,,unbound,no,,0,no,,,,,,
1425185f5a38,Pillars of Arun,Map (Tier 10),Standard,0,0,0,,unbound,no,,unbound,no,,0,no,,,,,,
ae77c8ea027e,Hall of Grandmasters,Map (Tier 5),Standard,0,0,0,,unbound,no,,unbound,no,,0,no,,,,,,
a40c75a3a3a3,Hall of Grandmasters,Map (Tier 5),Standard,0,0,0,,unbound,no,,unbound,no,,0,no,,,,,,
81839b2fc493,Hall of Grandmasters,Map (Tier 5),Standard,0,0,0,,unbound,no,,unbound,no,,0,no,,,,,,
dbb1b8b510d0,Hall of Grandmasters,Map (Tier 5),Standard,0,0,0,,unbound,no,,unbound,no,,0,no,,,,,,
8e962f513f3b,Death and Taxes,Map (Tier 10),Standard,0,0,0,,unbound,no,,unbound,no,,0,no,,,,,,
b350e0d97eee,Whakawairua Tuahu,Map (Tier 14),Standard,0,0,0,,unbound,no,,unbound,no,,0,no,,,,,,
1daa6d5af354,Whakawairua Tuahu,Map (Tier 14),Standard,0,0,0,,unbound,no,,unbound,no,,0,no,,,,,,
794d91b656c0,Whakawairua Tuahu,Map (Tier 14),Standard,0,0,0,,unbound,no,,unbound,no,,0,no,,,,,,
2cc0d24b9223,Whakawairua Tuahu,Map (Tier 14),Standard,0,0,0,,unbound,no,,unbound,no,,0,no,,,,,,
a6cc6f74ca9e,Whakawairua Tuahu,Map (Tier 14),Standard,0,0,0,,unbound,no,,unbound,no,,0,no,,,,,,
7777edcaf1d0,Whakawairua Tuahu,Map (Tier 14),Standard,0,0,0,,unbound,no,,unbound,no,,0,no,,,,,,
422bf369da45,Whakawairua Tuahu,Map (Tier 14),Standard,0,0,0,,unbound,no,,unbound,no,,0,no,,,,,,
881c8842838b,Whakawairua Tuahu,Map (Tier 14),Standard,0,0,0,,unbound,no,,unbound,no,,0,no,,,,,,
4f11b6d2be18,Whakawairua Tuahu,Map (Tier 14),Standard,0,0,0,,unbound,no,,unbound,no,,0,no,,,,,,
a8c1124d9945,Whakawairua Tuahu,Map (Tier 14),Standard,0,0,0,,unbound,no,,unbound,no,,0,no,,,,,,
21dace42a126,Whakawairua Tuahu,Map (Tier 14),Standard,0,0,0,,unbound,no,,unbound,no,,0,no,,,,,,
f46d166d58ff,Whakawairua Tuahu,Map (Tier 14),Standard,0,0,0,,unbound,no,,unbound,no,,0,no,,,,,,
426ad9eda5cd,Whakawairua Tuahu,Map (Tier 14),Standard,0,0,0,,unbound,no,,unbound,no,,0,no,,,,,,
00a400eeecae,Whakawairua Tuahu,Map (Tier 14),Standard,0,0,0,,unbound,no,,unbound,no,,0,no,,,,,,
e5b928dd3e85,Whakawairua Tuahu,Map (Tier 14),Standard,0,0,0,,unbound,no,,unbound,no,,0,no,,,,,,
e45a12c78deb,Whakawairua Tuahu,Map (Tier 14),Standard,0,0,0,,unbound,no,,unbound,no,,0,no,,,,,,
17416bd2a9f9,Whakawairua Tuahu,Map (Tier 14),Standard,0,0,0,,unbound,no,,unbound,no,,0,no,,,,,,
e6bca067c001,Whakawairua Tuahu,Map (Tier 14),Standard,0,0,0,,unbound,no,,unbound,no,,0,no,,,,,,
7884d638e450,Whakawairua Tuahu,Map (Tier 14),Standard,0,0,0,,unbound,no,,unbound,no,,0,no,,,,,,
12f393e08078,Whakawairua Tuahu,Map (Tier 14),Standard,0,0,0,,unbound,no,,unbound,no,,0,no,,,,,,
1af3dcf002ce,Whakawairua Tuahu,Map (Tier 14),Standard,0,0,0,,unbound,no,,unbound,no,,0,no,,,,,,
610eacf054f4,Whakawairua Tuahu,Map (Tier 14),Standard,0,0,0,,unbound,no,,unbound,no,,0,no,,,,,,
83541ed381d6,Whakawairua Tuahu,Map (Tier 14),Standard,0,0,0,,unbound,no,,unbound,no,,0,no,,,,,,
017209e5dc5e,Whakawairua Tuahu,Map (Tier 14),Standard,0,0,0,,unbound,no,,unbound,no,,0,no,,,,,,
084a73d89f48,Whakawairua Tuahu,Map (Tier 14),Standard,0,0,0,,unbound,no,,unbound,no,,0,no,,,,,,
c9c6b8a6db4c,Whakawairua Tuahu,Map (Tier 14),Standard,0,0,0,,unbound,no,,unbound,no,,0,no,,,,,,
f95e8bf45d8d,Whakawairua Tuahu,Map (Tier 14),Standard,0,0,0,,unbound,no,,unbound,no,,0,no,,,,,,
c4dc62cf02c8,Whakawairua Tuahu,Map (Tier 14),Standard,0,0,0,,unbound,no,,unbound,no,,0,no,,,,,,
474b6287421b,Whakawairua Tuahu,Map (Tier 14),Standard,0,0,0,,unbound,no,,unbound,no,,0,no,,,,,,
ae51f5be0f46,Twisted Distant Memory,Map (Tier 16),Allflame,0,0,0,,unbound,no,,unbound,no,,0,no,,,,,,
0cb22aa266d7,Marylene's Fallacy,Lapis Amulet,Allflame,1,5,5,Current;Pre 2.6.0,several,yes,Current;Pre 2.6.0,several,yes,,0,no,,,,,,
bb6669758754,Abberath's Horn,Goat's Horn,Hardcore,1,4,4,Pre 3.21.0,one,no,Pre 3.21.0,one,no,,0,no,,,,,,
e5c716386242,Ashcaller,Quartz Wand,Hardcore,1,5,5,Pre 3.19.0,one,no,Pre 3.19.0,one,no,,0,no,,,,,,
769669713c03,Daresso's Passion,Estoc,Hardcore,1,2,2,Current,one,no,Current,one,no,,0,no,,,,,,
341336495f58,Wideswing,Poleaxe,Hardcore,1,2,2,Current,one,no,Current,one,no,,0,no,,,,,,
4e4ddc6332bb,Bones of Ullr,Silk Slippers,Hardcore,1,1,1,only,one,no,only,one,no,,0,no,,,,,,
eab02c3c8cca,Stormcharger,Plated Greaves,Hardcore,1,2,2,Pre 3.19.0,one,no,Pre 3.19.0,one,no,,0,no,,,,,,
dc67473ecd22,Nomic's Storm,Strapped Boots,Hardcore,1,3,3,Current,one,no,Current,one,no,,0,no,,,,,,
9acdcbc73c6d,Wake of Destruction,Mesh Boots,Hardcore,1,3,3,Current,one,no,Current,one,no,,0,no,,,,,,
61a8fc4c3b73,Alberon's Warpath,Soldier Boots,Hardcore,1,2,2,Pre 3.19.0,one,no,Pre 3.19.0,one,no,,0,no,,,,,,
ac9450b4d9c4,Chalice of Horrors,War Buckler,Hardcore,1,5,5,Pre 3.17.0,one,no,Pre 3.17.0,one,no,,0,no,,,,,,
02d2bebc4443,Titucius' Span,Reinforced Tower Shield,Hardcore,1,3,3,Current,one,no,Current,one,no,,0,no,,,,,,
291b4d330469,Ahn's Heritage,Colossal Tower Shield,Hardcore,1,3,3,Current,one,no,Current,one,no,,0,no,,,,,,
cfaa8ff0aa39,The Eternal Apple,Chiming Spirit Shield,Hardcore,1,1,1,only,one,no,only,one,no,,0,no,,,,,,
c6c8de8f2dd8,Icetomb,Latticed Ringmail,Hardcore,1,3,3,Pre 3.19.0,one,no,Pre 3.19.0,one,no,,0,no,,,,,,
2d94140a9727,Ashrend,Buckskin Tunic,Hardcore,1,3,3,Pre 3.19.0,one,no,Pre 3.19.0,one,no,,0,no,,,,,,
67e2b11b07aa,Thousand Ribbons,Simple Robe,Hardcore,1,3,3,Pre 3.19.0,one,no,Pre 3.19.0,one,no,,0,no,,,,,,
e104851c2eab,Bramblejack,Plate Vest,Hardcore,1,2,2,Pre 3.19.0,one,no,Pre 3.19.0,one,no,,0,no,,,,,,
49a5ad79bd59,Fairgraves' Tricorne,Tricorne,Hardcore,1,2,2,,none,no,,none,no,,0,no,,,,,variant-line-not-displayed,15% increased Stun and Block Recovery
0916f3518049,Crown of Thorns,Vine Circlet,Hardcore,1,3,3,Pre 3.19.0,one,no,Pre 3.19.0,one,no,,0,no,,,,,,
01ccfc7788c2,Deidbell,Gilded Sallet,Hardcore,1,3,3,Pre 3.19.0,one,no,Pre 3.19.0,one,no,,0,no,,,,,,
05805b613d9d,The Ignomon,Gold Amulet,Hardcore,1,2,2,Pre 3.19.0,one,no,Pre 3.19.0,one,no,,0,no,,,,,,
afd6509f4a9a,Retaliation Charm,Citrine Amulet,Hardcore,1,2,2,Pre 3.19.0,one,no,Pre 3.19.0,one,no,,0,no,,,,,,
6bb3c8aca494,Karui Ward,Jade Amulet,Hardcore,1,2,2,Current,one,no,Current,one,no,,0,no,,,,,,
ba7fada16ed6,Sidhebreath,Paua Amulet,Hardcore,1,4,4,Pre 3.19.0,one,no,Pre 3.19.0,one,no,,0,no,,,,,,
16eb5d506ffd,Realmshaper,Iron Staff,Hardcore,1,4,4,Pre 3.25.0,one,no,Pre 3.25.0,one,no,,0,no,,,,,,
9ebf2d295407,Fencoil,Gnarled Branch,Hardcore,1,3,3,Pre 3.25.0,one,no,Pre 3.25.0,one,no,,0,no,,,,,,
f03a85343e40,Femurs of the Saints,Primordial Staff,Hardcore,1,4,4,Pre 3.25.0,one,no,Pre 3.25.0,one,no,,0,no,,,,,,
76aab64bbaea,Blackgleam,Fire Arrow Quiver,Hardcore,1,4,4,Pre 3.17.0,one,no,Pre 3.17.0,one,no,,0,no,,,,,,
c59d0a453000,Hyrri's Bite,Sharktooth Arrow Quiver,Hardcore,1,2,2,,none,no,,none,no,,0,no,,,,,variant-line-not-displayed,Gain (6-8) Life per Enemy Hit with Attacks
5f08ff0366c1,Asphyxia's Wrath,Two-Point Arrow Quiver,Hardcore,1,3,3,Pre 3.17.0,one,no,Pre 3.17.0,one,no,,0,no,,,,,,
8189ed7fb2bf,Poacher's Aim,Viridian Jewel,Hardcore,1,1,1,only,one,no,only,one,no,,0,no,,,,,,
f59b492e5f64,Survival Instincts,Viridian Jewel,Hardcore,1,2,2,Pre 3.16.0,one,no,Pre 3.16.0,one,no,,0,no,,,,,,
f5d069119a34,Rapid Expansion,Crimson Jewel,Hardcore,1,3,3,Current,one,no,Current,one,no,,0,no,,,,,,
67904b142c66,Tempered Mind,Cobalt Jewel,Hardcore,1,3,3,Current,one,no,Current,one,no,,0,no,,,,,,
6f86288353d6,Survival Skills,Crimson Jewel,Hardcore,1,2,2,Pre 3.16.0,one,no,Pre 3.16.0,one,no,,0,no,,,,,,
81c123cc8adf,Cameria's Maul,Gavel,Hardcore,1,2,2,Current,one,no,Current,one,no,,0,no,,,,,,
a6e49b5227b6,Frostbreath,Ornate Mace,Hardcore,1,3,3,Current,one,no,Current,one,no,,0,no,,,,,,
1207b6ab592f,Voidhome,Dread Maul,Hardcore,1,2,2,Current,one,no,Current,one,no,,0,no,,,,,,
354bf72a334a,Gorebreaker,Spiked Club,Hardcore,1,2,2,,none,no,,none,no,,0,no,,,,,no-text-match,Extra gore
3ddd46461823,Geofri's Baptism,Brass Maul,Hardcore,1,2,2,Current,one,no,Current,one,no,,0,no,,,,,,
1c42851eb43d,Storm Cloud,Long Bow,Hardcore,1,2,2,Current,one,no,Current,one,no,,0,no,,,,,,
15845d95f8df,Death's Harp,Death Bow,Hardcore,1,7,7,Pre 3.17.0;Pre 3.19.0,several,no,Pre 3.17.0;Pre 3.19.0,several,no,,0,no,,,,,,
5b63b6d0208f,Widowmaker,Boot Blade,Hardcore,1,2,2,Current,one,no,Current,one,no,,0,no,,,,,,
3ba5d38d843c,Bloodplay,Stiletto,Hardcore,1,2,2,Current,one,no,Current,one,no,,0,no,,,,,,
6e7f28dd9b12,Mark of the Doubting Knight,Platinum Kris,Hardcore,1,4,4,,none,no,,none,no,,0,no,,,,,number-outside-range,10% reduced Attack Speed
7d98178c641d,Ungil's Gauche,Boot Knife,Hardcore,1,3,3,Current;Pre 1.1.0,several,yes,Current;Pre 1.1.0,several,yes,,0,no,,,,,,
52f3b6711fe3,Praxis,Paua Ring,Hardcore,1,2,2,Pre 3.29.0,one,no,Pre 3.29.0,one,no,,0,no,,,,,,
5bcd994ae730,Kaom's Sign,Coral Ring,Hardcore,1,3,3,Pre 3.19.0,one,no,Pre 3.19.0,one,no,,0,no,,,,,,
f085e689df1d,Bloodboil,Coral Ring,Hardcore,1,2,2,Current,one,no,Current,one,no,,0,no,,,,,,
337d24e0e6b4,Heartbound Loop,Moonstone Ring,Hardcore,1,1,1,only,one,no,only,one,no,,0,no,,,,,,
bb31344a956e,Last Resort,Nailed Fist,Hardcore,1,1,1,only,one,no,only,one,no,,0,no,,,,,,
db139da3244e,Cybil's Paw,Thresher Claw,Hardcore,1,4,4,Pre 3.19.0,one,no,Pre 3.19.0,one,no,,0,no,,,,,,
c6df4b397c4d,Hrimsorrow,Goathide Gloves,Hardcore,1,3,3,Pre 3.19.0,one,no,Pre 3.19.0,one,no,,0,no,,,,,,
33ee1a36a3f9,Facebreaker,Strapped Mitts,Hardcore,1,6,6,Current;Pre 3.26.0,several,yes,Current;Pre 3.26.0,several,yes,,0,no,,,,,,
198c3e8cfd4e,Ondar's Clasp,Wrapped Mitts,Hardcore,1,3,3,Pre 3.19.0,one,no,Pre 3.19.0,one,no,,0,no,,,,,,
d6989dc9aa80,Blood of the Karui,Sanctified Life Flask,Solo Self-Found,1,5,5,Current,one,no,Current,one,no,,0,no,,,,,,
53d4505fd3f5,Lavianga's Spirit,Sanctified Mana Flask,Solo Self-Found,1,1,1,only,one,no,only,one,no,,0,no,,,,,,
50a397814820,Coralito's Signature,Diamond Flask,Solo Self-Found,1,2,2,Current,one,no,Current,one,no,,0,no,,,utilityMods,,,
6a57296102de,Cinderswallow Urn,Silver Flask,Solo Self-Found,1,18,171,,none,no,,none,no,,0,no,,,utilityMods,,variant-line-not-displayed,You can apply an additional Curse during Effect
093c79c21b25,The Writhing Jar,Hallowed Hybrid Flask,Solo Self-Found,1,1,1,only,one,no,only,one,no,,0,no,,,,,,
0308060a0fc0,Lavianga's Spirit,Sanctified Mana Flask,Solo Self-Found,1,1,1,only,one,no,only,one,no,,0,no,,,,,,
89161b79ebcf,Witchfire Brew,Stibnite Flask,Solo Self-Found,1,3,3,,none,no,,none,no,,0,no,,,utilityMods,,number-outside-range,10% increased Charges per use
3932443d0b7b,Rotgut,Quicksilver Flask,Solo Self-Found,1,4,4,Current,one,no,Current,one,no,,0,no,,,utilityMods,,,
ffb436e87998,Coralito's Signature,Diamond Flask,Solo Self-Found,1,2,2,Current,one,no,Current,one,no,,0,no,,,utilityMods,,,
ca8393b1a8f9,The Overflowing Chalice,Sulphur Flask,Solo Self-Found,1,2,2,Current,one,no,Current,one,no,,0,no,,,utilityMods,,,
c2460b55ee0c,Sin's Rebirth,Stibnite Flask,Solo Self-Found,1,1,1,only,one,no,only,one,no,,0,no,,,utilityMods,,,
8fa995e8d5eb,Witchfire Brew,Stibnite Flask,Solo Self-Found,1,3,3,Current,one,no,Current,one,no,,0,no,,,utilityMods,,,
7f2ace1dde1d,Cinderswallow Urn,Silver Flask,Solo Self-Found,1,18,171,,none,no,,none,no,,0,no,,,utilityMods,,no-text-match,50% Chance to Avoid being Stunned during Effect
df9b268fe4ff,Cinderswallow Urn,Silver Flask,Solo Self-Found,1,18,171,,none,no,,none,no,,0,no,,,utilityMods,,variant-line-not-displayed,You can apply an additional Curse during Effect
f9e7f1fc5b39,Doedre's Elixir,Greater Mana Flask,Solo Self-Found,1,3,3,,none,no,,none,no,,0,no,,,,,no-text-match,Gain 2 Power Charges on use
7a70966cbdd4,Cinderswallow Urn,Silver Flask,Solo Self-Found,1,18,171,,none,no,,none,no,,0,no,,,utilityMods,,no-text-match,Prevent +67% of Reflected Damage during Effect
ab6a862229e0,Cinderswallow Urn,Silver Flask,Solo Self-Found,1,18,171,,none,no,,none,no,,0,no,,,utilityMods,,variant-line-not-displayed,You can apply an additional Curse during Effect
2f111fa88a33,Cinderswallow Urn,Silver Flask,Solo Self-Found,1,18,171,,none,no,,none,no,,0,no,,,utilityMods,,variant-line-not-displayed,You can apply an additional Curse during Effect
2ae021b1b4f1,The Sorrow of the Divine,Sulphur Flask,Solo Self-Found,1,2,2,Current,one,no,Current,one,no,,0,no,,,utilityMods,,,
c0607a86e81b,Grasping Nightshade,Sporebloom Tincture,Solo Self-Found,1,1,1,only,one,no,only,one,no,,0,no,,,,,,
2a9a32243af9,The Writhing Jar,Hallowed Hybrid Flask,Solo Self-Found,1,1,1,only,one,no,only,one,no,,0,no,,,,,,
d2f8d82fddc8,Fairgraves' Tricorne,Tricorne,Solo Self-Found,1,2,2,,none,no,,none,no,,0,no,,,,,variant-line-not-displayed,15% increased Stun and Block Recovery
b32bb13ff8dd,Malachai's Artifice,Unset Ring,Solo Self-Found,1,2,2,Current,one,no,Current,one,no,,0,no,,,,,,
e075f4b42d29,Wanderlust,Wool Shoes,Solo Self-Found,1,1,1,only,one,no,only,one,no,,0,no,,,,,,
5c120110c86c,Widowmaker,Boot Blade,Solo Self-Found,1,2,2,Current,one,no,Current,one,no,,0,no,,,,,,
16a4b37b2820,Obliteration,Demon's Horn,Solo Self-Found,1,6,6,Pre 3.19.0,one,no,Pre 3.19.0,one,no,,0,no,,,,,,
120f6b537596,Craghead,Serrated Arrow Quiver,Solo Self-Found,1,2,2,Pre 3.17.0,one,no,Pre 3.17.0,one,no,,0,no,,,,,,
933a38dad306,Geofri's Crest,Great Crown,Solo Self-Found,1,3,3,,none,no,,none,no,,0,no,,,,,variant-line-not-displayed,+1 to maximum number of Summoned Holy Relics
925a2e28bc9a,Springleaf,Plank Kite Shield,Solo Self-Found,1,5,5,Pre 3.19.0,one,no,Pre 3.19.0,one,no,,0,no,,,,,,
08ec85a3d426,Geofri's Baptism,Brass Maul,Solo Self-Found,1,2,2,Current,one,no,Current,one,no,,0,no,,,,,,
14214e551bdc,Perandus Blazon,Cloth Belt,Solo Self-Found,1,3,3,Pre 3.25.0,one,no,Pre 3.25.0,one,no,,0,no,,,,,,
15d2a61cac1f,Wyrmsign,Wyrmscale Gauntlets,Solo Self-Found,1,2,2,Pre 3.29.0,one,no,Pre 3.29.0,one,no,,0,no,,,,,,
2484bfb782ac,String of Servitude,Heavy Belt,Solo Self-Found,1,22,22,Attack Speed during Flask Effect,one,no,Attack Speed during Flask Effect,one,no,,0,no,,,,,,
2d6cc63177a4,Doedre's Tenure,Velvet Gloves,Solo Self-Found,1,3,3,Pre 3.19.0,one,no,Pre 3.19.0,one,no,,0,no,,,,,,
7d8cd20357dd,Lifesprig,Driftwood Wand,Solo Self-Found,1,1,1,,none,no,,none,no,,0,no,,,,,no-text-match,Regenerate 8 Life over 1 second when you Cast a Spell
dd841d5ab684,Wanderlust,Wool Shoes,Solo Self-Found,1,1,1,only,one,no,only,one,no,,0,no,,,,,,
889f5e2476b5,Silverbranch,Crude Bow,Solo Self-Found,1,2,2,Current,one,no,Current,one,no,,0,no,,,,,,
cc621b307822,Goredrill,Skinning Knife,Solo Self-Found,1,1,1,only,one,no,only,one,no,,0,no,,,,,,
d33488076541,Doedre's Tenure,Velvet Gloves,Solo Self-Found,1,3,3,Pre 3.19.0,one,no,Pre 3.19.0,one,no,,0,no,,,,,,
eb66c8388b09,Eye of Chayula,Onyx Amulet,Solo Self-Found,1,1,1,only,one,no,only,one,no,,0,no,,,,,,
45efd71fd837,Solaris Lorica,Copper Plate,Solo Self-Found,1,2,2,Current,one,no,Current,one,no,,0,no,,,,,,
78977619b4f8,Daresso's Passion,Estoc,Solo Self-Found,1,2,2,Current,one,no,Current,one,no,,0,no,,,,,,
00770ee6c7f5,The Blood Dance,Sharkskin Boots,Solo Self-Found,1,4,4,Current,one,no,Current,one,no,,0,no,,,,,,
4269baa75ebd,Hrimsorrow,Goathide Gloves,Solo Self-Found,1,3,3,Pre 3.19.0,one,no,Pre 3.19.0,one,no,,0,no,,,,,,
ce0953f0d89d,Redbeak,Rusted Sword,Solo Self-Found,1,2,2,Current,one,no,Current,one,no,,0,no,,,,,,
e16dacd18796,Victario's Flight,Goathide Boots,Solo Self-Found,1,3,3,Pre 3.19.0,one,no,Pre 3.19.0,one,no,,0,no,,,,,,
64020c003ee6,Stone of Lazhwar,Lapis Amulet,Solo Self-Found,1,3,3,Pre 3.19.0,one,no,Pre 3.19.0,one,no,,0,no,,,,,,
dc1f5e00229f,Bated Breath,Chain Belt,Solo Self-Found,1,2,2,Current,one,no,Current,one,no,,0,no,,,,,,
a8b80aea69d4,Hyrri's Bite,Sharktooth Arrow Quiver,Solo Self-Found,1,2,2,,none,no,,none,no,,0,no,,,,,variant-line-not-displayed,Gain (6-8) Life per Enemy Hit with Attacks
b23d4e201300,Dreadarc,Cleaver,Solo Self-Found,1,1,1,only,one,no,only,one,no,,0,no,,,,,,
7bb4328ad2ad,Flesh-Eater,Dream Mace,Solo Self-Found,1,2,2,Current,one,no,Current,one,no,,0,no,,,,,,
d863e73ee419,Goredrill,Skinning Knife,Solo Self-Found,1,1,1,only,one,no,only,one,no,,0,no,,,,,,
3e1643fc75fb,Spreading Rot,Cobalt Jewel,Solo Self-Found,1,2,2,Current;Pre 3.17.0,several,yes,Current;Pre 3.17.0,several,yes,,0,no,,,,,,
0007209427ac,Ambu's Charge,Crusader Chainmail,Solo Self-Found,1,5,5,Pre 3.19.0,one,no,Pre 3.19.0,one,no,,0,no,,,,,,
7b30fbc2e8eb,Meginord's Girdle,Heavy Belt,Solo Self-Found,1,2,2,Pre 2.0.0,one,no,Pre 2.0.0,one,no,,0,no,,,,,,
decbf95691c2,Obliteration,Demon's Horn,Solo Self-Found,1,6,6,Pre 3.10.0;Pre 3.19.0,several,no,Pre 3.10.0;Pre 3.19.0,several,no,,0,no,,,,,,
cb8005c9e806,Winterheart,Gold Amulet,Solo Self-Found,1,2,2,Pre 3.15.0,one,no,Pre 3.15.0,one,no,,0,no,,,,,,
e5e1b74ddbb1,Wake of Destruction,Mesh Boots,Solo Self-Found,1,3,3,Current,one,no,Current,one,no,,0,no,,,,,,
9a9ead90e476,Bramblejack,Plate Vest,Solo Self-Found,1,2,2,Pre 3.19.0,one,no,Pre 3.19.0,one,no,,0,no,,,,,,
e436d4f2b79c,Ambu's Charge,Crusader Chainmail,Solo Self-Found,1,5,5,Pre 3.19.0,one,no,Pre 3.19.0,one,no,,0,no,,,,,,
259a32ce13bd,Lifesprig,Driftwood Wand,Solo Self-Found,1,1,1,,none,no,,none,no,,0,no,,,,,no-text-match,Regenerate 7 Life over 1 second when you Cast a Spell
d9ddda18d3f2,Forbidden Taste,Quartz Flask,Solo Self-Found,1,4,4,Current,one,no,Current,one,no,,0,no,,,utilityMods,,,
bef44af6a6ad,Springleaf,Plank Kite Shield,Solo Self-Found,1,5,5,Pre 3.19.0,one,no,Pre 3.19.0,one,no,,0,no,,,,,,
fdf5f4bd2ef8,The Embalmer,Carnal Mitts,Solo Self-Found,1,1,1,only,one,no,only,one,no,,0,no,,,,,,
86c4dc7b5daa,Oni-Goroshi,Charan's Sword,Solo Self-Found,1,1,1,only,one,no,only,one,no,,0,no,,,,,,
f85e426f9cc1,Oni-Goroshi,Charan's Sword,Solo Self-Found,1,1,1,only,one,no,only,one,no,,0,no,,,,,,
139f2b0b188e,Wanderlust,Wool Shoes,Solo Self-Found,1,1,1,only,one,no,only,one,no,,0,no,,,,,,
aa911e91fd64,Ondar's Clasp,Wrapped Mitts,Solo Self-Found,1,3,3,Pre 3.19.0,one,no,Pre 3.19.0,one,no,,0,no,,,,,,
6cb7c83fb3f4,Geofri's Crest,Great Crown,Solo Self-Found,1,3,3,,none,no,,none,no,,0,no,,,,,variant-line-not-displayed,+1 to maximum number of Summoned Holy Relics
1d86e55872ad,Advancing Fortress,Gut Ripper,Solo Self-Found,1,2,2,Current,one,no,Current,one,no,,0,no,,,,,,
66e2b6cd8e63,Storm Prison,Carved Wand,Solo Self-Found,1,3,3,Pre 2.3.0;Pre 3.21.0,several,no,Pre 2.3.0;Pre 3.21.0,several,no,,0,no,,,,,,
5f7558607211,Obliteration,Demon's Horn,Solo Self-Found,1,6,6,Pre 3.19.0,one,no,Pre 3.19.0,one,no,,0,no,,,,,,
e7159a670f58,Storm Cloud,Long Bow,Solo Self-Found,1,2,2,Current,one,no,Current,one,no,,0,no,,,,,,
a5c1a7c12e19,Bones of Ullr,Silk Slippers,Solo Self-Found,1,1,1,only,one,no,only,one,no,,0,no,,,,,,
1becafb60475,Hrimsorrow,Goathide Gloves,Solo Self-Found,1,3,3,Pre 3.19.0,one,no,Pre 3.19.0,one,no,,0,no,,,,,,
ca7df5199df4,Ambu's Charge,Crusader Chainmail,Solo Self-Found,1,5,5,Pre 3.19.0,one,no,Pre 3.19.0,one,no,,0,no,,,,,,
9f4e03842426,The Eternal Apple,Chiming Spirit Shield,Solo Self-Found,1,1,1,only,one,no,only,one,no,,0,no,,,,,,
3323021c1e61,Briskwrap,Strapped Leather,Solo Self-Found,1,4,4,Pre 3.19.0,one,no,Pre 3.19.0,one,no,,0,no,,,,,,
db1eb1e5b757,Craghead,Serrated Arrow Quiver,Solo Self-Found,1,2,2,Pre 3.17.0,one,no,Pre 3.17.0,one,no,,0,no,,,,,,
a90731e00286,Wurm's Molt,Leather Belt,Solo Self-Found,1,2,2,Pre 3.19.0,one,no,Pre 3.19.0,one,no,,0,no,,,,,,
f156208cfe65,Nomic's Storm,Strapped Boots,Solo Self-Found,1,3,3,Current,one,no,Current,one,no,,0,no,,,,,,
04d3ce95c57a,Meginord's Girdle,Heavy Belt,Solo Self-Found,1,2,2,Pre 2.0.0,one,no,Pre 2.0.0,one,no,,0,no,,,,,,
5990d44d4957,Wildslash,Awl,Solo Self-Found,1,2,2,Current,one,no,Current,one,no,,0,no,,,,,,
e4e0362c850b,Deerstalker,Deerskin Boots,Solo Self-Found,1,3,3,Pre 3.19.0,one,no,Pre 3.19.0,one,no,,0,no,,,,,,
3a7b252b6ea7,Deidbell,Gilded Sallet,Solo Self-Found,1,3,3,Pre 3.19.0,one,no,Pre 3.19.0,one,no,,0,no,,,,,,
c97555e6ce9c,Sidhebreath,Paua Amulet,Solo Self-Found,1,4,4,Pre 3.19.0,one,no,Pre 3.19.0,one,no,,0,no,,,,,,
25f448049a8e,Poacher's Aim,Viridian Jewel,Solo Self-Found,1,1,1,only,one,no,only,one,no,,0,no,,,,,,
d36d5afc38a2,Araku Tiki,Coral Amulet,Solo Self-Found,1,2,2,Pre 3.19.0,one,no,Pre 3.19.0,one,no,,0,no,,,,,,
6ef551a6d340,Sidhebreath,Paua Amulet,Solo Self-Found,1,4,4,Pre 3.19.0,one,no,Pre 3.19.0,one,no,,0,no,,,,,,
3471f94a0ea3,Winterheart,Gold Amulet,Solo Self-Found,1,2,2,Current,one,no,Current,one,no,,0,no,,,,,,
9495b282075e,Briskwrap,Strapped Leather,Solo Self-Found,1,4,4,Pre 3.19.0,one,no,Pre 3.19.0,one,no,,0,no,,,,,,
9fcfa6fdecf0,Meginord's Girdle,Heavy Belt,Solo Self-Found,1,2,2,Pre 2.0.0,one,no,Pre 2.0.0,one,no,,0,no,,,,,,
4a1b5e29f080,Wanderlust,Wool Shoes,Solo Self-Found,1,1,1,only,one,no,only,one,no,,0,no,,,,,,
fe7faa11931d,Bated Breath,Chain Belt,Solo Self-Found,1,2,2,Current,one,no,Current,one,no,,0,no,,,,,,
66482a015aa3,Lochtonial Caress,Iron Gauntlets,Solo Self-Found,1,3,3,Pre 3.19.0,one,no,Pre 3.19.0,one,no,,0,no,,,,,,
5a22552cacbd,Hazardous Research,Cobalt Jewel,Solo Self-Found,1,2,2,,none,no,,none,no,,0,no,,,,,no-text-match,"With at least 40 Intelligence in Radius, Spark fires 2 additional Projectiles"
25ab1cebbb0f,Survival Secrets,Cobalt Jewel,Solo Self-Found,1,2,2,Current,one,no,Current,one,no,,0,no,,,,,,
7c7b2ae7919d,Crown of Thorns,Vine Circlet,Solo Self-Found,1,3,3,Pre 3.19.0,one,no,Pre 3.19.0,one,no,,0,no,,,,,,
09a47b75d234,Spreading Rot,Cobalt Jewel,Solo Self-Found,1,2,2,Current;Pre 3.17.0,several,yes,Current;Pre 3.17.0,several,yes,,0,no,,,,,,
eb300cbf02f0,Araku Tiki,Coral Amulet,Solo Self-Found,1,2,2,Pre 3.19.0,one,no,Pre 3.19.0,one,no,,0,no,,,,,,
79c330fcb127,Roth's Reach,Recurve Bow,Solo Self-Found,1,3,3,Pre 3.19.0,one,no,Pre 3.19.0,one,no,,0,no,,,,,,
3b78fa7cc5cf,Taproot,Ambusher,Solo Self-Found,1,1,1,only,one,no,only,one,no,,0,no,,,,,,
08d10c291a88,Flesh-Eater,Dream Mace,Solo Self-Found,1,2,2,Current,one,no,Current,one,no,,0,no,,,,,,
756878f3b529,White Wind,Imperial Skean,Solo Self-Found,1,3,3,,none,no,,none,no,,0,no,,,,,number-outside-range,30% increased Global Critical Strike Chance
77610f31eede,Flesh-Eater,Dream Mace,Solo Self-Found,1,2,2,Current,one,no,Current,one,no,,0,no,,,,,,
ae515585477e,Matua Tupuna,Tarnished Spirit Shield,Solo Self-Found,1,3,3,Pre 3.19.0,one,no,Pre 3.19.0,one,no,,0,no,,,,,,
be46a9f6f04f,Soul Mantle,Spidersilk Robe,Solo Self-Found,1,5,5,Pre 3.16.0,one,no,Pre 3.16.0,one,no,,0,no,,,,,,
6b35663445ef,Wildslash,Awl,Solo Self-Found,1,2,2,Current,one,no,Current,one,no,,0,no,,,,,,
f8718aa52880,Aurumvorax,Basket Rapier,Solo Self-Found,1,3,3,Current,one,no,Current,one,no,,0,no,,,,,,
674515630d77,Wanderlust,Wool Shoes,Solo Self-Found,1,1,1,only,one,no,only,one,no,,0,no,,,,,,
2e74faffab83,Obliteration,Demon's Horn,Solo Self-Found,1,6,6,Pre 3.19.0,one,no,Pre 3.19.0,one,no,,0,no,,,,,,
1595ddba769e,Nomic's Storm,Strapped Boots,Solo Self-Found,1,3,3,Current,one,no,Current,one,no,,0,no,,,,,,
3b52cb5aa98f,Fencoil,Gnarled Branch,Solo Self-Found,1,3,3,Pre 3.25.0,one,no,Pre 3.25.0,one,no,,0,no,,,,,,
abbdc906712a,Daresso's Passion,Estoc,Solo Self-Found,1,2,2,Current,one,no,Current,one,no,,0,no,,,,,,
059cd90d94a5,Wildslash,Awl,Solo Self-Found,1,2,2,Current,one,no,Current,one,no,,0,no,,,,,,
16d241887aed,The Blood Dance,Sharkskin Boots,Solo Self-Found,1,4,4,Current,one,no,Current,one,no,,0,no,,,,,,
65f6075596ef,Gorebreaker,Spiked Club,Solo Self-Found,1,2,2,,none,no,,none,no,,0,no,,,,,no-text-match,Extra gore
5a4f7f32673f,Shavronne's Pace,Scholar Boots,Solo Self-Found,1,4,4,Pre 3.19.0,one,no,Pre 3.19.0,one,no,,0,no,,,,,,
c85cee03a305,Starkonja's Head,Silken Hood,Solo Self-Found,1,2,2,Current,one,no,Current,one,no,,0,no,,,,,,
08767ae79466,The Embalmer,Carnal Mitts,Solo Self-Found,1,1,1,only,one,no,only,one,no,,0,no,,,,,,
7461602c8de0,Nomic's Storm,Strapped Boots,Solo Self-Found,1,3,3,Current,one,no,Current,one,no,,0,no,,,,,,
88a84e8752a0,Quill Rain,Short Bow,Solo Self-Found,1,3,3,Current,one,no,Current,one,no,,0,no,,,,,,
c654cd32bce7,Bitterdream,Shadow Sceptre,Solo Self-Found,1,1,1,,none,no,,none,no,,0,no,,,,,number-outside-range,Socketed Gems are Supported by Level 1 Bonechill
907319c5e452,Victario's Flight,Goathide Boots,Solo Self-Found,1,3,3,Pre 3.19.0,one,no,Pre 3.19.0,one,no,,0,no,,,,,,
00cae5193c87,Deerstalker,Deerskin Boots,Solo Self-Found,1,3,3,Pre 3.19.0,one,no,Pre 3.19.0,one,no,,0,no,,,,,,
814458e76577,Storm Prison,Carved Wand,Solo Self-Found,1,3,3,Pre 2.3.0;Pre 3.21.0,several,no,Pre 2.3.0;Pre 3.21.0,several,no,,0,no,,,,,,
d3cd886dcae0,Victario's Flight,Goathide Boots,Solo Self-Found,1,3,3,Pre 3.19.0,one,no,Pre 3.19.0,one,no,,0,no,,,,,,
9e5015c7a2a1,Sundance,Clasped Boots,Solo Self-Found,1,2,2,Current,one,no,Current,one,no,,0,no,,,,,,
4623256e0752,Wanderlust,Wool Shoes,Solo Self-Found,1,1,1,only,one,no,only,one,no,,0,no,,,,,,
732f11ecf0a0,Victario's Flight,Goathide Boots,Solo Self-Found,1,3,3,Pre 3.19.0,one,no,Pre 3.19.0,one,no,,0,no,,,,,,
7a498fed3a9c,Doedre's Elixir,Greater Mana Flask,Solo Self-Found,1,3,3,Pre 3.15.0,one,no,Pre 3.15.0,one,no,,0,no,,,,,,
56b171236515,Ezomyte Peak,Iron Hat,Solo Self-Found,1,2,2,Pre 3.19.0,one,no,Pre 3.19.0,one,no,,0,no,,,,,,
105dadce6930,Hyrri's Bite,Sharktooth Arrow Quiver,Solo Self-Found,1,2,2,,none,no,,none,no,,0,no,,,,,number-outside-range,Gain 4 Life per Enemy Hit with Attacks
c540c305e84b,The Princess,Sabre,Solo Self-Found,1,2,2,Current,one,no,Current,one,no,,0,no,,,,,,
0177061e5686,Redbeak,Rusted Sword,Solo Self-Found,1,2,2,Current,one,no,Current,one,no,,0,no,,,,,,
5401a686c83a,Hyrri's Bite,Sharktooth Arrow Quiver,Solo Self-Found,1,2,2,,none,no,,none,no,,0,no,,,,,number-outside-range,Gain 4 Life per Enemy Hit with Attacks
260eea424bbd,Storm Cloud,Long Bow,Solo Self-Found,1,2,2,Current,one,no,Current,one,no,,0,no,,,,,,
7e11e2b3b994,Araku Tiki,Coral Amulet,Solo Self-Found,1,2,2,Pre 3.19.0,one,no,Pre 3.19.0,one,no,,0,no,,,,,,
11c717c93887,Bramblejack,Plate Vest,Solo Self-Found,1,2,2,Pre 3.19.0,one,no,Pre 3.19.0,one,no,,0,no,,,,,,
1abffaad3c34,Aurumvorax,Basket Rapier,Solo Self-Found,1,3,3,Current,one,no,Current,one,no,,0,no,,,,,,
453151459858,The Princess,Sabre,Solo Self-Found,1,2,2,Current,one,no,Current,one,no,,0,no,,,,,,
42abbd4b0fe8,Lakishu's Blade,Elegant Sword,Solo Self-Found,1,2,2,Current,one,no,Current,one,no,,0,no,,,,,,
0e4e79e69b2a,Curtain Call,Plague Mask,Solo Self-Found,1,1,1,only,one,no,only,one,no,,0,no,,,,,,
00657e0c5373,Ungil's Gauche,Boot Knife,Solo Self-Found,1,3,3,Current;Pre 1.1.0,several,yes,Current;Pre 1.1.0,several,yes,,0,no,,,,,,
efc669559e79,Wake of Destruction,Mesh Boots,Solo Self-Found,1,3,3,Current,one,no,Current,one,no,,0,no,,,,,,
bbc35993d036,Shaper's Seed,Agate Amulet,Solo Self-Found,1,3,3,Pre 3.19.0,one,no,Pre 3.19.0,one,no,,0,no,,,,,,
1b08f57cccc6,Ambu's Charge,Crusader Chainmail,Solo Self-Found,1,5,5,Pre 3.19.0,one,no,Pre 3.19.0,one,no,,0,no,,,,,,
468496190b46,Doedre's Elixir,Greater Mana Flask,Solo Self-Found,1,3,3,Pre 3.15.0,one,no,Pre 3.15.0,one,no,,0,no,,,,,,
c01221a6e85c,Craghead,Serrated Arrow Quiver,Solo Self-Found,1,2,2,Pre 3.17.0,one,no,Pre 3.17.0,one,no,,0,no,,,,,,
7af7880c91d5,Wurm's Molt,Leather Belt,Solo Self-Found,1,2,2,Pre 3.19.0,one,no,Pre 3.19.0,one,no,,0,no,,,,,,
67953789401b,Bubonic Trail,Murder Boots,Solo Self-Found,1,4,4,One Abyssal Socket (Pre 3.21.0),one,no,One Abyssal Socket (Pre 3.21.0),one,no,,0,no,,,,,,
27bcdd356977,The Eternal Apple,Chiming Spirit Shield,Solo Self-Found,1,1,1,only,one,no,only,one,no,,0,no,,,,,,
73f436b76310,Doedre's Tenure,Velvet Gloves,Solo Self-Found,1,3,3,Pre 3.19.0,one,no,Pre 3.19.0,one,no,,0,no,,,,,,
7a16a8696efc,Quill Rain,Short Bow,Solo Self-Found,1,3,3,Current,one,no,Current,one,no,,0,no,,,,,,
c3ec8bc7ede5,The Princess,Sabre,Solo Self-Found,1,2,2,Current,one,no,Current,one,no,,0,no,,,,,,
e2cb6e51cfea,Ezomyte Peak,Iron Hat,Solo Self-Found,1,2,2,Current,one,no,Current,one,no,,0,no,,,,,,
348c2a520e49,Edge of Madness,Etched Greatsword,Solo Self-Found,1,4,4,Current,one,no,Current,one,no,,0,no,,,,,,
f6c74a468d30,Asphyxia's Wrath,Feathered Arrow Quiver,Solo Self-Found,1,3,3,Current,one,no,Current,one,no,,0,no,,,,,,
b7468e33a120,Veruso's Ambition,Shackled Boots,Solo Self-Found,1,1,1,only,one,no,only,one,no,,0,no,,,,,,
65a01b66e3c3,Silverbranch,Crude Bow,Solo Self-Found,1,2,2,Current,one,no,Current,one,no,,0,no,,,,,,
5ec559304818,Axiom Perpetuum,Bronze Sceptre,Solo Self-Found,1,2,2,Current,one,no,Current,one,no,,0,no,,,,,,
a73168033615,Romira's Banquet,Diamond Ring,Solo Self-Found,1,3,3,,none,no,,none,no,,0,no,,,,,no-text-match,Cannot be Ignited
07ed25ff4297,Chernobog's Pillar,Ebony Tower Shield,Solo Self-Found,1,4,4,Current,one,no,Current,one,no,,0,no,,,,,,
d8c669836d2a,Obscurantis,Lion Pelt,Solo Self-Found,1,2,2,Current,one,no,Current,one,no,,0,no,,,,,,
f59a2e7da61e,Ewar's Mirage,Antique Rapier,Solo Self-Found,1,2,2,,none,no,,none,no,,0,no,,,,,no-text-match,Resolute Technique
68676a41e434,The Blood Reaper,Headsman Axe,Solo Self-Found,1,3,3,Current,one,no,Current,one,no,,0,no,,,,,,
28c23288716a,Ondar's Clasp,Wrapped Mitts,Solo Self-Found,1,3,3,Current,one,no,Current,one,no,,0,no,,,,,,
a90745734752,Maligaro's Cruelty,Turquoise Amulet,Solo Self-Found,1,1,1,only,one,no,only,one,no,,0,no,,,,,,
333261936888,Darkray Vectors,Dragonscale Boots,Solo Self-Found,1,3,3,Current,one,no,Current,one,no,,0,no,,,,,,
698618072ba8,Voidhome,Dread Maul,Solo Self-Found,1,2,2,Current,one,no,Current,one,no,,0,no,,,,,,
035ffa7496f7,Foulborn Goldrim,Leather Cap,Solo Self-Found,0,0,0,,unbound,no,,unbound,no,,0,no,,,,mutated,,
f65a9c4adf1f,Foulborn Kongor's Undying Rage,Terror Maul,Solo Self-Found,0,0,0,,unbound,no,,unbound,no,,0,no,,,,mutated,,
99b1099b1edc,Kaom's Sign,Coral Ring,Solo Self-Found,1,3,3,,none,no,,none,no,,0,no,,,,,no-text-match,Grants Level 23 Zealotry Skill
9dfac03ce3ff,Agnerod East,Imperial Staff,Solo Self-Found,1,3,3,Current,one,no,Current,one,no,,0,no,,,,,,
0fb22cb731c2,Tabula Rasa,Simple Robe,Solo Self-Found,1,1,1,only,one,no,only,one,no,,0,no,,,,,,
8e1c8d9b347b,Tabula Rasa,Simple Robe,Solo Self-Found,1,1,1,only,one,no,only,one,no,,0,no,,,,,,
6249e7ba4d0b,Starkonja's Head,Silken Hood,Solo Self-Found,1,2,2,Current,one,no,Current,one,no,,0,no,,,enchantMods,,,
6c508451667f,Skullhead,Secutor Helm,Solo Self-Found,1,3,3,Pre 3.19.0,one,no,Pre 3.19.0,one,no,,0,no,,,enchantMods,,,
0c989096c26f,The Three Dragons,Golden Mask,Solo Self-Found,1,1,1,only,one,no,only,one,no,,0,no,,,enchantMods,,,
4a01ff974173,Titucius' Span,Reinforced Tower Shield,Solo Self-Found,1,3,3,Current,one,no,Current,one,no,,0,no,,,,,,
3dde0a52ea4c,Self-Flagellation,Viridian Jewel,Solo Self-Found,1,1,1,only,one,no,only,one,no,,0,no,,,,,,
7beaa7122e2d,Brittle Barrier,Cobalt Jewel,Solo Self-Found,1,1,1,only,one,no,only,one,no,,0,no,,,,,,
66086114f1f9,Brittle Barrier,Cobalt Jewel,Solo Self-Found,1,1,1,only,one,no,only,one,no,,0,no,,,,,,
0a4318cbe9cb,Self-Flagellation,Viridian Jewel,Solo Self-Found,1,1,1,only,one,no,only,one,no,,0,no,,,,,,
f270e1b541e8,Oba's Cursed Trove,Map (Tier 2),Solo Self-Found,0,0,0,,unbound,no,,unbound,no,,0,no,,,,,,
936b81b5b728,Whakawairua Tuahu,Map (Tier 3),Solo Self-Found,0,0,0,,unbound,no,,unbound,no,,0,no,,,,,,
4258924fc5b1,Death and Taxes,Map (Tier 16),Solo Self-Found,0,0,0,,unbound,no,,unbound,no,,0,no,,,,,,
02eb4685500b,Whakawairua Tuahu,Map (Tier 10),Solo Self-Found,0,0,0,,unbound,no,,unbound,no,,0,no,,,,,,
346ca732b9c6,Maelström of Chaos,Map (Tier 12),Solo Self-Found,0,0,0,,unbound,no,,unbound,no,,0,no,,,,,,
6221718f25d9,Whakawairua Tuahu,Map (Tier 10),Solo Self-Found,0,0,0,,unbound,no,,unbound,no,,0,no,,,,,,
de44754ffd94,Maelström of Chaos,Map (Tier 5),Solo Self-Found,0,0,0,,unbound,no,,unbound,no,,0,no,,,,,,
06513e3de3a8,Hall of Grandmasters,Map (Tier 2),Solo Self-Found,0,0,0,,unbound,no,,unbound,no,,0,no,,,,,,
a5f00085ac24,Whakawairua Tuahu,Map (Tier 3),Solo Self-Found,0,0,0,,unbound,no,,unbound,no,,0,no,,,,,,
463bc5863973,Praxis,Paua Ring,Solo Self-Found,1,2,2,Pre 3.29.0,one,no,Pre 3.29.0,one,no,,0,no,,,,,,
8b1d90c035e9,Kikazaru,Topaz Ring,Solo Self-Found,1,4,4,Pre 3.19.0,one,no,Pre 3.19.0,one,no,,0,no,,,,,,
16bb3a294e6c,Bloodboil,Coral Ring,Solo Self-Found,1,2,2,Current,one,no,Current,one,no,,0,no,,,,,,
6259edbbd1c5,Praxis,Paua Ring,Solo Self-Found,1,2,2,Pre 3.29.0,one,no,Pre 3.29.0,one,no,,0,no,,,,,,
0a3ba4192c37,Bloodboil,Coral Ring,Solo Self-Found,1,2,2,Current,one,no,Current,one,no,,0,no,,,,,,
f3993bf7e665,Praxis,Paua Ring,Solo Self-Found,1,2,2,Pre 3.29.0,one,no,Pre 3.29.0,one,no,,0,no,,,,,,
beb3bde0375b,Blackheart,Iron Ring,Solo Self-Found,1,2,2,Pre 3.19.0,one,no,Pre 3.19.0,one,no,,0,no,,,,,,
c6e9250abe48,Kikazaru,Topaz Ring,Solo Self-Found,1,4,4,,none,no,,none,no,,0,no,,,,,number-outside-range,40% reduced Effect of Curses on you
096940d1cb2a,Bloodboil,Coral Ring,Solo Self-Found,1,2,2,Current,one,no,Current,one,no,,0,no,,,,,,
df4c54d4ce44,Bloodboil,Coral Ring,Solo Self-Found,1,2,2,Current,one,no,Current,one,no,,0,no,,,,,,
95d77ef37b96,Timeclasp,Moonstone Ring,Solo Self-Found,1,4,4,Pre 3.17.0,one,no,Pre 3.17.0,one,no,,0,no,,,,,,
fe1307e9e081,Timeclasp,Moonstone Ring,Solo Self-Found,1,4,4,Pre 3.17.0,one,no,Pre 3.17.0,one,no,,0,no,,,,,,
744c16681253,Kaom's Sign,Coral Ring,Solo Self-Found,1,3,3,Pre 3.19.0,one,no,Pre 3.19.0,one,no,,0,no,,,,,,
bf8df899cf8d,Kikazaru,Topaz Ring,Solo Self-Found,1,4,4,,none,no,,none,no,,0,no,,,,,number-outside-range,40% reduced Effect of Curses on you
82a7606ee485,Skullhead,Secutor Helm,Solo Self-Found,1,3,3,Current,one,no,Current,one,no,,0,no,,,,,,
ddef2e68f12a,Oba's Cursed Trove,Map (Tier 16),Solo Self-Found,0,0,0,,unbound,no,,unbound,no,,0,no,,,,,,
2086e76ede68,Olmec's Sanctum,Map (Tier 1),Solo Self-Found,0,0,0,,unbound,no,,unbound,no,,0,no,,,,,,
b55e22f9df05,Olmec's Sanctum,Map (Tier 1),Solo Self-Found,0,0,0,,unbound,no,,unbound,no,,0,no,,,,,,
d2dd741a910d,Whakawairua Tuahu,Map (Tier 3),Solo Self-Found,0,0,0,,unbound,no,,unbound,no,,0,no,,,,,,
408cd401f2de,Whakawairua Tuahu,Map (Tier 3),Solo Self-Found,0,0,0,,unbound,no,,unbound,no,,0,no,,,,,,
4bd2e74a35eb,Hall of Grandmasters,Map (Tier 6),Solo Self-Found,0,0,0,,unbound,no,,unbound,no,,0,no,,,,,,
6b5bdb2027af,Rewritten Distant Memory,Map (Tier 11),Solo Self-Found,0,0,0,,unbound,no,,unbound,no,,0,no,,,,,,
82e052c62f55,Pillars of Arun,Map (Tier 9),Solo Self-Found,0,0,0,,unbound,no,,unbound,no,,0,no,,,,,,
83c03e12279b,Whakawairua Tuahu,Map (Tier 10),Solo Self-Found,0,0,0,,unbound,no,,unbound,no,,0,no,,,,,,
ac4f7816ed2c,Oba's Cursed Trove,Map (Tier 10),Solo Self-Found,0,0,0,,unbound,no,,unbound,no,,0,no,,,,,,
615b3ee8f816,Oba's Cursed Trove,Map (Tier 10),Solo Self-Found,0,0,0,,unbound,no,,unbound,no,,0,no,,,,,,
80fbc1eefc2e,The Vinktar Square,Map (Tier 5),Solo Self-Found,0,0,0,,unbound,no,,unbound,no,,0,no,,,,,,
3682f6bb3d04,Acton's Nightmare,Map (Tier 3),Solo Self-Found,0,0,0,,unbound,no,,unbound,no,,0,no,,,,,,
e703bf57dd11,Maelström of Chaos,Map (Tier 5),Solo Self-Found,0,0,0,,unbound,no,,unbound,no,,0,no,,,,,,
a1bead360a85,Maelström of Chaos,Map (Tier 5),Solo Self-Found,0,0,0,,unbound,no,,unbound,no,,0,no,,,,,,
8ee7dcf37c67,Maelström of Chaos,Map (Tier 5),Solo Self-Found,0,0,0,,unbound,no,,unbound,no,,0,no,,,,,,
fdf851948006,Maelström of Chaos,Map (Tier 5),Solo Self-Found,0,0,0,,unbound,no,,unbound,no,,0,no,,,,,,
592355eac6d3,Hallowed Ground,Map (Tier 11),Solo Self-Found,0,0,0,,unbound,no,,unbound,no,,0,no,,,,,,
45d8c20d86c4,Mao Kun,Map (Tier 6),Solo Self-Found,0,0,0,,unbound,no,,unbound,no,,0,no,,,,,,
6d860398c612,Mao Kun,Map (Tier 6),Solo Self-Found,0,0,0,,unbound,no,,unbound,no,,0,no,,,,,,
fee8a312a599,Pillars of Arun,Map (Tier 10),Solo Self-Found,0,0,0,,unbound,no,,unbound,no,,0,no,,,,,,
a65df6a760a0,Mao Kun,Map (Tier 5),Solo Self-Found,0,0,0,,unbound,no,,unbound,no,,0,no,,,,,,
77cba9ed4085,Oba's Cursed Trove,Map (Tier 1),Solo Self-Found,0,0,0,,unbound,no,,unbound,no,,0,no,,,,,,
1cb923dc0c5f,Acton's Nightmare,Map (Tier 4),Solo Self-Found,0,0,0,,unbound,no,,unbound,no,,0,no,,,,,,
ec0885608291,"Caer Blaidd, Wolfpack's Den",Map (Tier 12),Solo Self-Found,0,0,0,,unbound,no,,unbound,no,,0,no,,,,,,
464b8213e4e0,Perquil's Toe,Gold Amulet,Solo Self-Found,1,1,1,only,one,no,only,one,no,,0,no,,,,,,
1d9ef6f57d72,Araku Tiki,Coral Amulet,Solo Self-Found,1,2,2,Current,one,no,Current,one,no,,0,no,,,,,,
92221e0014fe,Tear of Purity,Lapis Amulet,Solo Self-Found,1,3,3,Current,one,no,Current,one,no,,0,no,,,,,,
6ff8cada066d,Extractor Mentis,Agate Amulet,Solo Self-Found,1,2,2,Current,one,no,Current,one,no,,0,no,,,,,,
4055743d9db9,Greed's Embrace,Golden Plate,Solo Self-Found,1,2,2,Current,one,no,Current,one,no,,0,no,,,,,,
a203ec47473d,Lochtonial Caress,Iron Gauntlets,Solo Self-Found,1,3,3,Current,one,no,Current,one,no,,0,no,,,,,,
e5a58bf043f5,Voidbringer,Conjurer Gloves,Solo Self-Found,1,4,4,Current,one,no,Current,one,no,,0,no,,,,,,
6a75f1329461,Wondertrap,Velvet Slippers,Solo Self-Found,1,3,3,Current,one,no,Current,one,no,,0,no,,,,,,
536dcd302054,Kahuturoa's Certainty,Ancient Greaves,Solo Self-Found,1,1,1,only,one,no,only,one,no,,0,no,,,,,,
b792ab860637,Shavronne's Pace,Scholar Boots,Solo Self-Found,1,4,4,Current,one,no,Current,one,no,,0,no,,,,,,
5d08bb38a79e,Three-step Assault,Shagreen Boots,Solo Self-Found,1,3,3,Current,one,no,Current,one,no,,0,no,,,,,,
2306fb1a5c85,Frostbreath,Ornate Mace,Solo Self-Found,1,3,3,Current,one,no,Current,one,no,,0,no,,,,,,
73c1f75c4aec,Limbsplit,Woodsplitter,Solo Self-Found,1,2,2,Current,one,no,Current,one,no,,0,no,,,,,,
165d1eac7be1,Wideswing,Poleaxe,Solo Self-Found,1,2,2,Current,one,no,Current,one,no,,0,no,,,,,,
b5cd475ae31f,Dyadus,Infernal Axe,Solo Self-Found,1,2,2,Current,one,no,Current,one,no,,0,no,,,,,,
71d30f18eab3,Dreadarc,Cleaver,Solo Self-Found,1,1,1,only,one,no,only,one,no,,0,no,,,,,,
94930ef00198,The Harvest,Jasper Chopper,Solo Self-Found,1,1,1,only,one,no,only,one,no,,0,no,,,,,,
8dac5e1b4df4,The Screaming Eagle,Jade Hatchet,Solo Self-Found,1,2,2,Current,one,no,Current,one,no,,0,no,,,,,,
4f2e3071cb72,Bloodplay,Stiletto,Solo Self-Found,1,2,2,Current,one,no,Current,one,no,,0,no,,,,,,
af3318bcf433,Soul Strike,Spike-Point Arrow Quiver,Solo Self-Found,1,2,2,Current,one,no,Current,one,no,,0,no,,,,,,
a23b5037bce7,Meginord's Girdle,Heavy Belt,Solo Self-Found,1,2,2,Current,one,no,Current,one,no,,0,no,,,,,,
00dda23f8c66,Perandus Blazon,Cloth Belt,Solo Self-Found,1,3,3,Current,one,no,Current,one,no,,0,no,,,,,,
2bc62365023c,Prismweave,Rustic Sash,Solo Self-Found,1,3,3,Current,one,no,Current,one,no,,0,no,,,,,,
b08e69e02136,The Broken Crown,Prophet Crown,Solo Self-Found,1,3,3,Current,one,no,Current,one,no,,0,no,,,,,,
1664eba510a5,Piscator's Vigil,Kinetic Wand,Solo Self-Found,1,5,5,Current,one,no,Current,one,no,,0,no,,,,,,
62962e597587,Shiversting,Bastard Sword,Solo Self-Found,1,3,3,Current,one,no,Current,one,no,,0,no,,,,,,
ee16b4297e33,Lakishu's Blade,Elegant Sword,Solo Self-Found,1,2,2,Current,one,no,Current,one,no,,0,no,,,,,,
01ba35529907,Edge of Madness,Etched Greatsword,Solo Self-Found,1,4,4,Current,one,no,Current,one,no,,0,no,,,,,,
324b2d60210f,Gifts from Above,Diamond Ring,Solo Self-Found,1,2,2,Current,one,no,Current,one,no,,0,no,,,,,,
a3a871117661,Squirming Terror,Unset Ring,Solo Self-Found,1,1,1,only,one,no,only,one,no,,0,no,,,,,,
ef177cd8c8de,Prospero's Protection,Iron Ring,Solo Self-Found,1,1,1,only,one,no,only,one,no,,0,no,,,,,,
73dea620d83d,The Highwayman,Gold Ring,Solo Self-Found,1,2,2,Current,one,no,Current,one,no,,0,no,,,,,,
dc35258170aa,Berek's Pass,Two-Stone Ring,Solo Self-Found,1,2,2,Current,one,no,Current,one,no,,0,no,,,,,,
1b5245a28e0d,Bloodplay,Stiletto,Solo Self-Found,1,2,2,Current,one,no,Current,one,no,,0,no,,,,,,
e6cc09c5c700,Perandus Blazon,Cloth Belt,Solo Self-Found,1,3,3,Current,one,no,Current,one,no,,0,no,,,,,,
3692a49da86b,Fevered Mind,Cobalt Jewel,Solo Self-Found,1,3,3,Current,one,no,Current,one,no,,0,no,,,,,,
91a3d58983a8,Lord of Steel,Viridian Jewel,Solo Self-Found,1,6,6,Impale Overwhelm (Current),one,no,Impale Overwhelm (Current),one,no,,0,no,,,,,,
d5ac937ebcfd,Inertia,Crimson Jewel,Solo Self-Found,1,2,2,Current;Pre 3.20.0,several,yes,Current;Pre 3.20.0,several,yes,,0,no,,,,,,
5d02ca88f2fc,Brawn,Crimson Jewel,Solo Self-Found,1,1,1,only,one,no,only,one,no,,0,no,,,,,,
9a9b11a5fa48,Pacifism,Viridian Jewel,Solo Self-Found,1,1,1,only,one,no,only,one,no,,0,no,,,,,,
1ba305c4a6f2,Overwhelming Odds,Crimson Jewel,Solo Self-Found,1,1,1,only,one,no,only,one,no,,0,no,,,,,,
36ce7547bb48,Lord of Steel,Viridian Jewel,Solo Self-Found,1,6,6,Impale Chance (Current),one,no,Impale Chance (Current),one,no,,0,no,,,,,,
58cab68f5ccb,Brittle Barrier,Cobalt Jewel,Solo Self-Found,1,1,1,only,one,no,only,one,no,,0,no,,,,,,
125b514b0bef,Conqueror's Longevity,Viridian Jewel,Solo Self-Found,1,2,2,Pre 3.16.0,one,no,Pre 3.16.0,one,no,,0,no,,,,,,
5d580e0dc3a5,Sacrificial Harvest,Viridian Jewel,Solo Self-Found,1,1,1,only,one,no,only,one,no,,0,no,,,,,,
a21c8ab7327f,Static Electricity,Viridian Jewel,Solo Self-Found,1,1,1,only,one,no,only,one,no,,0,no,,,,,,
b1c6fe9a1f09,Dead Reckoning,Cobalt Jewel,Solo Self-Found,1,4,4,Pre 3.23.0,one,no,Pre 3.23.0,one,no,,0,no,,,,,,
127d3ff60fea,Energy From Within,Cobalt Jewel,Solo Self-Found,1,3,3,Current;Pre 3.20.0,several,yes,Current;Pre 3.20.0,several,yes,,0,no,,,,,,
21cb0b743d6d,Soul's Wick,Cobalt Jewel,Solo Self-Found,1,2,2,Current;Pre 3.20.0,several,yes,Current;Pre 3.20.0,several,yes,,0,no,,,,,,
dc1256d94f72,Self-Flagellation,Viridian Jewel,Solo Self-Found,1,1,1,only,one,no,only,one,no,,0,no,,,,,,
49f37f0eb652,Survival Secrets,Cobalt Jewel,Solo Self-Found,1,2,2,Pre 3.16.0,one,no,Pre 3.16.0,one,no,,0,no,,,,,,
7d26cdd4e9cf,Primordial Eminence,Viridian Jewel,Solo Self-Found,1,1,1,only,one,no,only,one,no,,0,no,,,,,,
8a57bc76b860,Energised Armour,Crimson Jewel,Solo Self-Found,1,2,2,Current;Pre 3.20.0,several,yes,Current;Pre 3.20.0,several,yes,,0,no,,,,,,
fe4203eb0f27,Malicious Intent,Cobalt Jewel,Solo Self-Found,1,1,1,only,one,no,only,one,no,,0,no,,,,,,
c915ba74d901,Frozen Trail,Cobalt Jewel,Solo Self-Found,1,1,1,only,one,no,only,one,no,,0,no,,,,,,
1d6ab7867733,Careful Planning,Viridian Jewel,Solo Self-Found,1,2,2,Current;Pre 3.20.0,several,yes,Current;Pre 3.20.0,several,yes,,0,no,,,,,,
cf504eb2a12d,The Vigil,Crimson Jewel,Solo Self-Found,1,3,3,Pre 3.14.0,one,no,Pre 3.14.0,one,no,,0,no,,,,,,
c39a66af4313,Conqueror's Efficiency,Crimson Jewel,Solo Self-Found,1,1,1,only,one,no,only,one,no,,0,no,,,,,,
21a2b80f8000,Primordial Harmony,Cobalt Jewel,Solo Self-Found,1,2,2,Current,one,no,Current,one,no,,0,no,,,,,,
05899112449d,Ring of Blades,Viridian Jewel,Solo Self-Found,1,3,3,Pre 3.17.0,one,no,Pre 3.17.0,one,no,,0,no,,,,,,
92bbed6fe721,Survival Instincts,Viridian Jewel,Solo Self-Found,1,2,2,Pre 3.16.0,one,no,Pre 3.16.0,one,no,,0,no,,,,,,
f816737efd72,Poacher's Aim,Viridian Jewel,Solo Self-Found,1,1,1,only,one,no,only,one,no,,0,no,,,,,,
eaf495977ccd,Spirited Response,Cobalt Jewel,Solo Self-Found,1,2,2,Current;Pre 2.6.0,several,yes,Current;Pre 2.6.0,several,yes,,0,no,,,,,,
e53240f8f995,Anatomical Knowledge,Cobalt Jewel,Solo Self-Found,1,1,1,only,one,no,only,one,no,,0,no,,,,,,
8dab89438352,Cheap Construction,Viridian Jewel,Solo Self-Found,1,1,1,only,one,no,only,one,no,,0,no,,,,,,
e7b46cca5d7d,Inevitability,Cobalt Jewel,Solo Self-Found,1,2,2,Current,one,no,Current,one,no,,0,no,,,,,,
05bf5413e3be,Rain of Splinters,Crimson Jewel,Solo Self-Found,1,2,2,Current;Pre 3.20.0,several,yes,Current;Pre 3.20.0,several,yes,,0,no,,,,,,
7974489e1779,Spire of Stone,Crimson Jewel,Solo Self-Found,1,1,1,only,one,no,only,one,no,,0,no,,,,,,
5ecef39e5116,Mantra of Flames,Crimson Jewel,Solo Self-Found,1,1,1,only,one,no,only,one,no,,0,no,,,,,,
a2d16527c5ac,Omen on the Winds,Viridian Jewel,Solo Self-Found,1,2,2,Current,one,no,Current,one,no,,0,no,,,,,,
cd04bfe3ca27,Volley Fire,Viridian Jewel,Solo Self-Found,1,3,3,Current,one,no,Current,one,no,,0,no,,,,,,
e160d5ce3e06,Might and Influence,Viridian Jewel,Solo Self-Found,1,6,21,,none,no,Claw | Mace,one,no,selection,0,no,,,,,,
0430b3e2ecb3,Wildfire,Crimson Jewel,Solo Self-Found,1,2,2,Current,one,no,Current,one,no,,0,no,,,,,,
82c9fbd2fa5c,Warlord's Reach,Crimson Jewel,Solo Self-Found,1,2,2,Pre 3.16.0,one,no,Pre 3.16.0,one,no,,0,no,,,,,,
0f7588e053ef,Growing Agony,Viridian Jewel,Solo Self-Found,1,2,2,Current,one,no,Current,one,no,,0,no,,,,,,
60278a940edd,Combat Focus,Viridian Jewel,Solo Self-Found,3,6,6,Current,one,no,Current,one,no,,0,no,,,,,,
e74dfe17bd3e,Unstable Payload,Cobalt Jewel,Solo Self-Found,1,1,1,only,one,no,only,one,no,,0,no,,,,,,
81845de57a42,First Snow,Cobalt Jewel,Solo Self-Found,1,1,1,only,one,no,only,one,no,,0,no,,,,,,
c3a8c6aa4349,Blood Sacrifice,Crimson Jewel,Solo Self-Found,1,1,1,only,one,no,only,one,no,,0,no,,,,,,
600331eba7d9,Rolling Flames,Cobalt Jewel,Solo Self-Found,1,3,3,Current,one,no,Current,one,no,,0,no,,,,,,
1eb6aefb4e37,Assassin's Haste,Cobalt Jewel,Solo Self-Found,1,1,1,only,one,no,only,one,no,,0,no,,,,,,
a0378ed96dc9,Fireborn,Crimson Jewel,Solo Self-Found,1,1,1,only,one,no,only,one,no,,0,no,,,,,,
ce9de8778de0,Powerlessness,Cobalt Jewel,Solo Self-Found,1,1,1,only,one,no,only,one,no,,0,no,,,,,,
a658dda433ec,Hotheaded,Viridian Jewel,Solo Self-Found,1,2,2,Current,one,no,Current,one,no,,0,no,,,,,,
77fa844dcba5,Fragile Bloom,Crimson Jewel,Solo Self-Found,1,2,2,Current,one,no,Current,one,no,,0,no,,,,,,
b1863b691ba0,Hazardous Research,Cobalt Jewel,Solo Self-Found,1,2,2,,none,no,,none,no,,0,no,,,,,no-text-match,"With at least 40 Intelligence in Radius, Spark fires 2 additional Projectiles"
9b0c320533fb,Fight for Survival,Viridian Jewel,Solo Self-Found,1,1,1,only,one,no,only,one,no,,0,no,,,,,,
41c68ef5e819,Tempered Spirit,Viridian Jewel,Solo Self-Found,1,2,2,Current,one,no,Current,one,no,,0,no,,,,,,
00750e79c015,Survival Skills,Crimson Jewel,Solo Self-Found,1,2,2,Pre 3.16.0,one,no,Pre 3.16.0,one,no,,0,no,,,,,,
109ead9730cc,Martial Artistry,Crimson Jewel,Solo Self-Found,1,2,2,Current,one,no,Current,one,no,,0,no,,,,,,
fd2aa2aa1621,Hair Trigger,Viridian Jewel,Solo Self-Found,1,2,2,Current,one,no,Current,one,no,,0,no,,,,,,
17837137deaa,Spirit Guards,Viridian Jewel,Solo Self-Found,1,3,3,Pre 3.20.0,one,no,Pre 3.20.0,one,no,,0,no,,,,,,
c9013f0878da,Coated Shrapnel,Crimson Jewel,Solo Self-Found,1,2,2,Current,one,no,Current,one,no,,0,no,,,,,,
a8b9eb07e241,Conqueror's Potency,Cobalt Jewel,Solo Self-Found,1,1,1,only,one,no,only,one,no,,0,no,,,,,,
5a137a10c415,Seething Fury,Viridian Jewel,Solo Self-Found,1,3,3,Current;Pre 3.20.0,several,yes,Current;Pre 3.20.0,several,yes,,0,no,,,,,,
51f22372482b,Rapid Expansion,Crimson Jewel,Solo Self-Found,1,3,3,Current,one,no,Current,one,no,,0,no,,,,,,
06d2803b55ff,Spreading Rot,Cobalt Jewel,Solo Self-Found,1,2,2,Current;Pre 3.17.0,several,yes,Current;Pre 3.17.0,several,yes,,0,no,,,,,,
e74fc4107abb,Maelström of Chaos,Map (Tier 5),Solo Self-Found,0,0,0,,unbound,no,,unbound,no,,0,no,,,,,,
2abaf6a3afdd,Mao Kun,Map (Tier 4),Solo Self-Found,0,0,0,,unbound,no,,unbound,no,,0,no,,,,,,
d61e453008ef,Whakawairua Tuahu,Map (Tier 2),Solo Self-Found,0,0,0,,unbound,no,,unbound,no,,0,no,,,,,,
dc9c9a717c27,Aukuna's Will,Clasped Mitts,Solo Self-Found,1,1,1,only,one,no,only,one,no,,0,no,,,,,,
a9f37833a05a,Snakebite,Assassin's Mitts,Solo Self-Found,1,3,3,Current,one,no,Current,one,no,,0,no,,,,,,
79c9f9ecc316,Vaal Caress,Bronzescale Gauntlets,Solo Self-Found,1,3,3,Pre 3.19.0,one,no,Pre 3.19.0,one,no,,0,no,,,,,,
3a66ace27ace,Haemophilia,Serpentscale Gauntlets,Solo Self-Found,1,1,1,,none,no,,none,no,,0,no,,,,,no-text-match,Curse Enemies with Elemental Weakness on Hit
b56954124a74,Veruso's Battering Rams,Titan Gauntlets,Solo Self-Found,1,1,1,only,one,no,only,one,no,,0,no,,,,,,
dcf95acbfcc8,Doedre's Tenure,Velvet Gloves,Solo Self-Found,1,3,3,Pre 3.19.0,one,no,Pre 3.19.0,one,no,,0,no,,,,,,
69171a463686,Facebreaker,Strapped Mitts,Solo Self-Found,1,6,6,Current;Pre 3.26.0,several,yes,Current;Pre 3.26.0,several,yes,,0,no,,,,,,
b92f25afb308,Slitherpinch,Bronzescale Gauntlets,Solo Self-Found,1,2,2,Current,one,no,Current,one,no,,0,no,,,,,,
abdcf0073e20,Hrimsorrow,Goathide Gloves,Solo Self-Found,1,3,3,Pre 3.19.0,one,no,Pre 3.19.0,one,no,,0,no,,,,,,
ff902e5a050b,Southbound,Soldier Gloves,Solo Self-Found,1,3,3,Pre 3.19.0,one,no,Pre 3.19.0,one,no,,0,no,,,,,,
752bfd01d17e,Sadima's Touch,Wool Gloves,Solo Self-Found,1,4,4,Pre 3.25.0,one,no,Pre 3.25.0,one,no,,0,no,,,,,,
a6f05fcc75f8,Giantsbane,Bronze Gauntlets,Solo Self-Found,1,2,2,Pre 3.19.0,one,no,Pre 3.19.0,one,no,,0,no,,,,,,
96fcba908b67,Allelopathy,Sorcerer Gloves,Solo Self-Found,1,3,3,Pre 3.19.0,one,no,Pre 3.19.0,one,no,,0,no,,,,,,
053f9a4d57ed,Flesh and Spirit,Ironscale Gauntlets,Solo Self-Found,1,1,1,only,one,no,only,one,no,,0,no,,,,,,
3a1d0a53e0b2,Lochtonial Caress,Iron Gauntlets,Solo Self-Found,1,3,3,Pre 3.19.0,one,no,Pre 3.19.0,one,no,,0,no,,,,,,
a3536dbfbc49,Triad Grip,Mesh Gloves,Solo Self-Found,1,2,2,Pre 3.29.0,one,no,Pre 3.29.0,one,no,,0,no,,,,,,
fa9b2b88d8b3,Kalisa's Grace,Samite Gloves,Solo Self-Found,1,1,1,only,one,no,only,one,no,,0,no,,,,,,
da6969488dde,Surgebinders,Dragonscale Gauntlets,Solo Self-Found,1,2,2,Current,one,no,Current,one,no,,0,no,,,,,,
08f549547538,Ondar's Clasp,Wrapped Mitts,Solo Self-Found,1,3,3,Pre 3.19.0,one,no,Pre 3.19.0,one,no,,0,no,,,,,,
0230ceb82619,Meginord's Vise,Steel Gauntlets,Solo Self-Found,1,4,4,Pre 3.19.0,one,no,Pre 3.19.0,one,no,,0,no,,,,,,
a5e2370f4a06,Wyrmsign,Wyrmscale Gauntlets,Solo Self-Found,1,2,2,Pre 3.29.0,one,no,Pre 3.29.0,one,no,,0,no,,,,,,
865a5edbcc19,Shadows and Dust,Clasped Mitts,Solo Self-Found,1,3,3,Current,one,no,Current,one,no,,0,no,,,,,,
9e8347c6e54c,Shackles of the Wretched,Chain Gloves,Solo Self-Found,1,2,2,Current,one,no,Current,one,no,,0,no,,,,,,
b3a4e9ce23f1,Doedre's Malevolence,Velvet Gloves,Solo Self-Found,1,2,2,Current,one,no,Current,one,no,,0,no,,,,,,
c80cdd35344d,Winds of Change,Ancient Gauntlets,Solo Self-Found,1,2,2,Current,one,no,Current,one,no,,0,no,,,,,,
bb5c5a838f91,Painseeker,Shagreen Gloves,Solo Self-Found,1,1,1,only,one,no,only,one,no,,0,no,,,,,,
0fa7aa04007b,The Embalmer,Carnal Mitts,Solo Self-Found,1,1,1,only,one,no,only,one,no,,0,no,,,,,,
f9cfc99a8382,Mutewind Whispersteps,Serpentscale Boots,Solo Self-Found,1,2,2,Current,one,no,Current,one,no,,0,no,,,,,,
0826c699c0f7,Goldwyrm,Nubuck Boots,Solo Self-Found,1,3,3,Pre 3.25.0,one,no,Pre 3.25.0,one,no,,0,no,,,,,,
6ca53987d48b,Deerstalker,Deerskin Boots,Solo Self-Found,1,3,3,Pre 3.19.0,one,no,Pre 3.19.0,one,no,,0,no,,,,,,
533c1658eb73,Torchoak Step,Antique Greaves,Solo Self-Found,1,2,2,Current,one,no,Current,one,no,,0,no,,,,,,
ca9eeacfed03,Corpsewalker,Carnal Boots,Solo Self-Found,1,2,2,Pre 3.19.0,one,no,Pre 3.19.0,one,no,,0,no,,,,,,
11f95403470a,Steppan Eard,Sorcerer Boots,Solo Self-Found,1,2,2,Current,one,no,Current,one,no,,0,no,,,,,,
57c247e87a59,Sundance,Clasped Boots,Solo Self-Found,1,2,2,Current,one,no,Current,one,no,,0,no,,,,,,
e57ee6aac501,Victario's Flight,Goathide Boots,Solo Self-Found,1,3,3,Pre 3.19.0,one,no,Pre 3.19.0,one,no,,0,no,,,,,,
6d878c3add45,Wondertrap,Velvet Slippers,Solo Self-Found,1,3,3,Current;Pre 3.19.0,several,yes,Current;Pre 3.19.0,several,yes,,0,no,,,,,,
7e0d0465112f,Windscream,Reinforced Greaves,Solo Self-Found,1,3,3,Pre 3.19.0,one,no,Pre 3.19.0,one,no,,0,no,,,,,,
3b0e81f3ed41,Bones of Ullr,Silk Slippers,Solo Self-Found,1,1,1,only,one,no,only,one,no,,0,no,,,,,,
25492ecf9a54,Alberon's Warpath,Soldier Boots,Solo Self-Found,1,2,2,Pre 3.19.0,one,no,Pre 3.19.0,one,no,,0,no,,,,,,
29791a93ddae,Bubonic Trail,Murder Boots,Solo Self-Found,1,4,4,One Abyssal Socket (Pre 3.21.0),one,no,One Abyssal Socket (Pre 3.21.0),one,no,,0,no,,,,,,
215b22bad64f,Gang's Momentum,Legion Boots,Solo Self-Found,1,2,2,Current,one,no,Current,one,no,,0,no,,,,,,
6945f052d79a,Shavronne's Pace,Scholar Boots,Solo Self-Found,1,4,4,Pre 3.19.0,one,no,Pre 3.19.0,one,no,,0,no,,,,,,
056fc9fa8363,Nomic's Storm,Strapped Boots,Solo Self-Found,1,3,3,Current,one,no,Current,one,no,,0,no,,,,,,
c129f4e93197,Three-step Assault,Shagreen Boots,Solo Self-Found,1,3,3,Pre 3.16.0,one,no,Pre 3.16.0,one,no,,0,no,,,,,,
1bc8532732a9,Stormcharger,Plated Greaves,Solo Self-Found,1,2,2,Pre 3.19.0,one,no,Pre 3.19.0,one,no,,0,no,,,,,,
cdb21bf753d3,The Blood Dance,Sharkskin Boots,Solo Self-Found,1,4,4,Current,one,no,Current,one,no,,0,no,,,,,,
59311406a0e2,Darkray Vectors,Dragonscale Boots,Solo Self-Found,1,3,3,Pre 3.16.0,one,no,Pre 3.16.0,one,no,,0,no,,,,,,
b325cd53147b,Wanderlust,Wool Shoes,Solo Self-Found,1,1,1,only,one,no,only,one,no,,0,no,,,,,,
e8a6a186effd,Wake of Destruction,Mesh Boots,Solo Self-Found,1,3,3,Current,one,no,Current,one,no,,0,no,,,,,,
0e2b96fe9e32,Dusktoe,Ironscale Boots,Solo Self-Found,1,4,4,Pre 3.19.0,one,no,Pre 3.19.0,one,no,,0,no,,,,,,
5532b1441fa4,Ralakesh's Impatience,Riveted Boots,Solo Self-Found,1,5,5,,none,no,,none,no,,0,no,,,,,variant-line-not-displayed,"Lose all Frenzy, Endurance, and Power Charges when you Move"
557aad6f247f,Lori's Lantern,Prismatic Ring,Solo Self-Found,1,2,2,Current;Pre 1.0.0,several,yes,Current;Pre 1.0.0,several,yes,,0,no,,,,,,
fcff574b89d6,Heartbound Loop,Moonstone Ring,Solo Self-Found,1,1,1,only,one,no,only,one,no,,0,no,,,,,,
7b1296e3179c,Doedre's Damning,Paua Ring,Solo Self-Found,1,2,2,Current;Pre 3.19.0,several,yes,Current;Pre 3.19.0,several,yes,,0,no,,,,,,
738545afcd11,Emberwake,Ruby Ring,Solo Self-Found,1,5,5,Pre 3.16.0,one,no,Pre 3.16.0,one,no,,0,no,,,,,,
693f01ee959e,Andvarius,Gold Ring,Solo Self-Found,1,1,1,only,one,no,only,one,no,,0,no,,,,,,
3fa9d08e6be1,Blackheart,Iron Ring,Solo Self-Found,1,2,2,Pre 3.19.0,one,no,Pre 3.19.0,one,no,,0,no,,,,,,
3ddf659f74c3,Pyre,Sapphire Ring,Solo Self-Found,1,3,3,Current,one,no,Current,one,no,,0,no,,,,,,
88b91f5f0f35,Romira's Banquet,Diamond Ring,Solo Self-Found,1,3,3,Current,one,no,Current,one,no,,0,no,,,,,,
37c6020bddd8,Kaom's Sign,Coral Ring,Solo Self-Found,1,3,3,Pre 3.19.0,one,no,Pre 3.19.0,one,no,,0,no,,,,,,
5a987d95dd14,Ming's Heart,Amethyst Ring,Solo Self-Found,1,4,4,,none,no,,none,no,,0,no,,,,,number-outside-range,+13% to Chaos Resistance
a5087607af75,Mark of Submission,Unset Ring,Solo Self-Found,1,1,1,only,one,no,only,one,no,,0,no,,,,,,
8eebf9ea87b5,Malachai's Artifice,Unset Ring,Solo Self-Found,1,2,2,Current,one,no,Current,one,no,,0,no,,,,,,
df7808aafbac,Gifts from Above,Diamond Ring,Solo Self-Found,1,2,2,Current,one,no,Current,one,no,,0,no,,,,,,
096b684e3f39,Kikazaru,Topaz Ring,Solo Self-Found,1,4,4,Pre 3.19.0,one,no,Pre 3.19.0,one,no,,0,no,,,,,,
f9bd3d778e9b,Tasalio's Sign,Sapphire Ring,Solo Self-Found,1,2,2,Current,one,no,Current,one,no,,0,no,,,,,,
d401061ca754,Essence Worm,Unset Ring,Solo Self-Found,1,1,1,only,one,no,only,one,no,,0,no,,,,,,
e0001bd8871e,Timeclasp,Moonstone Ring,Solo Self-Found,1,4,4,Pre 3.17.0,one,no,Pre 3.17.0,one,no,,0,no,,,,,,
3a5c572cda54,Ngamahu's Sign,Ruby Ring,Solo Self-Found,1,4,4,Pre 3.19.0,one,no,Pre 3.19.0,one,no,,0,no,,,,,,
55325839c039,Mokou's Embrace,Ruby Ring,Solo Self-Found,1,2,2,Pre 3.19.0,one,no,Pre 3.19.0,one,no,,0,no,,,,,,
129226165bad,Thief's Torment,Prismatic Ring,Solo Self-Found,1,6,6,Pre 3.19.0,one,no,Pre 3.19.0,one,no,,0,no,,,,,,
089719cc308c,Praxis,Paua Ring,Solo Self-Found,1,2,2,Pre 3.29.0,one,no,Pre 3.29.0,one,no,,0,no,,,,,,
62fac1868383,Valyrium,Moonstone Ring,Solo Self-Found,1,2,2,Current,one,no,Current,one,no,,0,no,,,,,,
93243d497420,Dream Fragments,Sapphire Ring,Solo Self-Found,1,2,2,Current,one,no,Current,one,no,,0,no,,,,,,
c791b6ebb806,The Warden's Brand,Iron Ring,Solo Self-Found,1,1,1,only,one,no,only,one,no,,0,no,,,,,,
9dee5497a57b,Bloodboil,Coral Ring,Solo Self-Found,1,2,2,Current,one,no,Current,one,no,,0,no,,,,,,
c55f8bb0a5f7,Ezomyte Peak,Iron Hat,Solo Self-Found,1,2,2,Pre 3.19.0,one,no,Pre 3.19.0,one,no,,0,no,,,,,,
e7ffe6d33dd7,Rime Gaze,Mind Cage,Solo Self-Found,1,6,6,Pre 3.16.0,one,no,Pre 3.16.0,one,no,,0,no,,,,,,
50f0d01b3ba6,Malachai's Simula,Iron Mask,Solo Self-Found,1,6,6,Pre 3.17.0;Pre 3.19.0;Pre 3.7.0,several,no,Pre 3.17.0;Pre 3.19.0;Pre 3.7.0,several,no,,0,no,,,,,,
30f1c4cf683e,The Bringer of Rain,Nightmare Bascinet,Solo Self-Found,1,5,5,Pre 3.19.0,one,no,Pre 3.19.0,one,no,,0,no,,,,,,
031f5c3351a3,Devoto's Devotion,Nightmare Bascinet,Solo Self-Found,1,1,1,only,one,no,only,one,no,,0,no,,,,,,
2515da13e158,Wreath of Phrecia,Iron Circlet,Solo Self-Found,1,1,1,only,one,no,only,one,no,,0,no,,,,,,
5aae17146390,Crown of the Pale King,Regicide Mask,Solo Self-Found,1,3,3,Pre 3.19.0,one,no,Pre 3.19.0,one,no,,0,no,,,,,,
3c8ad8d82135,Starkonja's Head,Silken Hood,Solo Self-Found,1,2,2,Current,one,no,Current,one,no,,0,no,,,,,,
a30aba371593,The Devouring Diadem,Necromancer Circlet,Solo Self-Found,1,38,38,,none,no,,none,no,,0,no,,,,,number-outside-range,Socketed Gems have 20% increased Reservation Efficiency
82583ee05a39,Cowl of the Thermophile,Ezomyte Burgonet,Solo Self-Found,1,1,1,,none,no,,none,no,,0,no,,,,,variant-line-not-displayed,This item can be anointed by Cassia
aa3e3f18a0f7,The Peregrine,Visored Sallet,Solo Self-Found,1,3,3,Current,one,no,Current,one,no,,0,no,,,,,,
9ea2571f17ff,Hrimnor's Resolve,Samnite Helmet,Solo Self-Found,1,3,3,,none,no,,none,no,,0,no,,,,,variant-line-not-displayed,10% increased Stun and Block Recovery
28c53754534a,Obscurantis,Lion Pelt,Solo Self-Found,1,2,2,Current,one,no,Current,one,no,,0,no,,,,,,
019f07e103df,Leer Cast,Festival Mask,Solo Self-Found,1,2,2,Pre 3.19.0,one,no,Pre 3.19.0,one,no,,0,no,,,,,,
aced278b328b,Voll's Vision,Praetor Crown,Solo Self-Found,1,2,2,Pre 3.19.0,one,no,Pre 3.19.0,one,no,,0,no,,,,,,
b3c5e0425562,Kitava's Thirst,Zealot Helmet,Solo Self-Found,1,2,2,Current,one,no,Current,one,no,,0,no,,,,,,
ae3aa35a2b64,Crown of Thorns,Vine Circlet,Solo Self-Found,1,3,3,Pre 3.19.0,one,no,Pre 3.19.0,one,no,,0,no,,,,,,
9c8c9a0729b0,Asenath's Mark,Iron Circlet,Solo Self-Found,1,3,3,Pre 3.19.0,one,no,Pre 3.19.0,one,no,,0,no,,,,,,
bc7a612da56e,Abyssus,Ezomyte Burgonet,Solo Self-Found,1,3,3,Current;Pre 2.2.0,several,yes,Current;Pre 2.2.0,several,yes,,0,no,,,,,,
1af003bf2be0,Skullhead,Secutor Helm,Solo Self-Found,1,3,3,Pre 3.19.0,one,no,Pre 3.19.0,one,no,,0,no,,,,,,
3df080542a5b,Geofri's Crest,Great Crown,Solo Self-Found,1,3,3,,none,no,,none,no,,0,no,,,,,variant-line-not-displayed,+1 to maximum number of Summoned Holy Relics
cb18e15991f9,Doedre's Scorn,Lunaris Circlet,Solo Self-Found,1,3,3,Pre 3.19.0,one,no,Pre 3.19.0,one,no,,0,no,,,,,,
5ca80db955e1,The Gull,Raven Mask,Solo Self-Found,1,4,4,Pre 3.29.0,one,no,Pre 3.29.0,one,no,,0,no,,,,,,
58ba1c17c45f,Rat's Nest,Ursine Pelt,Solo Self-Found,1,1,1,only,one,no,only,one,no,,0,no,,,,,,
3135b2952a7b,Mind of the Council,Harlequin Mask,Solo Self-Found,1,2,2,Current,one,no,Current,one,no,,0,no,,,,,,
81044da76b2c,The Broken Crown,Prophet Crown,Solo Self-Found,1,3,3,Current,one,no,Current,one,no,,0,no,,,,,,
d0d82767546b,Mark of the Red Covenant,Tribal Circlet,Solo Self-Found,1,3,3,,none,no,,none,no,,0,no,,,,,variant-line-not-displayed,(10-15)% increased Stun and Block Recovery
af706e06519f,Fairgraves' Tricorne,Tricorne,Solo Self-Found,1,2,2,,none,no,,none,no,,0,no,,,,,variant-line-not-displayed,15% increased Stun and Block Recovery
397334e6abcb,The Baron,Close Helmet,Solo Self-Found,1,2,2,Current,one,no,Current,one,no,,0,no,,,,,,
73823406f9b4,Curtain Call,Plague Mask,Solo Self-Found,1,1,1,only,one,no,only,one,no,,0,no,,,,,,
deb4598fce19,Heatshiver,Leather Hood,Solo Self-Found,1,4,4,Pre 3.19.0,one,no,Pre 3.19.0,one,no,,0,no,,,,,,
0382931dd01e,Deidbell,Gilded Sallet,Solo Self-Found,1,3,3,Pre 3.19.0,one,no,Pre 3.19.0,one,no,,0,no,,,,,,
28baba1e00f0,Goldrim,Leather Cap,Solo Self-Found,1,1,1,only,one,no,only,one,no,,0,no,,,,,,
9f404ee07c0c,Alpha's Howl,Sinner Tricorne,Solo Self-Found,1,1,1,only,one,no,only,one,no,,0,no,,,,,,
9eae52e56d8e,Speaker's Wreath,Prophet Crown,Solo Self-Found,1,1,1,only,one,no,only,one,no,,0,no,,,,,,
51eb071ea68a,Veil of the Night,Great Helmet,Solo Self-Found,1,1,1,only,one,no,only,one,no,,0,no,,,,,,
82de378df840,Ahn's Contempt,Praetor Crown,Solo Self-Found,1,1,1,only,one,no,only,one,no,,0,no,,,,,,
231de0e3a2e2,Deidbellow,Gilded Sallet,Solo Self-Found,1,2,2,Current,one,no,Current,one,no,,0,no,,,,,,
f687998306b6,The Three Dragons,Golden Mask,Solo Self-Found,1,1,1,only,one,no,only,one,no,,0,no,,,,,,
5b88e5cad82f,Bitterdream,Shadow Sceptre,Solo Self-Found,1,1,1,,none,no,,none,no,,0,no,,,,,number-outside-range,Socketed Gems are Supported by Level 1 Bonechill
535198701dd4,Marohi Erqi,Karui Maul,Solo Self-Found,1,7,7,Pre 3.19.0,one,no,Pre 3.19.0,one,no,,0,no,,,,,,
f39f838721ba,Voidhome,Dread Maul,Solo Self-Found,1,2,2,Current,one,no,Current,one,no,,0,no,,,,,,
f377900ba424,Brain Rattler,Meatgrinder,Solo Self-Found,1,4,4,Pre 3.26.0,one,no,Pre 3.26.0,one,no,,0,no,,,,,,
f30248c1c263,Hrimnor's Dirge,Sledgehammer,Solo Self-Found,1,2,2,Current,one,no,Current,one,no,,0,no,,,,,,
a080e44ef4a8,The Black Cane,Royal Sceptre,Solo Self-Found,1,1,1,only,one,no,only,one,no,,0,no,,,,,,
3310271bf51b,Chober Chaber,Great Mallet,Solo Self-Found,1,3,3,Current,one,no,Current,one,no,,0,no,,,,,,
478c2e1be0bc,Brightbeak,War Hammer,Solo Self-Found,1,3,3,Current,one,no,Current,one,no,,0,no,,,,,,
3b997b2cb848,Axiom Perpetuum,Bronze Sceptre,Solo Self-Found,1,2,2,Current,one,no,Current,one,no,,0,no,,,,,,
f4b023926317,Flesh-Eater,Dream Mace,Solo Self-Found,1,2,2,Current,one,no,Current,one,no,,0,no,,,,,,
7a92508e6166,Earendel's Embrace,Grinning Fetish,Solo Self-Found,1,1,1,only,one,no,only,one,no,,0,no,,,,,,
562ac1efee7f,Singularity,Platinum Sceptre,Solo Self-Found,1,4,4,Pre 3.19.0,one,no,Pre 3.19.0,one,no,,0,no,,,,,,
e2831da89ebf,Clayshaper,Rock Breaker,Solo Self-Found,1,3,3,Pre 3.19.0,one,no,Pre 3.19.0,one,no,,0,no,,,,,,
52a802809397,Quecholli,Jagged Maul,Solo Self-Found,1,2,2,,none,no,,none,no,,0,no,,,,,no-text-match,"Enemies Killed with Attack or Spell Hits Explode, dealing 10% of their Life as Fire Damage"
e436c8e9d7cc,Gorebreaker,Spiked Club,Solo Self-Found,1,2,2,,none,no,,none,no,,0,no,,,,,no-text-match,Extra gore
01861118f0bc,Geofri's Baptism,Brass Maul,Solo Self-Found,1,2,2,Current,one,no,Current,one,no,,0,no,,,,,,
cdd1a388f2c3,Frostbreath,Ornate Mace,Solo Self-Found,1,3,3,Current,one,no,Current,one,no,,0,no,,,,,,
08f4d0d72f4f,Cameria's Maul,Gavel,Solo Self-Found,1,2,2,Current,one,no,Current,one,no,,0,no,,,,,,
8f37b9014145,Nycta's Lantern,Crystal Sceptre,Solo Self-Found,1,5,5,Pre 3.19.0,one,no,Pre 3.19.0,one,no,,0,no,,,,,,
3bdb4912ff97,Siegebreaker,Heavy Belt,Solo Self-Found,1,1,1,only,one,no,only,one,no,,0,no,,,,,,
153a368fb6c2,Faminebind,Rustic Sash,Solo Self-Found,1,1,1,,none,no,,none,no,,0,no,,,,,no-text-match,4% increased Dexterity
5a0182c21c68,Immortal Flesh,Leather Belt,Solo Self-Found,1,4,4,Pre 3.19.0,one,no,Pre 3.19.0,one,no,,0,no,,,,,,
4075f362d1fe,Meginord's Girdle,Heavy Belt,Solo Self-Found,1,2,2,Pre 2.0.0,one,no,Pre 2.0.0,one,no,,0,no,,,,,,
f881a6bccf0c,Sunblast,Cloth Belt,Solo Self-Found,1,2,2,Pre 3.19.0,one,no,Pre 3.19.0,one,no,,0,no,,,,,,
20dfd5acc9bd,The Magnate,Studded Belt,Solo Self-Found,1,3,3,Pre 3.19.0,one,no,Pre 3.19.0,one,no,,0,no,,,,,,
71fc8bf9991d,Perandus Blazon,Cloth Belt,Solo Self-Found,1,3,3,Pre 1.1.0;Pre 3.25.0,several,no,Pre 1.1.0;Pre 3.25.0,several,no,,0,no,,,,,,
1b6a651a2e8a,Soulthirst,Cloth Belt,Solo Self-Found,1,1,1,only,one,no,only,one,no,,0,no,,,,,,
6ca4509873c4,The Druggery,Cloth Belt,Solo Self-Found,1,1,1,only,one,no,only,one,no,,0,no,,,,,,
dee58ef3b4f7,Bated Breath,Chain Belt,Solo Self-Found,1,2,2,Current,one,no,Current,one,no,,0,no,,,,,,
38a9b03442eb,Gluttony,Leather Belt,Solo Self-Found,1,2,2,Current,one,no,Current,one,no,,0,no,,,,,,
425d9efbedb4,String of Servitude,Heavy Belt,Solo Self-Found,1,22,22,Crit Chance during Flask Effect,one,no,Crit Chance during Flask Effect,one,no,,0,no,,,,,,
1500063df6c1,Maligaro's Restraint,Chain Belt,Solo Self-Found,1,1,1,only,one,no,only,one,no,,0,no,,,,,,
c77033ab7546,Soul Tether,Cloth Belt,Solo Self-Found,1,1,1,only,one,no,only,one,no,,0,no,,,,,,
8259ca05881c,Wurm's Molt,Leather Belt,Solo Self-Found,1,2,2,Pre 3.19.0,one,no,Pre 3.19.0,one,no,,0,no,,,,,,
5ceb61ac7024,Belt of the Deceiver,Heavy Belt,Solo Self-Found,1,2,2,Current,one,no,Current,one,no,,0,no,,,,,,
1f29db64b1d3,Ascent From Flesh,Chain Belt,Solo Self-Found,1,3,3,Pre 3.16.0,one,no,Pre 3.16.0,one,no,,0,no,,,,,,
3c80d116b57e,Dyadian Dawn,Heavy Belt,Solo Self-Found,1,2,2,Current,one,no,Current,one,no,,0,no,,,,,,
3819877614a0,Darkness Enthroned,Stygian Vise,Solo Self-Found,1,3,3,Current;Pre 3.21.0,several,yes,Current;Pre 3.21.0,several,yes,,0,no,,,,,,
333379c59e34,Icetomb,Latticed Ringmail,Solo Self-Found,1,3,3,Pre 3.19.0,one,no,Pre 3.19.0,one,no,,0,no,,,,,,
dbfaacbcc628,Shroud of the Lightless,Carnal Armour,Solo Self-Found,1,7,7,One Abyssal Socket (Pre 3.21.0),one,no,One Abyssal Socket (Pre 3.21.0),one,no,,0,no,,,,,,
c3cd6a45c3fc,Chains of Command,Saintly Chainmail,Solo Self-Found,1,1,1,only,one,no,only,one,no,,0,no,,,,,,
5115543d330e,Foxshade,Wild Leather,Solo Self-Found,1,3,3,Pre 3.19.0,one,no,Pre 3.19.0,one,no,,0,no,,,,,,
2a6d741f23a5,The Covenant,Spidersilk Robe,Solo Self-Found,1,6,6,Pre 3.19.0,one,no,Pre 3.19.0,one,no,,0,no,,,,,,
64bdaeef40d2,Zahndethus' Cassock,Sage's Robe,Solo Self-Found,1,4,4,Current,one,no,Current,one,no,,0,no,,,,,,
0c7fa1ba4c2e,The Iron Fortress,Crusader Plate,Solo Self-Found,1,1,1,only,one,no,only,one,no,,0,no,,,,,,
e847775edd73,Belly of the Beast,Full Wyrmscale,Solo Self-Found,1,1,1,only,one,no,only,one,no,,0,no,,,,,,
d7ad73ce5eb7,Kingsguard,Conquest Chainmail,Solo Self-Found,1,1,1,only,one,no,only,one,no,,0,no,,,,,,
188a3f21d6a3,Ambu's Charge,Crusader Chainmail,Solo Self-Found,1,5,5,Pre 3.19.0,one,no,Pre 3.19.0,one,no,,0,no,,,,,,
91edaa593fa7,Dendrobate,Sentinel Jacket,Solo Self-Found,1,1,1,only,one,no,only,one,no,,0,no,,,,,,
ea673cb68597,Tabula Rasa,Simple Robe,Solo Self-Found,1,1,1,only,one,no,only,one,no,,0,no,,,,,,
60d378df3dfb,Soul Mantle,Spidersilk Robe,Solo Self-Found,1,5,5,Pre 3.17.0,one,no,Pre 3.17.0,one,no,,0,no,,,,,,
e1357d9173ba,Bronn's Lithe,Cutthroat's Garb,Solo Self-Found,1,4,4,Pre 3.19.0,one,no,Pre 3.19.0,one,no,,0,no,,,,,,
0fda9def870d,Bramblejack,Plate Vest,Solo Self-Found,1,2,2,Pre 3.19.0,one,no,Pre 3.19.0,one,no,,0,no,,,,,,
cce75844fc88,Fox's Fortune,Wild Leather,Solo Self-Found,1,1,1,only,one,no,only,one,no,,0,no,,,,,,
f71530a20f35,Cloak of Flame,Scholar's Robe,Solo Self-Found,1,2,2,Pre 3.19.0,one,no,Pre 3.19.0,one,no,,0,no,,,,,,
dc0fec5b5ff2,Infernal Mantle,Widowsilk Robe,Solo Self-Found,1,5,5,Pre 3.14.0,one,no,Pre 3.14.0,one,no,,0,no,,,,,,
c66275487d81,The Restless Ward,Carnal Armour,Solo Self-Found,1,3,3,Pre.3.19.0,one,no,Pre.3.19.0,one,no,,0,no,,,,,,
c5074aca8121,Ashrend,Buckskin Tunic,Solo Self-Found,1,3,3,Pre 3.19.0,one,no,Pre 3.19.0,one,no,,0,no,,,,,,
058949752d3d,The Rat Cage,Sharkskin Tunic,Solo Self-Found,1,3,3,3.19.0,one,no,3.19.0,one,no,,0,no,,,,,,
cd8338f2068b,Yriel's Fostering,Exquisite Leather,Solo Self-Found,1,6,6,,none,no,,none,no,,0,no,,,,,no-text-match,Projectiles from Attacks have 20% chance to inflict Bleeding on Hit while
d1d9566ee77e,Thousand Ribbons,Simple Robe,Solo Self-Found,1,3,3,Pre 3.19.0,one,no,Pre 3.19.0,one,no,,0,no,,,,,,
b57e0842e57c,Briskwrap,Strapped Leather,Solo Self-Found,1,4,4,Pre 3.19.0,one,no,Pre 3.19.0,one,no,,0,no,,,,,,
bb44debfa559,Lioneye's Vision,Crusader Plate,Solo Self-Found,1,2,2,Current,one,no,Current,one,no,,0,no,,,,,,
e5e62ad71008,Lightbane Raiment,Ornate Ringmail,Solo Self-Found,1,4,4,Current,one,no,Current,one,no,,0,no,,,,,,
8c518168f02a,Solaris Lorica,Copper Plate,Solo Self-Found,1,2,2,Current,one,no,Current,one,no,,0,no,,,,,,
0ba6ecabbe2e,Soulwrest,Ezomyte Staff,Solo Self-Found,1,4,4,Pre 3.25.0,one,no,Pre 3.25.0,one,no,,0,no,,,,,,
29db1b458c63,The Searing Touch,Lathi,Solo Self-Found,1,7,7,Pre 3.25.0,one,no,Pre 3.25.0,one,no,,0,no,,,,,,
85d44e27c53c,Realmshaper,Iron Staff,Solo Self-Found,1,4,4,Pre 3.25.0,one,no,Pre 3.25.0,one,no,,0,no,,,,,,
c8e7baff0519,Cane of Unravelling,Ezomyte Staff,Solo Self-Found,1,5,5,Pre 3.25.0,one,no,Pre 3.25.0,one,no,,0,no,,,,,,
68068d9441bb,The Stormheart,Royal Staff,Solo Self-Found,1,3,3,Pre 3.25.0,one,no,Pre 3.25.0,one,no,,0,no,,,,,,
955b2b2bb580,Pillar of the Caged God,Iron Staff,Solo Self-Found,1,3,3,Pre 3.25.0,one,no,Pre 3.25.0,one,no,,0,no,,,,,,
6996f7d8900e,The Whispering Ice,Vile Staff,Solo Self-Found,1,3,3,Pre 3.25.0,one,no,Pre 3.25.0,one,no,,0,no,,,,,,
2382212dc621,Dying Breath,Iron Staff,Solo Self-Found,1,3,3,Pre 2.6.0;Pre 3.25.0,several,no,Pre 2.6.0;Pre 3.25.0,several,no,,0,no,,,,,,
27b67d3e6705,Femurs of the Saints,Primordial Staff,Solo Self-Found,1,4,4,Pre 3.25.0,one,no,Pre 3.25.0,one,no,,0,no,,,,,,
9ccfca07fb59,Sire of Shards,Serpentine Staff,Solo Self-Found,1,3,3,Pre 3.25.0,one,no,Pre 3.25.0,one,no,,0,no,,,,,,
bd5f14c5d5de,Fencoil,Gnarled Branch,Solo Self-Found,1,3,3,Pre 3.25.0,one,no,Pre 3.25.0,one,no,,0,no,,,,,,
30f6eba44830,Agnerod West,Imperial Staff,Solo Self-Found,1,3,3,Pre 3.25.0,one,no,Pre 3.25.0,one,no,,0,no,,,,,,
991c2e03d294,Astramentis,Onyx Amulet,Solo Self-Found,1,1,1,only,one,no,only,one,no,,0,no,,,,,,
37013c6b325c,Tear of Purity,Lapis Amulet,Solo Self-Found,1,3,3,Pre 3.19.0,one,no,Pre 3.19.0,one,no,,0,no,,,,,,
9eb7463607bc,Karui Ward,Jade Amulet,Solo Self-Found,1,2,2,Current,one,no,Current,one,no,,0,no,,,,,,
a861513da10c,Night's Hold,Black Maw Talisman,Solo Self-Found,1,1,1,only,one,no,only,one,no,,0,no,,,,,,
d1bbc62ade85,Araku Tiki,Coral Amulet,Solo Self-Found,1,2,2,Pre 3.19.0,one,no,Pre 3.19.0,one,no,,0,no,,,,,,
7d4a5b47886b,The Jinxed Juju,Citrine Amulet,Solo Self-Found,1,3,3,Pre 3.16.0,one,no,Pre 3.16.0,one,no,,0,no,,,,,,
336d7d42efcc,Winterheart,Gold Amulet,Solo Self-Found,1,2,2,Pre 3.15.0,one,no,Pre 3.15.0,one,no,,0,no,,,,,,
02c6c5c8fb78,Shaper's Seed,Agate Amulet,Solo Self-Found,1,3,3,Pre 3.19.0,one,no,Pre 3.19.0,one,no,,0,no,,,,,,
0d285ba6ca34,The Ignomon,Gold Amulet,Solo Self-Found,1,2,2,Pre 3.19.0,one,no,Pre 3.19.0,one,no,,0,no,,,,,,
a611c7679e05,Rashkaldor's Patience,Jade Amulet,Solo Self-Found,1,2,2,Pre 3.19.0,one,no,Pre 3.19.0,one,no,,0,no,,,,,,
c8bb8582c560,Stone of Lazhwar,Lapis Amulet,Solo Self-Found,1,3,3,Pre 3.19.0,one,no,Pre 3.19.0,one,no,,0,no,,,,,,
4478a005a621,Ngamahu Tiki,Coral Amulet,Solo Self-Found,1,1,1,only,one,no,only,one,no,,0,no,,,,,,
e19890085019,The Anvil,Amber Amulet,Solo Self-Found,1,4,4,Pre 3.19.0,one,no,Pre 3.19.0,one,no,,0,no,,,,,,
4122bd50d1ca,Sidhebreath,Paua Amulet,Solo Self-Found,1,4,4,Pre 3.19.0,one,no,Pre 3.19.0,one,no,,0,no,,,,,,
50b62bb88681,Bloodgrip,Marble Amulet,Solo Self-Found,1,3,3,Current,one,no,Current,one,no,,0,no,,,,,,
c9e4c20d3c37,Ungil's Harmony,Turquoise Amulet,Solo Self-Found,1,2,2,Current,one,no,Current,one,no,,0,no,,,enchantMods,,,
c4da935a706f,Retaliation Charm,Citrine Amulet,Solo Self-Found,1,2,2,Pre 3.19.0,one,no,Pre 3.19.0,one,no,,0,no,,,,,,
d999583ede6a,Karui Charge,Jade Amulet,Solo Self-Found,1,2,2,Current,one,no,Current,one,no,,0,no,,,,,,
1b94e8d82f6f,Eye of Chayula,Onyx Amulet,Solo Self-Found,1,1,1,only,one,no,only,one,no,,0,no,,,,,,
be2ca5152884,Victario's Acuity,Turquoise Amulet,Solo Self-Found,1,1,1,only,one,no,only,one,no,,0,no,,,,,,
0d067be5e9fd,Atziri's Promise,Amethyst Flask,Solo Self-Found,1,3,3,Pre 3.15.0,one,no,Pre 3.15.0,one,no,,0,no,,,utilityMods,,,
5c97f185d4c1,Kiara's Determination,Silver Flask,Solo Self-Found,1,3,3,Current;Pre 3.15.0,several,yes,Current;Pre 3.15.0,several,yes,,0,no,,,utilityMods,,,
a720ff88621e,Lion's Roar,Granite Flask,Solo Self-Found,1,4,4,Pre 3.15.0,one,no,Pre 3.15.0,one,no,,0,no,,,utilityMods,,,
3e541816727f,The Wise Oak,Bismuth Flask,Solo Self-Found,1,3,3,Pre 3.15.0,one,no,Pre 3.15.0,one,no,,0,no,,,utilityMods,,,
8c39eae95c13,Forbidden Taste,Quartz Flask,Solo Self-Found,1,4,4,Pre 3.15.0,one,no,Pre 3.15.0,one,no,,0,no,,,utilityMods,,,
0ffac8b4c352,Doedre's Elixir,Greater Mana Flask,Solo Self-Found,1,3,3,Pre 3.15.0,one,no,Pre 3.15.0,one,no,,0,no,,,,,,
3b9ef74bf832,Soul Catcher,Quartz Flask,Solo Self-Found,1,3,3,Pre 3.15.0,one,no,Pre 3.15.0,one,no,,0,no,,,utilityMods,,,
a8638f7b445b,The Writhing Jar,Hallowed Hybrid Flask,Solo Self-Found,1,1,1,only,one,no,only,one,no,,0,no,,,,,,
c674c24a4ca2,Rotgut,Quicksilver Flask,Solo Self-Found,1,4,4,Pre 3.15.0,one,no,Pre 3.15.0,one,no,,0,no,,,utilityMods,,,
7ab4a775d795,The Overflowing Chalice,Sulphur Flask,Solo Self-Found,1,2,2,Current,one,no,Current,one,no,,0,no,,,utilityMods,,,
bf83f56a248b,Blood of the Karui,Sanctified Life Flask,Solo Self-Found,1,5,5,Pre 3.15.0,one,no,Pre 3.15.0,one,no,,0,no,,,,,,
562cc66f6eb3,Coralito's Signature,Diamond Flask,Solo Self-Found,1,2,2,Pre 3.15.0,one,no,Pre 3.15.0,one,no,,0,no,,,utilityMods,,,
c7071635a1ba,Divination Distillate,Large Hybrid Flask,Solo Self-Found,1,6,6,Pre 3.15.0,one,no,Pre 3.15.0,one,no,,0,no,,,,,,
84c4ed844ec4,Kondo's Pride,Ezomyte Blade,Solo Self-Found,1,3,3,,none,no,,none,no,,0,no,,,,,no-text-match,Socketed Gems are Supported by Level 10 Momentum
b0ea8c48bb4a,Hyaon's Fury,Legion Sword,Solo Self-Found,1,6,6,Current,one,no,Current,one,no,,0,no,,,,,,
149eb294b42f,Terminus Est,Tiger Sword,Solo Self-Found,1,3,3,Current,one,no,Current,one,no,,0,no,,,,,,
54cd987dedff,Aurumvorax,Basket Rapier,Solo Self-Found,1,3,3,Current,one,no,Current,one,no,,0,no,,,,,,
48d931328c8f,Hiltless,Reaver Sword,Solo Self-Found,1,3,3,Current,one,no,Current,one,no,,0,no,,,,,,
a45503d23a02,Oni-Goroshi,Charan's Sword,Solo Self-Found,1,1,1,only,one,no,only,one,no,,0,no,,,,,,
021cd82c9b20,Rigwald's Charge,Highland Blade,Solo Self-Found,1,5,5,Pre 3.19.0,one,no,Pre 3.19.0,one,no,,0,no,,,,,,
982d3b3a7450,Ewar's Mirage,Antique Rapier,Solo Self-Found,1,2,2,Current,one,no,Current,one,no,,0,no,,,,,,
25a2a61991fd,Oro's Sacrifice,Infernal Sword,Solo Self-Found,1,3,3,Current,one,no,Current,one,no,,0,no,,,,,,
847577d2745e,The Dancing Dervish,Reaver Sword,Solo Self-Found,1,4,4,Current;Pre 3.17.0,several,yes,Current;Pre 3.17.0,several,yes,,0,no,,,,,,
8477459eef51,Lakishu's Blade,Elegant Sword,Solo Self-Found,1,2,2,Current,one,no,Current,one,no,,0,no,,,,,,
4fbbb1ea2ad2,The Princess,Sabre,Solo Self-Found,1,2,2,Current,one,no,Current,one,no,,0,no,,,,,,
a101d7ff58ef,Daresso's Passion,Estoc,Solo Self-Found,1,2,2,Current,one,no,Current,one,no,,0,no,,,,,,
35363725023d,Ichimonji,Corsair Sword,Solo Self-Found,1,2,2,Current,one,no,Current,one,no,,0,no,,,,,,
63b7e4593acf,Prismatic Eclipse,Twilight Blade,Solo Self-Found,1,5,5,Pre 3.29.0,one,no,Pre 3.29.0,one,no,,0,no,,,,,,
d459b7da486e,Scaeva,Gladius,Solo Self-Found,1,3,3,Pre 3.29.0,one,no,Pre 3.29.0,one,no,,0,no,,,,,,
80fd7752a8ee,The Dancing Duo,Reaver Sword,Solo Self-Found,1,2,2,Current,one,no,Current,one,no,,0,no,,,,,,
89e43b5b89c2,Redbeak,Rusted Sword,Solo Self-Found,1,2,2,Current,one,no,Current,one,no,,0,no,,,,,,
492569f31ad9,The Goddess Bound,Whalebone Rapier,Solo Self-Found,1,3,3,Current,one,no,Current,one,no,,0,no,,,,,,
45193f432ab5,Queen's Decree,Ornate Sword,Solo Self-Found,1,4,4,Current;Pre 3.26.0,several,yes,Current;Pre 3.26.0,several,yes,,0,no,,,,,,
435025f893cb,Doomsower,Lion Sword,Solo Self-Found,1,5,5,Current,one,no,Current,one,no,,0,no,,,,,,
615eb677a477,Ephemeral Edge,Dusk Blade,Solo Self-Found,1,6,6,Pre 3.19.0,one,no,Pre 3.19.0,one,no,,0,no,,,,,,
2be0e1cd422b,Innsbury Edge,Elder Sword,Solo Self-Found,1,2,2,Current,one,no,Current,one,no,,0,no,,,,,,
095f6a609680,Shiversting,Bastard Sword,Solo Self-Found,1,3,3,Current,one,no,Current,one,no,,0,no,,,,,,
58d5d5bfe18f,Fidelitas' Spike,Jagged Foil,Solo Self-Found,1,3,3,Current,one,no,Current,one,no,,0,no,,,,,,
824635f94487,Al Dhih,Timeworn Claw,Solo Self-Found,1,6,6,Current,one,no,Current,one,no,,0,no,,,,,,
627fda46cae2,Allure,Vaal Claw,Solo Self-Found,1,2,2,Current,one,no,Current,one,no,,0,no,,,,,,
5d9c9b022a83,Advancing Fortress,Gut Ripper,Solo Self-Found,1,2,2,Current,one,no,Current,one,no,,0,no,,,,,,
af7e1a841cfc,Last Resort,Nailed Fist,Solo Self-Found,1,1,1,only,one,no,only,one,no,,0,no,,,,,,
57fd6e6ad8b5,Bloodseeker,Hellion's Paw,Solo Self-Found,1,4,4,Pre 3.20.0,one,no,Pre 3.20.0,one,no,,0,no,,,,,,
02bcc391a818,Ornament of the East,Gut Ripper,Solo Self-Found,1,4,4,Pre 3.21.0,one,no,Pre 3.21.0,one,no,,0,no,,,,,,
2bba97d67ad0,The Wasp Nest,Throat Stabber,Solo Self-Found,1,2,2,Current,one,no,Current,one,no,,0,no,,,,,,
c9a3e3372326,Cybil's Paw,Thresher Claw,Solo Self-Found,1,4,4,Pre 3.19.0,one,no,Pre 3.19.0,one,no,,0,no,,,,,,
a14712dbfb4d,Wildslash,Awl,Solo Self-Found,1,2,2,Current,one,no,Current,one,no,,0,no,,,,,,
d0cc07dff15e,Moonbender's Wing,Tomahawk,Solo Self-Found,1,2,2,Pre 3.11.0,one,no,Pre 3.11.0,one,no,,0,no,,,,,,
21f17f01b900,Relentless Fury,Decorative Axe,Solo Self-Found,1,2,2,Current,one,no,Current,one,no,,0,no,,,,,,
9c0435ae2787,Wings of Entropy,Ezomyte Axe,Solo Self-Found,1,6,6,Pre 3.26.0,one,no,Pre 3.26.0,one,no,,0,no,,,,,,
12a42d3029e7,Kaom's Primacy,Karui Chopper,Solo Self-Found,1,5,5,Pre 3.25.0,one,no,Pre 3.25.0,one,no,,0,no,,,,,,
c9da05353761,"Jack, the Axe",Vaal Hatchet,Solo Self-Found,1,2,2,Pre 3.13.0,one,no,Pre 3.13.0,one,no,,0,no,,,,,,
fe65dfd90063,Limbsplit,Woodsplitter,Solo Self-Found,1,2,2,Current,one,no,Current,one,no,,0,no,,,,,,
f2002044bc0b,Dreadarc,Cleaver,Solo Self-Found,1,1,1,only,one,no,only,one,no,,0,no,,,,,,
652633597a4f,Dyadus,Infernal Axe,Solo Self-Found,1,2,2,Current,one,no,Current,one,no,,0,no,,,,,,
e5e49eb92d08,Debeon's Dirge,Despot Axe,Solo Self-Found,1,1,1,only,one,no,only,one,no,,0,no,,,,,,
e0f202b1a586,The Screaming Eagle,Jade Hatchet,Solo Self-Found,1,2,2,Current,one,no,Current,one,no,,0,no,,,,,,
763a50d5c4b9,Wideswing,Poleaxe,Solo Self-Found,1,2,2,Current,one,no,Current,one,no,,0,no,,,,,,
ccc413696494,The Blood Reaper,Headsman Axe,Solo Self-Found,1,3,3,Pre 3.12.0,one,no,Pre 3.12.0,one,no,,0,no,,,,,,
e30887a24f6c,Sinvicta's Mettle,Ezomyte Axe,Solo Self-Found,1,2,2,Current,one,no,Current,one,no,,0,no,,,,,,
8c1266ea374d,Piscator's Vigil,Tornado Wand,Solo Self-Found,1,5,5,Pre 3.21.0;Pre 3.27.0,several,no,Pre 3.21.0;Pre 3.27.0,several,no,,0,no,,,,,,
c938a4041ae3,Obliteration,Demon's Horn,Solo Self-Found,1,6,6,Pre 3.19.0,one,no,Pre 3.19.0,one,no,,0,no,,,,,,
4845f3b2bc60,Ashcaller,Quartz Wand,Solo Self-Found,1,5,5,Pre 3.19.0,one,no,Pre 3.19.0,one,no,,0,no,,,,,,
6d609e53954d,Reverberation Rod,Spiraled Wand,Solo Self-Found,1,5,5,Pre 3.19.0,one,no,Pre 3.19.0,one,no,,0,no,,,,,,
68bfaa9a4ade,Lifesprig,Driftwood Wand,Solo Self-Found,1,1,1,,none,no,,none,no,,0,no,,,,,no-text-match,Regenerate 6 Life over 1 second when you Cast a Spell
cccbd6216351,Abberath's Horn,Goat's Horn,Solo Self-Found,1,4,4,Pre 2.3.0;Pre 3.21.0,several,no,Pre 2.3.0;Pre 3.21.0,several,no,,0,no,,,,,,
1d5a9b72dc20,Eclipse Solaris,Crystal Wand,Solo Self-Found,1,6,6,Pre 3.21.0,one,no,Pre 3.21.0,one,no,,0,no,,,,,,
3dc8a4a5294e,Twyzel,Sage Wand,Solo Self-Found,1,3,3,Pre 2.27.0,one,no,Pre 2.27.0,one,no,,0,no,,,,,,
0414801997c5,Moonsorrow,Imbued Wand,Solo Self-Found,1,5,5,Pre 3.27.0,one,no,Pre 3.27.0,one,no,,0,no,,,,,,
f9298e168746,Midnight Bargain,Engraved Wand,Solo Self-Found,1,4,4,Pre 3.27.0,one,no,Pre 3.27.0,one,no,,0,no,,,,,,
e6875cb50c75,Corona Solaris,Crystal Wand,Solo Self-Found,1,2,2,Current,one,no,Current,one,no,,0,no,,,,,,
125138665dcc,Storm Prison,Carved Wand,Solo Self-Found,1,3,3,Pre 3.21.0,one,no,Pre 3.21.0,one,no,,0,no,,,,,,
49b6343347d9,Taproot,Ambusher,Solo Self-Found,1,1,1,only,one,no,only,one,no,,0,no,,,,,,
36955607f593,Heartbreaker,Royal Skean,Solo Self-Found,1,3,3,Pre 3.19.0,one,no,Pre 3.19.0,one,no,,0,no,,,,,,
2c4a8bb725e5,Mightflay,Flaying Knife,Solo Self-Found,1,1,1,only,one,no,only,one,no,,0,no,,,,,,
4d9884b4194d,Goredrill,Skinning Knife,Solo Self-Found,1,1,1,only,one,no,only,one,no,,0,no,,,,,,
9c038e8d1ed9,Goblinedge,Ambusher,Solo Self-Found,1,1,1,only,one,no,only,one,no,,0,no,,,,,,
cfbbbc21e73c,Bino's Kitchen Knife,Slaughter Knife,Solo Self-Found,1,4,4,,none,no,,none,no,,0,no,,,,,no-text-match,"On Killing a Poisoned Enemy, Enemies within 3 metres are Poisoned, and you and"
944e7d9a6e00,White Wind,Imperial Skean,Solo Self-Found,1,3,3,,none,no,,none,no,,0,no,,,,,number-outside-range,30% increased Global Critical Strike Chance
3b2d09154226,Ungil's Gauche,Boot Knife,Solo Self-Found,1,3,3,Current;Pre 1.1.0,several,yes,Current;Pre 1.1.0,several,yes,,0,no,,,,,,
b0d34e0e5c8f,Bloodplay,Stiletto,Solo Self-Found,1,2,2,Current,one,no,Current,one,no,,0,no,,,,,,
9524ed3b56ef,Widowmaker,Boot Blade,Solo Self-Found,1,2,2,Current,one,no,Current,one,no,,0,no,,,,,,
7d3b7a8b0893,Silverbranch,Crude Bow,Solo Self-Found,1,2,2,Current,one,no,Current,one,no,,0,no,,,,,,
f660ae5a44ea,Null's Inclination,Ranger Bow,Solo Self-Found,1,3,3,Pre 3.26.0,one,no,Pre 3.26.0,one,no,,0,no,,,,,,
2e4cbbe71455,Quill Rain,Short Bow,Solo Self-Found,1,3,3,Current,one,no,Current,one,no,,0,no,,,,,,
f849f9a2925d,Chin Sol,Assassin Bow,Solo Self-Found,1,7,7,Pre 3.17.0,one,no,Pre 3.17.0,one,no,,0,no,,,,,,
a58c05913fd5,Doomfletch,Royal Bow,Solo Self-Found,1,5,5,Pre 3.19.0,one,no,Pre 3.19.0,one,no,,0,no,,,,,,
00db1c3cfb19,Storm Cloud,Long Bow,Solo Self-Found,1,2,2,Current,one,no,Current,one,no,,0,no,,,,,,
261706b9a981,Death's Harp,Death Bow,Solo Self-Found,1,7,7,Pre 3.17.0,one,no,Pre 3.17.0,one,no,,0,no,,,,,,
92cd84121c1e,Death's Opus,Death Bow,Solo Self-Found,1,6,6,Pre 3.17.0,one,no,Pre 3.17.0,one,no,,0,no,,,,,,
43f37c6ebeae,The Tempest,Long Bow,Solo Self-Found,1,1,1,only,one,no,only,one,no,,0,no,,,,,,
e1f828acf02c,Infractem,Decimation Bow,Solo Self-Found,1,5,5,Pre 3.17.0,one,no,Pre 3.17.0,one,no,,0,no,,,,,,
b57c4b44b34b,Roth's Reach,Recurve Bow,Solo Self-Found,1,3,3,Pre 3.19.0,one,no,Pre 3.19.0,one,no,,0,no,,,,,,
55316fbbc9a4,Iron Commander,Death Bow,Solo Self-Found,1,1,1,only,one,no,only,one,no,,0,no,,,,,,
8b5b9072a99b,Nuro's Harp,Harbinger Bow,Solo Self-Found,1,3,3,Pre 3.26.0,one,no,Pre 3.26.0,one,no,,0,no,,,,,,
12a4a6c18935,Asphyxia's Wrath,Two-Point Arrow Quiver,Solo Self-Found,1,3,3,Pre 3.17.0,one,no,Pre 3.17.0,one,no,,0,no,,,,,,
fc722696f50f,Skirmish,Two-Point Arrow Quiver,Solo Self-Found,1,1,1,,none,no,,none,no,,0,no,,,,,no-text-match,Attack Skills have +1 to maximum number of Summoned Totems
fad7c68f57f2,Maloney's Nightfall,Blunt Arrow Quiver,Solo Self-Found,1,3,3,Pre 3.17.0,one,no,Pre 3.17.0,one,no,,0,no,,,,,,
bc328f196968,The Signal Fire,Fire Arrow Quiver,Solo Self-Found,1,4,4,Pre 3.17.0,one,no,Pre 3.17.0,one,no,,0,no,,,,,,
71041b7747a7,Blackgleam,Fire Arrow Quiver,Solo Self-Found,1,4,4,Pre 3.17.0,one,no,Pre 3.17.0,one,no,,0,no,,,,,,
b5d254a258df,Scorpion's Call,Broadhead Arrow Quiver,Solo Self-Found,1,2,2,Pre 3.17.0,one,no,Pre 3.17.0,one,no,,0,no,,,,,,
2ca038f21672,Drillneck,Penetrating Arrow Quiver,Solo Self-Found,1,1,1,only,one,no,only,one,no,,0,no,,,,,,
c94bedc7ceae,Craghead,Serrated Arrow Quiver,Solo Self-Found,1,2,2,Pre 3.17.0,one,no,Pre 3.17.0,one,no,,0,no,,,,,,
827a60ef185b,Hyrri's Bite,Sharktooth Arrow Quiver,Solo Self-Found,1,2,2,,none,no,,none,no,,0,no,,,,,variant-line-not-displayed,Gain (6-8) Life per Enemy Hit with Attacks
37f866da17b0,Matua Tupuna,Tarnished Spirit Shield,Solo Self-Found,1,3,3,Pre 3.0.0;Pre 3.19.0,several,no,Pre 3.0.0;Pre 3.19.0,several,no,,0,no,,,,,,
a03f0e21121b,Kongming's Stratagem,Ivory Spirit Shield,Solo Self-Found,1,5,5,Pre 3.19.0,one,no,Pre 3.19.0,one,no,,0,no,,,,,,
0b6ba1d4de63,Mutewind Pennant,Enameled Buckler,Solo Self-Found,0,0,0,,unbound,no,,unbound,no,,0,no,,,,,,
e262342d32fe,Victario's Charity,Laminated Kite Shield,Solo Self-Found,1,2,2,Current,one,no,Current,one,no,,0,no,,,,,,
066d83814ced,The Oppressor,Elegant Round Shield,Solo Self-Found,1,1,1,only,one,no,only,one,no,,0,no,,,,,,
19ea1265a312,Atziri's Mirror,Golden Buckler,Solo Self-Found,1,3,3,Current,one,no,Current,one,no,,0,no,,,,,,
9dafdf8e05e1,Manastorm,Fossilised Spirit Shield,Solo Self-Found,1,3,3,Pre 3.19.0,one,no,Pre 3.19.0,one,no,,0,no,,,,,,
c6d2b0e1b831,Crest of Perandus,Pine Buckler,Solo Self-Found,1,3,3,Current,one,no,Current,one,no,,0,no,,,,,,
33d215447c60,Ahn's Heritage,Colossal Tower Shield,Solo Self-Found,1,3,3,Current,one,no,Current,one,no,,0,no,,,,,,
c2c9c0d049b3,Titucius' Span,Reinforced Tower Shield,Solo Self-Found,1,3,3,Current,one,no,Current,one,no,,0,no,,,,,,
2400bb4e9c28,The Deep One's Hide,Studded Round Shield,Solo Self-Found,1,2,2,Current,one,no,Current,one,no,,0,no,,,,,,
b1c525c5a12d,The Eternal Apple,Chiming Spirit Shield,Solo Self-Found,1,1,1,only,one,no,only,one,no,,0,no,,,,,,
690b52020d2f,Jaws of Agony,Supreme Spiked Shield,Solo Self-Found,1,4,4,,none,no,,none,no,,0,no,,,,,number-outside-range,+4% chance to Suppress Spell Damage
34625bfe5942,The Ghastly Theatre,Teak Round Shield,Solo Self-Found,1,2,2,,none,no,,none,no,,0,no,,,,,number-outside-range,100% chance to Avoid Bleeding
b91f67152225,Chernobog's Pillar,Ebony Tower Shield,Solo Self-Found,1,4,4,Current,one,no,Current,one,no,,0,no,,,,,,
879ea6b2e58f,Malachai's Loop,Harmonic Spirit Shield,Solo Self-Found,1,4,4,Current,one,no,Current,one,no,,0,no,,,,,,
72420f1de0bc,Springleaf,Plank Kite Shield,Solo Self-Found,1,5,5,Pre 3.19.0,one,no,Pre 3.19.0,one,no,,0,no,,,,,,
550a6dd28a59,Wheel of the Stormsail,Rotted Round Shield,Solo Self-Found,1,3,3,Pre 3.16.0,one,no,Pre 3.16.0,one,no,,0,no,,,,,,
95411a1283b9,Thousand Teeth Temu,Vaal Buckler,Solo Self-Found,1,4,4,Pre 3.19.0,one,no,Pre 3.19.0,one,no,,0,no,,,,,,
89a47dfb439e,Kaltenhalt,Painted Buckler,Solo Self-Found,1,4,4,Current,one,no,Current,one,no,,0,no,,,,,,
3f9f5d2a09bd,Esh's Mirror,Thorium Spirit Shield,Solo Self-Found,1,2,2,,none,no,,none,no,,0,no,,,,,number-outside-range,+46 to maximum Life
9cfcc1795508,Chalice of Horrors,War Buckler,Solo Self-Found,1,5,5,Pre 3.17.0,one,no,Pre 3.17.0,one,no,,0,no,,,,,,
8325893f4cf7,Maligaro's Lens,Compound Spiked Shield,Solo Self-Found,1,3,3,,none,no,,none,no,,0,no,,,,,number-outside-range,+2% chance to Suppress Spell Damage
84401ec4d9e1,Thirst for Horrors,War Buckler,Solo Self-Found,1,3,3,Current,one,no,Current,one,no,,0,no,,,,,,
108faa4e2b02,Daresso's Courage,Baroque Round Shield,Solo Self-Found,1,4,4,Pre 3.19.0,one,no,Pre 3.19.0,one,no,,0,no,,,,,,
5bc41454e8ff,The Oak,Plank Kite Shield,Solo Self-Found,1,5,5,Pre 3.19.0,one,no,Pre 3.19.0,one,no,,0,no,,,,,,
eec5c5875abe,Mokou's Embrace,Ruby Ring,Solo Self-Found,1,2,2,Pre 3.19.0,one,no,Pre 3.19.0,one,no,,0,no,,,,,,
887784b3d4e3,Praxis,Paua Ring,Solo Self-Found,1,2,2,Pre 3.29.0,one,no,Pre 3.29.0,one,no,,0,no,,,,,,
b3dd13290188,The Warden's Brand,Iron Ring,Solo Self-Found,1,1,1,only,one,no,only,one,no,,0,no,,,,,,
abc5831f33ab,Emberwake,Ruby Ring,Solo Self-Found,1,5,5,Pre 3.29.0,one,no,Pre 3.29.0,one,no,,0,no,,,,,,
dfb4a010617f,Andvarius,Gold Ring,Solo Self-Found,1,1,1,only,one,no,only,one,no,,0,no,,,,,,
460ace6e4d03,Tasalio's Sign,Sapphire Ring,Solo Self-Found,1,2,2,Current,one,no,Current,one,no,,0,no,,,,,,
77867eb036a7,Thief's Torment,Prismatic Ring,Solo Self-Found,1,6,6,Pre 3.19.0,one,no,Pre 3.19.0,one,no,,0,no,,,,,,
d92e9117a9fc,Pyre,Sapphire Ring,Solo Self-Found,1,3,3,Current,one,no,Current,one,no,,0,no,,,,,,
69a57a3277de,Blackheart,Iron Ring,Solo Self-Found,1,2,2,Pre 3.19.0,one,no,Pre 3.19.0,one,no,,0,no,,,,,,
c2267a39463e,Lori's Lantern,Prismatic Ring,Solo Self-Found,1,2,2,Current;Pre 1.0.0,several,yes,Current;Pre 1.0.0,several,yes,,0,no,,,,,,
dc0249efd4ea,Malachai's Artifice,Unset Ring,Solo Self-Found,1,2,2,Current,one,no,Current,one,no,,0,no,,,,,,
07a7f4ad7935,Kikazaru,Topaz Ring,Solo Self-Found,1,4,4,,none,no,,none,no,,0,no,,,,,number-outside-range,40% reduced Effect of Curses on you
7f8a1c9f026a,Bloodboil,Coral Ring,Solo Self-Found,1,2,2,Current,one,no,Current,one,no,,0,no,,,,,,
3f6070f2b987,Kaom's Sign,Coral Ring,Solo Self-Found,1,3,3,Pre 3.19.0,one,no,Pre 3.19.0,one,no,,0,no,,,,,,
23c17b527cc7,Timeclasp,Moonstone Ring,Solo Self-Found,1,4,4,Pre 3.17.0,one,no,Pre 3.17.0,one,no,,0,no,,,,,,
be6d0eaec016,Queen's Decree,Ornate Sword,Solo Self-Found,1,4,4,Current;Pre 3.26.0,several,yes,Current;Pre 3.26.0,several,yes,,0,no,,,,,,
05852c2b2e55,Ewar's Mirage,Antique Rapier,Solo Self-Found,1,2,2,Current,one,no,Current,one,no,,0,no,,,,,,
3a4751fe153d,Scaeva,Gladius,Solo Self-Found,1,3,3,Pre 3.29.0,one,no,Pre 3.29.0,one,no,,0,no,,,,,,
06404708c491,Prismatic Eclipse,Twilight Blade,Solo Self-Found,1,5,5,Pre 3.29.0,one,no,Pre 3.29.0,one,no,,0,no,,,,,,
f14d375e7ea3,Rigwald's Charge,Highland Blade,Solo Self-Found,1,5,5,Pre 3.19.0,one,no,Pre 3.19.0,one,no,,0,no,,,,,,
7f57d4f0c751,Kondo's Pride,Ezomyte Blade,Solo Self-Found,1,3,3,Current,one,no,Current,one,no,,0,no,,,,,,
fc7889eba3e7,Oro's Sacrifice,Infernal Sword,Solo Self-Found,1,3,3,Current,one,no,Current,one,no,,0,no,,,,,,
eb519a82283e,Oni-Goroshi,Charan's Sword,Solo Self-Found,1,1,1,only,one,no,only,one,no,,0,no,,,,,,
4d90ee23cd35,Lakishu's Blade,Elegant Sword,Solo Self-Found,1,2,2,Current,one,no,Current,one,no,,0,no,,,,,,
622767cc669d,The Dancing Dervish,Reaver Sword,Solo Self-Found,1,4,4,Current;Pre 3.17.0,several,yes,Current;Pre 3.17.0,several,yes,,0,no,,,,,,
1edf4610e5c0,The Princess,Sabre,Solo Self-Found,1,2,2,Current,one,no,Current,one,no,,0,no,,,,,,
769c0fae1699,Aurumvorax,Basket Rapier,Solo Self-Found,1,3,3,Current,one,no,Current,one,no,,0,no,,,,,,
efb3ec9e92fa,Daresso's Passion,Estoc,Solo Self-Found,1,2,2,Current,one,no,Current,one,no,,0,no,,,,,,
fb3fe3a599c6,Redbeak,Rusted Sword,Solo Self-Found,1,2,2,Current,one,no,Current,one,no,,0,no,,,,,,
df46a796f33a,Terminus Est,Tiger Sword,Solo Self-Found,1,3,3,Current,one,no,Current,one,no,,0,no,,,,,,
e4100290cee2,Fidelitas' Spike,Jagged Foil,Solo Self-Found,1,3,3,Current,one,no,Current,one,no,,0,no,,,,,,
c8bff521aa78,Innsbury Edge,Elder Sword,Solo Self-Found,1,2,2,Current,one,no,Current,one,no,,0,no,,,,,,
ef0e91905193,Shiversting,Bastard Sword,Solo Self-Found,1,3,3,Current,one,no,Current,one,no,,0,no,,,,,,
d6b35e45fa70,Moonsorrow,Imbued Wand,Solo Self-Found,1,5,5,Pre 3.27.0,one,no,Pre 3.27.0,one,no,,0,no,,,,,,
fa452a354fc5,Storm Prison,Carved Wand,Solo Self-Found,1,3,3,Pre 3.21.0,one,no,Pre 3.21.0,one,no,,0,no,,,,,,
cfd2413bf46d,Ashcaller,Quartz Wand,Solo Self-Found,1,5,5,Pre 3.19.0,one,no,Pre 3.19.0,one,no,,0,no,,,,,,
179edc73736f,Eclipse Solaris,Crystal Wand,Solo Self-Found,1,6,6,Pre 3.21.0,one,no,Pre 3.21.0,one,no,,0,no,,,,,,
30fbc991bf52,Reverberation Rod,Spiraled Wand,Solo Self-Found,1,5,5,Pre 3.19.0,one,no,Pre 3.19.0,one,no,,0,no,,,,,,
e9772606d4b4,Lifesprig,Driftwood Wand,Solo Self-Found,1,1,1,,none,no,,none,no,,0,no,,,,,no-text-match,Regenerate 8 Life over 1 second when you Cast a Spell
1bbf3350b5bc,Twyzel,Sage Wand,Solo Self-Found,1,3,3,Pre 2.27.0,one,no,Pre 2.27.0,one,no,,0,no,,,,,,
4f20a142c4a5,Obliteration,Demon's Horn,Solo Self-Found,1,6,6,Pre 3.19.0,one,no,Pre 3.19.0,one,no,,0,no,,,,,,
aaef6b1f205e,Abberath's Horn,Goat's Horn,Solo Self-Found,1,4,4,Pre 3.21.0,one,no,Pre 3.21.0,one,no,,0,no,,,,,,
38be6474df2d,Survival Secrets,Cobalt Jewel,Solo Self-Found,1,2,2,Pre 3.16.0,one,no,Pre 3.16.0,one,no,,0,no,,,,,,
4c38519dc340,Conqueror's Efficiency,Crimson Jewel,Solo Self-Found,1,1,1,only,one,no,only,one,no,,0,no,,,,,,
fcb157383249,Assassin's Haste,Cobalt Jewel,Solo Self-Found,1,1,1,only,one,no,only,one,no,,0,no,,,,,,
5916bf1b4f34,Volley Fire,Viridian Jewel,Solo Self-Found,1,3,3,Current,one,no,Current,one,no,,0,no,,,,,,
8785a51eb361,Brittle Barrier,Cobalt Jewel,Solo Self-Found,1,1,1,only,one,no,only,one,no,,0,no,,,,,,
c568db7503d7,Hazardous Research,Cobalt Jewel,Solo Self-Found,1,2,2,,none,no,,none,no,,0,no,,,,,no-text-match,"With at least 40 Intelligence in Radius, Spark fires 2 additional Projectiles"
6e932dd4c556,Powerlessness,Cobalt Jewel,Solo Self-Found,1,1,1,only,one,no,only,one,no,,0,no,,,,,,
ff9dd05f7947,First Snow,Cobalt Jewel,Solo Self-Found,1,1,1,only,one,no,only,one,no,,0,no,,,,,,
64998c94e479,Omen on the Winds,Viridian Jewel,Solo Self-Found,1,2,2,Current,one,no,Current,one,no,,0,no,,,,,,
6ebc2bb68987,Spirit Guards,Viridian Jewel,Solo Self-Found,1,3,3,Pre 3.20.0,one,no,Pre 3.20.0,one,no,,0,no,,,,,,
1dedd2a3a2a0,Poacher's Aim,Viridian Jewel,Solo Self-Found,1,1,1,only,one,no,only,one,no,,0,no,,,,,,
e0871f1e2a5e,Wildfire,Crimson Jewel,Solo Self-Found,1,2,2,Current,one,no,Current,one,no,,0,no,,,,,,
6eb6258d9aa1,Spreading Rot,Cobalt Jewel,Solo Self-Found,1,2,2,Current;Pre 3.17.0,several,yes,Current;Pre 3.17.0,several,yes,,0,no,,,,,,
05285dc0afa6,Fight for Survival,Viridian Jewel,Solo Self-Found,1,1,1,only,one,no,only,one,no,,0,no,,,,,,
cad8ee5343e8,Conqueror's Potency,Cobalt Jewel,Solo Self-Found,1,1,1,only,one,no,only,one,no,,0,no,,,,,,
7119fbed2fea,Primordial Eminence,Viridian Jewel,Solo Self-Found,1,1,1,only,one,no,only,one,no,,0,no,,,,,,
f357fb8f1ce9,Martial Artistry,Crimson Jewel,Solo Self-Found,1,2,2,Current,one,no,Current,one,no,,0,no,,,,,,
51d2a0efbfd3,Hair Trigger,Viridian Jewel,Solo Self-Found,1,2,2,Current,one,no,Current,one,no,,0,no,,,,,,
ebd76b97b73f,Lord of Steel,Viridian Jewel,Solo Self-Found,1,6,6,Impale Overwhelm (Current),one,no,Impale Overwhelm (Current),one,no,,0,no,,,,,,
7a9163141e11,Growing Agony,Viridian Jewel,Solo Self-Found,1,2,2,Current,one,no,Current,one,no,,0,no,,,,,,
8e6c7824afcb,Ring of Blades,Viridian Jewel,Solo Self-Found,1,3,3,Pre 3.17.0,one,no,Pre 3.17.0,one,no,,0,no,,,,,,
5fefb460680e,Energised Armour,Crimson Jewel,Solo Self-Found,1,2,2,Current;Pre 3.20.0,several,yes,Current;Pre 3.20.0,several,yes,,0,no,,,,,,
8548a14a2c7d,Rapid Expansion,Crimson Jewel,Solo Self-Found,1,3,3,Current,one,no,Current,one,no,,0,no,,,,,,
2285a79d9595,Self-Flagellation,Viridian Jewel,Solo Self-Found,1,1,1,only,one,no,only,one,no,,0,no,,,,,,
f286db41ae6f,Heartbreaker,Royal Skean,Solo Self-Found,1,3,3,Pre 3.19.0,one,no,Pre 3.19.0,one,no,,0,no,,,,,,
7bda0e170f70,Goredrill,Skinning Knife,Solo Self-Found,1,1,1,only,one,no,only,one,no,,0,no,,,,,,
eb5f91e52645,Bloodplay,Stiletto,Solo Self-Found,1,2,2,Current,one,no,Current,one,no,,0,no,,,,,,
38f36aa515e3,Mightflay,Flaying Knife,Solo Self-Found,1,1,1,only,one,no,only,one,no,,0,no,,,,,,
dc1a170f8673,White Wind,Imperial Skean,Solo Self-Found,1,3,3,,none,no,,none,no,,0,no,,,,,number-outside-range,30% increased Global Critical Strike Chance
b618e590a58c,Taproot,Ambusher,Solo Self-Found,1,1,1,only,one,no,only,one,no,,0,no,,,,,,
2076508bfc63,Widowmaker,Boot Blade,Solo Self-Found,1,2,2,Current,one,no,Current,one,no,,0,no,,,,,,
a6e1a1c230e7,Ungil's Gauche,Boot Knife,Solo Self-Found,1,3,3,Current;Pre 1.1.0,several,yes,Current;Pre 1.1.0,several,yes,,0,no,,,,,,
519efd9042fc,Bated Breath,Chain Belt,Solo Self-Found,1,2,2,Current,one,no,Current,one,no,,0,no,,,,,,
1c3afbb8ab99,Sunblast,Cloth Belt,Solo Self-Found,1,2,2,Pre 3.19.0,one,no,Pre 3.19.0,one,no,,0,no,,,,,,
c59bf1843fb4,The Magnate,Studded Belt,Solo Self-Found,1,3,3,Pre 3.19.0,one,no,Pre 3.19.0,one,no,,0,no,,,,,,
b714bf413176,Immortal Flesh,Leather Belt,Solo Self-Found,1,4,4,Pre 3.19.0,one,no,Pre 3.19.0,one,no,,0,no,,,,,,
5819ba7a48da,Maligaro's Restraint,Chain Belt,Solo Self-Found,1,1,1,only,one,no,only,one,no,,0,no,,,,,,
ffaeb1e1231d,Soul Tether,Cloth Belt,Solo Self-Found,1,1,1,only,one,no,only,one,no,,0,no,,,,,,
fd3cf3de3f2d,Perandus Blazon,Cloth Belt,Solo Self-Found,1,3,3,Pre 3.25.0,one,no,Pre 3.25.0,one,no,,0,no,,,,,,
90865ea6a139,Belt of the Deceiver,Heavy Belt,Solo Self-Found,1,2,2,,none,no,,none,no,,0,no,,,,,no-text-match,9% increased Area of Effect
5ffead4e5886,Wurm's Molt,Leather Belt,Solo Self-Found,1,2,2,Pre 3.19.0,one,no,Pre 3.19.0,one,no,,0,no,,,,,,
2dac56260084,String of Servitude,Heavy Belt,Solo Self-Found,1,22,22,Determination Aura Effect,one,no,Determination Aura Effect,one,no,,0,no,,,,,,
5fa00af0a409,Meginord's Girdle,Heavy Belt,Solo Self-Found,1,2,2,Pre 2.0.0,one,no,Pre 2.0.0,one,no,,0,no,,,,,,
673364e4e0b4,Roth's Reach,Recurve Bow,Solo Self-Found,1,3,3,Pre 3.19.0,one,no,Pre 3.19.0,one,no,,0,no,,,,,,
eff49ad55548,Silverbranch,Crude Bow,Solo Self-Found,1,2,2,Current,one,no,Current,one,no,,0,no,,,,,,
c6a391a64ef5,Death's Harp,Death Bow,Solo Self-Found,1,7,7,Pre 3.17.0,one,no,Pre 3.17.0,one,no,,0,no,,,,,,
f85d1e232c97,Nuro's Harp,Harbinger Bow,Solo Self-Found,1,3,3,Pre 3.26.0,one,no,Pre 3.26.0,one,no,,0,no,,,,,,
3994d44f56be,Infractem,Decimation Bow,Solo Self-Found,1,5,5,Pre 3.17.0,one,no,Pre 3.17.0,one,no,,0,no,,,,,,
7b8cfe4bfd5b,Doomfletch,Royal Bow,Solo Self-Found,1,5,5,Pre 3.19.0,one,no,Pre 3.19.0,one,no,,0,no,,,,,,
e87d9aa08556,Iron Commander,Death Bow,Solo Self-Found,1,1,1,only,one,no,only,one,no,,0,no,,,,,,
82329dfadf63,Quill Rain,Short Bow,Solo Self-Found,1,3,3,Current,one,no,Current,one,no,,0,no,,,,,,
5c82844c3ad7,Storm Cloud,Long Bow,Solo Self-Found,1,2,2,Current,one,no,Current,one,no,,0,no,,,,,,
3cb55bd20ff4,Stone of Lazhwar,Lapis Amulet,Solo Self-Found,1,3,3,Pre 3.19.0;Pre 3.4.0,several,no,Pre 3.19.0;Pre 3.4.0,several,no,,0,no,,,,,,
3ac90fefe363,The Ignomon,Gold Amulet,Solo Self-Found,1,2,2,Pre 3.19.0,one,no,Pre 3.19.0,one,no,,0,no,,,,,,
0cadc9b76e23,Eye of Chayula,Onyx Amulet,Solo Self-Found,1,1,1,only,one,no,only,one,no,,0,no,,,,,,
0a7571fc421f,Retaliation Charm,Citrine Amulet,Solo Self-Found,1,2,2,Pre 3.19.0,one,no,Pre 3.19.0,one,no,,0,no,,,,,,
23ec198eeb8a,Victario's Acuity,Turquoise Amulet,Solo Self-Found,1,1,1,only,one,no,only,one,no,,0,no,,,,,,
91bdf6464080,Araku Tiki,Coral Amulet,Solo Self-Found,1,2,2,Pre 3.19.0,one,no,Pre 3.19.0,one,no,,0,no,,,,,,
3ef993892680,Sidhebreath,Paua Amulet,Solo Self-Found,1,4,4,Pre 3.19.0,one,no,Pre 3.19.0,one,no,,0,no,,,,,,
9b85e343b2d4,Karui Ward,Jade Amulet,Solo Self-Found,1,2,2,Current,one,no,Current,one,no,,0,no,,,,,,
1173e5d80d4b,The Jinxed Juju,Citrine Amulet,Solo Self-Found,1,3,3,Pre 3.20.0,one,no,Pre 3.20.0,one,no,,0,no,,,,,,
c948aa7faa79,Winterheart,Gold Amulet,Solo Self-Found,1,2,2,Pre 3.15.0,one,no,Pre 3.15.0,one,no,,0,no,,,,,,
6a8b9f237b70,Shaper's Seed,Agate Amulet,Solo Self-Found,1,3,3,Pre 3.19.0,one,no,Pre 3.19.0,one,no,,0,no,,,,,,
960b1bc64e5d,Gorebreaker,Spiked Club,Solo Self-Found,1,2,2,,none,no,,none,no,,0,no,,,,,no-text-match,Extra gore
b2a8c0c58471,Axiom Perpetuum,Bronze Sceptre,Solo Self-Found,1,2,2,Current,one,no,Current,one,no,,0,no,,,,,,
d9de96cbea5d,Quecholli,Jagged Maul,Solo Self-Found,1,2,2,,none,no,,none,no,,0,no,,,,,no-text-match,"Enemies Killed with Attack or Spell Hits Explode, dealing 10% of their Life as Fire Damage"
ea4ff0791c46,Nycta's Lantern,Crystal Sceptre,Solo Self-Found,1,5,5,Pre 3.19.0,one,no,Pre 3.19.0,one,no,,0,no,,,,,,
3adb636256bc,Frostbreath,Ornate Mace,Solo Self-Found,1,3,3,Current,one,no,Current,one,no,,0,no,,,,,,
b5cc91f51c20,Voidhome,Dread Maul,Solo Self-Found,1,2,2,Current,one,no,Current,one,no,,0,no,,,,,,
09edf9ab2494,Earendel's Embrace,Grinning Fetish,Solo Self-Found,1,1,1,only,one,no,only,one,no,,0,no,,,,,,
5ce505eebcc7,Brightbeak,War Hammer,Solo Self-Found,1,3,3,Current,one,no,Current,one,no,,0,no,,,,,,
948016b339cd,Flesh-Eater,Dream Mace,Solo Self-Found,1,2,2,Current,one,no,Current,one,no,,0,no,,,,,,
bc56ec9161df,Cameria's Maul,Gavel,Solo Self-Found,1,2,2,Current,one,no,Current,one,no,,0,no,,,,,,
17c130a823c0,Bitterdream,Shadow Sceptre,Solo Self-Found,1,1,1,,none,no,,none,no,,0,no,,,,,number-outside-range,Socketed Gems are Supported by Level 1 Bonechill
dc39530a08d8,Geofri's Baptism,Brass Maul,Solo Self-Found,1,2,2,Current,one,no,Current,one,no,,0,no,,,,,,
295d25283d8c,The Blood Reaper,Headsman Axe,Solo Self-Found,1,3,3,Current,one,no,Current,one,no,,0,no,,,,,,
1d97f957d57c,Wings of Entropy,Ezomyte Axe,Solo Self-Found,1,6,6,Pre 3.26.0,one,no,Pre 3.26.0,one,no,,0,no,,,,,,
7c7cddeb3aee,Limbsplit,Woodsplitter,Solo Self-Found,1,2,2,Current,one,no,Current,one,no,,0,no,,,,,,
eae2f1bf4cf1,Sinvicta's Mettle,Ezomyte Axe,Solo Self-Found,1,2,2,Current,one,no,Current,one,no,,0,no,,,,,,
25ff2002ddc3,Dreadarc,Cleaver,Solo Self-Found,1,1,1,only,one,no,only,one,no,,0,no,,,,,,
aea83f0f01c3,The Screaming Eagle,Jade Hatchet,Solo Self-Found,1,2,2,Current,one,no,Current,one,no,,0,no,,,,,,
b96be12fa5d9,Relentless Fury,Decorative Axe,Solo Self-Found,1,2,2,Current,one,no,Current,one,no,,0,no,,,,,,
63d047564b16,Debeon's Dirge,Despot Axe,Solo Self-Found,1,1,1,only,one,no,only,one,no,,0,no,,,,,,
3def466f98b9,Maloney's Nightfall,Blunt Arrow Quiver,Solo Self-Found,1,3,3,Pre 3.17.0,one,no,Pre 3.17.0,one,no,,0,no,,,,,,
a5cc6d972b05,Craghead,Serrated Arrow Quiver,Solo Self-Found,1,2,2,Pre 3.17.0,one,no,Pre 3.17.0,one,no,,0,no,,,,,,
869c18dd819e,Blackgleam,Fire Arrow Quiver,Solo Self-Found,1,4,4,Pre 3.17.0,one,no,Pre 3.17.0,one,no,,0,no,,,,,,
97962e861d6c,Hyrri's Bite,Sharktooth Arrow Quiver,Solo Self-Found,1,2,2,,none,no,,none,no,,0,no,,,,,number-outside-range,Gain 4 Life per Enemy Hit with Attacks
b1ad05fd77e0,Scorpion's Call,Broadhead Arrow Quiver,Solo Self-Found,1,2,2,Pre 3.17.0,one,no,Pre 3.17.0,one,no,,0,no,,,,,,
d12e2b6228bd,Heatshiver,Leather Hood,Solo Self-Found,1,4,4,Pre 3.19.0,one,no,Pre 3.19.0,one,no,,0,no,,,,,,
8c23f13b8011,Rime Gaze,Mind Cage,Solo Self-Found,1,6,6,Pre 3.19.0,one,no,Pre 3.19.0,one,no,,0,no,,,,,,
5d2c62782922,The Peregrine,Visored Sallet,Solo Self-Found,1,3,3,Current,one,no,Current,one,no,,0,no,,,,,,
98a4f8c88c93,The Gull,Raven Mask,Solo Self-Found,1,4,4,Pre 3.29.0,one,no,Pre 3.29.0,one,no,,0,no,,,,,,
8fcc5c3fdfcb,Malachai's Simula,Iron Mask,Solo Self-Found,1,6,6,Pre 3.17.0;Pre 3.19.0;Pre 3.7.0,several,no,Pre 3.17.0;Pre 3.19.0;Pre 3.7.0,several,no,,0,no,,,,,,
10151527ee2d,Asenath's Mark,Iron Circlet,Solo Self-Found,1,3,3,Pre 3.19.0,one,no,Pre 3.19.0,one,no,,0,no,,,,,,
0dbeae7ba9bf,Crown of Thorns,Vine Circlet,Solo Self-Found,1,3,3,Pre 3.19.0,one,no,Pre 3.19.0,one,no,,0,no,,,,,,
c327f061406e,Fairgraves' Tricorne,Tricorne,Solo Self-Found,1,2,2,,none,no,,none,no,,0,no,,,,,variant-line-not-displayed,15% increased Stun and Block Recovery
f3eca6b65c20,Wraithlord,Bone Circlet,Solo Self-Found,1,3,3,Pre 3.19.0,one,no,Pre 3.19.0,one,no,,0,no,,,,,,
539808994b17,Doedre's Scorn,Lunaris Circlet,Solo Self-Found,1,3,3,Pre 3.19.0,one,no,Pre 3.19.0,one,no,,0,no,,,,,,
2a4056008c93,Skullhead,Secutor Helm,Solo Self-Found,1,3,3,Pre 3.19.0,one,no,Pre 3.19.0,one,no,,0,no,,,,,,
9389bfb47865,Leer Cast,Festival Mask,Solo Self-Found,1,2,2,Pre 3.19.0,one,no,Pre 3.19.0,one,no,,0,no,,,,,,
6e81d75293e9,Curtain Call,Plague Mask,Solo Self-Found,1,1,1,only,one,no,only,one,no,,0,no,,,,,,
17aced68398e,Geofri's Crest,Great Crown,Solo Self-Found,1,3,3,,none,no,,none,no,,0,no,,,,,variant-line-not-displayed,+1 to maximum number of Summoned Holy Relics
66475ff1ee77,Speaker's Wreath,Prophet Crown,Solo Self-Found,1,1,1,only,one,no,only,one,no,,0,no,,,,,,
6113910f4290,Starkonja's Head,Silken Hood,Solo Self-Found,1,2,2,Current,one,no,Current,one,no,,0,no,,,,,,
469ba1f7c821,Ezomyte Peak,Iron Hat,Solo Self-Found,1,2,2,Pre 3.19.0,one,no,Pre 3.19.0,one,no,,0,no,,,,,,
48aa74109d0a,Deidbell,Gilded Sallet,Solo Self-Found,1,3,3,Pre 3.19.0,one,no,Pre 3.19.0,one,no,,0,no,,,,,,
a14bfc20f2b6,Hrimnor's Resolve,Samnite Helmet,Solo Self-Found,1,3,3,,none,no,,none,no,,0,no,,,,,variant-line-not-displayed,10% increased Stun and Block Recovery
e1af7ee5e154,The Three Dragons,Golden Mask,Solo Self-Found,1,1,1,only,one,no,only,one,no,,0,no,,,,,,
82ad721b1828,Springleaf,Plank Kite Shield,Solo Self-Found,1,5,5,Pre 3.19.0,one,no,Pre 3.19.0,one,no,,0,no,,,,,,
8a61e319fa0a,Matua Tupuna,Tarnished Spirit Shield,Solo Self-Found,1,3,3,Pre 3.19.0,one,no,Pre 3.19.0,one,no,,0,no,,,,,,
3fbb8a13579c,Thousand Teeth Temu,Vaal Buckler,Solo Self-Found,1,4,4,Pre 3.19.0,one,no,Pre 3.19.0,one,no,,0,no,,,,,,
d4dcf3b7e92c,Titucius' Span,Reinforced Tower Shield,Solo Self-Found,1,3,3,Current,one,no,Current,one,no,,0,no,,,,,,
24866473301f,Maligaro's Lens,Compound Spiked Shield,Solo Self-Found,1,3,3,Current,one,no,Current,one,no,,0,no,,,,,,
a9e1681484db,Daresso's Courage,Baroque Round Shield,Solo Self-Found,1,4,4,Pre 3.19.0,one,no,Pre 3.19.0,one,no,,0,no,,,,,,
1f8b5e5e0c7b,Kaltenhalt,Painted Buckler,Solo Self-Found,1,4,4,Current,one,no,Current,one,no,,0,no,,,,,,
715d914acc27,Chalice of Horrors,War Buckler,Solo Self-Found,1,5,5,Pre 3.17.0,one,no,Pre 3.17.0,one,no,,0,no,,,,,,
9197dd852dfc,The Deep One's Hide,Studded Round Shield,Solo Self-Found,1,2,2,Current,one,no,Current,one,no,,0,no,,,,,,
69ae4dc10173,The Eternal Apple,Chiming Spirit Shield,Solo Self-Found,1,1,1,only,one,no,only,one,no,,0,no,,,,,,
777c67345ac2,Wheel of the Stormsail,Rotted Round Shield,Solo Self-Found,1,3,3,Pre 3.16.0,one,no,Pre 3.16.0,one,no,,0,no,,,,,,
25ec67ca9e60,Kongming's Stratagem,Ivory Spirit Shield,Solo Self-Found,1,5,5,Pre 3.19.0,one,no,Pre 3.19.0,one,no,,0,no,,,,,,
b14a8abeec9f,Sundance,Clasped Boots,Solo Self-Found,1,2,2,Current,one,no,Current,one,no,,0,no,,,,,,
fd65719cc25b,Gang's Momentum,Legion Boots,Solo Self-Found,1,2,2,Current,one,no,Current,one,no,,0,no,,,,,,
b36d4b581faf,Torchoak Step,Antique Greaves,Solo Self-Found,1,2,2,Pre 3.16.0,one,no,Pre 3.16.0,one,no,,0,no,,,,,,
04d35734e5af,Three-step Assault,Shagreen Boots,Solo Self-Found,1,3,3,Pre 3.16.0,one,no,Pre 3.16.0,one,no,,0,no,,,,,,
a6899e4ce97d,Darkray Vectors,Dragonscale Boots,Solo Self-Found,1,3,3,Pre 3.16.0,one,no,Pre 3.16.0,one,no,,0,no,,,,,,
7ca736810b92,Dusktoe,Ironscale Boots,Solo Self-Found,1,4,4,Pre 3.19.0,one,no,Pre 3.19.0,one,no,,0,no,,,,,,
728f6352e6e7,Stormcharger,Plated Greaves,Solo Self-Found,1,2,2,Pre 3.19.0,one,no,Pre 3.19.0,one,no,,0,no,,,,,,
1659622d0dfe,Windscream,Reinforced Greaves,Solo Self-Found,1,3,3,Pre 3.19.0,one,no,Pre 3.19.0,one,no,,0,no,,,,,,
3d2de0f758b2,Bones of Ullr,Silk Slippers,Solo Self-Found,1,1,1,only,one,no,only,one,no,,0,no,,,enchantMods,,,
a1b4bd3f55bb,Victario's Flight,Goathide Boots,Solo Self-Found,1,3,3,Pre 3.19.0,one,no,Pre 3.19.0,one,no,,0,no,,,,,,
e385c4461540,Wake of Destruction,Mesh Boots,Solo Self-Found,1,3,3,Current,one,no,Current,one,no,,0,no,,,,,,
6dc12f0315ec,Shavronne's Pace,Scholar Boots,Solo Self-Found,1,4,4,Pre 3.19.0,one,no,Pre 3.19.0,one,no,,0,no,,,,,,
c69107f65eb0,The Blood Dance,Sharkskin Boots,Solo Self-Found,1,4,4,Current,one,no,Current,one,no,,0,no,,,,,,
07e56929e59c,Wondertrap,Velvet Slippers,Solo Self-Found,1,3,3,Current;Pre 3.19.0,several,yes,Current;Pre 3.19.0,several,yes,,0,no,,,,,,
4283fa7196d4,Bubonic Trail,Murder Boots,Solo Self-Found,1,4,4,One Abyssal Socket (Pre 3.21.0),one,no,One Abyssal Socket (Pre 3.21.0),one,no,,0,no,,,,,,
8c97a4b38dbc,Nomic's Storm,Strapped Boots,Solo Self-Found,1,3,3,Current,one,no,Current,one,no,,0,no,,,,,,
f40bcb1b086d,Deerstalker,Deerskin Boots,Solo Self-Found,1,3,3,Pre 3.19.0,one,no,Pre 3.19.0,one,no,,0,no,,,,,,
c3e9e2a8b557,Wanderlust,Wool Shoes,Solo Self-Found,1,1,1,only,one,no,only,one,no,,0,no,,,,,,
c858030c9a13,Doedre's Tenure,Velvet Gloves,Solo Self-Found,1,3,3,Pre 3.19.0,one,no,Pre 3.19.0,one,no,,0,no,,,,,,
c7a6305c6591,Sadima's Touch,Wool Gloves,Solo Self-Found,1,4,4,Pre 3.25.0,one,no,Pre 3.25.0,one,no,,0,no,,,,,,
8a8e24eece71,Shackles of the Wretched,Chain Gloves,Solo Self-Found,1,2,2,Current,one,no,Current,one,no,,0,no,,,,,,
910d7b181f77,Giantsbane,Bronze Gauntlets,Solo Self-Found,1,2,2,Pre 3.19.0,one,no,Pre 3.19.0,one,no,,0,no,,,,,,
6fb6592156f8,Slitherpinch,Bronzescale Gauntlets,Solo Self-Found,1,2,2,Current,one,no,Current,one,no,,0,no,,,,,,
0df68b155de4,Wyrmsign,Wyrmscale Gauntlets,Solo Self-Found,1,2,2,Pre 3.29.0,one,no,Pre 3.29.0,one,no,,0,no,,,,,,
055d59f91102,Triad Grip,Mesh Gloves,Solo Self-Found,1,2,2,Pre 3.29.0,one,no,Pre 3.29.0,one,no,,0,no,,,,,,
ddc1c4c9b634,Meginord's Vise,Steel Gauntlets,Solo Self-Found,1,4,4,Pre 3.19.0,one,no,Pre 3.19.0,one,no,,0,no,,,,,,
9f346fac98bb,Vaal Caress,Bronzescale Gauntlets,Solo Self-Found,1,3,3,Pre 3.19.0,one,no,Pre 3.19.0,one,no,,0,no,,,,,,
a9a70893def5,Hrimsorrow,Goathide Gloves,Solo Self-Found,1,3,3,Pre 3.19.0,one,no,Pre 3.19.0,one,no,,0,no,,,,,,
1f4d9f86bcd5,Snakebite,Assassin's Mitts,Solo Self-Found,1,3,3,Current,one,no,Current,one,no,,0,no,,,,,,
8276a7cd5b1e,The Embalmer,Carnal Mitts,Solo Self-Found,1,1,1,only,one,no,only,one,no,,0,no,,,,,,
ec2ef5e2086c,Ondar's Clasp,Wrapped Mitts,Solo Self-Found,1,3,3,,none,no,,none,no,,0,no,,,,,no-text-match,10% increased Cast Speed
630fbf10a1d1,Lochtonial Caress,Iron Gauntlets,Solo Self-Found,1,3,3,Pre 3.19.0,one,no,Pre 3.19.0,one,no,,0,no,,,,,,
518927e4ea4b,Facebreaker,Strapped Mitts,Solo Self-Found,1,6,6,Current;Pre 3.26.0,several,yes,Current;Pre 3.26.0,several,yes,,0,no,,,,,,
47f81a421720,Southbound,Soldier Gloves,Solo Self-Found,1,3,3,Pre 3.19.0,one,no,Pre 3.19.0,one,no,,0,no,,,,,,
a129086f5271,Atziri's Promise,Amethyst Flask,Solo Self-Found,1,3,3,Current,one,no,Current,one,no,,0,no,,,utilityMods,,,
0f74d6a9a908,Rotgut,Quicksilver Flask,Solo Self-Found,1,4,4,Pre 3.15.0,one,no,Pre 3.15.0,one,no,,0,no,,,utilityMods,,,
eec0f7a40d5f,Doedre's Elixir,Greater Mana Flask,Solo Self-Found,1,3,3,Pre 3.15.0,one,no,Pre 3.15.0,one,no,,0,no,,,,,,
853b08d1dce9,Infernal Mantle,Widowsilk Robe,Solo Self-Found,1,5,5,Pre 3.19.0,one,no,Pre 3.19.0,one,no,,0,no,,,,,,
eba416fd7d21,The Restless Ward,Carnal Armour,Solo Self-Found,1,3,3,Pre.3.19.0,one,no,Pre.3.19.0,one,no,,0,no,,,,,,
2a5cf2105d06,Soul Mantle,Spidersilk Robe,Solo Self-Found,1,5,5,Pre 3.16.0,one,no,Pre 3.16.0,one,no,,0,no,,,,,,
2cbdae241e88,Icetomb,Latticed Ringmail,Solo Self-Found,1,3,3,Pre 3.19.0,one,no,Pre 3.19.0,one,no,,0,no,,,,,,
4616b26df2fd,Foxshade,Wild Leather,Solo Self-Found,1,3,3,Pre 3.19.0,one,no,Pre 3.19.0,one,no,,0,no,,,,,,
dc35305b774f,Bramblejack,Plate Vest,Solo Self-Found,1,2,2,Pre 3.19.0,one,no,Pre 3.19.0,one,no,,0,no,,,,,,
79f01203dc21,Bronn's Lithe,Cutthroat's Garb,Solo Self-Found,1,4,4,Pre 3.19.0,one,no,Pre 3.19.0,one,no,,0,no,,,,,,
4aeacaf51468,Lightbane Raiment,Ornate Ringmail,Solo Self-Found,1,4,4,Current,one,no,Current,one,no,,0,no,,,,,,
c5ff82e0a459,Kingsguard,Conquest Chainmail,Solo Self-Found,1,1,1,only,one,no,only,one,no,,0,no,,,,,,
43e8f5fbcfed,Belly of the Beast,Full Wyrmscale,Solo Self-Found,1,1,1,only,one,no,only,one,no,,0,no,,,,,,
81e6194434c6,Cloak of Flame,Scholar's Robe,Solo Self-Found,1,2,2,Pre 3.19.0,one,no,Pre 3.19.0,one,no,,0,no,,,,,,
cc9861cd84c8,Thousand Ribbons,Simple Robe,Solo Self-Found,1,3,3,Pre 3.19.0,one,no,Pre 3.19.0,one,no,,0,no,,,,,,
f551f59b23e1,Briskwrap,Strapped Leather,Solo Self-Found,1,4,4,Pre 3.19.0,one,no,Pre 3.19.0,one,no,,0,no,,,,,,
468bd1edb4a2,Tabula Rasa,Simple Robe,Solo Self-Found,1,1,1,only,one,no,only,one,no,,0,no,,,,,,
8f70def426e4,Ambu's Charge,Crusader Chainmail,Solo Self-Found,1,5,5,Pre 3.19.0,one,no,Pre 3.19.0,one,no,,0,no,,,,,,
95cd7bf33e52,Zahndethus' Cassock,Sage's Robe,Solo Self-Found,1,4,4,Current,one,no,Current,one,no,,0,no,,,,,,
d129c08b5f0f,Solaris Lorica,Copper Plate,Solo Self-Found,1,2,2,Current,one,no,Current,one,no,,0,no,,,,,,
c01fdff2b9ad,Ashrend,Buckskin Tunic,Solo Self-Found,1,3,3,Pre 3.19.0,one,no,Pre 3.19.0,one,no,,0,no,,,,,,
d78178cf814f,Bloodseeker,Hellion's Paw,Solo Self-Found,1,4,4,Pre 3.20.0,one,no,Pre 3.20.0,one,no,,0,no,,,,,,
251748cfa897,Last Resort,Nailed Fist,Solo Self-Found,1,1,1,only,one,no,only,one,no,,0,no,,,,,,
1752ac4e66f0,Ornament of the East,Gut Ripper,Solo Self-Found,1,4,4,Pre 3.21.0,one,no,Pre 3.21.0,one,no,,0,no,,,,,,
dafe044cdcc3,The Wasp Nest,Throat Stabber,Solo Self-Found,1,2,2,Current,one,no,Current,one,no,,0,no,,,,,,
cc24264df1cb,Advancing Fortress,Gut Ripper,Solo Self-Found,1,2,2,Current,one,no,Current,one,no,,0,no,,,,,,
ad7e571a7625,Wildslash,Awl,Solo Self-Found,1,2,2,Current,one,no,Current,one,no,,0,no,,,,,,
163b4d3c6f06,The Whispering Ice,Vile Staff,Solo Self-Found,1,3,3,Pre 3.25.0,one,no,Pre 3.25.0,one,no,,0,no,,,,,,
90ac4ec163df,Realmshaper,Iron Staff,Solo Self-Found,1,4,4,Pre 3.25.0,one,no,Pre 3.25.0,one,no,,0,no,,,,,,
bcad5915e752,Femurs of the Saints,Primordial Staff,Solo Self-Found,1,4,4,Pre 3.25.0,one,no,Pre 3.25.0,one,no,,0,no,,,,,,
a5ce929cb7a4,Sire of Shards,Serpentine Staff,Solo Self-Found,1,3,3,Pre 3.25.0,one,no,Pre 3.25.0,one,no,,0,no,,,,,,
8e3ce8afa6ad,Dying Breath,Iron Staff,Solo Self-Found,1,3,3,Pre 2.6.0;Pre 3.25.0,several,no,Pre 2.6.0;Pre 3.25.0,several,no,,0,no,,,,,,
53783c769927,Pillar of the Caged God,Iron Staff,Solo Self-Found,1,3,3,Pre 3.25.0,one,no,Pre 3.25.0,one,no,,0,no,,,,,,
5d8cd6c97adf,Cane of Unravelling,Ezomyte Staff,Solo Self-Found,1,5,5,Pre 3.25.0,one,no,Pre 3.25.0,one,no,,0,no,,,,,,
e8e7d3b0836d,Fencoil,Gnarled Branch,Solo Self-Found,1,3,3,Pre 3.25.0,one,no,Pre 3.25.0,one,no,,0,no,,,,,,
39d93dec3443,Dendrobate,Sentinel Jacket,Solo Self-Found,1,1,1,only,one,no,only,one,no,,0,no,,,,,,
c7a81e96ee61,Bloodbond,Bone Armour,Solo Self-Found,1,2,2,Current,one,no,Current,one,no,,0,no,,,,,,
908328aeaf0b,Kingsguard,Conquest Chainmail,Solo Self-Found,1,1,1,only,one,no,only,one,no,,0,no,,,,,,
8c5022b975ce,Lightbane Raiment,Ornate Ringmail,Solo Self-Found,1,4,4,Current,one,no,Current,one,no,,0,no,,,,,,
b8aa33331764,Geofri's Sanctuary,Elegant Ringmail,Solo Self-Found,1,3,3,Current,one,no,Current,one,no,,0,no,,,,,,
0b8b5a3c5ddd,The Queen's Hunger,Vaal Regalia,Solo Self-Found,1,1,1,,none,no,,none,no,,0,no,,,,,no-text-match,+33 to Strength and Dexterity
bd7f6151f478,Ambu's Charge,Crusader Chainmail,Solo Self-Found,1,5,5,Current,one,no,Current,one,no,,0,no,,,,,,
50776b39eba3,Soul Mantle,Spidersilk Robe,Solo Self-Found,1,5,5,Current,one,no,Current,one,no,,0,no,,,,,,
f1315bd60618,Ashrend,Buckskin Tunic,Solo Self-Found,1,3,3,Current,one,no,Current,one,no,,0,no,,,,,,
5ba250dff14e,Greed's Embrace,Golden Plate,Solo Self-Found,1,2,2,Current,one,no,Current,one,no,,0,no,,,,,,
cf6d3d619136,Tinkerskin,Sadist Garb,Solo Self-Found,1,1,1,only,one,no,only,one,no,,0,no,,,,,,
70e49b477456,Lioneye's Vision,Crusader Plate,Solo Self-Found,1,2,2,Current,one,no,Current,one,no,,0,no,,,,,,
4a98640011d3,Briskwrap,Sun Leather,Solo Self-Found,1,4,4,Current,one,no,Current,one,no,,0,no,,,,,,
1c3a522a3e73,Icetomb,Latticed Ringmail,Solo Self-Found,1,3,3,Current,one,no,Current,one,no,,0,no,,,,,,
d97a97e52b8d,Thousand Ribbons,Simple Robe,Solo Self-Found,1,3,3,Current,one,no,Current,one,no,,0,no,,,,,,
edebecc70be4,Bramblejack,Plate Vest,Solo Self-Found,1,2,2,Current,one,no,Current,one,no,,0,no,,,,,,
a4535931292a,Cherrubim's Maleficence,Triumphant Lamellar,Solo Self-Found,1,3,3,Current,one,no,Current,one,no,,0,no,,,,,,
3ef44dd51c8d,The Restless Ward,Carnal Armour,Solo Self-Found,1,3,3,Current,one,no,Current,one,no,,0,no,,,,,,
dc73761dc283,The Ivory Tower,Saint's Hauberk,Solo Self-Found,1,1,1,only,one,no,only,one,no,,0,no,,,,,,
d0b15892b1de,Crest of Perandus,Pine Buckler,Solo Self-Found,1,3,3,Current,one,no,Current,one,no,,0,no,,,,,,
757713a00476,Mistwall,Lacquered Buckler,Solo Self-Found,1,1,1,only,one,no,only,one,no,,0,no,,,,,,
c4dfc21eaac4,Light of Lunaris,Jingling Spirit Shield,Solo Self-Found,1,3,3,Current,one,no,Current,one,no,,0,no,,,,,,
4c4a4f676691,Titucius' Span,Reinforced Tower Shield,Solo Self-Found,1,3,3,Current,one,no,Current,one,no,,0,no,,,,,,
6189ebc4ae3b,Trolltimber Spire,Cedar Tower Shield,Solo Self-Found,1,3,3,Current,one,no,Current,one,no,,0,no,,,,,,
edc6b787c41e,Jaws of Agony,Supreme Spiked Shield,Solo Self-Found,1,4,4,Current,one,no,Current,one,no,,0,no,,,,,,
281455651d69,The Deep One's Hide,Studded Round Shield,Solo Self-Found,1,2,2,Current,one,no,Current,one,no,,0,no,,,,,,
b717cc21c026,Maligaro's Lens,Compound Spiked Shield,Solo Self-Found,1,3,3,Current,one,no,Current,one,no,,0,no,,,,,,
6898c72d55b9,Redblade Banner,Painted Tower Shield,Solo Self-Found,1,4,4,Current,one,no,Current,one,no,,0,no,,,,,,
1ad38c7467f8,The Ghastly Theatre,Teak Round Shield,Solo Self-Found,1,2,2,,none,no,,none,no,,0,no,,,,,number-outside-range,100% chance to Avoid Bleeding
75d72b2cb05d,Leper's Alms,Mirrored Spiked Shield,Solo Self-Found,1,2,2,Current,one,no,Current,one,no,,0,no,,,,,,
303e010e3d93,The Eternal Apple,Chiming Spirit Shield,Solo Self-Found,1,1,1,only,one,no,only,one,no,,0,no,,,,,,
c22c406ba956,Sentari's Answer,Brass Spirit Shield,Solo Self-Found,1,3,3,Current,one,no,Current,one,no,,0,no,,,,,,
11c2131dbde2,Chernobog's Pillar,Ebony Tower Shield,Solo Self-Found,1,4,4,Current,one,no,Current,one,no,,0,no,,,,,,
0b718d2a1ae0,Wheel of the Stormsail,Rotted Round Shield,Solo Self-Found,1,3,3,Current,one,no,Current,one,no,,0,no,,,,,,
4000330f8c30,Victario's Charity,Laminated Kite Shield,Solo Self-Found,1,2,2,Current,one,no,Current,one,no,,0,no,,,,,,
c6c0b4c21176,Kaltenhalt,Painted Buckler,Solo Self-Found,1,4,4,Current,one,no,Current,one,no,,0,no,,,,,,
f15315c71522,The Oppressor,Elegant Round Shield,Solo Self-Found,1,1,1,only,one,no,only,one,no,,0,no,,,,,,
24f285d43fbb,Malachai's Loop,Harmonic Spirit Shield,Solo Self-Found,1,4,4,Current,one,no,Current,one,no,,0,no,,,,,,
b832d347b9cb,Kiloava's Bluster,Ironwood Buckler,Solo Self-Found,1,1,1,only,one,no,only,one,no,,0,no,,,,,,
1e5297472df1,Kongming's Stratagem,Ancient Spirit Shield,Solo Self-Found,1,5,5,Current,one,no,Current,one,no,,0,no,,,,,,
82618fda9862,Daresso's Courage,Baroque Round Shield,Solo Self-Found,1,4,4,Current,one,no,Current,one,no,,0,no,,,,,,
bbe5a92681bb,Chalice of Horrors,War Buckler,Solo Self-Found,1,5,5,,none,no,,none,no,,0,no,,,,,variant-line-not-displayed,+1 to Level of Socketed Curse Gems
94f8536f07a5,Bitterbind Point,Titanium Spirit Shield,Solo Self-Found,1,23,23,,none,no,,none,no,,0,no,,,veiledMods,,variant-line-not-displayed,+(500-3000) to Armour during Soul Gain Prevention
38f955b516fb,Springleaf,Plank Kite Shield,Solo Self-Found,1,5,5,Current,one,no,Current,one,no,,0,no,,,,,,
a69e7714d80c,Ahn's Heritage,Colossal Tower Shield,Solo Self-Found,1,3,3,Current,one,no,Current,one,no,,0,no,,,,,,
e72a5cc23093,Thousand Teeth Temu,Vaal Buckler,Solo Self-Found,1,4,4,Current,one,no,Current,one,no,,0,no,,,,,,
d09c2156d181,Victario's Flight,Goathide Boots,Solo Self-Found,1,3,3,Current,one,no,Current,one,no,,0,no,,,,,,
26d9d89981c6,Veruso's Ambition,Shackled Boots,Solo Self-Found,1,1,1,only,one,no,only,one,no,,0,no,,,,,,
e3770b4954f8,Wanderlust,Wool Shoes,Solo Self-Found,1,1,1,only,one,no,only,one,no,,0,no,,,,,,
1aba2f99092d,Goldwyrm,Nubuck Boots,Solo Self-Found,1,3,3,Current,one,no,Current,one,no,,0,no,,,,,,
619e22b2d81a,Orbala's Stand,Eelskin Boots,Solo Self-Found,1,1,1,only,one,no,only,one,no,,0,no,,,,,,
f0ebfd73297f,Kahuturoa's Certainty,Ancient Greaves,Solo Self-Found,1,1,1,only,one,no,only,one,no,,0,no,,,,,,
8415fec033c9,Gang's Momentum,Legion Boots,Solo Self-Found,1,2,2,Current,one,no,Current,one,no,,0,no,,,,,,
ea083ae95231,Wake of Destruction,Mesh Boots,Solo Self-Found,1,3,3,Current,one,no,Current,one,no,,0,no,,,,,,
ee3d15bb3ac5,Nomic's Storm,Strapped Boots,Solo Self-Found,1,3,3,Current,one,no,Current,one,no,,0,no,,,,,,
be13a8f1c9af,Darkray Vectors,Dragonscale Boots,Solo Self-Found,1,3,3,Current,one,no,Current,one,no,,0,no,,,,,,
5264de6f2cf8,Torchoak Step,Antique Greaves,Solo Self-Found,1,2,2,Current,one,no,Current,one,no,,0,no,,,,,,
41f2c5cda78c,Sin Trek,Stealth Boots,Solo Self-Found,1,4,4,Current;Pre 3.5.0,several,yes,Current;Pre 3.5.0,several,yes,,0,no,,,,,,
88573dd0616b,Windscream,Reinforced Greaves,Solo Self-Found,1,3,3,Current,one,no,Current,one,no,,0,no,,,,,,
04a650edc0c0,Inextricable Fate,Fugitive Boots,Solo Self-Found,1,1,1,only,one,no,only,one,no,,0,no,,,,,,
6eebf1ea62d8,Rainbowstride,Conjurer Boots,Solo Self-Found,1,6,6,Current,one,no,Current,one,no,,0,no,,,,,,
6e1c64284fa8,Three-step Assault,Shagreen Boots,Solo Self-Found,1,3,3,Current,one,no,Current,one,no,,0,no,,,,,,
af1d639374d0,Stormcharger,Plated Greaves,Solo Self-Found,1,2,2,Current,one,no,Current,one,no,,0,no,,,,,,
cb3237380c9c,Deerstalker,Deerskin Boots,Solo Self-Found,1,3,3,Current,one,no,Current,one,no,,0,no,,,,,,
93e017baafee,Bones of Ullr,Silk Slippers,Solo Self-Found,1,1,1,only,one,no,only,one,no,,0,no,,,,,,
b6b6eeea84af,March of the Legion,Legion Boots,Solo Self-Found,1,2,2,Current,one,no,Current,one,no,,0,no,,,,,,
1c0a5bbd83b4,Alberon's Warpath,Soldier Boots,Solo Self-Found,1,2,2,Current,one,no,Current,one,no,,0,no,,,,,,
c669bc0e91a3,Kaom's Roots,Titan Greaves,Solo Self-Found,1,2,2,Current,one,no,Current,one,no,,0,no,,,,,,
104ac58c2bce,Sundance,Clasped Boots,Solo Self-Found,1,2,2,Current,one,no,Current,one,no,,0,no,,,,,,
b4821e345cd0,Redblade Tramplers,Ancient Greaves,Solo Self-Found,1,2,2,Current,one,no,Current,one,no,,0,no,,,,,,
9709831613c0,Shavronne's Pace,Scholar Boots,Solo Self-Found,1,4,4,Current,one,no,Current,one,no,,0,no,,,,,,
619bdcac49f6,Dawnstrider,Vaal Greaves,Solo Self-Found,1,2,2,Current,one,no,Current,one,no,,0,no,,,,,,
3f4f0f4ec0db,Inya's Epiphany,Arcanist Slippers,Solo Self-Found,1,1,1,only,one,no,only,one,no,,0,no,,,,,,
9d292aabdef9,Cybil's Paw,Thresher Claw,Solo Self-Found,1,4,4,Current,one,no,Current,one,no,,0,no,,,,,,
736a125df68c,Al Dhih,Timeworn Claw,Solo Self-Found,1,6,6,Current,one,no,Current,one,no,,0,no,,,,,,
99a1fda89336,The Wasp Nest,Throat Stabber,Solo Self-Found,1,2,2,Current,one,no,Current,one,no,,0,no,,,,,,
46c93395fdb4,The Scourge,Terror Claw,Solo Self-Found,1,2,2,Current,one,no,Current,one,no,,0,no,,,,,,
c9506bf5850e,Wildslash,Awl,Solo Self-Found,1,2,2,Current,one,no,Current,one,no,,0,no,,,,,,
83bbdadcc452,Last Resort,Nailed Fist,Solo Self-Found,1,1,1,only,one,no,only,one,no,,0,no,,,,,,
590ff01f5dba,Hand of Thought and Motion,Imperial Claw,Solo Self-Found,1,5,5,Pre 3.26.0,one,no,Pre 3.26.0,one,no,,0,no,,,,,,
4fd51c940272,Rive,Terror Claw,Solo Self-Found,1,1,1,only,one,no,only,one,no,,0,no,,,,,,
c0f4a910fa1a,Touch of Anguish,Imperial Claw,Solo Self-Found,1,2,2,Current,one,no,Current,one,no,,0,no,,,,,,
4ada8ec0b881,Goblinedge,Ambusher,Solo Self-Found,1,1,1,only,one,no,only,one,no,,0,no,,,,,,
5811084ff7f9,Bloodplay,Stiletto,Solo Self-Found,1,2,2,Current,one,no,Current,one,no,,0,no,,,,,,
f851a5b3bb25,Goredrill,Skinning Knife,Solo Self-Found,1,1,1,only,one,no,only,one,no,,0,no,,,,,,
1d6003529e5c,Cold Iron Point,Ezomyte Dagger,Solo Self-Found,1,1,1,only,one,no,only,one,no,,0,no,,,,,,
6bede0eb3e07,Heartbreaker,Royal Skean,Solo Self-Found,1,3,3,Current,one,no,Current,one,no,,0,no,,,,,,
abd0236d9f8f,Arakaali's Fang,Fiend Dagger,Solo Self-Found,1,1,1,only,one,no,only,one,no,,0,no,,,,,,
0e53933c395b,The Consuming Dark,Fiend Dagger,Solo Self-Found,1,3,3,Current,one,no,Current,one,no,,0,no,,,,,,
3d2f68d0d67d,Ungil's Gauche,Boot Knife,Solo Self-Found,1,3,3,Current;Pre 1.1.0,several,yes,Current;Pre 1.1.0,several,yes,,0,no,,,,,,
0b43686ef062,Mark of the Doubting Knight,Platinum Kris,Solo Self-Found,1,4,4,,none,no,,none,no,,0,no,,,,,number-outside-range,10% reduced Attack Speed
d3ce28b155a4,Taproot,Ambusher,Solo Self-Found,1,1,1,,none,no,,none,no,,0,no,,,,,no-text-match,Adds 2 to 59 Lightning Damage
f8699ff7d1f1,Wings of Entropy,Ezomyte Axe,Solo Self-Found,1,6,6,Pre 3.26.0,one,no,Pre 3.26.0,one,no,,0,no,,,,,,
3d83c0dc1fc8,Sinvicta's Mettle,Ezomyte Axe,Solo Self-Found,1,2,2,Current,one,no,Current,one,no,,0,no,,,,,,
f03f082e47ba,The Screaming Eagle,Jade Hatchet,Solo Self-Found,1,2,2,Current,one,no,Current,one,no,,0,no,,,,,,
1ad515ccaf38,Wideswing,Poleaxe,Solo Self-Found,1,2,2,Current,one,no,Current,one,no,,0,no,,,,,,
e16056391774,Moonbender's Wing,Tomahawk,Solo Self-Found,1,2,2,Current,one,no,Current,one,no,,0,no,,,,,,
db8e81c60a04,The Harvest,Jasper Chopper,Solo Self-Found,1,1,1,only,one,no,only,one,no,,0,no,,,,,,
f8eab0fc0719,Debeon's Dirge,Despot Axe,Solo Self-Found,1,1,1,only,one,no,only,one,no,,0,no,,,,,,
3d604cd4cc03,The Blood Reaper,Headsman Axe,Solo Self-Found,1,3,3,Current,one,no,Current,one,no,,0,no,,,,,,
8297e9f79fb9,Dreadarc,Cleaver,Solo Self-Found,1,1,1,only,one,no,only,one,no,,0,no,,,,,,
56186e0fdb8f,Relentless Fury,Decorative Axe,Solo Self-Found,1,2,2,Current,one,no,Current,one,no,,0,no,,,,,,
ed906383ffab,Clayshaper,Rock Breaker,Solo Self-Found,1,3,3,,none,no,,none,no,,0,no,,,,,variant-line-not-displayed,Grants Level 12 Summon Stone Golem Skill
28e5298492fd,Sign of the Sin Eater,Tyrant's Sekhem,Solo Self-Found,1,1,1,only,one,no,only,one,no,,0,no,,,,,,
5f1e281d8880,Earendel's Embrace,Grinning Fetish,Solo Self-Found,1,1,1,only,one,no,only,one,no,,0,no,,,,,,
2530bf3dfbfc,Quecholli,Jagged Maul,Solo Self-Found,1,2,2,,none,no,,none,no,,0,no,,,,,no-text-match,"Enemies Killed with Attack or Spell Hits Explode, dealing 10% of their Life as Fire Damage"
d13e0c3e9665,The Supreme Truth,Crystal Sceptre,Solo Self-Found,1,4,4,Pre 2.28.0,one,no,Pre 2.28.0,one,no,,0,no,,,,,,
d571ed54dc8f,Hrimnor's Hymn,Sledgehammer,Solo Self-Found,1,2,2,Current,one,no,Current,one,no,,0,no,,,,,,
94199a12b6cb,Voidhome,Dread Maul,Solo Self-Found,1,2,2,Current,one,no,Current,one,no,,0,no,,,,,,
b17a93a38d13,Jorrhast's Blacksteel,Steelhead,Solo Self-Found,1,2,2,Current,one,no,Current,one,no,,0,no,,,,,,
fccf5921e934,Gorebreaker,Spiked Club,Solo Self-Found,1,2,2,,none,no,,none,no,,0,no,,,,,no-text-match,Extra gore
a8751f29f722,Kongor's Undying Rage,Terror Maul,Solo Self-Found,1,4,4,Current,one,no,Current,one,no,,0,no,,,,,,
169ded5cbafd,Tidebreaker,Imperial Maul,Solo Self-Found,1,4,4,Pre 3.29.0,one,no,Pre 3.29.0,one,no,,0,no,,,,,,
7d5c41256774,Brightbeak,War Hammer,Solo Self-Found,1,3,3,Current,one,no,Current,one,no,,0,no,,,,,,
e80a8296a468,Bitterdream,Shadow Sceptre,Solo Self-Found,1,1,1,only,one,no,only,one,no,,0,no,,,,,,
99fa824b8bf0,Death's Hand,Karui Sceptre,Solo Self-Found,1,3,3,Current;Pre 3.7.0,several,yes,Current;Pre 3.7.0,several,yes,,0,no,,,,,,
5f5585f9b76a,Geofri's Baptism,Brass Maul,Solo Self-Found,1,2,2,Current,one,no,Current,one,no,,0,no,,,,,,
4e941afefd0f,Augyre,Void Sceptre,Solo Self-Found,1,2,2,Current,one,no,Current,one,no,,0,no,,,,,,
108f6db07d65,Balefire,Opal Sceptre,Solo Self-Found,1,1,1,only,one,no,only,one,no,,0,no,,,,,,
c13ca6eb28f6,Axiom Perpetuum,Bronze Sceptre,Solo Self-Found,1,2,2,Current,one,no,Current,one,no,,0,no,,,,,,
8a2bd78c9d9a,Singularity,Platinum Sceptre,Solo Self-Found,1,4,4,Pre 3.29.0,one,no,Pre 3.29.0,one,no,,0,no,,,,,,
acc98089a554,Frostbreath,Ornate Mace,Solo Self-Found,1,3,3,Current,one,no,Current,one,no,,0,no,,,,,,
085c261ff30d,Chober Chaber,Great Mallet,Solo Self-Found,1,3,3,Current,one,no,Current,one,no,,0,no,,,,,,
ac8793023fc2,Lavianga's Wisdom,War Hammer,Solo Self-Found,1,3,3,Current,one,no,Current,one,no,,0,no,,,,,,
e93c82d94c5e,Twyzel,Sage Wand,Solo Self-Found,1,3,3,Pre 2.27.0,one,no,Pre 2.27.0,one,no,,0,no,,,,,,
68e99dcdf199,Storm Prison,Spiraled Wand,Solo Self-Found,1,3,3,Current,one,no,Current,one,no,,0,no,,,,,,
1efbb02da75b,Piscator's Vigil,Imbued Wand,Solo Self-Found,1,5,5,Pre 3.21.0;Pre 3.27.0,several,no,Pre 3.21.0;Pre 3.27.0,several,no,,0,no,,,,,,
b77da5d249e2,The Poet's Pen,Carved Wand,Solo Self-Found,1,2,2,Pre 3.27.0,one,no,Pre 3.27.0,one,no,,0,no,,,,,,
d129a7596925,Lifesprig,Driftwood Wand,Solo Self-Found,1,1,1,,none,no,,none,no,,0,no,,,,,no-text-match,Regenerate 8 Life over 1 second when you Cast a Spell
07f9d9cdb151,Reverberation Rod,Spiraled Wand,Solo Self-Found,1,5,5,Current,one,no,Current,one,no,,0,no,,,,,,
3508b9b17313,Moonsorrow,Imbued Wand,Solo Self-Found,1,5,5,Pre 3.27.0,one,no,Pre 3.27.0,one,no,,0,no,,,,,,
274c55612681,Eclipse Solaris,Engraved Wand,Solo Self-Found,1,6,6,Pre 3.27.0,one,no,Pre 3.27.0,one,no,,0,no,,,,,,
dd1c0af00a0e,Apep's Rage,Omen Wand,Solo Self-Found,1,6,6,Current,one,no,Current,one,no,,0,no,,,,,,
a3fc40226e65,Kaom's Spirit,Titan Gauntlets,Solo Self-Found,1,3,3,Pre 3.26.0,one,no,Pre 3.26.0,one,no,,0,no,,,,,,
6b64d8d87cb8,Empire's Grasp,Goliath Gauntlets,Solo Self-Found,1,1,1,only,one,no,only,one,no,,0,no,,,,,,
20395172b430,Ondar's Clasp,Wrapped Mitts,Solo Self-Found,1,3,3,Current,one,no,Current,one,no,,0,no,,,,,,
28c8c89092d5,Giantsbane,Bronze Gauntlets,Solo Self-Found,1,2,2,Current,one,no,Current,one,no,,0,no,,,,,,
3f9660694508,Triad Grip,Mesh Gloves,Solo Self-Found,1,2,2,Pre 3.29.0,one,no,Pre 3.29.0,one,no,,0,no,,,,,,
acb432eb5905,The Embalmer,Carnal Mitts,Solo Self-Found,1,1,1,only,one,no,only,one,no,,0,no,,,,,,
8e762c552098,Surgebinders,Dragonscale Gauntlets,Solo Self-Found,1,2,2,Current,one,no,Current,one,no,,0,no,,,,,,
306d2f09ba1b,Painseeker,Shagreen Gloves,Solo Self-Found,1,1,1,only,one,no,only,one,no,,0,no,,,,,,
a328fa08db17,Tanu Ahi,Wyrmscale Gauntlets,Solo Self-Found,1,1,1,only,one,no,only,one,no,,0,no,,,,,,
1c118e55d384,Shadows and Dust,Clasped Mitts,Solo Self-Found,1,3,3,Current,one,no,Current,one,no,,0,no,,,,,,
ab6c2acb534e,Shackles of the Wretched,Chain Gloves,Solo Self-Found,1,2,2,Current,one,no,Current,one,no,,0,no,,,,,,
72be47d7d61f,Demon Stitcher,Satin Gloves,Solo Self-Found,1,2,2,Current,one,no,Current,one,no,,0,no,,,,,,
8be8173e594b,Lochtonial Caress,Iron Gauntlets,Solo Self-Found,1,3,3,Current,one,no,Current,one,no,,0,no,,,,,,
7ea0645ee216,Hrimsorrow,Goathide Gloves,Solo Self-Found,1,3,3,Current,one,no,Current,one,no,,0,no,,,,,,
36df6da3c473,Snakebite,Assassin's Mitts,Solo Self-Found,1,3,3,Current,one,no,Current,one,no,,0,no,,,,,,
e9033997b46e,Facebreaker,Strapped Mitts,Solo Self-Found,1,6,6,Current;Pre 3.26.0,several,yes,Current;Pre 3.26.0,several,yes,,0,no,,,,,,
4c01abe6f72a,Meginord's Vise,Steel Gauntlets,Solo Self-Found,1,4,4,Current,one,no,Current,one,no,,0,no,,,,,,
dd33252af703,Flesh and Spirit,Ironscale Gauntlets,Solo Self-Found,1,1,1,only,one,no,only,one,no,,0,no,,,,,,
d73ec54da0fe,Mercenary's Lot,Slink Gloves,Solo Self-Found,1,2,2,Pre 3.26.0,one,no,Pre 3.26.0,one,no,,0,no,,,,,,
00bab6802fe6,Voidbringer,Conjurer Gloves,Solo Self-Found,1,4,4,Current,one,no,Current,one,no,,0,no,,,,,,
0b408475685f,Sadima's Touch,Wool Gloves,Solo Self-Found,1,4,4,,none,no,,none,no,,0,no,,,,,number-outside-range,9% increased Rarity of Items found
9c6e9eb6dd61,Stormseeker,Ambush Mitts,Solo Self-Found,1,1,1,only,one,no,only,one,no,,0,no,,,,,,
65ee18263be3,Veruso's Battering Rams,Titan Gauntlets,Solo Self-Found,1,1,1,only,one,no,only,one,no,,0,no,,,,,,
3309ee7e0a4d,Kalisa's Grace,Samite Gloves,Solo Self-Found,1,1,1,only,one,no,only,one,no,,0,no,,,,,,
3ec588e1e6ba,Wyrmsign,Wyrmscale Gauntlets,Solo Self-Found,1,2,2,Pre 3.29.0,one,no,Pre 3.29.0,one,no,,0,no,,,,,,
6064532f5aa5,The Dancing Dervish,Reaver Sword,Solo Self-Found,1,4,4,Current;Pre 3.17.0,several,yes,Current;Pre 3.17.0,several,yes,,0,no,,,,,,
5549a24a7807,Kondo's Pride,Ezomyte Blade,Solo Self-Found,1,3,3,Current,one,no,Current,one,no,,0,no,,,,,,
3356b2ab1dd1,Redbeak,Rusted Sword,Solo Self-Found,1,2,2,Current,one,no,Current,one,no,,0,no,,,,,,
fe232d64656a,Oro's Sacrifice,Infernal Sword,Solo Self-Found,1,3,3,Current,one,no,Current,one,no,,0,no,,,,,,
c14dcd63da27,Hyaon's Fury,Legion Sword,Solo Self-Found,1,6,6,Current,one,no,Current,one,no,,0,no,,,,,,
95adef3494cc,The Princess,Sabre,Solo Self-Found,1,2,2,Current,one,no,Current,one,no,,0,no,,,,,,
16bd71208a14,Fidelitas' Spike,Jagged Foil,Solo Self-Found,1,3,3,Current,one,no,Current,one,no,,0,no,,,,,,
4dec2ce90773,Innsbury Edge,Elder Sword,Solo Self-Found,1,2,2,Current,one,no,Current,one,no,,0,no,,,,,,
ed98b66ace67,The Goddess Bound,Whalebone Rapier,Solo Self-Found,1,3,3,Current,one,no,Current,one,no,,0,no,,,,,,
5f59a0c3c56a,Shiversting,Bastard Sword,Solo Self-Found,1,3,3,Current,one,no,Current,one,no,,0,no,,,,,,
42e9a8e935a5,Lakishu's Blade,Elegant Sword,Solo Self-Found,1,2,2,Current,one,no,Current,one,no,,0,no,,,,,,
b88155130614,Scaeva,Gladius,Solo Self-Found,1,3,3,Pre 3.29.0,one,no,Pre 3.29.0,one,no,,0,no,,,,,,
372e9b5a83b7,Ichimonji,Corsair Sword,Solo Self-Found,1,2,2,Current,one,no,Current,one,no,,0,no,,,,,,
ce2e54b54b16,The Tempestuous Steel,War Sword,Solo Self-Found,1,2,2,Current,one,no,Current,one,no,,0,no,,,,,,
37233870f62f,Rigwald's Charge,Highland Blade,Solo Self-Found,1,5,5,Current,one,no,Current,one,no,,0,no,,,,,,
f5fffe0f121c,Daresso's Passion,Estoc,Solo Self-Found,1,2,2,Current,one,no,Current,one,no,,0,no,,,,,,
e86a2a2dda41,Edge of Madness,Etched Greatsword,Solo Self-Found,1,4,4,Current,one,no,Current,one,no,,0,no,,,,,,
f2fff2a01eea,Beltimber Blade,Eternal Sword,Solo Self-Found,1,2,2,Current,one,no,Current,one,no,,0,no,,,,,,
548032ec2f30,Aurumvorax,Basket Rapier,Solo Self-Found,1,3,3,Current,one,no,Current,one,no,,0,no,,,,,,
139b6bec091c,Grelwood Shank,Eternal Sword,Solo Self-Found,1,2,2,Current,one,no,Current,one,no,,0,no,,,,,,
fa0c90f9d613,Hiltless,Reaver Sword,Solo Self-Found,1,3,3,Current,one,no,Current,one,no,,0,no,,,,,,
c9844c2697b6,Ahn's Might,Midnight Blade,Solo Self-Found,1,1,1,only,one,no,only,one,no,,0,no,,,,,,
14414cf9cb55,Prismatic Eclipse,Twilight Blade,Solo Self-Found,1,5,5,Pre 3.29.0,one,no,Pre 3.29.0,one,no,,0,no,,,,,,
5d2f48b50194,Paradoxica,Vaal Rapier,Solo Self-Found,1,1,1,only,one,no,only,one,no,,0,no,,,veiledMods,,,
301b65ea3372,Terminus Est,Tiger Sword,Solo Self-Found,1,3,3,Current,one,no,Current,one,no,,0,no,,,,,,
ce39f8ac9d31,Doomsower,Lion Sword,Solo Self-Found,1,5,5,Current,one,no,Current,one,no,,0,no,,,,,,
2954cb563a58,Ewar's Mirage,Antique Rapier,Solo Self-Found,1,2,2,Current,one,no,Current,one,no,,0,no,,,,,,
7957d95c7ba1,Ephemeral Edge,Dusk Blade,Solo Self-Found,1,6,6,Pre 3.23.0;Pre 3.26.0,several,no,Pre 3.23.0;Pre 3.26.0,several,no,,0,no,,,,,,
790c49dda278,Saemus' Gift,Feathered Arrow Quiver,Solo Self-Found,1,2,2,Current,one,no,Current,one,no,,0,no,,,,,,
3a02cfc3fe26,Scorpion's Call,Heavy Arrow Quiver,Solo Self-Found,1,2,2,Current,one,no,Current,one,no,,0,no,,,,,,
26c6e3a29823,Asphyxia's Wrath,Feathered Arrow Quiver,Solo Self-Found,1,3,3,Current,one,no,Current,one,no,,0,no,,,,,,
f7a0515dc946,Ahuana's Bite,Sharktooth Arrow Quiver,Solo Self-Found,1,1,1,only,one,no,only,one,no,,0,no,,,,,,
75d916342aa1,Craghead,Serrated Arrow Quiver,Solo Self-Found,1,2,2,,none,no,,none,no,,0,no,,,,,no-text-match,Adds 1 to 4 Physical Damage to Attacks
db59a42b5e65,Rearguard,Blunt Arrow Quiver,Solo Self-Found,1,2,2,Current,one,no,Current,one,no,,0,no,,,,,,
4e34a8b24571,Drillneck,Penetrating Arrow Quiver,Solo Self-Found,1,1,1,only,one,no,only,one,no,,0,no,,,,,,
57989caff868,Soul Strike,Spike-Point Arrow Quiver,Solo Self-Found,1,2,2,Current,one,no,Current,one,no,,0,no,,,,,,
ea85db4ce747,Hyrri's Bite,Sharktooth Arrow Quiver,Solo Self-Found,1,2,2,Current,one,no,Current,one,no,,0,no,,,,,,
9447a4a21610,Skirmish,Two-Point Arrow Quiver,Solo Self-Found,1,1,1,,none,no,,none,no,,0,no,,,,,no-text-match,Attack Skills have +1 to maximum number of Summoned Totems
8ba6d70a8c3a,Blackgleam,Blazing Arrow Quiver,Solo Self-Found,1,4,4,Current,one,no,Current,one,no,,0,no,,,,,,
734976fe2fb7,Fragility,Crimson Jewel,Solo Self-Found,1,1,1,only,one,no,only,one,no,,0,no,,,,,,
7fe391689d8e,To Dust,Cobalt Jewel,Solo Self-Found,1,3,3,Current;Pre 3.20.0,several,yes,Current;Pre 3.20.0,several,yes,,0,no,,,,,,
a21a78ca4ae6,Umbilicus Immortalis,Leather Belt,Solo Self-Found,1,1,1,only,one,no,only,one,no,,0,no,,,,,,
67399c546b27,Bated Breath,Chain Belt,Solo Self-Found,1,2,2,Current,one,no,Current,one,no,,0,no,,,,,,
102d04f1865b,Maligaro's Restraint,Chain Belt,Solo Self-Found,1,1,1,only,one,no,only,one,no,,0,no,,,,,,
5a2673d3f12c,Immortal Flesh,Leather Belt,Solo Self-Found,1,4,4,Current,one,no,Current,one,no,,0,no,,,,,,
40ee1dbf4672,Ynda's Stand,Studded Belt,Solo Self-Found,1,1,1,only,one,no,only,one,no,,0,no,,,,,,
e7f90410343d,Prismweave,Rustic Sash,Solo Self-Found,1,3,3,Current,one,no,Current,one,no,,0,no,,,,,,
ba4fb23365a6,Perseverance,Vanguard Belt,Solo Self-Found,1,2,2,Current,one,no,Current,one,no,,0,no,,,,,,
3b1344eb366c,Siegebreaker,Heavy Belt,Solo Self-Found,1,1,1,only,one,no,only,one,no,,0,no,,,,,,
c14edaf51180,Pyroshock Clasp,Leather Belt,Solo Self-Found,1,1,1,only,one,no,only,one,no,,0,no,,,,,,
48fad31f9674,Wurm's Molt,Leather Belt,Solo Self-Found,1,2,2,Current,one,no,Current,one,no,,0,no,,,,,,
c6971244df44,Meginord's Girdle,Heavy Belt,Solo Self-Found,1,2,2,Current,one,no,Current,one,no,,0,no,,,,,,
108888a0a609,Feastbind,Rustic Sash,Solo Self-Found,1,1,1,only,one,no,only,one,no,,0,no,,,,,,
1645e9516de5,Leash of Oblation,Leather Belt,Solo Self-Found,1,1,1,only,one,no,only,one,no,,0,no,,,,,,
10d4d036e6b1,Bound Fate,Cloth Belt,Solo Self-Found,1,1,1,only,one,no,only,one,no,,0,no,,,,,,
9b25cc895b17,Chain of Endurance,Chain Belt,Solo Self-Found,1,1,1,only,one,no,only,one,no,,0,no,,,,,,
24a33fa2b223,The Druggery,Cloth Belt,Solo Self-Found,1,1,1,only,one,no,only,one,no,,0,no,,,,,,
e5d324578eaf,Bisco's Leash,Heavy Belt,Solo Self-Found,1,2,2,Current,one,no,Current,one,no,,0,no,,,,,,
21fd2801ae25,Faminebind,Rustic Sash,Solo Self-Found,1,1,1,only,one,no,only,one,no,,0,no,,,,,,
5b52d40ca421,Slivertongue,Harbinger Bow,Solo Self-Found,1,3,3,Current,one,no,Current,one,no,,0,no,,,,,,
5e02d9f4975b,Silverbranch,Crude Bow,Solo Self-Found,1,2,2,Current,one,no,Current,one,no,,0,no,,,,,,
da455d360e5f,Chin Sol,Assassin Bow,Solo Self-Found,1,7,7,Current,one,no,Current,one,no,,0,no,,,,,,
a48b130c7cc2,The Crimson Storm,Steelwood Bow,Solo Self-Found,1,2,2,Current,one,no,Current,one,no,,0,no,,,veiledMods,,,
61f4309a4032,Roth's Reach,Recurve Bow,Solo Self-Found,1,3,3,Current,one,no,Current,one,no,,0,no,,,,,,
68b51bad7f89,Infractem,Decimation Bow,Solo Self-Found,1,5,5,Current,one,no,Current,one,no,,0,no,,,,,,
084594d1f6cd,Nuro's Harp,Harbinger Bow,Solo Self-Found,1,3,3,Pre 3.26.0,one,no,Pre 3.26.0,one,no,,0,no,,,,,,
3963a7f3aeaf,Quill Rain,Short Bow,Solo Self-Found,1,3,3,Current,one,no,Current,one,no,,0,no,,,,,,
1fa2298e9217,Storm Cloud,Long Bow,Solo Self-Found,1,2,2,Current,one,no,Current,one,no,,0,no,,,,,,
7126f509b38a,Doedre's Scorn,Lunaris Circlet,Solo Self-Found,1,3,3,Current,one,no,Current,one,no,,0,no,,,,,,
9c2a29dc5f04,Crown of Thorns,Vine Circlet,Solo Self-Found,1,3,3,Current,one,no,Current,one,no,,0,no,,,,,,
2b13b36bfab7,Hrimnor's Resolve,Samnite Helmet,Solo Self-Found,1,3,3,,none,no,,none,no,,0,no,,,,,variant-line-not-displayed,10% increased Stun and Block Recovery
afcd191f66c4,Skullhead,Secutor Helm,Solo Self-Found,1,3,3,Current,one,no,Current,one,no,,0,no,,,,,,
24fcf7f3531e,Curtain Call,Plague Mask,Solo Self-Found,1,1,1,only,one,no,only,one,no,,0,no,,,,,,
07857a0afd11,Fractal Thoughts,Vaal Mask,Solo Self-Found,1,1,1,only,one,no,only,one,no,,0,no,,,,,,
4bd79a509e60,Ancient Skull,Bone Helmet,Solo Self-Found,1,1,1,only,one,no,only,one,no,,0,no,,,,,,
635d3064047b,Eber's Unification,Hubris Circlet,Solo Self-Found,1,1,1,,none,no,,none,no,,0,no,,,,,number-outside-range,170% increased Energy Shield
e5ea1e3f58d1,The Devouring Diadem,Necromancer Circlet,Solo Self-Found,1,38,38,Dexterity and Intelligence Pre 3.26.0,one,no,Dexterity and Intelligence Pre 3.26.0,one,no,,0,no,,,,,,
de2948deaa3c,Veil of the Night,Great Helmet,Solo Self-Found,1,1,1,only,one,no,only,one,no,,0,no,,,,,,
1eb13a1efff3,Wreath of Phrecia,Iron Circlet,Solo Self-Found,1,1,1,only,one,no,only,one,no,,0,no,,,,,,
3ce340a092d1,Honourhome,Soldier Helmet,Solo Self-Found,1,4,4,Pre 3.29.0,one,no,Pre 3.29.0,one,no,,0,no,,,,,,
988d2ca5df76,Mind of the Council,Harlequin Mask,Solo Self-Found,1,2,2,Current,one,no,Current,one,no,,0,no,,,,,,
4cd498aad96b,Devoto's Devotion,Nightmare Bascinet,Solo Self-Found,1,1,1,only,one,no,only,one,no,,0,no,,,,,,
33c6de7a43b7,Ezomyte Peak,Iron Hat,Solo Self-Found,1,2,2,Current,one,no,Current,one,no,,0,no,,,,,,
12825bcb4bc3,Starkonja's Head,Silken Hood,Solo Self-Found,1,2,2,Current,one,no,Current,one,no,,0,no,,,,,,
a3c2e3f75efe,Obscurantis,Lion Pelt,Solo Self-Found,1,2,2,Current,one,no,Current,one,no,,0,no,,,,,,
1014e3bac197,Malachai's Simula,Iron Mask,Solo Self-Found,1,6,6,Current,one,no,Current,one,no,,0,no,,,,,,
07f6950a7f5f,Usurper's Penance,Eternal Burgonet,Solo Self-Found,1,1,1,only,one,no,only,one,no,,0,no,,,,,,
5e710a2bc558,Lightpoacher,Great Crown,Solo Self-Found,1,4,4,One Abyssal Socket (Current),one,no,One Abyssal Socket (Current),one,no,,0,no,,,,,,
61978ef0415a,Mindspiral,Aventail Helmet,Solo Self-Found,1,3,3,Current,one,no,Current,one,no,,0,no,,,,,,
857d498adeeb,Crown of Eyes,Hubris Circlet,Solo Self-Found,1,2,2,Current,one,no,Current,one,no,,0,no,,,,,,
54942f3c6c4b,Willclash,Golden Mask,Solo Self-Found,1,1,1,only,one,no,only,one,no,,0,no,,,,,,
5288c17ff184,Black Sun Crest,Lacquered Helmet,Solo Self-Found,1,1,1,only,one,no,only,one,no,,0,no,,,,,,
caf03c9c530c,Geofri's Crest,Great Crown,Solo Self-Found,1,3,3,Current,one,no,Current,one,no,,0,no,,,,,,
1a078025cc4e,Fairgraves' Tricorne,Tricorne,Solo Self-Found,1,2,2,Current,one,no,Current,one,no,,0,no,,,,,,
a84e1283cdfe,Elevore,Wolf Pelt,Solo Self-Found,1,1,1,only,one,no,only,one,no,,0,no,,,,,,
743047913044,Kitava's Thirst,Zealot Helmet,Solo Self-Found,1,2,2,Current,one,no,Current,one,no,,0,no,,,,,,
9c986cfd4404,Blightwell,Clutching Talisman,Solo Self-Found,1,3,3,Pre 3.29.0,one,no,Pre 3.29.0,one,no,,0,no,,,,,,
53906b0ef6d5,The Ephemeral Bond,Lapis Amulet,Solo Self-Found,1,1,1,only,one,no,only,one,no,,0,no,,,,,,
074a7572014d,The Primordial Chain,Coral Amulet,Solo Self-Found,1,2,2,Pre 3.26.0,one,no,Pre 3.26.0,one,no,,0,no,,,,,,
646314be84c2,Maligaro's Cruelty,Turquoise Amulet,Solo Self-Found,1,1,1,only,one,no,only,one,no,,0,no,,,,,,
5f46e4cadec8,Tear of Purity,Lapis Amulet,Solo Self-Found,1,3,3,Current,one,no,Current,one,no,,0,no,,,,,,
ae88dfcc37f8,Carnage Heart,Onyx Amulet,Solo Self-Found,1,2,2,Current,one,no,Current,one,no,,0,no,,,,,,
bed9447d5423,Winterheart,Gold Amulet,Solo Self-Found,1,2,2,Current,one,no,Current,one,no,,0,no,,,,,,
74385369f997,Victario's Acuity,Turquoise Amulet,Solo Self-Found,1,1,1,only,one,no,only,one,no,,0,no,,,,,,
760991855379,Retaliation Charm,Citrine Amulet,Solo Self-Found,1,2,2,Current,one,no,Current,one,no,,0,no,,,,,,
c96a1d31a741,Willowgift,Jade Amulet,Solo Self-Found,1,1,1,only,one,no,only,one,no,,0,no,,,,,,
81ff5caef9f7,Warped Timepiece,Turquoise Amulet,Solo Self-Found,1,3,3,Current,one,no,Current,one,no,,0,no,,,,,,
018b10ca842c,Extractor Mentis,Agate Amulet,Solo Self-Found,1,2,2,Current,one,no,Current,one,no,,0,no,,,,,,
640e6a8372ac,Hyrri's Truth,Jade Amulet,Solo Self-Found,1,3,3,Current,one,no,Current,one,no,,0,no,,,,,,
06b944916819,Tainted Pact,Coral Amulet,Solo Self-Found,1,1,1,only,one,no,only,one,no,,0,no,,,,,,
1aa044317537,Rashkaldor's Patience,Jade Amulet,Solo Self-Found,1,2,2,Current,one,no,Current,one,no,,0,no,,,,,,
00a5d9183754,Karui Ward,Jade Amulet,Solo Self-Found,1,2,2,Current,one,no,Current,one,no,,0,no,,,,,,
fa9472c2814f,Night's Hold,Black Maw Talisman,Solo Self-Found,1,1,1,only,one,no,only,one,no,,0,no,,,,,,
8abfdc7e3c97,Bloodsoaked Medallion,Amber Amulet,Solo Self-Found,1,1,1,only,one,no,only,one,no,,0,no,,,,,,
9885391c67a6,Shaper's Seed,Agate Amulet,Solo Self-Found,1,3,3,Current,one,no,Current,one,no,,0,no,,,,,,
5e15eaf76db0,Ikiaho's Promise,Coral Amulet,Solo Self-Found,1,1,1,only,one,no,only,one,no,,0,no,,,,,,
8d62a29df20c,The Anvil,Amber Amulet,Solo Self-Found,1,4,4,Current,one,no,Current,one,no,,0,no,,,,,,
f2fbf9cec91d,The Aylardex,Agate Amulet,Solo Self-Found,1,2,2,Current,one,no,Current,one,no,,0,no,,,,,,
8fe6e716bad2,Araku Tiki,Coral Amulet,Solo Self-Found,1,2,2,Current,one,no,Current,one,no,,0,no,,,,,,
bed97612af72,The Ignomon,Gold Amulet,Solo Self-Found,1,2,2,Current,one,no,Current,one,no,,0,no,,,,,,
42f9cdabea73,Daresso's Salute,Citrine Amulet,Solo Self-Found,1,1,1,only,one,no,only,one,no,,0,no,,,,,,
d475832a7ba4,Sidhebreath,Paua Amulet,Solo Self-Found,1,4,4,,none,no,,none,no,,0,no,,,,,number-outside-range,Minions deal 31 to 59 additional Cold Damage
34fbbbc80e57,Stone of Lazhwar,Lapis Amulet,Solo Self-Found,1,3,3,Current,one,no,Current,one,no,,0,no,,,,,,
ddb64cd5f66a,Storm Secret,Topaz Ring,Solo Self-Found,1,1,1,only,one,no,only,one,no,,0,no,,,,,,
3edf566eefd5,Kikazaru,Topaz Ring,Solo Self-Found,1,4,4,Current,one,no,Current,one,no,,0,no,,,,,,
08c9b91d8de6,Kaom's Sign,Coral Ring,Solo Self-Found,1,3,3,Current,one,no,Current,one,no,,0,no,,,,,,
eda4ec90f1c0,Tawhanuku's Timing,Moonstone Ring,Solo Self-Found,1,2,2,Pre 3.29.0,one,no,Pre 3.29.0,one,no,,0,no,,,,,,
636005cf77f3,The Highwayman,Gold Ring,Solo Self-Found,1,2,2,Current,one,no,Current,one,no,,0,no,,,,,,
5734f1ea242a,Mark of Submission,Unset Ring,Solo Self-Found,1,1,1,only,one,no,only,one,no,,0,no,,,,,,
e94f1e492e28,Ventor's Gamble,Gold Ring,Solo Self-Found,1,2,2,,none,no,,none,no,,0,no,,,,,number-outside-range,29% increased Rarity of Items found
917dc3ac6257,Heartbound Loop,Moonstone Ring,Solo Self-Found,1,1,1,only,one,no,only,one,no,,0,no,,,,,,
7ae16cc62e50,Lori's Lantern,Prismatic Ring,Solo Self-Found,1,2,2,Current;Pre 1.0.0,several,yes,Current;Pre 1.0.0,several,yes,,0,no,,,,,,
000a4857cf5c,Essence Worm,Unset Ring,Solo Self-Found,1,1,1,only,one,no,only,one,no,,0,no,,,,,,
d84cdf38fd0d,Tasalio's Sign,Sapphire Ring,Solo Self-Found,1,2,2,Current,one,no,Current,one,no,,0,no,,,,,,
68f3acce1bd9,Death Rush,Amethyst Ring,Solo Self-Found,1,3,3,,none,no,,none,no,,0,no,,,,,no-text-match,Gain Adrenaline for 1 second on Kill
b9f45a9bdcd3,Mokou's Embrace,Ruby Ring,Solo Self-Found,1,2,2,Current,one,no,Current,one,no,,0,no,,,,,,
2e102f01c217,Praxis,Paua Ring,Solo Self-Found,1,2,2,Pre 3.29.0,one,no,Pre 3.29.0,one,no,,0,no,,,,,,
6c66309269a4,Pyre,Sapphire Ring,Solo Self-Found,1,3,3,Current,one,no,Current,one,no,,0,no,,,,,,
1e8c676d20d0,Gifts from Above,Diamond Ring,Solo Self-Found,1,2,2,Current,one,no,Current,one,no,,0,no,,,,,,
4621604f704a,Circle of Fear,Sapphire Ring,Solo Self-Found,1,7,28,,none,no,,none,no,,0,no,,,,,no-text-match,13% increased Lightning Damage
0c6993a39c4e,Venopuncture,Iron Ring,Solo Self-Found,1,1,1,,none,no,,none,no,,0,no,,,,,no-text-match,Attacks have 25% chance to cause Bleeding
d71c4c09da11,Icefang Orbit,Iron Ring,Solo Self-Found,1,1,1,only,one,no,only,one,no,,0,no,,,,,,
171c20497819,Berek's Grip,Two-Stone Ring,Solo Self-Found,1,3,3,Current,one,no,Current,one,no,,0,no,,,,,,
40280985515e,Sibyl's Lament,Coral Ring,Solo Self-Found,1,5,5,Pre 3.28.0,one,no,Pre 3.28.0,one,no,,0,no,,,,,,
80aa85ce2ec8,Berek's Pass,Two-Stone Ring,Solo Self-Found,1,2,2,Current,one,no,Current,one,no,,0,no,,,,,,
98287f4fcd8b,The Warden's Brand,Iron Ring,Solo Self-Found,1,1,1,only,one,no,only,one,no,,0,no,,,,,,
b2c99ba4921c,Circle of Nostalgia,Amethyst Ring,Solo Self-Found,1,7,28,,none,no,,none,no,,0,no,,,,,no-text-match,13% increased Lightning Damage
1fd545edff62,Romira's Banquet,Diamond Ring,Solo Self-Found,1,3,3,Current,one,no,Current,one,no,,0,no,,,,,,
c74723c5d570,Stormfire,Opal Ring,Solo Self-Found,1,3,3,Pre 3.29.0,one,no,Pre 3.29.0,one,no,,0,no,,,,,,
6f8f13f99ab2,Voideye,Unset Ring,Solo Self-Found,1,1,1,only,one,no,only,one,no,,0,no,,,,,,
69aaebcfcc25,Blackheart,Iron Ring,Solo Self-Found,1,2,2,Current,one,no,Current,one,no,,0,no,,,,,,
6d3583da65d0,Ngamahu's Sign,Ruby Ring,Solo Self-Found,1,4,4,Pre 3.29.0,one,no,Pre 3.29.0,one,no,,0,no,,,,,,
cef99b349818,Doedre's Damning,Paua Ring,Solo Self-Found,1,2,2,Current,one,no,Current,one,no,,0,no,,,,,,
b6ff905219dc,The Stormheart,Royal Staff,Solo Self-Found,1,3,3,Current,one,no,Current,one,no,,0,no,,,,,,
43e056133c84,Fencoil,Gnarled Branch,Solo Self-Found,1,3,3,Current,one,no,Current,one,no,,0,no,,,,,,
d3ea6cc660cc,Pillar of the Caged God,Iron Staff,Solo Self-Found,1,3,3,Current,one,no,Current,one,no,,0,no,,,,,,
e4ed3b6799d0,Soulwrest,Ezomyte Staff,Solo Self-Found,1,4,4,Pre 3.26.0,one,no,Pre 3.26.0,one,no,,0,no,,,,,,
855fff08f291,Cane of Kulemak,Serpentine Staff,Solo Self-Found,1,1,1,,none,no,,none,no,,0,no,,,,,no-text-match,+78% to Fire Damage over Time Multiplier
1a8892a6b618,Dying Breath,Iron Staff,Solo Self-Found,1,3,3,Current,one,no,Current,one,no,,0,no,,,,,,
5aa2b2668a25,Tremor Rod,Military Staff,Solo Self-Found,1,4,4,Current,one,no,Current,one,no,,0,no,,,,,,
80fbf5657ede,Agnerod East,Imperial Staff,Solo Self-Found,1,3,3,Current,one,no,Current,one,no,,0,no,,,,,,
df9f4e952f09,Sire of Shards,Serpentine Staff,Solo Self-Found,1,3,3,Current,one,no,Current,one,no,,0,no,,,,,,
6eff7613d452,The Blood Thorn,Gnarled Branch,Solo Self-Found,1,3,3,Current,one,no,Current,one,no,,0,no,,,,,,
0e34831e35b2,Agnerod North,Imperial Staff,Solo Self-Found,1,3,3,Current,one,no,Current,one,no,,0,no,,,,,,
14dfbf238c9b,Xirgil's Crank,Coiled Staff,Solo Self-Found,1,3,3,,none,no,,none,no,,0,no,,,,,no-text-match,+20% Chance to Block Attack Damage
57ab02505e5e,Realmshaper,Iron Staff,Solo Self-Found,1,4,4,Pre 3.29.0,one,no,Pre 3.29.0,one,no,,0,no,,,,,,
93df5e394cd8,Agnerod South,Imperial Staff,Solo Self-Found,1,3,3,Current,one,no,Current,one,no,,0,no,,,,,,
83cb18921669,Cane of Unravelling,Ezomyte Staff,Solo Self-Found,1,5,5,Pre 3.29.0,one,no,Pre 3.29.0,one,no,,0,no,,,,,,
d8b203152ff1,Sap of the Seasons,Prismatic Tincture,Solo Self-Found,1,1,1,,none,no,,none,no,,0,no,,,,,no-text-match,10% reduced Mana Burn rate
e612a820d4bd,Mightblood Ire,Ironwood Tincture,Solo Self-Found,1,1,1,only,one,no,only,one,no,,0,no,,,,,,
741d906c1998,Grasping Nightshade,Sporebloom Tincture,Solo Self-Found,1,1,1,,none,no,,none,no,,0,no,,,,,number-outside-range,26% chance to Blind Enemies on Hit with Melee Weapons
6862f062a5ec,Wildfire Phloem,Ashbark Tincture,Solo Self-Found,1,1,1,,none,no,,none,no,,0,no,,,,,number-outside-range,29% chance to Ignite with Melee Weapons
50e1dd5d40c3,Demon Stitcher,Satin Gloves,Solo Self-Found,1,2,2,Current,one,no,Current,one,no,,0,no,,,,,,
f7da271538d8,Lochtonial Caress,Iron Gauntlets,Solo Self-Found,1,3,3,Current,one,no,Current,one,no,,0,no,,,,,,
aca417911bf3,Hrimsorrow,Goathide Gloves,Solo Self-Found,1,3,3,Current,one,no,Current,one,no,,0,no,,,,,,
be2b38f5ed02,The Embalmer,Carnal Mitts,Solo Self-Found,1,1,1,only,one,no,only,one,no,,0,no,,,,,,
a4d1ea37320f,Ondar's Clasp,Wrapped Mitts,Solo Self-Found,1,3,3,Current,one,no,Current,one,no,,0,no,,,,,,
a5f05142c5ed,Flesh and Spirit,Ironscale Gauntlets,Solo Self-Found,1,1,1,only,one,no,only,one,no,,0,no,,,,,,
0ea652661bbc,Kaom's Spirit,Titan Gauntlets,Solo Self-Found,1,3,3,Pre 3.26.0,one,no,Pre 3.26.0,one,no,,0,no,,,,,,
4b3122135656,Veruso's Battering Rams,Titan Gauntlets,Solo Self-Found,1,1,1,only,one,no,only,one,no,,0,no,,,,,,
762c0df8f35d,Kalisa's Grace,Samite Gloves,Solo Self-Found,1,1,1,only,one,no,only,one,no,,0,no,,,,,,
db40b35839f7,Painseeker,Shagreen Gloves,Solo Self-Found,1,1,1,only,one,no,only,one,no,,0,no,,,,,,
4d8f940c538c,Empire's Grasp,Goliath Gauntlets,Solo Self-Found,1,1,1,only,one,no,only,one,no,,0,no,,,,,,
47b609c6b69c,Mercenary's Lot,Slink Gloves,Solo Self-Found,1,2,2,Pre 3.26.0,one,no,Pre 3.26.0,one,no,,0,no,,,,,,
02a369bdae7d,Triad Grip,Mesh Gloves,Solo Self-Found,1,2,2,Pre 3.29.0,one,no,Pre 3.29.0,one,no,,0,no,,,,,,
83dd86646d19,Surgebinders,Dragonscale Gauntlets,Solo Self-Found,1,2,2,Current,one,no,Current,one,no,,0,no,,,,,,
c033cd6474d1,Kingsguard,Conquest Chainmail,Solo Self-Found,1,1,1,only,one,no,only,one,no,,0,no,,,,,,
2813969f082a,Briskwrap,Sun Leather,Solo Self-Found,1,4,4,Current,one,no,Current,one,no,,0,no,,,,,,
2722078c5c62,Dendrobate,Sentinel Jacket,Solo Self-Found,1,1,1,only,one,no,only,one,no,,0,no,,,,,,
b4e91e69f3a0,Ashrend,Buckskin Tunic,Solo Self-Found,1,3,3,Current,one,no,Current,one,no,,0,no,,,,,,
325f991e2254,Tinkerskin,Sadist Garb,Solo Self-Found,1,1,1,only,one,no,only,one,no,,0,no,,,,,,
5df724c6b285,The Restless Ward,Carnal Armour,Solo Self-Found,1,3,3,Current,one,no,Current,one,no,,0,no,,,,,,
95cccf96c48f,The Queen's Hunger,Vaal Regalia,Solo Self-Found,1,1,1,,none,no,,none,no,,0,no,,,veiledMods,,no-text-match,5% increased Cast Speed
3c20d102c6f0,Icetomb,Latticed Ringmail,Solo Self-Found,1,3,3,Current,one,no,Current,one,no,,0,no,,,,,,
fe10f30645cf,Bloodbond,Bone Armour,Solo Self-Found,1,2,2,Current,one,no,Current,one,no,,0,no,,,,,,
809e8b25bad7,Lightbane Raiment,Ornate Ringmail,Solo Self-Found,1,4,4,Current,one,no,Current,one,no,,0,no,,,,,,
8e115c540677,Cherrubim's Maleficence,Triumphant Lamellar,Solo Self-Found,1,3,3,Current,one,no,Current,one,no,,0,no,,,,,,
881318b7609a,Silverbranch,Crude Bow,Solo Self-Found,1,2,2,Current,one,no,Current,one,no,,0,no,,,,,,
67d1d88e1403,Maligaro's Cruelty,Turquoise Amulet,Solo Self-Found,1,1,1,only,one,no,only,one,no,,0,no,,,,,,
68a403f2f01e,The Ephemeral Bond,Lapis Amulet,Solo Self-Found,1,1,1,only,one,no,only,one,no,,0,no,,,,,,
a670ef97ff40,Blightwell,Clutching Talisman,Solo Self-Found,1,3,3,Pre 3.29.0,one,no,Pre 3.29.0,one,no,,0,no,,,,,,
76807951fb23,Perquil's Toe,Gold Amulet,Solo Self-Found,1,1,1,only,one,no,only,one,no,,0,no,,,,,,
5187a30bff82,Karui Ward,Jade Amulet,Solo Self-Found,1,2,2,Current,one,no,Current,one,no,,0,no,,,,,,
1fe697b50365,Ikiaho's Promise,Coral Amulet,Solo Self-Found,1,1,1,only,one,no,only,one,no,,0,no,,,,,,
05c1cba53900,Daresso's Salute,Citrine Amulet,Solo Self-Found,1,1,1,only,one,no,only,one,no,,0,no,,,,,,
3219e84ab42d,Carnage Heart,Onyx Amulet,Solo Self-Found,1,2,2,Current,one,no,Current,one,no,,0,no,,,,,,
e1ec9748aa3b,The Anvil,Amber Amulet,Solo Self-Found,1,4,4,Current,one,no,Current,one,no,,0,no,,,,,,
1ef66dafe02a,Willowgift,Jade Amulet,Solo Self-Found,1,1,1,only,one,no,only,one,no,,0,no,,,,,,
ce1405954010,Stone of Lazhwar,Lapis Amulet,Solo Self-Found,1,3,3,Current,one,no,Current,one,no,,0,no,,,,,,
9e22259ecf93,The Aylardex,Agate Amulet,Solo Self-Found,1,2,2,Current,one,no,Current,one,no,,0,no,,,,,,
958f8652244d,Retaliation Charm,Citrine Amulet,Solo Self-Found,1,2,2,Current,one,no,Current,one,no,,0,no,,,,,,
329563fc6b26,Victario's Acuity,Turquoise Amulet,Solo Self-Found,1,1,1,only,one,no,only,one,no,,0,no,,,,,,
586f0d2b0404,The Primordial Chain,Coral Amulet,Solo Self-Found,1,2,2,Pre 3.26.0,one,no,Pre 3.26.0,one,no,,0,no,,,,,,
0d5428d1f34c,Shaper's Seed,Agate Amulet,Solo Self-Found,1,3,3,Current,one,no,Current,one,no,,0,no,,,,,,
e5bd5506ab11,Bloodsoaked Medallion,Amber Amulet,Solo Self-Found,1,1,1,,none,no,,none,no,,0,no,,,,,number-outside-range,36% increased Global Critical Strike Chance
9bc2d8a93d62,Night's Hold,Black Maw Talisman,Solo Self-Found,1,1,1,only,one,no,only,one,no,,0,no,,,,,,
fcbbe05548f3,Gifts from Above,Diamond Ring,Solo Self-Found,1,2,2,Current,one,no,Current,one,no,,0,no,,,,,,
7e528afa2585,Voideye,Unset Ring,Solo Self-Found,1,1,1,only,one,no,only,one,no,,0,no,,,,,,
0538618a78d4,Venopuncture,Iron Ring,Solo Self-Found,1,1,1,,none,no,,none,no,,0,no,,,,,no-text-match,Attacks have 25% chance to cause Bleeding
b64e41cfdfeb,Tasalio's Sign,Sapphire Ring,Solo Self-Found,1,2,2,Current,one,no,Current,one,no,,0,no,,,,,,
966cda2342b6,Mark of Submission,Unset Ring,Solo Self-Found,1,1,1,only,one,no,only,one,no,,0,no,,,,,,
bfbeebd3448d,Essence Worm,Unset Ring,Solo Self-Found,1,1,1,only,one,no,only,one,no,,0,no,,,,,,
718fd3615039,Tawhanuku's Timing,Moonstone Ring,Solo Self-Found,1,2,2,Pre 3.29.0,one,no,Pre 3.29.0,one,no,,0,no,,,,,,
f55da98762d0,Berek's Pass,Two-Stone Ring,Solo Self-Found,1,2,2,Current,one,no,Current,one,no,,0,no,,,,,,
6218047dcf4e,Blackheart,Iron Ring,Solo Self-Found,1,2,2,Current,one,no,Current,one,no,,0,no,,,,,,
0aa54e02d0b0,Praxis,Paua Ring,Solo Self-Found,1,2,2,Pre 3.29.0,one,no,Pre 3.29.0,one,no,,0,no,,,,,,
8d4ea7ca388e,The Warden's Brand,Iron Ring,Solo Self-Found,1,1,1,only,one,no,only,one,no,,0,no,,,,,,
e7dcd9172d92,Berek's Grip,Two-Stone Ring,Solo Self-Found,1,3,3,Current,one,no,Current,one,no,,0,no,,,,,,
41226f5f5c53,Kikazaru,Topaz Ring,Solo Self-Found,1,4,4,Current,one,no,Current,one,no,,0,no,,,,,,
bcde52cc3c93,Doedre's Damning,Paua Ring,Solo Self-Found,1,2,2,Current,one,no,Current,one,no,,0,no,,,,,,
77d50973a695,Storm Secret,Topaz Ring,Solo Self-Found,1,1,1,only,one,no,only,one,no,,0,no,,,,,,
00f4d4c2af90,Kaom's Sign,Coral Ring,Solo Self-Found,1,3,3,Current,one,no,Current,one,no,,0,no,,,,,,
c17ef4a00c58,The Highwayman,Gold Ring,Solo Self-Found,1,2,2,Current,one,no,Current,one,no,,0,no,,,,,,
715bdbe782fd,Romira's Banquet,Diamond Ring,Solo Self-Found,1,3,3,Current,one,no,Current,one,no,,0,no,,,,,,
b8b9e9cd67b0,Sibyl's Lament,Coral Ring,Solo Self-Found,1,5,5,Pre 3.28.0,one,no,Pre 3.28.0,one,no,,0,no,,,,,,
0508260023d0,Icefang Orbit,Iron Ring,Solo Self-Found,1,1,1,only,one,no,only,one,no,,0,no,,,,,,
7053e9e3a08c,Clayshaper,Rock Breaker,Solo Self-Found,1,3,3,,none,no,,none,no,,0,no,,,,,variant-line-not-displayed,Grants Level 12 Summon Stone Golem Skill
c431a003fad7,Bitterdream,Shadow Sceptre,Solo Self-Found,1,1,1,only,one,no,only,one,no,,0,no,,,,,,
9e47e64391e5,Quecholli,Jagged Maul,Solo Self-Found,1,2,2,,none,no,,none,no,,0,no,,,,,no-text-match,"Enemies Killed with Attack or Spell Hits Explode, dealing 10% of their Life as Fire Damage"
cc67c365b44e,Axiom Perpetuum,Bronze Sceptre,Solo Self-Found,1,2,2,Current,one,no,Current,one,no,,0,no,,,,,,
8199b0273105,Death's Hand,Karui Sceptre,Solo Self-Found,1,3,3,Current,one,no,Current,one,no,,0,no,,,,,,
539fe180e53f,Sign of the Sin Eater,Tyrant's Sekhem,Solo Self-Found,1,1,1,only,one,no,only,one,no,,0,no,,,,,,
f2269a757024,Kongor's Undying Rage,Terror Maul,Solo Self-Found,1,4,4,Current,one,no,Current,one,no,,0,no,,,,,,
6a91c2a6adc6,Brightbeak,War Hammer,Solo Self-Found,1,3,3,Current,one,no,Current,one,no,,0,no,,,,,,
b0e4df1e7979,Gorebreaker,Spiked Club,Solo Self-Found,1,2,2,,none,no,,none,no,,0,no,,,,,no-text-match,Extra gore
618c2521276e,Singularity,Platinum Sceptre,Solo Self-Found,1,4,4,Pre 3.29.0,one,no,Pre 3.29.0,one,no,,0,no,,,,,,
3c134211883f,Lavianga's Wisdom,War Hammer,Solo Self-Found,1,3,3,Current,one,no,Current,one,no,,0,no,,,,,,
c90f30ca4e4a,Voidhome,Dread Maul,Solo Self-Found,1,2,2,Current,one,no,Current,one,no,,0,no,,,,,,
eeb2b6e0303a,Last Resort,Nailed Fist,Solo Self-Found,1,1,1,only,one,no,only,one,no,,0,no,,,,,,
a908c1a79257,Cybil's Paw,Thresher Claw,Solo Self-Found,1,4,4,Current,one,no,Current,one,no,,0,no,,,,,,
43f2547f4b3e,The Wasp Nest,Throat Stabber,Solo Self-Found,1,2,2,Current,one,no,Current,one,no,,0,no,,,,,,
55b11c696c65,Goblinedge,Ambusher,Solo Self-Found,1,1,1,only,one,no,only,one,no,,0,no,,,,,,
934707eb3224,Mark of the Doubting Knight,Platinum Kris,Solo Self-Found,1,4,4,,none,no,,none,no,,0,no,,,,,number-outside-range,10% reduced Attack Speed
328e95de72d3,Goredrill,Skinning Knife,Solo Self-Found,1,1,1,only,one,no,only,one,no,,0,no,,,,,,
249b7474a821,Lifesprig,Driftwood Wand,Solo Self-Found,1,1,1,,none,no,,none,no,,0,no,,,,,no-text-match,Regenerate 6 Life over 1 second when you Cast a Spell
6913b935f221,The Poet's Pen,Carved Wand,Solo Self-Found,1,2,2,Pre 3.27.0,one,no,Pre 3.27.0,one,no,,0,no,,,,,,
056e87df7180,Eclipse Solaris,Engraved Wand,Solo Self-Found,1,6,6,Pre 3.27.0,one,no,Pre 3.27.0,one,no,,0,no,,,,,,
a4fbb14ccc63,Storm Prison,Spiraled Wand,Solo Self-Found,1,3,3,Current,one,no,Current,one,no,,0,no,,,,,,
7ad12526bb43,Piscator's Vigil,Imbued Wand,Solo Self-Found,1,5,5,Pre 3.21.0;Pre 3.27.0,several,no,Pre 3.21.0;Pre 3.27.0,several,no,,0,no,,,,,,
0baba7ab0d8c,The Screaming Eagle,Jade Hatchet,Solo Self-Found,1,2,2,Current,one,no,Current,one,no,,0,no,,,,,,
0a486e127b21,Wings of Entropy,Ezomyte Axe,Solo Self-Found,1,6,6,Pre 3.26.0,one,no,Pre 3.26.0,one,no,,0,no,,,,,,
293b2f81a630,Wideswing,Poleaxe,Solo Self-Found,1,2,2,Current,one,no,Current,one,no,,0,no,,,,,,
ee4aa9126f79,Moonbender's Wing,Tomahawk,Solo Self-Found,1,2,2,Current,one,no,Current,one,no,,0,no,,,,,,
67e9a642d0b9,The Blood Reaper,Headsman Axe,Solo Self-Found,1,3,3,Current,one,no,Current,one,no,,0,no,,,,,,
ef9f1f9b3c8c,Sinvicta's Mettle,Ezomyte Axe,Solo Self-Found,1,2,2,Current,one,no,Current,one,no,,0,no,,,,,,
400908a9008b,Agnerod South,Imperial Staff,Solo Self-Found,1,3,3,Current,one,no,Current,one,no,,0,no,,,,,,
eb3c84ac98c6,Realmshaper,Iron Staff,Solo Self-Found,1,4,4,Pre 3.29.0,one,no,Pre 3.29.0,one,no,,0,no,,,,,,
86e4e3d34836,The Stormheart,Royal Staff,Solo Self-Found,1,3,3,Current,one,no,Current,one,no,,0,no,,,,,,
a402adc78fe7,Pillar of the Caged God,Iron Staff,Solo Self-Found,1,3,3,Current,one,no,Current,one,no,,0,no,,,,,,
6035672b4a7f,Cane of Unravelling,Ezomyte Staff,Solo Self-Found,1,5,5,Pre 3.29.0,one,no,Pre 3.29.0,one,no,,0,no,,,,,,
7e7a4eb24d7d,Cane of Kulemak,Serpentine Staff,Solo Self-Found,1,1,1,only,one,no,only,one,no,,0,no,,,veiledMods,,,
ac90aeb95c4f,Fencoil,Gnarled Branch,Solo Self-Found,1,3,3,Current,one,no,Current,one,no,,0,no,,,,,,
a87e951c8cb1,Dying Breath,Iron Staff,Solo Self-Found,1,3,3,Current,one,no,Current,one,no,,0,no,,,,,,
e1cb0259a756,Agnerod North,Imperial Staff,Solo Self-Found,1,3,3,Current,one,no,Current,one,no,,0,no,,,,,,
149b51df7084,Agnerod East,Imperial Staff,Solo Self-Found,1,3,3,Current,one,no,Current,one,no,,0,no,,,,,,
a350c69319ed,Tremor Rod,Military Staff,Solo Self-Found,1,4,4,Current,one,no,Current,one,no,,0,no,,,,,,
2d0563b8083d,Soulwrest,Ezomyte Staff,Solo Self-Found,1,4,4,Pre 3.26.0,one,no,Pre 3.26.0,one,no,,0,no,,,,,,
8a6c2d863a43,Sire of Shards,Serpentine Staff,Solo Self-Found,1,3,3,Current,one,no,Current,one,no,,0,no,,,,,,
1a54778684b8,The Dancing Dervish,Reaver Sword,Solo Self-Found,1,4,4,Current;Pre 3.17.0,several,yes,Current;Pre 3.17.0,several,yes,,0,no,,,,,,
23b95d596cab,Scaeva,Gladius,Solo Self-Found,1,3,3,Pre 3.29.0,one,no,Pre 3.29.0,one,no,,0,no,,,,,,
e92d92b69c57,Daresso's Passion,Estoc,Solo Self-Found,1,2,2,Current,one,no,Current,one,no,,0,no,,,,,,
71148307b812,Fidelitas' Spike,Jagged Foil,Solo Self-Found,1,3,3,Current,one,no,Current,one,no,,0,no,,,,,,
916b478af169,Hyaon's Fury,Legion Sword,Solo Self-Found,1,6,6,Current,one,no,Current,one,no,,0,no,,,,,,
ff7e4e0a3dc4,The Tempestuous Steel,War Sword,Solo Self-Found,1,2,2,Current,one,no,Current,one,no,,0,no,,,,,,
d8baadd2ee6c,Ewar's Mirage,Antique Rapier,Solo Self-Found,1,2,2,Current,one,no,Current,one,no,,0,no,,,,,,
da6a4c845fd5,Shiversting,Bastard Sword,Solo Self-Found,1,3,3,Current,one,no,Current,one,no,,0,no,,,,,,
977268d65dab,Ichimonji,Corsair Sword,Solo Self-Found,1,2,2,Current,one,no,Current,one,no,,0,no,,,,,,
45d39842e5e7,Oro's Sacrifice,Infernal Sword,Solo Self-Found,1,3,3,Current,one,no,Current,one,no,,0,no,,,,,,
30b47df4c64d,The Princess,Sabre,Solo Self-Found,1,2,2,Current,one,no,Current,one,no,,0,no,,,,,,
47ab1ae56bc4,Grelwood Shank,Eternal Sword,Solo Self-Found,1,2,2,Current;Pre 3.5.0,several,yes,Current;Pre 3.5.0,several,yes,,0,no,,,,,,
681beca34b2b,Aurumvorax,Basket Rapier,Solo Self-Found,1,3,3,Current,one,no,Current,one,no,,0,no,,,,,,
05e25194dfa8,Edge of Madness,Etched Greatsword,Solo Self-Found,1,4,4,Current,one,no,Current,one,no,,0,no,,,,,,
7133b665ee8a,Prismatic Eclipse,Twilight Blade,Solo Self-Found,1,5,5,Pre 3.29.0,one,no,Pre 3.29.0,one,no,,0,no,,,,,,
55aa10b9a607,Wake of Destruction,Mesh Boots,Solo Self-Found,1,3,3,Current,one,no,Current,one,no,,0,no,,,,,,
4001c6b6bbc3,Darkray Vectors,Dragonscale Boots,Solo Self-Found,1,3,3,Current,one,no,Current,one,no,,0,no,,,,,,
d7d5a16d953c,Nomic's Storm,Strapped Boots,Solo Self-Found,1,3,3,Current,one,no,Current,one,no,,0,no,,,,,,
a70f8126daef,Veruso's Ambition,Shackled Boots,Solo Self-Found,1,1,1,only,one,no,only,one,no,,0,no,,,,,,
66f38979a934,Deerstalker,Deerskin Boots,Solo Self-Found,1,3,3,Current,one,no,Current,one,no,,0,no,,,,,,
84aec59abd6f,Shavronne's Pace,Scholar Boots,Solo Self-Found,1,4,4,Current,one,no,Current,one,no,,0,no,,,,,,
7dd81d2b20ca,Torchoak Step,Antique Greaves,Solo Self-Found,1,2,2,Current,one,no,Current,one,no,,0,no,,,,,,
8359d3b95727,Victario's Flight,Goathide Boots,Solo Self-Found,1,3,3,Current,one,no,Current,one,no,,0,no,,,,,,
a770dc9c8125,Three-step Assault,Shagreen Boots,Solo Self-Found,1,3,3,Current,one,no,Current,one,no,,0,no,,,,,,
e31ea1673346,Stormcharger,Plated Greaves,Solo Self-Found,1,2,2,Current,one,no,Current,one,no,,0,no,,,,,,
74051980401c,Wanderlust,Wool Shoes,Solo Self-Found,1,1,1,only,one,no,only,one,no,,0,no,,,,,,
6c7b1135bd26,Springleaf,Plank Kite Shield,Solo Self-Found,1,5,5,Current,one,no,Current,one,no,,0,no,,,,,,
2fcdf3e65b62,Titucius' Span,Reinforced Tower Shield,Solo Self-Found,1,3,3,Current,one,no,Current,one,no,,0,no,,,,,,
ae82a88a7fc1,Sentari's Answer,Brass Spirit Shield,Solo Self-Found,1,3,3,Current,one,no,Current,one,no,,0,no,,,,,,
d276cf12d47f,Jaws of Agony,Supreme Spiked Shield,Solo Self-Found,1,4,4,Current,one,no,Current,one,no,,0,no,,,,,,
dda135549a14,Trolltimber Spire,Cedar Tower Shield,Solo Self-Found,1,3,3,Current,one,no,Current,one,no,,0,no,,,,,,
cdc1eecd5779,The Ghastly Theatre,Teak Round Shield,Solo Self-Found,1,2,2,,none,no,,none,no,,0,no,,,,,number-outside-range,100% chance to Avoid Bleeding
59c9d671c588,Thousand Teeth Temu,Vaal Buckler,Solo Self-Found,1,4,4,Current,one,no,Current,one,no,,0,no,,,,,,
24c417873bf6,Victario's Charity,Laminated Kite Shield,Solo Self-Found,1,2,2,Current,one,no,Current,one,no,,0,no,,,,,,
fdfc08d870c5,Ahn's Heritage,Colossal Tower Shield,Solo Self-Found,1,3,3,Current,one,no,Current,one,no,,0,no,,,,,,
6c76774e5787,The Deep One's Hide,Studded Round Shield,Solo Self-Found,1,2,2,,none,no,,none,no,,0,no,,,,,no-text-match,Grants Level 23 Grace Skill
0b8ddc452f5c,Chernobog's Pillar,Ebony Tower Shield,Solo Self-Found,1,4,4,Current,one,no,Current,one,no,,0,no,,,,,,
4d218d508f9c,Leper's Alms,Mirrored Spiked Shield,Solo Self-Found,1,2,2,Current,one,no,Current,one,no,,0,no,,,,,,
a37b04c9f122,The Eternal Apple,Chiming Spirit Shield,Solo Self-Found,1,1,1,only,one,no,only,one,no,,0,no,,,,,,
060f274c4921,Willclash,Golden Mask,Solo Self-Found,1,1,1,only,one,no,only,one,no,,0,no,,,,,,
093a6e3ea57d,Honourhome,Soldier Helmet,Solo Self-Found,1,4,4,Pre 3.29.0,one,no,Pre 3.29.0,one,no,,0,no,,,,,,
c22ad514359c,Fairgraves' Tricorne,Tricorne,Solo Self-Found,1,2,2,Current,one,no,Current,one,no,,0,no,,,,,,
f942a2b91536,Starkonja's Head,Silken Hood,Solo Self-Found,1,2,2,Current,one,no,Current,one,no,,0,no,,,,,,
f04913f3dc36,Doedre's Scorn,Lunaris Circlet,Solo Self-Found,1,3,3,Current,one,no,Current,one,no,,0,no,,,,,,
70f0d809f436,Skullhead,Secutor Helm,Solo Self-Found,1,3,3,Current,one,no,Current,one,no,,0,no,,,,,,
ccbe52232865,Curtain Call,Plague Mask,Solo Self-Found,1,1,1,only,one,no,only,one,no,,0,no,,,,,,
6680fc43e0e8,Ezomyte Peak,Iron Hat,Solo Self-Found,1,2,2,Current,one,no,Current,one,no,,0,no,,,,,,
5faead6ef894,Geofri's Crest,Great Crown,Solo Self-Found,1,3,3,Current,one,no,Current,one,no,,0,no,,,,,,
036f4a236d34,Hrimnor's Resolve,Samnite Helmet,Solo Self-Found,1,3,3,,none,no,,none,no,,0,no,,,,,variant-line-not-displayed,10% increased Stun and Block Recovery
16dfc83ad285,Malachai's Simula,Iron Mask,Solo Self-Found,1,6,6,Current,one,no,Current,one,no,,0,no,,,,,,
d135a08a7566,Eber's Unification,Hubris Circlet,Solo Self-Found,1,1,1,,none,no,,none,no,,0,no,,,,,number-outside-range,162% increased Energy Shield
9398f3467429,Obscurantis,Lion Pelt,Solo Self-Found,1,2,2,Current,one,no,Current,one,no,,0,no,,,,,,
c70093b1dcfb,Mindspiral,Aventail Helmet,Solo Self-Found,1,3,3,Current,one,no,Current,one,no,,0,no,,,,,,
662164159bf2,Wreath of Phrecia,Iron Circlet,Solo Self-Found,1,1,1,only,one,no,only,one,no,,0,no,,,,,,
11152853a2ed,Asphyxia's Wrath,Feathered Arrow Quiver,Solo Self-Found,1,3,3,Current,one,no,Current,one,no,,0,no,,,,,,
afa73536d6c0,Saemus' Gift,Feathered Arrow Quiver,Solo Self-Found,1,2,2,Current,one,no,Current,one,no,,0,no,,,,,,
31ce9bcfdf58,Soul Strike,Spike-Point Arrow Quiver,Solo Self-Found,1,2,2,Current,one,no,Current,one,no,,0,no,,,,,,
5afa62ea9e98,Hyrri's Bite,Sharktooth Arrow Quiver,Solo Self-Found,1,2,2,Current,one,no,Current,one,no,,0,no,,,,,,
7d308d47612a,Ahuana's Bite,Sharktooth Arrow Quiver,Solo Self-Found,1,1,1,only,one,no,only,one,no,,0,no,,,,,,
b517dd587aa4,Drillneck,Penetrating Arrow Quiver,Solo Self-Found,1,1,1,only,one,no,only,one,no,,0,no,,,,,,
ccc51fc16f6e,Rearguard,Blunt Arrow Quiver,Solo Self-Found,1,2,2,Current,one,no,Current,one,no,,0,no,,,,,,
2cecd7ac25ff,Skirmish,Two-Point Arrow Quiver,Solo Self-Found,1,1,1,,none,no,,none,no,,0,no,,,,,no-text-match,Attack Skills have +1 to maximum number of Summoned Totems
36195ffb35d5,Feastbind,Rustic Sash,Solo Self-Found,1,1,1,only,one,no,only,one,no,,0,no,,,,,,
f3269c19c4a6,Pyroshock Clasp,Leather Belt,Solo Self-Found,1,1,1,only,one,no,only,one,no,,0,no,,,,,,
cbe80aa20448,Siegebreaker,Heavy Belt,Solo Self-Found,1,1,1,only,one,no,only,one,no,,0,no,,,,,,
95acff69c5b0,Wurm's Molt,Leather Belt,Solo Self-Found,1,2,2,Current,one,no,Current,one,no,,0,no,,,,,,
796b5f213e0b,Perseverance,Vanguard Belt,Solo Self-Found,1,2,2,Current,one,no,Current,one,no,,0,no,,,,,,
915eda6e84ad,Maligaro's Restraint,Chain Belt,Solo Self-Found,1,1,1,only,one,no,only,one,no,,0,no,,,,,,
e980f759493c,Bated Breath,Chain Belt,Solo Self-Found,1,2,2,Current,one,no,Current,one,no,,0,no,,,,,,
a92d087b837c,The Druggery,Cloth Belt,Solo Self-Found,1,1,1,only,one,no,only,one,no,,0,no,,,,,,
e9cc3943e2b6,Hrimsorrow,Goathide Gloves,Solo Self-Found,1,3,3,Pre 3.19.0,one,no,Pre 3.19.0,one,no,,0,no,,,,,,
0651219a0428,The Embalmer,Carnal Mitts,Solo Self-Found,1,1,1,only,one,no,only,one,no,,0,no,,,,,,
e60dee1b5bce,Giantsbane,Bronze Gauntlets,Solo Self-Found,1,2,2,Pre 3.19.0,one,no,Pre 3.19.0,one,no,,0,no,,,,,,
be6ae121b182,Slitherpinch,Bronzescale Gauntlets,Solo Self-Found,1,2,2,Current,one,no,Current,one,no,,0,no,,,,,,
0a9cc2b0001d,Kalisa's Grace,Samite Gloves,Solo Self-Found,1,1,1,only,one,no,only,one,no,,0,no,,,,,,
7c08b9fbba2e,Ondar's Clasp,Wrapped Mitts,Solo Self-Found,1,3,3,Pre 3.19.0,one,no,Pre 3.19.0,one,no,,0,no,,,,,,
393b11cff7af,Cloak of Flame,Scholar's Robe,Solo Self-Found,1,2,2,Pre 3.19.0,one,no,Pre 3.19.0,one,no,,0,no,,,,,,
03c9d6407fd9,Briskwrap,Strapped Leather,Solo Self-Found,1,4,4,Pre 3.19.0,one,no,Pre 3.19.0,one,no,,0,no,,,,,,
c6ec2ce9e1ec,Ambu's Charge,Crusader Chainmail,Solo Self-Found,1,5,5,Pre 3.19.0,one,no,Pre 3.19.0,one,no,,0,no,,,,,,
f149f3ce15e2,Foxshade,Wild Leather,Solo Self-Found,1,3,3,Pre 3.19.0,one,no,Pre 3.19.0,one,no,,0,no,,,,,,
dc14e8ea2a52,Bramblejack,Plate Vest,Solo Self-Found,1,2,2,Pre 3.19.0,one,no,Pre 3.19.0,one,no,,0,no,,,,,,
a346a5ad9fd0,Dendrobate,Sentinel Jacket,Solo Self-Found,1,1,1,only,one,no,only,one,no,,0,no,,,,,,
9f6fe843496b,Icetomb,Latticed Ringmail,Solo Self-Found,1,3,3,Pre 3.19.0,one,no,Pre 3.19.0,one,no,,0,no,,,,,,
83ab02a1c304,The Covenant,Spidersilk Robe,Solo Self-Found,1,6,6,Pre 3.19.0,one,no,Pre 3.19.0,one,no,,0,no,,,,,,
4b6b148dd13a,Storm Cloud,Long Bow,Solo Self-Found,1,2,2,Current,one,no,Current,one,no,,0,no,,,,,,
3d5a76e64433,Silverbranch,Crude Bow,Solo Self-Found,1,2,2,Current,one,no,Current,one,no,,0,no,,,,,,
af2d4104fe5c,Roth's Reach,Recurve Bow,Solo Self-Found,1,3,3,Pre 3.19.0,one,no,Pre 3.19.0,one,no,,0,no,,,,,,
0d07548eadb5,Death's Harp,Death Bow,Solo Self-Found,1,7,7,Pre 3.17.0,one,no,Pre 3.17.0,one,no,,0,no,,,,,,
5109b967c77c,Prismatic Eclipse,Twilight Blade,Solo Self-Found,1,5,5,Pre 3.29.0,one,no,Pre 3.29.0,one,no,,0,no,,,,,,
998249e2ce69,Terminus Est,Tiger Sword,Solo Self-Found,1,3,3,Current,one,no,Current,one,no,,0,no,,,,,,
6bc74bebf03c,Redbeak,Rusted Sword,Solo Self-Found,1,2,2,Current,one,no,Current,one,no,,0,no,,,,,,
2a905aefdfe4,Queen's Decree,Ornate Sword,Solo Self-Found,1,4,4,Current;Pre 3.26.0,several,yes,Current;Pre 3.26.0,several,yes,,0,no,,,,,,
99f269a077c0,The Princess,Sabre,Solo Self-Found,1,2,2,Current,one,no,Current,one,no,,0,no,,,,,,
d0edd964ceed,Obliteration,Demon's Horn,Solo Self-Found,1,6,6,Pre 3.19.0,one,no,Pre 3.19.0,one,no,,0,no,,,,,,
562257421b46,Lifesprig,Driftwood Wand,Solo Self-Found,1,1,1,,none,no,,none,no,,0,no,,,,,no-text-match,Regenerate 8 Life over 1 second when you Cast a Spell
eb775144af84,Stormcharger,Plated Greaves,Solo Self-Found,1,2,2,Pre 3.19.0,one,no,Pre 3.19.0,one,no,,0,no,,,,,,
2355d1f9e64e,Wondertrap,Velvet Slippers,Solo Self-Found,1,3,3,Current;Pre 3.19.0,several,yes,Current;Pre 3.19.0,several,yes,,0,no,,,,,,
3f6134242daa,Torchoak Step,Antique Greaves,Solo Self-Found,1,2,2,Pre 3.16.0,one,no,Pre 3.16.0,one,no,,0,no,,,,,,
5f23a07723a0,Three-step Assault,Shagreen Boots,Solo Self-Found,1,3,3,Pre 3.16.0,one,no,Pre 3.16.0,one,no,,0,no,,,,,,
5d85a40fdfbc,Wake of Destruction,Mesh Boots,Solo Self-Found,1,3,3,Current,one,no,Current,one,no,,0,no,,,,,,
d0cd02259341,Sundance,Clasped Boots,Solo Self-Found,1,2,2,Current,one,no,Current,one,no,,0,no,,,,,,
8f1b898a332f,Shavronne's Pace,Scholar Boots,Solo Self-Found,1,4,4,Pre 3.19.0,one,no,Pre 3.19.0,one,no,,0,no,,,,,,
a56f4da6e46f,Bones of Ullr,Silk Slippers,Solo Self-Found,1,1,1,only,one,no,only,one,no,,0,no,,,,,,
db46885e61b8,Crest of Perandus,Pine Buckler,Solo Self-Found,1,3,3,Current,one,no,Current,one,no,,0,no,,,,,,
a609f7be84ea,Chalice of Horrors,War Buckler,Solo Self-Found,1,5,5,Pre 3.17.0,one,no,Pre 3.17.0,one,no,,0,no,,,,,,
509c62c4b233,Maligaro's Lens,Compound Spiked Shield,Solo Self-Found,1,3,3,,none,no,,none,no,,0,no,,,,,number-outside-range,+2% chance to Suppress Spell Damage
643c6fde0616,The Eternal Apple,Chiming Spirit Shield,Solo Self-Found,1,1,1,only,one,no,only,one,no,,0,no,,,,,,
dffe23451548,Springleaf,Plank Kite Shield,Solo Self-Found,1,5,5,Pre 3.19.0,one,no,Pre 3.19.0,one,no,,0,no,,,,,,
08cc25283e4b,Esh's Mirror,Thorium Spirit Shield,Solo Self-Found,1,2,2,,none,no,,none,no,,0,no,,,,,number-outside-range,+49 to maximum Life
63fe671f5112,Wheel of the Stormsail,Rotted Round Shield,Solo Self-Found,1,3,3,Pre 3.16.0,one,no,Pre 3.16.0,one,no,,0,no,,,,,,
bec075ac2675,Kongming's Stratagem,Ivory Spirit Shield,Solo Self-Found,1,5,5,Pre 3.19.0,one,no,Pre 3.19.0,one,no,,0,no,,,,,,
fd437279bb43,The Wasp Nest,Throat Stabber,Solo Self-Found,1,2,2,Current,one,no,Current,one,no,,0,no,,,,,,
f2e1675c9a6c,Last Resort,Nailed Fist,Solo Self-Found,1,1,1,only,one,no,only,one,no,,0,no,,,,,,
b8d04dab42ac,The Broken Crown,Prophet Crown,Solo Self-Found,1,3,3,Current,one,no,Current,one,no,,0,no,,,,,,
96b23ae42973,Fairgraves' Tricorne,Tricorne,Solo Self-Found,1,2,2,,none,no,,none,no,,0,no,,,,,variant-line-not-displayed,15% increased Stun and Block Recovery
fd28441d2f6a,Asenath's Mark,Iron Circlet,Solo Self-Found,1,3,3,Pre 3.19.0,one,no,Pre 3.19.0,one,no,,0,no,,,,,,
fb55a67a9de3,Veil of the Night,Great Helmet,Solo Self-Found,1,1,1,only,one,no,only,one,no,,0,no,,,,,,
3220759f6850,Deidbell,Gilded Sallet,Solo Self-Found,1,3,3,Pre 3.19.0,one,no,Pre 3.19.0,one,no,,0,no,,,,,,
d1dc1ede4182,Skullhead,Secutor Helm,Solo Self-Found,1,3,3,Pre 3.19.0,one,no,Pre 3.19.0,one,no,,0,no,,,,,,
527442886ddf,Alpha's Howl,Sinner Tricorne,Solo Self-Found,1,1,1,only,one,no,only,one,no,,0,no,,,,,,
01f03dbfe648,Crown of the Pale King,Regicide Mask,Solo Self-Found,1,3,3,Pre 3.19.0,one,no,Pre 3.19.0,one,no,,0,no,,,,,,
0d040e8fcc5b,White Wind,Imperial Skean,Solo Self-Found,1,3,3,,none,no,,none,no,,0,no,,,,,number-outside-range,30% increased Global Critical Strike Chance
fe85e9f14965,Ungil's Gauche,Boot Knife,Solo Self-Found,1,3,3,Current;Pre 1.1.0,several,yes,Current;Pre 1.1.0,several,yes,,0,no,,,,,,
03a5473acc99,Goredrill,Skinning Knife,Solo Self-Found,1,1,1,only,one,no,only,one,no,,0,no,,,,,,
99205ceb56a9,Heartbreaker,Royal Skean,Solo Self-Found,1,3,3,Pre 3.19.0,one,no,Pre 3.19.0,one,no,,0,no,,,,,,
622822ee46f9,Sinvicta's Mettle,Ezomyte Axe,Solo Self-Found,1,2,2,Current,one,no,Current,one,no,,0,no,,,,,,
36326efe3a7b,Limbsplit,Woodsplitter,Solo Self-Found,1,2,2,Current,one,no,Current,one,no,,0,no,,,,,,
85e43ef42520,Hrimnor's Hymn,Sledgehammer,Solo Self-Found,1,2,2,Current,one,no,Current,one,no,,0,no,,,,,,
122ffe024097,Flesh-Eater,Dream Mace,Solo Self-Found,1,2,2,Current,one,no,Current,one,no,,0,no,,,,,,
e400b3666fc8,Frostbreath,Ornate Mace,Solo Self-Found,1,3,3,Current,one,no,Current,one,no,,0,no,,,,,,
d861eed815c8,Geofri's Baptism,Brass Maul,Solo Self-Found,1,2,2,Current,one,no,Current,one,no,,0,no,,,,,,
22b94ea44b37,Axiom Perpetuum,Bronze Sceptre,Solo Self-Found,1,2,2,Current,one,no,Current,one,no,,0,no,,,,,,
225ee818ae5a,Sunblast,Cloth Belt,Solo Self-Found,1,2,2,Pre 3.19.0,one,no,Pre 3.19.0,one,no,,0,no,,,,,,
4aba8b754e04,String of Servitude,Heavy Belt,Solo Self-Found,1,22,22,Strength/Intelligence,one,no,Strength/Intelligence,one,no,,0,no,,,,,,
6ea6713809ea,Poacher's Aim,Viridian Jewel,Solo Self-Found,1,1,1,only,one,no,only,one,no,,0,no,,,,,,
931ad4eafb5b,Spreading Rot,Cobalt Jewel,Solo Self-Found,1,2,2,Current;Pre 3.17.0,several,yes,Current;Pre 3.17.0,several,yes,,0,no,,,,,,
4ea40192b59e,Lord of Steel,Viridian Jewel,Solo Self-Found,1,6,6,Impale Effect (Current);Impale Effect (Pre 3.13.0),several,yes,Impale Effect (Current);Impale Effect (Pre 3.13.0),several,yes,,0,no,,,,,,
367aacd03976,Brawn,Crimson Jewel,Solo Self-Found,1,1,1,only,one,no,only,one,no,,0,no,,,,,,
e9867fec04b5,Inertia,Crimson Jewel,Solo Self-Found,1,2,2,Current;Pre 3.20.0,several,yes,Current;Pre 3.20.0,several,yes,,0,no,,,,,,
eb135a781546,Survival Secrets,Cobalt Jewel,Solo Self-Found,1,2,2,Pre 3.16.0,one,no,Pre 3.16.0,one,no,,0,no,,,,,,
63d52c8dc42f,Assassin's Haste,Cobalt Jewel,Solo Self-Found,1,1,1,only,one,no,only,one,no,,0,no,,,,,,
9ce0bdf69d60,Conqueror's Efficiency,Crimson Jewel,Solo Self-Found,1,1,1,only,one,no,only,one,no,,0,no,,,,,,
3ac513e8ab30,Blackgleam,Fire Arrow Quiver,Solo Self-Found,1,4,4,Pre 3.17.0,one,no,Pre 3.17.0,one,no,,0,no,,,,,,
492a0ae313ec,Craghead,Serrated Arrow Quiver,Solo Self-Found,1,2,2,Pre 3.17.0,one,no,Pre 3.17.0,one,no,,0,no,,,,,,
2b7826222c88,Scorpion's Call,Broadhead Arrow Quiver,Solo Self-Found,1,2,2,Pre 3.17.0,one,no,Pre 3.17.0,one,no,,0,no,,,,,,
69fcea669478,Dying Breath,Iron Staff,Solo Self-Found,1,3,3,Pre 2.6.0;Pre 3.25.0,several,no,Pre 2.6.0;Pre 3.25.0,several,no,,0,no,,,,,,
363fa9971a5f,Pillar of the Caged God,Iron Staff,Solo Self-Found,1,3,3,Pre 3.25.0,one,no,Pre 3.25.0,one,no,,0,no,,,,,,
109eefb0d4d6,Agnerod West,Imperial Staff,Solo Self-Found,1,3,3,Pre 3.25.0,one,no,Pre 3.25.0,one,no,,0,no,,,,,,
00faa3edc488,Tabula Rasa,Simple Robe,Solo Self-Found,1,1,1,only,one,no,only,one,no,,0,no,,,,,,
755dfd5af77a,Tabula Rasa,Simple Robe,Solo Self-Found,1,1,1,,none,no,,none,no,,0,no,,,,,no-text-match,+2 to Level of Socketed Trap or Mine Gems
0214da4a4ffa,Deerstalker,Deerskin Boots,Solo Self-Found,1,3,3,Pre 3.19.0,one,no,Pre 3.19.0,one,no,,0,no,,,,,,
145529d2f5f2,Coated Shrapnel,Crimson Jewel,Solo Self-Found,1,2,2,Current,one,no,Current,one,no,,0,no,,,,,,
c5946a85aa3d,Silverbranch,Crude Bow,Solo Self-Found,1,2,2,Current,one,no,Current,one,no,,0,no,,,,,,
b587dc5b1a7e,Tabula Rasa,Simple Robe,Solo Self-Found,1,1,1,only,one,no,only,one,no,,0,no,,,,,,
3458bd630231,Death's Oath,Astral Plate,Solo Self-Found,1,3,3,Current,one,no,Current,one,no,,0,no,,,,,,
873d436bb866,Victario's Charity,Laminated Kite Shield,Solo Self-Found,1,2,2,Current,one,no,Current,one,no,,0,no,,,,,,
5cd082617235,Tabula Rasa,Simple Robe,Solo Self-Found,1,1,1,,none,no,,none,no,,0,no,,,,,no-text-match,4% reduced Chaos Damage taken
bc0fa7514ed6,Atziri's Promise,Amethyst Flask,Solo Self-Found,1,3,3,Pre 3.15.0,one,no,Pre 3.15.0,one,no,,0,no,,,utilityMods,,,
0dd4dc5ec474,Kitava's Thirst,Zealot Helmet,Solo Self-Found,1,2,2,Current,one,no,Current,one,no,,0,no,,,,,,
