# generated by scripts/crosscheck.py from poe1/data @ e2bd511a through ../repoe/scripts/base-taxonomy.py, ../trade-query/data/items-2026-09-12.json and filters-2026-09-12.json, awakened-poe-trade @ ce551eb7, PathOfBuilding @ 16de4b82, ../trade-query/raw/searches (local)
id,kind,source,level,bases,same,nested_by_the_dot,under_a_grouping,different,export_places_none,names
weapon,prefix parent,site-coarse,coarse id,360,0,360,0,0,0,Abyssal Axe; Abyssal Sceptre; Accumulator Wand; Alternating Sceptre; Ambusher; Anarchic Spiritblade; Ancestral Club; Ancient Sword; Antique Rapier; Apex Cleaver; Apex Rapier; Arming Axe; Assassin Bow; Assembler Wand; Auric Mace; Awl; Banishing Blade; Barbed Club; Baselard; Basket Rapier; Bastard Sword; Battered Foil; Battery Staff; Battle Hammer; Battle Sword; Behemoth Mace; Bladed Mace; Blasting Blade; Blasting Wand; Blinder; Blood Sceptre; Blunt Force Condenser; Boarding Axe; Bone Bow; Boom Mace; Boot Blade; Boot Knife; Brass Maul; Broad Axe; Broad Sword; Bronze Sceptre; Burnished Foil; Butcher Axe; Butcher Knife; Butcher Sword; Calling Wand; Capacity Rod; Capricious Spiritblade; Carnal Sceptre; Carved Wand; Carving Knife; Cat's Paw; Ceremonial Axe; Ceremonial Mace; Charan's Sword; Chest Splitter; Citadel Bow; Cleaver; Coiled Staff; Coiled Wand; Colossus Mallet; Composite Bow; Compound Bow; Congregator Wand; Convening Wand; Convoking Wand; Copper Kris; Copper Sword; Coronal Maul; Corroded Blade; Corsair Sword; Courtesan Sword; Crack Mace; Crescent Staff; Crude Bow; Crushing Force Magnifier; Crystal Sceptre; Crystal Wand; Curved Blade; Cutlass; Dagger Axe; Darkwood Sceptre; Death Bow; Decimation Bow; Decorative Axe; Decurve Bow; Demon Dagger; Demon's Horn; Despot Axe; Disapprobation Axe; Double Axe; Double Claw; Dragon Mace; Dragonbone Rapier; Dragoon Sword; Dread Maul; Dream Mace; Driftwood Club; Driftwood Maul; Driftwood Sceptre; Driftwood Wand; Dusk Blade; Eagle Claw; Eclipse Staff; Elder Sword; Elegant Foil; Elegant Sword; Energy Blade; Engraved Greatsword; Engraved Hatchet; Engraved Wand; Estoc; Etched Greatsword; Etched Hatchet; Eternal Sword; Eventuality Rod; Exquisite Blade; Eye Gouger; Ezomyte Axe; Ezomyte Blade; Ezomyte Dagger; Ezomyte Staff; Fancy Foil; Faun's Horn; Fickle Spiritblade; Fiend Dagger; Fishing Rod; Flanged Mace; Flare Mace; Flashfire Blade; Flaying Knife; Fleshripper; Flickerflame Blade; Footman Sword; Foul Staff; Foundry Bow; Fright Claw; Fright Maul; Gavel; Gemini Claw; Gemstone Sword; Ghostflame Blade; Gilded Axe; Gladius; Glass Shank; Gnarled Branch; Goat's Horn; Golden Blade; Golden Kris; Gouger; Graceful Sword; Grappler; Great Mallet; Great White Claw; Grinning Fetish; Grove Bow; Gut Ripper; Gutting Knife; Harbinger Bow; Harpy Rapier; Headman's Sword; Headsman Axe; Heathen Wand; Hedron Bow; Hellion's Paw; Highborn Bow; Highborn Staff; Highland Blade; Hollowpoint Dagger; Honed Cleaver; Hook Sword; Horned Sceptre; Imbued Wand; Imp Dagger; Impact Force Propagator; Imperial Bow; Imperial Claw; Imperial Maul; Imperial Skean; Imperial Staff; Infernal Axe; Infernal Blade; Infernal Sword; Iron Sceptre; Iron Staff; Ivory Bow; Jade Chopper; Jade Hatchet; Jagged Foil; Jagged Maul; Jasper Axe; Jasper Chopper; Jewelled Foil; Judgement Staff; Karui Axe; Karui Chopper; Karui Maul; Karui Sceptre; Kinetic Wand; Labrys; Lathi; Lead Sceptre; Legion Hammer; Legion Sword; Lion Sword; Lithe Blade; Long Bow; Long Staff; Longsword; Maelström Staff; Malign Fangs; Mallet; Maltreatment Axe; Maraketh Bow; Meatgrinder; Midnight Blade; Military Staff; Moon Staff; Morning Star; Nailed Fist; Nightmare Mace; Noble Axe; Noble Claw; Ochre Sceptre; Omen Wand; Opal Sceptre; Opal Wand; Ornate Mace; Ornate Sword; Oscillating Sceptre; Pagan Wand; Pecoraro; Pernach; Petrified Club; Phantom Mace; Piledriver; Plated Maul; Platinum Kris; Platinum Sceptre; Pneumatic Dagger; Poignard; Poleaxe; Potentiality Rod; Prehistoric Claw; Pressurised Dagger; Prime Cleaver; Primeval Rapier; Primitive Staff; Primordial Staff; Profane Wand; Prong Dagger; Prophecy Wand; Psychotic Axe; Quarterstaff; Quartz Sceptre; Quartz Wand; Ranger Bow; Reaver Axe; Reaver Sword; Rebuking Blade; Reciprocation Staff; Recurve Bow; Reflex Bow; Ritual Sceptre; Rock Breaker; Royal Axe; Royal Bow; Royal Sceptre; Royal Skean; Royal Staff; Runic Hatchet; Rusted Hatchet; Rusted Spike; Rusted Sword; Sabre; Sage Wand; Sai; Sambar Sceptre; Sekhem; Serpentine Staff; Serrated Foil; Shadow Axe; Shadow Fangs; Shadow Sceptre; Sharktooth Claw; Short Bow; Siege Axe; Skean; Skinning Knife; Slaughter Knife; Sledgehammer; Smallsword; Sniper Bow; Solar Maul; Solarine Bow; Somatic Wand; Sparkling Claw; Spectral Axe; Spectral Sword; Spiked Club; Spine Bow; Spiny Maul; Spiraled Foil; Spiraled Wand; Stabilising Sceptre; Stag Sceptre; Steelhead; Steelwood Bow; Stiletto; Stone Axe; Stone Hammer; Sundering Axe; Talon Axe; Tempered Foil; Tenderizer; Terror Claw; Terror Maul; Thicket Bow; Thorn Rapier; Thresher Claw; Throat Stabber; Tiger Hook; Tiger Sword; Tiger's Paw; Timber Axe; Timeworn Claw; Tomahawk; Tornado Wand; Totemic Maul; Transformer Staff; Tribal Club; Tribal Maul; Trisula; Twilight Blade; Twin Claw; Two-Handed Sword; Tyrant's Sekhem; Vaal Axe; Vaal Blade; Vaal Claw; Vaal Greatsword; Vaal Hatchet; Vaal Rapier; Vaal Sceptre; Variscite Blade; Vile Staff; Void Axe; Void Fangs; Void Sceptre; War Axe; War Hammer; War Sword; Whalebone Rapier; Woodful Staff; Woodsplitter; Wraith Axe; Wraith Sword; Wrist Chopper; Wyrm Mace; Wyrmbone Rapier
weapon.bow,leaf,export,exact,29,29,0,0,0,0,Assassin Bow; Bone Bow; Citadel Bow; Composite Bow; Compound Bow; Crude Bow; Death Bow; Decimation Bow; Decurve Bow; Ethereal Bow; Foundry Bow; Grove Bow; Harbinger Bow; Hedron Bow; Highborn Bow; Imperial Bow; Ivory Bow; Long Bow; Maraketh Bow; Ranger Bow; Recurve Bow; Reflex Bow; Royal Bow; Short Bow; Sniper Bow; Solarine Bow; Spine Bow; Steelwood Bow; Thicket Bow
weapon.bow,leaf,apt,exact,28,28,0,0,0,0,Assassin Bow; Bone Bow; Citadel Bow; Composite Bow; Compound Bow; Crude Bow; Death Bow; Decimation Bow; Decurve Bow; Foundry Bow; Grove Bow; Harbinger Bow; Hedron Bow; Highborn Bow; Imperial Bow; Ivory Bow; Long Bow; Maraketh Bow; Ranger Bow; Recurve Bow; Reflex Bow; Royal Bow; Short Bow; Sniper Bow; Solarine Bow; Spine Bow; Steelwood Bow; Thicket Bow
weapon.bow,leaf,pob,exact,29,29,0,0,0,0,Assassin Bow; Bone Bow; Citadel Bow; Composite Bow; Compound Bow; Crude Bow; Death Bow; Decimation Bow; Decurve Bow; Ethereal Bow; Foundry Bow; Grove Bow; Harbinger Bow; Hedron Bow; Highborn Bow; Imperial Bow; Ivory Bow; Long Bow; Maraketh Bow; Ranger Bow; Recurve Bow; Reflex Bow; Royal Bow; Short Bow; Sniper Bow; Solarine Bow; Spine Bow; Steelwood Bow; Thicket Bow
weapon.bow,leaf,site-coarse,at weapon (the parent's level),28,0,28,0,0,0,Assassin Bow; Bone Bow; Citadel Bow; Composite Bow; Compound Bow; Crude Bow; Death Bow; Decimation Bow; Decurve Bow; Foundry Bow; Grove Bow; Harbinger Bow; Hedron Bow; Highborn Bow; Imperial Bow; Ivory Bow; Long Bow; Maraketh Bow; Ranger Bow; Recurve Bow; Reflex Bow; Royal Bow; Short Bow; Sniper Bow; Solarine Bow; Spine Bow; Steelwood Bow; Thicket Bow
weapon.claw,leaf,export,exact,28,28,0,0,0,0,Awl; Blinder; Cat's Paw; Double Claw; Eagle Claw; Eye Gouger; Fright Claw; Gemini Claw; Gouger; Great White Claw; Gut Ripper; Hellion's Paw; Imperial Claw; Malign Fangs; Nailed Fist; Noble Claw; Prehistoric Claw; Shadow Fangs; Sharktooth Claw; Sparkling Claw; Terror Claw; Thresher Claw; Throat Stabber; Tiger's Paw; Timeworn Claw; Twin Claw; Vaal Claw; Void Fangs
weapon.claw,leaf,apt,exact,28,28,0,0,0,0,Awl; Blinder; Cat's Paw; Double Claw; Eagle Claw; Eye Gouger; Fright Claw; Gemini Claw; Gouger; Great White Claw; Gut Ripper; Hellion's Paw; Imperial Claw; Malign Fangs; Nailed Fist; Noble Claw; Prehistoric Claw; Shadow Fangs; Sharktooth Claw; Sparkling Claw; Terror Claw; Thresher Claw; Throat Stabber; Tiger's Paw; Timeworn Claw; Twin Claw; Vaal Claw; Void Fangs
weapon.claw,leaf,pob,exact,28,28,0,0,0,0,Awl; Blinder; Cat's Paw; Double Claw; Eagle Claw; Eye Gouger; Fright Claw; Gemini Claw; Gouger; Great White Claw; Gut Ripper; Hellion's Paw; Imperial Claw; Malign Fangs; Nailed Fist; Noble Claw; Prehistoric Claw; Shadow Fangs; Sharktooth Claw; Sparkling Claw; Terror Claw; Thresher Claw; Throat Stabber; Tiger's Paw; Timeworn Claw; Twin Claw; Vaal Claw; Void Fangs
weapon.claw,leaf,site-coarse,at weapon (the parent's level),28,0,28,0,0,0,Awl; Blinder; Cat's Paw; Double Claw; Eagle Claw; Eye Gouger; Fright Claw; Gemini Claw; Gouger; Great White Claw; Gut Ripper; Hellion's Paw; Imperial Claw; Malign Fangs; Nailed Fist; Noble Claw; Prehistoric Claw; Shadow Fangs; Sharktooth Claw; Sparkling Claw; Terror Claw; Thresher Claw; Throat Stabber; Tiger's Paw; Timeworn Claw; Twin Claw; Vaal Claw; Void Fangs
weapon.dagger,grouping,apt,exact,13,0,0,13,0,0,Ambusher; Flaying Knife; Glass Shank; Gutting Knife; Hollowpoint Dagger; Pneumatic Dagger; Poignard; Pressurised Dagger; Prong Dagger; Sai; Skinning Knife; Stiletto; Trisula
weapon.dagger,grouping,pob,exact,32,0,0,32,0,0,Ambusher; Boot Blade; Boot Knife; Butcher Knife; Carving Knife; Copper Kris; Demon Dagger; Ethereal Blade; Ezomyte Dagger; Fiend Dagger; Flashfire Blade; Flaying Knife; Flickerflame Blade; Glass Shank; Golden Kris; Gutting Knife; Hollowpoint Dagger; Imp Dagger; Imperial Skean; Infernal Blade; Platinum Kris; Pneumatic Dagger; Poignard; Pressurised Dagger; Prong Dagger; Royal Skean; Sai; Skean; Skinning Knife; Slaughter Knife; Stiletto; Trisula
weapon.basedagger,leaf,export,exact,14,14,0,0,0,0,Ambusher; Ethereal Blade; Flaying Knife; Glass Shank; Gutting Knife; Hollowpoint Dagger; Pneumatic Dagger; Poignard; Pressurised Dagger; Prong Dagger; Sai; Skinning Knife; Stiletto; Trisula
weapon.basedagger,leaf,apt,at weapon.dagger (under a grouping),13,0,0,13,0,0,Ambusher; Flaying Knife; Glass Shank; Gutting Knife; Hollowpoint Dagger; Pneumatic Dagger; Poignard; Pressurised Dagger; Prong Dagger; Sai; Skinning Knife; Stiletto; Trisula
weapon.basedagger,leaf,pob,at weapon.dagger (under a grouping),14,0,0,14,0,0,Ambusher; Ethereal Blade; Flaying Knife; Glass Shank; Gutting Knife; Hollowpoint Dagger; Pneumatic Dagger; Poignard; Pressurised Dagger; Prong Dagger; Sai; Skinning Knife; Stiletto; Trisula
weapon.basedagger,leaf,site-coarse,at weapon (the parent's level),13,0,13,0,0,0,Ambusher; Flaying Knife; Glass Shank; Gutting Knife; Hollowpoint Dagger; Pneumatic Dagger; Poignard; Pressurised Dagger; Prong Dagger; Sai; Skinning Knife; Stiletto; Trisula
weapon.runedagger,leaf,export,exact,18,18,0,0,0,0,Boot Blade; Boot Knife; Butcher Knife; Carving Knife; Copper Kris; Demon Dagger; Ezomyte Dagger; Fiend Dagger; Flashfire Blade; Flickerflame Blade; Golden Kris; Imp Dagger; Imperial Skean; Infernal Blade; Platinum Kris; Royal Skean; Skean; Slaughter Knife
weapon.runedagger,leaf,apt,exact,18,18,0,0,0,0,Boot Blade; Boot Knife; Butcher Knife; Carving Knife; Copper Kris; Demon Dagger; Ezomyte Dagger; Fiend Dagger; Flashfire Blade; Flickerflame Blade; Golden Kris; Imp Dagger; Imperial Skean; Infernal Blade; Platinum Kris; Royal Skean; Skean; Slaughter Knife
weapon.runedagger,leaf,pob,at weapon.dagger (under a grouping),18,0,0,18,0,0,Boot Blade; Boot Knife; Butcher Knife; Carving Knife; Copper Kris; Demon Dagger; Ezomyte Dagger; Fiend Dagger; Flashfire Blade; Flickerflame Blade; Golden Kris; Imp Dagger; Imperial Skean; Infernal Blade; Platinum Kris; Royal Skean; Skean; Slaughter Knife
weapon.runedagger,leaf,site-coarse,at weapon (the parent's level),18,0,18,0,0,0,Boot Blade; Boot Knife; Butcher Knife; Carving Knife; Copper Kris; Demon Dagger; Ezomyte Dagger; Fiend Dagger; Flashfire Blade; Flickerflame Blade; Golden Kris; Imp Dagger; Imperial Skean; Infernal Blade; Platinum Kris; Royal Skean; Skean; Slaughter Knife
weapon.oneaxe,leaf,export,exact,28,28,0,0,0,0,Arming Axe; Boarding Axe; Broad Axe; Butcher Axe; Ceremonial Axe; Chest Splitter; Cleaver; Decorative Axe; Disapprobation Axe; Engraved Hatchet; Etched Hatchet; Infernal Axe; Jade Hatchet; Jasper Axe; Karui Axe; Maltreatment Axe; Psychotic Axe; Reaver Axe; Royal Axe; Runic Hatchet; Rusted Hatchet; Siege Axe; Spectral Axe; Tomahawk; Vaal Hatchet; War Axe; Wraith Axe; Wrist Chopper
weapon.oneaxe,leaf,apt,exact,28,28,0,0,0,0,Arming Axe; Boarding Axe; Broad Axe; Butcher Axe; Ceremonial Axe; Chest Splitter; Cleaver; Decorative Axe; Disapprobation Axe; Engraved Hatchet; Etched Hatchet; Infernal Axe; Jade Hatchet; Jasper Axe; Karui Axe; Maltreatment Axe; Psychotic Axe; Reaver Axe; Royal Axe; Runic Hatchet; Rusted Hatchet; Siege Axe; Spectral Axe; Tomahawk; Vaal Hatchet; War Axe; Wraith Axe; Wrist Chopper
weapon.oneaxe,leaf,pob,exact,28,28,0,0,0,0,Arming Axe; Boarding Axe; Broad Axe; Butcher Axe; Ceremonial Axe; Chest Splitter; Cleaver; Decorative Axe; Disapprobation Axe; Engraved Hatchet; Etched Hatchet; Infernal Axe; Jade Hatchet; Jasper Axe; Karui Axe; Maltreatment Axe; Psychotic Axe; Reaver Axe; Royal Axe; Runic Hatchet; Rusted Hatchet; Siege Axe; Spectral Axe; Tomahawk; Vaal Hatchet; War Axe; Wraith Axe; Wrist Chopper
weapon.oneaxe,leaf,site-coarse,at weapon (the parent's level),28,0,28,0,0,0,Arming Axe; Boarding Axe; Broad Axe; Butcher Axe; Ceremonial Axe; Chest Splitter; Cleaver; Decorative Axe; Disapprobation Axe; Engraved Hatchet; Etched Hatchet; Infernal Axe; Jade Hatchet; Jasper Axe; Karui Axe; Maltreatment Axe; Psychotic Axe; Reaver Axe; Royal Axe; Runic Hatchet; Rusted Hatchet; Siege Axe; Spectral Axe; Tomahawk; Vaal Hatchet; War Axe; Wraith Axe; Wrist Chopper
weapon.onesword,grouping,apt,exact,56,0,0,56,0,0,Anarchic Spiritblade; Ancient Sword; Antique Rapier; Apex Rapier; Baselard; Basket Rapier; Battered Foil; Battle Sword; Broad Sword; Burnished Foil; Capricious Spiritblade; Charan's Sword; Copper Sword; Corsair Sword; Courtesan Sword; Cutlass; Dragonbone Rapier; Dragoon Sword; Dusk Blade; Elder Sword; Elegant Foil; Elegant Sword; Estoc; Eternal Sword; Fancy Foil; Fickle Spiritblade; Gemstone Sword; Ghostflame Blade; Gladius; Golden Blade; Graceful Sword; Grappler; Harpy Rapier; Hook Sword; Jagged Foil; Jewelled Foil; Legion Sword; Midnight Blade; Pecoraro; Primeval Rapier; Rusted Spike; Rusted Sword; Sabre; Serrated Foil; Smallsword; Spiraled Foil; Tempered Foil; Thorn Rapier; Tiger Hook; Twilight Blade; Vaal Blade; Vaal Rapier; Variscite Blade; War Sword; Whalebone Rapier; Wyrmbone Rapier
weapon.onesword,grouping,pob,exact,57,0,0,55,0,2,Anarchic Spiritblade; Ancient Sword; Antique Rapier; Apex Rapier; Baselard; Basket Rapier; Battered Foil; Battle Sword; Broad Sword; Burnished Foil; Capricious Spiritblade; Charan's Sword; Copper Sword; Corsair Sword; Courtesan Sword; Cutlass; Dragonbone Rapier; Dragoon Sword; Dusk Blade; Elder Sword; Elegant Foil; Elegant Sword; Energy Blade One Handed; Estoc; Eternal Sword; Fancy Foil; Fickle Spiritblade; Gemstone Sword; Ghostflame Blade; Gladius; Graceful Sword; Grappler; Harpy Rapier; Hook Sword; Jagged Foil; Jewelled Foil; Legion Sword; Midnight Blade; Pecoraro; Primeval Rapier; Random One Hand Sword; Rusted Spike; Rusted Sword; Sabre; Serrated Foil; Smallsword; Spiraled Foil; Tempered Foil; Thorn Rapier; Tiger Hook; Twilight Blade; Vaal Blade; Vaal Rapier; Variscite Blade; War Sword; Whalebone Rapier; Wyrmbone Rapier
weapon.onesword,grouping,site-fetch,exact,14,0,0,14,0,0,Apex Rapier; Battle Sword; Burnished Foil; Corsair Sword; Dragonbone Rapier; Elder Sword; Fancy Foil; Gemstone Sword; Graceful Sword; Harpy Rapier; Jewelled Foil; Midnight Blade; Spiraled Foil; Vaal Rapier
weapon.basesword,leaf,export,exact,32,32,0,0,0,0,Anarchic Spiritblade; Ancient Sword; Baselard; Battle Sword; Broad Sword; Capricious Spiritblade; Charan's Sword; Copper Sword; Corsair Sword; Cutlass; Dusk Blade; Elder Sword; Elegant Sword; Energy Blade; Eternal Sword; Fickle Spiritblade; Gemstone Sword; Ghostflame Blade; Gladius; Golden Blade; Graceful Sword; Grappler; Hook Sword; Legion Sword; Midnight Blade; Rusted Sword; Sabre; Tiger Hook; Twilight Blade; Vaal Blade; Variscite Blade; War Sword
weapon.basesword,leaf,apt,at weapon.onesword (under a grouping),31,0,0,31,0,0,Anarchic Spiritblade; Ancient Sword; Baselard; Battle Sword; Broad Sword; Capricious Spiritblade; Charan's Sword; Copper Sword; Corsair Sword; Cutlass; Dusk Blade; Elder Sword; Elegant Sword; Eternal Sword; Fickle Spiritblade; Gemstone Sword; Ghostflame Blade; Gladius; Golden Blade; Graceful Sword; Grappler; Hook Sword; Legion Sword; Midnight Blade; Rusted Sword; Sabre; Tiger Hook; Twilight Blade; Vaal Blade; Variscite Blade; War Sword
weapon.basesword,leaf,pob,at weapon.onesword (under a grouping),30,0,0,30,0,0,Anarchic Spiritblade; Ancient Sword; Baselard; Battle Sword; Broad Sword; Capricious Spiritblade; Charan's Sword; Copper Sword; Corsair Sword; Cutlass; Dusk Blade; Elder Sword; Elegant Sword; Eternal Sword; Fickle Spiritblade; Gemstone Sword; Ghostflame Blade; Gladius; Graceful Sword; Grappler; Hook Sword; Legion Sword; Midnight Blade; Rusted Sword; Sabre; Tiger Hook; Twilight Blade; Vaal Blade; Variscite Blade; War Sword
weapon.basesword,leaf,site-fetch,at weapon.onesword (under a grouping),6,0,0,6,0,0,Battle Sword; Corsair Sword; Elder Sword; Gemstone Sword; Graceful Sword; Midnight Blade
weapon.basesword,leaf,site-coarse,at weapon (the parent's level),32,0,32,0,0,0,Anarchic Spiritblade; Ancient Sword; Baselard; Battle Sword; Broad Sword; Capricious Spiritblade; Charan's Sword; Copper Sword; Corsair Sword; Cutlass; Dusk Blade; Elder Sword; Elegant Sword; Energy Blade; Eternal Sword; Fickle Spiritblade; Gemstone Sword; Ghostflame Blade; Gladius; Golden Blade; Graceful Sword; Grappler; Hook Sword; Legion Sword; Midnight Blade; Rusted Sword; Sabre; Tiger Hook; Twilight Blade; Vaal Blade; Variscite Blade; War Sword
weapon.rapier,leaf,export,exact,25,25,0,0,0,0,Antique Rapier; Apex Rapier; Basket Rapier; Battered Foil; Burnished Foil; Courtesan Sword; Dragonbone Rapier; Dragoon Sword; Elegant Foil; Estoc; Fancy Foil; Harpy Rapier; Jagged Foil; Jewelled Foil; Pecoraro; Primeval Rapier; Rusted Spike; Serrated Foil; Smallsword; Spiraled Foil; Tempered Foil; Thorn Rapier; Vaal Rapier; Whalebone Rapier; Wyrmbone Rapier
weapon.rapier,leaf,apt,at weapon.onesword (under a grouping),25,0,0,25,0,0,Antique Rapier; Apex Rapier; Basket Rapier; Battered Foil; Burnished Foil; Courtesan Sword; Dragonbone Rapier; Dragoon Sword; Elegant Foil; Estoc; Fancy Foil; Harpy Rapier; Jagged Foil; Jewelled Foil; Pecoraro; Primeval Rapier; Rusted Spike; Serrated Foil; Smallsword; Spiraled Foil; Tempered Foil; Thorn Rapier; Vaal Rapier; Whalebone Rapier; Wyrmbone Rapier
weapon.rapier,leaf,pob,at weapon.onesword (under a grouping),25,0,0,25,0,0,Antique Rapier; Apex Rapier; Basket Rapier; Battered Foil; Burnished Foil; Courtesan Sword; Dragonbone Rapier; Dragoon Sword; Elegant Foil; Estoc; Fancy Foil; Harpy Rapier; Jagged Foil; Jewelled Foil; Pecoraro; Primeval Rapier; Rusted Spike; Serrated Foil; Smallsword; Spiraled Foil; Tempered Foil; Thorn Rapier; Vaal Rapier; Whalebone Rapier; Wyrmbone Rapier
weapon.rapier,leaf,site-fetch,at weapon.onesword (under a grouping),8,0,0,8,0,0,Apex Rapier; Burnished Foil; Dragonbone Rapier; Fancy Foil; Harpy Rapier; Jewelled Foil; Spiraled Foil; Vaal Rapier
weapon.rapier,leaf,site-coarse,at weapon (the parent's level),25,0,25,0,0,0,Antique Rapier; Apex Rapier; Basket Rapier; Battered Foil; Burnished Foil; Courtesan Sword; Dragonbone Rapier; Dragoon Sword; Elegant Foil; Estoc; Fancy Foil; Harpy Rapier; Jagged Foil; Jewelled Foil; Pecoraro; Primeval Rapier; Rusted Spike; Serrated Foil; Smallsword; Spiraled Foil; Tempered Foil; Thorn Rapier; Vaal Rapier; Whalebone Rapier; Wyrmbone Rapier
weapon.onemace,grouping,apt,exact,28,0,0,28,0,0,Ancestral Club; Auric Mace; Barbed Club; Battle Hammer; Behemoth Mace; Bladed Mace; Boom Mace; Ceremonial Mace; Crack Mace; Dragon Mace; Dream Mace; Driftwood Club; Flanged Mace; Flare Mace; Gavel; Legion Hammer; Nightmare Mace; Ornate Mace; Pernach; Petrified Club; Phantom Mace; Rock Breaker; Spiked Club; Stone Hammer; Tenderizer; Tribal Club; War Hammer; Wyrm Mace
weapon.onemace,grouping,pob,exact,28,0,0,28,0,0,Ancestral Club; Auric Mace; Barbed Club; Battle Hammer; Behemoth Mace; Bladed Mace; Boom Mace; Ceremonial Mace; Crack Mace; Dragon Mace; Dream Mace; Driftwood Club; Flanged Mace; Flare Mace; Gavel; Legion Hammer; Nightmare Mace; Ornate Mace; Pernach; Petrified Club; Phantom Mace; Rock Breaker; Spiked Club; Stone Hammer; Tenderizer; Tribal Club; War Hammer; Wyrm Mace
weapon.basemace,leaf,export,exact,28,28,0,0,0,0,Ancestral Club; Auric Mace; Barbed Club; Battle Hammer; Behemoth Mace; Bladed Mace; Boom Mace; Ceremonial Mace; Crack Mace; Dragon Mace; Dream Mace; Driftwood Club; Flanged Mace; Flare Mace; Gavel; Legion Hammer; Nightmare Mace; Ornate Mace; Pernach; Petrified Club; Phantom Mace; Rock Breaker; Spiked Club; Stone Hammer; Tenderizer; Tribal Club; War Hammer; Wyrm Mace
weapon.basemace,leaf,apt,at weapon.onemace (under a grouping),28,0,0,28,0,0,Ancestral Club; Auric Mace; Barbed Club; Battle Hammer; Behemoth Mace; Bladed Mace; Boom Mace; Ceremonial Mace; Crack Mace; Dragon Mace; Dream Mace; Driftwood Club; Flanged Mace; Flare Mace; Gavel; Legion Hammer; Nightmare Mace; Ornate Mace; Pernach; Petrified Club; Phantom Mace; Rock Breaker; Spiked Club; Stone Hammer; Tenderizer; Tribal Club; War Hammer; Wyrm Mace
weapon.basemace,leaf,pob,at weapon.onemace (under a grouping),28,0,0,28,0,0,Ancestral Club; Auric Mace; Barbed Club; Battle Hammer; Behemoth Mace; Bladed Mace; Boom Mace; Ceremonial Mace; Crack Mace; Dragon Mace; Dream Mace; Driftwood Club; Flanged Mace; Flare Mace; Gavel; Legion Hammer; Nightmare Mace; Ornate Mace; Pernach; Petrified Club; Phantom Mace; Rock Breaker; Spiked Club; Stone Hammer; Tenderizer; Tribal Club; War Hammer; Wyrm Mace
weapon.basemace,leaf,site-coarse,at weapon (the parent's level),28,0,28,0,0,0,Ancestral Club; Auric Mace; Barbed Club; Battle Hammer; Behemoth Mace; Bladed Mace; Boom Mace; Ceremonial Mace; Crack Mace; Dragon Mace; Dream Mace; Driftwood Club; Flanged Mace; Flare Mace; Gavel; Legion Hammer; Nightmare Mace; Ornate Mace; Pernach; Petrified Club; Phantom Mace; Rock Breaker; Spiked Club; Stone Hammer; Tenderizer; Tribal Club; War Hammer; Wyrm Mace
weapon.sceptre,leaf,export,exact,28,28,0,0,0,0,Abyssal Sceptre; Alternating Sceptre; Blood Sceptre; Bronze Sceptre; Carnal Sceptre; Crystal Sceptre; Darkwood Sceptre; Driftwood Sceptre; Grinning Fetish; Horned Sceptre; Iron Sceptre; Karui Sceptre; Lead Sceptre; Ochre Sceptre; Opal Sceptre; Oscillating Sceptre; Platinum Sceptre; Quartz Sceptre; Ritual Sceptre; Royal Sceptre; Sambar Sceptre; Sekhem; Shadow Sceptre; Stabilising Sceptre; Stag Sceptre; Tyrant's Sekhem; Vaal Sceptre; Void Sceptre
weapon.sceptre,leaf,apt,exact,28,28,0,0,0,0,Abyssal Sceptre; Alternating Sceptre; Blood Sceptre; Bronze Sceptre; Carnal Sceptre; Crystal Sceptre; Darkwood Sceptre; Driftwood Sceptre; Grinning Fetish; Horned Sceptre; Iron Sceptre; Karui Sceptre; Lead Sceptre; Ochre Sceptre; Opal Sceptre; Oscillating Sceptre; Platinum Sceptre; Quartz Sceptre; Ritual Sceptre; Royal Sceptre; Sambar Sceptre; Sekhem; Shadow Sceptre; Stabilising Sceptre; Stag Sceptre; Tyrant's Sekhem; Vaal Sceptre; Void Sceptre
weapon.sceptre,leaf,pob,exact,28,28,0,0,0,0,Abyssal Sceptre; Alternating Sceptre; Blood Sceptre; Bronze Sceptre; Carnal Sceptre; Crystal Sceptre; Darkwood Sceptre; Driftwood Sceptre; Grinning Fetish; Horned Sceptre; Iron Sceptre; Karui Sceptre; Lead Sceptre; Ochre Sceptre; Opal Sceptre; Oscillating Sceptre; Platinum Sceptre; Quartz Sceptre; Ritual Sceptre; Royal Sceptre; Sambar Sceptre; Sekhem; Shadow Sceptre; Stabilising Sceptre; Stag Sceptre; Tyrant's Sekhem; Vaal Sceptre; Void Sceptre
weapon.sceptre,leaf,site-coarse,at weapon (the parent's level),28,0,28,0,0,0,Abyssal Sceptre; Alternating Sceptre; Blood Sceptre; Bronze Sceptre; Carnal Sceptre; Crystal Sceptre; Darkwood Sceptre; Driftwood Sceptre; Grinning Fetish; Horned Sceptre; Iron Sceptre; Karui Sceptre; Lead Sceptre; Ochre Sceptre; Opal Sceptre; Oscillating Sceptre; Platinum Sceptre; Quartz Sceptre; Ritual Sceptre; Royal Sceptre; Sambar Sceptre; Sekhem; Shadow Sceptre; Stabilising Sceptre; Stag Sceptre; Tyrant's Sekhem; Vaal Sceptre; Void Sceptre
weapon.staff,grouping,apt,exact,16,0,0,16,0,0,Battery Staff; Crescent Staff; Eclipse Staff; Gnarled Branch; Highborn Staff; Imperial Staff; Lathi; Long Staff; Moon Staff; Primitive Staff; Primordial Staff; Quarterstaff; Reciprocation Staff; Royal Staff; Transformer Staff; Woodful Staff
weapon.staff,grouping,pob,exact,28,0,0,27,0,1,Battery Staff; Capacity Rod; Coiled Staff; Crescent Staff; Eclipse Staff; Eventuality Rod; Ezomyte Staff; Foul Staff; Gnarled Branch; Highborn Staff; Imperial Staff; Iron Staff; Judgement Staff; Lathi; Long Staff; Maelstrom Staff; Military Staff; Moon Staff; Potentiality Rod; Primitive Staff; Primordial Staff; Quarterstaff; Reciprocation Staff; Royal Staff; Serpentine Staff; Transformer Staff; Vile Staff; Woodful Staff
weapon.basestaff,leaf,export,exact,16,16,0,0,0,0,Battery Staff; Crescent Staff; Eclipse Staff; Gnarled Branch; Highborn Staff; Imperial Staff; Lathi; Long Staff; Moon Staff; Primitive Staff; Primordial Staff; Quarterstaff; Reciprocation Staff; Royal Staff; Transformer Staff; Woodful Staff
weapon.basestaff,leaf,apt,at weapon.staff (under a grouping),16,0,0,16,0,0,Battery Staff; Crescent Staff; Eclipse Staff; Gnarled Branch; Highborn Staff; Imperial Staff; Lathi; Long Staff; Moon Staff; Primitive Staff; Primordial Staff; Quarterstaff; Reciprocation Staff; Royal Staff; Transformer Staff; Woodful Staff
weapon.basestaff,leaf,pob,at weapon.staff (under a grouping),16,0,0,16,0,0,Battery Staff; Crescent Staff; Eclipse Staff; Gnarled Branch; Highborn Staff; Imperial Staff; Lathi; Long Staff; Moon Staff; Primitive Staff; Primordial Staff; Quarterstaff; Reciprocation Staff; Royal Staff; Transformer Staff; Woodful Staff
weapon.basestaff,leaf,site-coarse,at weapon (the parent's level),16,0,16,0,0,0,Battery Staff; Crescent Staff; Eclipse Staff; Gnarled Branch; Highborn Staff; Imperial Staff; Lathi; Long Staff; Moon Staff; Primitive Staff; Primordial Staff; Quarterstaff; Reciprocation Staff; Royal Staff; Transformer Staff; Woodful Staff
weapon.warstaff,leaf,export,exact,12,12,0,0,0,0,Capacity Rod; Coiled Staff; Eventuality Rod; Ezomyte Staff; Foul Staff; Iron Staff; Judgement Staff; Maelström Staff; Military Staff; Potentiality Rod; Serpentine Staff; Vile Staff
weapon.warstaff,leaf,apt,exact,12,12,0,0,0,0,Capacity Rod; Coiled Staff; Eventuality Rod; Ezomyte Staff; Foul Staff; Iron Staff; Judgement Staff; Maelström Staff; Military Staff; Potentiality Rod; Serpentine Staff; Vile Staff
weapon.warstaff,leaf,pob,at weapon.staff (under a grouping),11,0,0,11,0,0,Capacity Rod; Coiled Staff; Eventuality Rod; Ezomyte Staff; Foul Staff; Iron Staff; Judgement Staff; Military Staff; Potentiality Rod; Serpentine Staff; Vile Staff
weapon.warstaff,leaf,site-coarse,at weapon (the parent's level),12,0,12,0,0,0,Capacity Rod; Coiled Staff; Eventuality Rod; Ezomyte Staff; Foul Staff; Iron Staff; Judgement Staff; Maelström Staff; Military Staff; Potentiality Rod; Serpentine Staff; Vile Staff
weapon.twoaxe,leaf,export,exact,25,25,0,0,0,0,Abyssal Axe; Apex Cleaver; Dagger Axe; Despot Axe; Double Axe; Ezomyte Axe; Fleshripper; Gilded Axe; Headsman Axe; Honed Cleaver; Jade Chopper; Jasper Chopper; Karui Chopper; Labrys; Noble Axe; Poleaxe; Prime Cleaver; Shadow Axe; Stone Axe; Sundering Axe; Talon Axe; Timber Axe; Vaal Axe; Void Axe; Woodsplitter
weapon.twoaxe,leaf,apt,exact,25,25,0,0,0,0,Abyssal Axe; Apex Cleaver; Dagger Axe; Despot Axe; Double Axe; Ezomyte Axe; Fleshripper; Gilded Axe; Headsman Axe; Honed Cleaver; Jade Chopper; Jasper Chopper; Karui Chopper; Labrys; Noble Axe; Poleaxe; Prime Cleaver; Shadow Axe; Stone Axe; Sundering Axe; Talon Axe; Timber Axe; Vaal Axe; Void Axe; Woodsplitter
weapon.twoaxe,leaf,pob,exact,25,25,0,0,0,0,Abyssal Axe; Apex Cleaver; Dagger Axe; Despot Axe; Double Axe; Ezomyte Axe; Fleshripper; Gilded Axe; Headsman Axe; Honed Cleaver; Jade Chopper; Jasper Chopper; Karui Chopper; Labrys; Noble Axe; Poleaxe; Prime Cleaver; Shadow Axe; Stone Axe; Sundering Axe; Talon Axe; Timber Axe; Vaal Axe; Void Axe; Woodsplitter
weapon.twoaxe,leaf,site-coarse,at weapon (the parent's level),25,0,25,0,0,0,Abyssal Axe; Apex Cleaver; Dagger Axe; Despot Axe; Double Axe; Ezomyte Axe; Fleshripper; Gilded Axe; Headsman Axe; Honed Cleaver; Jade Chopper; Jasper Chopper; Karui Chopper; Labrys; Noble Axe; Poleaxe; Prime Cleaver; Shadow Axe; Stone Axe; Sundering Axe; Talon Axe; Timber Axe; Vaal Axe; Void Axe; Woodsplitter
weapon.twomace,leaf,export,exact,25,25,0,0,0,0,Blunt Force Condenser; Brass Maul; Colossus Mallet; Coronal Maul; Crushing Force Magnifier; Dread Maul; Driftwood Maul; Fright Maul; Great Mallet; Impact Force Propagator; Imperial Maul; Jagged Maul; Karui Maul; Mallet; Meatgrinder; Morning Star; Piledriver; Plated Maul; Sledgehammer; Solar Maul; Spiny Maul; Steelhead; Terror Maul; Totemic Maul; Tribal Maul
weapon.twomace,leaf,apt,exact,25,25,0,0,0,0,Blunt Force Condenser; Brass Maul; Colossus Mallet; Coronal Maul; Crushing Force Magnifier; Dread Maul; Driftwood Maul; Fright Maul; Great Mallet; Impact Force Propagator; Imperial Maul; Jagged Maul; Karui Maul; Mallet; Meatgrinder; Morning Star; Piledriver; Plated Maul; Sledgehammer; Solar Maul; Spiny Maul; Steelhead; Terror Maul; Totemic Maul; Tribal Maul
weapon.twomace,leaf,pob,exact,25,25,0,0,0,0,Blunt Force Condenser; Brass Maul; Colossus Mallet; Coronal Maul; Crushing Force Magnifier; Dread Maul; Driftwood Maul; Fright Maul; Great Mallet; Impact Force Propagator; Imperial Maul; Jagged Maul; Karui Maul; Mallet; Meatgrinder; Morning Star; Piledriver; Plated Maul; Sledgehammer; Solar Maul; Spiny Maul; Steelhead; Terror Maul; Totemic Maul; Tribal Maul
weapon.twomace,leaf,site-coarse,at weapon (the parent's level),25,0,25,0,0,0,Blunt Force Condenser; Brass Maul; Colossus Mallet; Coronal Maul; Crushing Force Magnifier; Dread Maul; Driftwood Maul; Fright Maul; Great Mallet; Impact Force Propagator; Imperial Maul; Jagged Maul; Karui Maul; Mallet; Meatgrinder; Morning Star; Piledriver; Plated Maul; Sledgehammer; Solar Maul; Spiny Maul; Steelhead; Terror Maul; Totemic Maul; Tribal Maul
weapon.twosword,leaf,export,exact,27,27,0,0,0,0,Banishing Blade; Bastard Sword; Blasting Blade; Butcher Sword; Corroded Blade; Curved Blade; Energy Blade; Engraved Greatsword; Etched Greatsword; Exquisite Blade; Ezomyte Blade; Footman Sword; Headman's Sword; Highland Blade; Infernal Sword; Keyblade; Lion Sword; Lithe Blade; Longsword; Ornate Sword; Reaver Sword; Rebuking Blade; Spectral Sword; Tiger Sword; Two-Handed Sword; Vaal Greatsword; Wraith Sword
weapon.twosword,leaf,apt,exact,25,25,0,0,0,0,Banishing Blade; Bastard Sword; Blasting Blade; Butcher Sword; Corroded Blade; Curved Blade; Engraved Greatsword; Etched Greatsword; Exquisite Blade; Ezomyte Blade; Footman Sword; Headman's Sword; Highland Blade; Infernal Sword; Lion Sword; Lithe Blade; Longsword; Ornate Sword; Reaver Sword; Rebuking Blade; Spectral Sword; Tiger Sword; Two-Handed Sword; Vaal Greatsword; Wraith Sword
weapon.twosword,leaf,pob,exact,28,26,0,0,0,2,Banishing Blade; Bastard Sword; Blasting Blade; Butcher Sword; Corroded Blade; Curved Blade; Energy Blade Two Handed; Engraved Greatsword; Etched Greatsword; Exquisite Blade; Ezomyte Blade; Footman Sword; Headman's Sword; Highland Blade; Infernal Sword; Keyblade; Lion Sword; Lithe Blade; Longsword; Ornate Sword; Random Two Hand Sword; Reaver Sword; Rebuking Blade; Spectral Sword; Tiger Sword; Two-Handed Sword; Vaal Greatsword; Wraith Sword
weapon.twosword,leaf,site-coarse,at weapon (the parent's level),26,0,26,0,0,0,Banishing Blade; Bastard Sword; Blasting Blade; Butcher Sword; Corroded Blade; Curved Blade; Energy Blade; Engraved Greatsword; Etched Greatsword; Exquisite Blade; Ezomyte Blade; Footman Sword; Headman's Sword; Highland Blade; Infernal Sword; Lion Sword; Lithe Blade; Longsword; Ornate Sword; Reaver Sword; Rebuking Blade; Spectral Sword; Tiger Sword; Two-Handed Sword; Vaal Greatsword; Wraith Sword
weapon.wand,leaf,export,exact,28,28,0,0,0,0,Accumulator Wand; Assembler Wand; Blasting Wand; Calling Wand; Carved Wand; Coiled Wand; Congregator Wand; Convening Wand; Convoking Wand; Crystal Wand; Demon's Horn; Driftwood Wand; Engraved Wand; Faun's Horn; Goat's Horn; Heathen Wand; Imbued Wand; Kinetic Wand; Omen Wand; Opal Wand; Pagan Wand; Profane Wand; Prophecy Wand; Quartz Wand; Sage Wand; Somatic Wand; Spiraled Wand; Tornado Wand
weapon.wand,leaf,apt,exact,28,28,0,0,0,0,Accumulator Wand; Assembler Wand; Blasting Wand; Calling Wand; Carved Wand; Coiled Wand; Congregator Wand; Convening Wand; Convoking Wand; Crystal Wand; Demon's Horn; Driftwood Wand; Engraved Wand; Faun's Horn; Goat's Horn; Heathen Wand; Imbued Wand; Kinetic Wand; Omen Wand; Opal Wand; Pagan Wand; Profane Wand; Prophecy Wand; Quartz Wand; Sage Wand; Somatic Wand; Spiraled Wand; Tornado Wand
weapon.wand,leaf,pob,exact,28,28,0,0,0,0,Accumulator Wand; Assembler Wand; Blasting Wand; Calling Wand; Carved Wand; Coiled Wand; Congregator Wand; Convening Wand; Convoking Wand; Crystal Wand; Demon's Horn; Driftwood Wand; Engraved Wand; Faun's Horn; Goat's Horn; Heathen Wand; Imbued Wand; Kinetic Wand; Omen Wand; Opal Wand; Pagan Wand; Profane Wand; Prophecy Wand; Quartz Wand; Sage Wand; Somatic Wand; Spiraled Wand; Tornado Wand
weapon.wand,leaf,site-coarse,at weapon (the parent's level),28,0,28,0,0,0,Accumulator Wand; Assembler Wand; Blasting Wand; Calling Wand; Carved Wand; Coiled Wand; Congregator Wand; Convening Wand; Convoking Wand; Crystal Wand; Demon's Horn; Driftwood Wand; Engraved Wand; Faun's Horn; Goat's Horn; Heathen Wand; Imbued Wand; Kinetic Wand; Omen Wand; Opal Wand; Pagan Wand; Profane Wand; Prophecy Wand; Quartz Wand; Sage Wand; Somatic Wand; Spiraled Wand; Tornado Wand
weapon.rod,leaf,export,exact,1,1,0,0,0,0,Fishing Rod
weapon.rod,leaf,apt,exact,1,1,0,0,0,0,Fishing Rod
weapon.rod,leaf,pob,exact,1,1,0,0,0,0,Fishing Rod
weapon.rod,leaf,site-coarse,at weapon (the parent's level),1,0,1,0,0,0,Fishing Rod
armour,prefix parent,site-coarse,coarse id,496,0,496,0,0,0,Aetherwind Gloves; Alder Spiked Shield; Alloyed Spiked Shield; Ambush Boots; Ambush Mitts; Ancient Gauntlets; Ancient Greaves; Ancient Mask; Ancient Spirit Shield; Angelic Kite Shield; Antique Gauntlets; Antique Greaves; Apothecary's Gloves; Apprentice Gloves; Arcane Vestment; Arcanist Gloves; Arcanist Slippers; Archdemon Crown; Archon Kite Shield; Arena Plate; Artillery Quiver; Assassin's Boots; Assassin's Garb; Assassin's Mitts; Astral Leather; Astral Plate; Atonement Mask; Aventail Helmet; Barbute Helmet; Baroque Round Shield; Basemetal Treads; Battered Helm; Battle Buckler; Battle Lamellar; Battle Plate; Blazing Arrow Quiver; Blizzard Crown; Blood Raiment; Blunt Arrow Quiver; Bone Armour; Bone Circlet; Bone Helmet; Bone Spirit Shield; Branded Kite Shield; Brass Spirit Shield; Brimstone Treads; Broadhead Arrow Quiver; Bronze Gauntlets; Bronze Plate; Bronze Tower Shield; Bronzescale Boots; Bronzescale Gauntlets; Buckskin Tower Shield; Buckskin Tunic; Burnished Spiked Shield; Cabalist Regalia; Callous Mask; Cardinal Round Shield; Carnal Armour; Carnal Boots; Carnal Mitts; Cedar Tower Shield; Ceremonial Kite Shield; Chain Boots; Chain Gloves; Chain Hauberk; Chainmail Doublet; Chainmail Tunic; Chainmail Vest; Champion Kite Shield; Chestplate; Chimerascale Boots; Chimerascale Gauntlets; Chiming Spirit Shield; Clasped Boots; Clasped Mitts; Close Helmet; Cloudwhisper Boots; Cold-attuned Buckler; Colossal Tower Shield; Colosseum Plate; Commander's Brigandine; Compound Spiked Shield; Conductive Quiver; Cone Helmet; Conjurer Boots; Conjurer Gloves; Conjurer's Vestment; Conqueror's Helmet; Conquest Chainmail; Conquest Helmet; Conquest Lamellar; Copper Plate; Copper Tower Shield; Coronal Leather; Corroded Tower Shield; Corrugated Buckler; Crested Tower Shield; Crimson Raiment; Crimson Round Shield; Crusader Boots; Crusader Buckler; Crusader Chainmail; Crusader Gloves; Crusader Helmet; Crusader Plate; Crypt Armour; Cured Quiver; Cutthroat's Garb; Darksteel Treads; Deerskin Boots; Deerskin Gloves; Deicide Mask; Demon Crown; Desert Brigandine; Destiny Leather; Destroyer Regalia; Devout Chainmail; Dire Pelt; Divine Crown; Dragonscale Boots; Dragonscale Doublet; Dragonscale Gauntlets; Dreamquest Slippers; Driftwood Spiked Shield; Duskwalk Slippers; Ebony Tower Shield; Eelskin Boots; Eelskin Gloves; Eelskin Tunic; Elegant Ringmail; Elegant Round Shield; Embroidered Gloves; Enameled Buckler; Endothermic Buckler; Etched Kite Shield; Eternal Burgonet; Exhausting Spirit Shield; Exothermic Tower Shield; Exquisite Leather; Ezomyte Burgonet; Ezomyte Spiked Shield; Ezomyte Tower Shield; Faithful Helmet; Feathered Arrow Quiver; Fencer Helm; Festival Mask; Field Lamellar; Fingerless Silk Gloves; Fir Round Shield; Fire Arrow Quiver; Fishscale Gauntlets; Fluted Bascinet; Fossilised Spirit Shield; Frontier Leather; Fugitive Boots; Full Chainmail; Full Dragonscale; Full Leather; Full Plate; Full Ringmail; Full Scale Armour; Full Wyrmscale; Full Wyvernscale; Gale Crown; General's Brigandine; General's Helmet; Giantslayer Helmet; Gilded Buckler; Gilded Sallet; Girded Tower Shield; Gladiator Helmet; Gladiator Plate; Glorious Leather; Glorious Plate; Goathide Boots; Goathide Buckler; Goathide Gloves; Golden Bracers; Golden Buckler; Golden Caligae; Golden Flame; Golden Mantle; Golden Mask; Golden Plate; Golden Visage; Golden Wreath; Goliath Gauntlets; Goliath Greaves; Grand Ringmail; Grasping Mail; Great Crown; Great Helmet; Gripped Gloves; Grizzly Pelt; Guarding Gauntlets; Hammered Buckler; Harlequin Mask; Harmonic Spirit Shield; Harpyskin Boots; Harpyskin Gloves; Haunted Bascinet; Heat-attuned Tower Shield; Heavy Arrow Quiver; Heavy Quiver; Holy Chainmail; Hubris Circlet; Hunter Hood; Hussar Brigandine; Hydrascale Boots; Hydrascale Gauntlets; Imp Crown; Imperial Buckler; Infantry Brigandine; Infiltrator Boots; Infiltrator Mitts; Iron Circlet; Iron Gauntlets; Iron Greaves; Iron Hat; Iron Mask; Ironscale Boots; Ironscale Gauntlets; Ironwood Buckler; Ivory Spirit Shield; Jester Mask; Jingling Spirit Shield; Knight Helm; Lacewood Spirit Shield; Lacquered Buckler; Lacquered Garb; Lacquered Helmet; Laminated Kite Shield; Latticed Ringmail; Layered Kite Shield; Leather Cap; Leather Hood; Leatherscale Boots; Legion Boots; Legion Gloves; Legion Plate; Leviathan Gauntlets; Leviathan Greaves; Leyline Gloves; Lich's Circlet; Light Brigandine; Light Quiver; Linden Kite Shield; Lion Pelt; Lordly Plate; Loricated Ringmail; Lunaris Circlet; Mage's Vestment; Magistrate Crown; Magmatic Tower Shield; Mahogany Tower Shield; Majestic Pelt; Majestic Plate; Maple Round Shield; Marshall's Brigandine; Martyr Boots; Martyr Gloves; Mesh Boots; Mesh Gloves; Mind Cage; Mirrored Spiked Shield; Moonlit Circlet; Mosaic Kite Shield; Murder Boots; Murder Mitts; Necromancer Circlet; Necromancer Silks; Necrotic Armour; Nexus Gloves; Nightmare Bascinet; Nightweave Robe; Nightwind Slippers; Noble Tricorne; Nubuck Boots; Nubuck Gloves; Oak Buckler; Occultist's Vestment; Oiled Coat; Oiled Vest; Ornate Quiver; Ornate Ringmail; Ornate Spiked Shield; Padded Jacket; Padded Vest; Painted Buckler; Painted Tower Shield; Paladin Boots; Paladin Crown; Paladin Gloves; Paladin's Hauberk; Penetrating Arrow Quiver; Penitent Mask; Phantom Boots; Phantom Mitts; Pig-Faced Bascinet; Pine Buckler; Pinnacle Tower Shield; Plague Mask; Plank Kite Shield; Plate Vest; Plated Gauntlets; Plated Greaves; Polar Buckler; Polished Spiked Shield; Praetor Crown; Precursor Gauntlets; Precursor Greaves; Preserving Gauntlets; Primal Arrow Quiver; Prophet Crown; Quilted Jacket; Raven Mask; Rawhide Boots; Rawhide Gloves; Rawhide Tower Shield; Reaver Helmet; Redwood Spiked Shield; Regicide Mask; Reinforced Greaves; Reinforced Kite Shield; Reinforced Tower Shield; Ringmail Boots; Ringmail Coat; Ringmail Gloves; Riveted Boots; Riveted Gloves; Rotted Round Shield; Royal Burgonet; Royal Plate; Rugged Quiver; Runic Crest; Runic Crown; Runic Gages; Runic Gauntlets; Runic Gloves; Runic Greaves; Runic Helm; Runic Sabatons; Runic Sollerets; Rusted Coif; Sacred Chainmail; Sacrificial Garb; Sadist Garb; Sage Gloves; Sage Slippers; Sage's Robe; Saint's Hauberk; Saintly Chainmail; Sallet; Samite Gloves; Samite Slippers; Samnite Helmet; Sanguine Raiment; Satin Gloves; Satin Slippers; Savant's Robe; Scale Doublet; Scale Vest; Scare Mask; Scarlet Raiment; Scarlet Round Shield; Scholar Boots; Scholar's Robe; Secutor Helm; Sentinel Jacket; Serpentscale Boots; Serpentscale Gauntlets; Serrated Arrow Quiver; Shabby Jerkin; Shackled Boots; Shagreen Boots; Shagreen Gloves; Shagreen Tower Shield; Sharkskin Boots; Sharkskin Gloves; Sharkskin Tunic; Sharktooth Arrow Quiver; Siege Helmet; Silk Gloves; Silk Robe; Silk Slippers; Silken Garb; Silken Hood; Silken Vest; Silken Wrap; Simple Robe; Sinner Tricorne; Sleek Coat; Slink Boots; Slink Gloves; Solaris Circlet; Soldier Boots; Soldier Gloves; Soldier Helmet; Soldier's Brigandine; Sorcerer Boots; Sorcerer Gloves; Sorrow Mask; Sovereign Spiked Shield; Spidersilk Robe; Spike-Point Arrow Quiver; Spiked Bundle; Spiked Gloves; Spiked Round Shield; Spiny Round Shield; Splendid Round Shield; Splintered Tower Shield; Stealth Boots; Stealth Gloves; Steel Circlet; Steel Gauntlets; Steel Greaves; Steel Kite Shield; Steelscale Boots; Steelscale Gauntlets; Stormrider Boots; Strapped Boots; Strapped Leather; Strapped Mitts; Studded Round Shield; Subsuming Spirit Shield; Sun Leather; Sun Plate; Sunfire Circlet; Supreme Leather; Supreme Spiked Shield; Syndicate's Garb; Tarnished Spirit Shield; Teak Round Shield; Thief's Garb; Thorium Spirit Shield; Thwarting Gauntlets; Tinker Gloves; Titan Gauntlets; Titan Greaves; Titan Plate; Titanium Spirit Shield; Torture Cage; Torturer Garb; Torturer's Mask; Transfer-attuned Spirit Shield; Trapper Boots; Trapper Mitts; Trapsetter Gloves; Tribal Circlet; Tricorne; Triumphant Lamellar; Twig Spirit Shield; Twilight Regalia; Two-Point Arrow Quiver; Two-Toned Boots; Ursine Pelt; Vaal Buckler; Vaal Gauntlets; Vaal Greaves; Vaal Mask; Vaal Regalia; Vaal Spirit Shield; Varnished Coat; Velour Boots; Velour Gloves; Velvet Gloves; Velvet Slippers; Vile Arrow Quiver; Vine Circlet; Visored Sallet; Walnut Spirit Shield; War Buckler; War Plate; Warlock Boots; Warlock Gloves; Waxed Garb; Widowsilk Robe; Wild Leather; Windbreak Boots; Winter Crown; Wolf Pelt; Wool Gloves; Wool Shoes; Wrapped Boots; Wrapped Mitts; Wyrmscale Boots; Wyrmscale Doublet; Wyrmscale Gauntlets; Wyvernscale Boots; Wyvernscale Gauntlets; Yew Spirit Shield; Zealot Boots; Zealot Gloves; Zealot Helmet; Zodiac Leather
armour.chest,leaf,export,exact,124,124,0,0,0,0,Arcane Vestment; Arena Plate; Assassin's Garb; Astral Leather; Astral Plate; Battle Lamellar; Battle Plate; Blood Raiment; Bone Armour; Bronze Plate; Buckskin Tunic; Cabalist Regalia; Carnal Armour; Chain Hauberk; Chainmail Doublet; Chainmail Tunic; Chainmail Vest; Chestplate; Colosseum Plate; Commander's Brigandine; Conjurer's Vestment; Conquest Chainmail; Conquest Lamellar; Copper Plate; Coronal Leather; Crimson Raiment; Crusader Chainmail; Crusader Plate; Crypt Armour; Cutthroat's Garb; Desert Brigandine; Destiny Leather; Destroyer Regalia; Devout Chainmail; Dragonscale Doublet; Eelskin Tunic; Elegant Ringmail; Exquisite Leather; Field Lamellar; Frontier Leather; Full Chainmail; Full Dragonscale; Full Leather; Full Plate; Full Ringmail; Full Scale Armour; Full Wyrmscale; Full Wyvernscale; General's Brigandine; Gladiator Plate; Glorious Leather; Glorious Plate; Golden Mantle; Golden Plate; Grand Ringmail; Grasping Mail; Holy Chainmail; Hussar Brigandine; Infantry Brigandine; Kaom's Plate; Lacquered Garb; Latticed Ringmail; Legion Plate; Light Brigandine; Lordly Plate; Loricated Ringmail; Mage's Vestment; Majestic Plate; Marshall's Brigandine; Necromancer Silks; Necrotic Armour; Nightweave Robe; Occultist's Vestment; Oiled Coat; Oiled Vest; Ornate Ringmail; Padded Jacket; Padded Vest; Paladin's Hauberk; Plate Vest; Quilted Jacket; Ringmail Coat; Royal Plate; Sacred Chainmail; Sacrificial Garb; Sadist Garb; Sage's Robe; Saint's Hauberk; Saintly Chainmail; Sanguine Raiment; Savant's Robe; Scale Doublet; Scale Vest; Scarlet Raiment; Scholar's Robe; Sentinel Jacket; Shabby Jerkin; Sharkskin Tunic; Silk Robe; Silken Garb; Silken Vest; Silken Wrap; Simple Robe; Sleek Coat; Soldier's Brigandine; Spidersilk Robe; Strapped Leather; Sun Leather; Sun Plate; Supreme Leather; Syndicate's Garb; Thief's Garb; Titan Plate; Torturer Garb; Triumphant Lamellar; Twilight Regalia; Vaal Regalia; Varnished Coat; War Plate; Waxed Garb; Widowsilk Robe; Wild Leather; Wyrmscale Doublet; Zodiac Leather
armour.chest,leaf,apt,exact,123,123,0,0,0,0,Arcane Vestment; Arena Plate; Assassin's Garb; Astral Leather; Astral Plate; Battle Lamellar; Battle Plate; Blood Raiment; Bone Armour; Bronze Plate; Buckskin Tunic; Cabalist Regalia; Carnal Armour; Chain Hauberk; Chainmail Doublet; Chainmail Tunic; Chainmail Vest; Chestplate; Colosseum Plate; Commander's Brigandine; Conjurer's Vestment; Conquest Chainmail; Conquest Lamellar; Copper Plate; Coronal Leather; Crimson Raiment; Crusader Chainmail; Crusader Plate; Crypt Armour; Cutthroat's Garb; Desert Brigandine; Destiny Leather; Destroyer Regalia; Devout Chainmail; Dragonscale Doublet; Eelskin Tunic; Elegant Ringmail; Exquisite Leather; Field Lamellar; Frontier Leather; Full Chainmail; Full Dragonscale; Full Leather; Full Plate; Full Ringmail; Full Scale Armour; Full Wyrmscale; Full Wyvernscale; General's Brigandine; Gladiator Plate; Glorious Leather; Glorious Plate; Golden Mantle; Golden Plate; Grand Ringmail; Grasping Mail; Holy Chainmail; Hussar Brigandine; Infantry Brigandine; Lacquered Garb; Latticed Ringmail; Legion Plate; Light Brigandine; Lordly Plate; Loricated Ringmail; Mage's Vestment; Majestic Plate; Marshall's Brigandine; Necromancer Silks; Necrotic Armour; Nightweave Robe; Occultist's Vestment; Oiled Coat; Oiled Vest; Ornate Ringmail; Padded Jacket; Padded Vest; Paladin's Hauberk; Plate Vest; Quilted Jacket; Ringmail Coat; Royal Plate; Sacred Chainmail; Sacrificial Garb; Sadist Garb; Sage's Robe; Saint's Hauberk; Saintly Chainmail; Sanguine Raiment; Savant's Robe; Scale Doublet; Scale Vest; Scarlet Raiment; Scholar's Robe; Sentinel Jacket; Shabby Jerkin; Sharkskin Tunic; Silk Robe; Silken Garb; Silken Vest; Silken Wrap; Simple Robe; Sleek Coat; Soldier's Brigandine; Spidersilk Robe; Strapped Leather; Sun Leather; Sun Plate; Supreme Leather; Syndicate's Garb; Thief's Garb; Titan Plate; Torturer Garb; Triumphant Lamellar; Twilight Regalia; Vaal Regalia; Varnished Coat; War Plate; Waxed Garb; Widowsilk Robe; Wild Leather; Wyrmscale Doublet; Zodiac Leather
armour.chest,leaf,pob,exact,123,123,0,0,0,0,Arcane Vestment; Arena Plate; Assassin's Garb; Astral Leather; Astral Plate; Battle Lamellar; Battle Plate; Blood Raiment; Bone Armour; Bronze Plate; Buckskin Tunic; Cabalist Regalia; Carnal Armour; Chain Hauberk; Chainmail Doublet; Chainmail Tunic; Chainmail Vest; Chestplate; Colosseum Plate; Commander's Brigandine; Conjurer's Vestment; Conquest Chainmail; Conquest Lamellar; Copper Plate; Coronal Leather; Crimson Raiment; Crusader Chainmail; Crusader Plate; Crypt Armour; Cutthroat's Garb; Desert Brigandine; Destiny Leather; Destroyer Regalia; Devout Chainmail; Dragonscale Doublet; Eelskin Tunic; Elegant Ringmail; Exquisite Leather; Field Lamellar; Frontier Leather; Full Chainmail; Full Dragonscale; Full Leather; Full Plate; Full Ringmail; Full Scale Armour; Full Wyrmscale; Full Wyvernscale; General's Brigandine; Gladiator Plate; Glorious Leather; Glorious Plate; Golden Mantle; Golden Plate; Grand Ringmail; Grasping Mail; Holy Chainmail; Hussar Brigandine; Infantry Brigandine; Lacquered Garb; Latticed Ringmail; Legion Plate; Light Brigandine; Lordly Plate; Loricated Ringmail; Mage's Vestment; Majestic Plate; Marshall's Brigandine; Necromancer Silks; Necrotic Armour; Nightweave Robe; Occultist's Vestment; Oiled Coat; Oiled Vest; Ornate Ringmail; Padded Jacket; Padded Vest; Paladin's Hauberk; Plate Vest; Quilted Jacket; Ringmail Coat; Royal Plate; Sacred Chainmail; Sacrificial Garb; Sadist Garb; Sage's Robe; Saint's Hauberk; Saintly Chainmail; Sanguine Raiment; Savant's Robe; Scale Doublet; Scale Vest; Scarlet Raiment; Scholar's Robe; Sentinel Jacket; Shabby Jerkin; Sharkskin Tunic; Silk Robe; Silken Garb; Silken Vest; Silken Wrap; Simple Robe; Sleek Coat; Soldier's Brigandine; Spidersilk Robe; Strapped Leather; Sun Leather; Sun Plate; Supreme Leather; Syndicate's Garb; Thief's Garb; Titan Plate; Torturer Garb; Triumphant Lamellar; Twilight Regalia; Vaal Regalia; Varnished Coat; War Plate; Waxed Garb; Widowsilk Robe; Wild Leather; Wyrmscale Doublet; Zodiac Leather
armour.chest,leaf,site-fetch,exact,13,13,0,0,0,0,Assassin's Garb; Bronze Plate; Crusader Plate; Crypt Armour; Cutthroat's Garb; Gladiator Plate; Glorious Plate; Majestic Plate; Royal Plate; Savant's Robe; Spidersilk Robe; Titan Plate; Triumphant Lamellar
armour.chest,leaf,site-coarse,at armour (the parent's level),123,0,123,0,0,0,Arcane Vestment; Arena Plate; Assassin's Garb; Astral Leather; Astral Plate; Battle Lamellar; Battle Plate; Blood Raiment; Bone Armour; Bronze Plate; Buckskin Tunic; Cabalist Regalia; Carnal Armour; Chain Hauberk; Chainmail Doublet; Chainmail Tunic; Chainmail Vest; Chestplate; Colosseum Plate; Commander's Brigandine; Conjurer's Vestment; Conquest Chainmail; Conquest Lamellar; Copper Plate; Coronal Leather; Crimson Raiment; Crusader Chainmail; Crusader Plate; Crypt Armour; Cutthroat's Garb; Desert Brigandine; Destiny Leather; Destroyer Regalia; Devout Chainmail; Dragonscale Doublet; Eelskin Tunic; Elegant Ringmail; Exquisite Leather; Field Lamellar; Frontier Leather; Full Chainmail; Full Dragonscale; Full Leather; Full Plate; Full Ringmail; Full Scale Armour; Full Wyrmscale; Full Wyvernscale; General's Brigandine; Gladiator Plate; Glorious Leather; Glorious Plate; Golden Mantle; Golden Plate; Grand Ringmail; Grasping Mail; Holy Chainmail; Hussar Brigandine; Infantry Brigandine; Lacquered Garb; Latticed Ringmail; Legion Plate; Light Brigandine; Lordly Plate; Loricated Ringmail; Mage's Vestment; Majestic Plate; Marshall's Brigandine; Necromancer Silks; Necrotic Armour; Nightweave Robe; Occultist's Vestment; Oiled Coat; Oiled Vest; Ornate Ringmail; Padded Jacket; Padded Vest; Paladin's Hauberk; Plate Vest; Quilted Jacket; Ringmail Coat; Royal Plate; Sacred Chainmail; Sacrificial Garb; Sadist Garb; Sage's Robe; Saint's Hauberk; Saintly Chainmail; Sanguine Raiment; Savant's Robe; Scale Doublet; Scale Vest; Scarlet Raiment; Scholar's Robe; Sentinel Jacket; Shabby Jerkin; Sharkskin Tunic; Silk Robe; Silken Garb; Silken Vest; Silken Wrap; Simple Robe; Sleek Coat; Soldier's Brigandine; Spidersilk Robe; Strapped Leather; Sun Leather; Sun Plate; Supreme Leather; Syndicate's Garb; Thief's Garb; Titan Plate; Torturer Garb; Triumphant Lamellar; Twilight Regalia; Vaal Regalia; Varnished Coat; War Plate; Waxed Garb; Widowsilk Robe; Wild Leather; Wyrmscale Doublet; Zodiac Leather
armour.boots,leaf,export,exact,81,81,0,0,0,0,Ambush Boots; Ancient Greaves; Antique Greaves; Arcanist Slippers; Assassin's Boots; Avian Slippers; Basemetal Treads; Brimstone Treads; Bronzescale Boots; Carnal Boots; Chain Boots; Chimerascale Boots; Clasped Boots; Cloudwhisper Boots; Conjurer Boots; Crusader Boots; Darksteel Treads; Deerskin Boots; Dragonscale Boots; Dreamquest Slippers; Duskwalk Slippers; Eelskin Boots; Fugitive Boots; Goathide Boots; Golden Caligae; Goliath Greaves; Harpyskin Boots; Hydrascale Boots; Infiltrator Boots; Iron Greaves; Ironscale Boots; Kaom's Greaves; Leatherscale Boots; Legion Boots; Leviathan Greaves; Martyr Boots; Mesh Boots; Murder Boots; Nightwind Slippers; Nubuck Boots; Paladin Boots; Phantom Boots; Plated Greaves; Precursor Greaves; Rawhide Boots; Reinforced Greaves; Ringmail Boots; Riveted Boots; Runic Greaves; Runic Sabatons; Runic Sollerets; Sage Slippers; Samite Slippers; Satin Slippers; Scholar Boots; Serpentscale Boots; Shackled Boots; Shagreen Boots; Sharkskin Boots; Silk Slippers; Slink Boots; Soldier Boots; Sorcerer Boots; Stealth Boots; Steel Greaves; Steelscale Boots; Stormrider Boots; Strapped Boots; Titan Greaves; Trapper Boots; Two-Toned Boots; Vaal Greaves; Velour Boots; Velvet Slippers; Warlock Boots; Windbreak Boots; Wool Shoes; Wrapped Boots; Wyrmscale Boots; Wyvernscale Boots; Zealot Boots
armour.boots,leaf,apt,exact,79,79,0,0,0,0,Ambush Boots; Ancient Greaves; Antique Greaves; Arcanist Slippers; Assassin's Boots; Basemetal Treads; Brimstone Treads; Bronzescale Boots; Carnal Boots; Chain Boots; Chimerascale Boots; Clasped Boots; Cloudwhisper Boots; Conjurer Boots; Crusader Boots; Darksteel Treads; Deerskin Boots; Dragonscale Boots; Dreamquest Slippers; Duskwalk Slippers; Eelskin Boots; Fugitive Boots; Goathide Boots; Golden Caligae; Goliath Greaves; Harpyskin Boots; Hydrascale Boots; Infiltrator Boots; Iron Greaves; Ironscale Boots; Leatherscale Boots; Legion Boots; Leviathan Greaves; Martyr Boots; Mesh Boots; Murder Boots; Nightwind Slippers; Nubuck Boots; Paladin Boots; Phantom Boots; Plated Greaves; Precursor Greaves; Rawhide Boots; Reinforced Greaves; Ringmail Boots; Riveted Boots; Runic Greaves; Runic Sabatons; Runic Sollerets; Sage Slippers; Samite Slippers; Satin Slippers; Scholar Boots; Serpentscale Boots; Shackled Boots; Shagreen Boots; Sharkskin Boots; Silk Slippers; Slink Boots; Soldier Boots; Sorcerer Boots; Stealth Boots; Steel Greaves; Steelscale Boots; Stormrider Boots; Strapped Boots; Titan Greaves; Trapper Boots; Two-Toned Boots; Vaal Greaves; Velour Boots; Velvet Slippers; Warlock Boots; Windbreak Boots; Wool Shoes; Wrapped Boots; Wyrmscale Boots; Wyvernscale Boots; Zealot Boots
armour.boots,leaf,pob,exact,81,78,0,0,0,3,Ambush Boots; Ancient Greaves; Antique Greaves; Arcanist Slippers; Assassin's Boots; Basemetal Treads; Brimstone Treads; Bronzescale Boots; Carnal Boots; Chain Boots; Chimerascale Boots; Clasped Boots; Cloudwhisper Boots; Conjurer Boots; Crusader Boots; Darksteel Treads; Deerskin Boots; Dragonscale Boots; Dreamquest Slippers; Duskwalk Slippers; Eelskin Boots; Fugitive Boots; Goathide Boots; Golden Caligae; Goliath Greaves; Harpyskin Boots; Hydrascale Boots; Infiltrator Boots; Iron Greaves; Ironscale Boots; Leatherscale Boots; Legion Boots; Leviathan Greaves; Martyr Boots; Mesh Boots; Murder Boots; Nightwind Slippers; Nubuck Boots; Paladin Boots; Phantom Boots; Plated Greaves; Precursor Greaves; Rawhide Boots; Reinforced Greaves; Ringmail Boots; Riveted Boots; Runic Greaves; Runic Sabatons; Runic Sollerets; Sage Slippers; Samite Slippers; Satin Slippers; Scholar Boots; Serpentscale Boots; Shackled Boots; Shagreen Boots; Sharkskin Boots; Silk Slippers; Slink Boots; Soldier Boots; Sorcerer Boots; Stealth Boots; Steel Greaves; Steelscale Boots; Stormrider Boots; Strapped Boots; Titan Greaves; Trapper Boots; Two-Toned Boots (Armour/Energy Shield); Two-Toned Boots (Armour/Evasion); Two-Toned Boots (Evasion/Energy Shield); Vaal Greaves; Velour Boots; Velvet Slippers; Warlock Boots; Windbreak Boots; Wool Shoes; Wrapped Boots; Wyrmscale Boots; Wyvernscale Boots; Zealot Boots
armour.boots,leaf,site-fetch,exact,8,8,0,0,0,0,Antique Greaves; Carnal Boots; Dragonscale Boots; Samite Slippers; Shagreen Boots; Soldier Boots; Sorcerer Boots; Two-Toned Boots
armour.boots,leaf,site-coarse,at armour (the parent's level),79,0,79,0,0,0,Ambush Boots; Ancient Greaves; Antique Greaves; Arcanist Slippers; Assassin's Boots; Basemetal Treads; Brimstone Treads; Bronzescale Boots; Carnal Boots; Chain Boots; Chimerascale Boots; Clasped Boots; Cloudwhisper Boots; Conjurer Boots; Crusader Boots; Darksteel Treads; Deerskin Boots; Dragonscale Boots; Dreamquest Slippers; Duskwalk Slippers; Eelskin Boots; Fugitive Boots; Goathide Boots; Golden Caligae; Goliath Greaves; Harpyskin Boots; Hydrascale Boots; Infiltrator Boots; Iron Greaves; Ironscale Boots; Leatherscale Boots; Legion Boots; Leviathan Greaves; Martyr Boots; Mesh Boots; Murder Boots; Nightwind Slippers; Nubuck Boots; Paladin Boots; Phantom Boots; Plated Greaves; Precursor Greaves; Rawhide Boots; Reinforced Greaves; Ringmail Boots; Riveted Boots; Runic Greaves; Runic Sabatons; Runic Sollerets; Sage Slippers; Samite Slippers; Satin Slippers; Scholar Boots; Serpentscale Boots; Shackled Boots; Shagreen Boots; Sharkskin Boots; Silk Slippers; Slink Boots; Soldier Boots; Sorcerer Boots; Stealth Boots; Steel Greaves; Steelscale Boots; Stormrider Boots; Strapped Boots; Titan Greaves; Trapper Boots; Two-Toned Boots; Vaal Greaves; Velour Boots; Velvet Slippers; Warlock Boots; Windbreak Boots; Wool Shoes; Wrapped Boots; Wyrmscale Boots; Wyvernscale Boots; Zealot Boots
armour.gloves,leaf,export,exact,80,80,0,0,0,0,Aetherwind Gloves; Ambush Mitts; Ancient Gauntlets; Antique Gauntlets; Apothecary's Gloves; Apprentice Gloves; Arcanist Gloves; Assassin's Mitts; Bronze Gauntlets; Bronzescale Gauntlets; Carnal Mitts; Chain Gloves; Chimerascale Gauntlets; Clasped Mitts; Conjurer Gloves; Crusader Gloves; Deerskin Gloves; Dragonscale Gauntlets; Eelskin Gloves; Embroidered Gloves; Fingerless Silk Gloves; Fishscale Gauntlets; Goathide Gloves; Golden Bracers; Goliath Gauntlets; Gripped Gloves; Guarding Gauntlets; Harpyskin Gloves; Hydrascale Gauntlets; Infiltrator Mitts; Iron Gauntlets; Ironscale Gauntlets; Legion Gloves; Leviathan Gauntlets; Leyline Gloves; Martyr Gloves; Mesh Gloves; Murder Mitts; Nexus Gloves; Nubuck Gloves; Paladin Gloves; Phantom Mitts; Plated Gauntlets; Precursor Gauntlets; Preserving Gauntlets; Rawhide Gloves; Ringmail Gloves; Riveted Gloves; Runic Gages; Runic Gauntlets; Runic Gloves; Sage Gloves; Samite Gloves; Satin Gloves; Serpentscale Gauntlets; Shagreen Gloves; Sharkskin Gloves; Silk Gloves; Slink Gloves; Soldier Gloves; Sorcerer Gloves; Spiked Gloves; Stealth Gloves; Steel Gauntlets; Steelscale Gauntlets; Strapped Mitts; Thwarting Gauntlets; Tinker Gloves; Titan Gauntlets; Trapper Mitts; Trapsetter Gloves; Vaal Gauntlets; Velour Gloves; Velvet Gloves; Warlock Gloves; Wool Gloves; Wrapped Mitts; Wyrmscale Gauntlets; Wyvernscale Gauntlets; Zealot Gloves
armour.gloves,leaf,apt,exact,80,80,0,0,0,0,Aetherwind Gloves; Ambush Mitts; Ancient Gauntlets; Antique Gauntlets; Apothecary's Gloves; Apprentice Gloves; Arcanist Gloves; Assassin's Mitts; Bronze Gauntlets; Bronzescale Gauntlets; Carnal Mitts; Chain Gloves; Chimerascale Gauntlets; Clasped Mitts; Conjurer Gloves; Crusader Gloves; Deerskin Gloves; Dragonscale Gauntlets; Eelskin Gloves; Embroidered Gloves; Fingerless Silk Gloves; Fishscale Gauntlets; Goathide Gloves; Golden Bracers; Goliath Gauntlets; Gripped Gloves; Guarding Gauntlets; Harpyskin Gloves; Hydrascale Gauntlets; Infiltrator Mitts; Iron Gauntlets; Ironscale Gauntlets; Legion Gloves; Leviathan Gauntlets; Leyline Gloves; Martyr Gloves; Mesh Gloves; Murder Mitts; Nexus Gloves; Nubuck Gloves; Paladin Gloves; Phantom Mitts; Plated Gauntlets; Precursor Gauntlets; Preserving Gauntlets; Rawhide Gloves; Ringmail Gloves; Riveted Gloves; Runic Gages; Runic Gauntlets; Runic Gloves; Sage Gloves; Samite Gloves; Satin Gloves; Serpentscale Gauntlets; Shagreen Gloves; Sharkskin Gloves; Silk Gloves; Slink Gloves; Soldier Gloves; Sorcerer Gloves; Spiked Gloves; Stealth Gloves; Steel Gauntlets; Steelscale Gauntlets; Strapped Mitts; Thwarting Gauntlets; Tinker Gloves; Titan Gauntlets; Trapper Mitts; Trapsetter Gloves; Vaal Gauntlets; Velour Gloves; Velvet Gloves; Warlock Gloves; Wool Gloves; Wrapped Mitts; Wyrmscale Gauntlets; Wyvernscale Gauntlets; Zealot Gloves
armour.gloves,leaf,pob,exact,80,80,0,0,0,0,Aetherwind Gloves; Ambush Mitts; Ancient Gauntlets; Antique Gauntlets; Apothecary's Gloves; Apprentice Gloves; Arcanist Gloves; Assassin's Mitts; Bronze Gauntlets; Bronzescale Gauntlets; Carnal Mitts; Chain Gloves; Chimerascale Gauntlets; Clasped Mitts; Conjurer Gloves; Crusader Gloves; Deerskin Gloves; Dragonscale Gauntlets; Eelskin Gloves; Embroidered Gloves; Fingerless Silk Gloves; Fishscale Gauntlets; Goathide Gloves; Golden Bracers; Goliath Gauntlets; Gripped Gloves; Guarding Gauntlets; Harpyskin Gloves; Hydrascale Gauntlets; Infiltrator Mitts; Iron Gauntlets; Ironscale Gauntlets; Legion Gloves; Leviathan Gauntlets; Leyline Gloves; Martyr Gloves; Mesh Gloves; Murder Mitts; Nexus Gloves; Nubuck Gloves; Paladin Gloves; Phantom Mitts; Plated Gauntlets; Precursor Gauntlets; Preserving Gauntlets; Rawhide Gloves; Ringmail Gloves; Riveted Gloves; Runic Gages; Runic Gauntlets; Runic Gloves; Sage Gloves; Samite Gloves; Satin Gloves; Serpentscale Gauntlets; Shagreen Gloves; Sharkskin Gloves; Silk Gloves; Slink Gloves; Soldier Gloves; Sorcerer Gloves; Spiked Gloves; Stealth Gloves; Steel Gauntlets; Steelscale Gauntlets; Strapped Mitts; Thwarting Gauntlets; Tinker Gloves; Titan Gauntlets; Trapper Mitts; Trapsetter Gloves; Vaal Gauntlets; Velour Gloves; Velvet Gloves; Warlock Gloves; Wool Gloves; Wrapped Mitts; Wyrmscale Gauntlets; Wyvernscale Gauntlets; Zealot Gloves
armour.gloves,leaf,site-coarse,at armour (the parent's level),80,0,80,0,0,0,Aetherwind Gloves; Ambush Mitts; Ancient Gauntlets; Antique Gauntlets; Apothecary's Gloves; Apprentice Gloves; Arcanist Gloves; Assassin's Mitts; Bronze Gauntlets; Bronzescale Gauntlets; Carnal Mitts; Chain Gloves; Chimerascale Gauntlets; Clasped Mitts; Conjurer Gloves; Crusader Gloves; Deerskin Gloves; Dragonscale Gauntlets; Eelskin Gloves; Embroidered Gloves; Fingerless Silk Gloves; Fishscale Gauntlets; Goathide Gloves; Golden Bracers; Goliath Gauntlets; Gripped Gloves; Guarding Gauntlets; Harpyskin Gloves; Hydrascale Gauntlets; Infiltrator Mitts; Iron Gauntlets; Ironscale Gauntlets; Legion Gloves; Leviathan Gauntlets; Leyline Gloves; Martyr Gloves; Mesh Gloves; Murder Mitts; Nexus Gloves; Nubuck Gloves; Paladin Gloves; Phantom Mitts; Plated Gauntlets; Precursor Gauntlets; Preserving Gauntlets; Rawhide Gloves; Ringmail Gloves; Riveted Gloves; Runic Gages; Runic Gauntlets; Runic Gloves; Sage Gloves; Samite Gloves; Satin Gloves; Serpentscale Gauntlets; Shagreen Gloves; Sharkskin Gloves; Silk Gloves; Slink Gloves; Soldier Gloves; Sorcerer Gloves; Spiked Gloves; Stealth Gloves; Steel Gauntlets; Steelscale Gauntlets; Strapped Mitts; Thwarting Gauntlets; Tinker Gloves; Titan Gauntlets; Trapper Mitts; Trapsetter Gloves; Vaal Gauntlets; Velour Gloves; Velvet Gloves; Warlock Gloves; Wool Gloves; Wrapped Mitts; Wyrmscale Gauntlets; Wyvernscale Gauntlets; Zealot Gloves
armour.helmet,leaf,export,exact,96,96,0,0,0,0,Ancient Mask; Archdemon Crown; Atonement Mask; Aventail Helmet; Barbute Helmet; Battered Helm; Blizzard Crown; Bone Circlet; Bone Helmet; Callous Mask; Close Helmet; Cone Helmet; Conqueror's Helmet; Conquest Helmet; Crusader Helmet; Deicide Mask; Demon Crown; Dire Pelt; Divine Crown; Eternal Burgonet; Ezomyte Burgonet; Faithful Helmet; Fencer Helm; Festival Mask; Fluted Bascinet; Gale Crown; General's Helmet; Giantslayer Helmet; Gilded Sallet; Gladiator Helmet; Golden Mask; Golden Visage; Golden Wreath; Great Crown; Great Helmet; Grizzly Pelt; Harlequin Mask; Haunted Bascinet; Hubris Circlet; Hunter Hood; Imp Crown; Iron Circlet; Iron Hat; Iron Mask; Jester Mask; Knight Helm; Lacquered Helmet; Leather Cap; Leather Hood; Lich's Circlet; Lion Pelt; Lunaris Circlet; Magistrate Crown; Majestic Pelt; Mind Cage; Moonlit Circlet; Necromancer Circlet; Nightmare Bascinet; Noble Tricorne; Paladin Crown; Penitent Mask; Pig-Faced Bascinet; Plague Mask; Praetor Crown; Prophet Crown; Raven Mask; Reaver Helmet; Regicide Mask; Royal Burgonet; Runic Crest; Runic Crown; Runic Helm; Rusted Coif; Sallet; Samnite Helmet; Scare Mask; Secutor Helm; Siege Helmet; Silken Hood; Sinner Tricorne; Solaris Circlet; Soldier Helmet; Sorrow Mask; Steel Circlet; Sunfire Circlet; Torture Cage; Torturer's Mask; Tribal Circlet; Tricorne; Ursine Pelt; Vaal Mask; Vine Circlet; Visored Sallet; Winter Crown; Wolf Pelt; Zealot Helmet
armour.helmet,leaf,apt,exact,96,96,0,0,0,0,Ancient Mask; Archdemon Crown; Atonement Mask; Aventail Helmet; Barbute Helmet; Battered Helm; Blizzard Crown; Bone Circlet; Bone Helmet; Callous Mask; Close Helmet; Cone Helmet; Conqueror's Helmet; Conquest Helmet; Crusader Helmet; Deicide Mask; Demon Crown; Dire Pelt; Divine Crown; Eternal Burgonet; Ezomyte Burgonet; Faithful Helmet; Fencer Helm; Festival Mask; Fluted Bascinet; Gale Crown; General's Helmet; Giantslayer Helmet; Gilded Sallet; Gladiator Helmet; Golden Mask; Golden Visage; Golden Wreath; Great Crown; Great Helmet; Grizzly Pelt; Harlequin Mask; Haunted Bascinet; Hubris Circlet; Hunter Hood; Imp Crown; Iron Circlet; Iron Hat; Iron Mask; Jester Mask; Knight Helm; Lacquered Helmet; Leather Cap; Leather Hood; Lich's Circlet; Lion Pelt; Lunaris Circlet; Magistrate Crown; Majestic Pelt; Mind Cage; Moonlit Circlet; Necromancer Circlet; Nightmare Bascinet; Noble Tricorne; Paladin Crown; Penitent Mask; Pig-Faced Bascinet; Plague Mask; Praetor Crown; Prophet Crown; Raven Mask; Reaver Helmet; Regicide Mask; Royal Burgonet; Runic Crest; Runic Crown; Runic Helm; Rusted Coif; Sallet; Samnite Helmet; Scare Mask; Secutor Helm; Siege Helmet; Silken Hood; Sinner Tricorne; Solaris Circlet; Soldier Helmet; Sorrow Mask; Steel Circlet; Sunfire Circlet; Torture Cage; Torturer's Mask; Tribal Circlet; Tricorne; Ursine Pelt; Vaal Mask; Vine Circlet; Visored Sallet; Winter Crown; Wolf Pelt; Zealot Helmet
armour.helmet,leaf,pob,exact,95,95,0,0,0,0,Ancient Mask; Archdemon Crown; Atonement Mask; Aventail Helmet; Barbute Helmet; Battered Helm; Blizzard Crown; Bone Circlet; Bone Helmet; Callous Mask; Close Helmet; Cone Helmet; Conqueror's Helmet; Conquest Helmet; Crusader Helmet; Deicide Mask; Demon Crown; Dire Pelt; Divine Crown; Eternal Burgonet; Ezomyte Burgonet; Faithful Helmet; Fencer Helm; Festival Mask; Fluted Bascinet; Gale Crown; General's Helmet; Giantslayer Helmet; Gilded Sallet; Gladiator Helmet; Golden Mask; Golden Wreath; Great Crown; Great Helmet; Grizzly Pelt; Harlequin Mask; Haunted Bascinet; Hubris Circlet; Hunter Hood; Imp Crown; Iron Circlet; Iron Hat; Iron Mask; Jester Mask; Knight Helm; Lacquered Helmet; Leather Cap; Leather Hood; Lich's Circlet; Lion Pelt; Lunaris Circlet; Magistrate Crown; Majestic Pelt; Mind Cage; Moonlit Circlet; Necromancer Circlet; Nightmare Bascinet; Noble Tricorne; Paladin Crown; Penitent Mask; Pig-Faced Bascinet; Plague Mask; Praetor Crown; Prophet Crown; Raven Mask; Reaver Helmet; Regicide Mask; Royal Burgonet; Runic Crest; Runic Crown; Runic Helm; Rusted Coif; Sallet; Samnite Helmet; Scare Mask; Secutor Helm; Siege Helmet; Silken Hood; Sinner Tricorne; Solaris Circlet; Soldier Helmet; Sorrow Mask; Steel Circlet; Sunfire Circlet; Torture Cage; Torturer's Mask; Tribal Circlet; Tricorne; Ursine Pelt; Vaal Mask; Vine Circlet; Visored Sallet; Winter Crown; Wolf Pelt; Zealot Helmet
armour.helmet,leaf,site-coarse,at armour (the parent's level),96,0,96,0,0,0,Ancient Mask; Archdemon Crown; Atonement Mask; Aventail Helmet; Barbute Helmet; Battered Helm; Blizzard Crown; Bone Circlet; Bone Helmet; Callous Mask; Close Helmet; Cone Helmet; Conqueror's Helmet; Conquest Helmet; Crusader Helmet; Deicide Mask; Demon Crown; Dire Pelt; Divine Crown; Eternal Burgonet; Ezomyte Burgonet; Faithful Helmet; Fencer Helm; Festival Mask; Fluted Bascinet; Gale Crown; General's Helmet; Giantslayer Helmet; Gilded Sallet; Gladiator Helmet; Golden Mask; Golden Visage; Golden Wreath; Great Crown; Great Helmet; Grizzly Pelt; Harlequin Mask; Haunted Bascinet; Hubris Circlet; Hunter Hood; Imp Crown; Iron Circlet; Iron Hat; Iron Mask; Jester Mask; Knight Helm; Lacquered Helmet; Leather Cap; Leather Hood; Lich's Circlet; Lion Pelt; Lunaris Circlet; Magistrate Crown; Majestic Pelt; Mind Cage; Moonlit Circlet; Necromancer Circlet; Nightmare Bascinet; Noble Tricorne; Paladin Crown; Penitent Mask; Pig-Faced Bascinet; Plague Mask; Praetor Crown; Prophet Crown; Raven Mask; Reaver Helmet; Regicide Mask; Royal Burgonet; Runic Crest; Runic Crown; Runic Helm; Rusted Coif; Sallet; Samnite Helmet; Scare Mask; Secutor Helm; Siege Helmet; Silken Hood; Sinner Tricorne; Solaris Circlet; Soldier Helmet; Sorrow Mask; Steel Circlet; Sunfire Circlet; Torture Cage; Torturer's Mask; Tribal Circlet; Tricorne; Ursine Pelt; Vaal Mask; Vine Circlet; Visored Sallet; Winter Crown; Wolf Pelt; Zealot Helmet
armour.shield,leaf,export,exact,98,98,0,0,0,0,Alder Spiked Shield; Alloyed Spiked Shield; Ancient Spirit Shield; Angelic Kite Shield; Archon Kite Shield; Baroque Round Shield; Battle Buckler; Bone Spirit Shield; Branded Kite Shield; Brass Spirit Shield; Bronze Tower Shield; Buckskin Tower Shield; Burnished Spiked Shield; Cardinal Round Shield; Cedar Tower Shield; Ceremonial Kite Shield; Champion Kite Shield; Chiming Spirit Shield; Cold-attuned Buckler; Colossal Tower Shield; Compound Spiked Shield; Copper Tower Shield; Corroded Tower Shield; Corrugated Buckler; Crested Tower Shield; Crimson Round Shield; Crusader Buckler; Driftwood Spiked Shield; Ebony Tower Shield; Elegant Round Shield; Enameled Buckler; Endothermic Buckler; Etched Kite Shield; Exhausting Spirit Shield; Exothermic Tower Shield; Ezomyte Spiked Shield; Ezomyte Tower Shield; Fir Round Shield; Fossilised Spirit Shield; Gilded Buckler; Girded Tower Shield; Goathide Buckler; Golden Buckler; Golden Flame; Hammered Buckler; Harmonic Spirit Shield; Heat-attuned Tower Shield; Imperial Buckler; Ironwood Buckler; Ivory Spirit Shield; Jingling Spirit Shield; Lacewood Spirit Shield; Lacquered Buckler; Laminated Kite Shield; Layered Kite Shield; Linden Kite Shield; Magmatic Tower Shield; Mahogany Tower Shield; Maple Round Shield; Mirrored Spiked Shield; Mosaic Kite Shield; Oak Buckler; Ornate Spiked Shield; Painted Buckler; Painted Tower Shield; Pine Buckler; Pinnacle Tower Shield; Plank Kite Shield; Polar Buckler; Polished Spiked Shield; Rawhide Tower Shield; Redwood Spiked Shield; Reinforced Kite Shield; Reinforced Tower Shield; Rotted Round Shield; Scarlet Round Shield; Shagreen Tower Shield; Sovereign Spiked Shield; Spiked Bundle; Spiked Round Shield; Spiny Round Shield; Splendid Round Shield; Splintered Tower Shield; Steel Kite Shield; Studded Round Shield; Subsuming Spirit Shield; Supreme Spiked Shield; Tarnished Spirit Shield; Teak Round Shield; Thorium Spirit Shield; Titanium Spirit Shield; Transfer-attuned Spirit Shield; Twig Spirit Shield; Vaal Buckler; Vaal Spirit Shield; Walnut Spirit Shield; War Buckler; Yew Spirit Shield
armour.shield,leaf,apt,exact,98,98,0,0,0,0,Alder Spiked Shield; Alloyed Spiked Shield; Ancient Spirit Shield; Angelic Kite Shield; Archon Kite Shield; Baroque Round Shield; Battle Buckler; Bone Spirit Shield; Branded Kite Shield; Brass Spirit Shield; Bronze Tower Shield; Buckskin Tower Shield; Burnished Spiked Shield; Cardinal Round Shield; Cedar Tower Shield; Ceremonial Kite Shield; Champion Kite Shield; Chiming Spirit Shield; Cold-attuned Buckler; Colossal Tower Shield; Compound Spiked Shield; Copper Tower Shield; Corroded Tower Shield; Corrugated Buckler; Crested Tower Shield; Crimson Round Shield; Crusader Buckler; Driftwood Spiked Shield; Ebony Tower Shield; Elegant Round Shield; Enameled Buckler; Endothermic Buckler; Etched Kite Shield; Exhausting Spirit Shield; Exothermic Tower Shield; Ezomyte Spiked Shield; Ezomyte Tower Shield; Fir Round Shield; Fossilised Spirit Shield; Gilded Buckler; Girded Tower Shield; Goathide Buckler; Golden Buckler; Golden Flame; Hammered Buckler; Harmonic Spirit Shield; Heat-attuned Tower Shield; Imperial Buckler; Ironwood Buckler; Ivory Spirit Shield; Jingling Spirit Shield; Lacewood Spirit Shield; Lacquered Buckler; Laminated Kite Shield; Layered Kite Shield; Linden Kite Shield; Magmatic Tower Shield; Mahogany Tower Shield; Maple Round Shield; Mirrored Spiked Shield; Mosaic Kite Shield; Oak Buckler; Ornate Spiked Shield; Painted Buckler; Painted Tower Shield; Pine Buckler; Pinnacle Tower Shield; Plank Kite Shield; Polar Buckler; Polished Spiked Shield; Rawhide Tower Shield; Redwood Spiked Shield; Reinforced Kite Shield; Reinforced Tower Shield; Rotted Round Shield; Scarlet Round Shield; Shagreen Tower Shield; Sovereign Spiked Shield; Spiked Bundle; Spiked Round Shield; Spiny Round Shield; Splendid Round Shield; Splintered Tower Shield; Steel Kite Shield; Studded Round Shield; Subsuming Spirit Shield; Supreme Spiked Shield; Tarnished Spirit Shield; Teak Round Shield; Thorium Spirit Shield; Titanium Spirit Shield; Transfer-attuned Spirit Shield; Twig Spirit Shield; Vaal Buckler; Vaal Spirit Shield; Walnut Spirit Shield; War Buckler; Yew Spirit Shield
armour.shield,leaf,pob,exact,98,98,0,0,0,0,Alder Spiked Shield; Alloyed Spiked Shield; Ancient Spirit Shield; Angelic Kite Shield; Archon Kite Shield; Baroque Round Shield; Battle Buckler; Bone Spirit Shield; Branded Kite Shield; Brass Spirit Shield; Bronze Tower Shield; Buckskin Tower Shield; Burnished Spiked Shield; Cardinal Round Shield; Cedar Tower Shield; Ceremonial Kite Shield; Champion Kite Shield; Chiming Spirit Shield; Cold-attuned Buckler; Colossal Tower Shield; Compound Spiked Shield; Copper Tower Shield; Corroded Tower Shield; Corrugated Buckler; Crested Tower Shield; Crimson Round Shield; Crusader Buckler; Driftwood Spiked Shield; Ebony Tower Shield; Elegant Round Shield; Enameled Buckler; Endothermic Buckler; Etched Kite Shield; Exhausting Spirit Shield; Exothermic Tower Shield; Ezomyte Spiked Shield; Ezomyte Tower Shield; Fir Round Shield; Fossilised Spirit Shield; Gilded Buckler; Girded Tower Shield; Goathide Buckler; Golden Buckler; Golden Flame; Hammered Buckler; Harmonic Spirit Shield; Heat-attuned Tower Shield; Imperial Buckler; Ironwood Buckler; Ivory Spirit Shield; Jingling Spirit Shield; Lacewood Spirit Shield; Lacquered Buckler; Laminated Kite Shield; Layered Kite Shield; Linden Kite Shield; Magmatic Tower Shield; Mahogany Tower Shield; Maple Round Shield; Mirrored Spiked Shield; Mosaic Kite Shield; Oak Buckler; Ornate Spiked Shield; Painted Buckler; Painted Tower Shield; Pine Buckler; Pinnacle Tower Shield; Plank Kite Shield; Polar Buckler; Polished Spiked Shield; Rawhide Tower Shield; Redwood Spiked Shield; Reinforced Kite Shield; Reinforced Tower Shield; Rotted Round Shield; Scarlet Round Shield; Shagreen Tower Shield; Sovereign Spiked Shield; Spiked Bundle; Spiked Round Shield; Spiny Round Shield; Splendid Round Shield; Splintered Tower Shield; Steel Kite Shield; Studded Round Shield; Subsuming Spirit Shield; Supreme Spiked Shield; Tarnished Spirit Shield; Teak Round Shield; Thorium Spirit Shield; Titanium Spirit Shield; Transfer-attuned Spirit Shield; Twig Spirit Shield; Vaal Buckler; Vaal Spirit Shield; Walnut Spirit Shield; War Buckler; Yew Spirit Shield
armour.shield,leaf,site-coarse,at armour (the parent's level),98,0,98,0,0,0,Alder Spiked Shield; Alloyed Spiked Shield; Ancient Spirit Shield; Angelic Kite Shield; Archon Kite Shield; Baroque Round Shield; Battle Buckler; Bone Spirit Shield; Branded Kite Shield; Brass Spirit Shield; Bronze Tower Shield; Buckskin Tower Shield; Burnished Spiked Shield; Cardinal Round Shield; Cedar Tower Shield; Ceremonial Kite Shield; Champion Kite Shield; Chiming Spirit Shield; Cold-attuned Buckler; Colossal Tower Shield; Compound Spiked Shield; Copper Tower Shield; Corroded Tower Shield; Corrugated Buckler; Crested Tower Shield; Crimson Round Shield; Crusader Buckler; Driftwood Spiked Shield; Ebony Tower Shield; Elegant Round Shield; Enameled Buckler; Endothermic Buckler; Etched Kite Shield; Exhausting Spirit Shield; Exothermic Tower Shield; Ezomyte Spiked Shield; Ezomyte Tower Shield; Fir Round Shield; Fossilised Spirit Shield; Gilded Buckler; Girded Tower Shield; Goathide Buckler; Golden Buckler; Golden Flame; Hammered Buckler; Harmonic Spirit Shield; Heat-attuned Tower Shield; Imperial Buckler; Ironwood Buckler; Ivory Spirit Shield; Jingling Spirit Shield; Lacewood Spirit Shield; Lacquered Buckler; Laminated Kite Shield; Layered Kite Shield; Linden Kite Shield; Magmatic Tower Shield; Mahogany Tower Shield; Maple Round Shield; Mirrored Spiked Shield; Mosaic Kite Shield; Oak Buckler; Ornate Spiked Shield; Painted Buckler; Painted Tower Shield; Pine Buckler; Pinnacle Tower Shield; Plank Kite Shield; Polar Buckler; Polished Spiked Shield; Rawhide Tower Shield; Redwood Spiked Shield; Reinforced Kite Shield; Reinforced Tower Shield; Rotted Round Shield; Scarlet Round Shield; Shagreen Tower Shield; Sovereign Spiked Shield; Spiked Bundle; Spiked Round Shield; Spiny Round Shield; Splendid Round Shield; Splintered Tower Shield; Steel Kite Shield; Studded Round Shield; Subsuming Spirit Shield; Supreme Spiked Shield; Tarnished Spirit Shield; Teak Round Shield; Thorium Spirit Shield; Titanium Spirit Shield; Transfer-attuned Spirit Shield; Twig Spirit Shield; Vaal Buckler; Vaal Spirit Shield; Walnut Spirit Shield; War Buckler; Yew Spirit Shield
armour.quiver,leaf,export,exact,20,20,0,0,0,0,Artillery Quiver; Blazing Arrow Quiver; Blunt Arrow Quiver; Broadhead Arrow Quiver; Conductive Quiver; Cured Quiver; Feathered Arrow Quiver; Fire Arrow Quiver; Heavy Arrow Quiver; Heavy Quiver; Light Quiver; Ornate Quiver; Penetrating Arrow Quiver; Primal Arrow Quiver; Rugged Quiver; Serrated Arrow Quiver; Sharktooth Arrow Quiver; Spike-Point Arrow Quiver; Two-Point Arrow Quiver; Vile Arrow Quiver
armour.quiver,leaf,apt,exact,20,20,0,0,0,0,Artillery Quiver; Blazing Arrow Quiver; Blunt Arrow Quiver; Broadhead Arrow Quiver; Conductive Quiver; Cured Quiver; Feathered Arrow Quiver; Fire Arrow Quiver; Heavy Arrow Quiver; Heavy Quiver; Light Quiver; Ornate Quiver; Penetrating Arrow Quiver; Primal Arrow Quiver; Rugged Quiver; Serrated Arrow Quiver; Sharktooth Arrow Quiver; Spike-Point Arrow Quiver; Two-Point Arrow Quiver; Vile Arrow Quiver
armour.quiver,leaf,pob,exact,20,20,0,0,0,0,Artillery Quiver; Blazing Arrow Quiver; Blunt Arrow Quiver; Broadhead Arrow Quiver; Conductive Quiver; Cured Quiver; Feathered Arrow Quiver; Fire Arrow Quiver; Heavy Arrow Quiver; Heavy Quiver; Light Quiver; Ornate Quiver; Penetrating Arrow Quiver; Primal Arrow Quiver; Rugged Quiver; Serrated Arrow Quiver; Sharktooth Arrow Quiver; Spike-Point Arrow Quiver; Two-Point Arrow Quiver; Vile Arrow Quiver
armour.quiver,leaf,site-coarse,at armour (the parent's level),20,0,20,0,0,0,Artillery Quiver; Blazing Arrow Quiver; Blunt Arrow Quiver; Broadhead Arrow Quiver; Conductive Quiver; Cured Quiver; Feathered Arrow Quiver; Fire Arrow Quiver; Heavy Arrow Quiver; Heavy Quiver; Light Quiver; Ornate Quiver; Penetrating Arrow Quiver; Primal Arrow Quiver; Rugged Quiver; Serrated Arrow Quiver; Sharktooth Arrow Quiver; Spike-Point Arrow Quiver; Two-Point Arrow Quiver; Vile Arrow Quiver
accessory,prefix parent,site-coarse,coarse id,144,0,144,0,0,0,Agate Amulet; Amber Amulet; Amethyst Ring; Ape Talisman; Ashscale Talisman; Astrolabe Amulet; Avian Twins Talisman; Black Maw Talisman; Black Widow Talisman; Blood Viper Talisman; Blue Pearl Amulet; Bone Ring; Bonespire Talisman; Breach Ring; Breakrib Talisman; Carrion Queen Talisman; Cerulean Ring; Chain Belt; Chieftain Talisman; Chimeral Talisman; Chrysalis Talisman; Citrine Amulet; Cloth Belt; Clutching Talisman; Cobra Talisman; Cogwork Ring; Composite Ring; Coral Amulet; Coral Ring; Cord Belt; Craicic Talisman; Croaker Talisman; Cryonic Ring; Crystal Belt; Deadhand Talisman; Deep One Talisman; Devourer Talisman; Diamond Ring; Dusk Ring; Enthalpic Ring; Fangjaw Talisman; Farric Talisman; Fenumal Talisman; Flame Hellion Talisman; Focused Amulet; Formless Ring; Frost Hellion Talisman; Fugitive Ring; Gargantuan Talisman; Geodesic Ring; Gloam Ring; Goatman Talisman; Gold Amulet; Gold Ring; Golden Hoop; Golden Obi; Goliath Talisman; Great Maw Talisman; Greatwolf Talisman; Heavy Belt; Helical Ring; Hexclaw Talisman; Horned Talisman; Hybrid Arachnid Talisman; Iolite Ring; Iron Ring; Jade Amulet; Jet Amulet; Lapis Amulet; Leather Belt; Lone Antler Talisman; Longtooth Talisman; Lynx Talisman; Magma Hound Talisman; Mandible Talisman; Manifold Ring; Marble Amulet; Mechalarm Belt; Mechanical Belt; Micro-Distillery Belt; Monkey Paw Talisman; Monkey Twins Talisman; Moonstone Ring; Nameless Ring; Octopus Talisman; Onyx Amulet; Opal Ring; Organic Ring; Paua Amulet; Paua Ring; Pearlescent Amulet; Penumbra Ring; Pitbull Talisman; Plagued Arachnid Talisman; Primal Skull Talisman; Prismatic Ring; Ratcheting Ring; Retch Talisman; Rhex Talisman; Rhoa Talisman; Ring; Rot Head Talisman; Rotfeather Talisman; Ruby Amulet; Ruby Ring; Rustic Sash; Sand Spitter Talisman; Sapphire Ring; Saqawine Talisman; Savage Crab Talisman; Scorpion Talisman; Scrabbler Talisman; Seaglass Amulet; Shadowed Ring; Shield Crab Talisman; Simplex Amulet; Spider Crab Talisman; Spinefuse Talisman; Splitnewt Talisman; Squid Talisman; Steel Ring; Studded Belt; Stygian Vise; Synaptic Ring; Taurus Talisman; Tenebrous Ring; Thief's Trinket; Three Hands Talisman; Three Rat Talisman; Tiger Talisman; Topaz Ring; Turquoise Amulet; Two-Stone Ring; Undying Flesh Talisman; Unset Amulet; Unset Ring; Ursa Talisman; Vanguard Belt; Vermillion Ring; Vulture Talisman; Watcher Talisman; Wereclaw Talisman; Wolf Alpha Talisman; Writhing Talisman
accessory.amulet,leaf,export,exact,89,89,0,0,0,0,Agate Amulet; Amber Amulet; Ape Talisman; Ashscale Talisman; Astrolabe Amulet; Avian Twins Talisman; Black Maw Talisman; Black Widow Talisman; Blood Viper Talisman; Blue Pearl Amulet; Bonespire Talisman; Breakrib Talisman; Carrion Queen Talisman; Chieftain Talisman; Chimeral Talisman; Chrysalis Talisman; Citrine Amulet; Clutching Talisman; Cobra Talisman; Coral Amulet; Craicic Talisman; Croaker Talisman; Deadhand Talisman; Deep One Talisman; Devourer Talisman; Fangjaw Talisman; Farric Talisman; Fenumal Talisman; Flame Hellion Talisman; Focused Amulet; Frost Hellion Talisman; Gargantuan Talisman; Goatman Talisman; Gold Amulet; Goliath Talisman; Great Maw Talisman; Greatwolf Talisman; Hexclaw Talisman; Horned Talisman; Hybrid Arachnid Talisman; Jade Amulet; Jet Amulet; Lapis Amulet; Lone Antler Talisman; Longtooth Talisman; Lynx Talisman; Magma Hound Talisman; Mandible Talisman; Marble Amulet; Monkey Paw Talisman; Monkey Twins Talisman; Octopus Talisman; Onyx Amulet; Paua Amulet; Pearlescent Amulet; Pitbull Talisman; Plagued Arachnid Talisman; Primal Skull Talisman; Retch Talisman; Rhex Talisman; Rhoa Talisman; Rot Head Talisman; Rotfeather Talisman; Ruby Amulet; Sand Spitter Talisman; Saqawine Talisman; Savage Crab Talisman; Scorpion Talisman; Scrabbler Talisman; Seaglass Amulet; Shield Crab Talisman; Simplex Amulet; Spider Crab Talisman; Spinefuse Talisman; Splitnewt Talisman; Squid Talisman; Taurus Talisman; Three Hands Talisman; Three Rat Talisman; Tiger Talisman; Turquoise Amulet; Undying Flesh Talisman; Unset Amulet; Ursa Talisman; Vulture Talisman; Watcher Talisman; Wereclaw Talisman; Wolf Alpha Talisman; Writhing Talisman
accessory.amulet,leaf,apt,exact,89,89,0,0,0,0,Agate Amulet; Amber Amulet; Ape Talisman; Ashscale Talisman; Astrolabe Amulet; Avian Twins Talisman; Black Maw Talisman; Black Widow Talisman; Blood Viper Talisman; Blue Pearl Amulet; Bonespire Talisman; Breakrib Talisman; Carrion Queen Talisman; Chieftain Talisman; Chimeral Talisman; Chrysalis Talisman; Citrine Amulet; Clutching Talisman; Cobra Talisman; Coral Amulet; Craicic Talisman; Croaker Talisman; Deadhand Talisman; Deep One Talisman; Devourer Talisman; Fangjaw Talisman; Farric Talisman; Fenumal Talisman; Flame Hellion Talisman; Focused Amulet; Frost Hellion Talisman; Gargantuan Talisman; Goatman Talisman; Gold Amulet; Goliath Talisman; Great Maw Talisman; Greatwolf Talisman; Hexclaw Talisman; Horned Talisman; Hybrid Arachnid Talisman; Jade Amulet; Jet Amulet; Lapis Amulet; Lone Antler Talisman; Longtooth Talisman; Lynx Talisman; Magma Hound Talisman; Mandible Talisman; Marble Amulet; Monkey Paw Talisman; Monkey Twins Talisman; Octopus Talisman; Onyx Amulet; Paua Amulet; Pearlescent Amulet; Pitbull Talisman; Plagued Arachnid Talisman; Primal Skull Talisman; Retch Talisman; Rhex Talisman; Rhoa Talisman; Rot Head Talisman; Rotfeather Talisman; Ruby Amulet; Sand Spitter Talisman; Saqawine Talisman; Savage Crab Talisman; Scorpion Talisman; Scrabbler Talisman; Seaglass Amulet; Shield Crab Talisman; Simplex Amulet; Spider Crab Talisman; Spinefuse Talisman; Splitnewt Talisman; Squid Talisman; Taurus Talisman; Three Hands Talisman; Three Rat Talisman; Tiger Talisman; Turquoise Amulet; Undying Flesh Talisman; Unset Amulet; Ursa Talisman; Vulture Talisman; Watcher Talisman; Wereclaw Talisman; Wolf Alpha Talisman; Writhing Talisman
accessory.amulet,leaf,pob,exact,96,89,0,0,0,7,Agate Amulet; Amber Amulet; Ape Talisman; Ashscale Talisman; Astrolabe Amulet; Avian Twins Talisman; Avian Twins Talisman (Cold-To-Fire); Avian Twins Talisman (Cold-To-Lightning); Avian Twins Talisman (Fire-To-Cold); Avian Twins Talisman (Fire-To-Lightning); Avian Twins Talisman (Lightning-To-Cold); Black Maw Talisman; Black Widow Talisman; Blood Viper Talisman; Blue Pearl Amulet; Bonespire Talisman; Breakrib Talisman; Carrion Queen Talisman; Chieftain Talisman; Chimeral Talisman; Chrysalis Talisman; Citrine Amulet; Clutching Talisman; Cobra Talisman; Coral Amulet; Craicic Talisman; Croaker Talisman; Deadhand Talisman; Deep One Talisman; Devourer Talisman; Fangjaw Talisman; Farric Talisman; Fenumal Talisman; Flame Hellion Talisman; Focused Amulet; Frost Hellion Talisman; Gargantuan Talisman; Goatman Talisman; Gold Amulet; Goliath Talisman; Great Maw Talisman; Greatwolf Talisman; Hexclaw Talisman; Horned Talisman; Hybrid Arachnid Talisman; Jade Amulet; Jet Amulet; Lapis Amulet; Lone Antler Talisman; Longtooth Talisman; Lynx Talisman; Magma Hound Talisman; Mandible Talisman; Marble Amulet; Monkey Paw Talisman; Monkey Paw Talisman (Frenzy); Monkey Paw Talisman (Power); Monkey Twins Talisman; Octopus Talisman; Onyx Amulet; Paua Amulet; Pearlescent Amulet; Pitbull Talisman; Plagued Arachnid Talisman; Primal Skull Talisman; Retch Talisman; Rhex Talisman; Rhoa Talisman; Rot Head Talisman; Rotfeather Talisman; Ruby Amulet; Sand Spitter Talisman; Saqawine Talisman; Savage Crab Talisman; Scorpion Talisman; Scrabbler Talisman; Seaglass Amulet; Shield Crab Talisman; Simplex Amulet; Spider Crab Talisman; Spinefuse Talisman; Splitnewt Talisman; Squid Talisman; Taurus Talisman; Three Hands Talisman; Three Rat Talisman; Tiger Talisman; Turquoise Amulet; Undying Flesh Talisman; Unset Amulet; Ursa Talisman; Vulture Talisman; Watcher Talisman; Wereclaw Talisman; Wolf Alpha Talisman; Writhing Talisman
accessory.amulet,leaf,site-fetch,exact,5,5,0,0,0,0,Agate Amulet; Focused Amulet; Jade Amulet; Onyx Amulet; Simplex Amulet
accessory.amulet,leaf,site-coarse,at accessory (the parent's level),89,0,89,0,0,0,Agate Amulet; Amber Amulet; Ape Talisman; Ashscale Talisman; Astrolabe Amulet; Avian Twins Talisman; Black Maw Talisman; Black Widow Talisman; Blood Viper Talisman; Blue Pearl Amulet; Bonespire Talisman; Breakrib Talisman; Carrion Queen Talisman; Chieftain Talisman; Chimeral Talisman; Chrysalis Talisman; Citrine Amulet; Clutching Talisman; Cobra Talisman; Coral Amulet; Craicic Talisman; Croaker Talisman; Deadhand Talisman; Deep One Talisman; Devourer Talisman; Fangjaw Talisman; Farric Talisman; Fenumal Talisman; Flame Hellion Talisman; Focused Amulet; Frost Hellion Talisman; Gargantuan Talisman; Goatman Talisman; Gold Amulet; Goliath Talisman; Great Maw Talisman; Greatwolf Talisman; Hexclaw Talisman; Horned Talisman; Hybrid Arachnid Talisman; Jade Amulet; Jet Amulet; Lapis Amulet; Lone Antler Talisman; Longtooth Talisman; Lynx Talisman; Magma Hound Talisman; Mandible Talisman; Marble Amulet; Monkey Paw Talisman; Monkey Twins Talisman; Octopus Talisman; Onyx Amulet; Paua Amulet; Pearlescent Amulet; Pitbull Talisman; Plagued Arachnid Talisman; Primal Skull Talisman; Retch Talisman; Rhex Talisman; Rhoa Talisman; Rot Head Talisman; Rotfeather Talisman; Ruby Amulet; Sand Spitter Talisman; Saqawine Talisman; Savage Crab Talisman; Scorpion Talisman; Scrabbler Talisman; Seaglass Amulet; Shield Crab Talisman; Simplex Amulet; Spider Crab Talisman; Spinefuse Talisman; Splitnewt Talisman; Squid Talisman; Taurus Talisman; Three Hands Talisman; Three Rat Talisman; Tiger Talisman; Turquoise Amulet; Undying Flesh Talisman; Unset Amulet; Ursa Talisman; Vulture Talisman; Watcher Talisman; Wereclaw Talisman; Wolf Alpha Talisman; Writhing Talisman
accessory.belt,leaf,export,exact,14,14,0,0,0,0,Chain Belt; Cloth Belt; Cord Belt; Crystal Belt; Golden Obi; Heavy Belt; Leather Belt; Mechalarm Belt; Mechanical Belt; Micro-Distillery Belt; Rustic Sash; Studded Belt; Stygian Vise; Vanguard Belt
accessory.belt,leaf,apt,exact,14,14,0,0,0,0,Chain Belt; Cloth Belt; Cord Belt; Crystal Belt; Golden Obi; Heavy Belt; Leather Belt; Mechalarm Belt; Mechanical Belt; Micro-Distillery Belt; Rustic Sash; Studded Belt; Stygian Vise; Vanguard Belt
accessory.belt,leaf,pob,exact,14,14,0,0,0,0,Chain Belt; Cloth Belt; Cord Belt; Crystal Belt; Golden Obi; Heavy Belt; Leather Belt; Mechalarm Belt; Mechanical Belt; Micro-Distillery Belt; Rustic Sash; Studded Belt; Stygian Vise; Vanguard Belt
accessory.belt,leaf,site-coarse,at accessory (the parent's level),14,0,14,0,0,0,Chain Belt; Cloth Belt; Cord Belt; Crystal Belt; Golden Obi; Heavy Belt; Leather Belt; Mechalarm Belt; Mechanical Belt; Micro-Distillery Belt; Rustic Sash; Studded Belt; Stygian Vise; Vanguard Belt
accessory.ring,leaf,export,exact,41,41,0,0,0,0,Amethyst Ring; Bone Ring; Breach Ring; Cerulean Ring; Cogwork Ring; Composite Ring; Coral Ring; Cryonic Ring; Diamond Ring; Dusk Ring; Enthalpic Ring; Formless Ring; Fugitive Ring; Geodesic Ring; Gloam Ring; Gold Ring; Golden Hoop; Helical Ring; Iolite Ring; Iron Ring; Jet Ring; Manifold Ring; Moonstone Ring; Nameless Ring; Opal Ring; Organic Ring; Paua Ring; Penumbra Ring; Prismatic Ring; Ratcheting Ring; Ring; Ruby Ring; Sapphire Ring; Shadowed Ring; Steel Ring; Synaptic Ring; Tenebrous Ring; Topaz Ring; Two-Stone Ring; Unset Ring; Vermillion Ring
accessory.ring,leaf,apt,exact,40,40,0,0,0,0,Amethyst Ring; Bone Ring; Breach Ring; Cerulean Ring; Cogwork Ring; Composite Ring; Coral Ring; Cryonic Ring; Diamond Ring; Dusk Ring; Enthalpic Ring; Formless Ring; Fugitive Ring; Geodesic Ring; Gloam Ring; Gold Ring; Golden Hoop; Helical Ring; Iolite Ring; Iron Ring; Manifold Ring; Moonstone Ring; Nameless Ring; Opal Ring; Organic Ring; Paua Ring; Penumbra Ring; Prismatic Ring; Ratcheting Ring; Ring; Ruby Ring; Sapphire Ring; Shadowed Ring; Steel Ring; Synaptic Ring; Tenebrous Ring; Topaz Ring; Two-Stone Ring; Unset Ring; Vermillion Ring
accessory.ring,leaf,pob,exact,44,41,0,0,0,3,Amethyst Ring; Bone Ring; Breach Ring; Cerulean Ring; Cogwork Ring; Composite Ring; Coral Ring; Cryonic Ring; Diamond Ring; Dusk Ring; Enthalpic Ring; Formless Ring; Fugitive Ring; Geodesic Ring; Gloam Ring; Gold Ring; Golden Hoop; Helical Ring; Iolite Ring; Iron Ring; Jet Ring; Manifold Ring; Moonstone Ring; Nameless Ring; Opal Ring; Organic Ring; Paua Ring; Penumbra Ring; Prismatic Ring; Ratcheting Ring; Ring; Ruby Ring; Sapphire Ring; Shadowed Ring; Steel Ring; Synaptic Ring; Tenebrous Ring; Topaz Ring; Two-Stone Ring; Two-Stone Ring (Cold/Lightning); Two-Stone Ring (Fire/Cold); Two-Stone Ring (Fire/Lightning); Unset Ring; Vermillion Ring
accessory.ring,leaf,site-fetch,exact,6,6,0,0,0,0,Amethyst Ring; Breach Ring; Gold Ring; Moonstone Ring; Sapphire Ring; Two-Stone Ring
accessory.ring,leaf,site-coarse,at accessory (the parent's level),40,0,40,0,0,0,Amethyst Ring; Bone Ring; Breach Ring; Cerulean Ring; Cogwork Ring; Composite Ring; Coral Ring; Cryonic Ring; Diamond Ring; Dusk Ring; Enthalpic Ring; Formless Ring; Fugitive Ring; Geodesic Ring; Gloam Ring; Gold Ring; Golden Hoop; Helical Ring; Iolite Ring; Iron Ring; Manifold Ring; Moonstone Ring; Nameless Ring; Opal Ring; Organic Ring; Paua Ring; Penumbra Ring; Prismatic Ring; Ratcheting Ring; Ring; Ruby Ring; Sapphire Ring; Shadowed Ring; Steel Ring; Synaptic Ring; Tenebrous Ring; Topaz Ring; Two-Stone Ring; Unset Ring; Vermillion Ring
accessory.trinket,leaf,export,exact,1,1,0,0,0,0,Thief's Trinket
accessory.trinket,leaf,apt,exact,1,1,0,0,0,0,Thief's Trinket
accessory.trinket,leaf,site-coarse,at accessory (the parent's level),1,0,1,0,0,0,Thief's Trinket
gem,prefix parent,site-coarse,coarse id,610,0,610,0,0,0,Absolution; Added Chaos Damage Support; Added Cold Damage Support; Added Fire Damage Support; Added Lightning Damage Support; Additional Accuracy Support; Advanced Traps Support; Alchemist's Mark; Ambush; Ancestral Call Support; Ancestral Cry; Ancestral Protector; Ancestral Warchief; Anger; Animate Guardian; Animate Weapon; Annihilation Support; Arc; Arcane Cloak; Arcane Surge Support; Arcanist Brand; Archmage Support; Arctic Armour; Armageddon Brand; Arrogance Support; Arrow Nova Support; Artillery Ballista; Assassin's Mark; Autoexertion; Automation; Awakened Added Chaos Damage Support; Awakened Added Cold Damage Support; Awakened Added Fire Damage Support; Awakened Added Lightning Damage Support; Awakened Ancestral Call Support; Awakened Arrow Nova Support; Awakened Blasphemy Support; Awakened Brutality Support; Awakened Burning Damage Support; Awakened Cast On Critical Strike Support; Awakened Cast While Channelling Support; Awakened Chain Support; Awakened Cold Penetration Support; Awakened Controlled Destruction Support; Awakened Deadly Ailments Support; Awakened Elemental Damage with Attacks Support; Awakened Elemental Focus Support; Awakened Empower Support; Awakened Enhance Support; Awakened Enlighten Support; Awakened Fire Penetration Support; Awakened Fork Support; Awakened Generosity Support; Awakened Greater Multiple Projectiles Support; Awakened Hextouch Support; Awakened Increased Area of Effect Support; Awakened Lightning Penetration Support; Awakened Melee Physical Damage Support; Awakened Melee Splash Support; Awakened Minion Damage Support; Awakened Multistrike Support; Awakened Spell Cascade Support; Awakened Spell Echo Support; Awakened Swift Affliction Support; Awakened Unbound Ailments Support; Awakened Unleash Support; Awakened Vicious Projectiles Support; Awakened Void Manipulation Support; Ball Lightning; Ballista Totem Support; Bane; Barrage; Barrage Support; Battlemage's Cry; Bear Trap; Behead Support; Berserk; Blade Blast; Blade Flurry; Blade Trap; Blade Vortex; Bladefall; Bladestorm; Blasphemy Support; Blast Rain; Blastchain Mine Support; Blazing Salvo; Blessed Call Support; Blight; Blind Support; Blink Arrow; Block Chance Reduction Support; Blood Rage; Blood and Sand; Bloodlust Support; Bloodsoaked Banner Support; Bloodthirst Support; Bodyswap; Bone Offering; Bonechill Support; Boneshatter; Bonespire Support; Brand Recall; Brutality Support; Burning Arrow; Burning Damage Support; Cast On Critical Strike Support; Cast on Death Support; Cast on Melee Kill Support; Cast on Ward Break Support; Cast when Damage Taken Support; Cast when Stunned Support; Cast while Channelling Support; Caustic Arrow; Chain Hook; Chain Support; Chance to Bleed Support; Chance to Flee Support; Chance to Poison Support; Charged Dash; Charged Mines Support; Charged Traps Support; Clarity; Cleave; Close Combat Support; Cluster Traps Support; Cobra Lash; Cold Penetration Support; Cold Snap; Cold to Fire Support; Combustion Support; Communion Support; Companionship Support; Concentrated Effect Support; Conductivity; Conflagration; Congregation Support; Consecrated Path; Contagion; Controlled Blaze Support; Controlled Destruction Support; Conversion Trap; Convocation; Cooldown Recovery Support; Corrupting Cry Support; Corrupting Fever; Coursing Current Support; Crackling Lance; Creeping Frost; Cremation; Critical Strike Affliction Support; Cruelty Support; Crushing Fist; Crystalfall Support; Cull the Weak Support; Culling Strike Support; Cursed Ground Support; Cyclone; Damage on Full Life Support; Dark Bargain; Dash; Deadly Ailments Support; Decay Support; Decoy Totem; Defiance Banner; Desecrate; Despair; Destructive Link; Determination; Detonate Dead; Detonate Mines; Devour Support; Devouring Totem; Discharge; Discipline; Divine Blast; Divine Ire; Divine Retribution; Divine Sentinel Support; Dominating Blow; Double Strike; Dread Banner; Dual Strike; Earthbreaker Support; Earthquake; Earthshatter; Eclipse Support; Efficacy Support; Eldritch Blasphemy Support; Elemental Army Support; Elemental Damage with Attacks Support; Elemental Focus Support; Elemental Hit; Elemental Penetration Support; Elemental Proliferation Support; Elemental Weakness; Empower Support; Endurance Charge on Melee Stun Support; Enduring Cry; Energy Blade; Energy Leech Support; Enfeeble; Enhance Support; Enlighten Support; Ensnaring Arrow; Essence Drain; Eternal Blessing Support; Ethereal Knives; Eviscerate; Excommunicate Support; Exemplar Support; Expert Retaliation Support; Explosive Arrow; Explosive Concoction; Explosive Trap; Exsanguinate; Eye of Winter; Faster Attacks Support; Faster Casting Support; Faster Projectiles Support; Feeding Frenzy Support; Fire Penetration Support; Fire Trap; Fireball; Firestorm; Fissure Support; Fist of War Support; Flame Dash; Flame Link; Flame Surge; Flame Wall; Flameblast; Flamethrower Trap; Flamewood Support; Flammability; Flesh Offering; Flesh and Stone; Flicker Strike; Focused Ballista Support; Focused Channelling Support; Forbidden Rite; Fork Support; Fortify Support; Foulgrasp Support; Freezing Pulse; Frenzy; Fresh Meat Support; Frigid Bond Support; Frost Blades; Frost Bomb; Frost Shield; Frost Wall; Frostbite; Frostblink; Frostbolt; Frostmage Support; Frozen Legion; Galvanic Arrow; Galvanic Field; General's Cry; Generosity Support; Glacial Cascade; Glacial Hammer; Glacial Shield Swipe; Gluttony Support; Grace; Greater Ancestral Call Support; Greater Chain Support; Greater Devour Support; Greater Fork Support; Greater Kinetic Instability Support; Greater Multiple Projectiles Support; Greater Multistrike Support; Greater Spell Cascade Support; Greater Spell Echo Support; Greater Unleash Support; Greater Volley Support; Ground Slam; Guardian's Blessing Support; Hallow Support; Haste; Hatred; Heavy Strike; Herald of Agony; Herald of Ash; Herald of Ice; Herald of Purity; Herald of Thunder; Hex Bloom Support; Hexblast; Hexpass Support; Hextoad Support; Hextouch Support; High-Impact Mine Support; Hiveborn Support; Holy Flame Totem; Holy Hammers; Holy Strike; Holy Sweep; Hydrosphere; Hypothermia Support; Ice Bite Support; Ice Crash; Ice Nova; Ice Shot; Ice Spear; Ice Trap; Icicle Mine; Ignite Proliferation Support; Immolate Support; Immortal Call; Impale Support; Impending Doom Support; Incinerate; Increased Area of Effect Support; Increased Critical Damage Support; Increased Critical Strikes Support; Infernal Blow; Infernal Cry; Infernal Legion Support; Infused Channelling Support; Innervate Support; Inspiration Support; Intensify Support; Intimidating Cry; Intuitive Link; Invention Support; Invert the Rules Support; Iron Grip Support; Iron Will Support; Item Quantity Support; Item Rarity Support; Kinetic Blast; Kinetic Bolt; Kinetic Fusillade; Kinetic Instability Support; Kinetic Rain; Knockback Support; Lacerate; Lancing Steel; Leap Slam; Less Duration Support; Lethal Dose Support; Life Gain on Hit Support; Life Leech Support; Lifetap Support; Lightning Arrow; Lightning Conduit; Lightning Penetration Support; Lightning Spire Trap; Lightning Strike; Lightning Tendrils; Lightning Trap; Lightning Warp; Living Lightning Support; Locus Mine Support; Machinations Support; Maim Support; Malevolence; Mana Leech Support; Mana-Infused Staff; Manabond; Manaforged Arrows Support; Mark On Hit Support; Meat Shield Support; Melee Physical Damage Support; Melee Splash Support; Minefield Support; Minion Damage Support; Minion Life Support; Minion Speed Support; Mirage Archer Support; Mirror Arrow; Molten Shell; Molten Strike; Momentum Support; More Duration Support; Multiple Projectiles Support; Multiple Totems Support; Multiple Traps Support; Multistrike Support; Nightblade Support; Orb of Storms; Overcharge Support; Overexertion Support; Overheat Support; Overloaded Intensity Support; Pacifism Support; Pact of Beidat; Pact of Ghorr; Pact of K'Tash; Pact of Lycia; Penance Brand; Perforate; Pestilent Strike; Petrified Blood; Phase Run; Physical to Lightning Support; Pierce Support; Pinpoint Support; Plague Bearer; Poacher's Mark; Point Blank Support; Poisonous Concoction; Portal; Power Charge On Critical Support; Power Siphon; Precision; Predator Support; Pride; Prismatic Burst Support; Protective Link; Pulverise Support; Puncture; Punishment; Purifying Flame; Purity of Elements; Purity of Fire; Purity of Ice; Purity of Lightning; Pyre Support; Pyroclast Mine; Quickstep; Rage Support; Rage Vortex; Rain of Arrows; Raise Spectre; Raise Zombie; Rallying Cry; Reap; Reave; Rejuvenation Totem; Returning Projectiles Support; Righteous Fire; Rolling Magma; Rupture Support; Ruthless Support; Sacred Wisps Support; Sacrifice Support; Sadism Support; Scorching Ray; Scornful Herald Support; Scourge Arrow; Searing Bond; Second Wind Support; Seismic Cry; Seismic Trap; Shattering Steel; Shield Charge; Shield Crush; Shield of Light; Shock Nova; Shockwave Support; Shockwave Totem; Shrapnel Ballista; Siege Ballista; Sigil of Power; Siphoning Trap; Slower Projectiles Support; Smite; Smoke Mine; Snipe; Sniper's Mark; Somatic Shell; Soul Link; Soulrend; Spark; Spectral Helix; Spectral Shield Throw; Spectral Throw; Spell Cascade Support; Spell Echo Support; Spell Totem Support; Spellblade Support; Spellslinger; Spirit Offering; Split Arrow; Splitting Steel; Static Strike; Steelskin; Storm Brand; Storm Burst; Storm Call; Storm Rain; Stormbind; Stormblast Mine; Stun Support; Summon Carrion Golem; Summon Chaos Golem; Summon Flame Golem; Summon Holy Relic; Summon Ice Golem; Summon Lightning Golem; Summon Phantasm Support; Summon Raging Spirit; Summon Reaper; Summon Skeletons; Summon Skitterbots; Summon Stone Golem; Sunder; Swift Affliction Support; Swift Assembly Support; Swiftbrand Support; Swordstorm; Tectonic Slam; Tempest Shield; Temporal Chains; Temporal Rift; Thunderstorm; Tornado; Tornado Shot; Toxic Rain; Transfusion Support; Trap Support; Trap and Mine Damage Support; Trauma Support; Trinity Support; Unbound Ailments Support; Unearth; Unholy Trinity Support; Unleash Support; Urgent Orders Support; Vaal Absolution; Vaal Ancestral Warchief; Vaal Animate Weapon; Vaal Arc; Vaal Arctic Armour; Vaal Blade Flurry; Vaal Blade Vortex; Vaal Blight; Vaal Breach; Vaal Burning Arrow; Vaal Caustic Arrow; Vaal Clarity; Vaal Cleave; Vaal Cold Snap; Vaal Cyclone; Vaal Detonate Dead; Vaal Discipline; Vaal Domination; Vaal Double Strike; Vaal Earthquake; Vaal Fireball; Vaal Firestorm; Vaal Flameblast; Vaal Flicker Strike; Vaal Glacial Hammer; Vaal Grace; Vaal Ground Slam; Vaal Haste; Vaal Ice Nova; Vaal Ice Shot; Vaal Immortal Call; Vaal Impurity of Fire; Vaal Impurity of Ice; Vaal Impurity of Lightning; Vaal Lightning Arrow; Vaal Lightning Strike; Vaal Lightning Trap; Vaal Lightning Warp; Vaal Molten Shell; Vaal Molten Strike; Vaal Power Siphon; Vaal Rain of Arrows; Vaal Reap; Vaal Reave; Vaal Rejuvenation Totem; Vaal Righteous Fire; Vaal Sacrifice Support; Vaal Smite; Vaal Spark; Vaal Spectral Throw; Vaal Storm Call; Vaal Summon Skeletons; Vaal Temptation Support; Vaal Venom Gyre; Vaal Volcanic Fissure; Vampiric Link; Vengeful Cry; Venom Gyre; Vicious Projectiles Support; Vigilant Strike; Vile Toxins Support; Viper Strike; Vitality; Void Manipulation Support; Void Shockwave Support; Void Sphere; Voidstorm Support; Volatile Dead; Volatility Support; Volcanic Fissure; Volley Support; Voltaxic Burst; Vortex; Vulnerability; Wall of Force; War Banner; Warlord's Mark; Wave of Conviction; Whirling Blades; Wild Strike; Windburst Support; Winter Orb; Wintertide Brand; Wither; Withering Step; Withering Touch Support; Wrath; Zealotry
gem.activegem,leaf,export,exact,642,642,0,0,0,0,...; Absolution; Absolution of Inspiring; Alchemist's Mark; Ambush; Ancestral Blademaster; Ancestral Cry; Ancestral Protector; Ancestral Warchief; Anger; Animate Guardian; Animate Guardian of Smiting; Animate Weapon; Animate Weapon of Ranged Arms; Animate Weapon of Self Reflection; Arc; Arc of Oscillating; Arc of Surging; Arcane Cloak; Arcanist Brand; Arctic Armour; Armageddon Brand; Armageddon Brand of Recall; Armageddon Brand of Volatility; Artillery Ballista; Artillery Ballista of Cross Strafe; Artillery Ballista of Focus Fire; Assassin's Mark; Autoexertion; Automation; Backstab; Ball Lightning; Ball Lightning of Orbiting; Ball Lightning of Static; Bane; Bane of Condemnation; Barrage; Barrage of Volley Fire; Battlemage's Cry; Bear Trap; Bear Trap of Skewers; Berserk; Blade Blast; Blade Blast of Dagger Detonation; Blade Blast of Unloading; Blade Flurry; Blade Flurry of Incision; Blade Trap; Blade Trap of Greatswords; Blade Trap of Laceration; Blade Vortex; Blade Vortex of the Scythe; Bladefall; Bladefall of Impaling; Bladefall of Trarthus; Bladefall of Volleys; Bladestorm; Bladestorm of Uncertainty; Blast Rain; Blast Rain of Trarthus; Blazing Salvo; Blight; Blight of Atrophy; Blight of Contagion; Blinding Aura; Blink Arrow; Blink Arrow of Bombarding Clones; Blink Arrow of Prismatic Clones; Blood Offering; Blood Rage; Blood and Sand; Bodyswap; Bodyswap of Sacrifice; Bone Armour; Bone Offering; Boneshatter; Boneshatter of Carnage; Boneshatter of Complex Trauma; Brand Recall; Burning Arrow; Burning Arrow of Vigour; Call the Pyre; Capture Monster; Caustic Arrow; Caustic Arrow of Poison; Chain Hook; Chain Hook of Angling; Chain Hook of Trarthus; Charged Dash; Charged Dash of Projection; Clarity; Cleave; Cleave of Rage; Cobra Lash; Cold Snap; Cold Snap of Power; Conductivity; Conflagration; Consecrated Path; Consecrated Path of Endurance; Contagion; Contagion of Subsiding; Contagion of Transference; Conversion Trap; Convocation; Corrupting Fever; Crackling Lance; Crackling Lance of Branching; Crackling Lance of Disintegration; Creeping Frost; Creeping Frost of Floes; Cremation; Cremation of Exhuming; Cremation of the Volcano; Crushing Fist; Cyclone; Cyclone of Tumult; Damage Infusion; Dance in the White; Dark Bargain; Dark Bargain of Trarthus; Dash; Death Aura; Decoy Totem; Defiance Banner; Desecrate; Despair; Destructive Link; Determination; Detonate Dead; Detonate Dead of Chain Reaction; Detonate Dead of Scavenging; Detonate Mines; Devouring Totem; Discharge; Discharge of Misery; Discipline; Discorectangle Slam; Divine Blast; Divine Blast of Radiance; Divine Ire; Divine Ire of Disintegration; Divine Ire of Holy Lightning; Divine Retribution; Dominating Blow; Dominating Blow of Inspiring; Doryani's Touch; Double Strike; Double Strike of Impaling; Double Strike of Momentum; Dread Banner; Dual Strike; Dual Strike of Ambidexterity; Earthquake; Earthquake of Amplification; Earthshatter; Earthshatter of Fragility; Earthshatter of Prominence; Elemental Hit; Elemental Hit of the Spectrum; Elemental Projectiles; Elemental Weakness; Enduring Cry; Energy Blade; Enervating Grasp; Enfeeble; Ensnaring Arrow; Envy; Essence Drain; Essence Drain of Desperation; Essence Drain of Wickedness; Ethereal Knives; Ethereal Knives of Lingering Blades; Ethereal Knives of the Massacre; Eviscerate; Explosive Arrow; Explosive Concoction; Explosive Concoction of Destruction; Explosive Trap; Explosive Trap of Magnitude; Explosive Trap of Shrapnel; Exsanguinate; Exsanguinate of Transmission; Eye of Winter; Eye of Winter of Finality; Eye of Winter of Transience; Falling Crystals; Fire Trap; Fire Trap of Blasting; Fire Weapon; Fireball; Firestorm; Firestorm of Meteors; Firestorm of Pelting; Flame Dash; Flame Dash of Return; Flame Link; Flame Surge; Flame Surge of Combusting; Flame Wall; Flameblast; Flameblast of Celerity; Flameblast of Contraction; Flamethrower Trap; Flamethrower Trap of Stability; Flammability; Flammable Shot; Flesh Offering; Flesh and Stone; Flicker Strike; Flicker Strike of Power; Forbidden Rite; Forbidden Rite of Soul Sacrifice; Freezing Pulse; Frenzy; Frenzy of Onslaught; Frost Blades; Frost Blades of Katabasis; Frost Bomb; Frost Bomb of Forthcoming; Frost Bomb of Instability; Frost Shield; Frost Wall; Frost Wall of Encroachment; Frostbite; Frostblink; Frostblink of Wintry Blast; Frostbolt; Frozen Legion; Frozen Legion of Rallying; Galvanic Arrow; Galvanic Arrow of Energy; Galvanic Arrow of Surging; Galvanic Field; Galvanic Field of Intensity; General's Cry; Glacial Cascade; Glacial Cascade of the Fissure; Glacial Hammer; Glacial Hammer of Shattering; Glacial Shield Swipe; Glowing Silhouette; Gluttony of Elements; Grace; Ground Slam; Ground Slam of Earthshaking; Haste; Hatred; Heart of Flame; Heavy Strike; Heavy Strike of Trarthus; Herald of Agony; Herald of Ash; Herald of Ice; Herald of Purity; Herald of Thunder; Hexblast; Hexblast of Contradiction; Hexblast of Havoc; His Burning Message; Holy Flame Totem; Holy Flame Totem of Ire; Holy Hammers; Holy Hammers of Spirals; Holy Strike; Holy Sweep; Holy Sweep of Hammerfalls; Hydrosphere; Ice Crash; Ice Crash of Cadence; Ice Nova; Ice Nova of Deep Freeze; Ice Nova of Frostbolts; Ice Shot; Ice Shot of Penetration; Ice Spear; Ice Spear of Splitting; Ice Trap; Ice Trap of Hollowness; Icefire; Icicle Mine; Icicle Mine of Fanning; Icicle Mine of Sabotage; Ignite; Immortal Call; Incinerate; Incinerate of Expanse; Incinerate of Venting; Infernal Blow; Infernal Blow of Immolation; Infernal Cry; Infernal Sweep; Intimidating Cry; Intuitive Link; Kinetic Blast; Kinetic Blast of Clustering; Kinetic Bolt; Kinetic Bolt of Fragmentation; Kinetic Fusillade; Kinetic Fusillade of Detonation; Kinetic Rain; Kinetic Rain of Impact; Lacerate; Lacerate of Butchering; Lacerate of Haemorrhage; Lancing Steel; Lancing Steel of Spraying; Leap Slam; Leap Slam of Groundbreaking; Lightning Arrow; Lightning Arrow of Electrocution; Lightning Channel; Lightning Circle; Lightning Conduit; Lightning Conduit of the Heavens; Lightning Spire Trap; Lightning Spire Trap of Overloading; Lightning Spire Trap of Zapping; Lightning Strike; Lightning Strike of Arcing; Lightning Tendrils; Lightning Tendrils of Eccentricity; Lightning Tendrils of Escalation; Lightning Trap; Lightning Trap of Sparking; Lightning Warp; Malevolence; Mana-Infused Staff; Manabond; Mirror Arrow; Mirror Arrow of Bombarding Clones; Mirror Arrow of Prismatic Clones; Molten Shell; Molten Strike; Molten Strike of the Zenith; New Blade Vortex; New Shock Nova; NewPunishment; Orb of Storms; Orb of Storms of Squalls; Order: To me!; Overcharged Sinews; Pact of Beidat; Pact of Ghorr; Pact of K'Tash; Pact of Lycia; Penance Brand; Penance Brand of Conduction; Penance Brand of Dissipation; Perforate; Perforate of Bloodshed; Perforate of Duality; Pestilent Strike; Petrified Blood; Phase Run; Plague Bearer; Playtest Attack; Playtest Slam; Playtest Spell; Poacher's Mark; Poisonous Concoction; Poisonous Concoction of Bouncing; Portal; Power Siphon; Power Siphon of the Archmage; Precision; Preserving Stillness; Pride; Protective Link; Puncture; Puncture of Shanking; Punishment; Purifying Flame; Purifying Flame of Revelations; Purity of Elements; Purity of Fire; Purity of Ice; Purity of Lightning; Pyroclast Mine; Pyroclast Mine of Sabotage; Quickstep; Rage Vortex; Rage Vortex of Berserking; Rain of Arrows; Rain of Arrows of Artillery; Rain of Arrows of Saturation; Raise Spectre; Raise Spectre of Transience; Raise Zombie; Raise Zombie of Falling; Raise Zombie of Slamming; Rallying Cry; Reap; Reap of Butchery; Reave; Reave of Refraction; Rejuvenation Totem; Rending Steel; Rending Steel (NOT CURRENTLY USED); Return to Dust; Righteous Fire; Righteous Fire of Arcane Devotion; Righteous Lightning; Riptide; Rolling Magma; Scorching Ray; Scorching Ray of Immolation; Scourge Arrow; Scourge Arrow of Menace; Searing Bond; Searing Bond of Detonation; Seismic Cry; Seismic Trap; Seismic Trap of Swells; Seize the Flesh; Shadow Blades; Shattering Steel; Shattering Steel of Ammunition; Shield Charge; Shield Crush; Shield Crush of the Chieftain; Shield of Light; Shock Nova; Shock Nova of Procession; Shockwave Totem; Shockwave Totem of Authority; Shrapnel Ballista; Shrapnel Ballista of Steel; Siege Ballista; Siege Ballista of Splintering; Siege Ballista of Trarthus; Sigil of Power; Siphoning Trap; Siphoning Trap of Pain; Smite; Smite of Divine Judgement; Smoke Mine; Snipe; Sniper's Mark; Somatic Shell; Soul Link; Soulrend; Soulrend of Reaping; Soulrend of the Spiral; Spark; Spark of Unpredictability; Spark of the Nova; Spectral Helix; Spectral Helix of Trarthus; Spectral Shield Throw; Spectral Shield Throw of Shattering; Spectral Shield Throw of Trarthus; Spectral Spinning Weapon; Spectral Throw; Spectral Throw of Materialising; Spectral Throw of Trarthus; Spellslinger; Spirit Offering; Split Arrow; Split Arrow of Splitting; Splitting Steel; Splitting Steel of Ammunition; Static Strike; Static Strike of Gathering Lightning; Static Tether; Steelskin; Storm Brand; Storm Brand of Indecision; Storm Burst; Storm Burst of Repulsion; Storm Call; Storm Call of Trarthus; Storm Rain; Storm Rain of the Conduit; Storm Rain of the Fence; Stormbind; Stormbind of Teleportation; Stormblast Mine; Summon Carrion Golem; Summon Carrion Golem of Hordes; Summon Carrion Golem of Scavenging; Summon Chaos Golem; Summon Chaos Golem of Hordes; Summon Chaos Golem of the Maelström; Summon Flame Golem; Summon Flame Golem of Hordes; Summon Flame Golem of the Meteor; Summon Holy Relic; Summon Holy Relic of Conviction; Summon Ice Golem; Summon Ice Golem of Hordes; Summon Ice Golem of Shattering; Summon Lightning Golem; Summon Lightning Golem of Hordes; Summon Raging Spirit; Summon Raging Spirit of Enormity; Summon Reaper; Summon Reaper of Eviscerating; Summon Reaper of Revenants; Summon Skeletons; Summon Skeletons Channelled; Summon Skeletons of Archers; Summon Skeletons of Mages; Summon Skitterbots; Summon Stone Golem; Summon Stone Golem of Hordes; Summon Stone Golem of Safeguarding; Sunder; Sunder of Earthbreaking; Sunder of Trarthus; Sweep; Swordstorm; Tectonic Slam; Tectonic Slam of Cataclysm; Tempest Shield; Temporal Chains; Temporal Rift; Tender Embrace; The Great Avalanche; The Grey Wind Howls; Thunderstorm; Tornado; Tornado Shot; Tornado Shot of Cloudburst; Tornado of Elemental Turbulence; Touch of God; Toxic Rain; Toxic Rain of Sporeburst; Toxic Rain of Withering; Unearth; Unnamed2; Vaal Absolution; Vaal Ancestral Warchief; Vaal Animate Weapon; Vaal Arc; Vaal Arctic Armour; Vaal Blade Flurry; Vaal Blade Vortex; Vaal Blight; Vaal Breach; Vaal Burning Arrow; Vaal Caustic Arrow; Vaal Clarity; Vaal Cleave; Vaal Cold Snap; Vaal Cyclone; Vaal Detonate Dead; Vaal Discipline; Vaal Domination; Vaal Double Strike; Vaal Earthquake; Vaal Fire Trap; Vaal FireTrap; Vaal Fireball; Vaal Firestorm; Vaal Flameblast; Vaal Flesh Offering; Vaal Flicker Strike; Vaal Glacial Hammer; Vaal Grace; Vaal Ground Slam; Vaal Haste; Vaal Heavy Strike; Vaal Ice Nova; Vaal Ice Shot; Vaal Immortal Call; Vaal Impurity of Fire; Vaal Impurity of Ice; Vaal Impurity of Lightning; Vaal Lightning Arrow; Vaal Lightning Strike; Vaal Lightning Trap; Vaal Lightning Warp; Vaal Molten Shell; Vaal Molten Strike; Vaal Power Siphon; Vaal Rain of Arrows; Vaal Reap; Vaal Reave; Vaal Rejuvenation Totem; Vaal Righteous Fire; Vaal Smite; Vaal Spark; Vaal Spectral Throw; Vaal Split Arrow; Vaal Storm Call; Vaal Summon Skeletons; Vaal Sweep; Vaal Venom Gyre; Vaal Volcanic Fissure; Vampiric Link; Vengeful Cry; Venom Gyre; Vigilant Strike; Violent Desire; Viper Strike; Viper Strike of the Mamba; Vitality; Void Sphere; Void Sphere of Rending; Volatile Dead; Volatile Dead of Confinement; Volatile Dead of Seething; Volcanic Fissure; Volcanic Fissure of Snaking; Voltaxic Burst; Vortex; Vortex Mine; Vortex of Projection; Vulnerability; Wall of Force; Wand Teleport; War Banner; Warlord's Mark; Wave of Conviction; Wave of Conviction of Trarthus; Whirling Blades; Wild Strike; Wild Strike of Extremes; Wildfire; Winter Orb; Wintertide Brand; Wither; Withering Step; Wrath; Wreathed in Light; Zealotry; [DNT] Call of the Wild; [UNUSED] Blitz; [UNUSED] Blitz (NOT CURRENTLY USED); [UNUSED] Blood Whirl; [UNUSED] Bone Armour; [UNUSED] Coiling Assault; [UNUSED] DISCONTINUED; [UNUSED] Projectile Portal; [UNUSED] Quick Block; [UNUSED] Quick Block  (NOT CURRENTLY USED); [UNUSED] Replicate; [UNUSED] Replicate  (NOT CURRENTLY USED); [UNUSED] Serpent Strike; [UNUSED] Slice And Dice; [UNUSED] Slice and Dice (NOT CURRENTLY USED)
gem.activegem,leaf,apt,at armour.chest (different),1,0,0,0,1,0,Bone Armour
gem.activegem,leaf,pob,at armour.chest (different),1,0,0,0,1,0,Bone Armour
gem.activegem,leaf,site-coarse,at gem (the parent's level),349,0,348,0,1,0,Absolution; Alchemist's Mark; Ambush; Ancestral Cry; Ancestral Protector; Ancestral Warchief; Anger; Animate Guardian; Animate Weapon; Arc; Arcane Cloak; Arcanist Brand; Arctic Armour; Armageddon Brand; Artillery Ballista; Assassin's Mark; Autoexertion; Automation; Ball Lightning; Bane; Barrage; Battlemage's Cry; Bear Trap; Berserk; Blade Blast; Blade Flurry; Blade Trap; Blade Vortex; Bladefall; Bladestorm; Blast Rain; Blazing Salvo; Blight; Blink Arrow; Blood Rage; Blood and Sand; Bodyswap; Bone Offering; Boneshatter; Brand Recall; Burning Arrow; Caustic Arrow; Chain Hook; Charged Dash; Clarity; Cleave; Cobra Lash; Cold Snap; Conductivity; Conflagration; Consecrated Path; Contagion; Conversion Trap; Convocation; Corrupting Fever; Crackling Lance; Creeping Frost; Cremation; Crushing Fist; Cyclone; Dark Bargain; Dash; Decoy Totem; Defiance Banner; Desecrate; Despair; Destructive Link; Determination; Detonate Dead; Detonate Mines; Devouring Totem; Discharge; Discipline; Divine Blast; Divine Ire; Divine Retribution; Dominating Blow; Double Strike; Dread Banner; Dual Strike; Earthquake; Earthshatter; Elemental Hit; Elemental Weakness; Enduring Cry; Energy Blade; Enfeeble; Ensnaring Arrow; Essence Drain; Ethereal Knives; Eviscerate; Explosive Arrow; Explosive Concoction; Explosive Trap; Exsanguinate; Eye of Winter; Fire Trap; Fireball; Firestorm; Flame Dash; Flame Link; Flame Surge; Flame Wall; Flameblast; Flamethrower Trap; Flammability; Flesh Offering; Flesh and Stone; Flicker Strike; Forbidden Rite; Freezing Pulse; Frenzy; Frost Blades; Frost Bomb; Frost Shield; Frost Wall; Frostbite; Frostblink; Frostbolt; Frozen Legion; Galvanic Arrow; Galvanic Field; General's Cry; Glacial Cascade; Glacial Hammer; Glacial Shield Swipe; Grace; Ground Slam; Haste; Hatred; Heavy Strike; Herald of Agony; Herald of Ash; Herald of Ice; Herald of Purity; Herald of Thunder; Hexblast; Holy Flame Totem; Holy Hammers; Holy Strike; Holy Sweep; Hydrosphere; Ice Crash; Ice Nova; Ice Shot; Ice Spear; Ice Trap; Icicle Mine; Immortal Call; Incinerate; Infernal Blow; Infernal Cry; Intimidating Cry; Intuitive Link; Kinetic Blast; Kinetic Bolt; Kinetic Fusillade; Kinetic Rain; Lacerate; Lancing Steel; Leap Slam; Lightning Arrow; Lightning Conduit; Lightning Spire Trap; Lightning Strike; Lightning Tendrils; Lightning Trap; Lightning Warp; Malevolence; Mana-Infused Staff; Manabond; Mirror Arrow; Molten Shell; Molten Strike; Orb of Storms; Pact of Beidat; Pact of Ghorr; Pact of K'Tash; Pact of Lycia; Penance Brand; Perforate; Pestilent Strike; Petrified Blood; Phase Run; Plague Bearer; Poacher's Mark; Poisonous Concoction; Portal; Power Siphon; Precision; Pride; Protective Link; Puncture; Punishment; Purifying Flame; Purity of Elements; Purity of Fire; Purity of Ice; Purity of Lightning; Pyroclast Mine; Quickstep; Rage Vortex; Rain of Arrows; Raise Spectre; Raise Zombie; Rallying Cry; Reap; Reave; Rejuvenation Totem; Righteous Fire; Rolling Magma; Scorching Ray; Scourge Arrow; Searing Bond; Seismic Cry; Seismic Trap; Shattering Steel; Shield Charge; Shield Crush; Shield of Light; Shock Nova; Shockwave Totem; Shrapnel Ballista; Siege Ballista; Sigil of Power; Siphoning Trap; Smite; Smoke Mine; Snipe; Sniper's Mark; Somatic Shell; Soul Link; Soulrend; Spark; Spectral Helix; Spectral Shield Throw; Spectral Throw; Spellslinger; Spirit Offering; Split Arrow; Splitting Steel; Static Strike; Steelskin; Storm Brand; Storm Burst; Storm Call; Storm Rain; Stormbind; Stormblast Mine; Summon Carrion Golem; Summon Chaos Golem; Summon Flame Golem; Summon Holy Relic; Summon Ice Golem; Summon Lightning Golem; Summon Raging Spirit; Summon Reaper; Summon Skeletons; Summon Skitterbots; Summon Stone Golem; Sunder; Swordstorm; Tectonic Slam; Tempest Shield; Temporal Chains; Temporal Rift; Thunderstorm; Tornado; Tornado Shot; Toxic Rain; Unearth; Vaal Absolution; Vaal Ancestral Warchief; Vaal Animate Weapon; Vaal Arc; Vaal Arctic Armour; Vaal Blade Flurry; Vaal Blade Vortex; Vaal Blight; Vaal Breach; Vaal Burning Arrow; Vaal Caustic Arrow; Vaal Clarity; Vaal Cleave; Vaal Cold Snap; Vaal Cyclone; Vaal Detonate Dead; Vaal Discipline; Vaal Domination; Vaal Double Strike; Vaal Earthquake; Vaal Fireball; Vaal Firestorm; Vaal Flameblast; Vaal Flicker Strike; Vaal Glacial Hammer; Vaal Grace; Vaal Ground Slam; Vaal Haste; Vaal Ice Nova; Vaal Ice Shot; Vaal Immortal Call; Vaal Impurity of Fire; Vaal Impurity of Ice; Vaal Impurity of Lightning; Vaal Lightning Arrow; Vaal Lightning Strike; Vaal Lightning Trap; Vaal Lightning Warp; Vaal Molten Shell; Vaal Molten Strike; Vaal Power Siphon; Vaal Rain of Arrows; Vaal Reap; Vaal Reave; Vaal Rejuvenation Totem; Vaal Righteous Fire; Vaal Smite; Vaal Spark; Vaal Spectral Throw; Vaal Storm Call; Vaal Summon Skeletons; Vaal Venom Gyre; Vaal Volcanic Fissure; Vampiric Link; Vengeful Cry; Venom Gyre; Vigilant Strike; Viper Strike; Vitality; Void Sphere; Volatile Dead; Volcanic Fissure; Voltaxic Burst; Vortex; Vulnerability; Wall of Force; War Banner; Warlord's Mark; Wave of Conviction; Whirling Blades; Wild Strike; Winter Orb; Wintertide Brand; Wither; Withering Step; Wrath; Zealotry
gem.supportgem,leaf,export,exact,236,236,0,0,0,0,Added Chaos Damage Support; Added Cold Damage Support; Added Fire Damage Support; Added Lightning Damage Support; Additional Accuracy Support; Advanced Traps Support; Ancestral Call Support; Annihilation Support; Arcane Surge Support; Archmage Support; Arrogance Support; Arrow Nova Support; Ballista Totem Support; Barrage Support; Behead Support; Blasphemy Support; Blastchain Mine Support; Blessed Call Support; Blind Support; Block Chance Reduction Support; Bloodlust Support; Bloodsoaked Banner Support; Bloodthirst Support; Bonechill Support; Bonespire Support; Brutality Support; Burning Damage Support; Cast On Critical Strike Support; Cast on Death Support; Cast on Melee Kill Support; Cast on Ward Break Support; Cast when Damage Taken Support; Cast when Stunned Support; Cast while Channelling Support; Chain Support; Chance to Bleed Support; Chance to Flee Support; Chance to Poison Support; Charged Mines Support; Charged Traps Support; Close Combat Support; Cluster Traps Support; Cold Penetration Support; Cold to Fire Support; Combustion Support; Communion Support; Companionship Support; Concentrated Effect Support; Congregation Support; Controlled Blaze Support; Controlled Destruction Support; Cooldown Recovery Support; Corrupting Cry Support; Coursing Current Support; Critical Strike Affliction Support; Cruelty Support; Crystalfall Support; Cull the Weak Support; Culling Strike Support; Cursed Ground Support; Damage on Full Life Support; Deadly Ailments Support; Decay Support; Devour Support; Divine Blessing Support; Divine Sentinel Support; Earthbreaker Support; Eclipse Support; Edify Support; Efficacy Support; Eldritch Blasphemy Support; Elemental Army Support; Elemental Damage with Attacks Support; Elemental Focus Support; Elemental Penetration Support; Elemental Proliferation Support; Empower Support; Endurance Charge on Melee Stun Support; Energy Leech Support; Enhance Support; Enlighten Support; Eternal Blessing Support; Excommunicate Support; Exemplar Support; Expert Retaliation Support; Faster Attacks Support; Faster Casting Support; Faster Projectiles Support; Feeding Frenzy Support; Fire Penetration Support; Fissure Support; Fist of War Support; Flamewood Support; Focused Ballista Support; Focused Channelling Support; Fork Support; Fortify Support; Foulgrasp Support; Fresh Meat Support; Frigid Bond Support; Frostmage Support; Generosity Support; Gluttony Support; Greater Ancestral Call Support; Greater Chain Support; Greater Devour Support; Greater Fork Support; Greater Kinetic Instability Support; Greater Multiple Projectiles Support; Greater Multistrike Support; Greater Spell Cascade Support; Greater Spell Echo Support; Greater Unleash Support; Greater Volley Support; Guardian's Blessing Support; Hallow Support; Harrowing Throng Support; Hex Bloom Support; Hexpass Support; Hextoad Support; Hextouch Support; High-Impact Mine Support; Hiveborn Support; Hypothermia Support; Ice Bite Support; Ignite Proliferation Support; Immolate Support; Impale Support; Impending Doom Support; Increased Area of Effect Support; Increased Critical Damage Support; Increased Critical Strikes Support; Increased Duration Support; Infernal Legion Support; Infused Channelling Support; Innervate Support; Inspiration Support; Intensify Support; Invention Support; Invert the Rules Support; Iron Grip Support; Iron Will Support; Item Quantity Support; Item Rarity Support; Kinetic Instability Support; Knockback Support; Less Duration Support; Lesser Reduced Mana Cost Support; Lethal Dose Support; Life Gain on Hit Support; Life Leech Support; Lifetap Support; Lightning Penetration Support; Living Lightning Support; Locus Mine Support; Machinations Support; Magnetism Support; Maim Support; Mana Leech Support; Manaforged Arrows Support; Mark On Hit Support; Meat Shield Support; Melee Physical Damage Support; Melee Splash Support; Minefield Support; Minion Damage Support; Minion Life Support; Minion Speed Support; Mirage Archer Support; Momentum Support; More Duration Support; Multiple Projectiles Support; Multiple Totems Support; Multiple Traps Support; Multistrike Support; Nightblade Support; Overcharge Support; Overexertion Support; Overheat Support; Overloaded Intensity Support; Pacifism Support; Physical to Lightning Support; Pierce Support; Pinpoint Support; Point Blank Support; Power Charge On Critical Support; Predator Support; Prismatic Burst Support; Pulverise Support; Pyre Support; Rage Support; Returning Projectiles Support; Rupture Support; Ruthless Support; Sacred Wisps Support; Sacrifice Support; Sadism Support; Scornful Herald Support; Second Wind Support; Shockwave Support; Slower Projectiles Support; Spell Cascade Support; Spell Echo Support; Spell Totem Support; Spellblade Support; Split Projectiles Support; Stun Support; Summon Phantasm Support; Swift Affliction Support; Swift Assembly Support; Swiftbrand Support; Transfusion Support; Trap Support; Trap and Mine Damage Support; Trauma Support; Trinity Support; Unbound Ailments Support; Unholy Trinity Support; Unleash Support; Urgent Orders Support; Vaal Sacrifice Support; Vaal Soul Harvesting; Vaal Temptation Support; Vicious Projectiles Support; Vile Toxins Support; Void Manipulation Support; Void Shockwave Support; Voidstorm Support; Volatility Support; Volley Support; WIP Support; Ward Support; Windburst Support; Withering Touch Support; [UNUSED] Conflagration Support; [UNUSED] Handcast Rapid Fire
gem.supportgem,leaf,site-coarse,at gem (the parent's level),224,0,224,0,0,0,Added Chaos Damage Support; Added Cold Damage Support; Added Fire Damage Support; Added Lightning Damage Support; Additional Accuracy Support; Advanced Traps Support; Ancestral Call Support; Annihilation Support; Arcane Surge Support; Archmage Support; Arrogance Support; Arrow Nova Support; Ballista Totem Support; Barrage Support; Behead Support; Blasphemy Support; Blastchain Mine Support; Blessed Call Support; Blind Support; Block Chance Reduction Support; Bloodlust Support; Bloodsoaked Banner Support; Bloodthirst Support; Bonechill Support; Bonespire Support; Brutality Support; Burning Damage Support; Cast On Critical Strike Support; Cast on Death Support; Cast on Melee Kill Support; Cast on Ward Break Support; Cast when Damage Taken Support; Cast when Stunned Support; Cast while Channelling Support; Chain Support; Chance to Bleed Support; Chance to Flee Support; Chance to Poison Support; Charged Mines Support; Charged Traps Support; Close Combat Support; Cluster Traps Support; Cold Penetration Support; Cold to Fire Support; Combustion Support; Communion Support; Companionship Support; Concentrated Effect Support; Congregation Support; Controlled Blaze Support; Controlled Destruction Support; Cooldown Recovery Support; Corrupting Cry Support; Coursing Current Support; Critical Strike Affliction Support; Cruelty Support; Crystalfall Support; Cull the Weak Support; Culling Strike Support; Cursed Ground Support; Damage on Full Life Support; Deadly Ailments Support; Decay Support; Devour Support; Divine Sentinel Support; Earthbreaker Support; Eclipse Support; Efficacy Support; Eldritch Blasphemy Support; Elemental Army Support; Elemental Damage with Attacks Support; Elemental Focus Support; Elemental Penetration Support; Elemental Proliferation Support; Empower Support; Endurance Charge on Melee Stun Support; Energy Leech Support; Enhance Support; Enlighten Support; Eternal Blessing Support; Excommunicate Support; Exemplar Support; Expert Retaliation Support; Faster Attacks Support; Faster Casting Support; Faster Projectiles Support; Feeding Frenzy Support; Fire Penetration Support; Fissure Support; Fist of War Support; Flamewood Support; Focused Ballista Support; Focused Channelling Support; Fork Support; Fortify Support; Foulgrasp Support; Fresh Meat Support; Frigid Bond Support; Frostmage Support; Generosity Support; Gluttony Support; Greater Ancestral Call Support; Greater Chain Support; Greater Devour Support; Greater Fork Support; Greater Kinetic Instability Support; Greater Multiple Projectiles Support; Greater Multistrike Support; Greater Spell Cascade Support; Greater Spell Echo Support; Greater Unleash Support; Greater Volley Support; Guardian's Blessing Support; Hallow Support; Hex Bloom Support; Hexpass Support; Hextoad Support; Hextouch Support; High-Impact Mine Support; Hiveborn Support; Hypothermia Support; Ice Bite Support; Ignite Proliferation Support; Immolate Support; Impale Support; Impending Doom Support; Increased Area of Effect Support; Increased Critical Damage Support; Increased Critical Strikes Support; Infernal Legion Support; Infused Channelling Support; Innervate Support; Inspiration Support; Intensify Support; Invention Support; Invert the Rules Support; Iron Grip Support; Iron Will Support; Item Quantity Support; Item Rarity Support; Kinetic Instability Support; Knockback Support; Less Duration Support; Lethal Dose Support; Life Gain on Hit Support; Life Leech Support; Lifetap Support; Lightning Penetration Support; Living Lightning Support; Locus Mine Support; Machinations Support; Maim Support; Mana Leech Support; Manaforged Arrows Support; Mark On Hit Support; Meat Shield Support; Melee Physical Damage Support; Melee Splash Support; Minefield Support; Minion Damage Support; Minion Life Support; Minion Speed Support; Mirage Archer Support; Momentum Support; More Duration Support; Multiple Projectiles Support; Multiple Totems Support; Multiple Traps Support; Multistrike Support; Nightblade Support; Overcharge Support; Overexertion Support; Overheat Support; Overloaded Intensity Support; Pacifism Support; Physical to Lightning Support; Pierce Support; Pinpoint Support; Point Blank Support; Power Charge On Critical Support; Predator Support; Prismatic Burst Support; Pulverise Support; Pyre Support; Rage Support; Returning Projectiles Support; Rupture Support; Ruthless Support; Sacred Wisps Support; Sacrifice Support; Sadism Support; Scornful Herald Support; Second Wind Support; Shockwave Support; Slower Projectiles Support; Spell Cascade Support; Spell Echo Support; Spell Totem Support; Spellblade Support; Stun Support; Summon Phantasm Support; Swift Affliction Support; Swift Assembly Support; Swiftbrand Support; Transfusion Support; Trap Support; Trap and Mine Damage Support; Trauma Support; Trinity Support; Unbound Ailments Support; Unholy Trinity Support; Unleash Support; Urgent Orders Support; Vaal Sacrifice Support; Vaal Temptation Support; Vicious Projectiles Support; Vile Toxins Support; Void Manipulation Support; Void Shockwave Support; Voidstorm Support; Volatility Support; Volley Support; Windburst Support; Withering Touch Support
gem.supportgemplus,leaf,export,exact,38,38,0,0,0,0,Awakened Added Chaos Damage Support; Awakened Added Cold Damage Support; Awakened Added Fire Damage Support; Awakened Added Lightning Damage Support; Awakened Ancestral Call Support; Awakened Arrow Nova Support; Awakened Blasphemy Support; Awakened Brutality Support; Awakened Burning Damage Support; Awakened Cast On Critical Strike Support; Awakened Cast While Channelling Support; Awakened Chain Support; Awakened Cold Penetration Support; Awakened Controlled Destruction Support; Awakened Deadly Ailments Support; Awakened Elemental Damage with Attacks Support; Awakened Elemental Focus Support; Awakened Empower Support; Awakened Enhance Support; Awakened Enlighten Support; Awakened Fire Penetration Support; Awakened Fork Support; Awakened Generosity Support; Awakened Greater Multiple Projectiles Support; Awakened Hextouch Support; Awakened Increased Area of Effect Support; Awakened Lightning Penetration Support; Awakened Melee Physical Damage Support; Awakened Melee Splash Support; Awakened Minion Damage Support; Awakened Multistrike Support; Awakened Spell Cascade Support; Awakened Spell Echo Support; Awakened Swift Affliction Support; Awakened Unbound Ailments Support; Awakened Unleash Support; Awakened Vicious Projectiles Support; Awakened Void Manipulation Support
gem.supportgemplus,leaf,site-coarse,at gem (the parent's level),38,0,38,0,0,0,Awakened Added Chaos Damage Support; Awakened Added Cold Damage Support; Awakened Added Fire Damage Support; Awakened Added Lightning Damage Support; Awakened Ancestral Call Support; Awakened Arrow Nova Support; Awakened Blasphemy Support; Awakened Brutality Support; Awakened Burning Damage Support; Awakened Cast On Critical Strike Support; Awakened Cast While Channelling Support; Awakened Chain Support; Awakened Cold Penetration Support; Awakened Controlled Destruction Support; Awakened Deadly Ailments Support; Awakened Elemental Damage with Attacks Support; Awakened Elemental Focus Support; Awakened Empower Support; Awakened Enhance Support; Awakened Enlighten Support; Awakened Fire Penetration Support; Awakened Fork Support; Awakened Generosity Support; Awakened Greater Multiple Projectiles Support; Awakened Hextouch Support; Awakened Increased Area of Effect Support; Awakened Lightning Penetration Support; Awakened Melee Physical Damage Support; Awakened Melee Splash Support; Awakened Minion Damage Support; Awakened Multistrike Support; Awakened Spell Cascade Support; Awakened Spell Echo Support; Awakened Swift Affliction Support; Awakened Unbound Ailments Support; Awakened Unleash Support; Awakened Vicious Projectiles Support; Awakened Void Manipulation Support
jewel,prefix parent,site-coarse,coarse id,13,0,13,0,0,0,Assembled Eye Jewel; Cobalt Jewel; Crimson Jewel; Ghastly Eye Jewel; Hypnotic Eye Jewel; Large Cluster Jewel; Medium Cluster Jewel; Murderous Eye Jewel; Prismatic Jewel; Searching Eye Jewel; Small Cluster Jewel; Timeless Jewel; Viridian Jewel
jewel,prefix parent,apt,exact,5,0,5,0,0,0,Cobalt Jewel; Crimson Jewel; Prismatic Jewel; Timeless Jewel; Viridian Jewel
jewel,prefix parent,pob,exact,11,0,8,0,0,3,Cobalt Jewel; Corvine Charm; Crimson Jewel; Large Cluster Jewel; Lupine Charm; Medium Cluster Jewel; Prismatic Jewel; Small Cluster Jewel; Timeless Jewel; Ursine Charm; Viridian Jewel
jewel.base,leaf,export,exact,5,5,0,0,0,0,Cobalt Jewel; Crimson Jewel; Prismatic Jewel; Timeless Jewel; Viridian Jewel
jewel.base,leaf,apt,at jewel (nested by the dot),5,0,5,0,0,0,Cobalt Jewel; Crimson Jewel; Prismatic Jewel; Timeless Jewel; Viridian Jewel
jewel.base,leaf,pob,at jewel (nested by the dot),5,0,5,0,0,0,Cobalt Jewel; Crimson Jewel; Prismatic Jewel; Timeless Jewel; Viridian Jewel
jewel.base,leaf,site-coarse,at jewel (the parent's level),5,0,5,0,0,0,Cobalt Jewel; Crimson Jewel; Prismatic Jewel; Timeless Jewel; Viridian Jewel
jewel.abyss,leaf,export,exact,5,5,0,0,0,0,Assembled Eye Jewel; Ghastly Eye Jewel; Hypnotic Eye Jewel; Murderous Eye Jewel; Searching Eye Jewel
jewel.abyss,leaf,apt,exact,5,5,0,0,0,0,Assembled Eye Jewel; Ghastly Eye Jewel; Hypnotic Eye Jewel; Murderous Eye Jewel; Searching Eye Jewel
jewel.abyss,leaf,pob,exact,5,5,0,0,0,0,Assembled Eye Jewel; Ghastly Eye Jewel; Hypnotic Eye Jewel; Murderous Eye Jewel; Searching Eye Jewel
jewel.abyss,leaf,site-coarse,at jewel (the parent's level),5,0,5,0,0,0,Assembled Eye Jewel; Ghastly Eye Jewel; Hypnotic Eye Jewel; Murderous Eye Jewel; Searching Eye Jewel
jewel.cluster,leaf,export,exact,3,3,0,0,0,0,Large Cluster Jewel; Medium Cluster Jewel; Small Cluster Jewel
jewel.cluster,leaf,apt,exact,3,3,0,0,0,0,Large Cluster Jewel; Medium Cluster Jewel; Small Cluster Jewel
jewel.cluster,leaf,pob,at jewel (nested by the dot),3,0,3,0,0,0,Large Cluster Jewel; Medium Cluster Jewel; Small Cluster Jewel
jewel.cluster,leaf,site-coarse,at jewel (the parent's level),3,0,3,0,0,0,Large Cluster Jewel; Medium Cluster Jewel; Small Cluster Jewel
flask,leaf,export,exact,48,48,0,0,0,0,Amethyst Flask; Aquamarine Flask; Basalt Flask; Bismuth Flask; Colossal Hybrid Flask; Colossal Life Flask; Colossal Mana Flask; Corundum Flask; Diamond Flask; Divine Life Flask; Divine Mana Flask; Eternal Life Flask; Eternal Mana Flask; Giant Life Flask; Giant Mana Flask; Gold Flask; Grand Life Flask; Grand Mana Flask; Granite Flask; Greater Life Flask; Greater Mana Flask; Hallowed Hybrid Flask; Hallowed Life Flask; Hallowed Mana Flask; Iron Flask; Jade Flask; Large Hybrid Flask; Large Life Flask; Large Mana Flask; Medium Hybrid Flask; Medium Life Flask; Medium Mana Flask; Quartz Flask; Quicksilver Flask; Ruby Flask; Sacred Hybrid Flask; Sacred Life Flask; Sacred Mana Flask; Sanctified Life Flask; Sanctified Mana Flask; Sapphire Flask; Silver Flask; Small Hybrid Flask; Small Life Flask; Small Mana Flask; Stibnite Flask; Sulphur Flask; Topaz Flask
flask,leaf,site-coarse,coarse id,48,48,0,0,0,0,Amethyst Flask; Aquamarine Flask; Basalt Flask; Bismuth Flask; Colossal Hybrid Flask; Colossal Life Flask; Colossal Mana Flask; Corundum Flask; Diamond Flask; Divine Life Flask; Divine Mana Flask; Eternal Life Flask; Eternal Mana Flask; Giant Life Flask; Giant Mana Flask; Gold Flask; Grand Life Flask; Grand Mana Flask; Granite Flask; Greater Life Flask; Greater Mana Flask; Hallowed Hybrid Flask; Hallowed Life Flask; Hallowed Mana Flask; Iron Flask; Jade Flask; Large Hybrid Flask; Large Life Flask; Large Mana Flask; Medium Hybrid Flask; Medium Life Flask; Medium Mana Flask; Quartz Flask; Quicksilver Flask; Ruby Flask; Sacred Hybrid Flask; Sacred Life Flask; Sacred Mana Flask; Sanctified Life Flask; Sanctified Mana Flask; Sapphire Flask; Silver Flask; Small Hybrid Flask; Small Life Flask; Small Mana Flask; Stibnite Flask; Sulphur Flask; Topaz Flask
flask,leaf,apt,exact,48,48,0,0,0,0,Amethyst Flask; Aquamarine Flask; Basalt Flask; Bismuth Flask; Colossal Hybrid Flask; Colossal Life Flask; Colossal Mana Flask; Corundum Flask; Diamond Flask; Divine Life Flask; Divine Mana Flask; Eternal Life Flask; Eternal Mana Flask; Giant Life Flask; Giant Mana Flask; Gold Flask; Grand Life Flask; Grand Mana Flask; Granite Flask; Greater Life Flask; Greater Mana Flask; Hallowed Hybrid Flask; Hallowed Life Flask; Hallowed Mana Flask; Iron Flask; Jade Flask; Large Hybrid Flask; Large Life Flask; Large Mana Flask; Medium Hybrid Flask; Medium Life Flask; Medium Mana Flask; Quartz Flask; Quicksilver Flask; Ruby Flask; Sacred Hybrid Flask; Sacred Life Flask; Sacred Mana Flask; Sanctified Life Flask; Sanctified Mana Flask; Sapphire Flask; Silver Flask; Small Hybrid Flask; Small Life Flask; Small Mana Flask; Stibnite Flask; Sulphur Flask; Topaz Flask
flask,leaf,pob,exact,48,48,0,0,0,0,Amethyst Flask; Aquamarine Flask; Basalt Flask; Bismuth Flask; Colossal Hybrid Flask; Colossal Life Flask; Colossal Mana Flask; Corundum Flask; Diamond Flask; Divine Life Flask; Divine Mana Flask; Eternal Life Flask; Eternal Mana Flask; Giant Life Flask; Giant Mana Flask; Gold Flask; Grand Life Flask; Grand Mana Flask; Granite Flask; Greater Life Flask; Greater Mana Flask; Hallowed Hybrid Flask; Hallowed Life Flask; Hallowed Mana Flask; Iron Flask; Jade Flask; Large Hybrid Flask; Large Life Flask; Large Mana Flask; Medium Hybrid Flask; Medium Life Flask; Medium Mana Flask; Quartz Flask; Quicksilver Flask; Ruby Flask; Sacred Hybrid Flask; Sacred Life Flask; Sacred Mana Flask; Sanctified Life Flask; Sanctified Mana Flask; Sapphire Flask; Silver Flask; Small Hybrid Flask; Small Life Flask; Small Mana Flask; Stibnite Flask; Sulphur Flask; Topaz Flask
flask,leaf,site-coarse,at flask (the parent's level),48,0,48,0,0,0,Amethyst Flask; Aquamarine Flask; Basalt Flask; Bismuth Flask; Colossal Hybrid Flask; Colossal Life Flask; Colossal Mana Flask; Corundum Flask; Diamond Flask; Divine Life Flask; Divine Mana Flask; Eternal Life Flask; Eternal Mana Flask; Giant Life Flask; Giant Mana Flask; Gold Flask; Grand Life Flask; Grand Mana Flask; Granite Flask; Greater Life Flask; Greater Mana Flask; Hallowed Hybrid Flask; Hallowed Life Flask; Hallowed Mana Flask; Iron Flask; Jade Flask; Large Hybrid Flask; Large Life Flask; Large Mana Flask; Medium Hybrid Flask; Medium Life Flask; Medium Mana Flask; Quartz Flask; Quicksilver Flask; Ruby Flask; Sacred Hybrid Flask; Sacred Life Flask; Sacred Mana Flask; Sanctified Life Flask; Sanctified Mana Flask; Sapphire Flask; Silver Flask; Small Hybrid Flask; Small Life Flask; Small Mana Flask; Stibnite Flask; Sulphur Flask; Topaz Flask
map,prefix parent,export,exact,297,297,0,0,0,0,Abomination Map; Academy Map; Acid Caverns Map; Agility Contract; Al-Hezmin's Citadel Map; Alleyways Map; Ancient City Map; Ancient Reliquary Key; Arachnid Nest Map; Arachnid Tomb Map; Arcade Map; Archive Reliquary Key; Arena Map; Arid Lake Map; Armoury Map; Arsenal Map; Ashen Wood Map; Atoll Map; Baran's Citadel Map; Barrows Map; Basilica Map; Bazaar Map; Beach Map; Belfry Map; Blight-ravaged Map; Blighted Map; Blueprint; Bog Map; Bone Crypt Map; Bramble Valley Map; Brute Force Contract; Burial Chambers Map; Cage Map; Caldera Map; Canyon Map; Carcass Map; Castle Ruins Map; Cells Map; Cemetery Map; Chambers of Impurity Map; Channel Map; Chateau Map; Chayula's Breachstone; Chronicle of Atzoatl; Citadel Map; City Square Map; Cold River Map; Colonnade Map; Colosseum Map; Conservatory Map; Constrictor-Occupied Map; Coral Ruins Map; Core Map; Cosmic Reliquary Key; Counter-Thaumaturgy Contract; Courthouse Map; Courtyard Map; Courtyard of Wasting Map; Coves Map; Crater Map; Crimson Temple Map; Crimson Township Map; Crystal Ore Map; Cursed Crypt Map; Dark Forest Map; Decaying Reliquary Key; Deception Contract; Defiled Cathedral Map; Demolition Contract; Desert Map; Desert Spring Map; Dig Map; Drox's Citadel Map; Dry Sea Map; Dunes Map; Dungeon Map; Engineering Contract; Engraved Ultimatum; Enslaver-Occupied Map; Eradicator-Occupied Map; Esh's Breachstone; Estuary Map; Excavation Map; Factory Map; Fields Map; Flooded Mine Map; Forbidden Woods Map; Forge of the Phoenix Map; Forgotten Reliquary Key; Forking River Map; Fortress Map; Foundry Map; Frozen Cabins Map; Fungal Hollow Map; Gardens Map; Geode Map; Ghetto Map; Glacier Map; Grave Trough Map; Graveyard Map; Grotto Map; Harbinger Map; Haunted Mansion Map; Iceberg Map; Infested Valley Map; Inscribed Ultimatum; Ivory Temple Map; Jungle Valley Map; Laboratory Map; Lair Map; Lair of the Hydra Map; Lava Chamber Map; Lava Lake Map; Leyline Map; Lighthouse Map; Lockpicking Contract; Lonely Reliquary Key; Lookout Map; Malformation Map; Map; Map (Tier 1); Map (Tier 10); Map (Tier 11); Map (Tier 12); Map (Tier 13); Map (Tier 14); Map (Tier 15); Map (Tier 16); Map (Tier 2); Map (Tier 3); Map (Tier 4); Map (Tier 5); Map (Tier 6); Map (Tier 7); Map (Tier 8); Map (Tier 9); Marshes Map; Mausoleum Map; Maze Map; Maze of the Minotaur Map; Mesa Map; Mineral Pools Map; Mirrored Tablet; Moon Temple Map; Mud Geyser Map; Museum Map; Necropolis Map; Nightmare Map; Orchard Map; Oubliette Reliquary Key; Overgrown Ruin Map; Overgrown Shrine Map; Palace Map; Park Map; Pen Map; Peninsula Map; Perception Contract; Phantasmagoria Map; Pier Map; Pit Map; Pit of the Chimera Map; Plateau Map; Plaza Map; Port Map; Precinct Map; Primeval Remnant; Primordial Blocks Map; Primordial Pool Map; Primordial Remnant; Promenade Map; Purifier-Occupied Map; Racecourse Map; Ramparts Map; Reef Map; Relic Chambers Map; Residence Map; Reverent Reliquary Key; Sanctuary Map; Scriptorium Map; Sepulchre Map; Serpent Extract; Shaped Academy Map; Shaped Acid Caverns Map; Shaped Ancient City Map; Shaped Arachnid Nest Map; Shaped Arachnid Tomb Map; Shaped Arcade Map; Shaped Arena Map; Shaped Arid Lake Map; Shaped Armoury Map; Shaped Arsenal Map; Shaped Ashen Wood Map; Shaped Atoll Map; Shaped Barrows Map; Shaped Beach Map; Shaped Bog Map; Shaped Bone Crypt Map; Shaped Burial Chambers Map; Shaped Canyon Map; Shaped Castle Ruins Map; Shaped Cells Map; Shaped Cemetery Map; Shaped Channel Map; Shaped Colonnade Map; Shaped Courtyard Map; Shaped Coves Map; Shaped Crystal Ore Map; Shaped Cursed Crypt Map; Shaped Desert Map; Shaped Desert Spring Map; Shaped Dunes Map; Shaped Dungeon Map; Shaped Factory Map; Shaped Flooded Mine Map; Shaped Gardens Map; Shaped Geode Map; Shaped Ghetto Map; Shaped Graveyard Map; Shaped Grotto Map; Shaped Jungle Valley Map; Shaped Malformation Map; Shaped Marshes Map; Shaped Mesa Map; Shaped Mud Geyser Map; Shaped Museum Map; Shaped Orchard Map; Shaped Overgrown Shrine Map; Shaped Peninsula Map; Shaped Phantasmagoria Map; Shaped Pier Map; Shaped Pit Map; Shaped Port Map; Shaped Primordial Pool Map; Shaped Promenade Map; Shaped Racecourse Map; Shaped Ramparts Map; Shaped Reef Map; Shaped Shore Map; Shaped Spider Forest Map; Shaped Spider Lair Map; Shaped Strand Map; Shaped Temple Map; Shaped Thicket Map; Shaped Tower Map; Shaped Toxic Sewer Map; Shaped Tropical Island Map; Shaped Underground River Map; Shaped Vaal Pyramid Map; Shaped Villa Map; Shaped Waste Pool Map; Shaped Wharf Map; Shaper Guardian Map; Shiny Reliquary Key; Shipyard Map; Shore Map; Shrine Map; Siege Map; Silo Map; Spider Forest Map; Spider Lair Map; Stagnation Map; Strand Map; Sulphur Vents Map; Summit Map; Sunken City Map; Synthesised Map; Temple Map; Terrace Map; The Shaper's Realm; Theatre of Lies Map; Thicket Map; Timeworn Reliquary Key; Tower Map; Toxic Sewer Map; Trap Disarmament Contract; Traumatic Reliquary Key; Tropical Island Map; Tul's Breachstone; Underground River Map; Underground Sea Map; Uul-Netol's Breachstone; Vaal Pyramid Map; Vaal Reliquary Key; Vaal Temple Map; Valdo Map; Vault Map; Veritania's Citadel Map; Villa Map; Visceral Reliquary Key; Voidborn Reliquary Key; Volcano Map; Waste Pool Map; Wasteland Map; Waterways Map; Wharf Map; Xoph's Breachstone; Ziggurat Map
map,prefix parent,site-coarse,coarse id,519,27,283,0,0,209,10021; 10211; 10687; 11215; 11490; 11533; 11724; 1215; 12635; 12937; 1371; 14879; 15108; 15595; 16355; 16982; 17533; 17684; 18545; 18547; 19420; 19776; 19828; 19999; 20216; 20343; 21257; 2144; 22278; 22593; 2279; 23253; 2336; 24414; 24497; 25202; 25302; 25370; 2545; 25747; 26156; 26468; 26732; 27716; 27782; 27821; 28018; 28402; 29382; 30639; 31349; 31509; 3182; 32613; 33025; 33220; 3421; 34425; 34447; 34760; 34832; 34997; 35076; 35162; 35484; 36207; 36357; 36556; 36866; 36946; 3756; 3775; 38080; 3883; 38855; 39459; 4003; 40753; 41363; 41751; 41763; 42115; 42556; 42558; 42968; 43016; 43308; 43432; 43561; 43927; 44170; 44259; 44313; 44762; 45792; 4592; 4651; 46524; 46612; 47088; 4755; 47614; 47634; 47897; 48831; 49159; 49687; 49777; 5132; 51403; 51878; 52736; 53075; 53116; 53637; 53902; 53973; 54239; 54446; 54575; 54757; 5647; 57536; 57690; 57831; 57839; 58250; 58981; 59084; 59460; 60607; 60634; 60732; 6074; 62685; 63065; 64256; 64414; 64812; 6755; 7088; 737; 7465; 8544; 8823; Abyss Scarab; Abyss Scarab of Crystals; Abyss Scarab of Descending; Abyss Scarab of Multitudes; Abyss Scarab of the Consort; Al-Hezmin's Crest; Allflame Ember of Flesh; Allflame Ember of Kulemak; Allflame Ember of Propagation; Allflame Ember of Resplendence; Allflame Ember of Toads; Allflame Ember of the Ethereal; Allflame Ember of the Gilded; Allflame Ember of the Wildwood; Ambush Scarab; Ambush Scarab of Containment; Ambush Scarab of Discernment; Ambush Scarab of Hidden Compartments; Ambush Scarab of Potency; An Audience With The King; Anarchy Scarab; Anarchy Scarab of Gigantification; Anarchy Scarab of Partnership; Anarchy Scarab of the Exceptional; Ancient Reliquary Key; Archive Reliquary Key; AurasMinionsTemplarSmite; AurasMinionsTemplarSmiteNoble; AurasMinionsTemplarSmiteRuckusNoble; AurasMinionsTemplarSpectres; AurasMinionsTemplarSpectresNoble; AurasMinionsTemplarStaff; AurasMinionsTemplarStaffNoble; Awakening Fragment; Baran's Crest; Bestiary Scarab; Bestiary Scarab of Duplicating; Bestiary Scarab of the Herd; Bestiary Scarab of the Shadowed Crow; Betrayal Scarab; Betrayal Scarab of Reinforcements; Betrayal Scarab of Unbreaking; Betrayal Scarab of the Allflame; Beyond Scarab; Beyond Scarab of Corruption; Beyond Scarab of Haemophilia; Beyond Scarab of Resurgence; Beyond Scarab of the Invasion; Blazing Fragment; Blight Scarab; Blight Scarab of Blooming; Blight Scarab of Bounty; Blight Scarab of Invigoration; Blight Scarab of the Blightheart; Blood-filled Vessel; Breach Scarab of Instability; Breach Scarab of Resonant Cascade; Breach Scarab of the Dreamer; Breach Scarab of the Hive; Breach Scarab of the Incensed Swarm; Breach Scarab of the Marshal; Cartography Scarab of Corruption; Cartography Scarab of Escalation; Cartography Scarab of Risk; Cartography Scarab of Singularity; Cartography Scarab of the Multitude; ChaosMinionWitchChaosHit; ChaosMinionWitchChaosHitNoble; ChaosMinionWitchDot; ChaosMinionWitchDotNoble; ChaosMinionWitchInstability; ChaosMinionWitchInstabilityNoble; Chayula's Breachstone; Chayula's Flawless Breachstone; Chronicle of Atzoatl; Cosmic Fragment; Cosmic Reliquary Key; Craicic Lure; Crit1HShadowPhysSpell; Crit1HShadowPhysSpellNoble; Crit1HShadowPoison; Crit1HShadowPoisonNoble; Decaying Fragment; Decaying Reliquary Key; Dedication to the Goddess; Delirium Scarab; Delirium Scarab of Delusions; Delirium Scarab of Mania; Delirium Scarab of Neuroses; Delirium Scarab of Paranoia; Devouring Fragment; Divination Scarab of Pilfering; Divination Scarab of Plenty; Divination Scarab of The Cloister; Divine Vessel; DivingDuelist; DivingDuelistNoble; Domination Scarab; Domination Scarab of Apparitions; Domination Scarab of Evolution; Domination Scarab of Terrors; Drox's Crest; Eber's Key; Echo of Loneliness; Echo of Reverence; Echo of Trauma; EleBowRangerClones; EleBowRangerClonesNoble; EleBowRangerFire; EleBowRangerFireNoble; EleBowRangerLightning; ElementalWitchCold; ElementalWitchColdNoble; ElementalWitchFire; ElementalWitchLightning; ElementalWitchLightningNoble; Esh's Breachstone; Esh's Flawless Breachstone; Essence Scarab; Essence Scarab of Adaptation; Essence Scarab of Ascent; Essence Scarab of Calcification; Essence Scarab of Stability; Expedition Scarab; Expedition Scarab of Archaeology; Expedition Scarab of Infusion; Expedition Scarab of Runefinding; Expedition Scarab of Verisium Powder; Farric Lure; Fenumal Lure; Forgotten Reliquary Key; Fragment of Constriction; Fragment of Emptiness; Fragment of Enslavement; Fragment of Eradication; Fragment of Knowledge; Fragment of Purification; Fragment of Shape; Fragment of Terror; Fragment of the Chimera; Fragment of the Hydra; Fragment of the Minotaur; Fragment of the Phoenix; Gift to the Goddess; Gilded Abyss Scarab; Gilded Ambush Scarab; Gilded Bestiary Scarab; Gilded Blight Scarab; Gilded Breach Scarab; Gilded Cartography Scarab; Gilded Divination Scarab; Gilded Elder Scarab; Gilded Expedition Scarab; Gilded Harbinger Scarab; Gilded Legion Scarab; Gilded Reliquary Scarab; Gilded Shaper Scarab; Gilded Sulphite Scarab; Gilded Torment Scarab; Gilded Ultimatum Scarab; Harbinger Scarab; Harbinger Scarab of Obelisks; Harbinger Scarab of Regency; Harbinger Scarab of Warhoards; Harvest Scarab; Harvest Scarab of Cornucopia; Harvest Scarab of Doubling; Hivebrain Gland; Horned Scarab of Awakening; Horned Scarab of Bloodlines; Horned Scarab of Glittering; Horned Scarab of Nemeses; Horned Scarab of Pandemonium; Horned Scarab of Preservation; Horned Scarab of Tradition; Incandescent Invitation; Incursion Scarab; Incursion Scarab of Champions; Incursion Scarab of Invasion; Incursion Scarab of Timelines; Influencing Scarab of Hordes; Influencing Scarab of Interference; Influencing Scarab of the Elder; Influencing Scarab of the Shaper; Inscribed Ultimatum; Inya's Key; Kalguuran Scarab; Kalguuran Scarab of Enriching; Kalguuran Scarab of Guarded Riches; Kalguuran Scarab of Refinement; Legion Scarab; Legion Scarab of Eternal Conflict; Legion Scarab of Officers; Legion Scarab of The Sekhema; Legion Scarab of Treasures; Lonely Fragment; Lonely Reliquary Key; Map; Maven's Invitation: The Atlas; MeleeAOEMarauderFireSlam; MeleeAOEMarauderFireSlamNoble; MeleeAOEMarauderNonSlam; MeleeAOEMarauderNonSlamNoble; MeleeAOEMarauderPhysSlam; MeleeAOEMarauderPhysSlamNoble; MeleeAOEStrikeDuelistCyclone; MeleeAOEStrikeDuelistCycloneNoble; MeleeAOEStrikeDuelistRangeStrikes; MeleeAOEStrikeDuelistRangeStrikesNoble; MeleeStrikesMaraduerPhys; MeleeStrikesMaraduerPhysNoble; MeleeStrikesMarauderFire; Mercenary Warrant; Mirrored Tablet; MiscScionPhysDot; MiscScionPhysDotNoble; MiscScionWandAttacks; MiscScionWandAttacksNoble; Mortal Grief; Mortal Hope; Mortal Ignorance; Mortal Rage; Nightmare Map; NonEleBowRangerChaos; NonEleBowRangerChaosNoble; NonEleBowRangerPhys; NonEleBowRangerPhysNoble; Offering to the Goddess; Oubliette Reliquary Key; PhysConvertTemplarCold; PhysConvertTemplarFire; PhysConvertTemplarLightning; PhysConvertTemplarLightningNoble; PhysicalDuelistBleed; PhysicalDuelistBleedNoble; PhysicalDuelistShields; PhysicalDuelistShieldsNoble; PhysicalDuelistSteel; Polaric Invitation; Polished Abyss Scarab; Polished Ambush Scarab; Polished Bestiary Scarab; Polished Blight Scarab; Polished Breach Scarab; Polished Cartography Scarab; Polished Divination Scarab; Polished Elder Scarab; Polished Expedition Scarab; Polished Harbinger Scarab; Polished Legion Scarab; Polished Reliquary Scarab; Polished Shaper Scarab; Polished Sulphite Scarab; Polished Torment Scarab; Polished Ultimatum Scarab; Reality Fragment; Reverent Fragment; Reverent Reliquary Key; Ritual Scarab of Abundance; Ritual Scarab of Corpses; Ritual Scarab of Selectiveness; Ritual Scarab of Wisps; Rusted Abyss Scarab; Rusted Ambush Scarab; Rusted Bestiary Scarab; Rusted Blight Scarab; Rusted Breach Scarab; Rusted Cartography Scarab; Rusted Divination Scarab; Rusted Elder Scarab; Rusted Expedition Scarab; Rusted Harbinger Scarab; Rusted Legion Scarab; Rusted Reliquary Scarab; Rusted Shaper Scarab; Rusted Sulphite Scarab; Rusted Torment Scarab; Rusted Ultimatum Scarab; Sacred Blossom; Sacrifice at Dawn; Sacrifice at Dusk; Sacrifice at Midnight; Sacrifice at Noon; Saqawine Lure; Scarab of Adversaries; Scarab of Divinity; Scarab of Hunted Traitors; Scarab of Monstrous Lineage; Scarab of Radiant Storms; Scarab of Stability; Scarab of Wisps; Scarab of the Dextral; Scarab of the Sinistral; Screaming Invitation; Shaper Guardian Map; Shiny Reliquary Key; Simulacrum; Sulphite Scarab; Sulphite Scarab of Fumes; Sulphite Scarab of Greed; Syndicate Medallion; Synthesising Fragment; The Black Barya; The Maven's Writ; Timeless Eternal Emblem; Timeless Karui Emblem; Timeless Maraketh Emblem; Timeless Templar Emblem; Timeless Vaal Emblem; Timeworn Reliquary Key; Titanic Scarab; Titanic Scarab of Legend; Titanic Scarab of Treasures; Torment Scarab; Torment Scarab of Peculiarity; Torment Scarab of Possession; Torment Scarab of Release; TrapsMinesShadowAttack; TrapsMinesShadowAttackNoble; TrapsMinesShadowCold; TrapsMinesShadowLightning; TrapsMinesShadowLightningNoble; Trarthan Scarab; Trarthan Scarab of Infamy; Trarthan Scarab of Renown; Trarthan Scarab of Surprising Alliances; Traumatic Fragment; Traumatic Reliquary Key; Tribute to the Goddess; Tul's Breachstone; Tul's Flawless Breachstone; Ultimatum Scarab; Ultimatum Scarab of Bribing; Ultimatum Scarab of Catalysing; Ultimatum Scarab of Dueling; Ultimatum Scarab of Inscription; Unrelenting Timeless Eternal Emblem; Unrelenting Timeless Karui Emblem; Unrelenting Timeless Maraketh Emblem; Unrelenting Timeless Templar Emblem; Unrelenting Timeless Vaal Emblem; Uul-Netol's Breachstone; Uul-Netol's Flawless Breachstone; Vaal Reliquary Key; Vaal Temple Map; Valdo Map; Veritania's Crest; Visceral Reliquary Key; Voidborn Reliquary Key; Volkuur's Key; Winged Abyss Scarab; Winged Ambush Scarab; Winged Bestiary Scarab; Winged Blight Scarab; Winged Breach Scarab; Winged Cartography Scarab; Winged Divination Scarab; Winged Elder Scarab; Winged Expedition Scarab; Winged Harbinger Scarab; Winged Legion Scarab; Winged Reliquary Scarab; Winged Shaper Scarab; Winged Sulphite Scarab; Winged Torment Scarab; Winged Ultimatum Scarab; Writhing Invitation; Xoph's Breachstone; Xoph's Flawless Breachstone; Yriel's Key; Zorath's Eye of Authority; Zorath's Eye of Malevolence; Zorath's Eye of the Endless; Zorath's Eye of the Inevitable
map,prefix parent,apt,exact,7,7,0,0,0,0,Blight-ravaged Map; Blighted Map; Map; Nightmare Map; Shaper Guardian Map; Vaal Temple Map; Valdo Map
map.fragment,leaf,export,exact,89,89,0,0,0,0,Al-Hezmin's Crest; Allflame Ember of Flesh; Allflame Ember of Kulemak; Allflame Ember of Propagation; Allflame Ember of Resplendence; Allflame Ember of Toads; Allflame Ember of the Ethereal; Allflame Ember of the Gilded; Allflame Ember of the Wildwood; An Audience With The King; Awakening Fragment; Baran's Crest; Blazing Fragment; Blood-filled Vessel; Cosmic Fragment; Craicic Lure; Crest of the Elderslayers; Decaying Fragment; Dedication to the Goddess; Devouring Fragment; Divine Vessel; Drox's Crest; Eber's Key; Echo of Loneliness; Echo of Reverence; Echo of Trauma; Farric Lure; Fenumal Lure; Fragment of Constriction; Fragment of Emptiness; Fragment of Enslavement; Fragment of Eradication; Fragment of Knowledge; Fragment of Purification; Fragment of Shape; Fragment of Terror; Fragment of the Chimera; Fragment of the Hydra; Fragment of the Minotaur; Fragment of the Phoenix; Gift to the Goddess; Hivebrain Gland; Inya's Key; Key to Decay; Key to the Crucible; Lonely Fragment; Maddening Object; Mercenary Warrant; Mortal Grief; Mortal Hope; Mortal Ignorance; Mortal Rage; Mortal Set; Offering to the Goddess; Pale Court Set; Reality Fragment; Reverent Fragment; Sacred Blossom; Sacrifice Set; Sacrifice at Dawn; Sacrifice at Dusk; Sacrifice at Midnight; Sacrifice at Noon; Saqawine Lure; Simulacrum; Syndicate Medallion; Synthesising Fragment; The Black Barya; The Maven's Writ; Timeless Eternal Emblem; Timeless Karui Emblem; Timeless Maraketh Emblem; Timeless Templar Emblem; Timeless Vaal Emblem; Traumatic Fragment; Tribute to the Goddess; Unrelenting Timeless Eternal Emblem; Unrelenting Timeless Karui Emblem; Unrelenting Timeless Maraketh Emblem; Unrelenting Timeless Templar Emblem; Unrelenting Timeless Vaal Emblem; Veritania's Crest; Volkuur's Key; Yriel's Key; Zorath's Eye of Authority; Zorath's Eye of Malevolence; Zorath's Eye of the Endless; Zorath's Eye of the Inevitable; [DNT - UNUSED] Allflame Ember of Rats
map.fragment,leaf,site-coarse,at map (the parent's level),81,0,81,0,0,0,Al-Hezmin's Crest; Allflame Ember of Flesh; Allflame Ember of Kulemak; Allflame Ember of Propagation; Allflame Ember of Resplendence; Allflame Ember of Toads; Allflame Ember of the Ethereal; Allflame Ember of the Gilded; Allflame Ember of the Wildwood; An Audience With The King; Awakening Fragment; Baran's Crest; Blazing Fragment; Blood-filled Vessel; Cosmic Fragment; Craicic Lure; Decaying Fragment; Dedication to the Goddess; Devouring Fragment; Divine Vessel; Drox's Crest; Eber's Key; Echo of Loneliness; Echo of Reverence; Echo of Trauma; Farric Lure; Fenumal Lure; Fragment of Constriction; Fragment of Emptiness; Fragment of Enslavement; Fragment of Eradication; Fragment of Knowledge; Fragment of Purification; Fragment of Shape; Fragment of Terror; Fragment of the Chimera; Fragment of the Hydra; Fragment of the Minotaur; Fragment of the Phoenix; Gift to the Goddess; Hivebrain Gland; Inya's Key; Lonely Fragment; Mercenary Warrant; Mortal Grief; Mortal Hope; Mortal Ignorance; Mortal Rage; Offering to the Goddess; Reality Fragment; Reverent Fragment; Sacred Blossom; Sacrifice at Dawn; Sacrifice at Dusk; Sacrifice at Midnight; Sacrifice at Noon; Saqawine Lure; Simulacrum; Syndicate Medallion; Synthesising Fragment; The Black Barya; The Maven's Writ; Timeless Eternal Emblem; Timeless Karui Emblem; Timeless Maraketh Emblem; Timeless Templar Emblem; Timeless Vaal Emblem; Traumatic Fragment; Tribute to the Goddess; Unrelenting Timeless Eternal Emblem; Unrelenting Timeless Karui Emblem; Unrelenting Timeless Maraketh Emblem; Unrelenting Timeless Templar Emblem; Unrelenting Timeless Vaal Emblem; Veritania's Crest; Volkuur's Key; Yriel's Key; Zorath's Eye of Authority; Zorath's Eye of Malevolence; Zorath's Eye of the Endless; Zorath's Eye of the Inevitable
map.breachstone,leaf,export,exact,25,25,0,0,0,0,Chayula's Breachstone; Chayula's Charged Breachstone; Chayula's Enriched Breachstone; Chayula's Flawless Breachstone; Chayula's Pure Breachstone; Esh's Breachstone; Esh's Charged Breachstone; Esh's Enriched Breachstone; Esh's Flawless Breachstone; Esh's Pure Breachstone; Tul's Breachstone; Tul's Charged Breachstone; Tul's Enriched Breachstone; Tul's Flawless Breachstone; Tul's Pure Breachstone; Uul-Netol's Breachstone; Uul-Netol's Charged Breachstone; Uul-Netol's Enriched Breachstone; Uul-Netol's Flawless Breachstone; Uul-Netol's Pure Breachstone; Xoph's Breachstone; Xoph's Charged Breachstone; Xoph's Enriched Breachstone; Xoph's Flawless Breachstone; Xoph's Pure Breachstone
map.breachstone,leaf,site-coarse,at map (the parent's level),10,0,10,0,0,0,Chayula's Breachstone; Chayula's Flawless Breachstone; Esh's Breachstone; Esh's Flawless Breachstone; Tul's Breachstone; Tul's Flawless Breachstone; Uul-Netol's Breachstone; Uul-Netol's Flawless Breachstone; Xoph's Breachstone; Xoph's Flawless Breachstone
map.invitation,leaf,export,exact,20,20,0,0,0,0,Incandescent Invitation; Maven's Invitation: Glennach Cairns; Maven's Invitation: Haewark Hamlet; Maven's Invitation: Lex Ejoris; Maven's Invitation: Lex Proxima; Maven's Invitation: Lira Arthain; Maven's Invitation: New Vastir; Maven's Invitation: The Atlas; Maven's Invitation: The Elderslayers; Maven's Invitation: The Feared; Maven's Invitation: The Forgotten; Maven's Invitation: The Formed; Maven's Invitation: The Hidden; Maven's Invitation: The Remembered; Maven's Invitation: The Twisted; Maven's Invitation: Tirn's End; Maven's Invitation: Valdo's Rest; Polaric Invitation; Screaming Invitation; Writhing Invitation
map.invitation,leaf,site-coarse,at map (the parent's level),5,0,5,0,0,0,Incandescent Invitation; Maven's Invitation: The Atlas; Polaric Invitation; Screaming Invitation; Writhing Invitation
map.scarab,leaf,export,exact,194,194,0,0,0,0,Abyss Scarab; Abyss Scarab of Crystals; Abyss Scarab of Descending; Abyss Scarab of Multitudes; Abyss Scarab of the Consort; Ambush Scarab; Ambush Scarab of Containment; Ambush Scarab of Discernment; Ambush Scarab of Hidden Compartments; Ambush Scarab of Potency; Anarchy Scarab; Anarchy Scarab of Gigantification; Anarchy Scarab of Partnership; Anarchy Scarab of the Exceptional; Bestiary Scarab; Bestiary Scarab of Duplicating; Bestiary Scarab of the Herd; Bestiary Scarab of the Shadowed Crow; Betrayal Scarab; Betrayal Scarab of Reinforcements; Betrayal Scarab of Unbreaking; Betrayal Scarab of the Allflame; Beyond Scarab; Beyond Scarab of Corruption; Beyond Scarab of Haemophilia; Beyond Scarab of Resurgence; Beyond Scarab of the Invasion; Blight Scarab; Blight Scarab of Blooming; Blight Scarab of Bounty; Blight Scarab of Invigoration; Blight Scarab of the Blightheart; Breach Scarab of Instability; Breach Scarab of Resonant Cascade; Breach Scarab of the Dreamer; Breach Scarab of the Hive; Breach Scarab of the Incensed Swarm; Breach Scarab of the Marshal; Cartography Scarab of Corruption; Cartography Scarab of Escalation; Cartography Scarab of Risk; Cartography Scarab of Singularity; Cartography Scarab of the Multitude; Delirium Scarab; Delirium Scarab of Delusions; Delirium Scarab of Mania; Delirium Scarab of Neuroses; Delirium Scarab of Paranoia; Divination Scarab of Pilfering; Divination Scarab of Plenty; Divination Scarab of The Cloister; Domination Scarab; Domination Scarab of Apparitions; Domination Scarab of Evolution; Domination Scarab of Terrors; Essence Scarab; Essence Scarab of Adaptation; Essence Scarab of Ascent; Essence Scarab of Calcification; Essence Scarab of Stability; Expedition Scarab; Expedition Scarab of Archaeology; Expedition Scarab of Infusion; Expedition Scarab of Runefinding; Expedition Scarab of Verisium Powder; Gilded Abyss Scarab; Gilded Ambush Scarab; Gilded Bestiary Scarab; Gilded Blight Scarab; Gilded Breach Scarab; Gilded Cartography Scarab; Gilded Divination Scarab; Gilded Elder Scarab; Gilded Expedition Scarab; Gilded Harbinger Scarab; Gilded Legion Scarab; Gilded Reliquary Scarab; Gilded Shaper Scarab; Gilded Sulphite Scarab; Gilded Torment Scarab; Gilded Ultimatum Scarab; Harbinger Scarab; Harbinger Scarab of Obelisks; Harbinger Scarab of Regency; Harbinger Scarab of Warhoards; Harvest Scarab; Harvest Scarab of Cornucopia; Harvest Scarab of Doubling; Horned Scarab of Awakening; Horned Scarab of Bloodlines; Horned Scarab of Glittering; Horned Scarab of Nemeses; Horned Scarab of Pandemonium; Horned Scarab of Preservation; Horned Scarab of Tradition; Incursion Scarab; Incursion Scarab of Champions; Incursion Scarab of Invasion; Incursion Scarab of Timelines; Influencing Scarab of Hordes; Influencing Scarab of Interference; Influencing Scarab of the Elder; Influencing Scarab of the Shaper; Kalguuran Scarab; Kalguuran Scarab of Enriching; Kalguuran Scarab of Guarded Riches; Kalguuran Scarab of Refinement; Legion Scarab; Legion Scarab of Eternal Conflict; Legion Scarab of Officers; Legion Scarab of The Sekhema; Legion Scarab of Treasures; Polished Abyss Scarab; Polished Ambush Scarab; Polished Bestiary Scarab; Polished Blight Scarab; Polished Breach Scarab; Polished Cartography Scarab; Polished Divination Scarab; Polished Elder Scarab; Polished Expedition Scarab; Polished Harbinger Scarab; Polished Legion Scarab; Polished Reliquary Scarab; Polished Shaper Scarab; Polished Sulphite Scarab; Polished Torment Scarab; Polished Ultimatum Scarab; Ritual Scarab of Abundance; Ritual Scarab of Corpses; Ritual Scarab of Selectiveness; Ritual Scarab of Wisps; Rusted Abyss Scarab; Rusted Ambush Scarab; Rusted Bestiary Scarab; Rusted Blight Scarab; Rusted Breach Scarab; Rusted Cartography Scarab; Rusted Divination Scarab; Rusted Elder Scarab; Rusted Expedition Scarab; Rusted Harbinger Scarab; Rusted Legion Scarab; Rusted Reliquary Scarab; Rusted Shaper Scarab; Rusted Sulphite Scarab; Rusted Torment Scarab; Rusted Ultimatum Scarab; Scarab of Adversaries; Scarab of Divinity; Scarab of Evolution; Scarab of Hunted Traitors; Scarab of Monstrous Lineage; Scarab of Radiant Storms; Scarab of Stability; Scarab of Wisps; Scarab of the Commander; Scarab of the Dextral; Scarab of the Sinistral; Sulphite Scarab; Sulphite Scarab of Fumes; Sulphite Scarab of Greed; Titanic Scarab; Titanic Scarab of Legend; Titanic Scarab of Treasures; Torment Scarab; Torment Scarab of Peculiarity; Torment Scarab of Possession; Torment Scarab of Release; Trarthan Scarab; Trarthan Scarab of Infamy; Trarthan Scarab of Renown; Trarthan Scarab of Surprising Alliances; Ultimatum Scarab; Ultimatum Scarab of Bribing; Ultimatum Scarab of Catalysing; Ultimatum Scarab of Dueling; Ultimatum Scarab of Inscription; Winged Abyss Scarab; Winged Ambush Scarab; Winged Bestiary Scarab; Winged Blight Scarab; Winged Breach Scarab; Winged Cartography Scarab; Winged Divination Scarab; Winged Elder Scarab; Winged Expedition Scarab; Winged Harbinger Scarab; Winged Legion Scarab; Winged Reliquary Scarab; Winged Shaper Scarab; Winged Sulphite Scarab; Winged Torment Scarab; Winged Ultimatum Scarab
map.scarab,leaf,site-coarse,at map (the parent's level),192,0,192,0,0,0,Abyss Scarab; Abyss Scarab of Crystals; Abyss Scarab of Descending; Abyss Scarab of Multitudes; Abyss Scarab of the Consort; Ambush Scarab; Ambush Scarab of Containment; Ambush Scarab of Discernment; Ambush Scarab of Hidden Compartments; Ambush Scarab of Potency; Anarchy Scarab; Anarchy Scarab of Gigantification; Anarchy Scarab of Partnership; Anarchy Scarab of the Exceptional; Bestiary Scarab; Bestiary Scarab of Duplicating; Bestiary Scarab of the Herd; Bestiary Scarab of the Shadowed Crow; Betrayal Scarab; Betrayal Scarab of Reinforcements; Betrayal Scarab of Unbreaking; Betrayal Scarab of the Allflame; Beyond Scarab; Beyond Scarab of Corruption; Beyond Scarab of Haemophilia; Beyond Scarab of Resurgence; Beyond Scarab of the Invasion; Blight Scarab; Blight Scarab of Blooming; Blight Scarab of Bounty; Blight Scarab of Invigoration; Blight Scarab of the Blightheart; Breach Scarab of Instability; Breach Scarab of Resonant Cascade; Breach Scarab of the Dreamer; Breach Scarab of the Hive; Breach Scarab of the Incensed Swarm; Breach Scarab of the Marshal; Cartography Scarab of Corruption; Cartography Scarab of Escalation; Cartography Scarab of Risk; Cartography Scarab of Singularity; Cartography Scarab of the Multitude; Delirium Scarab; Delirium Scarab of Delusions; Delirium Scarab of Mania; Delirium Scarab of Neuroses; Delirium Scarab of Paranoia; Divination Scarab of Pilfering; Divination Scarab of Plenty; Divination Scarab of The Cloister; Domination Scarab; Domination Scarab of Apparitions; Domination Scarab of Evolution; Domination Scarab of Terrors; Essence Scarab; Essence Scarab of Adaptation; Essence Scarab of Ascent; Essence Scarab of Calcification; Essence Scarab of Stability; Expedition Scarab; Expedition Scarab of Archaeology; Expedition Scarab of Infusion; Expedition Scarab of Runefinding; Expedition Scarab of Verisium Powder; Gilded Abyss Scarab; Gilded Ambush Scarab; Gilded Bestiary Scarab; Gilded Blight Scarab; Gilded Breach Scarab; Gilded Cartography Scarab; Gilded Divination Scarab; Gilded Elder Scarab; Gilded Expedition Scarab; Gilded Harbinger Scarab; Gilded Legion Scarab; Gilded Reliquary Scarab; Gilded Shaper Scarab; Gilded Sulphite Scarab; Gilded Torment Scarab; Gilded Ultimatum Scarab; Harbinger Scarab; Harbinger Scarab of Obelisks; Harbinger Scarab of Regency; Harbinger Scarab of Warhoards; Harvest Scarab; Harvest Scarab of Cornucopia; Harvest Scarab of Doubling; Horned Scarab of Awakening; Horned Scarab of Bloodlines; Horned Scarab of Glittering; Horned Scarab of Nemeses; Horned Scarab of Pandemonium; Horned Scarab of Preservation; Horned Scarab of Tradition; Incursion Scarab; Incursion Scarab of Champions; Incursion Scarab of Invasion; Incursion Scarab of Timelines; Influencing Scarab of Hordes; Influencing Scarab of Interference; Influencing Scarab of the Elder; Influencing Scarab of the Shaper; Kalguuran Scarab; Kalguuran Scarab of Enriching; Kalguuran Scarab of Guarded Riches; Kalguuran Scarab of Refinement; Legion Scarab; Legion Scarab of Eternal Conflict; Legion Scarab of Officers; Legion Scarab of The Sekhema; Legion Scarab of Treasures; Polished Abyss Scarab; Polished Ambush Scarab; Polished Bestiary Scarab; Polished Blight Scarab; Polished Breach Scarab; Polished Cartography Scarab; Polished Divination Scarab; Polished Elder Scarab; Polished Expedition Scarab; Polished Harbinger Scarab; Polished Legion Scarab; Polished Reliquary Scarab; Polished Shaper Scarab; Polished Sulphite Scarab; Polished Torment Scarab; Polished Ultimatum Scarab; Ritual Scarab of Abundance; Ritual Scarab of Corpses; Ritual Scarab of Selectiveness; Ritual Scarab of Wisps; Rusted Abyss Scarab; Rusted Ambush Scarab; Rusted Bestiary Scarab; Rusted Blight Scarab; Rusted Breach Scarab; Rusted Cartography Scarab; Rusted Divination Scarab; Rusted Elder Scarab; Rusted Expedition Scarab; Rusted Harbinger Scarab; Rusted Legion Scarab; Rusted Reliquary Scarab; Rusted Shaper Scarab; Rusted Sulphite Scarab; Rusted Torment Scarab; Rusted Ultimatum Scarab; Scarab of Adversaries; Scarab of Divinity; Scarab of Hunted Traitors; Scarab of Monstrous Lineage; Scarab of Radiant Storms; Scarab of Stability; Scarab of Wisps; Scarab of the Dextral; Scarab of the Sinistral; Sulphite Scarab; Sulphite Scarab of Fumes; Sulphite Scarab of Greed; Titanic Scarab; Titanic Scarab of Legend; Titanic Scarab of Treasures; Torment Scarab; Torment Scarab of Peculiarity; Torment Scarab of Possession; Torment Scarab of Release; Trarthan Scarab; Trarthan Scarab of Infamy; Trarthan Scarab of Renown; Trarthan Scarab of Surprising Alliances; Ultimatum Scarab; Ultimatum Scarab of Bribing; Ultimatum Scarab of Catalysing; Ultimatum Scarab of Dueling; Ultimatum Scarab of Inscription; Winged Abyss Scarab; Winged Ambush Scarab; Winged Bestiary Scarab; Winged Blight Scarab; Winged Breach Scarab; Winged Cartography Scarab; Winged Divination Scarab; Winged Elder Scarab; Winged Expedition Scarab; Winged Harbinger Scarab; Winged Legion Scarab; Winged Reliquary Scarab; Winged Shaper Scarab; Winged Sulphite Scarab; Winged Torment Scarab; Winged Ultimatum Scarab
leaguestone,leaf,export,exact,17,17,0,0,0,0,Ambush Leaguestone; Anarchy Leaguestone; Beyond Leaguestone; Bloodlines Leaguestone; Breach Leaguestone; Domination Leaguestone; Essence Leaguestone; Invasion Leaguestone; Nemesis Leaguestone; Onslaught Leaguestone; Perandus Leaguestone; Prophecy Leaguestone; Rampage Leaguestone; Talisman Leaguestone; Tempest Leaguestone; Torment Leaguestone; Warbands Leaguestone
leaguestone,leaf,site-coarse,coarse id,16,16,0,0,0,0,Ambush Leaguestone; Anarchy Leaguestone; Beyond Leaguestone; Bloodlines Leaguestone; Breach Leaguestone; Domination Leaguestone; Essence Leaguestone; Invasion Leaguestone; Nemesis Leaguestone; Onslaught Leaguestone; Prophecy Leaguestone; Rampage Leaguestone; Talisman Leaguestone; Tempest Leaguestone; Torment Leaguestone; Warbands Leaguestone
leaguestone,leaf,site-coarse,at leaguestone (the parent's level),16,0,16,0,0,0,Ambush Leaguestone; Anarchy Leaguestone; Beyond Leaguestone; Bloodlines Leaguestone; Breach Leaguestone; Domination Leaguestone; Essence Leaguestone; Invasion Leaguestone; Nemesis Leaguestone; Onslaught Leaguestone; Prophecy Leaguestone; Rampage Leaguestone; Talisman Leaguestone; Tempest Leaguestone; Torment Leaguestone; Warbands Leaguestone
memoryline,leaf,export,exact,4,4,0,0,0,0,Alva's Memory; Einhar's Memory; Kirac's Memory; Niko's Memory
memoryline,leaf,(none but the export),,0,0,0,0,0,0,
card,leaf,export,exact,470,470,0,0,0,0,"A Chilling Wind; A Dab of Ink; A Dusty Memory; A Familiar Call; A Fate Worse Than Death; A Modest Request; A Mother's Parting Gift; A Note in the Wind; A Sea of Blue; A Stone Perfected; Abandoned Wealth; Acclimatisation; Akil's Prophecy; Alivia's Grace; Alluring Bounty; Alone in the Darkness; Altered Perception; Ambitious Obsession; Anarchy's Price; Apocalypse; Arrogance of the Vaal; Assassin's Favour; Assassin's Gift; Astral Protection; Atziri's Arsenal; Audacity; Auspicious Ambitions; Avian Pursuit; Azure Rage; Azyran's Reward; Baited Expectations; Beauty Through Death; Bijoux; Birth of the Three; Blessing of God; Blind Venture; Boon of Justice; Boon of the First Ones; Bound by Flame; Boundless Realms; Bowyer's Dream; Broken Promises; Broken Truce; Brother's Gift; Brother's Stash; Brotherhood in Exile; Brush, Paint and Palette; Buried Treasure; Burning Blood; Call to the First Ones; Cameria's Cut; Cartographer's Delight; Chaotic Disposition; Chasing Risk; Checkmate; Choking Guilt; Costly Curio; Council of Cats; Coveted Possession; Cursed Words; Damnation; Dark Dreams; Dark Temptation; Darker Half; Deadly Joy; Death; Deathly Designs; Dementophobia; Demigod's Wager; Desecrated Virtue; Desperate Crusade; Destined to Crumble; Dialla's Subjugation; Disdain; Divine Beauty; Divine Justice; Divine Shard; Doedre's Madness; Doryani's Epiphany; Draped in Dreams; Duality; Dying Anguish; Dying Light; Earth Drinker; Echoes of Love; Eldritch Perfection; Emperor of Purity; Emperor's Luck; Endless Night; Energy Sword; Etched in Blood; Eternal Bonds; Ever-Changing; Fateful Meeting; Father's Love; Fire Of Unknown Origin; Forbidden Power; Friendship; From Bone to Ashes; Further Invention; Gemcutter's Mercy; Gemcutter's Promise; Gift of Asenath; Gift of the Gemling Queen; Glimmer of Hope; Grave Knowledge; Guardian's Challenge; Harmony of Souls; Haunting Shadows; Her Mask; Heterochromia; History; Home; Hope; House of Mirrors; Hubris; Humility; Hunter's Resolve; Hunter's Reward; I See Brothers; Immortal Resolve; Imperfect Memories; Imperial Legacy; Jack in the Box; Judging Voices; Justified Ambition; Keeper's Corruption; Lachrymal Necrosis; Lantador's Lost Love; Last Hope; Last Stand; Left to Fate; Lethean Temptation; Light and Truth; Lingering Remnants; Lonely Warrior; Lost Worlds; Love Through Ice; Loyalty; Luck of the Vaal; Lucky Bastion; Lucky Connections; Lucky Deck; Luminous Trove; Lysah's Respite; Magnum Opus; Man With Bear; Matryoshka; Mawr Blaidd; Merciless Armament; Might is Right; Misery in Darkness; Mitts; Monochrome; More is Never Enough; No Traces; Nook's Crown; One Last Score; Outfoxed; Parasitic Passengers; Peaceful Moments; Pearls Before Swine; Perfection; Poisoned Faith; Prejudice; Pride Before the Fall; Pride of the First Ones; Prometheus' Armoury; Prosperity; Rain Tempter; Rain of Chaos; Rats; Rebirth; Rebirth and Renewal; Reckless Ambition; Reflection of the Heart; Remembrance; Runic Luck; Sambodhi's Vow; Sambodhi's Wisdom; Scholar of the Seas; Seven Years Bad Luck; Shard of Fate; Silence and Frost; Society's Remorse; Something Dark; Soul Quenched; Squandered Prosperity; Struck by Lightning; Succor of the Sinless; Temperance; Terrible Secret of Space; The Academic; The Admirer; The Adventuring Spirit; The Aesthete; The Apothecary; The Archmage's Right Hand; The Arena Champion; The Army of Blood; The Artist; The Aspirant; The Astromancer; The Avenger; The Awakened; The Bargain; The Battle Born; The Bear Woman; The Beast; The Betrayal; The Bitter Blossom; The Blazing Fire; The Blessing of Moosh; The Body; The Bones; The Brawny Battle Mage; The Breach; The Brittle Emperor; The Cache; The Cacophony; The Calling; The Card Sharp; The Carrion Crow; The Cartographer; The Cataclysm; The Catalyst; The Catch; The Celestial Justicar; The Celestial Stone; The Chains that Bind; The Cheater; The Chosen; The Coming Storm; The Conduit; The Craving; The Cursed King; The Damned; The Dapper Prodigy; The Dark Mage; The Darkest Dream; The Deal; The Deceiver; The Deep Ones; The Demon; The Demoness; The Destination; The Devastator; The Doctor; The Doppelganger; The Dragon; The Dragon's Heart; The Dreamer; The Dreamland; The Drunken Aristocrat; The Dungeon Master; The Easy Stroll; The Eldritch Decay; The Emptiness; The Encroaching Darkness; The Endless Darkness; The Endurance; The Enforcer; The Enlightened; The Enthusiasts; The Escape; The Eternal War; The Ethereal; The Everlasting; The Explorer; The Eye of Terror; The Eye of the Dragon; The Fathomless Depths; The Feast; The Fiend; The Finishing Touch; The Fishmonger; The Fletcher; The Flora's Gift; The Fool; The Forbidden Fruit; The Forgotten Treasure; The Formless Sea; The Forsaken; The Fortunate; The Forward Gaze; The Fox; The Fox in the Brambles; The Gambler; The Garish Power; The Gemcutter; The Gentleman; The Gladiator; The Golden Era; The Greatest Intentions; The Gulf; The Hale Heart; The Harvester; The Hermit; The Heroic Shot; The Hive of Knowledge; The Hoarder; The Hook; The Hunger; The Immortal; The Incantation; The Innocent; The Inoculated; The Insane Cat; The Insatiable; The Inventor; The Jester; The Jeweller's Boon; The Journalist; The Journey; The King's Blade; The King's Heart; The Lake; The Landing; The Last Laugh; The Last One Standing; The Last Supper; The Leviathan; The Lich; The Life Thief; The Lion; The Long Con; The Long Watch; The Lord in Black; The Lord of Celebration; The Lover; The Lunaris Priestess; The Mad King; The Magma Crab; The Master; The Master Artisan; The Mayor; The Mercenary; The Messenger; The Metalsmith's Gift; The Mind's Eyes; The Miracle; The Mountain; The Nurse; The Oath; The Obscured; The Offering; The Offspring; The Old Man; The One That Got Away; The One With All; The Opulent; The Pack Leader; The Pact; The Patient; The Penitent; The Poet; The Polymath; The Porcupine; The Price of Devotion; The Price of Loyalty; The Price of Prescience; The Price of Protection; The Primordial; The Prince of Darkness; The Professor; The Progeny of Lunaris; The Puzzle; The Queen; The Rabbit's Foot; The Rabid Rhoa; The Realm; The Return of the Rat; The Risk; The Rite of Elements; The Road to Power; The Rusted Bard; The Ruthless Ceinture; The Sacrifice; The Saint's Treasure; The Samurai's Eye; The Scarred Meadow; The Scavenger; The Scholar; The Scout; The Seeker; The Sephirot; The Shepherd's Sandals; The Shieldbearer; The Shortcut; The Side Quest; The Sigil; The Silly Boy; The Siren; The Skeleton; The Slumbering Beast; The Soul; The Spark and the Flame; The Spoiled Prince; The Standoff; The Stormcaller; The Strategist; The Summoner; The Sun; The Surgeon; The Surveyor; The Survivalist; The Sustenance; The Sword King's Salute; The Thaumaturgist; The Throne; The Tinkerer's Table; The Tireless Extractor; The Tower; The Traitor; The Transformation; The Trial; The Tumbleweed; The Twilight Moon; The Twins; The Tyrant; The Undaunted; The Undisputed; The Unexpected Prize; The Union; The Valkyrie; The Valley of Steel Boxes; The Vast; The Visionary; The Void; The Warden; The Warlord; The Watcher; The Web; The Wedding Gift; The White Knight; The Whiteout; The Wilted Rose; The Wind; The Witch; The Wolf; The Wolf's Legacy; The Wolf's Shadow; The Wolven King's Bite; The Wolverine; The World Eater; The Wrath; The Wretched; Thirst for Knowledge; Three Faces in the Dark; Three Voices; Thunderous Skies; Time-Lost Relic; Toxic Tidings; Tranquillity; Treasure Hunter; Treasures of the Vaal; Triskaidekaphobia; Turn the Other Cheek; Unchained; Underground Forest; Unrequited Love; Vanity; Vile Power; Vinia's Token; Void of the Elements; Volatile Power; Wealth and Power; When Currents Blaze; Who Asked; Winter's Embrace"
card,leaf,site-coarse,coarse id,467,467,0,0,0,0,"A Chilling Wind; A Dab of Ink; A Dusty Memory; A Familiar Call; A Fate Worse Than Death; A Modest Request; A Mother's Parting Gift; A Note in the Wind; A Sea of Blue; A Stone Perfected; Abandoned Wealth; Acclimatisation; Akil's Prophecy; Alivia's Grace; Alluring Bounty; Alone in the Darkness; Altered Perception; Ambitious Obsession; Anarchy's Price; Apocalypse; Arrogance of the Vaal; Assassin's Favour; Assassin's Gift; Astral Protection; Atziri's Arsenal; Audacity; Auspicious Ambitions; Avian Pursuit; Azure Rage; Azyran's Reward; Baited Expectations; Beauty Through Death; Bijoux; Birth of the Three; Blessing of God; Blind Venture; Boon of Justice; Boon of the First Ones; Bound by Flame; Boundless Realms; Bowyer's Dream; Broken Promises; Broken Truce; Brother's Gift; Brother's Stash; Brotherhood in Exile; Brush, Paint and Palette; Buried Treasure; Burning Blood; Call to the First Ones; Cameria's Cut; Cartographer's Delight; Chaotic Disposition; Chasing Risk; Checkmate; Choking Guilt; Costly Curio; Council of Cats; Coveted Possession; Cursed Words; Damnation; Dark Dreams; Dark Temptation; Darker Half; Deadly Joy; Death; Deathly Designs; Dementophobia; Demigod's Wager; Desecrated Virtue; Desperate Crusade; Destined to Crumble; Dialla's Subjugation; Disdain; Divine Beauty; Divine Justice; Divine Shard; Doedre's Madness; Doryani's Epiphany; Draped in Dreams; Duality; Dying Anguish; Dying Light; Earth Drinker; Echoes of Love; Eldritch Perfection; Emperor of Purity; Emperor's Luck; Endless Night; Energy Sword; Etched in Blood; Eternal Bonds; Ever-Changing; Fateful Meeting; Father's Love; Fire Of Unknown Origin; Forbidden Power; Friendship; From Bone to Ashes; Further Invention; Gemcutter's Mercy; Gemcutter's Promise; Gift of Asenath; Gift of the Gemling Queen; Glimmer of Hope; Grave Knowledge; Guardian's Challenge; Harmony of Souls; Haunting Shadows; Her Mask; Heterochromia; History; Home; Hope; House of Mirrors; Hubris; Humility; Hunter's Resolve; Hunter's Reward; I See Brothers; Immortal Resolve; Imperfect Memories; Imperial Legacy; Jack in the Box; Judging Voices; Justified Ambition; Keeper's Corruption; Lachrymal Necrosis; Lantador's Lost Love; Last Hope; Last Stand; Left to Fate; Lethean Temptation; Light and Truth; Lingering Remnants; Lonely Warrior; Lost Worlds; Love Through Ice; Loyalty; Lucky Bastion; Lucky Connections; Lucky Deck; Luminous Trove; Lysah's Respite; Magnum Opus; Man With Bear; Matryoshka; Mawr Blaidd; Merciless Armament; Might is Right; Misery in Darkness; Mitts; Monochrome; More is Never Enough; No Traces; Nook's Crown; One Last Score; Outfoxed; Parasitic Passengers; Peaceful Moments; Pearls Before Swine; Perfection; Poisoned Faith; Prejudice; Pride Before the Fall; Pride of the First Ones; Prometheus' Armoury; Prosperity; Rain Tempter; Rain of Chaos; Rats; Rebirth; Rebirth and Renewal; Reckless Ambition; Reflection of the Heart; Remembrance; Runic Luck; Sambodhi's Vow; Sambodhi's Wisdom; Scholar of the Seas; Seven Years Bad Luck; Shard of Fate; Silence and Frost; Society's Remorse; Something Dark; Soul Quenched; Squandered Prosperity; Struck by Lightning; Succor of the Sinless; Temperance; Terrible Secret of Space; The Academic; The Admirer; The Adventuring Spirit; The Aesthete; The Apothecary; The Archmage's Right Hand; The Arena Champion; The Army of Blood; The Artist; The Aspirant; The Astromancer; The Avenger; The Awakened; The Bargain; The Battle Born; The Bear Woman; The Beast; The Betrayal; The Bitter Blossom; The Blazing Fire; The Blessing of Moosh; The Body; The Bones; The Brawny Battle Mage; The Breach; The Brittle Emperor; The Cache; The Cacophony; The Calling; The Card Sharp; The Carrion Crow; The Cartographer; The Cataclysm; The Catalyst; The Catch; The Celestial Justicar; The Celestial Stone; The Chains that Bind; The Cheater; The Chosen; The Coming Storm; The Conduit; The Craving; The Cursed King; The Damned; The Dapper Prodigy; The Dark Mage; The Darkest Dream; The Deal; The Deceiver; The Deep Ones; The Demon; The Demoness; The Destination; The Doctor; The Doppelganger; The Dragon; The Dragon's Heart; The Dreamer; The Dreamland; The Drunken Aristocrat; The Dungeon Master; The Easy Stroll; The Eldritch Decay; The Emptiness; The Encroaching Darkness; The Endless Darkness; The Endurance; The Enforcer; The Enlightened; The Enthusiasts; The Escape; The Eternal War; The Ethereal; The Everlasting; The Explorer; The Eye of Terror; The Eye of the Dragon; The Fathomless Depths; The Feast; The Fiend; The Finishing Touch; The Fishmonger; The Fletcher; The Flora's Gift; The Fool; The Forbidden Fruit; The Forgotten Treasure; The Formless Sea; The Forsaken; The Fortunate; The Forward Gaze; The Fox; The Fox in the Brambles; The Gambler; The Garish Power; The Gemcutter; The Gentleman; The Gladiator; The Golden Era; The Greatest Intentions; The Gulf; The Hale Heart; The Harvester; The Hermit; The Heroic Shot; The Hive of Knowledge; The Hoarder; The Hook; The Hunger; The Immortal; The Incantation; The Innocent; The Inoculated; The Insane Cat; The Insatiable; The Inventor; The Jester; The Jeweller's Boon; The Journalist; The Journey; The King's Blade; The King's Heart; The Lake; The Landing; The Last Laugh; The Last One Standing; The Last Supper; The Leviathan; The Lich; The Life Thief; The Lion; The Long Con; The Long Watch; The Lord in Black; The Lord of Celebration; The Lover; The Lunaris Priestess; The Mad King; The Magma Crab; The Master; The Master Artisan; The Mayor; The Mercenary; The Messenger; The Metalsmith's Gift; The Mind's Eyes; The Miracle; The Mountain; The Nurse; The Oath; The Obscured; The Offering; The Offspring; The Old Man; The One That Got Away; The One With All; The Opulent; The Pack Leader; The Pact; The Patient; The Penitent; The Poet; The Polymath; The Porcupine; The Price of Devotion; The Price of Loyalty; The Price of Prescience; The Price of Protection; The Primordial; The Prince of Darkness; The Professor; The Progeny of Lunaris; The Puzzle; The Queen; The Rabbit's Foot; The Rabid Rhoa; The Realm; The Return of the Rat; The Risk; The Rite of Elements; The Road to Power; The Rusted Bard; The Ruthless Ceinture; The Sacrifice; The Saint's Treasure; The Samurai's Eye; The Scarred Meadow; The Scavenger; The Scholar; The Scout; The Seeker; The Sephirot; The Shepherd's Sandals; The Shieldbearer; The Shortcut; The Side Quest; The Sigil; The Silly Boy; The Siren; The Skeleton; The Slumbering Beast; The Soul; The Spark and the Flame; The Spoiled Prince; The Standoff; The Stormcaller; The Strategist; The Summoner; The Sun; The Surgeon; The Surveyor; The Survivalist; The Sustenance; The Sword King's Salute; The Thaumaturgist; The Throne; The Tinkerer's Table; The Tireless Extractor; The Tower; The Traitor; The Transformation; The Trial; The Tumbleweed; The Twilight Moon; The Twins; The Tyrant; The Undaunted; The Undisputed; The Unexpected Prize; The Union; The Valkyrie; The Valley of Steel Boxes; The Vast; The Visionary; The Void; The Warden; The Warlord; The Watcher; The Web; The Wedding Gift; The White Knight; The Whiteout; The Wilted Rose; The Wind; The Witch; The Wolf; The Wolf's Legacy; The Wolf's Shadow; The Wolven King's Bite; The Wolverine; The World Eater; The Wrath; The Wretched; Thirst for Knowledge; Three Faces in the Dark; Three Voices; Thunderous Skies; Time-Lost Relic; Toxic Tidings; Tranquillity; Treasure Hunter; Triskaidekaphobia; Turn the Other Cheek; Unchained; Underground Forest; Unrequited Love; Vanity; Vile Power; Vinia's Token; Void of the Elements; Volatile Power; Wealth and Power; When Currents Blaze; Who Asked; Winter's Embrace"
card,leaf,site-coarse,at card (the parent's level),467,0,467,0,0,0,"A Chilling Wind; A Dab of Ink; A Dusty Memory; A Familiar Call; A Fate Worse Than Death; A Modest Request; A Mother's Parting Gift; A Note in the Wind; A Sea of Blue; A Stone Perfected; Abandoned Wealth; Acclimatisation; Akil's Prophecy; Alivia's Grace; Alluring Bounty; Alone in the Darkness; Altered Perception; Ambitious Obsession; Anarchy's Price; Apocalypse; Arrogance of the Vaal; Assassin's Favour; Assassin's Gift; Astral Protection; Atziri's Arsenal; Audacity; Auspicious Ambitions; Avian Pursuit; Azure Rage; Azyran's Reward; Baited Expectations; Beauty Through Death; Bijoux; Birth of the Three; Blessing of God; Blind Venture; Boon of Justice; Boon of the First Ones; Bound by Flame; Boundless Realms; Bowyer's Dream; Broken Promises; Broken Truce; Brother's Gift; Brother's Stash; Brotherhood in Exile; Brush, Paint and Palette; Buried Treasure; Burning Blood; Call to the First Ones; Cameria's Cut; Cartographer's Delight; Chaotic Disposition; Chasing Risk; Checkmate; Choking Guilt; Costly Curio; Council of Cats; Coveted Possession; Cursed Words; Damnation; Dark Dreams; Dark Temptation; Darker Half; Deadly Joy; Death; Deathly Designs; Dementophobia; Demigod's Wager; Desecrated Virtue; Desperate Crusade; Destined to Crumble; Dialla's Subjugation; Disdain; Divine Beauty; Divine Justice; Divine Shard; Doedre's Madness; Doryani's Epiphany; Draped in Dreams; Duality; Dying Anguish; Dying Light; Earth Drinker; Echoes of Love; Eldritch Perfection; Emperor of Purity; Emperor's Luck; Endless Night; Energy Sword; Etched in Blood; Eternal Bonds; Ever-Changing; Fateful Meeting; Father's Love; Fire Of Unknown Origin; Forbidden Power; Friendship; From Bone to Ashes; Further Invention; Gemcutter's Mercy; Gemcutter's Promise; Gift of Asenath; Gift of the Gemling Queen; Glimmer of Hope; Grave Knowledge; Guardian's Challenge; Harmony of Souls; Haunting Shadows; Her Mask; Heterochromia; History; Home; Hope; House of Mirrors; Hubris; Humility; Hunter's Resolve; Hunter's Reward; I See Brothers; Immortal Resolve; Imperfect Memories; Imperial Legacy; Jack in the Box; Judging Voices; Justified Ambition; Keeper's Corruption; Lachrymal Necrosis; Lantador's Lost Love; Last Hope; Last Stand; Left to Fate; Lethean Temptation; Light and Truth; Lingering Remnants; Lonely Warrior; Lost Worlds; Love Through Ice; Loyalty; Lucky Bastion; Lucky Connections; Lucky Deck; Luminous Trove; Lysah's Respite; Magnum Opus; Man With Bear; Matryoshka; Mawr Blaidd; Merciless Armament; Might is Right; Misery in Darkness; Mitts; Monochrome; More is Never Enough; No Traces; Nook's Crown; One Last Score; Outfoxed; Parasitic Passengers; Peaceful Moments; Pearls Before Swine; Perfection; Poisoned Faith; Prejudice; Pride Before the Fall; Pride of the First Ones; Prometheus' Armoury; Prosperity; Rain Tempter; Rain of Chaos; Rats; Rebirth; Rebirth and Renewal; Reckless Ambition; Reflection of the Heart; Remembrance; Runic Luck; Sambodhi's Vow; Sambodhi's Wisdom; Scholar of the Seas; Seven Years Bad Luck; Shard of Fate; Silence and Frost; Society's Remorse; Something Dark; Soul Quenched; Squandered Prosperity; Struck by Lightning; Succor of the Sinless; Temperance; Terrible Secret of Space; The Academic; The Admirer; The Adventuring Spirit; The Aesthete; The Apothecary; The Archmage's Right Hand; The Arena Champion; The Army of Blood; The Artist; The Aspirant; The Astromancer; The Avenger; The Awakened; The Bargain; The Battle Born; The Bear Woman; The Beast; The Betrayal; The Bitter Blossom; The Blazing Fire; The Blessing of Moosh; The Body; The Bones; The Brawny Battle Mage; The Breach; The Brittle Emperor; The Cache; The Cacophony; The Calling; The Card Sharp; The Carrion Crow; The Cartographer; The Cataclysm; The Catalyst; The Catch; The Celestial Justicar; The Celestial Stone; The Chains that Bind; The Cheater; The Chosen; The Coming Storm; The Conduit; The Craving; The Cursed King; The Damned; The Dapper Prodigy; The Dark Mage; The Darkest Dream; The Deal; The Deceiver; The Deep Ones; The Demon; The Demoness; The Destination; The Doctor; The Doppelganger; The Dragon; The Dragon's Heart; The Dreamer; The Dreamland; The Drunken Aristocrat; The Dungeon Master; The Easy Stroll; The Eldritch Decay; The Emptiness; The Encroaching Darkness; The Endless Darkness; The Endurance; The Enforcer; The Enlightened; The Enthusiasts; The Escape; The Eternal War; The Ethereal; The Everlasting; The Explorer; The Eye of Terror; The Eye of the Dragon; The Fathomless Depths; The Feast; The Fiend; The Finishing Touch; The Fishmonger; The Fletcher; The Flora's Gift; The Fool; The Forbidden Fruit; The Forgotten Treasure; The Formless Sea; The Forsaken; The Fortunate; The Forward Gaze; The Fox; The Fox in the Brambles; The Gambler; The Garish Power; The Gemcutter; The Gentleman; The Gladiator; The Golden Era; The Greatest Intentions; The Gulf; The Hale Heart; The Harvester; The Hermit; The Heroic Shot; The Hive of Knowledge; The Hoarder; The Hook; The Hunger; The Immortal; The Incantation; The Innocent; The Inoculated; The Insane Cat; The Insatiable; The Inventor; The Jester; The Jeweller's Boon; The Journalist; The Journey; The King's Blade; The King's Heart; The Lake; The Landing; The Last Laugh; The Last One Standing; The Last Supper; The Leviathan; The Lich; The Life Thief; The Lion; The Long Con; The Long Watch; The Lord in Black; The Lord of Celebration; The Lover; The Lunaris Priestess; The Mad King; The Magma Crab; The Master; The Master Artisan; The Mayor; The Mercenary; The Messenger; The Metalsmith's Gift; The Mind's Eyes; The Miracle; The Mountain; The Nurse; The Oath; The Obscured; The Offering; The Offspring; The Old Man; The One That Got Away; The One With All; The Opulent; The Pack Leader; The Pact; The Patient; The Penitent; The Poet; The Polymath; The Porcupine; The Price of Devotion; The Price of Loyalty; The Price of Prescience; The Price of Protection; The Primordial; The Prince of Darkness; The Professor; The Progeny of Lunaris; The Puzzle; The Queen; The Rabbit's Foot; The Rabid Rhoa; The Realm; The Return of the Rat; The Risk; The Rite of Elements; The Road to Power; The Rusted Bard; The Ruthless Ceinture; The Sacrifice; The Saint's Treasure; The Samurai's Eye; The Scarred Meadow; The Scavenger; The Scholar; The Scout; The Seeker; The Sephirot; The Shepherd's Sandals; The Shieldbearer; The Shortcut; The Side Quest; The Sigil; The Silly Boy; The Siren; The Skeleton; The Slumbering Beast; The Soul; The Spark and the Flame; The Spoiled Prince; The Standoff; The Stormcaller; The Strategist; The Summoner; The Sun; The Surgeon; The Surveyor; The Survivalist; The Sustenance; The Sword King's Salute; The Thaumaturgist; The Throne; The Tinkerer's Table; The Tireless Extractor; The Tower; The Traitor; The Transformation; The Trial; The Tumbleweed; The Twilight Moon; The Twins; The Tyrant; The Undaunted; The Undisputed; The Unexpected Prize; The Union; The Valkyrie; The Valley of Steel Boxes; The Vast; The Visionary; The Void; The Warden; The Warlord; The Watcher; The Web; The Wedding Gift; The White Knight; The Whiteout; The Wilted Rose; The Wind; The Witch; The Wolf; The Wolf's Legacy; The Wolf's Shadow; The Wolven King's Bite; The Wolverine; The World Eater; The Wrath; The Wretched; Thirst for Knowledge; Three Faces in the Dark; Three Voices; Thunderous Skies; Time-Lost Relic; Toxic Tidings; Tranquillity; Treasure Hunter; Triskaidekaphobia; Turn the Other Cheek; Unchained; Underground Forest; Unrequited Love; Vanity; Vile Power; Vinia's Token; Void of the Elements; Volatile Power; Wealth and Power; When Currents Blaze; Who Asked; Winter's Embrace"
monster.beast,leaf,site-coarse,"at monster (the parent's level; which leaf, not stated)",361,0,0,0,0,361,"Aboriginal Chieftain; Acid Slitherer; Adolescent Rhex; Aidan the Frenzied; Albino Rhoa; Alpha Paradisae; Alpine Devil; Alpine Shaman; Amarissa, Daughter of Merveil; Ambrosia, Daughter of Merveil; Ancient Devourer; Arakaali's Daughter; Arctic Wolf; Armour Cruncher; Avalanche Rider; Avian Retch; Balah, Duke; Barb Serpent; Barrow Ape; Bearded Devil; Bearded Shaman; Bearded Skycaller; Bestial Maw; Black Death; Black Mórrigan; Black Scorpion; Bladeback Guardian; Bladetooth; Bleached Crawler; Bleached Crustacean; Blood Ape; Blood Chieftain; Blood Morpher; Blood Stasis ; Blue Frog; Bone Cruncher; Bone Rhoa; Boulderback; Bramble Cobra; Brine Vassal; Brinecrack; Brood Princess; Brooding Tarantula; Buried Tarantula; Carnage Ape; Carnage Chieftain; Carrion Burrower; Carrion Minion; Carrion Queen; Carrion Swarmer; Cave Beast; Cave Crustacean; Cave Skitterer; Cavern Drifter; Chimeric Croaker; Chrome-infused Chimeral; Chrome-infused Croaker; Chrome-infused Goliath; Chrome-touched Chimeral; Chrome-touched Croaker; Chrome-touched Goliath; Cintiq, the Inescapable; Colossus Crusher; Common Frog; Corrupted Arach; Corrupted Beast; Corrupted Rhoa; Corrupted Spitter; Craiceann, First of the Deep; Craicic Croaker; Craicic Maw; Craicic Sand Spitter; Craicic Savage Crab; Craicic Shield Crab; Craicic Spider Crab; Craicic Squid; Craicic Vassal; Craicic Watcher; Crazed Chieftain; Crazed Flamebeast; Crustacean Pelter; Crustacean Sniper; Crypt Ambusher; Crypt Weaver; Cursed Spawn; Deep Crustacean; Devourer; Dire Wolf; Dirt Scrabbler; Diseased Arachnid; Dread Primate; Drifting Eye; Dune Hellion; Dust Scrabbler; Echo of the Verdant; Elder-Blessed Cobra; Elder-Blessed Goatman; Elder-Blessed Hellion; Elder-Blessed Retch; Elder-Blessed Rhoa; Enraptured Arachnid; Enraptured Beast; Enraptured Crab; Enslaved Hellion; Escaped Rhex; Eyepecker; Farric Ape; Farric Chieftain; Farric Flame Hellion Alpha; Farric Frost Hellion Alpha; Farric Gargantuan; Farric Goatman; Farric Goliath; Farric Lynx Alpha; Farric Magma Hound; Farric Pit Hound; Farric Taurus; Farric Tiger Alpha; Farric Ursa; Farric Wolf Alpha; Farrul, First of the Plains; Fated Siren; Fathom Screamer; Fenumal Devourer; Fenumal Hybrid Arachnid; Fenumal Plagued Arachnid; Fenumal Queen; Fenumal Scorpion; Fenumal Scrabbler; Fenumal Widow; Fenumus, First of the Night; Feral Chimeral; Feral Fowl; Fetid Maw; Fighting Bull; Filth Maw; Flame Hellion; Foreseen Spawn; Forest Beast; Fossil Eater; Freezing Wolf; Fury Hound; Fused Crawler; Genesis Paradisae; Glade Mamba; Gluttonous Gull; Goatman; Goatman Fire-raiser; Goatman Shaman; Goatman Stomper; Granite Eater; Gravel Eater; Grazing Taurus; Guardian of the Mound; Hairy Bonecruncher; Hatchling; Hill Devil; Hollowskull, the Willing Host; Host Adder; Host Chieftain; Host Cobra; Hybrid Arachnid; Infected Adder; Infected Ambusher; Infected Beast; Infected Spiker; Infected Watcher; Infested Ape; Infested Crab; Infested Crawler; Infested Crustacean; Infested Maw; Infested Rhoa; Infested Serpent; Infested Skitterer; Infested Sniper; Infested Tunnelfiend; Infested Ursa; Infested Vulture; Ink Spinner; Inti of the Blood Moon; Invading Crustacean; Junglemare; Kamaq, Soilmaker; Konu, Maker of Wind; Leaping Spider; Lola, the Fierce; Lowlands Hopper; Lurking Venom; Maligaro's Inspiration; Maligaro's Muse; Maternal Rhex; Maze Hatchling; Maze Needleback; Maze Slitherer; Maze Webspinner; Merveil's Attendant; Merveil's Blessed; Merveil's Chosen; Merveil's Daughter; Merveil's Favoured; Merveil's Retainer; Mindless Scavenger; Mother of the Hive; Mother of the Swarm; Mountain Hellion; Mountain Hellion Alpha; Mountain Lynx; Murk Runner; Mutant Arach; Mutated Adder; Mutated Arachnid; Mutated Broodqueen; Mutated Chieftain; Mutated Croaker; Mutated Flamebeast; Mutated Maw; Mutated Rhoa; Mutated Ursa; Mutated Watcher; Mutated Winterclaw; Mutewind Lynx; Mystic Devourer; Nadia the Soothing; Night Adder; Nightmarish Carrion; Noxious Tarantula; Obsidian Eater; Oozeback Bloom; Paradisae Venenum; Parasite; Pewterfang; Pitbull Demon; Plagued Arachnid; Plated Parasite; Plumed Chimeral; Plummeting Ursa; Poisonous Parasite; Porcupine Goliath; Predatory Scorpion; Primal Beast; Primal Crushclaw; Primal Cystcaller; Primal Rhex Matriarch; Primitive Ape; Primordial Rhoa; Purge Hound; Putrid Chimeral; Putrid Serpent; Putrid Weaver; Q'uru; Quetzerxi; Rabid Broodqueen; Rabid Maw; Rabid Minion; Rabid Rhoa; Raihara, Tukohama's Loyal; Ravenous Parasite; Rhoa Mare; Rima, Deep Temptress; Risen Infested Beast; Rocco, the Bloodthirsty; Rock Spitter; Rooster Demon; Rooster Fiend; Rotting Vulture; Ruins Hellion; Sand Leaper; Sand Scorpion; Sand Serpent; Sand Skitterer; Saqawal, First of the Sky; Saqawine Blood Viper; Saqawine Chimeral; Saqawine Cobra; Saqawine Retch; Saqawine Rhex; Saqawine Rhoa; Saqawine Vulture; Savage Crab; Scalding Arachnid; Scavenging Vulture; Scrabbling Menace; Scrabbling Spitter; Scum Crawler; Sewage Crawler; Sewer Drifter; Shackled Hellion; Shaggy Monstrosity; Sheaq, Maker of Floods; Shivershell; Sickly Spinner; Simi, the Nature Touched; Singing Siren; Siren's Spawn; Skeletal Beast; Slimy Bloodsucker; Slimy Nemesis; Snow Wolf; Soulless Watcher; Spindle Spider; Spine Serpent; Spinesnap; Spirit of Aidan; Spirit of Nadia; Spitting Parasite; Steelchaw; Strangledrift; Stygian Ape; Stygian Silverback; Sulphuric Scorpion; Sulphurspawn; Swarthy Mollusc; Talon Archer; Tamipin; Tamulus; Tercel Rhoa; The All-seeing Eye; The Basilisk; The Burning Menace; The Cadaver Bull; The Conqueror Wurm; The Duchess; The Dweller of the Deep; The Encephalophage; The Faun; The Great White Beast; The Great White Bones; The Hundred Foot Shadow; The Sunburst Queen; The Weaver; Thicket Hulk; Thistlesage; Thornrunner; Toxic Crawler; Tunnelfiend; Tunnelworm; Twisted Chimeral; Tyrannursus Maximus; Ungulath; Unstable Larva; Vaal Recluse; Vaulting Croaker; Venomous Spawn; Ventarus; Vicious Hound; Vicious Parasite; Virulent Spider; Vivid Abberarach; Vivid Vulture; Vivid Watcher; War Hound; Waste Lurcher; Webbed Spider; Wild Brambleback; Wild Bristle Matron; Wild Chimeral; Wild Hellion Alpha; Wild Rhex; Woods Ursa; Zombie Rhoa"
monster.yellowbeast,leaf,site-coarse,"at monster (the parent's level; which leaf, not stated)",361,0,0,0,0,361,"Aboriginal Chieftain; Acid Slitherer; Adolescent Rhex; Aidan the Frenzied; Albino Rhoa; Alpha Paradisae; Alpine Devil; Alpine Shaman; Amarissa, Daughter of Merveil; Ambrosia, Daughter of Merveil; Ancient Devourer; Arakaali's Daughter; Arctic Wolf; Armour Cruncher; Avalanche Rider; Avian Retch; Balah, Duke; Barb Serpent; Barrow Ape; Bearded Devil; Bearded Shaman; Bearded Skycaller; Bestial Maw; Black Death; Black Mórrigan; Black Scorpion; Bladeback Guardian; Bladetooth; Bleached Crawler; Bleached Crustacean; Blood Ape; Blood Chieftain; Blood Morpher; Blood Stasis ; Blue Frog; Bone Cruncher; Bone Rhoa; Boulderback; Bramble Cobra; Brine Vassal; Brinecrack; Brood Princess; Brooding Tarantula; Buried Tarantula; Carnage Ape; Carnage Chieftain; Carrion Burrower; Carrion Minion; Carrion Queen; Carrion Swarmer; Cave Beast; Cave Crustacean; Cave Skitterer; Cavern Drifter; Chimeric Croaker; Chrome-infused Chimeral; Chrome-infused Croaker; Chrome-infused Goliath; Chrome-touched Chimeral; Chrome-touched Croaker; Chrome-touched Goliath; Cintiq, the Inescapable; Colossus Crusher; Common Frog; Corrupted Arach; Corrupted Beast; Corrupted Rhoa; Corrupted Spitter; Craiceann, First of the Deep; Craicic Croaker; Craicic Maw; Craicic Sand Spitter; Craicic Savage Crab; Craicic Shield Crab; Craicic Spider Crab; Craicic Squid; Craicic Vassal; Craicic Watcher; Crazed Chieftain; Crazed Flamebeast; Crustacean Pelter; Crustacean Sniper; Crypt Ambusher; Crypt Weaver; Cursed Spawn; Deep Crustacean; Devourer; Dire Wolf; Dirt Scrabbler; Diseased Arachnid; Dread Primate; Drifting Eye; Dune Hellion; Dust Scrabbler; Echo of the Verdant; Elder-Blessed Cobra; Elder-Blessed Goatman; Elder-Blessed Hellion; Elder-Blessed Retch; Elder-Blessed Rhoa; Enraptured Arachnid; Enraptured Beast; Enraptured Crab; Enslaved Hellion; Escaped Rhex; Eyepecker; Farric Ape; Farric Chieftain; Farric Flame Hellion Alpha; Farric Frost Hellion Alpha; Farric Gargantuan; Farric Goatman; Farric Goliath; Farric Lynx Alpha; Farric Magma Hound; Farric Pit Hound; Farric Taurus; Farric Tiger Alpha; Farric Ursa; Farric Wolf Alpha; Farrul, First of the Plains; Fated Siren; Fathom Screamer; Fenumal Devourer; Fenumal Hybrid Arachnid; Fenumal Plagued Arachnid; Fenumal Queen; Fenumal Scorpion; Fenumal Scrabbler; Fenumal Widow; Fenumus, First of the Night; Feral Chimeral; Feral Fowl; Fetid Maw; Fighting Bull; Filth Maw; Flame Hellion; Foreseen Spawn; Forest Beast; Fossil Eater; Freezing Wolf; Fury Hound; Fused Crawler; Genesis Paradisae; Glade Mamba; Gluttonous Gull; Goatman; Goatman Fire-raiser; Goatman Shaman; Goatman Stomper; Granite Eater; Gravel Eater; Grazing Taurus; Guardian of the Mound; Hairy Bonecruncher; Hatchling; Hill Devil; Hollowskull, the Willing Host; Host Adder; Host Chieftain; Host Cobra; Hybrid Arachnid; Infected Adder; Infected Ambusher; Infected Beast; Infected Spiker; Infected Watcher; Infested Ape; Infested Crab; Infested Crawler; Infested Crustacean; Infested Maw; Infested Rhoa; Infested Serpent; Infested Skitterer; Infested Sniper; Infested Tunnelfiend; Infested Ursa; Infested Vulture; Ink Spinner; Inti of the Blood Moon; Invading Crustacean; Junglemare; Kamaq, Soilmaker; Konu, Maker of Wind; Leaping Spider; Lola, the Fierce; Lowlands Hopper; Lurking Venom; Maligaro's Inspiration; Maligaro's Muse; Maternal Rhex; Maze Hatchling; Maze Needleback; Maze Slitherer; Maze Webspinner; Merveil's Attendant; Merveil's Blessed; Merveil's Chosen; Merveil's Daughter; Merveil's Favoured; Merveil's Retainer; Mindless Scavenger; Mother of the Hive; Mother of the Swarm; Mountain Hellion; Mountain Hellion Alpha; Mountain Lynx; Murk Runner; Mutant Arach; Mutated Adder; Mutated Arachnid; Mutated Broodqueen; Mutated Chieftain; Mutated Croaker; Mutated Flamebeast; Mutated Maw; Mutated Rhoa; Mutated Ursa; Mutated Watcher; Mutated Winterclaw; Mutewind Lynx; Mystic Devourer; Nadia the Soothing; Night Adder; Nightmarish Carrion; Noxious Tarantula; Obsidian Eater; Oozeback Bloom; Paradisae Venenum; Parasite; Pewterfang; Pitbull Demon; Plagued Arachnid; Plated Parasite; Plumed Chimeral; Plummeting Ursa; Poisonous Parasite; Porcupine Goliath; Predatory Scorpion; Primal Beast; Primal Crushclaw; Primal Cystcaller; Primal Rhex Matriarch; Primitive Ape; Primordial Rhoa; Purge Hound; Putrid Chimeral; Putrid Serpent; Putrid Weaver; Q'uru; Quetzerxi; Rabid Broodqueen; Rabid Maw; Rabid Minion; Rabid Rhoa; Raihara, Tukohama's Loyal; Ravenous Parasite; Rhoa Mare; Rima, Deep Temptress; Risen Infested Beast; Rocco, the Bloodthirsty; Rock Spitter; Rooster Demon; Rooster Fiend; Rotting Vulture; Ruins Hellion; Sand Leaper; Sand Scorpion; Sand Serpent; Sand Skitterer; Saqawal, First of the Sky; Saqawine Blood Viper; Saqawine Chimeral; Saqawine Cobra; Saqawine Retch; Saqawine Rhex; Saqawine Rhoa; Saqawine Vulture; Savage Crab; Scalding Arachnid; Scavenging Vulture; Scrabbling Menace; Scrabbling Spitter; Scum Crawler; Sewage Crawler; Sewer Drifter; Shackled Hellion; Shaggy Monstrosity; Sheaq, Maker of Floods; Shivershell; Sickly Spinner; Simi, the Nature Touched; Singing Siren; Siren's Spawn; Skeletal Beast; Slimy Bloodsucker; Slimy Nemesis; Snow Wolf; Soulless Watcher; Spindle Spider; Spine Serpent; Spinesnap; Spirit of Aidan; Spirit of Nadia; Spitting Parasite; Steelchaw; Strangledrift; Stygian Ape; Stygian Silverback; Sulphuric Scorpion; Sulphurspawn; Swarthy Mollusc; Talon Archer; Tamipin; Tamulus; Tercel Rhoa; The All-seeing Eye; The Basilisk; The Burning Menace; The Cadaver Bull; The Conqueror Wurm; The Duchess; The Dweller of the Deep; The Encephalophage; The Faun; The Great White Beast; The Great White Bones; The Hundred Foot Shadow; The Sunburst Queen; The Weaver; Thicket Hulk; Thistlesage; Thornrunner; Toxic Crawler; Tunnelfiend; Tunnelworm; Twisted Chimeral; Tyrannursus Maximus; Ungulath; Unstable Larva; Vaal Recluse; Vaulting Croaker; Venomous Spawn; Ventarus; Vicious Hound; Vicious Parasite; Virulent Spider; Vivid Abberarach; Vivid Vulture; Vivid Watcher; War Hound; Waste Lurcher; Webbed Spider; Wild Brambleback; Wild Bristle Matron; Wild Chimeral; Wild Hellion Alpha; Wild Rhex; Woods Ursa; Zombie Rhoa"
monster.redbeast,leaf,site-coarse,"at monster (the parent's level; which leaf, not stated)",361,0,0,0,0,361,"Aboriginal Chieftain; Acid Slitherer; Adolescent Rhex; Aidan the Frenzied; Albino Rhoa; Alpha Paradisae; Alpine Devil; Alpine Shaman; Amarissa, Daughter of Merveil; Ambrosia, Daughter of Merveil; Ancient Devourer; Arakaali's Daughter; Arctic Wolf; Armour Cruncher; Avalanche Rider; Avian Retch; Balah, Duke; Barb Serpent; Barrow Ape; Bearded Devil; Bearded Shaman; Bearded Skycaller; Bestial Maw; Black Death; Black Mórrigan; Black Scorpion; Bladeback Guardian; Bladetooth; Bleached Crawler; Bleached Crustacean; Blood Ape; Blood Chieftain; Blood Morpher; Blood Stasis ; Blue Frog; Bone Cruncher; Bone Rhoa; Boulderback; Bramble Cobra; Brine Vassal; Brinecrack; Brood Princess; Brooding Tarantula; Buried Tarantula; Carnage Ape; Carnage Chieftain; Carrion Burrower; Carrion Minion; Carrion Queen; Carrion Swarmer; Cave Beast; Cave Crustacean; Cave Skitterer; Cavern Drifter; Chimeric Croaker; Chrome-infused Chimeral; Chrome-infused Croaker; Chrome-infused Goliath; Chrome-touched Chimeral; Chrome-touched Croaker; Chrome-touched Goliath; Cintiq, the Inescapable; Colossus Crusher; Common Frog; Corrupted Arach; Corrupted Beast; Corrupted Rhoa; Corrupted Spitter; Craiceann, First of the Deep; Craicic Croaker; Craicic Maw; Craicic Sand Spitter; Craicic Savage Crab; Craicic Shield Crab; Craicic Spider Crab; Craicic Squid; Craicic Vassal; Craicic Watcher; Crazed Chieftain; Crazed Flamebeast; Crustacean Pelter; Crustacean Sniper; Crypt Ambusher; Crypt Weaver; Cursed Spawn; Deep Crustacean; Devourer; Dire Wolf; Dirt Scrabbler; Diseased Arachnid; Dread Primate; Drifting Eye; Dune Hellion; Dust Scrabbler; Echo of the Verdant; Elder-Blessed Cobra; Elder-Blessed Goatman; Elder-Blessed Hellion; Elder-Blessed Retch; Elder-Blessed Rhoa; Enraptured Arachnid; Enraptured Beast; Enraptured Crab; Enslaved Hellion; Escaped Rhex; Eyepecker; Farric Ape; Farric Chieftain; Farric Flame Hellion Alpha; Farric Frost Hellion Alpha; Farric Gargantuan; Farric Goatman; Farric Goliath; Farric Lynx Alpha; Farric Magma Hound; Farric Pit Hound; Farric Taurus; Farric Tiger Alpha; Farric Ursa; Farric Wolf Alpha; Farrul, First of the Plains; Fated Siren; Fathom Screamer; Fenumal Devourer; Fenumal Hybrid Arachnid; Fenumal Plagued Arachnid; Fenumal Queen; Fenumal Scorpion; Fenumal Scrabbler; Fenumal Widow; Fenumus, First of the Night; Feral Chimeral; Feral Fowl; Fetid Maw; Fighting Bull; Filth Maw; Flame Hellion; Foreseen Spawn; Forest Beast; Fossil Eater; Freezing Wolf; Fury Hound; Fused Crawler; Genesis Paradisae; Glade Mamba; Gluttonous Gull; Goatman; Goatman Fire-raiser; Goatman Shaman; Goatman Stomper; Granite Eater; Gravel Eater; Grazing Taurus; Guardian of the Mound; Hairy Bonecruncher; Hatchling; Hill Devil; Hollowskull, the Willing Host; Host Adder; Host Chieftain; Host Cobra; Hybrid Arachnid; Infected Adder; Infected Ambusher; Infected Beast; Infected Spiker; Infected Watcher; Infested Ape; Infested Crab; Infested Crawler; Infested Crustacean; Infested Maw; Infested Rhoa; Infested Serpent; Infested Skitterer; Infested Sniper; Infested Tunnelfiend; Infested Ursa; Infested Vulture; Ink Spinner; Inti of the Blood Moon; Invading Crustacean; Junglemare; Kamaq, Soilmaker; Konu, Maker of Wind; Leaping Spider; Lola, the Fierce; Lowlands Hopper; Lurking Venom; Maligaro's Inspiration; Maligaro's Muse; Maternal Rhex; Maze Hatchling; Maze Needleback; Maze Slitherer; Maze Webspinner; Merveil's Attendant; Merveil's Blessed; Merveil's Chosen; Merveil's Daughter; Merveil's Favoured; Merveil's Retainer; Mindless Scavenger; Mother of the Hive; Mother of the Swarm; Mountain Hellion; Mountain Hellion Alpha; Mountain Lynx; Murk Runner; Mutant Arach; Mutated Adder; Mutated Arachnid; Mutated Broodqueen; Mutated Chieftain; Mutated Croaker; Mutated Flamebeast; Mutated Maw; Mutated Rhoa; Mutated Ursa; Mutated Watcher; Mutated Winterclaw; Mutewind Lynx; Mystic Devourer; Nadia the Soothing; Night Adder; Nightmarish Carrion; Noxious Tarantula; Obsidian Eater; Oozeback Bloom; Paradisae Venenum; Parasite; Pewterfang; Pitbull Demon; Plagued Arachnid; Plated Parasite; Plumed Chimeral; Plummeting Ursa; Poisonous Parasite; Porcupine Goliath; Predatory Scorpion; Primal Beast; Primal Crushclaw; Primal Cystcaller; Primal Rhex Matriarch; Primitive Ape; Primordial Rhoa; Purge Hound; Putrid Chimeral; Putrid Serpent; Putrid Weaver; Q'uru; Quetzerxi; Rabid Broodqueen; Rabid Maw; Rabid Minion; Rabid Rhoa; Raihara, Tukohama's Loyal; Ravenous Parasite; Rhoa Mare; Rima, Deep Temptress; Risen Infested Beast; Rocco, the Bloodthirsty; Rock Spitter; Rooster Demon; Rooster Fiend; Rotting Vulture; Ruins Hellion; Sand Leaper; Sand Scorpion; Sand Serpent; Sand Skitterer; Saqawal, First of the Sky; Saqawine Blood Viper; Saqawine Chimeral; Saqawine Cobra; Saqawine Retch; Saqawine Rhex; Saqawine Rhoa; Saqawine Vulture; Savage Crab; Scalding Arachnid; Scavenging Vulture; Scrabbling Menace; Scrabbling Spitter; Scum Crawler; Sewage Crawler; Sewer Drifter; Shackled Hellion; Shaggy Monstrosity; Sheaq, Maker of Floods; Shivershell; Sickly Spinner; Simi, the Nature Touched; Singing Siren; Siren's Spawn; Skeletal Beast; Slimy Bloodsucker; Slimy Nemesis; Snow Wolf; Soulless Watcher; Spindle Spider; Spine Serpent; Spinesnap; Spirit of Aidan; Spirit of Nadia; Spitting Parasite; Steelchaw; Strangledrift; Stygian Ape; Stygian Silverback; Sulphuric Scorpion; Sulphurspawn; Swarthy Mollusc; Talon Archer; Tamipin; Tamulus; Tercel Rhoa; The All-seeing Eye; The Basilisk; The Burning Menace; The Cadaver Bull; The Conqueror Wurm; The Duchess; The Dweller of the Deep; The Encephalophage; The Faun; The Great White Beast; The Great White Bones; The Hundred Foot Shadow; The Sunburst Queen; The Weaver; Thicket Hulk; Thistlesage; Thornrunner; Toxic Crawler; Tunnelfiend; Tunnelworm; Twisted Chimeral; Tyrannursus Maximus; Ungulath; Unstable Larva; Vaal Recluse; Vaulting Croaker; Venomous Spawn; Ventarus; Vicious Hound; Vicious Parasite; Virulent Spider; Vivid Abberarach; Vivid Vulture; Vivid Watcher; War Hound; Waste Lurcher; Webbed Spider; Wild Brambleback; Wild Bristle Matron; Wild Chimeral; Wild Hellion Alpha; Wild Rhex; Woods Ursa; Zombie Rhoa"
heistequipment,prefix parent,site-coarse,coarse id,56,0,56,0,0,0,Aggregator Charm; Azurite Flashpowder; Basic Disguise Kit; Burst Band; Conduit Line; Crude Sensing Charm; Crude Ward; Eelskin Sole; Enamel Brooch; Espionage Disguise Kit; Essential Keyring; Fine Lockpick; Fine Sensing Charm; Fine Sharpening Stone; Flanged Arrowhead; Flanged Drill; Focal Stone; Foliate Brooch; Foxhide Sole; Fragmenting Arrowhead; Golden Brooch; Grandmaster Keyring; Hollowpoint Arrowhead; Hooded Cloak; Leather Bracers; Lustrous Ward; Master Lockpick; Obsidian Sharpening Stone; Polished Sensing Charm; Precise Arrowhead; Regicide Disguise Kit; Rough Sharpening Stone; Runed Bracers; Shining Ward; Silkweave Sole; Silver Brooch; Simple Lockpick; Skeleton Keyring; Standard Lockpick; Standard Sharpening Stone; Steel Bracers; Steel Drill; Studded Bracers; Sulphur Blowtorch; Tattered Cloak; Thaumaturgical Sensing Charm; Thaumaturgical Ward; Thaumetic Blowtorch; Thaumetic Flashpowder; Theatre Disguise Kit; Torn Cloak; Trarthan Flashpowder; Versatile Keyring; Voltaxic Flashpowder; Whisper-woven Cloak; Winged Sole
heistequipment.heistweapon,leaf,export,exact,13,13,0,0,0,0,Aggregator Charm; Burst Band; Conduit Line; Fine Sharpening Stone; Flanged Arrowhead; Focal Stone; Fragmenting Arrowhead; Hollowpoint Arrowhead; Obsidian Sharpening Stone; Precise Arrowhead; Rough Sharpening Stone; Standard Sharpening Stone; [UNUSED] Heist Test Weapon
heistequipment.heistweapon,leaf,apt,exact,12,12,0,0,0,0,Aggregator Charm; Burst Band; Conduit Line; Fine Sharpening Stone; Flanged Arrowhead; Focal Stone; Fragmenting Arrowhead; Hollowpoint Arrowhead; Obsidian Sharpening Stone; Precise Arrowhead; Rough Sharpening Stone; Standard Sharpening Stone
heistequipment.heistweapon,leaf,site-coarse,at heistequipment (the parent's level),12,0,12,0,0,0,Aggregator Charm; Burst Band; Conduit Line; Fine Sharpening Stone; Flanged Arrowhead; Focal Stone; Fragmenting Arrowhead; Hollowpoint Arrowhead; Obsidian Sharpening Stone; Precise Arrowhead; Rough Sharpening Stone; Standard Sharpening Stone
heistequipment.heisttool,leaf,export,exact,37,37,0,0,0,0,Azurite Flashpowder; Basic Disguise Kit; Crude Sensing Charm; Crude Ward; Eelskin Sole; Espionage Disguise Kit; Essential Keyring; Fine Lockpick; Fine Sensing Charm; Flanged Drill; Foxhide Sole; Grandmaster Keyring; Leather Bracers; Lustrous Ward; Master Lockpick; Polished Sensing Charm; Regicide Disguise Kit; Runed Bracers; Shining Ward; Silkweave Sole; Simple Lockpick; Skeleton Keyring; Standard Lockpick; Steel Bracers; Steel Drill; Studded Bracers; Sulphur Blowtorch; Thaumaturgical Sensing Charm; Thaumaturgical Ward; Thaumetic Blowtorch; Thaumetic Flashpowder; Theatre Disguise Kit; Trarthan Flashpowder; Versatile Keyring; Voltaxic Flashpowder; Winged Sole; [UNUSED] Heist Test Tool
heistequipment.heisttool,leaf,apt,exact,36,36,0,0,0,0,Azurite Flashpowder; Basic Disguise Kit; Crude Sensing Charm; Crude Ward; Eelskin Sole; Espionage Disguise Kit; Essential Keyring; Fine Lockpick; Fine Sensing Charm; Flanged Drill; Foxhide Sole; Grandmaster Keyring; Leather Bracers; Lustrous Ward; Master Lockpick; Polished Sensing Charm; Regicide Disguise Kit; Runed Bracers; Shining Ward; Silkweave Sole; Simple Lockpick; Skeleton Keyring; Standard Lockpick; Steel Bracers; Steel Drill; Studded Bracers; Sulphur Blowtorch; Thaumaturgical Sensing Charm; Thaumaturgical Ward; Thaumetic Blowtorch; Thaumetic Flashpowder; Theatre Disguise Kit; Trarthan Flashpowder; Versatile Keyring; Voltaxic Flashpowder; Winged Sole
heistequipment.heisttool,leaf,site-coarse,at heistequipment (the parent's level),36,0,36,0,0,0,Azurite Flashpowder; Basic Disguise Kit; Crude Sensing Charm; Crude Ward; Eelskin Sole; Espionage Disguise Kit; Essential Keyring; Fine Lockpick; Fine Sensing Charm; Flanged Drill; Foxhide Sole; Grandmaster Keyring; Leather Bracers; Lustrous Ward; Master Lockpick; Polished Sensing Charm; Regicide Disguise Kit; Runed Bracers; Shining Ward; Silkweave Sole; Simple Lockpick; Skeleton Keyring; Standard Lockpick; Steel Bracers; Steel Drill; Studded Bracers; Sulphur Blowtorch; Thaumaturgical Sensing Charm; Thaumaturgical Ward; Thaumetic Blowtorch; Thaumetic Flashpowder; Theatre Disguise Kit; Trarthan Flashpowder; Versatile Keyring; Voltaxic Flashpowder; Winged Sole
heistequipment.heistutility,leaf,export,exact,5,5,0,0,0,0,Hooded Cloak; Tattered Cloak; Torn Cloak; Whisper-woven Cloak; [UNUSED] Heist Test Utility Equipment
heistequipment.heistutility,leaf,apt,exact,4,4,0,0,0,0,Hooded Cloak; Tattered Cloak; Torn Cloak; Whisper-woven Cloak
heistequipment.heistutility,leaf,site-coarse,at heistequipment (the parent's level),4,0,4,0,0,0,Hooded Cloak; Tattered Cloak; Torn Cloak; Whisper-woven Cloak
heistequipment.heistreward,leaf,export,exact,5,5,0,0,0,0,Enamel Brooch; Foliate Brooch; Golden Brooch; Silver Brooch; [UNUSED] Heist Test Reward Equipment
heistequipment.heistreward,leaf,apt,exact,4,4,0,0,0,0,Enamel Brooch; Foliate Brooch; Golden Brooch; Silver Brooch
heistequipment.heistreward,leaf,site-coarse,at heistequipment (the parent's level),4,0,4,0,0,0,Enamel Brooch; Foliate Brooch; Golden Brooch; Silver Brooch
heistmission,prefix parent,site-coarse,coarse id,23,0,23,0,0,0,Blueprint: Bunker; Blueprint: Laboratory; Blueprint: Mansion; Blueprint: Prohibited Library; Blueprint: Records Office; Blueprint: Repository; Blueprint: Smuggler's Den; Blueprint: Tunnels; Blueprint: Underbelly; Contract: Bunker; Contract: Laboratory; Contract: Mansion; Contract: Prohibited Library; Contract: Records Office; Contract: Repository; Contract: Smuggler's Den; Contract: Tunnels; Contract: Underbelly; Familial Contract; Naval Contract; Preventative Contract; Vengeful Contract; Vigilante Contract
heistmission.contract,leaf,export,exact,15,15,0,0,0,0,Contract: Bunker; Contract: Laboratory; Contract: Mansion; Contract: Prohibited Library; Contract: Records Office; Contract: Repository; Contract: Smuggler's Den; Contract: Tunnels; Contract: Underbelly; Familial Contract; Forbidden Contract; Naval Contract; Preventative Contract; Vengeful Contract; Vigilante Contract
heistmission.contract,leaf,apt,exact,14,14,0,0,0,0,Contract: Bunker; Contract: Laboratory; Contract: Mansion; Contract: Prohibited Library; Contract: Records Office; Contract: Repository; Contract: Smuggler's Den; Contract: Tunnels; Contract: Underbelly; Familial Contract; Naval Contract; Preventative Contract; Vengeful Contract; Vigilante Contract
heistmission.contract,leaf,site-coarse,at heistmission (the parent's level),14,0,14,0,0,0,Contract: Bunker; Contract: Laboratory; Contract: Mansion; Contract: Prohibited Library; Contract: Records Office; Contract: Repository; Contract: Smuggler's Den; Contract: Tunnels; Contract: Underbelly; Familial Contract; Naval Contract; Preventative Contract; Vengeful Contract; Vigilante Contract
heistmission.blueprint,leaf,export,exact,9,9,0,0,0,0,Blueprint: Bunker; Blueprint: Laboratory; Blueprint: Mansion; Blueprint: Prohibited Library; Blueprint: Records Office; Blueprint: Repository; Blueprint: Smuggler's Den; Blueprint: Tunnels; Blueprint: Underbelly
heistmission.blueprint,leaf,apt,exact,9,9,0,0,0,0,Blueprint: Bunker; Blueprint: Laboratory; Blueprint: Mansion; Blueprint: Prohibited Library; Blueprint: Records Office; Blueprint: Repository; Blueprint: Smuggler's Den; Blueprint: Tunnels; Blueprint: Underbelly
heistmission.blueprint,leaf,site-coarse,at heistmission (the parent's level),9,0,9,0,0,0,Blueprint: Bunker; Blueprint: Laboratory; Blueprint: Mansion; Blueprint: Prohibited Library; Blueprint: Records Office; Blueprint: Repository; Blueprint: Smuggler's Den; Blueprint: Tunnels; Blueprint: Underbelly
logbook,leaf,export,exact,1,1,0,0,0,0,Expedition Logbook
logbook,leaf,site-coarse,coarse id,1,1,0,0,0,0,Expedition Logbook
logbook,leaf,site-coarse,at logbook (the parent's level),1,0,1,0,0,0,Expedition Logbook
sanctum.research,leaf,export,exact,5,5,0,0,0,0,Forbidden Tome; Sanctum Archives Research; Sanctum Cathedral Research; Sanctum Necropolis Research; Sanctum Vaults Research
sanctum.research,leaf,site-coarse,at sanctum (the parent's level),5,0,5,0,0,0,Forbidden Tome; Sanctum Archives Research; Sanctum Cathedral Research; Sanctum Necropolis Research; Sanctum Vaults Research
sanctum.relic,leaf,export,exact,15,15,0,0,0,0,Candlestick Relic; Censer Relic; Coffer Relic; Papyrus Relic; Processional Relic; Sanctified Relic; Tome Relic; Urn Relic; [DO NOT USE] Candlestick Relic; [DO NOT USE] Censer Relic; [DO NOT USE] Coffer Relic; [DO NOT USE] Papyrus Relic; [DO NOT USE] Processional Relic; [DO NOT USE] Tome Relic; [DO NOT USE] Urn Relic
sanctum.relic,leaf,apt,exact,7,7,0,0,0,0,Candlestick Relic; Censer Relic; Coffer Relic; Papyrus Relic; Processional Relic; Tome Relic; Urn Relic
sanctum.relic,leaf,site-coarse,at sanctum (the parent's level),7,0,7,0,0,0,Candlestick Relic; Censer Relic; Coffer Relic; Papyrus Relic; Processional Relic; Tome Relic; Urn Relic
tincture,leaf,export,exact,10,10,0,0,0,0,Ashbark Tincture; Blood Sap Tincture; Borealwood Tincture; Fulgurite Tincture; Ironwood Tincture; Oakbranch Tincture; Poisonberry Tincture; Prismatic Tincture; Rosethorn Tincture; Sporebloom Tincture
tincture,leaf,site-coarse,coarse id,10,10,0,0,0,0,Ashbark Tincture; Blood Sap Tincture; Borealwood Tincture; Fulgurite Tincture; Ironwood Tincture; Oakbranch Tincture; Poisonberry Tincture; Prismatic Tincture; Rosethorn Tincture; Sporebloom Tincture
tincture,leaf,apt,exact,10,10,0,0,0,0,Ashbark Tincture; Blood Sap Tincture; Borealwood Tincture; Fulgurite Tincture; Ironwood Tincture; Oakbranch Tincture; Poisonberry Tincture; Prismatic Tincture; Rosethorn Tincture; Sporebloom Tincture
tincture,leaf,site-coarse,at tincture (the parent's level),10,0,10,0,0,0,Ashbark Tincture; Blood Sap Tincture; Borealwood Tincture; Fulgurite Tincture; Ironwood Tincture; Oakbranch Tincture; Poisonberry Tincture; Prismatic Tincture; Rosethorn Tincture; Sporebloom Tincture
corpse,leaf,export,exact,114,114,0,0,0,0,Adherent of Zarokh; Astral Lich; Blasphemer; Blood Demon; Conjuror of Rot; Dancing Sword; Dark Marionette; Dark Reaper; Druidic Alchemist; Eldritch Eye; Escaped Prototype; Fiery Cannibal; Forest Tiger; Forest Warrior; Frozen Cannibal; Guardian Turtle; Half-remembered Goliath; Hulking Miscreation; Hydra; Imperfect Adherent of Zarokh; Imperfect Astral Lich; Imperfect Blasphemer; Imperfect Blood Demon; Imperfect Conjuror of Rot; Imperfect Dancing Sword; Imperfect Dark Marionette; Imperfect Dark Reaper; Imperfect Druidic Alchemist; Imperfect Eldritch Eye; Imperfect Escaped Prototype; Imperfect Fiery Cannibal; Imperfect Forest Tiger; Imperfect Forest Warrior; Imperfect Frozen Cannibal; Imperfect Guardian Turtle; Imperfect Half-remembered Goliath; Imperfect Hulking Miscreation; Imperfect Hydra; Imperfect Judgemental Spirit; Imperfect Meatsack; Imperfect Naval Officer; Imperfect Needle Horror; Imperfect Pain Artist; Imperfect Primal Demiurge; Imperfect Primal Thunderbird; Imperfect Restless Knight; Imperfect Riftcaster; Imperfect Runic Skeleton; Imperfect Sanguimancer Demon; Imperfect Sawblade Horror; Imperfect Serpent Warrior; Imperfect Shadow Berserker; Imperfect Shadow Construct; Imperfect Slashing Horror; Imperfect Spider Matriarch; Imperfect Spirit of Fortune; Imperfect Warlord; Judgemental Spirit; Meatsack; Naval Officer; Needle Horror; Pain Artist; Perfect Adherent of Zarokh; Perfect Astral Lich; Perfect Blasphemer; Perfect Blood Demon; Perfect Conjuror of Rot; Perfect Dancing Sword; Perfect Dark Marionette; Perfect Dark Reaper; Perfect Druidic Alchemist; Perfect Eldritch Eye; Perfect Escaped Prototype; Perfect Fiery Cannibal; Perfect Forest Tiger; Perfect Forest Warrior; Perfect Frozen Cannibal; Perfect Guardian Turtle; Perfect Half-remembered Goliath; Perfect Hulking Miscreation; Perfect Hydra; Perfect Judgemental Spirit; Perfect Meatsack; Perfect Naval Officer; Perfect Needle Horror; Perfect Pain Artist; Perfect Primal Demiurge; Perfect Primal Thunderbird; Perfect Restless Knight; Perfect Riftcaster; Perfect Runic Skeleton; Perfect Sanguimancer Demon; Perfect Sawblade Horror; Perfect Serpent Warrior; Perfect Shadow Berserker; Perfect Shadow Construct; Perfect Slashing Horror; Perfect Spider Matriarch; Perfect Spirit of Fortune; Perfect Warlord; Primal Demiurge; Primal Thunderbird; Restless Knight; Riftcaster; Runic Skeleton; Sanguimancer Demon; Sawblade Horror; Serpent Warrior; Shadow Berserker; Shadow Construct; Slashing Horror; Spider Matriarch; Spirit of Fortune; Warlord
corpse,leaf,site-coarse,coarse id,102,102,0,0,0,0,Adherent of Zarokh; Astral Lich; Blasphemer; Blood Demon; Conjuror of Rot; Dancing Sword; Dark Marionette; Dark Reaper; Druidic Alchemist; Eldritch Eye; Fiery Cannibal; Forest Tiger; Forest Warrior; Frozen Cannibal; Guardian Turtle; Half-remembered Goliath; Hulking Miscreation; Hydra; Imperfect Adherent of Zarokh; Imperfect Astral Lich; Imperfect Blasphemer; Imperfect Blood Demon; Imperfect Conjuror of Rot; Imperfect Dancing Sword; Imperfect Dark Marionette; Imperfect Dark Reaper; Imperfect Druidic Alchemist; Imperfect Eldritch Eye; Imperfect Fiery Cannibal; Imperfect Forest Tiger; Imperfect Forest Warrior; Imperfect Frozen Cannibal; Imperfect Guardian Turtle; Imperfect Half-remembered Goliath; Imperfect Hulking Miscreation; Imperfect Hydra; Imperfect Judgemental Spirit; Imperfect Meatsack; Imperfect Naval Officer; Imperfect Needle Horror; Imperfect Pain Artist; Imperfect Primal Demiurge; Imperfect Primal Thunderbird; Imperfect Runic Skeleton; Imperfect Sanguimancer Demon; Imperfect Sawblade Horror; Imperfect Serpent Warrior; Imperfect Shadow Construct; Imperfect Slashing Horror; Imperfect Spider Matriarch; Imperfect Spirit of Fortune; Imperfect Warlord; Judgemental Spirit; Meatsack; Naval Officer; Needle Horror; Pain Artist; Perfect Adherent of Zarokh; Perfect Astral Lich; Perfect Blasphemer; Perfect Blood Demon; Perfect Conjuror of Rot; Perfect Dancing Sword; Perfect Dark Marionette; Perfect Dark Reaper; Perfect Druidic Alchemist; Perfect Eldritch Eye; Perfect Fiery Cannibal; Perfect Forest Tiger; Perfect Forest Warrior; Perfect Frozen Cannibal; Perfect Guardian Turtle; Perfect Half-remembered Goliath; Perfect Hulking Miscreation; Perfect Hydra; Perfect Judgemental Spirit; Perfect Meatsack; Perfect Naval Officer; Perfect Needle Horror; Perfect Pain Artist; Perfect Primal Demiurge; Perfect Primal Thunderbird; Perfect Runic Skeleton; Perfect Sanguimancer Demon; Perfect Sawblade Horror; Perfect Serpent Warrior; Perfect Shadow Construct; Perfect Slashing Horror; Perfect Spider Matriarch; Perfect Spirit of Fortune; Perfect Warlord; Primal Demiurge; Primal Thunderbird; Runic Skeleton; Sanguimancer Demon; Sawblade Horror; Serpent Warrior; Shadow Construct; Slashing Horror; Spider Matriarch; Spirit of Fortune; Warlord
corpse,leaf,site-coarse,at corpse (the parent's level),102,0,102,0,0,0,Adherent of Zarokh; Astral Lich; Blasphemer; Blood Demon; Conjuror of Rot; Dancing Sword; Dark Marionette; Dark Reaper; Druidic Alchemist; Eldritch Eye; Fiery Cannibal; Forest Tiger; Forest Warrior; Frozen Cannibal; Guardian Turtle; Half-remembered Goliath; Hulking Miscreation; Hydra; Imperfect Adherent of Zarokh; Imperfect Astral Lich; Imperfect Blasphemer; Imperfect Blood Demon; Imperfect Conjuror of Rot; Imperfect Dancing Sword; Imperfect Dark Marionette; Imperfect Dark Reaper; Imperfect Druidic Alchemist; Imperfect Eldritch Eye; Imperfect Fiery Cannibal; Imperfect Forest Tiger; Imperfect Forest Warrior; Imperfect Frozen Cannibal; Imperfect Guardian Turtle; Imperfect Half-remembered Goliath; Imperfect Hulking Miscreation; Imperfect Hydra; Imperfect Judgemental Spirit; Imperfect Meatsack; Imperfect Naval Officer; Imperfect Needle Horror; Imperfect Pain Artist; Imperfect Primal Demiurge; Imperfect Primal Thunderbird; Imperfect Runic Skeleton; Imperfect Sanguimancer Demon; Imperfect Sawblade Horror; Imperfect Serpent Warrior; Imperfect Shadow Construct; Imperfect Slashing Horror; Imperfect Spider Matriarch; Imperfect Spirit of Fortune; Imperfect Warlord; Judgemental Spirit; Meatsack; Naval Officer; Needle Horror; Pain Artist; Perfect Adherent of Zarokh; Perfect Astral Lich; Perfect Blasphemer; Perfect Blood Demon; Perfect Conjuror of Rot; Perfect Dancing Sword; Perfect Dark Marionette; Perfect Dark Reaper; Perfect Druidic Alchemist; Perfect Eldritch Eye; Perfect Fiery Cannibal; Perfect Forest Tiger; Perfect Forest Warrior; Perfect Frozen Cannibal; Perfect Guardian Turtle; Perfect Half-remembered Goliath; Perfect Hulking Miscreation; Perfect Hydra; Perfect Judgemental Spirit; Perfect Meatsack; Perfect Naval Officer; Perfect Needle Horror; Perfect Pain Artist; Perfect Primal Demiurge; Perfect Primal Thunderbird; Perfect Runic Skeleton; Perfect Sanguimancer Demon; Perfect Sawblade Horror; Perfect Serpent Warrior; Perfect Shadow Construct; Perfect Slashing Horror; Perfect Spider Matriarch; Perfect Spirit of Fortune; Perfect Warlord; Primal Demiurge; Primal Thunderbird; Runic Skeleton; Sanguimancer Demon; Sawblade Horror; Serpent Warrior; Shadow Construct; Slashing Horror; Spider Matriarch; Spirit of Fortune; Warlord
idol,leaf,export,exact,6,6,0,0,0,0,Burial Idol; Conqueror Idol; Kamasan Idol; Minor Idol; Noble Idol; Totemic Idol
idol,leaf,site-coarse,coarse id,6,6,0,0,0,0,Burial Idol; Conqueror Idol; Kamasan Idol; Minor Idol; Noble Idol; Totemic Idol
idol,leaf,apt,exact,6,6,0,0,0,0,Burial Idol; Conqueror Idol; Kamasan Idol; Minor Idol; Noble Idol; Totemic Idol
idol,leaf,site-coarse,at idol (the parent's level),6,0,6,0,0,0,Burial Idol; Conqueror Idol; Kamasan Idol; Minor Idol; Noble Idol; Totemic Idol
graft,leaf,export,exact,18,18,0,0,0,0,Aegis Tulgraft; Battering Uulgraft; Draining Eshgraft; Erupting Xophgraft; Flamecaller Xophgraft; Fleshgraft; Freezing Tulgraft; Growing Wombgift; Hardening Uulgraft; Impaling Uulgraft; Jolting Eshgraft; Molten Xophgraft; Replicating Eshgraft; Spiking Uulgraft; Squalling Tulgraft; Stoking Xophgraft; Storming Eshgraft; Summoning Tulgraft
graft,leaf,site-coarse,coarse id,17,17,0,0,0,0,Aegis Tulgraft; Battering Uulgraft; Draining Eshgraft; Erupting Xophgraft; Flamecaller Xophgraft; Fleshgraft; Freezing Tulgraft; Hardening Uulgraft; Impaling Uulgraft; Jolting Eshgraft; Molten Xophgraft; Replicating Eshgraft; Spiking Uulgraft; Squalling Tulgraft; Stoking Xophgraft; Storming Eshgraft; Summoning Tulgraft
graft,leaf,site-coarse,at graft (the parent's level),18,0,17,0,1,0,Aegis Tulgraft; Battering Uulgraft; Draining Eshgraft; Erupting Xophgraft; Flamecaller Xophgraft; Fleshgraft; Freezing Tulgraft; Hardening Uulgraft; Impaling Uulgraft; Jolting Eshgraft; Molten Xophgraft; Replicating Eshgraft; Spiking Uulgraft; Squalling Tulgraft; Stoking Xophgraft; Storming Eshgraft; Summoning Tulgraft
wombgift,leaf,export,exact,4,4,0,0,0,0,Ancient Wombgift; Lavish Wombgift; Mysterious Wombgift; Provisioning Wombgift
wombgift,leaf,site-coarse,coarse id,5,4,0,0,1,0,Ancient Wombgift; Growing Wombgift; Lavish Wombgift; Mysterious Wombgift; Provisioning Wombgift
wombgift,leaf,site-coarse,at wombgift (the parent's level),4,0,4,0,0,0,Ancient Wombgift; Lavish Wombgift; Mysterious Wombgift; Provisioning Wombgift
enshrouded,leaf,export,exact,5,5,0,0,0,0,Enshrouded Body Armour; Enshrouded Boots; Enshrouded Gloves; Enshrouded Helmet; Enshrouded Shield
enshrouded,leaf,site-coarse,coarse id,5,5,0,0,0,0,Enshrouded Body Armour; Enshrouded Boots; Enshrouded Gloves; Enshrouded Helmet; Enshrouded Shield
enshrouded,leaf,site-coarse,at enshrouded (the parent's level),5,0,5,0,0,0,Enshrouded Body Armour; Enshrouded Boots; Enshrouded Gloves; Enshrouded Helmet; Enshrouded Shield
chart,leaf,export,exact,4,4,0,0,0,0,Coral Forest Chart; Coral Reef Chart; Sandy Seabed Chart; Thermal Vents Chart
chart,leaf,site-coarse,coarse id,19,3,0,0,0,16,AbyssalPlain; Anchorfield; BrineKingsDomain; ClamInfestedShelf; Coral Forest Chart; Coral Reef Chart; DivingShoals; EldritchDepths; HazardousDepths; InfestedBathyspheres; KisharasRest; LostRuins; PelagicAbyss; Sandy Seabed Chart; SeaPillars; SeafloorRidges; SunkenTotems; UnderseaGroves; UnremarkableSeabed
chart,leaf,apt,exact,3,3,0,0,0,0,Coral Forest Chart; Coral Reef Chart; Sandy Seabed Chart
chart,leaf,site-coarse,at chart (the parent's level),3,0,3,0,0,0,Coral Forest Chart; Coral Reef Chart; Sandy Seabed Chart
currency,prefix parent,export,exact,558,558,0,0,0,0,Abrasive Catalyst; Abyssal Delirium Orb; Accelerating Catalyst; Albino Crab Claw; Albino Rhoa Feather; Alchemy Shard; Alteration Shard; Amber Oil; Amplifying Power Core; Ancestral Tattoo of Bloodlines; Ancient Orb; Ancient Shard; Annulment Shard; Apprentice Cartographer's Seal; Armour Recombinator; Armourer's Scrap; Armoursmith's Delirium Orb; Astragali; Augmentation Implant; Augmenting Power Core; Awakened Sextant; Awakener's Orb; Azure Oil; Bestiary Orb; Binding Shard; Black Oil; Blacksmith's Delirium Orb; Blacksmith's Whetstone; Blessed Orb; Blessing of Chayula; Blessing of Esh; Blessing of Tul; Blessing of Uul-Netol; Blessing of Xoph; Blighted Delirium Orb; Blighted Scouting Report; Bound Rune; Bounty Rune; Brinehook's Ducat; Broken Mirror of Kalandra; Burial Medallion; Cartographer's Chisel; Cartographer's Delirium Orb; Challenging Delirium Orb; Chaos Orb; Chaos Shard; Chaotic Astrolabe; Charged Compass; Chromatic Orb; Clear Oil; Coin of Desecration; Coin of Knowledge; Coin of Power; Coin of Restoration; Coin of Skill; Comprehensive Scouting Report; Corrupt; Crescent Splinter; Crimson Oil; Crusader's Exalted Orb; Crystalline Geode; Crystallised Rancour; Cyaxan's Ducat; Dead Man's Sulphur; Deafening Essence of Anger; Deafening Essence of Anguish; Deafening Essence of Contempt; Deafening Essence of Doubt; Deafening Essence of Dread; Deafening Essence of Envy; Deafening Essence of Fear; Deafening Essence of Greed; Deafening Essence of Hatred; Deafening Essence of Loathing; Deafening Essence of Misery; Deafening Essence of Rage; Deafening Essence of Scorn; Deafening Essence of Sorrow; Deafening Essence of Spite; Deafening Essence of Suffering; Deafening Essence of Torment; Deafening Essence of Woe; Deafening Essence of Wrath; Deafening Essence of Zeal; Deceptive Astrolabe; Delirious Scouting Report; Delirium Orb; Deregulation Scroll; Dextral Catalyst; Divine Orb; Diviner's Delirium Orb; Djinn-Touched Vaal Orb; Elder's Exalted Orb; Eldritch Chaos Orb; Eldritch Exalted Orb; Eldritch Orb of Annulment; Electroshock Scroll; Elevated Sextant; Empty Coffin; Enchant; Engineer's Orb; Engineer's Shard; Enkindling Orb; Essence of Delirium; Essence of Desolation; Essence of Horror; Essence of Hysteria; Essence of Insanity; Eternal Orb; Exalted Implant; Exalted Orb; Exalted Shard; Exceptional Black Scythe Artifact; Exceptional Broken Circle Artifact; Exceptional Eldritch Ember; Exceptional Eldritch Ichor; Exceptional Order Artifact; Exceptional Sun Artifact; Exotic Coinage; Explorer's Scouting Report; Facetor's Lens; Fading Reflecting Mist; Fertile Catalyst; Filled Coffin; Fine Delirium Orb; Flesh of Xesht; Forbidden Tattoo of the Duelist; Forbidden Tattoo of the Marauder; Forbidden Tattoo of the Ranger; Forbidden Tattoo of the Scion; Forbidden Tattoo of the Shadow; Forbidden Tattoo of the Templar; Forbidden Tattoo of the Witch; Fossilised Delirium Orb; Foulborn Exalted Orb; Foulborn Orb of Augmentation; Foulborn Regal Orb; Fracturing Orb; Fracturing Shard; Fragmentation Scroll; Fragmented Delirium Orb; Fruiting Astrolabe; Fungal Astrolabe; Gemcutter's Prism; Gemcutters Lens; Glassblower's Bauble; Gold; Golden Oil; Grand Black Scythe Artifact; Grand Broken Circle Artifact; Grand Eldritch Ember; Grand Eldritch Ichor; Grand Order Artifact; Grand Sun Artifact; Grasping Astrolabe; Greater Black Scythe Artifact; Greater Broken Circle Artifact; Greater Eldritch Ember; Greater Eldritch Ichor; Greater Order Artifact; Greater Sun Artifact; Haemocombustion Scroll; Harbinger's Orb; Harbinger's Shard; Hinekora's Lock; Honoured Tattoo of the Barbarian; Honoured Tattoo of the Berserker; Honoured Tattoo of the Dove; Honoured Tattoo of the Flock; Honoured Tattoo of the Flood; Honoured Tattoo of the Hatungo; Honoured Tattoo of the Hunter; Honoured Tattoo of the Makanga; Honoured Tattoo of the Mountain; Honoured Tattoo of the Oak; Honoured Tattoo of the Pa; Honoured Tattoo of the Pillager; Honoured Tattoo of the Sky; Honoured Tattoo of the Storm; Honoured Tattoo of the Tuatara; Honoured Tattoo of the Turtle; Honoured Tattoo of the Warlord; Honoured Tattoo of the Wise; Horizon Shard; Hunter's Exalted Orb; Igneous Geode; Imbued Catalyst; Imperial Delirium Orb; Imperial Enshrouding Crystal; Imprint; Imprinted Bestiary Orb; Indigo Oil; Influenced Scouting Report; Infused Engineer's Orb; Instilling Orb; Intrinsic Catalyst; Jeweller's Delirium Orb; Jeweller's Orb; Jewellery Recombinator; Journey Rune; Journey Tattoo of Makanui; Journey Tattoo of the Body; Journey Tattoo of the Mind; Journey Tattoo of the Soul; Journeyman Cartographer's Seal; Kalguuran Delirium Orb; Karui Enshrouding Crystal; Katakohi's Ducat; Kishara's Ducat; Lesser Black Scythe Artifact; Lesser Broken Circle Artifact; Lesser Eldritch Ember; Lesser Eldritch Ichor; Lesser Order Artifact; Lesser Sun Artifact; Life Rune; Lightless Astrolabe; Loyalty Tattoo of Ahuana; Loyalty Tattoo of Akoya; Loyalty Tattoo of Ikiaho; Loyalty Tattoo of Kahuturoa; Loyalty Tattoo of Kaom; Loyalty Tattoo of Kiloava; Loyalty Tattoo of Maata; Loyalty Tattoo of Rakiata; Loyalty Tattoo of Tawhanuku; Loyalty Tattoo of Utula; Lycia's Invocation of Acrobatics; Lycia's Invocation of Ancestral Bond; Lycia's Invocation of Arrow Dancing; Lycia's Invocation of Avatar of Fire; Lycia's Invocation of Blood Magic; Lycia's Invocation of Call to Arms; Lycia's Invocation of Conduit; Lycia's Invocation of Crimson Dance; Lycia's Invocation of Divine Shield; Lycia's Invocation of Eldritch Battery; Lycia's Invocation of Elemental Equilibrium; Lycia's Invocation of Elemental Overload; Lycia's Invocation of Eternal Youth; Lycia's Invocation of Ghost Dance; Lycia's Invocation of Ghost Reaver; Lycia's Invocation of Glancing Blows; Lycia's Invocation of Hex Master; Lycia's Invocation of Imbalanced Guard; Lycia's Invocation of Iron Grip; Lycia's Invocation of Iron Reflexes; Lycia's Invocation of Iron Will; Lycia's Invocation of Lethe Shade; Lycia's Invocation of Magebane; Lycia's Invocation of Mind over Matter; Lycia's Invocation of Minion Instability; Lycia's Invocation of Pain Attunement; Lycia's Invocation of Perfect Agony; Lycia's Invocation of Point Blank; Lycia's Invocation of Precise Technique; Lycia's Invocation of Resolute Technique; Lycia's Invocation of Runebinder; Lycia's Invocation of Solipsism; Lycia's Invocation of Supreme Ego; Lycia's Invocation of Unwavering Stance; Lycia's Invocation of Vaal Pact; Lycia's Invocation of Versatile Combatant; Lycia's Invocation of Wicked Ward; Lycia's Invocation of Wind Dancer; Lycia's Invocation of Zealot's Oath; Lycia's Invocation of the Agnostic; Lycia's Invocation of the Impaler; Magmatic Ore; Maraketh Enshrouding Crystal; Master Cartographer's Seal; Maven's Chisel of Avarice; Maven's Chisel of Divination; Maven's Chisel of Procurement; Maven's Chisel of Proliferation; Maven's Chisel of Scarabs; Memory of Loneliness; Memory of Reverence; Memory of Trauma; Merrick's Ducat; Message in a Bottle; Mirror Shard; Mirror of Kalandra; Mountain Rune; Muttering Essence of Anger; Muttering Essence of Contempt; Muttering Essence of Fear; Muttering Essence of Greed; Muttering Essence of Hatred; Muttering Essence of Sorrow; Muttering Essence of Torment; Muttering Essence of Woe; Mystery Leaguestone; Nameless Astrolabe; Necromancy Net; Noxious Catalyst; Obscured Delirium Orb; Oil Extractor; Opalescent Oil; Operative's Scouting Report; Orb of Alchemy; Orb of Alteration; Orb of Annulment; Orb of Augmentation; Orb of Binding; Orb of Chance; Orb of Conflict; Orb of Dominance; Orb of Fusing; Orb of Horizons; Orb of Intention; Orb of Regret; Orb of Remembrance; Orb of Scouring; Orb of Transmutation; Orb of Unmaking; Orb of Unravelling; Otherworldly Scouting Report; Perandus Coin; Portal Scroll; Power Core; Power Rune; Primal Crystallised Lifeforce; Primal Delirium Orb; Primal Wisps; Prime Regrading Lens; Prime Sextant; Prismatic Catalyst; Prismatic Oil; Prophecy; Prospecting Astrolabe; Red Packet; Redeemer's Exalted Orb; Reflecting Mist; Reflective Oil; Refracting Fog; Regal Implant; Regal Orb; Regal Shard; Reinforced Iron Net; Reinforced Rope Net; Reinforced Steel Net; Remnant of Corruption; Ritual Splinter; Ritual Vessel; River Rune; Rogue's Marker; Rotmother's Ducat; Runegraft of Bellows; Runegraft of Blasphemy; Runegraft of Connection; Runegraft of Consecration; Runegraft of Fury; Runegraft of Gemcraft; Runegraft of Loyalty; Runegraft of Quaffing; Runegraft of Rallying; Runegraft of Refraction; Runegraft of Restitching; Runegraft of Resurgence; Runegraft of Rotblood; Runegraft of Stability; Runegraft of Suffering; Runegraft of Time; Runegraft of Treachery; Runegraft of the Agile; Runegraft of the Angler; Runegraft of the Bound; Runegraft of the Combatant; Runegraft of the Fortress; Runegraft of the Gauche; Runegraft of the Imbued; Runegraft of the Jeweller; Runegraft of the Novamark; Runegraft of the River; Runegraft of the Sinistral; Runegraft of the Soulwick; Runegraft of the Spellbound; Runegraft of the Warp; Runegraft of the Witchmark; Runic Astrolabe; Sacred Crystallised Lifeforce; Sacred Orb; Scrap Metal; Screaming Essence of Anger; Screaming Essence of Anguish; Screaming Essence of Contempt; Screaming Essence of Doubt; Screaming Essence of Dread; Screaming Essence of Envy; Screaming Essence of Fear; Screaming Essence of Greed; Screaming Essence of Hatred; Screaming Essence of Loathing; Screaming Essence of Misery; Screaming Essence of Rage; Screaming Essence of Scorn; Screaming Essence of Sorrow; Screaming Essence of Spite; Screaming Essence of Suffering; Screaming Essence of Torment; Screaming Essence of Woe; Screaming Essence of Wrath; Screaming Essence of Zeal; Scroll Fragment; Scroll of Wisdom; Scrying Orb; Secondary Regrading Lens; Sepia Oil; Shaper's Exalted Orb; Shrieking Essence of Anger; Shrieking Essence of Anguish; Shrieking Essence of Contempt; Shrieking Essence of Doubt; Shrieking Essence of Dread; Shrieking Essence of Envy; Shrieking Essence of Fear; Shrieking Essence of Greed; Shrieking Essence of Hatred; Shrieking Essence of Loathing; Shrieking Essence of Misery; Shrieking Essence of Rage; Shrieking Essence of Scorn; Shrieking Essence of Sorrow; Shrieking Essence of Spite; Shrieking Essence of Suffering; Shrieking Essence of Torment; Shrieking Essence of Woe; Shrieking Essence of Wrath; Shrieking Essence of Zeal; Silver Coin; Silver Oil; Simple Iron Net; Simple Rope Net; Simple Sextant; Simple Steel Net; Simulacrum Splinter; Singular Delirium Orb; Singular Scouting Report; Sinistral Catalyst; Skittering Delirium Orb; Specularity Scroll; Splinter of Chayula; Splinter of Esh; Splinter of Tul; Splinter of Uul-Netol; Splinter of Xoph; Stacked Deck; Strong Iron Net; Strong Rope Net; Strong Steel Net; Sun Rune; Surveyor's Compass; Tailoring Orb; Tainted Armourer's Scrap; Tainted Blacksmith's Whetstone; Tainted Blessing; Tainted Catalyst; Tainted Chaos Orb; Tainted Chromatic Orb; Tainted Divine Teardrop; Tainted Exalted Orb; Tainted Jeweller's Orb; Tainted Mythic Orb; Tainted Oil; Tainted Orb of Fusing; Teal Oil; Telesia's Ducat; Tempering Catalyst; Tempering Orb; Templar Astrolabe; Templar Enshrouding Crystal; Thaumaturge's Delirium Orb; Thaumaturgical Net; The Changeling's Ducat; The Genteel's Ducat; Time Rune; Time-light Scroll; Timeless Astrolabe; Timeless Delirium Orb; Timeless Eternal Empire Splinter; Timeless Karui Splinter; Timeless Maraketh Splinter; Timeless Templar Splinter; Timeless Vaal Splinter; Transforming Power Core; Transmutation Shard; Turbulent Catalyst; Tzamoto's Ducat; Ukatoa's Ducat; Uncarved Gemstone; Unshaping Orb; Unstable Catalyst; Unstable Implant; Vaal Enshrouding Crystal; Vaal Orb; Vaal Scouting Report; Valdo's Puzzle Box; Veiled Chaos Orb; Veiled Exalted Orb; Veiled Scarab; Verdant Oil; Vial of Awakening; Vial of Consequence; Vial of Dominance; Vial of Fate; Vial of Sacrifice; Vial of Summoning; Vial of Transcendence; Vial of the Ghost; Vial of the Ritual; Violet Oil; Vivid Crystallised Lifeforce; Vivid Wisps; Volatile Vaal Orb; Wailing Essence of Anger; Wailing Essence of Anguish; Wailing Essence of Contempt; Wailing Essence of Doubt; Wailing Essence of Fear; Wailing Essence of Greed; Wailing Essence of Hatred; Wailing Essence of Loathing; Wailing Essence of Rage; Wailing Essence of Sorrow; Wailing Essence of Spite; Wailing Essence of Suffering; Wailing Essence of Torment; Wailing Essence of Woe; Wailing Essence of Wrath; Wailing Essence of Zeal; War Rune; Warlord's Exalted Orb; Weapon Recombinator; Weeping Essence of Anger; Weeping Essence of Contempt; Weeping Essence of Doubt; Weeping Essence of Fear; Weeping Essence of Greed; Weeping Essence of Hatred; Weeping Essence of Rage; Weeping Essence of Sorrow; Weeping Essence of Suffering; Weeping Essence of Torment; Weeping Essence of Woe; Weeping Essence of Wrath; Whispering Delirium Orb; Whispering Essence of Contempt; Whispering Essence of Greed; Whispering Essence of Hatred; Whispering Essence of Woe; Wild Crystallised Lifeforce; Wild Wisps; [DNT - UNUSED] Arcane Orders Runegraft; [DNT - UNUSED] Limiting Runegraft; [DNT - UNUSED] Martial Orders Runegraft; [DNT - UNUSED] Test Runegraft; [DNT] UNUSED
currency,prefix parent,site-coarse,coarse id,769,472,197,0,0,100,10021; 10211; 11215; 11490; 11533; 11724; 1215; 12635; 14879; 15595; 16355; 16982; 17684; 19420; 19776; 19999; 20343; 22278; 24414; 24497; 25202; 25302; 25747; 26156; 26468; 27782; 27821; 28018; 28402; 29382; 30639; 31349; 31509; 3182; 32613; 33025; 33220; 3421; 34425; 34447; 34760; 34832; 34997; 35076; 35162; 35484; 36207; 36556; 36866; 3756; 3775; 38080; 3883; 38855; 39459; 4003; 40753; 41363; 41763; 42115; 42558; 42968; 43016; 43561; 44170; 44259; 44313; 44762; 45792; 47088; 4755; 47634; 48831; 49777; 5132; 51403; 51878; 52736; 53116; 53902; 53973; 54446; 54757; 5647; 57831; 57839; 58981; 59084; 59460; 60607; 60634; 60732; 6074; 62685; 63065; 64414; 64812; 6755; 7465; 8823; Abberathine Horns; Aberrant Fossil; Abrasive Catalyst; Abyssal Delirium Orb; Abyssal Incubator; Accelerating Catalyst; Admiral Proclar's Pipe; Aetheric Fossil; Albino Crab Claw; Albino Rhoa Feather; Alchemical Chalice; Alchemy Shard; Alteration Shard; Amber Oil; Ancestral Tattoo of Bloodlines; Ancient Orb; Ancient Seal; Ancient Shard; Annulment Shard; Apprentice Cartographer's Seal; Archon Kite Shield Piece; Armourer's Scrap; Armoursmith's Delirium Orb; Astragali; Augmentation Implant; Awakened Sextant; Awakener's Orb; Azure Oil; Bestiary Orb; Binding Shard; Black Oil; Blacksmith's Delirium Orb; Blacksmith's Whetstone; Blessed Orb; Blessing of Chayula; Blessing of Esh; Blessing of Tul; Blessing of Uul-Netol; Blessing of Xoph; Blighted Delirium Orb; Blighted Incubator; Blighted Scouting Report; Blood of Innocence; Bloodstained Fossil; Blunt Arrow Quiver Piece; Bound Fossil; Box of Tripyxis; Brinehook's Ducat; Broken Mirror of Kalandra; Burial Medallion; Bust of Emperor Caspiro; Callous Mask Piece; Cartographer's Chisel; Cartographer's Delirium Orb; Cartographer's Incubator; Celestial Armoursmith's Incubator; Celestial Blacksmith's Incubator; Celestial Jeweller's Incubator; Celestial Stone; Ceremonial Goblet; Challenging Delirium Orb; Challenging Incubator; Chaos Orb; Chaos Shard; Chaotic Astrolabe; Charged Compass; Chromatic Orb; Clear Oil; Cloth Belt Piece; Coin of Desecration; Coin of Knowledge; Coin of Power; Coin of Restoration; Coin of Skill; Comprehensive Scouting Report; Corroded Fossil; Crescent Splinter; Crest of Ezomyr; Crested Golden Idol; Crimson Oil; Crusader's Exalted Orb; Crystallised Rancour; Cyaxan's Ducat; Dead Man's Sulphur; Deafening Essence of Anger; Deafening Essence of Anguish; Deafening Essence of Contempt; Deafening Essence of Doubt; Deafening Essence of Dread; Deafening Essence of Envy; Deafening Essence of Fear; Deafening Essence of Greed; Deafening Essence of Hatred; Deafening Essence of Loathing; Deafening Essence of Misery; Deafening Essence of Rage; Deafening Essence of Scorn; Deafening Essence of Sorrow; Deafening Essence of Spite; Deafening Essence of Suffering; Deafening Essence of Torment; Deafening Essence of Woe; Deafening Essence of Wrath; Deafening Essence of Zeal; Deceptive Astrolabe; Deft Fossil; Dekhara's Resolve; Delirious Scouting Report; Delirium Orb; Dense Fossil; Deregulation Scroll; Dextral Catalyst; Divine Orb; Diviner's Delirium Orb; Diviner's Incubator; Elder's Exalted Orb; Eldritch Chaos Orb; Eldritch Exalted Orb; Eldritch Incubator; Eldritch Orb of Annulment; Electroshock Scroll; Elevated Sextant; Empty Coffin; Enchanted Incubator; Engineer's Orb; Engineer's Shard; Enigmatic Assembly A4; Enigmatic Assembly B2; Enigmatic Assembly C5; Enigmatic Assembly D1; Enkindling Orb; Essence Burner; Essence of Delirium; Essence of Desolation; Essence of Horror; Essence of Hysteria; Essence of Insanity; Eternal Orb; Exalted Implant; Exalted Orb; Exalted Shard; Exceptional Black Scythe Artifact; Exceptional Broken Circle Artifact; Exceptional Eldritch Ember; Exceptional Eldritch Ichor; Exceptional Order Artifact; Exceptional Sun Artifact; Exotic Coinage; Explorer's Scouting Report; Ez Myrae Tome; Faceted Fossil; Facetor's Lens; Feral Incubator; Fertile Catalyst; Filled Coffin; Fine Delirium Orb; Fine Incubator; Flask of Welakath; Flesh of Xesht; Forbidden Lamp; Forbidden Tattoo of the Duelist; Forbidden Tattoo of the Marauder; Forbidden Tattoo of the Ranger; Forbidden Tattoo of the Scion; Forbidden Tattoo of the Shadow; Forbidden Tattoo of the Templar; Forbidden Tattoo of the Witch; Foreboding Incubator; Fossilised Delirium Orb; Fossilised Incubator; Foulborn Exalted Orb; Foulborn Orb of Augmentation; Foulborn Regal Orb; Fractured Fossil; Fracturing Orb; Fracturing Shard; Fragmentation Scroll; Fragmented Delirium Orb; Fragmented Incubator; Frigid Fossil; Fruiting Astrolabe; Fundamental Fossil; Fungal Astrolabe; Gemcutter's Incubator; Gemcutter's Prism; Geomancer's Incubator; Gilded Fossil; Glassblower's Bauble; Glyphic Fossil; Gold; Golden Ceremonial Mask; Golden Grotesque; Golden Hetzapal Idol; Golden Matatl Idol; Golden Napuatzi Idol; Golden Oil; Golden Prayer Idol; Golden Sacrificial Glyph; Golden Slave Idol; Golden Xoplotli Idol; Grand Black Scythe Artifact; Grand Broken Circle Artifact; Grand Eldritch Ember; Grand Eldritch Ichor; Grand Order Artifact; Grand Sun Artifact; Grasping Astrolabe; Greater Black Scythe Artifact; Greater Broken Circle Artifact; Greater Eldritch Ember; Greater Eldritch Ichor; Greater Order Artifact; Greater Sun Artifact; Haemocombustion Scroll; Hand of Arimor; Harbinger's Orb; Harbinger's Shard; Heart Coil; Hinekora's Lock; Hollow Fossil; Honoured Incubator; Honoured Tattoo of the Barbarian; Honoured Tattoo of the Berserker; Honoured Tattoo of the Dove; Honoured Tattoo of the Flock; Honoured Tattoo of the Flood; Honoured Tattoo of the Hatungo; Honoured Tattoo of the Hunter; Honoured Tattoo of the Makanga; Honoured Tattoo of the Mountain; Honoured Tattoo of the Oak; Honoured Tattoo of the Pa; Honoured Tattoo of the Pillager; Honoured Tattoo of the Sky; Honoured Tattoo of the Storm; Honoured Tattoo of the Tuatara; Honoured Tattoo of the Turtle; Honoured Tattoo of the Warlord; Honoured Tattoo of the Wise; Horizon Shard; Hunter's Exalted Orb; Imbued Catalyst; Imperial Delirium Orb; Imperial Enshrouding Crystal; Imperial Staff Piece; Impossible Crystal; Imprint; Incense of Keth; Indigo Oil; Influenced Scouting Report; Infused Engineer's Orb; Infused Incubator; Instilling Orb; Intrinsic Catalyst; Jagged Fossil; Jeweller's Delirium Orb; Jeweller's Orb; Journey Tattoo of Makanui; Journey Tattoo of the Body; Journey Tattoo of the Mind; Journey Tattoo of the Soul; Journeyman Cartographer's Seal; Kalguuran Delirium Orb; Kalguuran Incubator; Karui Enshrouding Crystal; Katakohi's Ducat; Kishara's Ducat; Legion Sword Piece; Lesser Black Scythe Artifact; Lesser Broken Circle Artifact; Lesser Eldritch Ember; Lesser Eldritch Ichor; Lesser Order Artifact; Lesser Sun Artifact; Lightless Astrolabe; Living Ice; Loyalty Tattoo of Ahuana; Loyalty Tattoo of Akoya; Loyalty Tattoo of Ikiaho; Loyalty Tattoo of Kahuturoa; Loyalty Tattoo of Kaom; Loyalty Tattoo of Kiloava; Loyalty Tattoo of Maata; Loyalty Tattoo of Rakiata; Loyalty Tattoo of Tawhanuku; Loyalty Tattoo of Utula; Lucent Fossil; Maddening Incubator; Maraketh Enshrouding Crystal; Master Cartographer's Seal; Maven's Chisel of Avarice; Maven's Chisel of Divination; Maven's Chisel of Procurement; Maven's Chisel of Proliferation; Maven's Chisel of Scarabs; Memory of Loneliness; Memory of Reverence; Memory of Trauma; Merrick's Ducat; Message in a Bottle; Metallic Fossil; Miraged Incubator; Mirror Shard; Mirror of Kalandra; Mirror of Teklatipitzi; Muttering Essence of Anger; Muttering Essence of Contempt; Muttering Essence of Fear; Muttering Essence of Greed; Muttering Essence of Hatred; Muttering Essence of Sorrow; Muttering Essence of Torment; Muttering Essence of Woe; Mysterious Incubator; Nameless Astrolabe; Necromancy Net; Noxious Catalyst; Obscured Delirium Orb; Obscured Incubator; Ogham Candelabra; Oil Extractor; Omen of Acceleration; Omen of Adrenaline; Omen of Amelioration; Omen of Bequeathal; Omen of Brilliance; Omen of Connections; Omen of Death's Door; Omen of Death-dancing; Omen of Fortune; Omen of Refreshment; Omen of Resurgence; Omen of Return; Omen of Revenge; Omen of Trichromatism; Omen of the Jeweller; Omen of the Soul Devourer; Opalescent Oil; Operative's Scouting Report; Opulent Fossil; Orb of Alchemy; Orb of Alteration; Orb of Annulment; Orb of Augmentation; Orb of Binding; Orb of Chance; Orb of Conflict; Orb of Dominance; Orb of Fusing; Orb of Horizons; Orb of Intention; Orb of Regret; Orb of Remembrance; Orb of Scouring; Orb of Transmutation; Orb of Unmaking; Orb of Unravelling; Orbala's Fifth Adventure; Ornate Incubator; Otherworldly Incubator; Otherworldly Scouting Report; Perandus Coin; Portal Scroll; Potent Alchemical Resonator; Potent Chaotic Resonator; Powerful Alchemical Resonator; Powerful Chaotic Resonator; Primal Crystallised Lifeforce; Primal Delirium Orb; Primal Incubator; Prime Alchemical Resonator; Prime Chaotic Resonator; Primitive Alchemical Resonator; Primitive Chaotic Resonator; Primordial Fragment; Prismatic Catalyst; Prismatic Fossil; Prismatic Oil; Pristine Fossil; Redeemer's Exalted Orb; Reflecting Mist; Reflective Oil; Refracting Fog; Regal Implant; Regal Orb; Regal Shard; Reinforced Iron Net; Reinforced Rope Net; Reinforced Steel Net; Remnant of Corruption; Ritual Splinter; Ritual Vessel; Rogue's Marker; Rotmother's Ducat; Runegraft of Bellows; Runegraft of Blasphemy; Runegraft of Connection; Runegraft of Consecration; Runegraft of Fury; Runegraft of Gemcraft; Runegraft of Loyalty; Runegraft of Quaffing; Runegraft of Rallying; Runegraft of Refraction; Runegraft of Restitching; Runegraft of Resurgence; Runegraft of Rotblood; Runegraft of Stability; Runegraft of Suffering; Runegraft of Time; Runegraft of Treachery; Runegraft of the Agile; Runegraft of the Angler; Runegraft of the Bound; Runegraft of the Combatant; Runegraft of the Fortress; Runegraft of the Imbued; Runegraft of the Jeweller; Runegraft of the Novamark; Runegraft of the River; Runegraft of the Sinistral; Runegraft of the Soulwick; Runegraft of the Spellbound; Runegraft of the Warp; Runegraft of the Witchmark; Runic Astrolabe; Sacred Crystallised Lifeforce; Sacred Incubator; Sacred Orb; Sanctified Fossil; Scorched Fossil; Scrap Metal; Screaming Essence of Anger; Screaming Essence of Anguish; Screaming Essence of Contempt; Screaming Essence of Doubt; Screaming Essence of Dread; Screaming Essence of Envy; Screaming Essence of Fear; Screaming Essence of Greed; Screaming Essence of Hatred; Screaming Essence of Loathing; Screaming Essence of Misery; Screaming Essence of Rage; Screaming Essence of Scorn; Screaming Essence of Sorrow; Screaming Essence of Spite; Screaming Essence of Suffering; Screaming Essence of Torment; Screaming Essence of Woe; Screaming Essence of Wrath; Screaming Essence of Zeal; Scroll Fragment; Scroll of Wisdom; Scrying Orb; Seal of Lunaris; Seal of Solaris; Sepia Oil; Serrated Fossil; Shaper's Exalted Orb; Shrieking Essence of Anger; Shrieking Essence of Anguish; Shrieking Essence of Contempt; Shrieking Essence of Doubt; Shrieking Essence of Dread; Shrieking Essence of Envy; Shrieking Essence of Fear; Shrieking Essence of Greed; Shrieking Essence of Hatred; Shrieking Essence of Loathing; Shrieking Essence of Misery; Shrieking Essence of Rage; Shrieking Essence of Scorn; Shrieking Essence of Sorrow; Shrieking Essence of Spite; Shrieking Essence of Suffering; Shrieking Essence of Torment; Shrieking Essence of Woe; Shrieking Essence of Wrath; Shrieking Essence of Zeal; Shuddering Fossil; Silver Coin; Silver Oil; Simple Iron Net; Simple Rope Net; Simple Steel Net; Simulacrum Splinter; Singular Delirium Orb; Singular Incubator; Singular Scouting Report; Sinistral Catalyst; Skittering Delirium Orb; Skittering Incubator; Specularity Scroll; Splinter of Chayula; Splinter of Esh; Splinter of Tul; Splinter of Uul-Netol; Splinter of Xoph; Stacked Deck; Staff of the First Sin Eater; Strong Iron Net; Strong Rope Net; Strong Steel Net; Sword of the Inverse Relic; Tailoring Orb; Tainted Armourer's Scrap; Tainted Blacksmith's Whetstone; Tainted Catalyst; Tainted Chaos Orb; Tainted Chromatic Orb; Tainted Divine Teardrop; Tainted Exalted Orb; Tainted Jeweller's Orb; Tainted Mythic Orb; Tainted Oil; Tainted Orb of Fusing; Tangled Fossil; Tattoo of the Arohongui Makanga; Tattoo of the Arohongui Moonwarden; Tattoo of the Arohongui Scout; Tattoo of the Arohongui Shaman; Tattoo of the Arohongui Warmonger; Tattoo of the Arohongui Warrior; Tattoo of the Hinekora Deathwarden; Tattoo of the Hinekora Makanga; Tattoo of the Hinekora Shaman; Tattoo of the Hinekora Storyteller; Tattoo of the Hinekora Warmonger; Tattoo of the Hinekora Warrior; Tattoo of the Kitava Blood Drinker; Tattoo of the Kitava Heart Eater; Tattoo of the Kitava Makanga; Tattoo of the Kitava Rebel; Tattoo of the Kitava Shaman; Tattoo of the Kitava Warrior; Tattoo of the Ngamahu Firewalker; Tattoo of the Ngamahu Makanga; Tattoo of the Ngamahu Shaman; Tattoo of the Ngamahu Warmonger; Tattoo of the Ngamahu Warrior; Tattoo of the Ngamahu Woodcarver; Tattoo of the Ramako Archer; Tattoo of the Ramako Fleetfoot; Tattoo of the Ramako Makanga; Tattoo of the Ramako Scout; Tattoo of the Ramako Shaman; Tattoo of the Ramako Sniper; Tattoo of the Rongokurai Brute; Tattoo of the Rongokurai Goliath; Tattoo of the Rongokurai Guard; Tattoo of the Rongokurai Makanga; Tattoo of the Rongokurai Turtle; Tattoo of the Rongokurai Warrior; Tattoo of the Tasalio Bladedancer; Tattoo of the Tasalio Makanga; Tattoo of the Tasalio Scout; Tattoo of the Tasalio Shaman; Tattoo of the Tasalio Tideshifter; Tattoo of the Tasalio Warrior; Tattoo of the Tawhoa Herbalist; Tattoo of the Tawhoa Makanga; Tattoo of the Tawhoa Naturalist; Tattoo of the Tawhoa Scout; Tattoo of the Tawhoa Shaman; Tattoo of the Tawhoa Warrior; Tattoo of the Tukohama Brawler; Tattoo of the Tukohama Makanga; Tattoo of the Tukohama Shaman; Tattoo of the Tukohama Warcaller; Tattoo of the Tukohama Warmonger; Tattoo of the Tukohama Warrior; Tattoo of the Valako Makanga; Tattoo of the Valako Scout; Tattoo of the Valako Shaman; Tattoo of the Valako Shieldbearer; Tattoo of the Valako Stormrider; Tattoo of the Valako Warrior; Teal Oil; Telesia's Ducat; Tempering Catalyst; Tempering Orb; Templar Astrolabe; Templar Enshrouding Crystal; Thaumaturge's Delirium Orb; Thaumaturge's Incubator; Thaumaturgical Net; The Changeling's Ducat; The Genteel's Ducat; The Goddess of Water; The Golden Ibis; The Sea Pearl Heirloom; Time-Lost Incubator; Time-light Scroll; Timeless Astrolabe; Timeless Delirium Orb; Timeless Eternal Empire Splinter; Timeless Karui Splinter; Timeless Maraketh Splinter; Timeless Templar Splinter; Timeless Vaal Splinter; Transmutation Shard; Turbulent Catalyst; Tusked Hominid Skull; Tzamoto's Ducat; Ukatoa's Ducat; Uncarved Gemstone; Unshaping Orb; Unstable Catalyst; Unstable Implant; Urn of Farud; Urn of the Original Ashes; Vaal Aspect; Vaal Enshrouding Crystal; Vaal Orb; Vaal Scouting Report; Valdo's Puzzle Box; Veiled Chaos Orb; Veiled Exalted Orb; Veiled Scarab; Verdant Oil; Vial of Awakening; Vial of Consequence; Vial of Dominance; Vial of Fate; Vial of Sacrifice; Vial of Summoning; Vial of Transcendence; Vial of the Ghost; Vial of the Ritual; Violet Oil; Vivid Crystallised Lifeforce; Volatile Vaal Orb; Wailing Essence of Anger; Wailing Essence of Anguish; Wailing Essence of Contempt; Wailing Essence of Doubt; Wailing Essence of Fear; Wailing Essence of Greed; Wailing Essence of Hatred; Wailing Essence of Loathing; Wailing Essence of Rage; Wailing Essence of Sorrow; Wailing Essence of Spite; Wailing Essence of Suffering; Wailing Essence of Torment; Wailing Essence of Woe; Wailing Essence of Wrath; Wailing Essence of Zeal; Warlord's Exalted Orb; Weeping Essence of Anger; Weeping Essence of Contempt; Weeping Essence of Doubt; Weeping Essence of Fear; Weeping Essence of Greed; Weeping Essence of Hatred; Weeping Essence of Rage; Weeping Essence of Sorrow; Weeping Essence of Suffering; Weeping Essence of Torment; Weeping Essence of Woe; Weeping Essence of Wrath; Whispering Delirium Orb; Whispering Essence of Contempt; Whispering Essence of Greed; Whispering Essence of Hatred; Whispering Essence of Woe; Whispering Incubator; Wild Crystallised Lifeforce
currency.piece,leaf,export,exact,8,8,0,0,0,0,Archon Kite Shield Piece; Blunt Arrow Quiver Piece; Callous Mask Piece; Cloth Belt Piece; Imperial Staff Piece; Legion Sword Piece; Primordial Fragment; Vaal Aspect
currency.piece,leaf,site-coarse,at currency (the parent's level),8,0,8,0,0,0,Archon Kite Shield Piece; Blunt Arrow Quiver Piece; Callous Mask Piece; Cloth Belt Piece; Imperial Staff Piece; Legion Sword Piece; Primordial Fragment; Vaal Aspect
currency.resonator,leaf,export,exact,8,8,0,0,0,0,Potent Alchemical Resonator; Potent Chaotic Resonator; Powerful Alchemical Resonator; Powerful Chaotic Resonator; Prime Alchemical Resonator; Prime Chaotic Resonator; Primitive Alchemical Resonator; Primitive Chaotic Resonator
currency.resonator,leaf,site-coarse,at currency (the parent's level),8,0,8,0,0,0,Potent Alchemical Resonator; Potent Chaotic Resonator; Powerful Alchemical Resonator; Powerful Chaotic Resonator; Prime Alchemical Resonator; Prime Chaotic Resonator; Primitive Alchemical Resonator; Primitive Chaotic Resonator
currency.fossil,leaf,export,exact,25,25,0,0,0,0,Aberrant Fossil; Aetheric Fossil; Bloodstained Fossil; Bound Fossil; Corroded Fossil; Deft Fossil; Dense Fossil; Faceted Fossil; Fractured Fossil; Frigid Fossil; Fundamental Fossil; Gilded Fossil; Glyphic Fossil; Hollow Fossil; Jagged Fossil; Lucent Fossil; Metallic Fossil; Opulent Fossil; Prismatic Fossil; Pristine Fossil; Sanctified Fossil; Scorched Fossil; Serrated Fossil; Shuddering Fossil; Tangled Fossil
currency.fossil,leaf,site-coarse,at currency (the parent's level),25,0,25,0,0,0,Aberrant Fossil; Aetheric Fossil; Bloodstained Fossil; Bound Fossil; Corroded Fossil; Deft Fossil; Dense Fossil; Faceted Fossil; Fractured Fossil; Frigid Fossil; Fundamental Fossil; Gilded Fossil; Glyphic Fossil; Hollow Fossil; Jagged Fossil; Lucent Fossil; Metallic Fossil; Opulent Fossil; Prismatic Fossil; Pristine Fossil; Sanctified Fossil; Scorched Fossil; Serrated Fossil; Shuddering Fossil; Tangled Fossil
currency.incubator,leaf,export,exact,33,33,0,0,0,0,Abyssal Incubator; Blighted Incubator; Cartographer's Incubator; Celestial Armoursmith's Incubator; Celestial Blacksmith's Incubator; Celestial Jeweller's Incubator; Challenging Incubator; Diviner's Incubator; Eldritch Incubator; Enchanted Incubator; Feral Incubator; Fine Incubator; Foreboding Incubator; Fossilised Incubator; Fragmented Incubator; Gemcutter's Incubator; Geomancer's Incubator; Honoured Incubator; Infused Incubator; Kalguuran Incubator; Maddening Incubator; Miraged Incubator; Mysterious Incubator; Obscured Incubator; Ornate Incubator; Otherworldly Incubator; Primal Incubator; Sacred Incubator; Singular Incubator; Skittering Incubator; Thaumaturge's Incubator; Time-Lost Incubator; Whispering Incubator
currency.incubator,leaf,site-coarse,at currency (the parent's level),33,0,33,0,0,0,Abyssal Incubator; Blighted Incubator; Cartographer's Incubator; Celestial Armoursmith's Incubator; Celestial Blacksmith's Incubator; Celestial Jeweller's Incubator; Challenging Incubator; Diviner's Incubator; Eldritch Incubator; Enchanted Incubator; Feral Incubator; Fine Incubator; Foreboding Incubator; Fossilised Incubator; Fragmented Incubator; Gemcutter's Incubator; Geomancer's Incubator; Honoured Incubator; Infused Incubator; Kalguuran Incubator; Maddening Incubator; Miraged Incubator; Mysterious Incubator; Obscured Incubator; Ornate Incubator; Otherworldly Incubator; Primal Incubator; Sacred Incubator; Singular Incubator; Skittering Incubator; Thaumaturge's Incubator; Time-Lost Incubator; Whispering Incubator
currency.heistobjective,leaf,export,exact,47,47,0,0,0,0,Abberathine Horns; Admiral Proclar's Pipe; Alchemical Chalice; Ancient Seal; Blood of Innocence; Box of Tripyxis; Bust of Emperor Caspiro; Celestial Stone; Ceremonial Goblet; Crest of Ezomyr; Crested Golden Idol; Dekhara's Resolve; Enigmatic Assembly A4; Enigmatic Assembly B2; Enigmatic Assembly C5; Enigmatic Assembly D1; Essence Burner; Ez Myrae Tome; Flask of Welakath; Forbidden Lamp; Golden Ceremonial Mask; Golden Grotesque; Golden Hetzapal Idol; Golden Matatl Idol; Golden Napuatzi Idol; Golden Prayer Idol; Golden Sacrificial Glyph; Golden Slave Idol; Golden Xoplotli Idol; Hand of Arimor; Heart Coil; Impossible Crystal; Incense of Keth; Living Ice; Mirror of Teklatipitzi; Ogham Candelabra; Orbala's Fifth Adventure; Seal of Lunaris; Seal of Solaris; Staff of the First Sin Eater; Sword of the Inverse Relic; The Goddess of Water; The Golden Ibis; The Sea Pearl Heirloom; Tusked Hominid Skull; Urn of Farud; Urn of the Original Ashes
currency.heistobjective,leaf,site-coarse,at currency (the parent's level),47,0,47,0,0,0,Abberathine Horns; Admiral Proclar's Pipe; Alchemical Chalice; Ancient Seal; Blood of Innocence; Box of Tripyxis; Bust of Emperor Caspiro; Celestial Stone; Ceremonial Goblet; Crest of Ezomyr; Crested Golden Idol; Dekhara's Resolve; Enigmatic Assembly A4; Enigmatic Assembly B2; Enigmatic Assembly C5; Enigmatic Assembly D1; Essence Burner; Ez Myrae Tome; Flask of Welakath; Forbidden Lamp; Golden Ceremonial Mask; Golden Grotesque; Golden Hetzapal Idol; Golden Matatl Idol; Golden Napuatzi Idol; Golden Prayer Idol; Golden Sacrificial Glyph; Golden Slave Idol; Golden Xoplotli Idol; Hand of Arimor; Heart Coil; Impossible Crystal; Incense of Keth; Living Ice; Mirror of Teklatipitzi; Ogham Candelabra; Orbala's Fifth Adventure; Seal of Lunaris; Seal of Solaris; Staff of the First Sin Eater; Sword of the Inverse Relic; The Goddess of Water; The Golden Ibis; The Sea Pearl Heirloom; Tusked Hominid Skull; Urn of Farud; Urn of the Original Ashes
currency.omen,leaf,export,exact,16,16,0,0,0,0,Omen of Acceleration; Omen of Adrenaline; Omen of Amelioration; Omen of Bequeathal; Omen of Brilliance; Omen of Connections; Omen of Death's Door; Omen of Death-dancing; Omen of Fortune; Omen of Refreshment; Omen of Resurgence; Omen of Return; Omen of Revenge; Omen of Trichromatism; Omen of the Jeweller; Omen of the Soul Devourer
currency.omen,leaf,site-coarse,at currency (the parent's level),16,0,16,0,0,0,Omen of Acceleration; Omen of Adrenaline; Omen of Amelioration; Omen of Bequeathal; Omen of Brilliance; Omen of Connections; Omen of Death's Door; Omen of Death-dancing; Omen of Fortune; Omen of Refreshment; Omen of Resurgence; Omen of Return; Omen of Revenge; Omen of Trichromatism; Omen of the Jeweller; Omen of the Soul Devourer
currency.tattoo,leaf,export,exact,60,60,0,0,0,0,Tattoo of the Arohongui Makanga; Tattoo of the Arohongui Moonwarden; Tattoo of the Arohongui Scout; Tattoo of the Arohongui Shaman; Tattoo of the Arohongui Warmonger; Tattoo of the Arohongui Warrior; Tattoo of the Hinekora Deathwarden; Tattoo of the Hinekora Makanga; Tattoo of the Hinekora Shaman; Tattoo of the Hinekora Storyteller; Tattoo of the Hinekora Warmonger; Tattoo of the Hinekora Warrior; Tattoo of the Kitava Blood Drinker; Tattoo of the Kitava Heart Eater; Tattoo of the Kitava Makanga; Tattoo of the Kitava Rebel; Tattoo of the Kitava Shaman; Tattoo of the Kitava Warrior; Tattoo of the Ngamahu Firewalker; Tattoo of the Ngamahu Makanga; Tattoo of the Ngamahu Shaman; Tattoo of the Ngamahu Warmonger; Tattoo of the Ngamahu Warrior; Tattoo of the Ngamahu Woodcarver; Tattoo of the Ramako Archer; Tattoo of the Ramako Fleetfoot; Tattoo of the Ramako Makanga; Tattoo of the Ramako Scout; Tattoo of the Ramako Shaman; Tattoo of the Ramako Sniper; Tattoo of the Rongokurai Brute; Tattoo of the Rongokurai Goliath; Tattoo of the Rongokurai Guard; Tattoo of the Rongokurai Makanga; Tattoo of the Rongokurai Turtle; Tattoo of the Rongokurai Warrior; Tattoo of the Tasalio Bladedancer; Tattoo of the Tasalio Makanga; Tattoo of the Tasalio Scout; Tattoo of the Tasalio Shaman; Tattoo of the Tasalio Tideshifter; Tattoo of the Tasalio Warrior; Tattoo of the Tawhoa Herbalist; Tattoo of the Tawhoa Makanga; Tattoo of the Tawhoa Naturalist; Tattoo of the Tawhoa Scout; Tattoo of the Tawhoa Shaman; Tattoo of the Tawhoa Warrior; Tattoo of the Tukohama Brawler; Tattoo of the Tukohama Makanga; Tattoo of the Tukohama Shaman; Tattoo of the Tukohama Warcaller; Tattoo of the Tukohama Warmonger; Tattoo of the Tukohama Warrior; Tattoo of the Valako Makanga; Tattoo of the Valako Scout; Tattoo of the Valako Shaman; Tattoo of the Valako Shieldbearer; Tattoo of the Valako Stormrider; Tattoo of the Valako Warrior
currency.tattoo,leaf,site-coarse,at currency (the parent's level),60,0,60,0,0,0,Tattoo of the Arohongui Makanga; Tattoo of the Arohongui Moonwarden; Tattoo of the Arohongui Scout; Tattoo of the Arohongui Shaman; Tattoo of the Arohongui Warmonger; Tattoo of the Arohongui Warrior; Tattoo of the Hinekora Deathwarden; Tattoo of the Hinekora Makanga; Tattoo of the Hinekora Shaman; Tattoo of the Hinekora Storyteller; Tattoo of the Hinekora Warmonger; Tattoo of the Hinekora Warrior; Tattoo of the Kitava Blood Drinker; Tattoo of the Kitava Heart Eater; Tattoo of the Kitava Makanga; Tattoo of the Kitava Rebel; Tattoo of the Kitava Shaman; Tattoo of the Kitava Warrior; Tattoo of the Ngamahu Firewalker; Tattoo of the Ngamahu Makanga; Tattoo of the Ngamahu Shaman; Tattoo of the Ngamahu Warmonger; Tattoo of the Ngamahu Warrior; Tattoo of the Ngamahu Woodcarver; Tattoo of the Ramako Archer; Tattoo of the Ramako Fleetfoot; Tattoo of the Ramako Makanga; Tattoo of the Ramako Scout; Tattoo of the Ramako Shaman; Tattoo of the Ramako Sniper; Tattoo of the Rongokurai Brute; Tattoo of the Rongokurai Goliath; Tattoo of the Rongokurai Guard; Tattoo of the Rongokurai Makanga; Tattoo of the Rongokurai Turtle; Tattoo of the Rongokurai Warrior; Tattoo of the Tasalio Bladedancer; Tattoo of the Tasalio Makanga; Tattoo of the Tasalio Scout; Tattoo of the Tasalio Shaman; Tattoo of the Tasalio Tideshifter; Tattoo of the Tasalio Warrior; Tattoo of the Tawhoa Herbalist; Tattoo of the Tawhoa Makanga; Tattoo of the Tawhoa Naturalist; Tattoo of the Tawhoa Scout; Tattoo of the Tawhoa Shaman; Tattoo of the Tawhoa Warrior; Tattoo of the Tukohama Brawler; Tattoo of the Tukohama Makanga; Tattoo of the Tukohama Shaman; Tattoo of the Tukohama Warcaller; Tattoo of the Tukohama Warmonger; Tattoo of the Tukohama Warrior; Tattoo of the Valako Makanga; Tattoo of the Valako Scout; Tattoo of the Valako Shaman; Tattoo of the Valako Shieldbearer; Tattoo of the Valako Stormrider; Tattoo of the Valako Warrior
monster,coarse only,site-coarse,coarse id,361,0,0,0,0,361,"Aboriginal Chieftain; Acid Slitherer; Adolescent Rhex; Aidan the Frenzied; Albino Rhoa; Alpha Paradisae; Alpine Devil; Alpine Shaman; Amarissa, Daughter of Merveil; Ambrosia, Daughter of Merveil; Ancient Devourer; Arakaali's Daughter; Arctic Wolf; Armour Cruncher; Avalanche Rider; Avian Retch; Balah, Duke; Barb Serpent; Barrow Ape; Bearded Devil; Bearded Shaman; Bearded Skycaller; Bestial Maw; Black Death; Black Mórrigan; Black Scorpion; Bladeback Guardian; Bladetooth; Bleached Crawler; Bleached Crustacean; Blood Ape; Blood Chieftain; Blood Morpher; Blood Stasis ; Blue Frog; Bone Cruncher; Bone Rhoa; Boulderback; Bramble Cobra; Brine Vassal; Brinecrack; Brood Princess; Brooding Tarantula; Buried Tarantula; Carnage Ape; Carnage Chieftain; Carrion Burrower; Carrion Minion; Carrion Queen; Carrion Swarmer; Cave Beast; Cave Crustacean; Cave Skitterer; Cavern Drifter; Chimeric Croaker; Chrome-infused Chimeral; Chrome-infused Croaker; Chrome-infused Goliath; Chrome-touched Chimeral; Chrome-touched Croaker; Chrome-touched Goliath; Cintiq, the Inescapable; Colossus Crusher; Common Frog; Corrupted Arach; Corrupted Beast; Corrupted Rhoa; Corrupted Spitter; Craiceann, First of the Deep; Craicic Croaker; Craicic Maw; Craicic Sand Spitter; Craicic Savage Crab; Craicic Shield Crab; Craicic Spider Crab; Craicic Squid; Craicic Vassal; Craicic Watcher; Crazed Chieftain; Crazed Flamebeast; Crustacean Pelter; Crustacean Sniper; Crypt Ambusher; Crypt Weaver; Cursed Spawn; Deep Crustacean; Devourer; Dire Wolf; Dirt Scrabbler; Diseased Arachnid; Dread Primate; Drifting Eye; Dune Hellion; Dust Scrabbler; Echo of the Verdant; Elder-Blessed Cobra; Elder-Blessed Goatman; Elder-Blessed Hellion; Elder-Blessed Retch; Elder-Blessed Rhoa; Enraptured Arachnid; Enraptured Beast; Enraptured Crab; Enslaved Hellion; Escaped Rhex; Eyepecker; Farric Ape; Farric Chieftain; Farric Flame Hellion Alpha; Farric Frost Hellion Alpha; Farric Gargantuan; Farric Goatman; Farric Goliath; Farric Lynx Alpha; Farric Magma Hound; Farric Pit Hound; Farric Taurus; Farric Tiger Alpha; Farric Ursa; Farric Wolf Alpha; Farrul, First of the Plains; Fated Siren; Fathom Screamer; Fenumal Devourer; Fenumal Hybrid Arachnid; Fenumal Plagued Arachnid; Fenumal Queen; Fenumal Scorpion; Fenumal Scrabbler; Fenumal Widow; Fenumus, First of the Night; Feral Chimeral; Feral Fowl; Fetid Maw; Fighting Bull; Filth Maw; Flame Hellion; Foreseen Spawn; Forest Beast; Fossil Eater; Freezing Wolf; Fury Hound; Fused Crawler; Genesis Paradisae; Glade Mamba; Gluttonous Gull; Goatman; Goatman Fire-raiser; Goatman Shaman; Goatman Stomper; Granite Eater; Gravel Eater; Grazing Taurus; Guardian of the Mound; Hairy Bonecruncher; Hatchling; Hill Devil; Hollowskull, the Willing Host; Host Adder; Host Chieftain; Host Cobra; Hybrid Arachnid; Infected Adder; Infected Ambusher; Infected Beast; Infected Spiker; Infected Watcher; Infested Ape; Infested Crab; Infested Crawler; Infested Crustacean; Infested Maw; Infested Rhoa; Infested Serpent; Infested Skitterer; Infested Sniper; Infested Tunnelfiend; Infested Ursa; Infested Vulture; Ink Spinner; Inti of the Blood Moon; Invading Crustacean; Junglemare; Kamaq, Soilmaker; Konu, Maker of Wind; Leaping Spider; Lola, the Fierce; Lowlands Hopper; Lurking Venom; Maligaro's Inspiration; Maligaro's Muse; Maternal Rhex; Maze Hatchling; Maze Needleback; Maze Slitherer; Maze Webspinner; Merveil's Attendant; Merveil's Blessed; Merveil's Chosen; Merveil's Daughter; Merveil's Favoured; Merveil's Retainer; Mindless Scavenger; Mother of the Hive; Mother of the Swarm; Mountain Hellion; Mountain Hellion Alpha; Mountain Lynx; Murk Runner; Mutant Arach; Mutated Adder; Mutated Arachnid; Mutated Broodqueen; Mutated Chieftain; Mutated Croaker; Mutated Flamebeast; Mutated Maw; Mutated Rhoa; Mutated Ursa; Mutated Watcher; Mutated Winterclaw; Mutewind Lynx; Mystic Devourer; Nadia the Soothing; Night Adder; Nightmarish Carrion; Noxious Tarantula; Obsidian Eater; Oozeback Bloom; Paradisae Venenum; Parasite; Pewterfang; Pitbull Demon; Plagued Arachnid; Plated Parasite; Plumed Chimeral; Plummeting Ursa; Poisonous Parasite; Porcupine Goliath; Predatory Scorpion; Primal Beast; Primal Crushclaw; Primal Cystcaller; Primal Rhex Matriarch; Primitive Ape; Primordial Rhoa; Purge Hound; Putrid Chimeral; Putrid Serpent; Putrid Weaver; Q'uru; Quetzerxi; Rabid Broodqueen; Rabid Maw; Rabid Minion; Rabid Rhoa; Raihara, Tukohama's Loyal; Ravenous Parasite; Rhoa Mare; Rima, Deep Temptress; Risen Infested Beast; Rocco, the Bloodthirsty; Rock Spitter; Rooster Demon; Rooster Fiend; Rotting Vulture; Ruins Hellion; Sand Leaper; Sand Scorpion; Sand Serpent; Sand Skitterer; Saqawal, First of the Sky; Saqawine Blood Viper; Saqawine Chimeral; Saqawine Cobra; Saqawine Retch; Saqawine Rhex; Saqawine Rhoa; Saqawine Vulture; Savage Crab; Scalding Arachnid; Scavenging Vulture; Scrabbling Menace; Scrabbling Spitter; Scum Crawler; Sewage Crawler; Sewer Drifter; Shackled Hellion; Shaggy Monstrosity; Sheaq, Maker of Floods; Shivershell; Sickly Spinner; Simi, the Nature Touched; Singing Siren; Siren's Spawn; Skeletal Beast; Slimy Bloodsucker; Slimy Nemesis; Snow Wolf; Soulless Watcher; Spindle Spider; Spine Serpent; Spinesnap; Spirit of Aidan; Spirit of Nadia; Spitting Parasite; Steelchaw; Strangledrift; Stygian Ape; Stygian Silverback; Sulphuric Scorpion; Sulphurspawn; Swarthy Mollusc; Talon Archer; Tamipin; Tamulus; Tercel Rhoa; The All-seeing Eye; The Basilisk; The Burning Menace; The Cadaver Bull; The Conqueror Wurm; The Duchess; The Dweller of the Deep; The Encephalophage; The Faun; The Great White Beast; The Great White Bones; The Hundred Foot Shadow; The Sunburst Queen; The Weaver; Thicket Hulk; Thistlesage; Thornrunner; Toxic Crawler; Tunnelfiend; Tunnelworm; Twisted Chimeral; Tyrannursus Maximus; Ungulath; Unstable Larva; Vaal Recluse; Vaulting Croaker; Venomous Spawn; Ventarus; Vicious Hound; Vicious Parasite; Virulent Spider; Vivid Abberarach; Vivid Vulture; Vivid Watcher; War Hound; Waste Lurcher; Webbed Spider; Wild Brambleback; Wild Bristle Matron; Wild Chimeral; Wild Hellion Alpha; Wild Rhex; Woods Ursa; Zombie Rhoa"
sanctum,coarse only,site-coarse,coarse id,12,0,12,0,0,0,Candlestick Relic; Censer Relic; Coffer Relic; Forbidden Tome; Papyrus Relic; Processional Relic; Sanctum Archives Research; Sanctum Cathedral Research; Sanctum Necropolis Research; Sanctum Vaults Research; Tome Relic; Urn Relic
