# generated by scripts/hash-check.py from PathOfBuilding/src/Data/Mod*.lua @ 16de4b82, poe1/data/mods.json and stat_translations.json @ e2bd511a, ../trade-query/data/stats-2026-09-12.json
stat_id,stats_dat_hash,trade_number,attributed_by
%_chance_to_blind_on_critical_strike,607639028,3983981705,export
%_chance_to_blind_on_critical_strike_while_you_have_cats_stealth,2715853475,843854434,export
%_chance_to_cause_bleeding_enemies_to_flee_on_hit,1437031272,2072206041,export
%_chance_to_deal_150%_area_damage_+%_final,2330191558,2289189129,export
%_chance_to_gain_25%_non_chaos_damage_to_add_as_chaos_damage,1938509102,1741279188,export
%_chance_to_gain_frenzy_charge_on_trap_triggered_by_an_enemy,4055932912,3738335639,export
%_chance_to_gain_random_charge_on_trap_triggered_by_an_enemy,3648337098,710805027,export
%_maximum_es_and_life_taken_as_fire_damage_per_minute_per_level_while_in_her_embrace,1622444985,2442112158,export
%_number_of_raging_spirits_allowed,485691558,1186934478,export
%_of_your_and_your_minions_damage_cannot_be_reflected,2376392641,1567747544,export
%_of_your_and_your_minions_elemental_damage_cannot_be_reflected,3448552368,3408683611,export
%_of_your_and_your_minions_physical_damage_cannot_be_reflected,3677842626,1818622832,export
%_of_your_damage_cannot_be_reflected,1216281340,2510655429,export
%_physical_damage_bypasses_energy_shield,1211339691,2649513539,export
+1_max_charged_attack_stages,3698020486,865345996,export
-%_of_your_damage_cannot_be_reflected,1216281340,2510655429,pob
X_accuracy_per_2_intelligence,34529827,2196657026,export
X_armour_if_you_have_blocked_recently,2633893112,4091848539,export
X_armour_per_active_totem,4257091217,1429385513,export
X_armour_per_stackable_unique_jewel,1015267010,1166487805,export
X_life_per_4_dexterity,2539391483,2042405614,export
X_mana_per_4_strength,2839885993,507075051,export
X_mana_per_stackable_unique_jewel,3551169411,2592799343,export
absolution_cast_speed_+%,3692562457,2558170600,export
absolution_duration_+%,281718823,1778800422,export
absolution_minion_area_of_effect_+%,3276961272,771292654,export
abyssal_cry_damage_+%,1544910409,780453137,export
abyssal_cry_duration_+%,4063222334,1934891174,export
accuracy_rating,552754587,803737631,export
accuracy_rating_+%,4041047601,624954515,export
accuracy_rating_+%_during_onslaught,3246220873,2593021351,export
accuracy_rating_+%_if_enemy_not_killed_recently,329583105,2806435316,export
accuracy_rating_+%_if_have_crit_in_past_8_seconds,972247905,1381557885,export
accuracy_rating_+%_per_25_intelligence,2149204966,4106889136,export
accuracy_rating_+%_per_frenzy_charge,4004193244,3700381193,export
accuracy_rating_+%_when_on_low_life,3758031512,347697569,export
accuracy_rating_+_per_2_dexterity,1347726723,773731062,export
accuracy_rating_+_per_empty_green_socket,3003210454,4280703528,export
accuracy_rating_+_per_frenzy_charge,3670271598,3126680545,export
accuracy_rating_per_level,1565823464,539841130,export
accuracy_rating_while_at_maximum_frenzy_charges,822551745,3213407110,export
action_speed_+%_while_affected_by_haste,2460021492,1960426186,export
action_speed_-%,1631261654,2878959938,export
action_speed_cannot_be_reduced_below_base,605933039,628716294,export
action_speed_cannot_be_reduced_below_base_while_ignited,1470065839,2146687910,export
action_speed_cannot_be_slowed_below_base_if_cast_temporal_chains_in_past_10_seconds,3979588810,3616500790,export
action_speed_is_at_least_90%,2903510050,179010262,export
active_skill_attack_speed_+%_final,2597676154,2418322751,export
add_endurance_charge_on_enemy_critical_strike,4002591119,2609824731,export
add_endurance_charge_on_kill,584978891,2064503808,export
add_frenzy_charge_every_50_rampage_stacks,3490197626,637690626,export
add_frenzy_charge_on_critical_strike,211294352,398702949,export
add_frenzy_charge_on_kill_%_chance,3904607854,1826802197,export
add_frenzy_charge_on_skill_hit_%,3491693553,2323242761,export
add_frenzy_charge_on_skill_hit_%_if_4_redeemer_items,2073027685,1571123250,export
add_frenzy_charge_when_hit_%,104506504,881914531,export
add_power_charge_on_critical_strike_%,1479057381,3814876985,export
add_power_charge_on_hit_while_poisoned_%,2356331001,800598487,export
add_power_charge_on_kill_%_chance,3772241799,2483795307,export
add_power_charge_on_skill_hit_%,1641523098,1453197917,export
add_power_charge_on_skill_hit_%_if_4_crusader_items,1484740007,4060882278,export
added_chaos_damage_%_mana_cost_if_payable,1664868913,820155465,export
additional_all_attributes,1979686922,1379411836,export
additional_attack_block_%_per_endurance_charge,1878642662,3039589351,export
additional_attack_block_%_per_frenzy_charge,3957339439,2148784747,export
additional_attack_block_%_per_power_charge,2927815630,2856326982,export
additional_attack_block_%_per_summoned_skeleton,3814749820,2445675562,export
additional_block_%,1910201303,1702195217,export
additional_block_%_per_endurance_charge,1878642662,3039589351,export+pob
additional_block_%_while_not_cursed,3908397088,3619054484,export
additional_block_%_while_on_consecrated_ground,3925652364,3865999868,export
additional_block_%_while_you_have_at_least_10_crab_charges,3443641800,653107703,export
additional_block_%_while_you_have_at_least_5_crab_charges,1845650884,1354504703,export
additional_block_%_with_5_or_more_nearby_enemies,1916376074,1214532298,export
additional_block_chance_%_when_in_off_hand,4107506662,2040585053,export
additional_block_chance_against_projectiles_%,308802921,3416410609,export
additional_chaos_damage_to_spells_equal_to_%_maximum_life,583742249,3175648755,export
additional_chaos_resistance_against_damage_over_time_%,777594689,2266636761,export
additional_critical_strike_chance_per_power_charge_permyriad,1383489987,1818900806,export
additional_critical_strike_chance_permyriad_per_warcry_exerting_action,1875413700,3528761893,export
additional_critical_strike_chance_permyriad_while_affected_by_cat_aspect,1681491255,3992636701,export
additional_critical_strike_chance_permyriad_while_affected_by_hatred,2514001984,2753985507,export
additional_critical_strike_chance_permyriad_while_at_maximum_power_charges,1518025266,1166971727,export
additional_damage_rolls_while_on_low_life,371926728,204466006,export
additional_dexterity,960144305,3261801346,export
additional_dexterity_and_intelligence,2118566739,2300185227,export
additional_elemental_damage_reduction_as_half_of_chaos_resistance,1556030217,3990082744,export
additional_intelligence,1810204463,328541901,export
additional_max_number_of_dominated_magic_monsters,2296002043,1095160683,export
additional_max_number_of_dominated_rare_monsters,139077410,2337005967,export
additional_maximum_all_elemental_resistances_%,599864586,1978899297,export
additional_maximum_all_elemental_resistances_%_if_6_shaper_items,3690949227,15754647,export
additional_maximum_all_elemental_resistances_%_while_affected_by_purity_of_elements,3921364265,3234824465,export
additional_maximum_all_resistances_%,3172761812,569299859,export
additional_maximum_all_resistances_%_while_poisoned,379841513,1030987123,export
additional_maximum_all_resistances_%_with_no_endurance_charges,4163418749,3635566977,export
additional_off_hand_critical_strike_chance_permyriad,3149252809,1757389331,export
additional_physical_damage_reduction_%_during_flask_effect,4103714747,2693266036,export
additional_physical_damage_reduction_%_during_focus,490426264,3753650187,export
additional_physical_damage_reduction_%_if_not_damaged_by_a_hit_recently,2782269556,3603666270,export
additional_physical_damage_reduction_%_vs_abyssal_monsters,188079957,287491423,export
additional_physical_damage_reduction_%_while_affected_by_determination,3112601718,1873457881,export
additional_physical_damage_reduction_%_while_moving,1462401975,2713357573,export
additional_physical_damage_reduction_against_hits_%_per_siphoning_charge,2332119753,3837366401,export
additional_poison_chance_%_when_inflicting_poison,3623288429,514698677,export
additional_projectile_if_6_hunter_items,3327637441,3778002979,export
additional_rage_loss_per_minute,498524618,1124360291,export
additional_scroll_of_wisdom_drop_chance_%,1520561746,2920230984,export
additional_spectres_per_ghastly_eye_jewel,3806012546,1664904679,export
additional_spell_block_%,2553873416,19803471,export
additional_spell_block_%_if_havent_blocked_recently,4289106827,3771323968,export
additional_spell_block_%_per_power_charge,4034271168,816458107,export
additional_spell_block_%_while_cursed,3873466845,3218891195,export
additional_staff_block_%,2258677436,1778298516,export
additional_strength,3992817299,4080418644,export
additional_strength_and_dexterity,3623112974,538848803,export
additional_strength_and_intelligence,2705806547,1535626285,export+pob
additive_cast_speed_modifiers_apply_to_trap_throwing_speed,4155202835,3520223758,export
additive_chaos_damage_modifiers_apply_to_chaos_aura_effect_at_%_value,858610287,2628865242,export
additive_cold_damage_modifiers_apply_to_cold_aura_effect_at_%_value,2961267179,935686778,export
additive_energy_shield_modifiers_apply_to_spell_damage_at_30%_value,3668561601,3268519799,export
additive_evasion_increase_modifiers_apply_to_spell_damage_at_%_value,2728947345,4091694419,export
additive_fire_damage_modifiers_apply_to_fire_aura_effect_at_%_value,1849998637,1320057994,export
additive_flask_effect_modifiers_apply_to_arcane_surge,476225687,1213832501,export
additive_flask_effect_modifiers_apply_to_arcane_surge_at_%_value,476225687,1213832501,export+pob
additive_life_modifiers_apply_to_attack_damage_at_30%_value,1546814511,881645355,export
additive_lightning_damage_modifiers_apply_to_lightning_aura_effect_at_%_value,3904566871,232010308,export
additive_mana_modifiers_apply_to_damage_at_30%_value,1827655461,2571899044,export
additive_minion_damage_modifiers_apply_to_you_at_150%_value,2818217484,1433144735,export
additive_minion_maximum_life_modifiers_apply_to_you_at_%_value,925819755,3942379359,export
additive_modifiers_to_minion_attack_speed_also_affect_you,1194849390,2293111154,export
additive_modifiers_to_minion_cast_speed_also_affect_you,261087441,2284852387,export
additive_physical_damage_modifiers_apply_to_physical_aura_effect_at_%_value,3971558899,1092506510,export
additive_spell_damage_modifiers_apply_to_attack_damage,2821607650,3811649872,export
additive_spell_damage_modifiers_apply_to_attack_damage_at_150%_value,3138013534,185598681,export
additive_spell_damage_modifiers_apply_to_retaliation_attack_damage_at_%_value,1398835118,4171078509,export
additive_vaal_skill_damage_modifiers_apply_to_all_skills,2921359137,3871212304,export
adrenaline_on_vaal_skill_use_duration_ms,2984006157,3856092403,export
agony_crawler_damage_+%,3210355375,786460697,export
ailment_damage_+%_per_equipped_elder_item,1049428320,2418574586,export
ailment_dot_multiplier_+_per_equipped_elder_item,160942006,2212731469,export
ailment_types_apply_damage_taken_+%,2829033631,1217730254,export
ailment_types_apply_enemy_chance_to_deal_double_damage_%_against_self,1080482392,1916537902,export
alchemists_mark_curse_effect_+%,4020958524,3583185303,export
all_attributes_+%,1272573356,3143208761,export
all_attributes_+%_if_6_elder_items,243157653,3237046450,export
all_damage_can_chill,1215591923,3833160777,export
all_damage_can_freeze,2794020457,4052117756,export
all_damage_can_ignite,93015817,1369840970,export
all_damage_can_poison_while_affected_by_glorious_madness,1742087960,3359218839,export
all_damage_resistance_+%,4202738327,1195367742,export
all_damage_taken_can_chill,2046378060,244239777,export
all_damage_taken_can_ignite,4002593490,1405089557,export
all_resistances_%_per_active_minion_not_from_vaal_skills,1593038437,2894273152,export
all_resistances_%_per_equipped_corrupted_item,887879319,3100523498,export
all_skill_gem_level_+,3569264983,4283407333,export
all_skill_gem_quality_+,967477727,3655769732,export
allow_2_active_banners,2596585889,28721242,export
allow_2_offerings,1023451804,3639765866,export
allow_multiple_offerings,3495145181,230941555,export
always_crit_on_next_non_channelling_attack_within_X_ms_after_being_crit,1872293812,276813598,export
always_frostburn_while_affected_by_hatred,2809538212,13285831,export
always_ignite_while_burning,335953459,2636728487,export
always_pierce_burning_enemies,3134177902,2214228141,export
always_sap_while_affected_by_wrath,2178199137,2499038519,export
always_scorch_while_affected_by_anger,2536229664,1585991257,export
always_shock_low_life_enemies,1434750863,2610583760,export
ambush_buff_critical_strike_multiplier_+,1279844835,2343571547,export
ambush_cooldown_speed_+%,2328568318,2977107166,export
amulet_freeze_proliferation_radius,3748073870,3865389316,export
ancestor_totem_buff_effect_+%,3643727968,1027887872,export
ancestor_totem_buff_linger_time_ms,3205519529,3328802509,export
ancestral_cry_exerted_attack_damage_+%,3049819220,2146663823,export
ancestral_cry_minimum_power,2168823945,988554168,export
anger_aura_effect_+%,3822273475,1592278124,export
anger_mana_reservation_+%,2039758837,2003753577,export
anger_mana_reservation_efficiency_+%,3667898360,2549369799,export+pob
anger_mana_reservation_efficiency_-2%_per_1,2551939572,2963485753,export
anger_reserves_no_mana,2098530979,2189891129,export
animate_guardian_damage_+%,1551831051,4157143640,export
animate_guardian_damage_+%_per_animated_weapon,3208252960,759294825,export
animate_guardian_elemental_resistances_%,1926535668,2094281311,export
animate_weapon_chance_to_create_additional_copy_%,34835664,3711386843,export
animate_weapon_damage_+%,1988340669,1819674879,export
animate_weapon_duration_+%,260008616,3338074370,export
animate_weapon_number_of_additional_copies,3148343546,1266553505,export
animated_minions_melee_splash,3239650228,91242932,export
apply_X_wither_stacks_for_2_seconds_with_tinctured_weapons,292764522,1103333624,pob
apply_covered_in_ash_to_attacker_on_hit_%_vs_rare_or_unique_enemy,1497081813,240642724,export
apply_covered_in_ash_to_attacker_when_hit_%,1861848796,3748879662,export
apply_hex_on_enemy_that_triggers_traps,1817426131,1736212068,export
apply_maximum_wither_for_Xs_on_chaos_skill_hit,1778808768,2676773112,export
arc_damage_+%,3284155359,2740567252,export
arc_damage_+%_per_chain,1501298622,3998182656,export
arc_num_of_additional_projectiles_in_chain,579116514,2461552986,export
arc_shock_chance_%,805640592,195463427,export
arcane_cloak_consume_%_of_mana,324865879,122106412,export
arcane_cloak_gain_%_of_consumed_mana_as_life_regenerated_per_second,86164,3606492882,export
arcane_surge_during_mana_flask_effect,3611738063,1243471794,export
arcane_surge_effect_+%,324581593,3015437071,export
arcane_surge_effect_+%_while_affected_by_clarity,2329337840,1808477254,export
arcane_surge_effect_on_self_+%_per_caster_abyss_jewel_up_to_+40%,155872830,1012072406,export
arcane_surge_to_you_and_allies_on_warcry_with_effect_+%_per_5_power_up_to_50%,1711815839,3399924348,export
arcanist_brand_cast_speed_+%,1085252548,1147445274,export
arcanist_brand_unnerve_on_hit,729359321,1350243490,export
arctic_armour_buff_effect_+%,362343643,3995612171,export
arctic_armour_mana_reservation_+%,3763270493,2233726619,export
arctic_armour_mana_reservation_efficiency_+%,3028280291,2351239732,export+pob
arctic_armour_mana_reservation_efficiency_-2%_per_1,2196901044,2605040931,export
arctic_armour_no_reservation,4254026496,1483066460,export
arctic_breath_chilling_area_movement_velocity_+%,3776180881,2781179464,export
arctic_breath_damage_+%,263733258,2846773529,export
arctic_breath_duration_+%,4117025438,3804575865,export
arctic_breath_radius_+%,3345377466,3816022821,export
area_damage_+%,2425612141,4251717817,export
area_damage_+%_per_10_devotion,2403890332,1724614884,export
area_damage_taken_from_hits_+%,1800804730,3001376862,export
area_of_effect_+%_final_for_bow_attacks_firing_single_projectile,2752470678,2379109976,export
area_of_effect_+%_if_culled_recently,4098761647,1785568076,export
area_of_effect_+%_if_have_stunned_an_enemy_recently,2544919131,430248187,export
area_of_effect_+%_per_20_int,4161188022,1307972622,export
area_of_effect_+%_per_25_rampage_stacks,1102355470,4119032338,export
area_of_effect_+%_per_50_strength,4070266,2611023406,export
area_of_effect_+%_per_endurance_charge,2743216409,2448279015,export
area_of_effect_+%_per_enemy_killed_recently,2760058494,4070157876,export
area_of_effect_+%_per_enemy_killed_recently_up_to_25%,1674784310,250553316,export
area_of_effect_+%_while_you_have_arcane_surge,1327158989,1406617410,export
armageddon_brand_attached_target_fire_penetration_%,1681817684,1715805151,export
armageddon_brand_damage_+%,1498497927,1699139870,export
armageddon_brand_repeat_frequency_+%,891464137,2512194486,export
armour_%_applies_to_fire_cold_lightning_damage,3987942511,3362812763,export
armour_%_applies_to_fire_cold_lightning_damage_if_have_blocked_recently,652289460,1239225602,export
armour_+%_if_enemy_not_killed_recently,1537606719,2424133568,export
armour_+%_per_50_str,3943763250,3621706946,export
armour_+%_while_bleeding,2415966843,2466912132,export
armour_+%_while_no_energy_shield,3426082936,3827349913,export
armour_+%_while_stationary,4190044736,3184053924,export
armour_+_while_affected_by_determination,1026055925,3742808908,export
armour_+_while_you_have_fortify,1135525314,153004860,export
armour_and_evasion_rating_+_per_1%_attack_block_chance,4033021795,2818854203,export
armour_and_evasion_rating_+_while_fortified,934208812,2962782530,export
armour_from_helmet_and_gloves_+%,4263984823,791154540,export
armour_from_shield_doubled,746908853,651387761,export
armour_increased_by_overcapped_fire_resistance,2273039310,2129352930,export
armour_increased_by_x%_of_overcapped_fire_resistance,3945809656,1671639542,export
armour_while_stationary,1256540596,2551779822,export
armour_while_you_do_not_have_avatar_of_fire,1703236712,4078952782,export
arrow_base_number_of_targets_to_pierce,2844798392,3423006863,export
arrow_chains_+,1354069915,1001077145,export
arrow_damage_+%_vs_pierced_targets,2110716013,1019891080,export
arrows_always_pierce_after_chaining,1941974911,1997151732,export
arrows_always_pierce_after_forking,250079341,2138799639,export
arrows_fork,884504926,2421436896,export
arrows_from_first_firing_point_always_pierce,1596050650,2168987271,export
arrows_from_fourth_firing_point_additional_chains,3393635715,226515115,export
arrows_from_second_firing_point_fork,3126719747,3290081052,export
arrows_from_third_firing_point_return,3213946356,301746072,export
arrows_pierce_additional_target,2179351107,3492025235,export
arrows_that_pierce_chance_to_bleed_25%,1160479418,1812251528,export
artillery_ballista_cross_strafe_pattern,1395111011,2056176052,export
artillery_ballista_fire_pen_+%,3724514855,1734517294,export
artillery_ballista_num_additional_arrows,1841823285,3283028259,export
aspect_of_the_avian_buff_effect_+%,1443275450,1746347097,export
aspect_of_the_avian_grants_avians_might_and_avians_flight_to_nearby_allies,1293978863,2544408546,export
aspect_of_the_cat_base_secondary_duration,51471803,3686519528,export
aspect_of_the_cat_buff_effect_+%,2305255570,4065740293,export
aspect_of_the_crab_buff_effect_+%,3963364166,1883691564,export
aspect_of_the_spider_debuff_effect_+%,1741346962,2030415947,export
aspect_of_the_spider_web_count_+,542954481,1509532587,export
assassins_mark_curse_effect_+%,3506888675,1961975107,export
assassins_mark_duration_+%,1060809889,1609523492,export
attack_additional_critical_strike_chance_permyriad,998270063,2572042788,export
attack_additional_critical_strike_chance_permyriad_if_4_elder_items,2548425664,1481800004,export
attack_and_cast_speed_+%,1169597728,2672805335,export
attack_and_cast_speed_+%_during_onslaught,2633476124,2320884914,export
attack_and_cast_speed_+%_for_4_seconds_on_movement_skill_use,1666650749,2831922878,export
attack_and_cast_speed_+%_if_corpse_consumed_recently,1021808771,672563185,export
attack_and_cast_speed_+%_if_enemy_hit_recently,2562896444,1483753325,export
attack_and_cast_speed_+%_if_havent_been_hit_recently,1114724962,223937937,export
attack_and_cast_speed_+%_per_endurance_charge,3088634191,3618888098,export
attack_and_cast_speed_+%_per_frenzy_charge,3830497028,269590092,export
attack_and_cast_speed_+%_per_nearby_enemy_up_to_30%,1402785322,1027670161,export
attack_and_cast_speed_+%_per_power_charge,1821650580,987588151,export
attack_and_cast_speed_+%_per_summoned_raging_spirit,3138020384,3133579934,export
attack_and_cast_speed_+%_while_focused,4147147469,2628163981,export
attack_and_cast_speed_+%_while_you_have_depleted_physical_aegis,3793031485,232331266,export
attack_and_cast_speed_+%_while_you_have_fortify,767506524,1473444150,export
attack_and_movement_speed_+%_if_you_have_beast_minion,2748983304,3597737983,export
attack_and_movement_speed_+%_with_her_blessing,1176246552,2968804751,export
attack_area_of_effect_+%,4078653483,1840985759,export
attack_block_%_if_blocked_a_spell_recently,1237745096,647983250,export
attack_block_%_per_200_fire_hit_damage_taken_recently,319137797,8517868,export
attack_cast_and_movement_speed_+%_during_onslaught,874704557,879520319,export
attack_cast_and_movement_speed_+%_while_do_not_have_iron_reflexes,978425944,3476327198,export
attack_chance_to_blind_on_hit_%_vs_bleeding_enemies,3920143629,4204320922,export
attack_chance_to_maim_on_hit_%_vs_blinded_enemies,222318848,1291726336,export
attack_critical_strike_chance_+%,3110016856,2194114101,export
attack_critical_strike_chance_+%_per_200_accuracy_rating,2810267004,2196695640,export
attack_critical_strike_damage_life_leech_permyriad,2763381807,2100196861,export
attack_critical_strike_multiplier_+,1113343616,3714003708,export
attack_critical_strikes_ignore_elemental_resistances,3245015087,2170876738,export
attack_damage_+%,2976007641,2843214518,export
attack_damage_+%_if_hit_recently,4206362468,871414818,export
attack_damage_+%_if_other_ring_is_shaper_item,3349304522,1555962658,export
attack_damage_+%_per_450_evasion,380954074,93696421,export
attack_damage_+%_per_450_physical_damage_reduction_rating,2972603531,192842973,export
attack_damage_+%_per_500_maximum_mana,1959383972,4134865890,export
attack_damage_+%_per_explicit_map_mod_affecting_area,1152036647,698336758,export
attack_damage_+%_while_affected_by_precision,1628613057,2048747572,export
attack_damage_+%_while_holding_a_shield,2804991270,1393393937,export
attack_damage_+1%_per_300_of_min_of_armour_or_evasion,3468588697,1358422215,export
attack_damage_that_stuns_also_chills,2428193256,2437193018,export
attack_damage_vs_bleeding_enemies_+%,141835731,3944782785,export
attack_mana_cost_+%,289101526,2859471749,export
attack_physical_damage_%_to_add_as_fire,1406876633,273476097,export
attack_physical_damage_%_to_add_as_lightning,1863039564,1096897481,export
attack_physical_damage_%_to_convert_to_cold,1933299927,2186742030,export
attack_physical_damage_%_to_convert_to_fire,2450601731,796222013,export
attack_physical_damage_%_to_convert_to_lightning,3207955224,1188616832,export
attack_projectiles_fork,974183219,396113830,export
attack_projectiles_fork_additional_times,2447667737,1643324992,export
attack_projectiles_return,405175846,1658124062,export
attack_skills_%_physical_as_extra_fire_damage_per_socketed_red_gem,2194074145,1302700515,export
attack_skills_additional_totems_allowed,2474513633,3266394681,export
attack_skills_have_added_lightning_damage_equal_to_%_of_maximum_mana,3544608351,2778228111,export
attack_speed_+%,1067510423,681332047,export
attack_speed_+%_during_flask_effect,2052344153,1365052901,export
attack_speed_+%_if_changed_stance_recently,1489666350,2188905761,export
attack_speed_+%_if_enemy_killed_recently,2210236779,1507059769,export
attack_speed_+%_if_have_been_hit_recently,2082225342,4137521191,export+pob
attack_speed_+%_if_have_crit_recently,3979355738,1585344030,export
attack_speed_+%_if_havent_cast_dash_recently,3696089319,1003608257,export
attack_speed_+%_if_not_gained_frenzy_charge_recently,85085713,749465463,export
attack_speed_+%_if_rare_or_unique_enemy_nearby,2671669819,314741699,export
attack_speed_+%_per_10_dex,2430309702,889691035,export
attack_speed_+%_per_200_accuracy_rating,877521339,2937694716,export
attack_speed_+%_per_25_dex,2654288512,2241560081,export
attack_speed_+%_per_explicit_map_mod_affecting_area,1310178084,2025297472,export
attack_speed_+%_per_fortification,3491921203,1039149869,export
attack_speed_+%_per_frenzy_charge,27707373,3548561213,export
attack_speed_+%_when_hit,2082225342,4137521191,export
attack_speed_+%_when_on_full_life,2404106269,4268321763,export
attack_speed_+%_when_on_low_life,3479051121,1921572790,export
attack_speed_+%_while_affected_by_precision,3186007813,3375743050,export
attack_speed_+%_while_chilled,2235429845,3935294261,export
attack_speed_+%_while_holding_shield,1712333340,3805075944,export
attack_speed_+%_while_ignited,2504206192,2047819517,export
attack_speed_+%_while_not_on_low_mana,3710037368,779663446,export
attack_speed_+%_while_phasing,861825173,2752264922,export
attack_speed_+%_with_movement_skills,87070980,3683134121,export
attack_speed_+%_with_tinctured_weapons,3042382285,2038105340,pob
attack_speed_while_dual_wielding_+%,3939532789,4249220643,export
attack_speed_while_fortified_+%,2859963805,122450405,export
attacks_bleed_on_hit_while_you_have_cat_stealth,8546057,2059771038,export
attacks_chance_to_bleed_25%_vs_cursed_enemies,2592912859,2591028853,export
attacks_chance_to_blind_on_hit_%,3753202087,318953428,export
attacks_chance_to_poison_%_on_max_frenzy_charges,1255817372,3654074125,export
attacks_chance_to_taunt_on_hit_%,4069836679,280213220,export
attacks_corrosion_on_hit_%,2152458823,2523122963,export
attacks_impale_on_hit_%_chance,1566958044,3739863694,export
attacks_inflict_unnerve_on_crit,1723515109,3362271649,export
attacks_intimidate_on_hit_%,3248939770,3438201750,export
attacks_num_of_additional_chains_when_in_main_hand,3112449269,2466604008,export
attacks_number_of_additional_projectiles,2079989692,1195705739,export
attacks_number_of_additional_projectiles_when_in_off_hand,1416046929,2105048696,export
attacks_poison_while_at_max_frenzy_charges,1448820249,413362507,export
attacks_use_life_in_place_of_mana,547354914,3358745905,export
attacks_with_this_weapon_maximum_es_%_to_add_as_cold_damage,3250227661,2566313732,export
attacks_with_this_weapon_maximum_mana_%_to_add_as_fire_damage,681891034,4107994326,export
attacks_you_use_yourself_attack_speed_+%_final_from_lioneye_glare,1156718357,2718073792,export
attacks_you_use_yourself_repeat_count,3015403795,485236576,export
attribute_requirements_can_be_satisfied_by_%_of_ascendance,4190268532,3024338155,export
aura_effect_on_self_from_your_skills_+%,3682340789,472812693,export
auras_grant_damage_+%_to_you_and_your_allies,4081766295,3729445224,export
avatar_of_fire_rotation_active,652937064,3345955207,export
avians_flight_duration_ms_+,3762077888,1251731548,export
avians_might_duration_ms_+,2987900065,1251945210,export
avoid_all_elemental_status_%,1195261455,3005472710,export
avoid_all_elemental_status_%_per_stackable_unique_jewel,1666172842,611279043,export
avoid_chained_projectile_%_chance,3698670191,729118116,export
avoid_cold_damage_%,2085646647,3743375737,export
avoid_damage_%,3062152650,407415930,export
avoid_elemental_ailments_%_while_affected_by_elusive,585489403,2662268382,export
avoid_elemental_ailments_%_while_phasing,949005146,115351487,export
avoid_elemental_damage_%_per_frenzy_charge,2956801467,1649883131,export
avoid_elemental_damage_chance_%_during_soul_gain_prevention,4257398889,720398262,export
avoid_elemental_damage_while_phasing_%,266387891,143510471,export
avoid_fire_damage_%,2465981229,42242677,export
avoid_freeze_and_chill_%_if_you_have_used_a_fire_skill_recently,538868596,3706656107,export
avoid_freeze_chill_ignite_%_with_her_blessing,3686391453,1093704472,export
avoid_ignite_%_when_on_low_life,1131527639,4271082039,export
avoid_interruption_while_casting_%,1693823433,1916706958,export
avoid_knockback_%,3287934867,4212255859,export
avoid_lightning_damage_%,2269578207,2889664727,export
avoid_maim_%_chance,1549816328,1126826428,export
avoid_physical_damage_%,4178114138,2415497478,export
avoid_physical_damage_%_while_phasing,3401161833,2490633856,export
avoid_projectiles_%_chance_if_taken_projectile_damage_recently,2191585946,3114696875,export
avoid_projectiles_while_phasing_%_chance,3861124886,3635120731,export
avoid_shock_%_while_chilled,2574950597,3981960937,export
avoid_stun_%,1124358765,4262448838,export
avoid_stun_%_while_channeling_snipe,2339964835,3024408350,export
avoid_stun_35%_per_active_herald,3942425926,1493090598,export
axe_accuracy_rating_+%,2264347522,2538120572,export
axe_attack_speed_+%,4115077030,3550868361,export
axe_critical_strike_multiplier_+,2087554868,4219746989,export
axe_damage_+%,1840671165,3314142259,export
ball_lightning_damage_+%,2733216593,3152812191,export
ball_lightning_number_of_additional_projectiles,1643600626,3420683028,export
ball_lightning_projectile_speed_+%,3312262819,1243906675,export
ball_lightning_radius_+%,2600478514,788307702,export
banner_aura_effect_+%,1605280382,2729804981,export
banner_grant_x_damage_over_time_multiplier_per_2_valour_consumed,1297376581,790453126,pob
banner_resource_gained_+%,2702067087,1050359418,export
banner_skills_reserve_no_mana,3689539705,2384457007,export
barrage_attack_speed_+%,1404440317,2523298357,export
barrage_damage_+%,2031578616,3685345485,export
barrage_num_of_additional_projectiles,4195141575,3009270704,export
base_%_maximum_life_inflicted_as_aoe_fire_damage_when_hit,4138170059,3643913768,export
base_actor_scale_+%,1404751209,1408638732,export
base_additional_physical_damage_reduction_%,3354648934,3771516363,export
base_aggravate_bleeding_on_attack_hit_chance_%,4227957908,2705185939,export
base_ailment_damage_+%,124585668,690707482,export
base_all_ailment_duration_+%,3203997612,2419712247,export
base_all_ailment_duration_+%_if_you_have_not_applied_that_ailment_recently,2363375819,967840105,export
base_armour_%_applies_to_chaos_damage,3722476960,3972229254,export
base_armour_%_applies_to_lightning_damage,842810912,2200571612,export
base_armour_applies_to_chaos_damage,2896503410,4186532642,export
base_armour_applies_to_lightning_damage,1553933985,2134207902,export
base_arrows_always_pierce,3465194592,1829238593,export
base_attack_block_luck,1637198083,3776150692,export
base_attack_speed_+%_per_frenzy_charge,27707373,3548561213,export+pob
base_aura_area_of_effect_+%,1769552232,895264825,export
base_avoid_bleed_%,4079697398,1618589784,export
base_avoid_chill_%,3486301748,3483999943,export
base_avoid_chill_%_while_have_onslaught,4010228765,2872105818,export
base_avoid_freeze_%,141091880,1514829491,export
base_avoid_ignite_%,874270813,1783006896,export
base_avoid_poison_%,280890654,4053951709,export
base_avoid_projectiles_%_chance,2559071969,3452269808,export
base_avoid_shock_%,3202108620,1871765599,export
base_avoid_stun_%,1124358765,4262448838,export+pob
base_bleed_duration_+%,1231944479,1459321413,export
base_block_%_damage_taken,212525903,2905515354,export
base_block_luck,2075674824,984774803,export
base_bone_golem_granted_buff_effect_+%,3490661136,2420972973,export
base_cannot_be_chilled,3249396541,283649372,export
base_cannot_be_frozen,3018720065,876831634,export
base_cannot_be_frozen_if_6_redeemer_items,115126743,3423343084,export
base_cannot_be_ignited,2267517265,331731406,export
base_cannot_be_shocked,1815151935,491899612,export
base_cannot_be_stunned,2284880190,1694106311,export+pob
base_cannot_be_stunned_if_6_elder_items,114689401,3183988184,export
base_cannot_evade,1484458061,474452755,export
base_cannot_gain_bleeding,2631491092,1901158930,export
base_cannot_leech,2738320396,1336164384,export
base_cannot_leech_energy_shield,3844182275,700952022,export
base_cannot_leech_life,400199138,3769854701,export
base_cannot_leech_mana,4292329124,1759630226,export
base_cast_speed_+%,2723053659,2891184298,export
base_chance_to_deal_triple_damage_%,2758045478,2445189705,export
base_chance_to_ignite_%,4116230430,1335054179,export
base_chance_to_poison_on_hit_%,3725259792,795138349,export
base_chance_to_shock_%,3989236877,1538773178,export
base_chaos_damage_can_ignite,376710721,1139878780,export
base_chaos_damage_damages_energy_shield_%,617383697,1865744989,export+pob
base_chaos_damage_resistance_%,1674290768,2923486259,export
base_chaos_golem_granted_buff_effect_+%,2768675252,1648511635,export
base_charge_duration_+%,3135416244,2171629017,export
base_cold_damage_%_to_convert_to_chaos,3261338449,2379258771,export
base_cold_damage_%_to_convert_to_fire,3192893200,723832351,export
base_cold_damage_can_poison,1780282738,1917124426,export
base_cold_damage_resistance_%,1746311514,4220027924,export
base_convert_%_physical_damage_to_random_element,1559584857,1776612984,export
base_cooldown_speed_+%,1020211307,1004011302,export
base_cooldown_speed_+%_if_2_shaper_items,3391329810,430973012,export
base_cost_+%,2989751774,2904711338,export
base_critical_strike_multiplier_+,2977491687,3556824919,export
base_curse_duration_+%,3454338932,3824372849,export
base_damage_bypass_ward_%,1805796,3000966016,export
base_damage_removed_from_mana_before_life_%,2005757625,458438597,export
base_damage_taken_+%,1596120653,3691641145,export
base_deal_no_chaos_damage,3471373718,1896269067,export
base_deal_no_cold_damage,2332558308,743677006,export
base_deal_no_fire_damage,1300650170,3763013280,export
base_deal_no_lightning_damage,2984579935,3520498509,export
base_deal_no_physical_damage,789870355,3900877792,export
base_elemental_skill_gem_level_+_if_6_unique_influence_amoung_equipped_non_amulet_items,1931552056,547920428,export
base_elemental_status_ailment_duration_+%,2164024606,2604619892,export
base_elemental_support_gem_level_+_if_6_unique_influence_amoung_equipped_non_amulet_items,3099693878,1640163302,export
base_enemy_critical_strike_chance_+%_against_self,1868641252,4270096386,export
base_enemy_extra_damage_rolls,4074368042,1937473464,export
base_energy_shield_gained_on_enemy_death,3482334904,2528955616,export
base_energy_shield_leech_from_cold_damage_permyriad,511118041,1939452467,export
base_energy_shield_leech_from_elemental_damage_permyriad_if_2_shaper_items,3874296743,1250221293,export
base_energy_shield_leech_from_fire_damage_permyriad,199539282,3885409671,export
base_energy_shield_leech_from_lightning_damage_permyriad,188352913,308127151,export
base_energy_shield_leech_from_physical_damage_permyriad_if_2_elder_items,2939696623,2589667827,export
base_energy_shield_leech_from_spell_damage_permyriad,1376695428,11106713,export
base_energy_shield_regeneration_rate_per_minute,99015063,2561836520,export
base_energy_shield_regeneration_rate_per_minute_%,3442491954,3594640492,export
base_evasion_rating,1457140832,2144192055,export
base_extra_damage_rolls,1113454810,827991492,export
base_fire_damage_%_to_convert_to_chaos,2415901966,2731249891,export
base_fire_damage_can_poison,3341167450,1985969957,export
base_fire_damage_resistance_%,2039518076,3372524247,export
base_fire_golem_granted_buff_effect_+%,667868309,269930125,export
base_fire_hit_damage_taken_%_as_physical,1915773450,3205239847,export
base_fire_hit_damage_taken_%_as_physical_value_negated,3839510958,1029319062,export+pob
base_frenzy_charge_duration_+%,3022863432,3338298622,export
base_frozen_effect_on_self_+%,1752848217,2069161757,export
base_ghost_totem_duration,35355945,4016251064,export
base_global_chance_to_knockback_%,4117279610,977908611,export
base_ice_golem_granted_buff_effect_+%,3746609707,2250111474,export
base_immune_to_chill,3551841391,3510243006,export
base_inflict_cold_exposure_on_hit_%_chance,1636587726,2630708439,export
base_inflict_fire_exposure_on_hit_%_chance,2273684677,3602667353,export
base_inflict_lightning_exposure_on_hit_%_chance,335705410,4265906483,export
base_item_found_quantity_+%,1682723695,884586851,export+pob
base_item_found_rarity_+%,812113821,3917489142,export+pob
base_leech_is_instant_on_critical,3316627545,3389184522,export
base_life_gain_per_target,1079790274,2797971005,export+pob
base_life_gained_on_enemy_death,1419928513,3695891184,export
base_life_gained_on_spell_hit,1046712509,2018035324,export
base_life_leech_from_attack_damage_permyriad,2265157768,1828023575,export
base_life_leech_from_attack_damage_permyriad_vs_chilled_enemies,1419235042,748813744,export+pob
base_life_leech_from_chaos_damage_permyriad,2927688936,2238792070,export
base_life_leech_from_cold_damage_permyriad,1412436367,3999401129,export+pob
base_life_leech_from_elemental_damage_permyriad,355595712,720395808,export+pob
base_life_leech_from_fire_damage_permyriad,3916056049,3848282610,export+pob
base_life_leech_from_lightning_damage_permyriad,3374090519,80079005,export+pob
base_life_leech_from_physical_damage_permyriad,1072861012,3764265320,export+pob
base_life_leech_permyriad_vs_frozen_enemies,324513741,593279674,export+pob
base_life_leech_permyriad_vs_shocked_enemies,2979992796,2614321687,export+pob
base_life_regeneration_rate_per_minute,4212331198,3325883026,export
base_life_reservation_efficiency_+%,3730333541,635485889,export
base_lightning_damage_%_to_convert_to_chaos,3108149875,4238266823,export
base_lightning_damage_%_to_convert_to_cold,2312847209,2158060122,export
base_lightning_damage_can_poison,1645017665,1604984482,export
base_lightning_damage_resistance_%,1417405558,1671376347,export
base_lightning_golem_granted_buff_effect_+%,3396604398,2527931375,export
base_main_hand_damage_+%,137890382,2696701853,export
base_mana_cost_+_with_channelling_skills,3739789180,1178188780,export
base_mana_cost_+_with_non_channelling_skills,3652678618,407482587,export
base_mana_cost_-%,1289380842,474294393,export
base_mana_cost_efficiency_+%,2328697929,4101445926,export
base_mana_cost_efficiency_+%_for_2_seconds_when_you_spend_800_mana,3326028213,2814910323,export
base_mana_cost_efficiency_+%_of_minion_skills,958871382,2407942498,export
base_mana_cost_efficiency_+%_of_trap_and_mine_skills,2705880197,1601265558,export
base_mana_cost_efficiency_+%_per_10_devotion,1002943869,1355915086,export
base_mana_cost_efficiency_+%_per_endurance_charge,4009026215,2934991482,export
base_mana_gained_on_enemy_death,1022478200,1368271171,export
base_mana_gained_on_tinctured_weapon_kill,2726991086,2230910022,pob
base_mana_leech_from_attack_damage_permyriad,4125985100,350069479,export
base_mana_regeneration_rate_per_minute,2136732448,4291461939,export
base_mana_reservation_+%,1617292195,2227180465,export
base_mana_reservation_efficiency_+%,1140175263,4237190083,export
base_max_fortification,73731681,2094299742,export
base_max_fortification_per_endurance_charge,3962460853,2032578228,export
base_maximum_chaos_damage_resistance_%,1547183159,1301765461,export
base_maximum_chaos_damage_resistance_%_if_4_hunter_items,73494422,1065101352,export
base_maximum_cold_damage_resistance_%,3580837286,3676141501,export
base_maximum_cold_damage_resistance_%_if_4_redeemer_items,1549140697,4123011890,export
base_maximum_energy_shield,168289692,3489782002,export
base_maximum_energy_shield_per_blue_socket_on_item,3592053749,2906522048,export
base_maximum_fire_damage_resistance_%,905058947,4095671657,export
base_maximum_fire_damage_resistance_%_if_4_warlord_items,493117584,1417125941,export
base_maximum_fragile_regrowth,2900551944,1173537953,export
base_maximum_life,3882154373,3299347043,export
base_maximum_life_per_red_socket_on_item,494854046,4210076836,export
base_maximum_lightning_damage_resistance_%,3130505764,1011760251,export
base_maximum_lightning_damage_resistance_%_if_4_crusader_items,2169443668,901386819,export
base_maximum_mana,33179562,1050105434,export
base_maximum_mana_per_green_socket_on_item,1216354189,896299992,export
base_maximum_spell_block_%,2050649957,2388574377,export
base_maximum_spell_block_%_if_4_shaper_items,373224030,1737470038,export
base_melee_critical_strike_chance_while_unarmed_%,3768407493,3613173483,export
base_minimum_endurance_charges,1886716491,3706959521,export
base_minimum_frenzy_charges,3132377498,658456881,export
base_minimum_power_charges,4100436628,1999711879,export
base_minion_dot_multiplier_+,1474369581,2759003954,export
base_minion_duration_+%,72268054,999511066,export
base_movement_velocity_+%,3845323150,2250533757,export
base_movement_velocity_+%_if_4_hunter_items,3128546823,502694677,export
base_non_chaos_damage_bypass_energy_shield_%,3064636620,3379724776,export
base_number_of_arbalists,3996808113,1886245216,export
base_number_of_champions_of_light_allowed,2454706326,2836937264,export
base_number_of_essence_spirits_allowed,1950070696,470688636,export
base_number_of_golems_allowed,880362932,2821079699,export
base_number_of_raging_spirits_allowed,2461035387,3143579606,export
base_number_of_relics_allowed,11120634,2056575682,export
base_number_of_sacred_wisps_allowed,1150643536,13590525,export
base_number_of_spectres_allowed,2191734700,125218179,export
base_number_of_support_ghosts_allowed,1907368186,517587669,export
base_number_of_totems_allowed,2960677444,429867172,export
base_off_hand_damage_+%,3668081430,2924279089,export
base_penetrate_elemental_resistances_%,4219273654,697807915,export
base_physical_damage_%_to_convert_to_chaos,679182957,490098963,export
base_physical_damage_%_to_convert_to_cold,1964694681,2133341901,export
base_physical_damage_%_to_convert_to_cold_while_affected_by_hatred,2797545938,664849247,export
base_physical_damage_%_to_convert_to_fire,2836905311,1533563525,export
base_physical_damage_%_to_convert_to_fire_while_affected_by_anger,974013553,3624529132,export
base_physical_damage_%_to_convert_to_lightning,1150966990,3240769289,export
base_physical_damage_%_to_convert_to_lightning_while_affected_by_wrath,856759208,2106756686,export
base_physical_damage_over_time_taken_+%,1268074135,511024200,export
base_physical_damage_reduction_and_evasion_rating,220274644,2316658489,export
base_physical_damage_reduction_rating,1686922486,809229260,export
base_poison_damage_+%,620927105,1290399200,export
base_poison_duration_+%,705854193,2011656677,export
base_projectile_speed_+%,3047699552,3759663284,export
base_rage_cost_+%,3542409353,3415234440,export
base_rage_cost_efficiency_+%,189813196,2416650879,export
base_reduce_enemy_cold_resistance_%,90413099,3417711605,export
base_reduce_enemy_fire_resistance_%,423135065,2653955271,export
base_reduce_enemy_lightning_resistance_%,84483059,818778753,export
base_reservation_+%,1110698069,2264523604,export
base_reservation_efficiency_+%,2195344177,4202507508,export
base_resist_all_elements_%,2826253459,2901986750,export
base_self_chill_duration_-%,1631867717,1874553720,export+pob
base_self_critical_strike_multiplier_-%,3488971442,3855016469,export
base_self_freeze_duration_-%,2279925014,2160282525,export+pob
base_self_ignite_duration_-%,3384927813,986397080,export+pob
base_self_shock_duration_-%,150347000,99927264,export+pob
base_should_have_onslaught_from_stat,2181660114,1520059289,export
base_skill_area_of_effect_+%,1406292395,280731498,export
base_skill_area_of_effect_+%_per_red_socket_on_item,936669468,940978994,export
base_skill_gain_es_cost_%_of_mana_cost,3028146927,4013794060,export
base_skill_gain_life_cost_%_of_mana_cost,3753730349,3605834869,export
base_skills_cost_es_instead_of_mana_life,448156602,89922905,export
base_spectre_maximum_life_+%,317122428,3035514623,export
base_spell_block_%,1495576873,561307714,export
base_spell_block_luck,3646894314,3551025193,export
base_spell_critical_chance_equal_to_the_critical_strike_chance_of_main_weapon,122133278,2560911401,export
base_spell_critical_strike_multiplier_+,1749887114,274716455,export
base_spell_damage_%_suppressed,2157040618,4116705863,export
base_spell_suppression_chance_%,2835132846,3680664274,export+pob
base_spell_suppression_chance_150%_of_value,2835132846,3680664274,export
base_steal_power_frenzy_endurance_charges_on_hit_%,3543946092,875143443,export
base_stone_golem_granted_buff_effect_+%,1447435730,2284801675,export
base_strength_and_intelligence,1721752889,2543977012,export
base_stun_duration_+%,4040920316,2517001139,export
base_stun_recovery_+%,1296349074,2511217560,export
base_stun_threshold_reduction_+%,3036305889,1443060084,export
base_total_number_of_sigils_allowed,2935624229,708630863,export
base_unaffected_by_poison,3282649497,1953432004,export
base_unaffected_by_poison_if_2_hunter_items,1427369071,3525542360,export
base_ward,424650318,774059442,export
base_zombie_maximum_life_+%,3599720475,927817294,export
battlemages_cry_buff_effect_+%,3130083915,2426838124,export
battlemages_cry_exerts_x_additional_attacks,1860193368,931713173,export
bear_trap_additional_damage_taken_+%_from_traps_and_mines,2641182304,1678345858,export
bear_trap_cooldown_speed_+%,3110314721,918308703,export
bear_trap_damage_+%,3178975629,1877863115,export
belt_enchant_enemies_you_taunt_have_area_damage_+%_final,1328619385,1684204928,export
berserk_buff_effect_+%,4081653458,1663783758,export
berserk_rage_loss_+%,2649132435,1019790379,export
berserker_warcry_grant_X_rage_per_5_power_while_less_than_25_rage,141276271,3608339129,export
blackhole_damage_taken_+%,791943355,4271709087,export
blackhole_pulse_frequency_+%,3977244989,2523663201,export
blade_blase_damage_+%,1965060817,2276547155,export
blade_blast_skill_area_of_effect_+%,298117325,3569393676,export
blade_blast_trigger_detonation_area_of_effect_+%,4055581331,3309486263,export
blade_trap_damage_+%,2068201941,3676486210,export
blade_trap_skill_area_of_effect_+%,1878584729,1502095380,export
blade_vortex_critical_strike_multiplier_+_per_blade,1554445970,2583039202,export
blade_vortex_damage_+%,2089433634,4221797807,export
blade_vortex_duration_+%,2328130921,3024867180,export
blade_vortex_radius_+%,1773618144,2748553775,export
bladefall_critical_strike_chance_+%,107862561,2833482311,export
bladefall_damage_+%,2389188766,3069740560,export
bladefall_radius_+%,909034553,2413715772,export
bladestorm_damage_+%,1905530296,599289531,export
bladestorm_sandstorm_movement_speed_+%,3102870087,1556508042,export
blast_rain_%_chance_for_additional_blast,1779186660,297308603,export
blast_rain_damage_+%,1857311138,4014289250,export
blast_rain_number_of_blasts,1741628112,3519675720,export
blast_rain_radius_+%,2384546892,574378310,export
blazing_salvo_damage_+%,3369848570,4102281803,export
blazing_salvo_number_of_additional_projectiles,1252129522,3908539803,export
bleed_dot_multiplier_+_per_rage_if_equipped_axe,3541811250,769468514,export
bleed_duration_per_12_intelligence_+%,3539080406,1030835421,export
bleed_on_crit_%_with_attacks,4051731769,2054257693,export
bleed_on_melee_attack_chance_%,3023745481,1285056331,export
bleeding_damage_+%,2643290533,1294118672,export
bleeding_damage_on_self_converted_to_chaos,268756801,1623397857,export
bleeding_dot_multiplier_+,849291932,1423749435,export
bleeding_dot_multiplier_per_frenzy_charge_+,3037971245,2583415204,export
bleeding_enemies_explode_for_%_life_as_physical_damage,334670348,3133323410,export
bleeding_on_self_expire_speed_+%_while_moving,1374584328,391460978,export
bleeding_reflected_to_self,3261519869,2658399404,export
blight_arc_tower_additional_chains,2228731088,6032025,export
blight_arc_tower_additional_repeats,271164592,4173465567,export
blight_arc_tower_chance_to_sap_%,453450672,441374889,export
blight_arc_tower_damage_+%,1017852387,3011405513,export
blight_arc_tower_range_+%,2352460087,1572544406,export
blight_chilling_tower_chill_effect_+%,1622363256,1139911029,export
blight_chilling_tower_damage_+%,3060415487,926530613,export
blight_chilling_tower_duration_+%,757129432,889454763,export
blight_chilling_tower_freeze_for_ms,4006870918,1357120250,export
blight_chilling_tower_range_+%,3072624985,27499777,export
blight_damage_+%,1806884622,1623552446,export
blight_empowering_tower_buff_effect_+%,65037573,246356360,export
blight_empowering_tower_grant_%_chance_to_deal_double_damage,3168643002,1959522666,export
blight_empowering_tower_grant_cast_speed_+%,699347911,3564606017,export
blight_empowering_tower_grant_damage_+%,3636540519,2166020726,export
blight_empowering_tower_range_+%,247275290,2097223452,export
blight_fireball_tower_additional_projectiles_+,3530927846,1008350423,export
blight_fireball_tower_cast_speed_+%,206779988,2410280305,export
blight_fireball_tower_damage_+%,2036802541,3026109282,export
blight_fireball_tower_projectiles_nova,3323835972,2685482716,export
blight_fireball_tower_range_+%,2110668582,117905700,export
blight_flamethrower_tower_cast_speed_+%,952846488,4039396512,export
blight_flamethrower_tower_chance_to_scorch_%,2865249368,1248361993,export
blight_flamethrower_tower_damage_+%,3639331350,1478321338,export
blight_flamethrower_tower_full_damage_fire_enemies,3176390421,3687716368,export
blight_flamethrower_tower_range_+%,4129563862,665179774,export
blight_freezebolt_tower_chance_to_brittle_%,1878122448,3802588863,export
blight_freezebolt_tower_damage_+%,1554536265,2834109076,export
blight_freezebolt_tower_full_damage_cold_enemies,974763600,2541263647,export
blight_freezebolt_tower_projectiles_+,2904585664,1797913614,export
blight_freezebolt_tower_range_+%,408044474,3434272371,export
blight_glacialcage_tower_area_of_effect_+%,227899370,2449293016,export
blight_glacialcage_tower_cooldown_recovery_+%,3135636923,1035680542,export
blight_glacialcage_tower_duration_+%,2390821503,1056655244,export
blight_glacialcage_tower_enemy_damage_taken_+%,1761205732,3384161880,export
blight_glacialcage_tower_range_+%,2704479250,2454791895,export
blight_imbuing_tower_buff_effect_+%,4052009899,3346280197,export
blight_imbuing_tower_grant_critical_strike_+%,3134648165,3891165938,export
blight_imbuing_tower_grant_damage_+%,3993521912,639766324,export
blight_imbuing_tower_grants_onslaught,271552076,1277406505,export
blight_imbuing_tower_range_+%,2543878378,3044601282,export
blight_lightningstorm_tower_area_of_effect_+%,1199165806,3849821286,export
blight_lightningstorm_tower_damage_+%,2652264802,1960580674,export
blight_lightningstorm_tower_delay_+%,859741934,197351228,export
blight_lightningstorm_tower_range_+%,863652248,1789548201,export
blight_lightningstorm_tower_storms_on_enemies,1671779288,3354028437,export
blight_meteor_tower_additional_meteor_+,2268097664,2396402660,export
blight_meteor_tower_always_stun,1898972372,1819243251,export
blight_meteor_tower_creates_burning_ground_ms,3487235894,3704937638,export
blight_meteor_tower_damage_+%,267750754,1084180630,export
blight_meteor_tower_range_+%,469627454,1270423035,export
blight_radius_+%,3488500641,2511915418,export
blight_scout_tower_additional_minions_+,3751053264,1441906885,export
blight_scout_tower_minion_damage_+%,3834513848,3473724367,export
blight_scout_tower_minion_life_+%,1588978834,1282857477,export
blight_scout_tower_minion_movement_speed_+%,3197862748,971955285,export
blight_scout_tower_minions_inflict_malediction,1278498023,42482990,export
blight_scout_tower_range_+%,2829473235,4048897123,export
blight_secondary_skill_effect_duration_+%,130487866,4170725899,export
blight_seismic_tower_additional_cascades_+,44133422,3094610721,export
blight_seismic_tower_cascade_range_+%,2864424964,3830917556,export
blight_seismic_tower_damage_+%,3539110509,1582085030,export
blight_seismic_tower_range_+%,1258141723,2410117075,export
blight_seismic_tower_stun_duration_+%,3856315923,3006815533,export
blight_sentinel_tower_minion_damage_+%,2072988960,2013536039,export
blight_sentinel_tower_minion_life_+%,635746318,3640837971,export
blight_sentinel_tower_minion_movement_speed_+%,2252978885,1971866993,export
blight_sentinel_tower_minions_life_leech_%,856996391,4148328809,export
blight_sentinel_tower_range_+%,2999740913,1843683045,export
blight_shocking_tower_damage_+%,1732353814,2882048906,export
blight_shocking_tower_range_+%,4293477686,2731937118,export
blight_shocknova_tower_full_damage_lightning_enemies,171049727,2242331554,export
blight_shocknova_tower_shock_additional_repeats,3828371215,307092526,export
blight_shocknova_tower_shock_effect_+%,786236613,439316158,export
blight_shocknova_tower_shock_repeats_with_area_effect_+%,3628509991,21144785,export
blight_smothering_tower_buff_effect_+%,4045363150,726779274,export
blight_smothering_tower_freeze_shock_ignite_%,2225269258,906949000,export
blight_smothering_tower_grant_damage_+%,3451111751,2563159607,export
blight_smothering_tower_grant_movement_speed_+%,2052652921,118036057,export
blight_smothering_tower_range_+%,3701904345,2764047332,export
blight_stonegaze_tower_cooldown_recovery_+%,3256773624,1619284089,export
blight_stonegaze_tower_duration_+%,753594518,573352991,export
blight_stonegaze_tower_petrified_enemies_take_damage_+%,1541382687,3169825208,export
blight_stonegaze_tower_petrify_tick_speed_+%,2683467982,3352207460,export
blight_stonegaze_tower_range_+%,3472016730,2911217910,export
blight_summoning_tower_minion_damage_+%,1509427143,850390248,export
blight_summoning_tower_minion_life_+%,1087343622,3651039490,export
blight_summoning_tower_minion_movement_speed_+%,970327737,1378482149,export
blight_summoning_tower_minions_summoned_+,3478900696,1261917923,export
blight_summoning_tower_range_+%,2948407802,2550660356,export
blight_temporal_tower_buff_effect_+%,498850398,2109921176,export
blight_temporal_tower_grant_you_action_speed_-%,1464612319,3198887051,export
blight_temporal_tower_grants_stun_immunity,930278723,2538402671,export
blight_temporal_tower_range_+%,1869709953,4089551985,export
blight_temporal_tower_tick_speed_+%,4278397851,4024383498,export
blight_tower_damage_per_tower_type_+%,1601666618,2125952342,export
blighted_map_chest_reward_lucky_count,2086357933,1730598557,export
blighted_map_tower_damage_+%_final,3789411013,1330754855,export
blind_chilled_enemies_on_hit_%,3632896409,3450276548,export
blind_does_not_affect_chance_to_hit,1362235299,44716414,export
blind_does_not_affect_light_radius,4027609769,3013171896,export
blind_effect_+%,1227302780,1585769763,export
blind_enemies_when_hit_%_chance,2884746600,26216403,export
blind_enemies_when_hit_while_affected_by_grace_%_chance,1974267101,2548097895,export
blind_nearby_enemies_when_gaining_her_blessing_%,3932905030,2327728343,export
blind_reflected_to_self,4069298269,2458598175,export
blink_and_mirror_arrow_clones_inherit_gloves,1806277143,3148879215,export
blink_arrow_and_blink_arrow_clone_attack_speed_+%,898745402,1554597333,export
blink_arrow_and_blink_arrow_clone_damage_+%,2276994457,1967878868,export
blink_arrow_cooldown_speed_+%,416886457,2983274404,export
block_%_damage_taken_from_elemental,3510100272,2393355605,export
block_%_if_blocked_an_attack_recently,34775374,3789765926,export
block_%_while_affected_by_determination,473022286,3692646597,export
block_causes_monster_flee_%,3855669714,3212461220,export
block_chance_%_per_50_strength,836355175,1061631617,export
block_chance_%_vs_cursed_enemies,3870788038,3304203764,export
block_chance_+%,3808672050,4147897060,export
block_chance_on_damage_taken_%,3932024325,852195286,export
block_recovery_+%,2656064810,369183568,export
block_while_dual_wielding_%,298807534,2166444903,export
block_while_dual_wielding_claws_%,3044475389,2538694749,export
blood_footprints_from_item,2925664635,2319448214,export
blood_rage_grants_additional_%_chance_to_gain_frenzy_on_kill,3529176510,3152806535,export
blood_rage_grants_additional_attack_speed_+%,414907726,3418033798,export
blood_sand_armour_mana_reservation_+%,571960953,1537296847,export
blood_sand_stance_buff_effect_+%,4196995724,2471636515,export
blood_spears_area_of_effect_+%,2971028996,3536566359,export
blood_spears_damage_+%,1329775446,2731606134,export
bloodreap_damage_+%,2058668346,1545524769,export
bloodreap_skill_area_of_effect_+%,2073087569,647221668,export
body_armour_implicit_damage_taken_-1%_final_per_X_dexterity,1530321636,824762042,export
body_armour_implicit_damage_taken_-1%_final_per_X_intelligence,1719587246,2874488491,export
body_armour_implicit_damage_taken_-1%_final_per_X_strength,3887830477,1871491972,export
body_armour_implicit_gain_endurance_charge_every_x_ms,726518154,2555092341,export
body_armour_implicit_gain_frenzy_charge_every_x_ms,3067839671,3906868545,export
body_armour_implicit_gain_power_charge_every_x_ms,3161275537,3533655459,export
body_armour_trigger_socketed_spell_on_unarmed_melee_critical_hit_cooldown,3585129053,1181232657,export
bone_golem_damage_+%,4227126576,3593547682,export
bone_golem_elemental_resistances_%,1590849948,59544006,export
bone_lance_cast_speed_+%,673555503,2387717928,export
bone_lance_damage_+%,3400583706,3953599026,export
bone_offering_block_chance_+%,1103019433,3233607638,export
bone_offering_duration_+%,3782650950,1607493537,export
bone_offering_effect_+%,2497259502,1801289192,export
boneshatter_chance_to_gain_+1_trauma,1517618483,2870283358,export
boneshatter_damage_+%,1377197565,2384264970,export
boneshatter_stun_duration_+%,1982861949,2742093846,export
boots_implicit_accuracy_rating_+%_final,1620235729,170394517,export
boots_implicit_ground_brittle_duration_ms,134246543,984148407,export
boots_implicit_ground_sapping_duration_ms,2645940889,1997664024,export
boots_implicit_ground_scorched_duration_ms,3152448311,396238230,export+pob
bow_accuracy_rating_+%,4070485355,169946467,export
bow_attack_speed_+%,910131726,3759735052,export
bow_attacks_have_culling_strike,2264260620,4217693429,export
bow_attacks_turn_frenzy_charges_into_additional_arrows,2797779946,2522975315,export
bow_attacks_usable_without_mana_cost,209994310,2564976564,export
bow_critical_strike_chance_+%,2674878692,2091591880,export
bow_critical_strike_multiplier_+,3855177216,1712221299,export
bow_damage_+%,1777226425,4188894176,export
bow_stun_threshold_reduction_+%,3459184987,2410484864,export
breach_ring_chayula_implicit,1249984443,3363758458,export
breach_ring_esh_implicit,479415930,1765111378,export
breach_ring_tul_implicit,3695404620,4215265273,export
breach_ring_uulnetol_implicit,3452269757,361491825,export
breach_ring_xoph_implicit,2373215559,4040327616,export
buff_auras_dont_affect_allies,1145176656,4196775867,export
buff_effect_on_self_+%,1075973809,306104305,export
burn_damage_+%,2297656834,1175385867,export
burning_arrow_damage_+%,3379837607,696995312,export
burning_arrow_debuff_effect_+%,48738870,3738339949,export
burning_arrow_ignite_chance_%,2260991743,2226973351,export
burning_arrow_physical_damage_%_to_add_as_fire_damage,2319221399,3229580299,export
burning_damage_+%_if_ignited_an_enemy_recently,2155855907,3919557483,export
burning_damage_+%_per_non_shocked_enemy_shocked_recently_up_to_120%,608827845,3285748758,export
can_apply_additional_tincture,802966075,3806798486,export
can_be_ghostflame_crafted_as_though_rare,1464717697,3512432760,pob
can_catch_corrupted_fish,545408196,2451060005,export
can_catch_exotic_fish,3052988350,1471580517,export
can_only_have_one_ancestor_totem_buff,1022451531,725696472,export
can_only_inflict_wither_against_full_life_enemies,3165026388,340591537,export
can_see_corpse_types,1453158372,4164361381,export
cannot_be_affected_by_flasks,1748438404,3003321700,export
cannot_be_blinded,777240741,1436284579,export
cannot_be_blinded_while_affected_by_precision,1352090344,1653848515,export
cannot_be_chilled_or_frozen_while_moving,3842154512,628032624,export
cannot_be_cursed_with_silence,86924169,1654414582,export
cannot_be_frozen_with_dex_higher_than_int,3063376399,3881126302,export
cannot_be_ignited_while_at_maximum_endurance_charges,2273204997,2420971151,export
cannot_be_ignited_with_strength_higher_than_dex,110736496,676883595,export
cannot_be_inflicted_by_corrupted_blood,720832164,1658498488,export
cannot_be_knocked_back,3287934867,4212255859,export+pob
cannot_be_poisoned,2564784825,3835551335,export
cannot_be_poisoned_while_bleeding,521822823,2784102684,export
cannot_be_shocked_or_ignited_while_moving,3917549305,3592330380,export
cannot_be_shocked_while_at_maximum_endurance_charges,598764549,798111687,export
cannot_be_shocked_while_frozen,3047875040,798853218,export
cannot_be_shocked_with_int_higher_than_strength,157441165,3024242403,export
cannot_be_stunned,2284880190,1694106311,export
cannot_be_stunned_by_attacks_if_other_ring_is_elder_item,850892731,2926399803,export
cannot_be_stunned_by_blocked_hits,3629168054,3058290552,export
cannot_be_stunned_by_spells_if_other_ring_is_shaper_item,3440751805,2312817839,export
cannot_be_stunned_by_suppressed_spell_damage,3965552973,2916280114,export
cannot_be_stunned_if_you_have_10_or_more_crab_charges,438784349,877233648,export
cannot_be_stunned_when_on_low_life,1981364640,1472543401,export
cannot_be_stunned_while_at_max_endurance_charges,39888748,3780437763,export
cannot_be_stunned_while_bleeding,2217631151,2638865425,export
cannot_be_stunned_while_fortified,3820680276,2983926876,export
cannot_be_stunned_while_leeching,3470109073,1887508417,export
cannot_be_stunned_with_25_rage,3036858548,2971900104,export
cannot_block_attacks,975225188,3162258068,export
cannot_block_spells,1007774682,4076910393,export
cannot_block_while_no_energy_shield,3212487084,3890287045,export
cannot_critical_strike_with_attacks,1059138265,3223376951,export
cannot_fish_from_water,1948993901,1831380809,export
cannot_gain_charges,2652111785,1500620123,export
cannot_gain_corrupted_blood_while_you_have_at_least_5_stacks,2671191994,736820284,export
cannot_gain_power_charges,2699560334,2503253050,export
cannot_gain_rage_during_soul_gain_prevention,4209777226,683365179,export
cannot_have_life_leeched_from,3747522136,4293455942,export
cannot_have_mana_leeched_from,3750701722,4293245253,export
cannot_inflict_status_ailments,4248421506,3913992084,export
cannot_knockback,293199108,2095084973,export
cannot_leech_life_from_critical_strikes,2120639791,3243534964,export
cannot_leech_or_regenerate_mana,421422644,2918242917,export
cannot_leech_when_on_low_life,3297330670,3279535558,export
cannot_lose_crab_charges_if_you_have_lost_crab_charges_recently,2044857928,241251790,export
cannot_penetrate_or_ignore_elemental_resistances,3523840822,3091072796,export
cannot_poison_enemies_with_x_poisons,3676861031,1833990055,export
cannot_receive_elemental_ailments_from_cursed_enemies,2210700926,2643613764,export
cannot_recharge_energy_shield,2690638622,4164247992,export
cannot_regenerate_energy_shield,1190984603,1052583507,export
cannot_stun,2848335872,373932729,export
cannot_take_reflected_elemental_damage,3208421289,1827932821,export
cannot_take_reflected_elemental_damage_if_4_shaper_items,3140287074,3797685329,export
cannot_take_reflected_physical_damage,3683813972,249805317,export
cannot_take_reflected_physical_damage_if_4_elder_items,3043038043,609019022,export
cannot_use_flask_in_fifth_slot,3569709384,589489789,export
cannot_use_life_flasks,2453155834,3283268320,export
cannot_use_mana_flasks,4156296356,1863071073,export
cast_socketed_minion_skills_on_bow_kill_%,3819351858,2816098341,export
cast_speed_+%_during_flask_effect,3463322363,252194507,export
cast_speed_+%_if_enemy_killed_recently,3387705404,2072625596,export
cast_speed_+%_if_have_crit_recently,2132489755,1174076861,export
cast_speed_+%_if_player_minion_has_been_killed_recently,4286481491,3110907148,export
cast_speed_+%_per_20_dexterity,3929958150,1334577255,export
cast_speed_+%_per_num_unique_spells_cast_recently,2647045984,1518586897,export
cast_speed_+%_per_power_charge,4179439611,1604393896,export
cast_speed_+%_when_on_low_life,1467168546,1136768410,export
cast_speed_+%_while_affected_by_zealotry,3259012663,2444534954,export
cast_speed_+%_while_chilled,956782984,778552242,export
cast_speed_+%_while_holding_shield,3323507344,1612163368,export
cast_speed_+%_while_holding_staff,4251098148,2066542501,export
cast_speed_+%_while_ignited,134641850,3660039923,export
cast_speed_for_cold_skills_+%,1970827817,928238845,export
cast_speed_for_fire_skills_+%,2464148804,1476643878,export
cast_speed_for_lightning_skills_+%,30395791,1788635023,export
cast_speed_for_minion_skills_+%,1467335200,1516375869,export
cast_speed_increase_from_arcane_surge_also_applies_to_move_speed,3334286162,103999915,export
cast_speed_while_dual_wielding_+%,4231926754,2382196858,export
cat_aspect_reserves_no_mana,2661387145,3850409117,export
cats_stealth_duration_ms_+,3040739395,387596329,export
caustic_arrow_damage_+%,1781187244,1496334795,export
caustic_arrow_duration_+%,582918874,387490713,export
caustic_arrow_radius_+%,2880741691,3854556792,export
celestial_footprints_from_item,65431114,50381303,export
chain_strike_cone_radius_+_per_12_rage,3283000980,3269147016,export
chain_strike_damage_+%,2428521509,289027663,export
chain_strike_gain_rage_on_hit_%_chance,2143985361,2588242810,export
chaining_range_+%,1500598921,2622009823,export
chance_%_to_gain_brine_charge_instead_of_endurance_charge,1333227690,3682839745,pob
chance_for_double_items_from_heist_chests_%,2099408708,2747693610,export
chance_for_exerted_attacks_to_not_reduce_count_%,1184652844,2538411280,export
chance_to_apply_grasping_vines_on_tinctured_weapon_hit_%,1161854557,19313391,pob
chance_to_be_frozen_shocked_ignited_%,3803473814,4245896836,export
chance_to_be_hindered_when_hit_by_spells_%,363937317,1533511331,export
chance_to_be_ignited_%,1117424577,1618339429,export
chance_to_be_poisoned_%,2110996306,4250009622,export
chance_to_be_shocked_%,1244237611,3206652215,export
chance_to_bleed_on_hit_%_with_tinctured_weapons,116464088,1630041051,pob
chance_to_blind_on_hit_%_with_tinctured_weapons,3857857133,1808507379,pob
chance_to_block_attack_damage_if_stunned_an_enemy_recently_+%,2758636221,2937199008,export
chance_to_block_spells_%_if_damaged_by_a_hit_recently,1508040213,1101206134,export
chance_to_block_spells_%_while_affected_by_discipline,2753860444,1313498929,export
chance_to_crush_on_hit_%,4042314279,2228892313,export
chance_to_deal_double_damage_%,2500592051,1172810729,export
chance_to_deal_double_damage_%_if_have_stunned_an_enemy_recently,2386505489,4224978303,export
chance_to_deal_double_damage_%_while_at_least_200_strength,3951631645,1535606605,export
chance_to_deal_double_damage_%_while_focused,391778980,2908886986,export
chance_to_deal_double_damage_+%_if_cast_vulnerability_in_past_10_seconds,2862826247,2304988974,export
chance_to_deal_double_damage_while_affected_by_glorious_madness_%,3107542771,1299868012,export
chance_to_deal_triple_damage_%_while_at_least_400_strength,4239558812,147155654,export
chance_to_double_armour_effect_on_hit_%,2464217614,327253797,export
chance_to_double_stun_duration_%,1307622346,2622251413,export
chance_to_evade_attacks_%,2436602797,2021058489,export
chance_to_evade_attacks_%_while_affected_by_grace,4250791544,969576725,export
chance_to_fortify_on_melee_hit_+%,1578965869,1166417447,export
chance_to_fortify_on_melee_hit_+%_if_6_warlord_items,2527965129,2239810203,export
chance_to_fortify_on_melee_stun_%,1752979235,3206381437,export
chance_to_freeze_%_while_using_flask,701365041,2332726055,export
chance_to_freeze_%_with_tinctured_weapons,2034530653,1858426568,pob
chance_to_freeze_enemies_for_1_second_when_hit_%,722412629,2168861013,export
chance_to_freeze_shock_ignite_%,2130554967,800141891,export
chance_to_gain_adrenaline_for_2_seconds_on_leech_removed_by_filling_unreserved_life_%,1468123067,414749123,export
chance_to_gain_arohonguis_embrace_%_on_kill,2190457978,1163205473,export
chance_to_gain_chaotic_might_on_crit_for_4_seconds_%,4100445417,1183009081,export
chance_to_gain_endurance_charge_on_block_%,2730690221,417188801,export
chance_to_gain_endurance_charge_on_crit_%,825309371,2542650946,export
chance_to_gain_endurance_charge_on_hit_%_vs_bleeding_enemy,518405439,1536266147,export
chance_to_gain_endurance_charge_when_hit_%,334581729,1514657588,export
chance_to_gain_endurance_charge_when_you_stun_enemy_%,1007040670,1582887649,export
chance_to_gain_endurance_charge_when_you_taunt_enemy_%,1178745974,1657549833,export
chance_to_gain_frenzy_charge_on_block_%,1865816334,3769211656,export
chance_to_gain_frenzy_charge_on_killing_frozen_enemy_%,2216268835,2230931659,export
chance_to_gain_frenzy_charge_on_stun_%,177358761,1695720239,export
chance_to_gain_hinekoras_embrace_%_on_kill,3367005150,4217417523,export
chance_to_gain_kitavas_embrace_%_on_kill,980488967,272515409,export
chance_to_gain_max_crab_stacks_when_you_would_gain_a_crab_stack_%,3937072009,1829869055,export
chance_to_gain_ngamahus_embrace_%_on_kill,4130439501,817287945,export
chance_to_gain_old_unholy_might_on_kill_for_10_seconds_%,1858100728,562371749,export
chance_to_gain_onslaught_for_4_seconds_on_leech_removed_by_filling_unreserved_life_%,1240823162,3106724907,export
chance_to_gain_onslaught_on_flask_use_%,3041524900,1324450398,export
chance_to_gain_onslaught_on_kill_for_10_seconds_%,535299105,2453026567,export
chance_to_gain_onslaught_on_kill_for_4_seconds_%,978664230,3023957681,export
chance_to_gain_power_charge_on_hitting_enemy_affected_by_spiders_web_%,2542275937,273206351,export
chance_to_gain_power_charge_on_killing_frozen_enemy_%,1602555006,3607154250,export
chance_to_gain_power_charge_on_stun_%,4103012775,3470535775,export
chance_to_gain_power_charge_when_block_%,1034598720,3945147290,export
chance_to_gain_ramakos_embrace_%_on_kill,966039243,31336590,export
chance_to_gain_rongokurais_embrace_%_on_kill,3836390769,264841388,export
chance_to_gain_skill_cost_as_mana_when_paid_%,3537231752,1915414884,export
chance_to_gain_tasalios_embrace_%_on_kill,1911900360,1630969195,export
chance_to_gain_tawhoas_embrace_%_on_kill,2257636025,3572665414,export
chance_to_gain_tukohamas_embrace_%_on_kill,787022066,3888707953,export
chance_to_gain_unholy_might_on_crit_for_4_seconds_%,1457129003,2807857784,export
chance_to_gain_unholy_might_on_kill_for_3_seconds_%,390361846,3562211447,export
chance_to_gain_unholy_might_on_melee_kill_%,708255109,3166317791,export
chance_to_gain_vaal_soul_on_enemy_shatter_%,3390355858,1633381214,export
chance_to_gain_vaal_soul_on_kill_%,207444621,1962922582,export
chance_to_gain_valakos_embrace_%_on_kill,1920640809,999837849,export
chance_to_grant_endurance_charge_to_nearby_allies_on_hit_%,22254111,3174788165,export
chance_to_grant_frenzy_charge_to_nearby_allies_on_hit_%,629282236,991168463,export
chance_to_grant_frenzy_charge_to_nearby_allies_on_kill_%,3259396835,1243641369,export
chance_to_grant_nearby_enemies_old_unholy_might_on_kill_%,1321484365,3607444087,export
chance_to_grant_nearby_enemies_onslaught_on_kill_%,2659711058,1924591908,export
chance_to_grant_power_charge_to_nearby_allies_on_kill_%,3140513372,2367680009,export
chance_to_ignite_%_while_using_flask,774701499,3888064854,export
chance_to_ignite_%_with_tinctured_weapons,1193199547,3935936274,pob
chance_to_inflict_brittle_on_enemy_on_block_%,3332679167,1749278976,export
chance_to_inflict_frostburn_%,3148748178,2238174408,export
chance_to_inflict_sap_on_enemy_on_block_%,2765383677,2113677718,export
chance_to_inflict_sapped_%,2520086432,532324017,export
chance_to_inflict_scorch_on_enemy_on_block_%,1429040426,779391868,export
chance_to_intimidate_on_hit_%,327556843,2089652545,export
chance_to_poison_%_vs_cursed_enemies,2887867159,2208857094,export
chance_to_poison_on_hit_%_per_power_charge,3489685553,2992087211,export
chance_to_poison_on_hit_%_with_tinctured_weapons,1650361872,776174407,pob
chance_to_poison_on_hit_with_attacks_%,76650730,3954735777,export
chance_to_poison_on_melee_hit_%,3963377213,33065250,export
chance_to_remove_1_tincture_toxicity_on_kill_%,2832911187,545355339,export
chance_to_sap_%_vs_enemies_in_chilling_areas,2805705145,3057853352,export
chance_to_scorch_%,3160148982,606940191,export
chance_to_shock_%_while_using_flask,2945467458,796406325,export
chance_to_shock_%_with_tinctured_weapons,2544438601,2245266924,pob
chance_to_shock_chilled_enemies_%,3657466418,4069101408,export
chance_to_summon_two_totems_%,2230296618,1870732546,export
chance_to_taunt_on_hit_%,3435831554,3272283603,export
chance_to_throw_4_additional_traps_%,3459378981,3132227798,export
chance_to_trigger_socketed_bow_skill_on_bow_attack_%,2218270196,3171958921,export
chance_to_trigger_socketed_spell_on_bow_attack_%,2910919079,3302736916,export
chance_to_unnerve_on_hit_%,2915827810,763611529,export
chance_to_unnerve_on_hit_with_spells_%,233018936,220991810,export
channelled_skill_damage_+%,1179189431,2733285506,export
channelled_skill_damage_+%_per_10_devotion,2685483008,970844066,export
chaos_damage_%_taken_from_mana_before_life,688147262,3967028570,export
chaos_damage_+%,3234978679,736967255,export
chaos_damage_+%_per_equipped_corrupted_item,958098978,4004011170,export
chaos_damage_+%_per_level,3103965312,4084331136,export
chaos_damage_+%_while_affected_by_herald_of_agony,3597304353,739274558,export
chaos_damage_can_chill,1094822617,3686066640,export
chaos_damage_can_freeze,2778202154,2973498992,export
chaos_damage_can_ignite_chill_and_shock,1889440567,3470457445,export
chaos_damage_can_shock,3420387273,2418601510,export
chaos_damage_cannot_poison,3954371960,2578701544,export
chaos_damage_chance_to_poison_%,3208845869,2894297982,export
chaos_damage_does_not_bypass_energy_shield,617383697,1865744989,export
chaos_damage_does_not_bypass_energy_shield_while_not_low_life,3225406849,887556907,export
chaos_damage_does_not_bypass_energy_shield_while_not_low_mana,925056732,795512669,export
chaos_damage_over_time_+%,380440767,601272515,export
chaos_damage_over_time_heals_while_leeching_life,3494645699,1971757986,export
chaos_damage_over_time_multiplier_+_with_attacks,3358184786,3913282911,export
chaos_damage_poisons,2801118675,3549040753,export
chaos_damage_resistance_%_per_1%_cold_resistance,4048142817,2142084156,export
chaos_damage_resistance_%_per_1%_fire_resistance,2377119078,3795935347,export
chaos_damage_resistance_%_per_1%_lightning_resistance,3863774983,3789103652,export
chaos_damage_resistance_%_per_endurance_charge,2774695031,4210011075,export
chaos_damage_resistance_%_per_poison_stack,330216325,175362265,export
chaos_damage_resistance_%_when_on_low_life,3774056664,2366940416,export
chaos_damage_resistance_%_when_stationary,3051534401,779829642,export
chaos_damage_resistance_%_while_affected_by_herald_of_agony,3257028843,3456816469,export
chaos_damage_resistance_%_while_affected_by_purity_of_elements,2688704385,1138813382,export
chaos_damage_taken_+,3791890409,496011033,export
chaos_damage_taken_+%,3863245300,2960683632,export
chaos_damage_taken_goes_to_life_over_4_seconds_%,915655398,2485226576,export
chaos_damage_taken_over_time_+%,3066353494,3762784591,export
chaos_damage_to_return_to_melee_attacker,421770225,189451991,export
chaos_damage_with_attack_skills_+%,4262774144,1959092146,export
chaos_damage_with_spell_skills_+%,2250531174,3761858151,export
chaos_dot_multiplier_+,293879345,4055307827,export
chaos_golem_damage_+%,2548615624,2505115650,export
chaos_golem_elemental_resistances_%,2053101193,1946386823,export
chaos_hit_and_dot_damage_%_taken_as_lightning,2192433294,2313674117,export
chaos_non_ailment_damage_over_time_multiplier_+,1816498552,1653010703,export
chaos_resistance_+_while_using_flask,1269420820,392168009,export
chaos_skill_chance_to_ignite_%,81837902,3573128085,export
chaos_skill_effect_duration_+%,1549492900,289885185,export
chaos_skill_gem_level_+,2487624449,67169579,export
chaos_skill_gem_level_+_if_6_hunter_items,3102552384,436225640,export
chaos_spell_skill_gem_level_+,2142584109,4226189338,export
chaos_weakness_mana_reservation_+%,501800762,2562564343,export
charge_duration_+%,1372596975,2839036860,export
charged_attack_damage_+%,3528727748,754797886,export
charged_attack_radius_+%,393984120,2746213081,export
charged_dash_area_of_effect_radius_+_of_final_explosion,365043102,2898302567,export
charged_dash_damage_+%,3157451797,1265055278,export
charged_dash_movement_speed_+%_final,3427223606,797408710,export
charges_gained_+%,147961863,1452809865,export
chieftain_burning_damage_+%_final,1172401368,3134513219,export
chill_and_freeze_duration_based_on_%_energy_shield,1570331358,1194648995,export
chill_attackers_for_4_seconds_on_block_%_chance,3846578206,864879045,export
chill_duration_+%,21460690,3485067555,export
chill_effect_+%,3262636569,828179689,export
chill_effect_+%_while_mana_leeching,2398778599,898270877,export
chill_effect_is_reversed,2169532089,2955966707,export
chill_effect_is_reversed_when_on_chilled_ground,3915739565,3440719546,export
chill_effectiveness_on_self_+%,464631322,1478653032,export
chill_enemy_when_hit_duration_ms,1947695018,2459809121,export
chill_minimum_slow_%,3946563511,2774670797,export
chill_nearby_enemies_when_you_focus,1675400516,2384145996,export
chill_prevention_ms_when_chilled,995897881,2306924373,export
chilled_ground_effect_+%,2622085203,2134166669,export
chilled_ground_on_freeze_%_chance_for_3_seconds,141981129,2901262227,export
chilled_ground_when_hit_with_attack_%,2159791221,358040686,export
chilled_while_bleeding,1065995102,67132951,export
chilled_while_poisoned,2363855907,1802660259,export
chilling_areas_also_grant_curse_effect_+%,3717217450,608898129,export
chilling_areas_also_grant_lightning_damage_taken_+%,1567549337,3923274300,export
chills_from_your_hits_cause_shattering,4079907528,3119292058,export
chronomancer_reserves_no_mana,1356720308,2139238642,export
circle_of_power_critical_strike_chance_+%_per_stage,1146617625,479197076,export
circle_of_power_upgrade_cost_+%,3549343631,1582465837,export
clarity_mana_reservation_+%,342970660,3738398726,export
clarity_mana_reservation_efficiency_-2%_per_1,85411190,2668611054,export
clarity_reserves_no_mana,210900031,2250543633,export
claw_accuracy_rating_+%,4036675381,1297965523,export
claw_attack_speed_+%,10516126,1421645223,export
claw_critical_strike_multiplier_+,3960298484,2811834828,export
claw_damage_+%,3706267351,1069260037,export
claw_damage_+%_while_on_low_life,1012230867,1629782265,export
cleave_attack_speed_+%,482082502,3106577499,export
cleave_damage_+%,403550946,1359058534,export
cleave_radius_+%,1447168050,3172519570,export
close_range_enemies_avoid_your_projectiles,1801634565,2826633504,export
cobra_lash_damage_+%,2021262316,2224580362,export
cobra_lash_number_of_additional_chains,930912269,1471796012,export
cobra_lash_projectile_speed_+%,2819242019,732631533,export
cold_ailment_duration_+%,3664824399,3571964448,export
cold_ailment_effect_+%,1081059061,1793818220,export
cold_and_chaos_damage_resistance_%,100295567,3393628375,export
cold_and_lightning_damage_resistance_%,1319825286,4277795662,export
cold_and_lightning_damage_taken_%_as_fire,3580944244,3554587210,export
cold_and_lightning_hit_and_dot_damage_%_taken_as_fire_while_affected_by_purity_of_fire,1383713605,1723738042,export
cold_critical_strike_chance_+%,3764229552,3337344042,export
cold_critical_strike_multiplier_+,1833739372,915908446,export
cold_damage_%_to_add_as_chaos,842363046,2915373966,export
cold_damage_%_to_add_as_chaos_per_frenzy_charge,1591994217,3916799917,export
cold_damage_%_to_add_as_fire,879656631,3955762759,export
cold_damage_%_to_add_as_fire_per_1%_chill_effect_on_enemy,1379713683,3086896309,export
cold_damage_%_to_add_as_fire_vs_frozen_enemies,3811686781,1383929411,export
cold_damage_+%,78179886,3291658075,export
cold_damage_+%_if_you_have_used_a_fire_skill_recently,4267988087,3612256591,export
cold_damage_+%_per_cold_resistance_above_75,520525730,2517031897,export
cold_damage_+%_per_frenzy_charge,85043687,329974315,export
cold_damage_+%_per_missing_cold_resistance,903865825,2859664487,export
cold_damage_+%_while_affected_by_hatred,842585479,1413864591,export
cold_damage_+%_while_affected_by_herald_of_ice,3707668720,1970606344,export
cold_damage_+%_while_off_hand_is_empty,411748626,3520048646,export
cold_damage_can_ignite,4101749217,3573591118,export
cold_damage_cannot_freeze,3450915292,220932154,export
cold_damage_over_time_multiplier_+_per_power_charge,1783092514,2936849585,export
cold_damage_over_time_multiplier_+_while_affected_by_malevolence,1992465797,787958710,export
cold_damage_resistance_%_while_affected_by_herald_of_ice,1805138632,2494069187,export
cold_damage_resistance_+%,509856806,4252311791,export
cold_damage_resistance_is_%,2177168167,496075050,export
cold_damage_taken_%_as_fire,4160646338,1189760108,export
cold_damage_taken_%_as_lightning,2062411664,1313503107,export
cold_damage_taken_+,3757332386,261654754,export
cold_damage_taken_+%,513539997,3303114033,export
cold_damage_taken_goes_to_life_over_4_seconds_%,2017234337,3679418014,export
cold_damage_taken_per_minute_per_frenzy_charge_while_moving,4037081218,1528823952,export
cold_damage_to_return_to_melee_attacker,2741386480,4235886357,export
cold_damage_with_attack_skills_+%,966561360,860668586,export
cold_damage_with_spell_skills_+%,665694238,2186994986,export
cold_dot_multiplier_+,1151081339,1950806024,export
cold_exposure_on_hit_magnitude,763078606,3005701891,export
cold_exposure_you_inflict_applies_extra_cold_resistance_+%,2103956840,600221736,export
cold_hit_and_dot_damage_%_taken_as_fire,1698131867,1642347505,export
cold_hit_and_dot_damage_%_taken_as_lightning,1841584697,2881210047,export
cold_penetration_%_vs_chilled_enemies,3245012211,1477032229,export
cold_projectile_mine_critical_multiplier_+,1417231113,1555251,export
cold_projectile_mine_damage_+%,1700508532,2363866815,export
cold_projectile_mine_throwing_speed_+%,967028875,3162144587,export
cold_projectile_mine_throwing_speed_negated_+%,1451791077,3976295500,export
cold_resistance_cannot_be_penetrated,2684697202,1864616755,export
cold_skill_gem_level_+,2428421482,1078455967,export
cold_skill_gem_level_+_if_6_redeemer_items,1016599892,3496906750,export
cold_skills_chance_to_poison_on_hit_%,1228736321,2373079502,export
cold_snap_cooldown_speed_+%,3185103887,2289367813,export
cold_snap_damage_+%,3272283445,3729006707,export
cold_snap_radius_+%,1915786322,3371538704,export
cold_spell_skill_gem_level_+,925221081,2254480358,export
combust_area_of_effect_+%,326805073,4225882962,export
conductivity_curse_effect_+%,1511723353,3395908304,export
conductivity_duration_+%,3686579796,819890745,export
conductivity_mana_reservation_+%,3143589583,622203853,export
conductivity_no_reservation,3608715397,1233358566,export
consecrate_ground_for_3_seconds_when_hit_%,3432757089,1968872681,export
consecrate_ground_on_shatter_%_chance_for_3_seconds,1310763416,4148932984,export
consecrate_on_block_%_chance_to_create,666121860,573884683,export
consecrate_on_crit_%_chance_to_create,2483356503,3195625581,export
consecrated_ground_effect_+%,532604846,4058190193,export
consecrated_ground_effect_lingers_for_ms_after_leaving_the_area_while_affected_by_zealotry,2638081543,2163419452,export
consecrated_ground_enemy_damage_taken_+%,2470108346,2474564741,export
consecrated_ground_enemy_damage_taken_+%_while_affected_by_zealotry,4131071320,2434030180,export
consecrated_ground_while_stationary_radius,1029464813,880970200,export
consecrated_ground_while_stationary_radius_if_2_crusader_items,2343768766,4172727064,export
consecrated_ground_while_stationary_radius_if_highest_attribute_is_strength,2320193138,1196333117,export
consecrated_path_area_of_effect_+%,1406948144,3285061858,export
consecrated_path_damage_+%,404654038,4047323043,export
consume_abyssal_jewel_when_socketed_display_stat,3049447552,1515509665,export
consume_nearby_corpse_every_3_seconds_to_recover_%_maximum_life,469087026,3764198549,export
consume_up_to_50%_life_flask_charges_on_attack_for_ailment_dot_multiplier_+_per_charge,1934308803,1341154644,export
contagion_damage_+%,523859925,277116504,export
contagion_duration_+%,1204435041,2565809961,export
contagion_radius_+%,3676389770,1056396846,export
conversion_trap_cooldown_speed_+%,622082745,2143519574,export
convert_all_elemental_damage_to_chaos,1419593251,2423544033,export
converted_enemies_damage_+%,797334026,131320052,export
convocation_buff_effect_+%,3523611361,2054059315,export
convocation_cooldown_speed_+%,2168090276,2680060124,export
cooldown_recovery_+%_if_cast_temporal_chains_in_past_10_seconds,4075487232,2954796309,export
cooldown_speed_+%_per_green_skill_gem,2808110090,162292333,export
corpse_erruption_base_maximum_number_of_geyers,740526986,3503624267,export
corpse_eruption_cast_speed_+%,1140137721,2938856716,export
corpse_eruption_damage_+%,662386239,4175469673,export
corpse_warp_cast_speed_+%,754597030,397438226,export
corpse_warp_damage_+%,3340371528,341054435,export
corrosive_shroud_poison_dot_multiplier_+_while_aura_active,3900253299,1967208066,export
corrupted_gem_experience_gain_+%,3696046687,47271484,export
corrupting_fever_apply_additional_corrupted_blood_%,448717109,3513613206,export
corrupting_fever_damage_+%,1581985702,4010544321,export
corrupting_fever_duration_+%,2103740877,3529090048,export
count_as_blocking_attack_from_shield_attack_first_target,973965774,2196928545,export
count_as_having_max_endurance_charges,1522454618,1090017486,export
count_as_having_max_endurance_frenzy_power_charges,1104494626,3584443917,export
count_as_having_max_frenzy_charges,2587413647,2046300872,export
count_as_having_max_power_charges,1683285515,800091665,export
counterattacks_cooldown_recovery_+%,2917359179,1173860008,export
cover_in_ash_on_hit_%,4138848931,324460247,export
cover_in_frost_on_hit_%,2479904284,3235270673,export
crab_aspect_crab_barrier_max_+,728135808,2894704558,export
crackling_lance_cast_speed_+%,4087201054,617228927,export
crackling_lance_damage_+%,4123177578,435519320,export
create_blighted_spore_on_killing_rare_enemy,2611107300,2485187927,export
create_consecrated_ground_on_hit_%_vs_rare_or_unique_enemy,2884011163,3135669941,export
create_profane_ground_instead_of_consecrated_ground,1187322584,1243613350,export
create_sand_mirage_on_contact_for_damaging_non_channel_spells,1466549425,1925643497,export
critical_ailment_dot_multiplier_+,2730755764,1781630546,export
critical_bleeding_dot_multiplier_+,2127801888,1454648374,export
critical_ignite_dot_multiplier_+,1055440401,3867887711,export
critical_strike_chance_+%,3794820878,587431675,export
critical_strike_chance_+%_against_enemies_on_consecrated_ground_while_affected_by_zealotry,1468874601,214835567,export
critical_strike_chance_+%_during_any_flask_effect,2567536410,2898434123,export
critical_strike_chance_+%_final_while_affected_by_precision,315442029,2617837023,export
critical_strike_chance_+%_final_while_unhinged,2030612670,2692289207,export
critical_strike_chance_+%_for_forking_arrows,809814722,4169623196,export
critical_strike_chance_+%_for_spells_if_you_have_killed_recently,1690443768,1243114410,export
critical_strike_chance_+%_if_enemy_killed_recently,277118122,3914638685,export
critical_strike_chance_+%_if_have_been_shocked_recently,2926724510,1434381067,export
critical_strike_chance_+%_if_have_not_crit_recently,433008612,2856328513,export
critical_strike_chance_+%_if_not_gained_power_charge_recently,2311209029,151106430,export
critical_strike_chance_+%_per_10_strength,656323575,2511370818,export
critical_strike_chance_+%_per_25_intelligence,425550342,1861913998,export
critical_strike_chance_+%_per_brand,61345128,2409504914,export
critical_strike_chance_+%_per_endurance_charge,619569749,2547511866,export
critical_strike_chance_+%_per_frenzy_charge,3843658906,707887043,export
critical_strike_chance_+%_per_intensity,1514913065,2923377613,export
critical_strike_chance_+%_per_level,376400844,3081076859,export
critical_strike_chance_+%_per_power_charge,1338904047,2102212273,export
critical_strike_chance_+%_per_stackable_unique_jewel,1157175093,2948375275,export
critical_strike_chance_+%_vs_bleeding_enemies,3703490614,2282705842,export
critical_strike_chance_+%_vs_blinded_enemies,957528669,1939202111,export
critical_strike_chance_+%_vs_poisoned_enemies,681074584,1345659139,export
critical_strike_chance_+%_vs_shocked_enemies,2881341638,276103140,export
critical_strike_chance_+%_when_in_main_hand,3153553721,3404168630,export
critical_strike_chance_+%_while_affected_by_wrath,1289808743,3357049845,export
critical_strike_chance_+%_while_you_have_avatar_of_fire,4210434369,2815652613,export
critical_strike_chance_+%_while_you_have_depleted_physical_aegis,3742408671,2620656067,export
critical_strike_chance_+%_with_at_least_200_int,3596391403,578121324,export
critical_strike_chance_+%_with_tinctured_weapons,3494754807,3678828098,pob
critical_strike_chance_against_enemies_on_full_life_+%,1785296066,47954913,export
critical_strike_chance_increased_by_lightning_resistance,225350041,2155513095,export
critical_strike_chance_increased_by_overcapped_lightning_resistance,2136199170,2478752719,export
critical_strike_chance_while_dual_wielding_+%,887351394,3702513529,export
critical_strike_damage_cannot_be_reflected,734651899,1857928882,export
critical_strike_multiplier_+%_if_cast_enfeeble_in_past_10_seconds,1162416068,2379274646,export
critical_strike_multiplier_+_during_any_flask_effect,1083037013,240289863,export
critical_strike_multiplier_+_for_spells_if_you_havent_killed_recently,257021396,729430714,export
critical_strike_multiplier_+_if_dexterity_higher_than_intelligence,2173435362,2328588114,export
critical_strike_multiplier_+_if_enemy_killed_recently,2334131317,2937483991,export
critical_strike_multiplier_+_if_enemy_shattered_recently,1355527874,536929014,export
critical_strike_multiplier_+_if_gained_power_charge_recently,3573883044,2865731079,export
critical_strike_multiplier_+_if_have_dealt_non_crit_recently,2736191330,1626712767,export
critical_strike_multiplier_+_if_have_not_dealt_critical_strike_recently,1283393039,1478247313,export
critical_strike_multiplier_+_if_rare_or_unique_enemy_nearby,190556923,3992439283,export
critical_strike_multiplier_+_if_you_have_blocked_recently,3414604346,3527458221,export
critical_strike_multiplier_+_per_1%_block_chance,1538801705,956384511,export
critical_strike_multiplier_+_per_25_dexterity,3761615959,2846122155,export
critical_strike_multiplier_+_per_power_charge,2417321474,4164870816,export
critical_strike_multiplier_+_vs_burning_enemies,2249017042,1963942874,export
critical_strike_multiplier_+_while_affected_by_anger,2450238450,3627458291,export
critical_strike_multiplier_+_while_affected_by_precision,4160645678,1817023621,export
critical_strike_multiplier_+_while_have_any_frenzy_charges,3898522702,3375516056,export
critical_strike_multiplier_+_with_tinctured_weapons,3434163811,605218169,pob
critical_strike_multiplier_for_arrows_that_pierce_+,2185954290,1064778484,export
critical_strike_multiplier_is_100,1796063493,4058681894,export
critical_strike_multiplier_is_300,168038616,824024007,export
critical_strike_multiplier_vs_enemies_on_full_life_+,1672035317,2355615476,export
critical_strike_multiplier_with_dagger_+,1100330652,3998601568,export
critical_strikes_deal_no_damage,2836391281,3245481061,export
critical_strikes_do_not_always_apply_non_damaging_ailments,1974980973,249545292,export
critical_strikes_do_not_always_freeze,1507421871,3979476531,export
critical_strikes_penetrates_%_elemental_resistances_while_affected_by_zealotry,765738645,2091518682,export
crits_have_culling_strike,575322317,2996445420,export
culling_strike_on_burning_enemies,1671114114,1777334641,export
culling_strike_on_enemies_affected_by_poachers_mark,3947957982,2114080270,export
culling_strike_on_frozen_enemies,3290001805,2664667514,export
culling_strike_vs_cursed_enemies,3294504243,2150694455,export
culling_strike_with_tinctured_weapons,3732464695,802532569,pob
curse_area_of_effect_+%,154688363,153777645,export
curse_aura_skills_mana_reservation_efficiency_+%,3572182805,443165947,export+pob
curse_aura_skills_mana_reservation_efficiency_-2%_per_1,3117861800,714566414,export
curse_aura_skills_reserve_life,2381055298,3840847348,export
curse_cast_speed_+%,505314831,2378065031,export
curse_effect_+%,1845297819,2353576063,export
curse_effect_on_self_+%,3993755140,3407849389,export
curse_effect_on_self_+%_while_on_consecrated_ground,4211414770,3444629796,export
curse_on_block_%_chance_flammability_with_+20%_effect,1179834137,2776399916,export
curse_on_block_level_5_vulnerability,2567038976,3477714116,export
curse_on_hit_%_conductivity,3207805625,710372469,export
curse_on_hit_%_despair,2719640918,2764915899,export
curse_on_hit_%_elemental_weakness,369266723,2028847114,export
curse_on_hit_%_enfeeble,2764952672,1625819882,export
curse_on_hit_%_flammability,73711539,654274615,export
curse_on_hit_%_frostbite,4114852269,1016707110,export
curse_on_hit_%_temporal_chains,981773938,4139135963,export
curse_on_hit_%_vulnerability,2105015241,3967845372,export
curse_on_hit_level_10_vulnerability_%,2920869199,2213584313,export+pob
curse_on_hit_level_assassins_mark,926176320,3924520095,export
curse_on_hit_level_conductivity,3207805625,710372469,export+pob
curse_on_hit_level_despair,2719640918,2764915899,export+pob
curse_on_hit_level_elemental_weakness,369266723,2028847114,export+pob
curse_on_hit_level_enfeeble,2764952672,1625819882,export+pob
curse_on_hit_level_flammability,1933231911,338121249,export+pob
curse_on_hit_level_frostbite,3641464131,426847518,export+pob
curse_on_hit_level_poachers_mark,2469129386,3904501306,export
curse_on_hit_level_poachers_mark_bypass_hexproof,372506237,364728407,export+pob
curse_on_hit_level_temporal_chains,379750738,3433724931,export+pob
curse_on_hit_level_vulnerability,2105015241,3967845372,export+pob
curse_on_hit_level_warlords_mark,3876560292,2021420128,export
curse_on_melee_block_level_15_punishment,432654123,2922377850,export
curse_on_melee_strike_hit_level_flammability_ignoring_curse_limit,17434620,3814785829,export
curse_on_projectile_block_level_15_temporal_chains,2818034987,541329769,export
curse_on_spell_block_level_15_elemental_weakness,2142348309,2048643052,export
curse_pillar_curse_effect_+%_final,3179471764,4106109768,export
curse_skill_effect_duration_+%,2261096202,1435748744,export
curse_skills_cost_life_instead_of_mana,1439493517,2280341859,export
curse_with_enfeeble_on_hit_%_against_uncursed_enemies,1752367900,3804297142,export
curse_with_punishment_on_hit_%,3221177935,2950697759,export
cursed_with_silence_when_hit_%_chance,1871694035,3370064078,export
curses_you_inflict_remain_after_death,1043697524,847744351,export
cyclone_attack_speed_+%,2096042677,835592326,export
cyclone_damage_+%,182404801,1454162553,export
dagger_accuracy_rating_+%,176779968,2054715690,export
dagger_attack_speed_+%,4238900273,2538566497,export
dagger_damage_+%,4122399977,3586984690,export
damage_+%,3125968493,2154246560,export
damage_+%_against_enemies_marked_by_you,2803294903,2001747092,export
damage_+%_during_flask_effect,92729933,2947215268,export
damage_+%_for_each_trap_and_mine_active,3083128510,1351682252,export
damage_+%_for_enemies_you_inflict_spiders_web_upon,1488603305,3231424461,export
damage_+%_for_you_and_allies_affected_by_your_auras,2681246011,1419713278,export
damage_+%_if_enemy_killed_recently,950858906,1072119541,export
damage_+%_if_golem_summoned_in_past_8_seconds,2018116162,3384291300,export
damage_+%_if_have_been_ignited_recently,1448597366,430821956,export
damage_+%_if_you_have_consumed_a_corpse_recently,1486745756,2118708619,export
damage_+%_if_you_have_frozen_enemy_recently,1364208626,1064477264,export
damage_+%_if_you_have_shocked_recently,680720469,908650225,export
damage_+%_on_consecrated_ground,3365564680,1704905020,export
damage_+%_per_1%_block_chance,2476474672,3400437584,export
damage_+%_per_100_dexterity,466300510,342670903,export
damage_+%_per_100_intelligence,1715914266,3966666111,export
damage_+%_per_100_strength,1962706096,4274080377,export
damage_+%_per_15_dex,3333490515,2062174346,export
damage_+%_per_15_int,1922713058,3801128794,export
damage_+%_per_15_strength,2091777472,3948776386,export
damage_+%_per_5_of_your_lowest_attribute,3154390557,35476451,export
damage_+%_per_abyss_jewel_type,582900842,154272030,export
damage_+%_per_active_curse_on_self,3257035395,1019020209,export
damage_+%_per_crab_charge,2889836052,1019038967,export
damage_+%_per_endurance_charge,1459085231,3515686789,export
damage_+%_per_equipped_magic_item,2723957103,886366428,export
damage_+%_per_frenzy_charge,2452631472,902747843,export
damage_+%_per_poison_up_to_75%,3773538438,1034580601,export
damage_+%_per_power_charge,973328645,2034658008,export
damage_+%_per_raised_zombie,1513697082,3868443508,export
damage_+%_per_shock,2772732918,529432426,export
damage_+%_vs_abyssal_monsters,3691946421,3257279374,export
damage_+%_vs_bleeding_enemies,4114045914,1790172543,export
damage_+%_vs_blinded_enemies,2818237305,3565956680,export
damage_+%_vs_chilled_enemies,922531115,2805714016,export
damage_+%_vs_enemies_on_low_life_per_frenzy_charge,1849427436,1696792323,export
damage_+%_vs_enemies_per_freeze_shock_ignite,2255967809,4229711086,export
damage_+%_vs_frozen_enemies,517829646,1196902248,export
damage_+%_vs_hindered_enemies,609168858,528422616,export
damage_+%_vs_ignited_enemies,456652959,485151258,export
damage_+%_vs_magic_monsters,2556601257,1278047991,export
damage_+%_vs_rare_monsters,3824267570,2137878565,export
damage_+%_when_currently_has_no_energy_shield,1819039319,414379784,export
damage_+%_when_on_burning_ground,2840537813,3098087057,export
damage_+%_when_on_full_life,3708875806,592020238,export
damage_+%_when_on_low_life,195055244,1513447578,export
damage_+%_while_dead,1951578897,3582580206,export
damage_+%_while_ignited,3324656435,1686122637,export
damage_+%_while_leeching,1590030403,310246444,export
damage_+%_while_life_leeching,1672613413,3591306273,export
damage_+%_while_mana_leeching,1993590554,1994684426,export
damage_+%_with_bow_skills,2846094739,1241625305,export
damage_+%_with_movement_skills,696516343,856021430,export
damage_+%_with_non_vaal_skills_during_soul_gain_prevention,1681792741,1583385065,export
damage_+%_with_one_handed_weapons,3286199443,1010549321,export
damage_+%_with_two_handed_weapons,3164154193,1836374041,export
damage_+1%_per_X_strength_when_in_main_hand,2001052886,679194784,export
damage_cannot_be_reflected,1764933106,2670993553,export
damage_from_hits_always_and_only_bypasses_energy_shield_when_not_blocked,319544085,2331104018,export
damage_over_time_+%,4038376225,967627487,export
damage_over_time_+%_per_100_max_life,1643532719,1855381243,export
damage_over_time_+%_while_dual_wielding,3044601560,214001793,export
damage_over_time_+%_while_holding_a_shield,3018324921,1244360317,export
damage_over_time_+%_while_wielding_two_handed_weapon,3345295653,4193088553,export
damage_over_time_multiplier_+_with_attacks,1646091280,693959086,export
damage_over_time_multiplier_+_with_tinctured_weapons,4227896418,1867426121,pob
damage_penetrates_%_elemental_resistance_if_enemy_not_killed_recently,907278482,455556407,export
damage_reflected_to_enemies_%_gained_as_life,2967768313,743992531,export
damage_removed_from_mana_before_life_%_while_affected_by_clarity,769734748,2383304564,export
damage_removed_from_mana_before_life_%_while_focused,2683800171,1588539856,export
damage_removed_from_marked_target_before_life_or_es_%,2390184869,3691190311,export
damage_removed_from_spectres_before_life_or_es_%,2451927117,54812069,export
damage_removed_from_void_spawns_before_life_or_es_per_void_spawns_%,455136447,3269077876,export
damage_removed_from_your_nearest_totem_before_life_or_es_%,1259458861,2762445213,export
damage_taken_%_recovered_as_life_from_stunning_hits,1496625381,3913936991,export
damage_taken_+%_final_per_5_rage_from_painshed_capped_at_50%_less,2195618400,2733459550,export
damage_taken_+%_from_ghosts,3436560650,2156764291,export
damage_taken_+%_from_skeletons,3332142141,705686721,export
damage_taken_+%_if_have_been_frozen_recently,906486701,3616645755,export
damage_taken_+%_if_not_hit_recently_final,2195553255,67637087,export
damage_taken_+%_on_full_life,345153278,4091521421,export
damage_taken_+%_per_frenzy_charge,3321906281,1625103793,export
damage_taken_+%_while_es_full,3312817566,969865219,export
damage_taken_+%_while_phasing,2176031783,146268648,export
damage_taken_goes_to_life_over_4_seconds_%,3225429806,1444556985,export
damage_taken_goes_to_mana_%,1931481128,472520716,export
damage_taken_goes_to_mana_%_per_power_charge,3928931546,1325047894,export
damage_taken_goes_to_mana_over_4_seconds_%_while_affected_by_clarity,3577866288,380220671,export
damage_taken_per_250_dexterity_+%,928694776,2477636501,export
damage_taken_per_250_intelligence_+%,1875878802,3522931817,export
damage_taken_per_250_strength_+%,1065807730,1443108510,export
damage_taken_recouped_as_life_%_per_socketed_red_gem,1051381601,902847342,export
damage_taken_while_frozen_recouped_as_life_%,658778360,2585984986,export
damage_vs_cursed_enemies_per_enemy_curse_+%,4045547829,1818773442,export
damage_vs_enemies_on_full_life_+%,4129325285,3708045494,export
damage_vs_shocked_enemies_+%,682013228,4194900521,export
damage_while_dual_wielding_+%,3181788026,444174528,export
damage_while_no_frenzy_charges_+%,3544617082,3905661226,export
damaging_ailments_deal_damage_+%_faster,1999307187,538241406,export
dark_ritual_area_of_effect_+%,3723948553,4224588066,export
dark_ritual_damage_+%,1307127649,2206071316,export
dark_ritual_linked_curse_effect_+%,3331590411,2843908086,export
daytime_fish_caught_size_+%,1143971452,1771018579,export
deal_1000_chaos_damage_per_second_for_10_seconds_on_hit,2896585186,3322709337,export
deal_chaos_damage_per_second_for_8_seconds_on_curse,1520073302,773846741,export
deal_no_damage_when_not_on_low_life,3727923167,3716472556,export
deal_no_damage_yourself,2794819240,2248945598,export
deal_no_elemental_damage,3206921128,2998305364,export
deal_no_elemental_physical_damage,3092336570,4157542794,export
deal_no_non_chaos_damage,2173236099,3180152291,export
deal_no_non_elemental_damage,3588376402,4031851097,export
deal_no_non_lightning_damage,377389868,2075742842,export
deal_no_non_physical_damage,1028313274,282353000,export
debilitate_enemies_for_x_milliseconds_when_suppressing_their_spell,1121506607,3019649166,export
debuff_time_passed_+%,1471707540,1238227257,export
debuff_time_passed_-%_while_affected_by_haste,1360408611,207635700,export
decoy_totem_life_+%,3154732943,1631824124,export
decoy_totem_radius_+%,2404372433,1686675991,export
defences_are_zero,2198577019,4271994824,export
defiance_banner_aura_effect_+%,2059112123,1105773670,export
degen_effect_+%,2012634537,1101403182,export
delirium_aura_effect_+%,2566913069,4175197580,export
delirium_mana_reservation_+%,3014537700,4120821275,export
delirium_reserves_no_mana,1592693939,585622486,export
desecrate_cooldown_speed_+%,1074399274,740609357,export
desecrate_duration_+%,525466137,2679945072,export
desecrate_number_of_corpses_to_create,78201796,3655654928,export
desecrate_on_block_%_chance_to_create,423721719,3685028559,export
despair_curse_effect_+%,114670135,3185156108,export
despair_duration_+%,2086408285,683073695,export
despair_no_reservation,758093508,450601566,export
destructive_link_duration_+%,4036347396,728213819,export
detect_player_has_foolishly_drawn_attention,1700713588,1389615049,export
determination_aura_effect_+%,4036428800,3653400807,export
determination_mana_reservation_+%,603119867,3072232736,export
determination_mana_reservation_efficiency_+%,3929962459,325889252,export+pob
determination_mana_reservation_efficiency_-2%_per_1,2008843537,2721871046,export
determination_reserves_no_mana,1092649181,1358697130,export
detonate_dead_%_chance_to_detonate_additional_corpse,3024638246,1539846779,export
detonate_dead_damage_+%,1241695484,3087527696,export
detonate_dead_radius_+%,2619393150,482660590,export
devouring_totem_%_chance_to_consume_additional_corpse,381063668,4189505564,export
devouring_totem_leech_per_second_+%,4174969488,3317752680,export
dexterity_+%,228980983,4139681126,export
dexterity_+%_if_2_redeemer_items,3992702514,2543696990,export
dexterity_+%_if_strength_higher_than_intelligence,1927322144,2022724400,export
dexterity_skill_gem_level_+,3937842048,146924886,export
disable_blessing_skills_and_display_socketed_aura_gems_reserve_no_mana,2866635450,2497009514,export
disable_chest_slot,1062708114,4007482102,export
discharge_chance_not_to_consume_charges_%,2412470240,1833626118,export
discharge_damage_+%,1292457642,1935930829,export
discharge_radius_+,811729405,2716178075,export
discharge_radius_+%,403307020,1743954272,export
discipline_aura_effect_+%,2173817888,788317702,export
discipline_mana_reservation_+%,3860564401,2200030809,export
discipline_mana_reservation_efficiency_+%,3782142164,2081344089,export+pob
discipline_mana_reservation_efficiency_-2%_per_1,3782142164,2081344089,export
discipline_reserves_no_mana,3320278974,3708588508,export
disintegrate_secondary_beam_angle_+%,2786828722,2896346908,export
dispel_status_ailments_on_rampage_threshold,713792996,627889781,export
display_abberaths_hooves_skill_level,2729048902,3250579936,export
display_altleague_event,102387634,3249943883,export
display_area_contains_corrupting_tempest,1336289445,2836394633,export
display_attack_with_commandment_of_force_on_hit_%,349053121,2666843091,export
display_attack_with_commandment_of_fury_on_hit_%,1698187562,1554500307,export
display_attack_with_commandment_of_ire_when_hit_%,2636192054,620045439,export
display_attack_with_commandment_of_light_when_critically_hit_%,3157850513,3109915337,export
display_attack_with_commandment_of_spite_when_hit_%,1362403500,1259277978,export
display_attack_with_decree_of_force_on_hit_%,2012168871,2925650365,export
display_attack_with_decree_of_fury_on_hit_%,1820798348,2252338738,export
display_attack_with_decree_of_ire_when_hit_%,1493274797,1818525360,export
display_attack_with_decree_of_light_when_critically_hit_%,1299928331,3641868987,export
display_attack_with_decree_of_spite_when_hit_%,3409675605,889695873,export
display_attack_with_edict_of_force_on_hit_%,33287763,2760193888,export
display_attack_with_edict_of_fury_on_hit_%,2957685165,1153637043,export
display_attack_with_edict_of_ire_when_hit_%,4199852270,3285719520,export
display_attack_with_edict_of_light_when_critically_hit_%,2658687205,271342637,export
display_attack_with_edict_of_spite_when_hit_%,786979847,257027296,export
display_attack_with_word_of_force_on_hit_%,745106602,1162506883,export
display_attack_with_word_of_fury_on_hit_%,1138019566,3012437250,export
display_attack_with_word_of_ire_when_hit_%,1417349989,2472584898,export
display_attack_with_word_of_light_when_critically_hit_%,2201497687,3111060801,export
display_attack_with_word_of_spite_when_hit_%,3040962217,3992962185,export
display_cast_commandment_of_blades_on_hit_%_,3104799160,147952811,export
display_cast_commandment_of_flames_on_hit_%,2135629282,3703722637,export
display_cast_commandment_of_frost_on_kill_%,356544917,1877374369,export
display_cast_commandment_of_inferno_on_kill_%,1311298175,2020183428,export
display_cast_commandment_of_reflection_when_hit_%,3197694336,3036365740,export
display_cast_commandment_of_tempest_on_hit_%,4086688746,4203647216,export
display_cast_commandment_of_the_grave_on_kill_%,3420926689,1374371477,export
display_cast_commandment_of_thunder_on_kill_%,430523962,1988467615,export
display_cast_commandment_of_war_on_kill_%,2122201345,494477497,export
display_cast_commandment_of_winter_when_hit_%,2519889604,3222886961,export
display_cast_decree_of_blades_on_hit_%__,1378946687,165958462,export
display_cast_decree_of_flames_on_hit_%,2112008307,990408262,export
display_cast_decree_of_frost_on_kill_%,3006273947,1268512925,export
display_cast_decree_of_inferno_on_kill_%,975067572,1366391108,export
display_cast_decree_of_reflection_when_hit_%,3302362975,1792647120,export
display_cast_decree_of_tempest_on_hit_%,3386873837,1671985305,export
display_cast_decree_of_the_grave_on_kill_%,1011033403,2187415468,export
display_cast_decree_of_thunder_on_kill_%,3279104328,4152292551,export
display_cast_decree_of_war_on_kill_%,1710332928,1106926438,export
display_cast_decree_of_winter_when_hit_%,3402335635,2515273888,export
display_cast_edict_of_blades_on_hit_%_,1960622027,2160886943,export
display_cast_edict_of_flames_on_hit_%,2356141146,786149615,export
display_cast_edict_of_frost_on_kill_%,709073058,90942364,export
display_cast_edict_of_inferno_on_kill_%,1596935180,2246143608,export
display_cast_edict_of_reflection_when_hit_%,1366402191,4228580629,export
display_cast_edict_of_tempest_on_hit_%,785909747,1711789839,export
display_cast_edict_of_the_grave_on_kill_%,2285310782,308154324,export
display_cast_edict_of_thunder_on_kill_%,2656027599,603658709,export
display_cast_edict_of_war_on_kill_%,1005437031,2033463878,export
display_cast_edict_of_winter_when_hit_%,1337383353,147678606,export
display_cast_word_of_blades_on_hit_%,1780284162,756653426,export
display_cast_word_of_flames_on_hit_%,2409814959,891161612,export
display_cast_word_of_frost_on_kill_%,3785642665,3302747233,export
display_cast_word_of_inferno_on_kill_%,577875421,3901337328,export
display_cast_word_of_reflection_when_hit_%,4261535753,2634094270,export
display_cast_word_of_tempest_on_hit_%,3743752583,3610104224,export
display_cast_word_of_the_grave_on_kill_%,670156973,2527140156,export
display_cast_word_of_thunder_on_kill_%,3775444897,1350605126,export
display_cast_word_of_war_on_kill_%,652696548,1906144841,export
display_cast_word_of_winter_when_hit_%,2694365414,1354248411,export
display_cowards_trial_waves_of_monsters,2597056555,1787444936,export
display_cowards_trial_waves_of_undead_monsters,3742698524,1968038301,export
display_heist_contract_lockdown_timer_+%,1370444803,4004160031,export
display_item_generation_can_roll_minion_affixes,506715164,2994708956,export
display_item_quantity_increases_rewards_from_boss_by_x_percent_of_its_value,2676567366,989948703,export
display_item_quantity_increases_rewards_from_encounter_by_x_percent_of_its_value,2961979380,1522386771,export
display_map_augmentable_boss,3242808936,338643834,export
display_map_boss_gives_experience_+%,2234843963,2484223218,export
display_map_contains_grandmasters,3525884210,3787670808,export
display_map_final_boss_drops_higher_level_gear,888548394,2689259705,export
display_map_has_oxygen,3064142163,2378288719,export
display_map_inhabited_by_lunaris_fanatics,1221872727,3408601861,export
display_map_inhabited_by_solaris_fanatics,1232608467,2457517302,export
display_map_inhabited_by_wild_beasts,801209797,3014313201,export
display_map_large_chest,828645731,2808735733,export
display_map_larger_maze,1579821850,587175996,export
display_map_mission_id,264923940,3187151138,export
display_map_no_monsters,1398690715,1626998468,export
display_map_restless_dead,3455734970,3303551725,export
display_memory_line_abyss_beyond_monsters_from_cracks,3656335217,2789750513,export
display_memory_line_ambush_strongbox_chain,1035300878,645735818,export
display_memory_line_bestiary_capturable_harvest_monsters,3131945119,3751566939,export
display_memory_line_breach_area_is_breached,2337507550,1263962567,export
display_memory_line_breach_miniature_flash_breaches,4202596078,2518308945,export
display_memory_line_domination_shrines_to_pantheon_gods,834841777,4252342397,export
display_memory_line_essence_rogue_exiles,318504350,4139137767,export
display_memory_line_harbinger_player_is_a_harbinger,3224453768,2467500499,export
display_memory_line_harbinger_portals_everywhere,2201685569,495299940,export
display_memory_line_harvest_larger_plot_with_premium_seeds,1417850022,3422644692,export
display_memory_line_incursion_reverse,4126073738,3582614035,export
display_memory_line_torment_rares_uniques_are_possessed,2473846418,2168365746,export
display_socketed_minion_gems_supported_by_level_X_life_leech,1042481062,4006301249,export
display_trigger_arcane_wake_after_spending_200_mana_%_chance,3793973513,3344568504,export
divination_buff_on_flask_used_duration_cs,4284220288,3081454623,export
divine_tempest_beam_width_+%,1779574282,2212298325,export
divine_tempest_damage_+%,1197444217,2584129062,export
divine_tempest_number_of_additional_nearby_enemies_to_zap,3915892698,1477213724,export
dominance_additional_block_%_on_nearby_allies_per_100_strength,3290143455,3941641418,export
dominance_cast_speed_+%_on_nearby_allies_per_100_intelligence,3699844376,2373999301,export
dominance_critical_strike_multiplier_+_on_nearby_allies_per_100_dexterity,2136809443,1438488526,export
dominance_defences_+%_on_nearby_allies_per_100_strength,2919974782,3767939384,export
dominating_blow_duration_+%,1116674681,3772643988,export
dominating_blow_minion_damage_+%,995573707,4040760803,export
dominating_blow_skill_attack_damage_+%,411969819,2661979205,export
dot_multiplier_+,2447038197,3988349707,export
dot_multiplier_+_if_crit_in_past_8_seconds,3140077089,3203086927,export
dot_multiplier_+_while_affected_by_malevolence,2781104922,2736708072,export
double_animate_weapons_limit,292015258,737980235,export
double_slash_critical_strike_chance_+%,2577282708,578067404,export
double_slash_damage_+%,520162514,1844721010,export
double_slash_radius_+%,3862332688,3854723321,export
double_strike_attack_speed_+%,1539839151,2779309910,export
double_strike_chance_to_deal_double_damage_%_vs_bleeding_enemies,731777802,3125201823,export
double_strike_critical_strike_chance_+%,4230029575,1201942540,export
double_strike_damage_+%,1656751430,1809965314,export
dread_banner_aura_effect_+%,3003082003,287319069,export
dual_strike_attack_speed_+%,610646410,1917107304,export
dual_strike_critical_strike_chance_+%,2565493023,2729530556,export
dual_strike_damage_+%,1345885019,2094069860,export
earthquake_damage_+%,3580918225,1697080607,export
earthquake_damage_+%_per_100ms_duration,107502411,2068943099,export
earthquake_duration_+%,3459595776,3917881666,export
earthquake_radius_+%,3265754963,684174846,export
earthshatter_area_of_effect_+%,1916315331,3469056056,export
earthshatter_damage_+%,2797588844,335520087,export
eat_soul_after_hex_90%_curse_expire,3081748325,224931623,export
elemental_ailment_duration_+%_with_tinctured_weapons,540818745,3284469689,pob
elemental_ailment_on_self_duration_+%_with_rare_abyss_jewel_socketed,3937812852,287112619,export
elemental_ailments_reflected_to_self,1486194525,1370804479,export
elemental_critical_strike_chance_+%,3835374620,439950087,export
elemental_critical_strike_multiplier_+,947848355,1569407745,export
elemental_damage_%_taken_as_chaos_if_4_hunter_items,3992883752,2251969898,export
elemental_damage_%_to_add_as_chaos,3348271761,3495544060,export
elemental_damage_%_to_add_as_chaos_per_shaper_item_equipped,2728765825,33348259,export
elemental_damage_+%,570984042,3141070085,export
elemental_damage_+%_during_flask_effect,257045459,3150967823,export
elemental_damage_+%_if_have_crit_recently,1746257899,2379781920,export
elemental_damage_+%_if_used_a_warcry_recently,4183532907,2803182108,export
elemental_damage_+%_per_10_devotion,1787942342,3103189267,export
elemental_damage_+%_per_10_dexterity,3175326209,963261439,export
elemental_damage_+%_per_different_enemy_elemental_ailment,201810867,2605663324,export
elemental_damage_+%_per_frenzy_charge,4066290041,1586440250,export
elemental_damage_+%_per_level,1916362164,2094646950,export
elemental_damage_+%_per_lightning_cold_fire_resistance_above_75,3369655536,1138456002,export
elemental_damage_+%_per_missing_lightning_cold_fire_resistance,3908485878,64913248,export
elemental_damage_+%_per_power_charge,1980114079,1482070333,export
elemental_damage_+%_per_sextant_affecting_area,1526638103,1669135888,export
elemental_damage_+%_per_stackable_unique_jewel,3824434979,3163738488,export
elemental_damage_+%_with_tinctured_weapons,245801096,503138266,pob
elemental_damage_additional_rolls_lucky_shocked,2433339977,888026555,export
elemental_damage_can_shock,124783444,2933625540,export
elemental_damage_resistance_+%,3646810675,76848920,export
elemental_damage_resisted_by_lowest_elemental_resistance,1806213529,1740349133,export
elemental_damage_taken_%_as_chaos,1927355932,1175213674,export
elemental_damage_taken_+%,3274440251,2734809852,export
elemental_damage_taken_+%_final_per_raised_zombie,1841398871,512740886,export
elemental_damage_taken_+%_while_stationary,4124937584,983989924,export
elemental_damage_taken_from_hits_+%_per_endurance_charge,3067333981,1686913105,export
elemental_damage_with_attack_skills_+%,3004196555,387439868,export
elemental_damage_with_attack_skills_+%_per_power_charge,4291810930,4116409626,export
elemental_damage_with_attack_skills_+%_while_using_flask,1644381694,782323220,export
elemental_hit_attack_speed_+%,2581405090,1151217691,export
elemental_hit_chance_to_freeze_shock_ignite_%,2790505753,3205997967,export
elemental_hit_damage_+%,366404684,4109038270,export
elemental_hit_damage_taken_%_as_physical,312555115,2340750293,export
elemental_overload_rotation_active,3234337343,708913352,export
elemental_penetration_%_during_flask_effect,206266168,3392890360,export
elemental_penetration_%_while_chilled,4131066565,1089858120,export
elemental_reflect_damage_taken_+%,1345069125,248838155,export
elemental_reflect_damage_taken_and_minion_elemental_reflect_damage_taken_+%,1893884321,2160417795,export
elemental_resistance_%_per_10_devotion,526626955,1910205563,export
elemental_resistance_%_per_empty_white_socket,2395978597,597739519,export
elemental_resistance_%_per_stackable_unique_jewel,754385763,242161915,export
elemental_resistance_%_when_on_low_life,2962078889,1637928656,export
elemental_resistance_+%_per_15_ascendance,1596762975,2569472704,export
elemental_resistance_cannot_be_penetrated,920228553,1025863792,export
elemental_resistances_+%_for_you_and_allies_affected_by_your_auras,3621985980,319842716,export
elemental_resistances_are_limited_by_highest_maximum_elemental_resistance,1923441631,3082079953,export
elemental_skills_deal_triple_damage,1898473217,115695112,export
elemental_weakness_curse_effect_+%,3245834259,3348324479,export
elemental_weakness_duration_+%,151694722,2690620076,export
elemental_weakness_no_reservation,3190063735,3416664215,export
elusive_effect_+%,3481589559,240857668,export
elusive_effect_on_self_+%_per_power_charge,3948760013,3545269928,export
ember_projectile_spread_area_+%,46460638,1785831895,export
emberglow_ignite_duration_+%_final,3779874083,3775619537,export
empowered_attack_damage_+%,171616276,1569101201,export
enchantment_boots_attack_and_cast_speed_+%_for_4_seconds_on_kill,652802472,4135304575,export
enchantment_boots_damage_penetrates_elemental_resistance_%_while_you_havent_killed_for_4_seconds,1675309364,281254371,export
enchantment_boots_life_leech_on_kill_permyriad,2409343906,4291115328,export
enchantment_boots_life_regen_per_minute_%_for_4_seconds_when_hit,2132978938,1122635070,export
enchantment_boots_mana_costs_when_hit_+%,530651918,3693451031,export
enchantment_boots_mana_regeneration_rate_+%_if_cast_spell_recently,1655066143,1409388882,export
enchantment_boots_movement_speed_+%_when_not_hit_for_4_seconds,3888531936,308396001,export+pob
enchantment_boots_status_ailment_chance_+%_when_havent_crit_for_4_seconds,1217943048,3915210550,export
enchantment_boots_stun_avoid_%_on_kill,131783403,412905518,export
enchantment_critical_strike_chance_+%_if_you_havent_crit_for_4_seconds,2734744539,3010587200,export
endurance_charge_duration_+%,2783381455,1170174456,export
endurance_charge_on_hit_%_vs_no_armour,221528014,3488208924,export
endurance_charge_on_kill_%,3514656640,1054322244,export
endurance_only_conduit,3878030590,1881314095,export
enduring_cry_buff_effect_+%,1619742928,241781316,export
enduring_cry_cooldown_speed_+%,567186668,3617955571,export
enduring_cry_grants_x_additional_endurance_charges,1152228966,2977067558,export
enemies_blinded_by_you_cannot_inflict_damaging_ailments,403355395,445314012,export
enemies_blinded_by_you_have_malediction,989969904,2621660713,export
enemies_blinded_by_you_while_blinded_have_malediction,1758412515,15523600,export
enemies_chilled_by_hits_deal_damage_lessened_by_chill_effect,439856993,3594661200,export
enemies_chilled_by_hits_take_damage_increased_by_chill_effect,2423408953,1816894864,export
enemies_explode_for_%_life_as_physical_damage,4028219160,1220361974,export
enemies_explode_on_kill,3197277885,2970902024,export
enemies_explode_on_kill_while_unhinged,2226100181,3797538318,export
enemies_extra_damage_rolls_with_lightning_damage,1357512887,4224965099,export
enemies_extra_damage_rolls_with_physical_damage,3607992581,2424163939,export
enemies_ignited_by_you_have_physical_damage_%_converted_to_fire,3330677853,1272032962,export
enemies_in_presence_and_you_count_as_moving_when_affected_by_elemental_ailments,617249323,113536037,export
enemies_killed_on_fungal_ground_explode_for_10%_chaos_damage_%_chance,1791120567,2224428651,export
enemies_near_cursed_corpses_are_blinded_and_explode_on_death_for_%_life_as_physical_damage,243533512,1509756274,export
enemies_poisoned_by_you_cannot_deal_critical_strikes,3905666944,1330636770,export
enemies_shocked_by_you_have_physical_damage_%_converted_to_lightning,3925841632,1070888079,export
enemies_shocked_by_your_hits_are_debilitated,4157115577,2983226297,export
enemies_taunted_by_warcry_explode_on_death_%_chance_dealing_8%_life_as_chaos_damage,1199084674,2937093415,export
enemies_that_hit_you_inflict_temporal_chains,2116139346,1955994922,export
enemies_withered_by_you_take_+%_increased_elemental_damage_from_your_hits,4113863386,3507915723,export
enemies_you_bleed_grant_flask_charges_+%,3294785937,2671550669,export
enemies_you_blind_have_critical_strike_chance_+%,186332278,4216282855,export
enemies_you_expose_have_self_elemental_status_duration_+%,1109582373,261996832,export
enemies_you_hinder_have_life_regeneration_rate_+%,2214320349,3709502856,export
enemies_you_ignite_take_chaos_damage_from_ignite_instead,2406959572,2714810050,export
enemies_you_ignite_wither_does_not_expire,3406287991,279110104,export
enemies_you_intimidate_have_stun_duration_on_self_+%,2184339566,1919892065,export
enemies_you_maim_have_damage_taken_over_time_+%,2712907733,2745149002,export
enemies_you_shock_cast_speed_+%,1106466219,4107150355,export
enemies_you_shock_movement_speed_+%,87323361,3134790305,export
enemies_you_unnerve_have_enemy_spell_critical_strike_chance_+%_against_self,1755706505,2090693207,export
enemies_you_wither_have_all_resistances_%,3105491919,1032614900,export
enemy_additional_critical_strike_chance_against_self,2073156673,4152537231,export
enemy_critical_strike_chance_+%_against_self_20_times_value,3597208710,165218607,export+pob
enemy_evasion_+%_if_you_have_hit_them_recently,2940383134,1773891268,export
enemy_extra_damage_rolls_if_magic_ring_equipped,1596482391,2510276385,export
enemy_extra_damage_rolls_when_on_full_life,588847004,3629143471,export
enemy_extra_damage_rolls_when_on_low_life,440306847,3753748365,export
enemy_extra_damage_rolls_while_affected_by_vulnerability,988739704,2758554648,export
enemy_hits_%_chance_to_treat_elemental_resistances_as_90%,1422372338,204458505,export
enemy_knockback_direction_is_reversed,3738296235,281201999,export
enemy_life_leech_from_any_damage_permyriad_while_focused,2493506543,497196601,export
enemy_life_leech_from_chaos_damage_permyriad,1517903523,334180828,export
enemy_life_leech_from_cold_damage_permyriad,2724495491,3271464175,export
enemy_life_leech_from_fire_damage_permyriad,1149625173,45548764,export
enemy_life_leech_from_lightning_damage_permyriad,3110015432,3925004212,export
enemy_life_leech_from_physical_attack_damage_permyriad,3003126163,2693705594,export
enemy_life_leech_from_physical_damage_permyriad,2307070345,3423022686,export
enemy_life_regeneration_rate_+%_for_4_seconds_on_hit,2929974309,3903907406,export
enemy_mana_leech_from_physical_attack_damage_permyriad,4122197884,407390981,export
enemy_phys_reduction_%_penalty_vs_hit,4172382769,2495041954,export
enemy_physical_damage_%_as_extra_fire_vs_you,2417157730,248982637,export
enemy_shock_on_kill,1333598243,209387074,export
enemy_zero_elemental_resistance_when_hit,4207078154,3714446071,export
energy_shield_%_gained_on_block,2701034546,1606263610,export
energy_shield_%_of_armour_rating_gained_on_block,2904766048,3681057026,export
energy_shield_%_of_evasion_rating_gained_on_block,3606858779,3495989808,export
energy_shield_+%_per_10_strength,441675181,506942497,export
energy_shield_+%_per_power_charge,352367065,2189382346,export
energy_shield_+1%_per_X_strength_when_in_off_hand_from_foulborn_doon_cuebiyari,3002432539,699783004,export
energy_shield_additive_modifiers_instead_apply_to_ward,2599547488,4100175081,export
energy_shield_degeneration_%_per_minute_not_in_grace,3007028198,761102773,export
energy_shield_delay_-%,2634502713,1782086450,export
energy_shield_delay_-%_while_affected_by_discipline,21827313,1016185292,export
energy_shield_delay_during_flask_effect_-%,1909965115,1912660783,export
energy_shield_from_gloves_and_boots_+%,1683032214,1234687045,export
energy_shield_gain_per_target,3805310778,211381198,export
energy_shield_gain_per_target_hit_while_affected_by_discipline,674285254,3765507527,export
energy_shield_gain_when_you_hit_enemy_affected_by_spiders_web,3441675907,549215295,export
energy_shield_gained_on_block,602588051,450695450,export
energy_shield_gained_on_enemy_death_per_level,2493320956,294153754,export
energy_shield_increased_by_chaos_resistance,2078096334,1301612627,export
energy_shield_leech_from_any_damage_permyriad,3083333415,4201339891,export
energy_shield_leech_from_attacks_does_not_stop_on_full_energy_shield,1868275231,1004885987,export
energy_shield_leech_from_lightning_damage_permyriad_while_affected_by_wrath,3105239409,121436064,export
energy_shield_leech_from_spell_damage_permyriad_per_curse_on_enemy,1104088189,3734213780,export
energy_shield_leech_permyriad_vs_frozen_enemies,2899969597,4091709362,export
energy_shield_lost_per_minute_%,2000788134,2350411833,export
energy_shield_per_level,233146720,3864993324,export
energy_shield_recharge_rate_+%,1767848875,2339757871,export
energy_shield_recharge_rate_during_flask_effect_+%,153450818,1827657795,export
energy_shield_recharge_rate_per_minute_with_all_corrupted_equipped_items,2570013250,4156715241,export
energy_shield_recharges_on_block_%,4104245147,762154651,export
energy_shield_recharges_on_kill_%,113732949,1618482990,export
energy_shield_recharges_on_skill_use_chance_%,143246509,3853996752,export
energy_shield_recharges_on_suppress_%,2197104332,3410306164,export
energy_shield_recovery_rate_+%,679395683,988575597,export
energy_shield_recovery_rate_+%_if_havent_killed_recently,3184269428,2698606393,export
energy_shield_recovery_rate_while_affected_by_discipline_+%,3659061824,80470845,export
energy_shield_regeneration_%_per_minute_while_shocked,3526107584,1700808530,export
energy_shield_regeneration_rate_per_minute_%_if_consumed_corpse_recently,1179772913,2160190507,export
energy_shield_regeneration_rate_per_minute_%_if_you_have_hit_an_enemy_recently,2254898269,588560583,export
energy_shield_regeneration_rate_per_minute_%_while_affected_by_discipline,2159399595,991194404,export
energy_shield_regeneration_rate_per_minute_%_while_on_low_life,3246215727,115109959,export
energy_shield_regeneration_rate_per_minute_if_rare_or_unique_enemy_nearby,3088467650,2238019079,export
energy_shield_regeneration_rate_per_minute_per_poison_stack,1260515760,948687156,export
energy_shield_regeneration_rate_per_second,99015063,2561836520,export+pob
enfeeble_curse_effect_+%,2458200149,3293830776,export
enfeeble_duration_+%,814839670,516587640,export
enfeeble_no_reservation,2106225456,56919069,export
ensnaring_arrow_area_of_effect_+%,3952091805,2791271819,export
ensnaring_arrow_debuff_effect_+%,3766618769,1405738574,export
envy_reserves_no_mana,4258356239,2503479316,export
ephemeral_edge_maximum_lightning_damage_from_es_%,1272609221,973269941,export
essence_display_elemental_damage_taken_while_not_moving_+%,3592374684,3859593448,export
essence_drain_damage_+%,1886593889,3469967347,export
ethereal_knives_damage_+%,2763262973,3514973342,export
ethereal_knives_projectile_base_number_of_targets_to_pierce,106926319,4264622444,export
ethereal_knives_projectile_speed_+%,2123199576,760994068,export
ethereal_knives_projectiles_nova,1643885465,3491968196,export
evasion_+%_if_hit_recently,1315804247,1073310669,export
evasion_+%_per_10_intelligence,396411115,810772344,export
evasion_and_physical_damage_reduction_rating_+%,2593408401,3366029652,export
evasion_rating_%_as_life_regeneration_per_minute_during_focus,519274323,3244118730,export
evasion_rating_+%,3881566537,2106365538,export
evasion_rating_+%_during_focus,2829657284,3839620417,export
evasion_rating_+%_if_have_cast_dash_recently,2495527326,237513297,export
evasion_rating_+%_per_500_maximum_mana,267352699,3147253569,export
evasion_rating_+%_per_frenzy_charge,222133344,660404777,export
evasion_rating_+%_when_on_full_life,535252514,88817332,export
evasion_rating_+%_when_on_low_life,3604941689,2695354435,export
evasion_rating_+%_while_moving,2948507899,734823525,export
evasion_rating_+%_while_onslaught_is_active,1009478280,156734303,export
evasion_rating_+%_while_phasing,3622840221,402176724,export
evasion_rating_+_if_you_have_hit_an_enemy_recently,4167933687,2935548106,export
evasion_rating_+_per_10_player_life,440465714,3637775205,export
evasion_rating_+_per_1_helmet_energy_shield,936383736,1144937587,export
evasion_rating_+_per_5_maximum_energy_shield_on_shield,1097768081,1115914670,export
evasion_rating_+_when_on_full_life,864954669,4082111882,export
evasion_rating_+_when_on_low_life,256449878,3470876581,export
evasion_rating_+_while_phasing,2060979857,3169671355,export
evasion_rating_from_helmet_and_boots_+%,1990968373,623823763,export
evasion_rating_increased_by_overcapped_cold_resistance,3247258061,2358015838,export
evasion_rating_plus_in_sand_stance,3003034238,1922061483,export
excommunicate_on_melee_attack_hit_for_X_ms,1426811617,2765129230,export
exerted_attack_knockback_chance_%,1425190954,1634061592,export
expanding_fire_cone_additional_maximum_number_of_stages,2294770324,3867484047,export
expanding_fire_cone_area_of_effect_+%,3715651388,2562208244,export
expedition_monsters_logbook_chance_+%,3993586264,1083387327,export
experience_gain_+%,3581236925,3666934677,export
explode_burning_enemies_for_10%_life_as_fire_on_kill_chance_%,1156635558,1617268696,export
explode_cursed_enemies_for_25%_life_as_chaos_on_kill_chance_%,2454941011,1763939859,export
explode_enemies_for_10%_life_as_physical_on_kill_chance_%,1666164791,3295179224,export
explode_enemies_for_10%_life_as_physical_on_kill_chance_%_while_using_pride,412712179,1961516633,export
explode_enemies_for_25%_life_as_chaos_on_kill_chance_%,2212913073,1776945532,export
explode_enemies_for_25%_life_as_chaos_on_kill_while_affected_by_glorious_madness_chance_%,3625547420,2780297117,export
explode_enemies_for_500%_life_as_fire_on_kill_%_chance,1092319260,215242678,export
explode_on_kill_%_fire_damage_to_deal,3295429207,3457687358,export
exploding_toad_trigger_%_chance_from_unique,2289916574,764329137,export
explosive_arrow_attack_speed_+%,3367826135,3949159285,export
explosive_arrow_damage_+%,2942020216,3628984170,export
explosive_arrow_duration_+%,1280410543,3590425794,export
explosive_arrow_radius_+%,1969263453,1041365824,export
explosive_concoction_damage_+%,1067243836,383710904,export
explosive_concoction_flask_charges_consumed_+%,3956186179,1907051864,export
explosive_concoction_skill_area_of_effect_+%,363500241,4100281103,export
exposure_you_inflict_applies_extra_%_to_affected_resistance,2182696964,3306713700,export
exsanguinate_additional_chain_chance_%,3258654315,2304517189,export
exsanguinate_damage_+%,961359983,2259734653,export
exsanguinate_duration_+%,3112946772,292721070,export
extinguish_on_hit_%_chance,1144356371,49183689,export
extra_chaos_damage_rolls,613153197,2678511347,export
extra_critical_rolls_during_focus,3710702893,1349659520,export
extra_critical_rolls_while_on_low_life,3970925222,2706122133,export
extra_damage_rolls_with_cold_damage_if_have_suppressed_spell_damage_recently,4260221495,3810337989,export
extra_damage_rolls_with_fire_damage_if_have_blocked_attack_recently,167153633,3601177816,export
extra_damage_rolls_with_lightning_damage_if_have_blocked_spell_recently,3631397244,1327356547,export
extra_damage_rolls_with_lightning_damage_on_non_critical_hits,2479876313,1430928642,export
extra_damage_taken_from_crit_+%_from_poisoned_enemy,1215932286,2070361501,export
extra_damage_taken_from_crit_+%_while_affected_by_determination,1391813324,68410701,export
extra_damage_taken_from_crit_-%_if_taken_critical_strike_recently,2887919037,2047590583,export
extra_damage_taken_from_crit_while_no_power_charges_+%,398162371,3544527742,export
extra_gore,877817885,3403461239,export
extreme_luck_unluck,3728343089,675784826,export
eye_of_winter_damage_+%,1465442819,1015388938,export
eye_of_winter_projectile_speed_+%,1519788837,1739537617,export
eye_of_winter_spiral_fire_frequency_+%,3240938923,173612563,export
faster_bleed_%,334579806,3828375170,export
faster_bleed_per_frenzy_charge_%,4035725234,1670470989,export
faster_burn_%,451038134,2443492284,export
faster_burn_from_attacks_%,2067712392,1420236871,export
faster_poison_%,1146718390,2907156609,export
fire_and_chaos_damage_resistance_%,96372388,378817135,export
fire_and_cold_damage_resistance_%,667897584,2915988346,export
fire_and_cold_hit_and_dot_damage_%_taken_as_lightning_while_affected_by_purity_of_lightning,2123774429,3953667743,export
fire_and_lightning_damage_resistance_%,530576799,3441501978,export
fire_and_lightning_hit_and_dot_damage_%_taken_as_cold_while_affected_by_purity_of_ice,1581041340,2189467271,export
fire_beam_cast_speed_+%,583361137,3279758713,export
fire_beam_damage_+%,4030366920,3395096718,export
fire_beam_length_+%,1817831577,702909553,export
fire_critical_strike_chance_+%,852659029,1104796138,export
fire_critical_strike_multiplier_+,2866995055,2307547323,export
fire_damage_%_to_add_as_chaos,2594087885,1599775597,export
fire_damage_%_to_add_as_chaos_per_endurance_charge,1973904369,1109745356,export
fire_damage_+%,191057191,3962278098,export
fire_damage_+%_if_you_have_used_a_cold_skill_recently,3171666187,4167600809,export
fire_damage_+%_per_20_strength,3907874224,2241902512,export
fire_damage_+%_per_fire_resistance_above_75,2614062092,3013187834,export
fire_damage_+%_per_missing_fire_resistance,3160734285,1060236362,export
fire_damage_+%_to_blinded_enemies,2826927423,1601181226,export
fire_damage_+%_vs_bleeding_enemies,1908897562,3703926412,export
fire_damage_+%_while_affected_by_anger,3548377362,3337107517,export
fire_damage_+%_while_affected_by_herald_of_ash,2639093817,2775776604,export
fire_damage_can_shock,3636191125,932096321,export
fire_damage_over_time_multiplier_+_with_attacks,236846281,2139660169,export
fire_damage_resistance_%_when_on_low_life,1034114971,38301299,export
fire_damage_resistance_%_while_affected_by_herald_of_ash,558919458,2675641469,export
fire_damage_resistance_+%,2642097784,1680060098,export
fire_damage_resistance_is_%,94443176,763311546,export
fire_damage_taken_%_as_cold,1444564680,2522672898,export
fire_damage_taken_%_as_lightning,3391661748,1504091975,export
fire_damage_taken_+,338745639,614758785,export
fire_damage_taken_+%,4160815765,3743301799,export
fire_damage_taken_+_per_toxicity_from_tincture,36347331,1483305963,pob
fire_damage_taken_goes_to_life_over_4_seconds_%,557659374,1742651309,export
fire_damage_taken_per_minute_per_endurance_charge_if_you_have_been_hit_recently,1103690435,1920234902,export
fire_damage_taken_per_second_while_flame_touched,1911748504,3511992942,export
fire_damage_taken_when_enemy_ignited,3795000713,2518598473,export
fire_damage_to_return_on_block,3467103534,3815724042,export
fire_damage_to_return_to_melee_attacker,919986609,1757945818,export
fire_damage_with_attack_skills_+%,3286507704,2468413380,export
fire_damage_with_spell_skills_+%,369006541,361162316,export
fire_dot_multiplier_+,1098737726,3382807662,export
fire_dot_multiplier_+_per_rage,3358917021,3947934765,export
fire_exposure_on_hit_magnitude,4048923670,1309840354,export
fire_exposure_on_hit_magnitude_vs_max_stacks_resentment_debuff,2061745399,3403551644,export
fire_hit_and_dot_damage_%_taken_as_lightning,1515241502,4142376596,export
fire_nova_mine_cast_speed_+%,912030796,3211417111,export
fire_nova_mine_damage_+%,1790501840,2575601188,export
fire_nova_mine_num_of_additional_repeats,896873271,2614099660,export
fire_penetration_%_if_you_have_blocked_recently,2178564377,2341811700,export
fire_resistance_cannot_be_penetrated,2906444631,1138860262,export
fire_skill_gem_level_+,3539320747,599749213,export
fire_skill_gem_level_+_if_6_warlord_items,1697151308,355220397,export
fire_skills_chance_to_poison_on_hit_%,1128609357,2424717327,export
fire_spell_skill_gem_level_+,275541394,591105508,export
fire_storm_damage_+%,524935851,2201904285,export
fire_trap_burning_damage_+%,3373305236,345703394,export
fire_trap_burning_ground_duration_+%,59807093,3279786746,export
fire_trap_damage_+%,311784386,181307038,export
fireball_cast_speed_+%,3798965973,2231403318,export
fireball_damage_+%,770078741,2600498881,export
fireball_ignite_chance_%,1389926819,2098790581,export
firestorm_duration_+%,1085567075,1691710359,export
firestorm_explosion_area_of_effect_+%,4224103288,3931013900,export
fish_quantity_+%,4104064975,3802667447,export
fish_rarity_+%,1262618838,3310914132,export
fish_rarity_+%_per_dead_fish,1917319360,2459602321,export
fish_rot_when_caught,1368395392,261024552,export
fishing_abyssal_fish,3047630976,3431224784,export
fishing_bite_sensitivity_+%,2488659326,1296614065,export
fishing_hook_type,4186853338,2054162825,export
fishing_line_strength_+%,3926640821,1842038569,export
fishing_lure_type,4021141245,3360430812,export
fishing_pool_consumption_+%,3347112883,1550221644,export
fishing_range_+%,3913795517,170497091,export
fishing_reeling_stability_+%,621211297,3332149074,export
fishing_wish_effect_of_ancient_fish_+%,908105497,796951852,export
flame_dash_cooldown_speed_+%,98620528,1440798870,export
flame_dash_damage_+%,2425519607,3013068851,export
flame_golem_damage_+%,4043894880,1575282859,export
flame_golem_elemental_resistances_%,4143068529,1298820272,export
flame_link_duration_+%,2507173595,3996051430,export
flame_surge_critical_strike_chance_+%,1333481536,1030003515,export
flame_surge_damage_+%,3119072772,1491182794,export
flame_surge_damage_+%_vs_burning_enemies,1056415583,430890565,export
flame_totem_consecrated_ground_enemy_damage_taken_+%,1244839754,2807947,export
flame_totem_damage_+%,2642478523,2801853811,export
flame_totem_num_of_additional_projectiles,1840297648,775200811,export
flame_totem_projectile_speed_+%,1450521782,4082863126,export
flame_wall_damage_+%,1445687196,2189364976,export
flameblast_critical_strike_chance_+%,4260830260,3053448465,export
flameblast_damage_+%,2760243292,169405468,export
flameblast_radius_+%,3443490115,1532964880,export
flamethrower_tower_trap_cast_speed_+%,584774203,2931005730,export
flamethrower_tower_trap_cooldown_speed_+%,1552821462,2962501808,export
flamethrower_tower_trap_damage_+%,1587119299,4162139595,export
flamethrower_tower_trap_duration_+%,1980362834,525771896,export
flamethrower_tower_trap_number_of_additional_flamethrowers,2201940112,1452255482,export
flamethrower_tower_trap_throwing_speed_+%,4158507172,1251350365,export
flammability_curse_effect_+%,2412003060,282417259,export
flammability_duration_+%,3861204419,2166622264,export
flammability_mana_reservation_+%,4178672948,3152149523,export
flammability_no_reservation,3559994340,1195140808,export
flask_charges_+%_from_enemies_with_status_ailments,1068667290,589437732,export
flask_charges_gained_+%_during_flask_effect,2434398048,662803072,export
flask_charges_gained_from_kills_+%_final_from_unique,1021948620,3790386828,export
flask_charges_granted_from_tinctured_weapon_kills_+%,1327430888,6637015,pob
flask_charges_recovered_per_3_seconds,364665482,1193283913,export
flask_charges_used_+%,2918027409,644456512,export
flask_duration_+%,481013743,3741323227,export
flask_duration_+%_per_level,2839891566,981878473,export
flask_duration_on_minions_+%,2989184983,1932583315,export
flask_effect_+%,1630961126,114734841,export
flask_effect_+%_per_level,1979430194,3867344930,export
flask_life_recovery_+%_while_affected_by_vitality,2914155691,362838683,export
flask_life_recovery_rate_+%,3770300851,51994685,export
flask_life_to_recover_+%,2114039945,821241191,export
flask_mana_recovery_rate_+%,1486839753,1412217137,export
flask_mana_to_recover_+%,808532262,2222186378,export
flasks_%_chance_to_not_consume_charges,1269642410,311641062,export
flasks_apply_to_your_linked_targets,3283769696,865273657,export
flasks_apply_to_your_zombies_and_spectres,3352653767,3127641775,export
flasks_gain_x_charges_on_hit_once_per_second_vs_non_unique,395547479,196260576,export
flasks_gain_x_charges_while_inactive_every_3_seconds,1035666485,3168399315,export
flesh_and_stone_area_of_effect_+%,1571892716,789978501,export
flesh_offering_attack_speed_+%,99774734,513715594,export
flesh_offering_duration_+%,3792174396,101788216,export
flesh_offering_effect_+%,915108075,3456379680,export
flesh_stone_mana_reservation_efficiency_-2%_per_1,2663860424,3563089138,export
flesh_stone_no_reservation,1299606259,2060601355,export
flicker_strike_cooldown_speed_+%,154192696,1398394628,export
flicker_strike_damage_+%,4221637275,464448327,export
flicker_strike_damage_+%_per_frenzy_charge,2436264030,3701991680,export
focus_cooldown_speed_+%,1401048439,3610263531,export
forbidden_rite_damage_+%,1254502917,3383175526,export
forbidden_rite_number_of_additional_projectiles,919341867,3047407995,export
forbidden_rite_projectile_speed_+%,420260160,3316480899,export
fortify_duration_+%,1051148923,2966206079,export
freeze_chilled_enemies_as_though_dealt_damage_+%,4046600483,4272678430,export
freeze_duration_+%,2944420212,1073942215,export
freeze_mine_cold_resistance_+_while_frozen,2399551167,2933995134,export
freeze_mine_radius_+%,3715758690,2035168499,export
freeze_prevention_ms_when_frozen,1482103084,3612464552,export
freezing_pulse_cast_speed_+%,2546116313,1894493605,export
freezing_pulse_damage_+%,1894006734,819852672,export
freezing_pulse_projectile_speed_+%,1406926950,2003026405,export
frenzy_%_chance_to_gain_additional_frenzy_charge,2374445847,4243904146,export
frenzy_and_power_charge_add_duration_ms_on_cull,2481516985,4244234128,export
frenzy_charge_duration_+%_per_frenzy_charge,2073050838,2543931078,export
frenzy_charge_on_hit_%_vs_no_evasion_rating,3311344604,471924383,export
frenzy_damage_+%,1876464793,522780692,export
frenzy_damage_+%_per_frenzy_charge,3828204269,1255310381,export
frost_blades_damage_+%,1164135944,3449510470,export
frost_blades_projectile_speed_+%,1324139943,1087923932,export
frost_bolt_cast_speed_+%,2380925679,4231484190,export
frost_bolt_damage_+%,4021495435,2078274993,export
frost_bolt_freeze_chance_%,3717200596,2774873427,export
frost_bolt_nova_cooldown_speed_+%,2047575011,2461424099,export
frost_bolt_nova_damage_+%,2365380582,200942664,export
frost_bolt_nova_duration_+%,170870623,4074562940,export
frost_bolt_nova_radius_+%,1945071099,1730614496,export
frost_bomb_buff_duration_+%,3988203845,2109176627,export
frost_bomb_cooldown_speed_+%,297623012,3524326896,export
frost_bomb_damage_+%,1926798180,2380598805,export
frost_bomb_radius_+%,498793046,1451372148,export
frost_fury_additional_max_number_of_stages,1474617496,3734339018,export
frost_fury_area_of_effect_+%_per_stage,3799289332,1017161280,export
frost_fury_damage_+%,3358394834,2200744772,export
frost_globe_added_cooldown_count,1835728211,915160899,export
frost_globe_health_per_stage,3506389673,2511493969,export
frost_wall_cooldown_speed_+%,1775745237,2479762395,export
frost_wall_duration_+%,1145828008,775034903,export
frostbite_curse_effect_+%,729542163,1443215722,export
frostbite_duration_+%,3540470819,1783696476,export
frostbite_mana_reservation_+%,594058850,4272260340,export
frostbite_no_reservation,146885019,3062707366,export
frozen_legion_added_cooldown_count,3717984392,2876793597,export
frozen_legion_cooldown_speed_+%,3779958837,3809563078,export
frozen_monsters_take_%_increased_damage,55783908,1588094148,export
frozen_monsters_take_increased_damage,4037838224,849085925,export
frozen_sweep_damage_+%,33139534,1048825825,export
fungal_ground_while_stationary_radius,1179742142,799872465,export
gain_%_es_when_spirit_charge_expires_or_consumed,1992574791,1996775727,export
gain_%_life_when_spirit_charge_expires_or_consumed,501644590,305634887,export
gain_%_of_phys_as_extra_chaos_per_elder_item_equipped,1368865567,1423002070,export
gain_+%_physical_damage_as_random_element_if_cast_elemental_weakness_in_past_10_seconds,1822287939,4281949537,export
gain_1_rare_monster_mod_on_kill_for_10_seconds_%_chance,2157587250,2736829661,export
gain_20%_chance_to_explode_enemies_for_100%_life_on_kill_for_X_seconds_every_10_seconds,792886215,3581844317,export
gain_X%_armour_per_100_mana_reserved,1965491196,749219868,export
gain_X%_armour_per_50_mana_reserved,1901154009,2574337583,export
gain_X_endurance_charges_per_second,1903600083,3778599971,export
gain_X_energy_shield_on_killing_shocked_enemy,1653042388,347328113,export
gain_X_frenzy_charges_after_spending_200_mana,3991097418,3868549606,export
gain_X_frenzy_charges_per_second,736462750,651232125,export
gain_X_life_on_stun,662416523,2968301430,export
gain_X_power_charges_on_using_a_warcry,2878128538,4118945608,export
gain_X_power_charges_per_second,1946835551,521054609,export
gain_X_random_charges_every_6_seconds,3079041496,4282426229,export
gain_a_endurance_charge_every_X_seconds_while_stationary,1359880186,3331206505,export
gain_absorption_charges_instead_of_power_charges,1811354352,1379726309,export
gain_accuracy_rating_equal_to_strength,3026578790,1575519214,export
gain_adrenaline_for_X_seconds_on_kill,3141551265,4145689649,export
gain_adrenaline_for_X_seconds_on_low_life_unless_you_have_adrenaline,1555632261,4205704547,export
gain_adrenaline_on_gaining_flame_touched,2056321339,349619704,export
gain_adrenaline_when_ward_breaks_ms,3581138732,4231915769,export
gain_affliction_charges_instead_of_frenzy_charges,100410983,1602173343,export
gain_alchemists_genius_on_flask_use_%,2827973723,2989883253,export
gain_an_additional_vaal_soul_on_kill_if_have_rampaged_recently,719279109,3271016161,export
gain_arcane_surge_for_4_seconds_when_you_create_consecrated_ground_while_affected_by_zealotry,1389972689,1919069577,export
gain_arcane_surge_on_200_life_spent,2601275415,3204560615,export
gain_arcane_surge_on_crit_%_chance,1246785083,446027070,export
gain_arcane_surge_on_hit_%_chance,4016532615,4208096430,export
gain_arcane_surge_on_hit_chance_with_spells_while_at_maximum_power_charges_%,297607043,813119588,export
gain_arcane_surge_on_kill_chance_%,3864407489,573223427,export
gain_arcane_surge_on_movement_skill_use,237753748,3221795893,export
gain_arcane_surge_on_spell_hit_by_you_or_your_totems,3162281241,4286031492,export
gain_area_of_effect_+%_for_2_seconds_when_you_spend_800_mana,3801517563,3591816140,export
gain_attack_speed_+%_for_20_seconds_on_killing_rare_or_unique_enemy,3527601348,3243270997,export
gain_attack_speed_+%_for_4_seconds_if_taken_savage_hit,1221932239,3842406602,export
gain_blood_shrine_buff_every_x_ms_from_unique,669339142,1758488586,export
gain_boons_instead_of_afflictions_when_using_a_pact_skill,69942281,3129228821,pob
gain_brutal_charges_instead_of_endurance_charges,1020875198,2306836071,export
gain_celestial_charge_per_X_spent_es,215579594,410922651,export
gain_chilling_shocking_igniting_conflux_while_affected_by_glorious_madness,2063418140,3909952544,export
gain_crimson_dance_if_have_dealt_critical_strike_recently,4092697387,1756017808,export
gain_crimson_dance_while_you_have_cat_stealth,2513193054,3492797685,export
gain_critical_strike_chance_%_for_2_seconds_when_you_spend_800_mana,2125963763,2864779809,export
gain_debilitating_presence_ms_on_kill_vs_rare_or_unique_enemy,2567080776,3442107889,export
gain_divine_charge_on_hit_%,1774574780,108334292,export
gain_divinity_ms_when_reaching_maximum_divine_charges,4185600010,1174243390,export
gain_elemental_conflux_if_6_unique_influence_amoung_equipped_non_amulet_items,3145951597,2741732114,export
gain_elusive_on_crit_%_chance,4241268551,2896192589,export
gain_elusive_on_reaching_low_life,3524369578,2868692131,export
gain_endurance_charge_if_attack_freezes,1679721387,407576170,export
gain_endurance_charge_on_power_charge_expiry,4071478090,1791875585,export
gain_endurance_charge_per_second_if_have_been_hit_recently,1836946702,2894476716,export
gain_endurance_charge_per_second_if_have_been_hit_recently_if_4_warlord_items,320267104,4160015669,export
gain_flask_chance_on_crit_%,609034184,3738001379,export+pob
gain_flask_charge_on_crit_chance_%_while_at_maximum_frenzy_charges,3010069640,3371432622,export
gain_flask_charges_every_second_if_hit_unique_enemy_recently,2462418565,3599443205,export
gain_frenzy_charge_if_attack_ignites,76948135,3598983877,export
gain_frenzy_charge_on_critical_strike_%,1536918202,3032585258,export
gain_frenzy_charge_on_critical_strike_at_close_range_%,2832525950,911695185,export
gain_frenzy_charge_on_hit_%_while_blinded,927684713,2478268100,export
gain_frenzy_charge_on_hit_while_bleeding,694274374,2977774856,export
gain_frenzy_charge_on_hitting_rare_or_unique_enemy_%,1896479409,4179663748,export
gain_frenzy_charge_on_hitting_unique_enemy_%,1555018434,4113439745,export
gain_frenzy_charge_on_kill_vs_enemies_with_5+_poisons_%,2582670557,496822696,export
gain_frenzy_charge_on_reaching_maximum_power_charges,287518646,2732344760,export
gain_frenzy_charge_per_enemy_you_crit_%_chance,1275515975,1302845655,export
gain_frenzy_power_endurance_charges_on_vaal_skill_use,1485902420,1258100102,export
gain_her_blessing_for_3_seconds_on_ignite_%,1647991122,4203400545,export
gain_her_embrace_for_x_ms_on_enemy_ignited,724314717,608963131,export
gain_iron_reflexes_while_at_maximum_frenzy_charges,2449516954,1990354706,export
gain_iron_reflexes_while_stationary,2948347725,187998220,export
gain_life_regeneration_per_minute_%_for_1_second_every_4_seconds_if_2_hunter_items,3337294245,3417925939,export
gain_magic_monster_mods_on_kill_%_chance,3400076568,3976991498,export
gain_max_rage_on_losing_temporal_chains_debuff,508308072,2174796794,export
gain_max_rage_on_rage_gain_from_hit_%_chance,1625894653,2710292678,export
gain_maximum_endurance_charges_on_endurance_charge_gained_%_chance,1974173419,2713233613,export
gain_maximum_endurance_charges_when_crit_chance_%,957990247,4080206249,export
gain_maximum_frenzy_and_endurance_charges_when_you_gain_cats_agility,3287929678,523966073,export
gain_maximum_frenzy_and_power_charges_when_you_gain_cats_stealth,2512912878,2446580062,export
gain_maximum_frenzy_charges_on_frenzy_charge_gained_%_chance,271602315,2119664154,export
gain_maximum_life_instead_of_maximum_es_from_armour,598400850,3734229311,export
gain_maximum_life_instead_of_maximum_es_from_armour_at_x%_of_the_value,1015898316,581055101,export
gain_maximum_power_charges_on_power_charge_gained_%_chance,1690282608,1232004574,export
gain_maximum_power_charges_on_vaal_skill_use,688769234,3558528738,export
gain_mind_over_matter_while_at_maximum_power_charges,2014086814,1876857497,export
gain_no_armour_from_body_armour,2604042089,2150125858,export
gain_no_inherent_bonus_from_strength,2827511724,2035199242,export
gain_no_maximum_life_from_strength,456374896,2290031712,export
gain_no_maximum_mana_from_intelligence,1729555179,2546599258,export
gain_onslaught_during_soul_gain_prevention,1266851337,1572897579,export
gain_onslaught_for_3_seconds_%_chance_when_hit,4147552383,3049760680,export
gain_onslaught_ms_on_using_a_warcry,307015668,3049436415,export
gain_onslaught_on_200_mana_spent,1360063023,351890141,export
gain_onslaught_on_hit_chance_while_at_maximum_frenzy_charges_%,4120938129,2408544213,export
gain_onslaught_on_hit_duration_ms,1579642785,2514424018,export
gain_onslaught_on_kill_ms_while_affected_by_haste,2221492011,1424006185,export
gain_onslaught_while_at_maximum_endurance_charges,1969473640,3101915418,export
gain_onslaught_while_not_on_low_mana,2797816089,1959256242,export
gain_onslaught_while_on_low_life,3723666508,1871938116,export
gain_onslaught_while_you_have_cats_agility,1339474249,4274075490,export
gain_onslaught_while_you_have_fortify,3605650365,1493590317,export
gain_perfect_agony_if_you_have_crit_recently,648407987,3058395672,export
gain_permilliage_total_phys_damage_prevented_recently_as_es_regen_per_sec_if_6_crusader_items,3939577835,2588231083,export
gain_phasing_for_4_seconds_on_begin_es_recharge,1960953481,2632954025,export
gain_phasing_if_enemy_killed_recently,703885940,3489372920,export
gain_phasing_while_affected_by_haste,439975305,1346311588,export
gain_phasing_while_you_have_cats_stealth,3767692281,1834455446,export
gain_phasing_while_you_have_low_life,3075996263,23466649,export
gain_physical_damage_immunity_on_rampage_threshold_ms,3288930832,3100457893,export
gain_player_far_shot_while_do_not_have_iron_reflexes,2060921396,3284029342,export
gain_power_charge_on_curse_cast_%,4125126665,322835727,export
gain_power_charge_on_hit_%_chance_against_frozen_enemy,2716538980,3973790753,export
gain_power_charge_on_hit_while_bleeding,2780866958,3468151987,export
gain_power_charge_on_kill_vs_enemies_with_less_than_5_poisons_%,1743036857,352612932,export
gain_power_charge_on_vaal_skill_use_%,3179577398,2383388829,export
gain_power_charge_per_enemy_you_crit,1485101334,1556625719,export
gain_power_charge_per_second_if_have_not_lost_power_charge_recently,3860445757,1099200124,export
gain_power_charge_when_throwing_trap_%,158757928,1936544447,export
gain_rampage_while_at_maximum_endurance_charges,2604769680,1643796079,export
gain_random_charge_on_block,2979766682,2199099676,export
gain_random_charge_per_second_while_stationary,3159882652,1438403666,export
gain_rare_monster_mods_on_kill_ms,2787397750,2913235441,export
gain_resolute_technique_while_do_not_have_elemental_overload,923749510,2905429068,export
gain_sacrificial_zeal_on_skill_use_%_cost_as_damage_per_minute,1705024407,2287328323,export
gain_scorching_sapping_brittle_confluxes_while_two_highest_attributes_equal,4073830392,1518701332,export
gain_shapers_presence_for_10_seconds_on_killing_rare_or_unique_monster,3611246649,1091613629,export
gain_shrine_buff_every_x_ms,4074995921,2284520710,export
gain_shrine_buff_on_rare_or_unique_kill_centiseconds,578929876,3493440964,export
gain_single_conflux_for_3_seconds_every_8_seconds,3082810155,1190121450,export
gain_siphoning_charge_on_skill_use_%_chance,1505605323,2922737717,export
gain_soul_eater_during_flask_effect,1430152179,3968454273,export
gain_soul_eater_for_x_ms_on_vaal_skill_use,3967789927,161058250,export
gain_soul_eater_stack_on_hit_vs_unique_cooldown_ms,3963504821,2103621252,export
gain_spell_cost_as_energy_shield_every_fifth_cast,1602900303,1357409216,export
gain_spirit_charge_every_x_ms,543261904,328131617,export
gain_spirit_charge_on_kill_%_chance,2420642220,570644802,export
gain_unholy_might_for_2_seconds_on_crit,497770638,2763710567,export
gain_unholy_might_for_4_seconds_on_crit,1391712852,2959020308,export
gain_unholy_might_on_rampage_threshold_ms,99050173,757315075,export
gain_up_to_maximum_fragile_regrowth_when_hit,2537708447,2796308895,export
gain_vaal_pact_if_you_have_crit_recently,3348200371,1032751668,export
gain_vaal_pact_while_at_maximum_endurance_charges,3120385035,1314418188,export
gain_vaal_pact_while_focused,4241836551,2022851697,export
gain_x_es_on_trap_triggered_by_an_enemy,1233588476,1073384532,export
gain_x_fragile_regrowth_per_second,2324431691,3841984913,export
gain_x_grasping_vines_when_you_take_a_critical_strike,3777648528,375932027,export
gain_x_life_on_trap_triggered_by_an_enemy,2842425433,3952196842,export
gain_x_life_when_endurance_charge_expires_or_consumed,194867903,3915702459,export
gain_x_rage_on_attack_hit,3090479247,2676601655,export
gain_x_rage_on_hit_with_tinctured_weapons,3606048990,2012294704,pob
gain_x_rage_on_melee_hit,2597182932,2709367754,export
gain_x_rage_per_200_mana_spent,1462692672,3199910734,export
galvanic_arrow_projectile_speed_+%,4161317584,1698558866,export
galvanic_field_cast_speed_+%,628171337,2364563825,export
galvanic_field_damage_+%,279332795,3821213705,export
galvanic_field_number_of_chains,2262172316,3893203185,export
gem_experience_gain_+%,3861226286,3808869043,export
generals_cry_cooldown_speed_+%,4242388219,3637727672,export
generals_cry_maximum_warriors_+,294388117,2889995769,export
ghost_cutlass_melee_damage_+%_final_while_burning,2245737949,1353128245,export
ghost_totem_skill_damage_+%_final,1028257020,3959546773,export
glacial_cascade_damage_+%,2452783914,451037529,export
glacial_cascade_physical_damage_%_to_add_as_cold,2776526633,3492427828,export
glacial_cascade_physical_damage_%_to_convert_to_cold,3289964334,1154155584,export
glacial_cascade_radius_+%,392077093,88796379,export
glacial_hammer_damage_+%,1962281578,2732675053,export
glacial_hammer_freeze_chance_%,939482816,288248772,export
glacial_hammer_physical_damage_%_to_add_as_cold_damage,1739989618,2555366825,export
global_added_chaos_damage_%_of_ward,3502136179,3535421504,export
global_always_hit,4017633145,1165023334,export
global_attack_speed_+%_per_green_socket_on_item,2357759678,250876318,export
global_cannot_crit,4188999201,3638599682,export
global_chance_to_blind_on_hit_%,2262764505,2221570601,export
global_critical_strike_chance_+%_per_blue_socket_on_item,2632157653,3285215387,export
global_critical_strike_chance_+%_vs_chilled_enemies,4294590929,3699490848,export
global_critical_strike_mulitplier_+_per_green_socket_on_item,3933156422,35810390,export
global_critical_strike_multiplier_+_while_you_have_no_frenzy_charges,680813901,3062763405,export
global_critical_strike_multiplier_while_dual_wielding_+,3493814819,2546185479,export
global_defences_+%,3876935410,1389153006,export
global_defences_+%_if_no_defence_modifiers_on_equipment_except_body_armour,3527600173,2939710712,export
global_defences_+%_per_active_minion_not_from_vaal_skills,3563789559,3169460653,export
global_defences_+%_per_empty_gem_socket_on_item,4226156355,1422003590,export
global_defences_+%_per_white_socket_on_item,1041481190,967108924,export
global_evasion_rating_+_while_moving,3985320712,3825877290,export
global_hit_causes_monster_flee_%,3944612256,3181974858,export+pob
global_item_attribute_requirements_+%,2975698090,752930724,export
global_life_leech_from_physical_attack_damage_per_red_socket_on_item_permyriad,3227339396,3025389409,export
global_mana_leech_from_physical_attack_damage_permyriad_per_blue_socket_on_item,789897735,172852114,export+pob
global_melee_range_+_per_white_socket_on_item,2052908305,2076080860,export
global_reduce_enemy_block_%,1410610558,2477381238,export
global_weapon_physical_damage_+%_per_red_socket_on_item,3473533098,2112615899,export
glove_implicit_gain_rage_on_attack_hit_cooldown_ms,4165037158,2802161115,export
gloves_freeze_proliferation_radius,2642444289,1623640288,export+pob
gloves_ignite_proliferation_radius,2591225628,2011785027,export
gloves_shock_proliferation_radius,673793169,424549222,export
glows_in_area_with_unique_fish,2007913644,931560398,export
goat_footprints_from_item,2919935724,3576153145,export
golem_attack_and_cast_speed_+%,1462657821,56225773,export
golem_buff_effect_+%,2002502597,2109043683,export
golem_cooldown_recovery_+%,2689219476,3246099900,export
golem_damage_+%_if_summoned_in_past_8_seconds,1954131980,2869193493,export
golem_damage_+%_per_active_golem_type,748788013,2114157293,export
golem_life_regeneration_per_minute_%,3260851254,2235163762,export
golem_maximum_life_+%,1188633769,1750735210,export
golem_movement_speed_+%,4229351699,186383409,export
golem_physical_damage_reduction_rating,375601601,1020786773,export
golem_scale_+%,1603808869,2576412389,export
golem_skill_cooldown_recovery_+%,2996833745,729180395,export
golems_larger_aggro_radius,1388581895,3630426972,export
grace_aura_effect_+%,352312936,397427740,export
grace_mana_reservation_+%,276559304,1549898151,export
grace_mana_reservation_efficiency_+%,2245035364,900639351,export+pob
grace_mana_reservation_efficiency_-2%_per_1,2378167195,1803598623,export
grace_reserves_no_mana,1307018803,2930404958,export
graft_skill_all_ailment_duration_+%,361769073,2184130410,pob
graft_skill_area_of_effect_+%,3002660113,137115575,pob
graft_skill_chaining_range_+%,1000103992,3533780673,pob
graft_skill_chance_to_freeze_%,2566608558,3732269294,pob
graft_skill_chance_to_ignite_%,2003993656,158467587,pob
graft_skill_chance_to_unnerve_on_hit_%,813015888,2418139890,pob
graft_skill_cold_damage_%_to_add_as_chaos,919401131,2752930426,pob
graft_skill_conductivity_on_hit_chance_%,3136364520,3285341404,pob
graft_skill_cooldown_speed_+%,4250706596,1053840971,pob
graft_skill_cover_in_ash_on_hit_%,3589543903,613591578,pob
graft_skill_cover_in_frost_on_hit_%,145136167,1987305786,pob
graft_skill_critical_strike_chance_+%,1579417869,1443956585,pob
graft_skill_crush_on_hit_chance_%,3728651229,668072950,pob
graft_skill_curse_with_punishment_on_hit_%,3647557916,1245902490,pob
graft_skill_damage_+%,3824246750,3686635598,pob
graft_skill_damage_+%_vs_ignited_enemies,2844614399,3781496089,pob
graft_skill_damaging_ailments_deal_damage_+%_faster,462265394,4230320163,pob
graft_skill_duration_+%,1598273436,261121382,pob
graft_skill_esh_jolt_maximum_attack_damage_+%_final_to_grant,3491043902,3853303544,pob
graft_skill_esh_lightning_bolts_number_of_bolts,2913898389,2810785117,pob
graft_skill_esh_lightning_hands_number_of_hands_spawned,244623181,300482938,pob
graft_skill_fire_damage_%_to_add_as_chaos,927856096,2506782284,pob
graft_skill_frostbite_on_hit_chance_%,1879167028,1593675162,pob
graft_skill_ignore_enemy_physical_damage_reduction_chance_%,2409380712,2150059749,pob
graft_skill_impale_debuff_effect_+%,905938740,1501454660,pob
graft_skill_inflict_fire_exposure_on_hit_%_chance,1951368771,3069466464,pob
graft_skill_inflict_lightning_exposure_on_hit_%_chance,3709918069,2375092881,pob
graft_skill_intimidate_on_hit_chance_%,950751948,1790471105,pob
graft_skill_jolt_buff_critical_strike_chance_+%_to_grant,3626478299,1265046157,pob
graft_skill_jolt_buff_critical_strike_multiplier_+_to_grant,1691208209,3905327148,pob
graft_skill_jolt_buff_maximum_buff_count,2614237094,1601123381,pob
graft_skill_jolt_buff_movement_velocity_+%_to_grant,463853450,1945948244,pob
graft_skill_level_+,2378504662,324804503,pob
graft_skill_lightning_damage_%_to_add_as_chaos,3612250845,9906535,pob
graft_skill_minion_attack_speed_+%,2144573721,967852806,pob
graft_skill_minion_attacks_chance_to_taunt_on_hit_%,1120863926,131940510,pob
graft_skill_minion_damage_+%,1096521061,3690025845,pob
graft_skill_minion_maximum_life_+%,2799897947,4267516534,pob
graft_skill_minion_physical_damage_%_to_add_as_cold,4212561404,2186396714,pob
graft_skill_minions_%_chance_to_blind_on_hit,783923705,2313228671,pob
graft_skill_non_damaging_ailment_effect_+%,735110072,308139248,pob
graft_skill_number_of_additional_projectiles,1882236582,2858824325,pob
graft_skill_projectile_damage_+%_final_if_pierced_enemy,1285758041,793704702,pob
graft_skill_projectile_speed_+%,2561530238,76615773,pob
graft_skill_reduce_enemy_cold_resistance_%,329867665,4063492405,pob
graft_skill_reduce_enemy_fire_resistance_%,1464635232,2425071139,pob
graft_skill_reduce_enemy_lightning_resistance_%,3242585561,4236519263,pob
graft_skill_shock_as_though_dealing_damage_+%_final,4152944108,3626715014,pob
graft_skill_shock_chance_%,244156200,2376903385,pob
graft_skill_skip_cooldown_chance_%,3930521652,2520970416,pob
graft_skill_spells_chance_to_hinder_on_hit_%,243964229,463925000,pob
graft_skill_stun_duration_+%,1710179823,3150918189,pob
graft_skill_tul_aegis_%_elemental_resistance_to_grant,2842577391,2134023442,pob
graft_skill_tul_aegis_additional_maximum_all_elemental_resistances_%_to_grant,1022808935,557952718,pob
graft_skill_tul_aegis_aegis_shield_amount_granted_on_applying_exposure,287433748,3725714391,pob
graft_skill_tul_mortar_damage_+%_final_vs_frozen_enemies,4189091475,3395681357,pob
graft_skill_tul_mortars_maximum_mortars_fired_per_volley,1339698768,2123039991,pob
graft_skill_tul_tornado_damage_+%_final,1110129510,1180345918,pob
graft_skill_uulnetol_bone_spires_num_of_spires_to_create,1639817225,385266470,pob
graft_skill_uulnetol_hand_slam_damage_for_cdr_damage_+%_final,3670554712,1662209485,pob
graft_skill_uulnetol_impale_buff_attack_area_of_effect_+%_to_grant,1081056589,468012134,pob
graft_skill_uulnetol_impale_buff_attack_speed_+%_to_grant,86289686,1570004834,pob
graft_skill_uulnetol_impale_buff_hits_ignore_enemy_monster_physical_damage_reduction_%_chance_to_grant,1410342943,3830354140,pob
graft_skill_uulnetol_impale_buff_impale_effect_%_to_grant,2472355274,2000483559,pob
graft_skill_vulnerability_on_hit_chance_%,1045458308,3989101809,pob
graft_skill_xoph_ailment_buff_%_of_physical_damage_gained_as_element_to_grant,2321944224,4234527870,pob
graft_skill_xoph_ailment_buff_also_grants_%_elemental_resistance,3031499882,457484464,pob
graft_skill_xoph_ailment_buff_also_grants_%_of_elemental_damage_added_as_chaos,337114763,1761211254,pob
graft_skill_xoph_ailment_buff_also_grants_avoid_all_elemental_status_%,2051508098,4070390513,pob
graft_skill_xoph_flame_pillars_number_of_pillars,453039353,652310659,pob
graft_skill_xoph_geyser_explosion_number_of_geysers_to_spawn,3259528336,2610093703,pob
graft_skill_xoph_geyser_explosion_number_of_projectiles_to_erupt,3566669995,4169460025,pob
graft_skill_xoph_molten_shell_absorb_limit,4008018223,602627011,pob
graft_skill_xoph_molten_shell_additional_%_armour_during_buff,3730621063,2057803518,pob
graft_skill_xoph_molten_shell_damage_absorbed_%,4266164943,2664271989,pob
graft_skill_xoph_molten_shell_shield_amount_+%_final,3397304442,2338032775,pob
graft_uulnetol_attack_block_chance_+_to_grant_on_reaching_low_life,369734876,2530984421,pob
graft_uulnetol_life_leech_permyriad_to_grant_on_reaching_low_life,2856287897,291373897,pob
graft_uulnetol_life_recovery_rate_+%_final_to_grant_on_reaching_low_life,957852376,1082722194,pob
graft_uulnetol_number_of_endurance_charges_to_grant_on_reaching_low_life,4172929537,994844444,pob
grant_X_frenzy_charges_to_nearby_allies_on_death,1906825914,2105456174,export
grant_animated_minion_melee_splash_damage_+%_final_for_splash,1124728915,478698670,export
grant_void_arrow_every_x_ms,4287037695,34273389,export
greatwolf_damage_+%,1226405610,622110632,export
ground_slam_angle_+%,1206513685,648647905,export
ground_slam_damage_+%,4143478685,108883700,export
ground_slam_radius_+%,3313242531,3061969105,export
ground_smoke_on_rampage_threshold_ms,2174000803,3321583955,export
ground_smoke_when_hit_%,2220635461,953314356,export
ground_tar_on_block_base_area_of_effect_radius,2584475466,2894567787,export
ground_tar_on_take_crit_base_area_of_effect_radius,19962822,927458676,export
guard_skill_cooldown_recovery_+%,4190978450,3150300096,export
guardian_gain_life_regeneration_per_minute_%_for_1_second_every_10_seconds,3151631644,1242155304,export
guardian_nearby_enemies_cannot_gain_charges,600906331,4031527864,export
guardian_remove_curses_and_status_ailments_every_10_seconds,2508480523,2189230542,export
guardian_reserved_mana_granted_to_you_and_allies_as_armour_%,4058371180,681709908,export
guardian_warcry_grant_attack_cast_and_movement_speed_to_you_and_nearby_allies_+%,534378601,1464115829,export
guardian_with_5_nearby_allies_you_and_allies_have_onslaught,3971150923,3730497630,export
half_physical_bypasses_es_half_chaos_damages_es_when_X_corrupted_items_equipped,4210551396,3225265684,export
has_avoid_shock_as_avoid_all_elemental_ailments,2204860844,2543019543,export
has_curse_limit_equal_to_maximum_power_charges,3743231503,973000407,export
has_ghost_furnace,2031711827,2084152132,pob
has_ignite_duration_on_self_as_all_elemental_ailments_on_self,2273087893,2845551354,export
has_unique_brutal_shrine_effect,841212671,2761538350,export
has_unique_massive_shrine_effect,1880618985,3779398176,export
haste_aura_effect_+%,1843297161,1240056437,export
haste_mana_reservation_+%,209026227,91821600,export
haste_mana_reservation_efficiency_-2%_per_1,1190378236,939320550,export
haste_reserves_no_mana,1447565650,751322171,export
hatred_aura_effect_+%,586620564,3742945352,export
hatred_mana_reservation_+%,3007327127,3835483564,export
hatred_mana_reservation_efficiency_+%,116036789,2156140483,export+pob
hatred_mana_reservation_efficiency_-2%_per_1,116036789,2156140483,export
hatred_reserves_no_mana,1732896974,1391583476,export
hazard_belt_mod_mine_damage_+%_final_if_trap_triggered_recently,261840371,1702492342,export
hazard_belt_mod_trap_damage_+%_final_if_detonated_mine_recently,2554591707,2513988000,export
heavy_strike_attack_speed_+%,4102287499,343849491,export
heavy_strike_chance_to_deal_double_damage_%,2091062010,3760588941,export
heavy_strike_damage_+%,456404479,954135826,export
heist_additional_abyss_rewards_from_reward_chests_%,3497335296,1361025326,export
heist_additional_armour_rewards_from_reward_chests_%,1111560008,3835470471,export
heist_additional_blight_rewards_from_reward_chests_%,1404601151,2581419165,export
heist_additional_breach_rewards_from_reward_chests_%,2533604176,4146386957,export
heist_additional_delirium_rewards_from_reward_chests_%,3799593623,3876876906,export
heist_additional_delve_rewards_from_reward_chests_%,3969800970,1852069308,export
heist_additional_divination_rewards_from_reward_chests_%,3544775280,3099138455,export
heist_additional_essences_rewards_from_reward_chests_%,1187572567,2454528473,export
heist_additional_gems_rewards_from_reward_chests_%,406462431,2610785454,export
heist_additional_gold_rewards_from_reward_chests_%,3316209704,854906305,export
heist_additional_harbinger_rewards_from_reward_chests_%,1257700945,73487979,export
heist_additional_jewellery_rewards_from_reward_chests_%,3636426633,1323476506,export
heist_additional_legion_rewards_from_reward_chests_%,364140130,1463604143,export
heist_additional_metamorph_rewards_from_reward_chests_%,327495454,1485150248,export
heist_additional_talisman_rewards_from_reward_chests_%,2743552008,2917742181,export
heist_additional_uniques_rewards_from_reward_chests_%,988950086,3145607602,export
heist_additional_weapons_rewards_from_reward_chests_%,1414874739,953018841,export
heist_alert_level_gained_on_monster_death,2060040643,1535006826,export
heist_alert_level_gained_per_10_sec,2315703842,3138486617,export
heist_blueprint_reward_always_currency_or_scarab,1469382563,4168369352,export
heist_blueprint_reward_always_enchanted_equipment,735898777,3709545805,export
heist_blueprint_reward_always_experimented,625153758,4182516619,export
heist_blueprint_reward_always_trinket,3974483649,1123534836,export
heist_blueprint_reward_always_unique,888553806,2619914138,export
heist_chests_double_blighted_maps_and_catalysts_%,4059041004,2121053002,export
heist_chests_double_breach_splinters_%,3278886057,668504404,export
heist_chests_double_catalysts_%,551595907,746798754,export
heist_chests_double_currency_%,1394897529,14664297,export
heist_chests_double_delirium_orbs_and_splinters_%,3622138276,1870262721,export
heist_chests_double_divination_cards_%,2788761371,63302094,export
heist_chests_double_essences_%,4016762751,2175178647,export
heist_chests_double_jewels_%,3863810752,2462090973,export
heist_chests_double_legion_splinters_%,160894370,145701647,export
heist_chests_double_map_fragments_%,1413389087,3967122169,export
heist_chests_double_maps_%,2628627923,2885763444,export
heist_chests_double_oils_%,3650963397,2233905349,export
heist_chests_double_scarabs_%,2512356778,4216809421,export
heist_chests_double_sextants_%,3429390838,590557979,export
heist_chests_unique_rarity_%,1947107931,3288016752,export
heist_coins_dropped_by_monsters_double_%,3906351264,823106560,export
heist_coins_from_world_chests_double_%,2386412847,833254006,export
heist_contract_alert_level_+%,4273879068,703341733,export
heist_contract_alert_level_from_chests_+%,3095882197,2500803699,export
heist_contract_alert_level_from_monsters_+%,1083143019,2629058372,export
heist_contract_gang_cost_+%,2447499002,293465345,export
heist_contract_gang_takes_no_cut,2747689375,616993076,export
heist_contract_guarding_monsters_damage_+%,555677587,2569717992,export
heist_contract_guarding_monsters_take_damage_+%,1308113297,873692616,export
heist_contract_no_travel_cost,3231918853,2946222246,export
heist_contract_npc_cost_+%,1920557852,2257592286,export
heist_contract_objective_completion_time_+%,1428449731,2978905446,export
heist_contract_patrol_additional_elite_chance_+%,2109455237,1982436039,export
heist_contract_patrol_damage_+%,1442790391,3144910208,export
heist_contract_patrol_take_damage_+%,2203642367,3702411606,export
heist_contract_side_area_monsters_damage_+%,372278354,1390113017,export
heist_contract_side_area_monsters_take_damage_+%,3833872844,839556554,export
heist_contract_total_cost_+%_final,2732713575,553402472,export
heist_contract_travel_cost_+%,1120360625,2904116257,export
heist_currency_alteration_drops_as_alchemy_%,1808546575,1122682019,export
heist_currency_alteration_drops_as_chaos_%,7926196,844812352,export
heist_currency_alteration_drops_as_regal_%,3890790760,1290611485,export
heist_currency_augmentation_drops_as_alchemy_%,1051430560,306037665,export
heist_currency_augmentation_drops_as_chaos_%,1920270663,2559492014,export
heist_currency_augmentation_drops_as_regal_%,2677806506,1071676747,export
heist_currency_chaos_drops_as_divine_%,3220221732,2106095595,export
heist_currency_chaos_drops_as_exalted_%,1846329096,779592324,export
heist_currency_chromatic_drops_as_fusing_%,2738702885,3213734550,export
heist_currency_chromatic_drops_as_jewellers_%,2668439660,1545361315,export
heist_currency_fusing_drops_as_chromatic_%,1824358081,129730173,export
heist_currency_jewellers_drops_as_chromatic_%,380134882,1764672620,export
heist_currency_jewellers_drops_as_fusing_%,4082475174,533969887,export
heist_currency_regal_drops_as_ancient_%,2525625367,709446441,export
heist_currency_regal_drops_as_divine_%,202438921,2766470009,export
heist_currency_regal_drops_as_exalted_%,993016001,866391849,export
heist_currency_regret_drops_as_annulment_%,2632760686,559827707,export
heist_currency_scouring_drops_as_annulment_%,1683575133,2845459668,export
heist_currency_scouring_drops_as_regret_%,1677901987,1824085933,export
heist_currency_transmutation_drops_as_alchemy_%,1564253610,2532905418,export
heist_currency_transmutation_drops_as_chaos_%,1909791263,3265666559,export
heist_drops_double_currency_%,3704179861,2966079414,export
heist_enchantment_ailment_mod_effect_+%,386945670,3086446674,export
heist_enchantment_attribute_mod_effect_+%,212747263,3243861579,export
heist_enchantment_casterdamage_mod_effect_+%,1537644868,1498186316,export
heist_enchantment_chaos_mod_effect_+%,1585375887,3196512240,export
heist_enchantment_cold_mod_effect_+%,4049793258,3206904707,export
heist_enchantment_critical_mod_effect_+%,361338837,2393315299,export
heist_enchantment_damage_mod_effect_+%,290458082,2979443822,export
heist_enchantment_defence_mod_effect_+%,74649954,3300369861,export
heist_enchantment_fire_mod_effect_+%,3595162232,3574578302,export
heist_enchantment_life_mod_effect_+%,1752767969,1308141466,export
heist_enchantment_lightning_mod_effect_+%,3609742544,3624940721,export
heist_enchantment_mana_mod_effect_+%,3481231262,3514984677,export
heist_enchantment_physical_mod_effect_+%,3966659302,1335369947,export
heist_enchantment_resistance_mod_effect_+%,3262906398,1972391381,export
heist_enchantment_speed_mod_effect_+%,3301532937,363924732,export
heist_interruption_resistance_%,632925521,3313284037,export
heist_item_quantity_+%,2215427617,3683643898,export
heist_item_rarity_+%,2298786042,2833896424,export
heist_items_are_fully_linked_%,647714246,3892832319,export
heist_items_drop_corrupted_%,559731720,530889264,export
heist_items_drop_identified_%,3892013405,701843516,export
heist_items_have_elder_influence_%,3158849209,3733808322,export
heist_items_have_one_additional_socket_%,147149678,986381677,export
heist_items_have_shaper_influence_%,1147471945,1494306466,export
heist_job_agility_level_+,4108697973,2943725337,export
heist_job_brute_force_level_+,1186971464,1169552613,export
heist_job_counter_thaumaturgy_level_+,842477364,4207149030,export
heist_job_deception_level_+,4140754177,828170926,export
heist_job_demolition_level_+,3549266588,2359025380,export
heist_job_demolition_speed_+%,2155381420,2847917427,export
heist_job_engineering_level_+,1695355076,2978835006,export
heist_job_lockpicking_level_+,1076546043,3031310169,export
heist_job_lockpicking_speed_+%,303502453,3312732077,export
heist_job_perception_level_+,1149041641,2932532516,export
heist_job_trap_disarmament_level_+,1398333480,555061211,export
heist_job_trap_disarmament_speed_+%,1136329913,1579578270,export
heist_lockdown_is_instant,796903137,1239251576,export
heist_player_additional_maximum_resistances_%_per_25%_alert_level,1354740344,652638686,export
heist_player_armour_+%_final_per_25%_alert_level,2745929713,2787931289,export
heist_player_cold_resistance_%_per_25%_alert_level,103770474,2916448124,export
heist_player_energy_shield_recovery_rate_+%_final_per_25%_alert_level,295144851,751773204,export
heist_player_evasion_rating_+%_final_per_25%_alert_level,1492089805,1238382441,export
heist_player_fire_resistance_%_per_25%_alert_level,2283516110,1318683911,export
heist_player_flask_charges_gained_+%_per_25%_alert_level,1506738997,816079058,export
heist_player_life_recovery_rate_+%_final_per_25%_alert_level,2465940757,1466172118,export
heist_player_lightning_resistance_%_per_25%_alert_level,2326369187,3839688967,export
heist_player_mana_recovery_rate_+%_final_per_25%_alert_level,3063186778,953449033,export
heist_reinforcements_attack_speed_+%,3397527454,1339532482,export
heist_reinforcements_cast_speed_+%,2771461364,1843941387,export
heist_reinforcements_movements_speed_+%,106221414,1342271987,export
heist_side_reward_room_monsters_+%,2549232322,4056408881,export
hellscape_boots_action_speed_+%_minimum_value,2107578103,770490590,export
helmet_mod_freeze_as_though_damage_+%_final,391011890,1302208736,export
helmet_mod_shock_as_though_damage_+%_final,1534415548,2206792089,export+pob
herald_effect_on_self_+%,3665207331,870531513,export
herald_mana_reservation_override_45%,3205900608,262773569,export
herald_of_agony_buff_effect_+%,1045596687,2572910724,export
herald_of_agony_mana_reservation_+%,2002202991,4253105373,export
herald_of_agony_mana_reservation_efficiency_+%,1222218847,1133703802,export+pob
herald_of_agony_mana_reservation_efficiency_-2%_per_1,2241175458,1284151528,export
herald_of_ash_buff_effect_+%,2417930188,2154349925,export
herald_of_ash_damage_+%,2522945700,767884542,export
herald_of_ash_mana_reservation_+%,1380863625,2328234364,export
herald_of_ash_mana_reservation_efficiency_+%,3827605823,2500442851,export+pob
herald_of_ash_mana_reservation_efficiency_-2%_per_1,3499924828,3819451758,export
herald_of_ice_buff_effect_+%,1904463681,1862926389,export
herald_of_ice_damage_+%,485011981,3910961021,export
herald_of_ice_mana_reservation_+%,2038219754,3537762266,export
herald_of_ice_mana_reservation_efficiency_+%,3991603730,3395872960,export+pob
herald_of_ice_mana_reservation_efficiency_-2%_per_1,3991603730,3395872960,export
herald_of_light_buff_effect_+%,3105325653,2126027382,export
herald_of_purity_mana_reservation_+%,4117571685,1730304831,export
herald_of_purity_mana_reservation_efficiency_+%,2020450107,2189040439,export+pob
herald_of_purity_mana_reservation_efficiency_-2%_per_1,2020450107,2189040439,export
herald_of_thunder_bolt_frequency_+%,4060862849,28299254,export
herald_of_thunder_buff_effect_+%,834711091,3814686091,export
herald_of_thunder_damage_+%,1264455667,558298545,export
herald_of_thunder_mana_reservation_+%,55697575,966400988,export
herald_of_thunder_mana_reservation_efficiency_+%,1586267268,3817220109,export+pob
herald_of_thunder_mana_reservation_efficiency_-2%_per_1,4022734459,3959101898,export
herald_scorpion_number_of_additional_projectiles,970361740,155429578,export
herald_skill_gem_level_+,1759591081,776287420,export
herald_skills_mana_reservation_efficiency_+%,818213562,3078295401,export+pob
herald_skills_mana_reservation_efficiency_-2%_per_1,818213562,3078295401,export
hexblast_damage_+%,587836626,2318562335,export
hexblast_skill_area_of_effect_+%,1779854442,1811698551,export
hexproof_if_right_ring_is_magic_item,2543992338,165884462,export
hierophant_gain_arcane_surge_on_mana_use_threshold,3913721987,913614572,export
hinekora_belt_every_5_seconds_rotating_buff,1425043565,2501671832,export
hit_and_ailment_damage_+%_vs_bleeding_enemies,4114045914,1790172543,export+pob
hit_and_ailment_damage_+%_vs_blinded_enemies,2818237305,3565956680,export+pob
hit_and_ailment_damage_+%_vs_chilled_enemies,595915799,3747189159,export
hit_and_ailment_damage_+%_vs_cursed_enemies,1597940326,539970476,export
hit_and_ailment_damage_+%_vs_enemies_affected_by_at_least_3_spiders_webs,3456824826,103928310,export
hits_against_marked_enemy_cannot_be_blocked_or_suppressed,629275867,3548778396,export
hits_can_only_kill_frozen_enemies,3306188523,2740359895,export
hits_cannot_be_evaded_vs_blinded_enemies,3362663645,90597215,export
hits_have_critical_strike_multipler_+_per_monster_power,134993110,1872107885,export
hits_have_leech_%_is_instant_per_monster_power,2710894099,2583648686,export
hits_ignore_enemy_chaos_resistance_if_all_elder_items_equipped,1961180039,89314980,export
hits_ignore_enemy_chaos_resistance_if_all_shaper_items_equipped,1521807173,4234677275,export
hits_ignore_enemy_fire_resistance_while_you_are_ignited,649083143,4040152475,export
hits_ignore_enemy_monster_physical_damage_reduction,759407699,942531362,export
hits_ignore_enemy_monster_physical_damage_reduction_%_chance,2675170164,2839577586,export
hits_ignore_enemy_monster_physical_damage_reduction_%_chance_while_have_sacrificial_zeal,3723945128,4243208518,export
hits_ignore_enemy_monster_physical_damage_reduction_%_chance_with_tinctured_weapons,2848539947,1676663186,pob
hits_ignore_enemy_monster_physical_damage_reduction_if_blocked_in_past_20_seconds,950788861,3035931505,export
holy_path_teleport_range_+%,1232552041,2048678824,export
holy_relic_area_of_effect_+%,1081504772,3026568825,export
holy_relic_buff_effect_+%,183144399,3080391193,export
holy_relic_cooldown_recovery_+%,1139732208,1583498502,export
holy_relic_damage_+%,2799955931,1152784934,export
horrible_ugly_life_leech_from_chaos_damage_perhundredthousand,2927688936,2238792070,export+pob
horrible_ugly_life_leech_from_cold_damage_perhundredthousand,4049432651,2459451600,export+pob
horrible_ugly_life_leech_from_fire_damage_perhundredthousand,3788584218,1743742391,export+pob
horrible_ugly_life_leech_from_lightning_damage_perhundredthousand,2302898697,2696663331,export+pob
horrible_ugly_life_leech_from_physical_damage_perhundredthousand,454710990,2508100173,export+pob
ice_crash_damage_+%,303804576,1794090421,export
ice_crash_physical_damage_%_to_add_as_cold_damage,3570690190,3465202861,export
ice_crash_radius_+%,1299028772,3930497977,export
ice_dash_cooldown_speed_+%,142088519,815588902,export
ice_dash_duration_+%,2391038154,3941271999,export
ice_dash_travel_distance_+%,1959324590,3070497632,export
ice_golem_damage_+%,561941029,3816405721,export
ice_golem_elemental_resistances_%,4221248116,2520825974,export
ice_nova_chill_minimum_slow_%,567300353,644285691,export
ice_nova_damage_+%,2523946215,1086309398,export
ice_nova_freeze_chance_%,1161429784,3269321994,export
ice_nova_radius_+%,3797508004,68809719,export
ice_shot_area_angle_+%,2903066902,3781924200,export
ice_shot_damage_+%,1594867517,3026752303,export
ice_shot_duration_+%,4059053352,2600949388,export
ice_shot_radius_+%,547790985,1962401751,export
ice_siphon_trap_chill_effect_+%,3758685426,2530563277,export
ice_siphon_trap_damage_+%,264570181,3686368306,export
ice_siphon_trap_damage_taken_+%_per_beam,1003941986,2673745094,export
ice_siphon_trap_duration_+%,2228767519,4166695945,export
ice_spear_%_chance_to_gain_power_charge_on_critical_strike,1045249708,3232905239,export
ice_spear_damage_+%,2215320574,2423221070,export
ice_spear_distance_before_form_change_+%,2957611566,3295914630,export
ice_spear_number_of_additional_projectiles,2298684423,3801130154,export
ice_spear_second_form_critical_strike_chance_+%,2799692652,3510848926,export
ice_trap_cold_resistance_penetration_%,859073172,3698446010,export
ice_trap_damage_+%,1488975800,4224384031,export
ice_trap_radius_+%,3810841190,3367298564,export
ignite_X_nearby_enemies_for_4_s_on_killing_ignited_enemy,3309407464,2638352064,export
ignite_damage_+%_vs_chilled_enemies,3286301599,1891782369,export
ignite_duration_+%,1688317111,1086147743,export
ignite_prevention_ms_when_ignited,886731694,947072590,export
ignite_slower_burn_%,2941698299,1619549198,export
ignited_enemies_explode_for_%_life_as_fire_damage,3423368636,321971518,export
ignited_enemies_explode_on_kill,1135737792,3173052379,export
ignites_reflected_to_self,3320527313,1049974046,export
ignore_armour_movement_penalties,2013255851,1311723478,export
ignore_hexproof,1115688390,1367119630,export
immortal_call_%_chance_to_not_consume_endurance_charges,516106347,1953644681,export
immortal_call_buff_effect_duration_+%_per_removable_endurance_charge,238866415,691673624,export
immortal_call_duration_+%,1117757839,1336543283,export
immune_to_ally_buff_auras,2405129362,1489905076,export
immune_to_burning_shocks_and_chilled_ground,124902407,3705740723,export
immune_to_curses,246501652,116621037,export
immune_to_curses_if_cast_dispair_in_past_10_seconds,3922118421,2773026887,export
immune_to_curses_on_killing_cursed_enemy_for_remaining_duration_of_curse,189366939,1406092431,export
immune_to_curses_while_at_least_X_rage,324731264,534844170,export
immune_to_elemental_ailments_while_bleeding,3379318622,2526304488,export
immune_to_elemental_status_ailments_while_affected_by_glorious_madness,3528370608,1065479853,export
immune_to_exposure_if_cast_elemental_weakness_in_past_10_seconds,159748636,2921954092,export
immune_to_freeze_and_chill_while_ignited,1706779963,1512695141,export
immune_to_freeze_while_affected_by_purity_of_ice,446747430,2720072724,export
immune_to_ignite_while_affected_by_purity_of_fire,3926894538,371612541,export
immune_to_reflect_damage_if_cast_punishment_in_past_10_seconds,1686204271,2713909980,export
immune_to_shock_while_affected_by_purity_of_lightning,178664488,281949611,export
immune_to_status_ailments_while_focused,145690285,1766730250,export
impacting_steel_%_chance_to_not_consume_ammo,3596724753,3367825241,export
impale_debuff_effect_+%,2277648703,298173317,export
impale_effect_+%_for_impales_inficted_by_spells,4241400831,1480595847,export
impale_effect_+%_max_as_distance_travelled_increases,1510482519,2521866096,export
impale_on_hit_%_chance,98379192,3752938727,export
impale_phys_reduction_%_penalty,2836693607,3609854472,export
impaled_debuff_duration_+%,1145532387,3986342559,export
impaled_debuff_number_of_reflected_hits,3040735656,3425951133,export
impales_do_not_consume_hit_on_hit_%_chance,2257115879,220868259,export
impales_do_not_consume_hit_strongest_impale_on_melee_hit_%_chance,1140072045,2136537914,export
incinerate_damage_+%,3099103075,2246425134,export
incinerate_damage_+%_per_stage,81589993,4151555126,export
infernal_blow_damage_+%,1300872729,242838571,export
infernal_blow_infernal_blow_explosion_damage_%_of_total_per_stack,2027804807,105839441,export
infernal_blow_physical_damage_%_to_add_as_fire_damage,161585487,2484188706,export
infernal_blow_radius_+%,168249379,4031295671,export
infernal_cry_area_of_effect_+%,2047477500,631097842,export
infernal_cry_cooldown_speed_+%,1224739337,2702698464,export
inflict_cold_exposure_if_cast_frostbite_in_past_10_seconds,3121107068,1168138239,export
inflict_fire_exposure_if_cast_flammability_in_past_10_seconds,198109332,3259812992,export
inflict_hallowing_flame_on_hit_while_on_consecrated_ground,2527786905,3087629547,export
inflict_lightning_exposure_if_cast_conductivity_in_past_10_seconds,2433597063,3339663313,export
inflict_withered_for_2_seconds_on_hit_if_cast_dispair_in_past_10_seconds,2863490427,1904031052,export
intelligence_+%,1175589563,656461285,export
intelligence_+%_if_2_crusader_items,3093027642,2531873276,export
intelligence_+%_per_equipped_unique,3616832229,4207939995,export
intelligence_is_0,1036732006,2706175703,export
intelligence_skill_gem_level_+,1994918225,493812998,export
intimidate_enemies_on_hit_if_cast_punishment_in_past_10_seconds,3210918991,91505809,export
intimidate_on_hit_chance_with_attacks_while_at_maximum_endurance_charges_%,3368652664,2877370216,export
intimidating_cry_area_of_effect_+%,4106356010,1088946611,export
intimidating_cry_cooldown_speed_+%,2172738271,1134560807,export
intuitive_link_duration_+%,1449017347,3545503197,export
iron_reflexes_rotation_active,917362250,2200114771,export
is_blighted_map,1979308095,299373046,export
item_found_gold_+%,215218106,3664950032,export
item_found_quantity_+%,1682723695,884586851,export
item_found_quantity_+%_if_wearing_a_magic_item,2504789490,1498954300,export
item_found_quantity_+%_per_white_socket_on_item,3417053683,2340173293,export
item_found_quantity_+%_when_on_low_life,2538980195,760855772,export
item_found_rarity_+%,812113821,3917489142,export
item_found_rarity_+%_if_wearing_a_normal_item,2111691050,4151190513,export
item_found_rarity_+%_per_white_socket_on_item,536798665,144675621,export
item_found_rarity_+%_when_on_low_life,2285944068,2929867083,export
item_found_rarity_+1%_per_X_rampage_stacks,689275996,4260403588,export
item_generation_can_have_multiple_crafted_mods,1823146631,1859333175,export
item_generation_cannot_change_prefixes,2635083296,2879723104,export
item_generation_cannot_change_suffixes,1864946432,3464137628,export
item_generation_cannot_roll_attack_affixes,1151074530,4122424929,export
item_generation_cannot_roll_caster_affixes,1419288960,4082780964,export
item_generation_local_maximum_mod_required_level_override,3527373455,238314698,export
item_is_haunted,303207779,1076392774,export
item_rarity_+%_per_toxicity_up_to_100%_from_tincture,747323146,3226452989,pob
item_rarity_+%_while_using_flask,874074555,301625329,export
jorrhasts_blacksteel_animate_weapon_duration_+%_final,456150843,414991155,export
kaoms_primacy_gain_rage_on_attack_crit_cooldown_ms,3249769404,1043982313,export
keystone_acrobatics,970620978,383557755,export
keystone_ailment_crit,1044693528,3884934810,export
keystone_ancestral_bond,2202982004,2648570028,export
keystone_avatar_of_fire,3990387204,346029096,export
keystone_battlemage,2135394866,448903047,export
keystone_blood_magic,3080900714,2801937280,export
keystone_call_to_arms,2789427024,3292262540,export
keystone_cold_purist,376907557,3898949460,pob
keystone_conduit,3418326466,1994392904,export
keystone_corrupted_defences,1894072043,1911037487,export
keystone_crimson_dance,15209028,300702212,export
keystone_divine_flesh,1828327458,2321346567,export
keystone_divine_shield,2704639107,2048995720,export
keystone_eldritch_battery,3131482656,2262736444,export
keystone_elemental_equilibrium,3834942032,1263158408,export
keystone_elemental_overload,3339596779,3574189159,export
keystone_emperors_heart,1290368711,3215997147,export
keystone_eternal_youth,3560061287,1308467455,export
keystone_everlasting_sacrifice,4283301490,145598447,export
keystone_fire_purist,3659278578,3458351769,pob
keystone_ghost_dance,2009390217,3590128077,export
keystone_ghost_reaver,2264451941,4272248216,export
keystone_glancing_blows,3122564931,4266776872,export
keystone_herald_of_doom,684011125,155220198,export
keystone_hex_master,1336113030,3849554033,export
keystone_hollow_palm_technique,652502177,3959337123,export
keystone_impale,2008389499,1441799693,export
keystone_iron_reflexes,3735072589,326965591,export
keystone_lethe_shade,3850311596,1678358883,export
keystone_lightning_purist,648452168,2903189090,pob
keystone_magebane,1146853839,4180925106,export
keystone_mana_shield,2815832924,373964381,export
keystone_minion_instability,1337908216,433293234,export
keystone_miracle_of_thaumaturgy,2435557872,462691314,export
keystone_pain_attunement,3559314616,98977150,export
keystone_point_blank,4037989778,2896346114,export
keystone_precise_technique,3592336174,4096273663,export
keystone_prismatic_bulwark,2935011000,2381571742,export
keystone_projectile_evasion,2386842916,2606808909,export
keystone_quiet_might,2108148965,354080151,export
keystone_retaliation_hits,1884234389,971749694,export
keystone_runebinder,3760235836,4080245957,export
keystone_sacred_bastion,2696038772,3868073741,export
keystone_secrets_of_suffering,1210743141,261342933,export
keystone_shared_suffering,782198951,956038713,export
keystone_shepherd_of_souls,1712323548,2038577923,export
keystone_solipsism,3533421551,112130960,export
keystone_strong_bowman,3036042721,573347393,export
keystone_supreme_ego,3544957987,1421267186,export
keystone_tinctures_drain_life,2686632315,2363616962,export
keystone_unwavering_stance,1701261324,1683578560,export
keystone_vaal_pact,124608276,2257118425,export
keystone_versatile_combatant,485863917,593845252,export
keystone_wicked_ward,1785682235,1109343199,export
keystone_wind_dancer,2290849518,4170338365,export
kill_enemy_on_hit_if_under_10%_life,4169982385,2524254339,export
killed_enemies_apply_impale_damage_to_nearby_enemies_on_death_%_chance,1914664276,3927388937,export
killed_monster_dropped_item_quantity_+%_when_frozen,1493775272,3304763863,export
killed_monster_dropped_item_rarity_+%_on_crit,921091703,21824003,export
killed_monster_dropped_item_rarity_+%_when_frozen,2924208886,2138434718,export
killed_monster_dropped_item_rarity_+%_when_shocked,2068511253,3188291252,export
kills_count_twice_for_rampage_%,1813959684,438351187,export
kinetic_blast_%_chance_for_additional_blast,2743242588,3105097589,export
kinetic_blast_damage_+%,1492020587,1007135105,export
kinetic_blast_radius_+%,368952563,1660758870,export
kinetic_bolt_attack_speed_+%,329348019,2244239056,export
kinetic_bolt_projectile_speed_+%,58712576,2482018205,export
kinetic_wand_base_number_of_zig_zags,2776696701,1460506005,export
kinetic_wand_implicit_cannot_roll_caster_modifiers,1419288960,4082780964,export+pob
knockback_distance_+%,1722946251,565784293,export
lancing_steel_%_chance_to_not_consume_ammo,2826806988,2891251105,export
lancing_steel_damage_+%,2272415967,2159486200,export
lancing_steel_impale_chance_%,3385391913,618920318,export
lancing_steel_number_of_additional_projectiles,139562203,4081185348,export
lancing_steel_primary_proj_pierce_num,1999493679,3031985694,export
leap_slam_attack_speed_+%,667862344,3730999759,export
leap_slam_damage_+%,3426181176,3850775143,export
leap_slam_radius_+%,3245990770,3367800526,export
leech_%_is_instant,3451497088,3561837752,export
leech_energy_shield_instead_of_life,2082972400,3346092312,export
life_+%_with_no_corrupted_equipped_items,3641069668,2217962305,export
life_and_energy_shield_degeneration_permyriad_per_minute_per_minion,2771876087,1383458163,export
life_and_energy_shield_recovery_rate_+%,2932257828,1092546321,export
life_and_energy_shield_recovery_rate_+%_per_power_charge,760478089,604671218,export
life_and_energy_shield_recovery_rate_+%_while_affected_by_malevolence,3690998150,3643449791,export
life_and_mana_leech_from_attack_damage_permyriad_if_killed_recently,2008196280,2770801535,export
life_degeneration_%_per_minute_not_in_grace,386363097,1661347488,export
life_degeneration_per_10_seconds_not_in_grace,2929582805,1559341337,export
life_degeneration_per_minute_not_in_grace,1080163962,771127912,export+pob
life_flask_charges_recovered_per_3_seconds,182307352,2592686757,export
life_flask_charges_recovered_per_3_seconds_on_low_life,1810444893,4197693974,export
life_flask_recovery_is_instant_while_on_low_life,1312211040,1200347828,export
life_gain_on_ignited_enemy_hit,1910392084,120895749,export
life_gain_per_target,1079790274,2797971005,export
life_gain_per_target_hit_while_affected_by_vitality,817562608,4259701244,export
life_gain_per_target_if_have_used_a_vaal_skill_recently,1506302581,3285021988,export
life_gained_on_attack_hit_vs_cursed_enemies,1795723599,3072303874,export
life_gained_on_bleeding_enemy_hit,2572612100,3148570142,export
life_gained_on_block,1422177136,762600725,export
life_gained_on_cull,758334688,2381677442,export
life_gained_on_enemy_death_per_frenzy_charge,3055363649,1269609669,export
life_gained_on_enemy_death_per_level,2170176171,4228691877,export
life_gained_on_hitting_enemies_with_tinctured_weapons,1653249346,3497810785,pob
life_gained_on_killing_enemies_with_tinctured_weapons,2884244766,2507321875,pob
life_gained_on_killing_ignited_enemies,3839028466,893903361,export
life_gained_on_taunting_enemy,2744109221,3726536628,export
life_leech_applies_to_enemies_%,3043131815,768537671,export
life_leech_applies_to_energy_shield_on_full_life,2875147676,990335387,export
life_leech_does_not_stop_at_full_life,387376827,2108380422,export
life_leech_from_any_damage_permyriad,1404752895,4069440714,export
life_leech_from_any_damage_permyriad_per_siphoning_charge,2231497127,1587137379,export
life_leech_from_any_damage_permyriad_while_affected_by_vitality,210651083,3656959867,export
life_leech_from_any_damage_permyriad_while_focused,4125556202,3324747104,export
life_leech_from_any_damage_permyriad_with_at_least_5_total_power_frenzy_endurance_charges,1840870077,1526625193,export
life_leech_from_attack_damage_permyriad_per_frenzy_charge,3410844688,3243062554,export
life_leech_from_attack_damage_permyriad_vs_bleeding_enemies,1603597318,1625933063,export
life_leech_from_attack_damage_permyriad_vs_maimed_enemies,1743686764,447636597,export
life_leech_from_attack_damage_permyriad_vs_taunted_enemies,56182067,3750917270,export
life_leech_from_fire_damage_permyriad_while_affected_by_anger,220076077,2312747856,export
life_leech_from_fire_damage_while_ignited_permyriad,1193368370,3633399302,export
life_leech_from_physical_attack_damage_permyriad,315670835,3593843976,export+pob
life_leech_from_skills_used_by_totems_permyriad,879136614,2449723897,export
life_leech_from_spell_damage_permyriad_if_shield_has_30%_block_chance,2717457316,3893109186,export
life_leech_is_instant_for_exerted_attacks,992552215,272906215,export
life_leech_on_overkill_damage_%,2091681762,3511523149,export
life_leech_permyriad_on_crit,1038891508,958088871,export+pob
life_leech_permyriad_vs_cursed_enemies,1428849052,3861913659,export
life_leech_speed_+%,372059248,2633745731,export
life_leech_speed_+%_per_equipped_corrupted_item,2784434190,3815042054,export
life_leech_uses_chaos_damage_when_X_corrupted_items_equipped,3667324782,4192058279,export
life_loss_%_per_minute_if_have_been_hit_recently,1175517837,2325592140,export
life_mana_es_leech_speed_+%,2102198824,2314393054,export
life_per_level,505068196,1982144275,export
life_recoup_applies_to_energy_shield_instead,3062306111,4074053582,export
life_recovery_from_flasks_instead_applies_to_nearby_allies_%,3733154359,2264655303,export
life_recovery_from_regeneration_is_not_applied,1596948316,3947672598,export
life_recovery_rate_+%,2168613522,3240073117,export
life_recovery_rate_+%_if_havent_killed_recently,1259148153,3353368340,export
life_recovery_rate_+%_while_affected_by_vitality,2674609017,2690790844,export
life_regen_per_minute_per_endurance_charge,3186925348,1898967950,export
life_regeneration_per_minute_%_per_ailment_affecting_you,1766046839,3491639130,export
life_regeneration_per_minute_%_while_frozen,989458975,2656696317,export
life_regeneration_per_minute_if_you_have_at_least_1000_maximum_energy_shield,1670206356,1704843611,export
life_regeneration_per_minute_if_you_have_at_least_1500_maximum_energy_shield,3302861392,3227159962,export
life_regeneration_per_minute_if_you_have_at_least_500_maximum_energy_shield,3598134032,1103902353,export
life_regeneration_per_minute_in_blood_stance,844091277,550848224,export
life_regeneration_per_minute_per_nearby_corpse,3584270216,2500585555,export
life_regeneration_per_minute_while_affected_by_vitality,3320847483,3489570622,export
life_regeneration_per_minute_while_ignited,939404354,952897668,export
life_regeneration_per_minute_while_moving,1497333019,2841027131,export
life_regeneration_per_minute_while_you_have_avians_flight,1710673250,2589482056,export
life_regeneration_per_minute_with_no_corrupted_equipped_items,612095754,2497198283,export
life_regeneration_rate_+%,2630070557,44972811,export
life_regeneration_rate_per_minute_%,3285295724,836936635,export
life_regeneration_rate_per_minute_%_if_consumed_corpse_recently,1854462580,1107877645,export
life_regeneration_rate_per_minute_%_if_crit_in_past_8_seconds,365492171,221532021,export
life_regeneration_rate_per_minute_%_if_have_been_hit_recently,426774144,2201614328,export
life_regeneration_rate_per_minute_%_per_500_maximum_energy_shield,1556281678,1960833438,export
life_regeneration_rate_per_minute_%_per_endurance_charge,724137496,989800292,export
life_regeneration_rate_per_minute_%_per_fragile_regrowth,1461383301,3175722882,export
life_regeneration_rate_per_minute_%_per_frenzy_charge,4229380139,2828673491,export
life_regeneration_rate_per_minute_%_per_nearby_corpse_up_to_3%,2135879017,3845048660,export
life_regeneration_rate_per_minute_%_per_power_charge,1021992606,3961213398,export
life_regeneration_rate_per_minute_%_per_raised_zombie,1179220895,2841618445,export
life_regeneration_rate_per_minute_%_when_on_chilled_ground,2824898391,710105516,export
life_regeneration_rate_per_minute_%_when_on_low_life,2284660887,3942946753,export
life_regeneration_rate_per_minute_%_while_affected_by_vitality,420469492,1165583295,export
life_regeneration_rate_per_minute_%_while_moving,126589297,908516597,export
life_regeneration_rate_per_minute_%_while_using_flask,3219510480,3500911418,export
life_regeneration_rate_per_minute_%_with_400_or_more_strength,188758984,1173027373,export
life_regeneration_rate_per_minute_for_each_equipped_uncorrupted_item,3386807281,405941409,export
life_regeneration_rate_per_minute_per_level,786590088,1384864963,export
life_regeneration_rate_per_minute_while_on_low_life,1968373879,2161482953,export
life_reserved_by_stat_%,962959535,2492660287,export
light_radius_+%,699856495,1263695895,export
light_radius_additive_modifiers_apply_to_area_%_value,3236178752,1138742368,export
light_radius_additive_modifiers_apply_to_damage,1321417952,3519807287,export
light_radius_increases_apply_to_accuracy,2372401182,411986876,export
light_radius_scales_with_energy_shield,302723686,3836017971,export
lightning_ailment_duration_+%,4165558532,1484471543,export
lightning_ailment_effect_+%,1531643549,3081816887,export
lightning_and_chaos_damage_resistance_%,202968608,3465022881,export
lightning_arrow_damage_+%,1251952095,2896672990,export
lightning_arrow_maximum_number_of_extra_targets,1612133776,1901955093,export
lightning_arrow_radius_+%,1045905843,4129421630,export
lightning_conduit_area_of_effect_+%,3525064408,2252888886,export
lightning_conduit_cast_speed_+%,2057390892,2437571727,export
lightning_conduit_damage_+%,783451859,2511245659,export
lightning_critical_strike_chance_+%,1030400930,1186596295,export
lightning_critical_strike_multiplier_+,4029899739,2441475928,export
lightning_damage_%_taken_from_mana_before_life,3708722050,2477735984,export
lightning_damage_%_to_add_as_chaos,207916669,2402136583,export
lightning_damage_%_to_add_as_chaos_per_power_charge,2736584794,3115319277,export
lightning_damage_%_to_add_as_cold,3130011664,3291347617,export
lightning_damage_%_to_add_as_cold_per_2%_shock_effect_on_enemy,1579161253,13172430,export
lightning_damage_+%,2655022429,2231156303,export
lightning_damage_+%_per_10_intelligence,1773447722,990219738,export
lightning_damage_+%_per_frenzy_charge,830321533,3693130674,export
lightning_damage_+%_per_lightning_resistance_above_75,1735464706,2642525868,export
lightning_damage_+%_while_affected_by_herald_of_thunder,2071736457,536957,export
lightning_damage_+%_while_affected_by_wrath,427734942,418293304,export
lightning_damage_can_freeze,43395397,380759151,export
lightning_damage_can_ignite,240557760,3121133045,export
lightning_damage_resistance_%_while_affected_by_herald_of_thunder,1504362237,2687017988,export
lightning_damage_resistance_+%,2461961958,2249211872,export
lightning_damage_resistance_is_%,1962991798,1942151132,export
lightning_damage_taken_%_as_cold,1981267972,1017730114,export
lightning_damage_taken_%_as_fire,1316972886,3375859421,export
lightning_damage_taken_+,2810777496,465051235,export
lightning_damage_taken_+%,959474737,1276918229,export
lightning_damage_taken_goes_to_life_over_4_seconds_%,1608201714,2970621759,export
lightning_damage_taken_per_minute_per_power_charge_if_have_crit_recently,1188959179,1964333391,export
lightning_damage_to_return_to_melee_attacker,3000331448,3868184702,export
lightning_damage_with_attack_skills_+%,1486844275,4208907162,export
lightning_damage_with_spell_skills_+%,2944262927,3935031607,export
lightning_explosion_mine_aura_effect_+%,3160827918,2718657160,export
lightning_explosion_mine_damage_+%,4100017835,494231298,export
lightning_explosion_mine_throwing_speed_+%,2807120254,321894708,export
lightning_exposure_on_hit_magnitude,410667391,981753179,export
lightning_golem_damage_+%,3471292228,3280107027,export
lightning_golem_elemental_resistances_%,2310314389,2338484156,export
lightning_hit_and_dot_damage_%_taken_as_fire,684801183,1244494473,export
lightning_resistance_cannot_be_penetrated,334833545,3515979920,export
lightning_resistance_does_not_apply_to_lighting_damage,2113846226,3999959974,export
lightning_skill_gem_level_+,2955371965,1147690586,export
lightning_skill_gem_level_+_if_6_crusader_items,3506002750,1038851119,export
lightning_skill_mana_cost_+%_final_while_shocked,2289553047,3964669425,export
lightning_skills_chance_to_poison_on_hit_%,490891756,949718413,export
lightning_spell_skill_gem_level_+,21516629,1545858329,export
lightning_strike_additional_pierce,1279506854,3134777190,export
lightning_strike_damage_+%,465240732,3630274354,export
lightning_strike_num_of_additional_projectiles,1275791702,1213035889,export
lightning_tendrils_critical_strike_chance_+%,2197346928,12756171,export
lightning_tendrils_damage_+%,2951499811,39356080,export
lightning_tendrils_radius_+%,736019580,1230050013,export
lightning_tower_trap_additional_number_of_beams,1702644692,1104507216,export
lightning_tower_trap_cast_speed_+%,2808000455,535507671,export
lightning_tower_trap_cooldown_speed_+%,535336022,1570047087,export
lightning_tower_trap_damage_+%,2370708735,982975385,export
lightning_tower_trap_duration_+%,589367620,2207890291,export
lightning_tower_trap_throwing_speed_+%,620861082,1978232370,export
lightning_trap_additional_pierce,2921845506,3764410821,export
lightning_trap_damage_+%,850380245,3131492956,export
lightning_trap_lightning_resistance_penetration_%,2936692117,1557531966,export
lightning_trap_shock_effect_+%,3669897040,4210927948,export
lightning_warp_cast_speed_+%,3300611436,1347575155,export
lightning_warp_damage_+%,1440559986,209345940,export
lightning_warp_duration_+%,1081177471,609478942,export
link_skill_cast_speed_+%,3843340130,2597985144,export
link_skill_duration_+%,227806276,1214762172,export
link_skill_link_target_cannot_die_for_X_seconds,605685605,3251211004,export
link_skill_lose_no_experience_on_link_target_death,4167334527,738821856,export
link_skills_can_target_minions,4020604774,1323344255,export
link_skills_enemies_in_beam_aoe_cannot_inflict_elemental_ailments,1785008256,2556900184,export
link_skills_grant_minions_damage_taken_+%_final_from_hallowed_monarch,1289968461,3132594008,export
link_skills_grant_random_linked_minion_rare_monster_mods_on_kill_centiseconds,3141185219,517280174,export
local_accuracy_rating,3622511696,691932474,export
local_accuracy_rating_+%_per_2%_quality,2749021670,2421363283,export
local_additional_block_chance_%,1971443401,4253454700,pob
local_affliction_jewel_display_small_nodes_grant_nothing,3557361517,2557943734,export
local_affliction_jewel_small_nodes_grant_%_life_regeneration_per_minute,3410524003,3721672021,export
local_affliction_jewel_small_nodes_grant_all_attributes,2753966037,4036575250,export
local_affliction_jewel_small_nodes_grant_armour,3446297667,2554466725,export
local_affliction_jewel_small_nodes_grant_attack_and_cast_speed_+%_while_affected_by_a_herald,209047241,3262895685,export
local_affliction_jewel_small_nodes_grant_attack_and_cast_speed_+%_with_channelling_skills,3593067206,3799759054,export
local_affliction_jewel_small_nodes_grant_attack_and_cast_speed_+%_with_chaos_skills,2601950559,3692167527,export
local_affliction_jewel_small_nodes_grant_attack_and_cast_speed_+%_with_cold_skills,2160901760,2054530657,export
local_affliction_jewel_small_nodes_grant_attack_and_cast_speed_+%_with_elemental_skills,4227502456,2699118751,export
local_affliction_jewel_small_nodes_grant_attack_and_cast_speed_+%_with_fire_skills,1083652151,1849042097,export
local_affliction_jewel_small_nodes_grant_attack_and_cast_speed_+%_with_lightning_skills,46416654,201731102,export
local_affliction_jewel_small_nodes_grant_attack_and_cast_speed_+%_with_physical_skills,2369480348,1903097619,export
local_affliction_jewel_small_nodes_grant_attack_speed_+%,660912054,1411310186,export
local_affliction_jewel_small_nodes_grant_base_aura_area_of_effect_+%,3211825279,2642917409,export
local_affliction_jewel_small_nodes_grant_base_cast_speed_+%,1672063352,1195353227,export
local_affliction_jewel_small_nodes_grant_base_critical_strike_multiplier_+,371205106,1926135629,export
local_affliction_jewel_small_nodes_grant_base_elemental_status_ailment_duration_+%,3784376432,3338465330,export
local_affliction_jewel_small_nodes_grant_base_projectile_speed_+%,3907371636,679080252,export
local_affliction_jewel_small_nodes_grant_base_skill_area_of_effect_+%,3254913374,713280739,export
local_affliction_jewel_small_nodes_grant_chaos_resistance_%,1390311997,1811604576,export
local_affliction_jewel_small_nodes_grant_charges_gained_+%,1978195738,3187805501,export
local_affliction_jewel_small_nodes_grant_cold_resistance_%,32637364,2709692542,export
local_affliction_jewel_small_nodes_grant_curse_area_of_effect_+%,2274916231,2138819920,export
local_affliction_jewel_small_nodes_grant_damage_+%,1224233078,1719521705,export
local_affliction_jewel_small_nodes_grant_damage_over_time_+%,1092170566,2401834120,export
local_affliction_jewel_small_nodes_grant_dex,676742438,2090413987,export
local_affliction_jewel_small_nodes_grant_elemental_resistance_%,3902444978,2669029667,export
local_affliction_jewel_small_nodes_grant_evasion,2579404533,4100161067,export
local_affliction_jewel_small_nodes_grant_fire_resistance_%,2752758279,1790411851,export
local_affliction_jewel_small_nodes_grant_int,3829523631,724930776,export
local_affliction_jewel_small_nodes_grant_lightning_resistance_%,490019027,2250780084,export
local_affliction_jewel_small_nodes_grant_mana_regeneration_+%,1610655532,2474836297,export
local_affliction_jewel_small_nodes_grant_maximum_energy_shield,3235535253,2643685329,export
local_affliction_jewel_small_nodes_grant_maximum_life,484926763,3819827377,export
local_affliction_jewel_small_nodes_grant_maximum_mana,3112319680,3994193163,export
local_affliction_jewel_small_nodes_grant_minion_attack_and_cast_speed_+%,3048370291,2310019673,export
local_affliction_jewel_small_nodes_grant_minion_attack_and_cast_speed_+%_while_you_are_affected_by_a_herald,3830475030,1948127742,export
local_affliction_jewel_small_nodes_grant_minion_life_regeneration_rate_per_minute_%,2740822770,542238572,export
local_affliction_jewel_small_nodes_grant_sigil_target_search_range_+%,3461790569,2265469693,export
local_affliction_jewel_small_nodes_grant_str,317025613,3258414199,export
local_affliction_jewel_small_nodes_grant_summon_totem_cast_speed_+%,1097238247,1588674629,export
local_affliction_jewel_small_nodes_grant_trap_and_mine_throwing_speed_+%,3152438449,2135246244,export
local_affliction_jewel_small_nodes_grant_warcry_duration_+%,172630848,2596487673,export
local_affliction_jewel_small_nodes_have_effect_+%,1422433587,2618549697,export
local_affliction_notable_adrenaline,301837756,4022743870,export
local_affliction_notable_advance_guard,931009540,1625939562,export
local_affliction_notable_aerialist,1905066595,3848677307,export
local_affliction_notable_aerodynamics,3343282249,4120556534,export
local_affliction_notable_agent_of_destruction,3429054670,3122491961,export
local_affliction_notable_aggressive_defence,3864871110,4154008618,export
local_affliction_notable_alchemist,4245092409,2912949210,export
local_affliction_notable_ancestral_echo,457812048,957679205,export
local_affliction_notable_ancestral_guidance,4117251992,2387747995,export
local_affliction_notable_ancestral_inspiration,829461316,77045106,export
local_affliction_notable_ancestral_might,1633810103,3998316,export
local_affliction_notable_ancestral_preservation,3096667564,3746703776,export
local_affliction_notable_ancestral_reach,3451258928,3294884567,export
local_affliction_notable_antifreeze,1887019792,2622946553,export
local_affliction_notable_antivenom,951967375,774369953,export
local_affliction_notable_arcane_focus,1870249059,393565679,export
local_affliction_notable_arcane_heroism,3488820269,3901992019,export
local_affliction_notable_arcane_pyrotechnics,394179868,2043503530,export
local_affliction_notable_arcing_shot,3393940942,3212859169,export
local_affliction_notable_assert_dominance,3239775006,4222265138,export
local_affliction_notable_astonishing_affliction,2408428862,2428334013,export
local_affliction_notable_basics_of_pain,3019083030,3084359503,export
local_affliction_notable_battle_hardened,1338597313,4188581520,export
local_affliction_notable_battlefield_dominator,3051049450,1499057234,export
local_affliction_notable_blacksmith,1438423803,1127706436,export
local_affliction_notable_blanketed_snow,2461314434,1085167979,export
local_affliction_notable_blast_freeze,3097661498,693808153,export
local_affliction_notable_blessed,3939598147,775689239,export
local_affliction_notable_blessed_rebirth,3822907433,1424794574,export
local_affliction_notable_blood_artist,3089730840,2284771334,export
local_affliction_notable_bloodscent,19080742,3967765261,export
local_affliction_notable_blowback,2594433667,1612414696,export
local_affliction_notable_bodyguards,3553327843,791125124,export
local_affliction_notable_born_of_chaos,1974372839,2449392400,export
local_affliction_notable_brand_loyalty,825113117,3198006994,export
local_affliction_notable_brewed_for_potency,604718377,3250272113,export
local_affliction_notable_broadside,3244520762,2205982416,export
local_affliction_notable_brush_with_death,4127467147,2900833792,export
local_affliction_notable_brutal_infamy,1380256687,2068574831,export
local_affliction_notable_burden_projection,2333729311,2008682345,export
local_affliction_notable_burning_bright,1598451945,4199056048,export
local_affliction_notable_calamitous,394287225,3359207393,export
local_affliction_notable_call_to_the_slaughter,3527962934,3317068522,export
local_affliction_notable_capacitor,977124191,4025536654,export
local_affliction_notable_careful_handling,2587003838,456502758,export
local_affliction_notable_chilling_presence,3181518518,2834490860,export
local_affliction_notable_chip_away,2019515769,968069586,export
local_affliction_notable_circling_oblivion,3752338155,2129392647,export
local_affliction_notable_clarity_of_purpose,3815311053,684087686,export
local_affliction_notable_cold_blooded_killer,3463771186,836566759,export
local_affliction_notable_cold_conduction,110056152,1274505521,export
local_affliction_notable_cold_to_the_core,4289039446,744783843,export
local_affliction_notable_combat_rhythm,3071558023,3122505794,export
local_affliction_notable_compound_injury,2752945064,4018305528,export
local_affliction_notable_confident_combatant,333435083,3930242735,export
local_affliction_notable_conjured_wall,3738499391,4105031548,export
local_affliction_notable_conservation_of_energy,3797363314,2083777017,export
local_affliction_notable_cooked_alive,3625861374,2938895712,export
local_affliction_notable_corrosive_elements,3649346924,1777139212,export
local_affliction_notable_cremator,667924588,1153801980,export
local_affliction_notable_cry_wolf,3524179966,1821748178,export
local_affliction_notable_cult_leader,3380364467,2026112251,export
local_affliction_notable_daring_ideas,617201424,2534405517,export
local_affliction_notable_dark_discourse,3033973354,462115791,export
local_affliction_notable_dark_ideation,1872649568,1603621602,export
local_affliction_notable_dark_messenger,2607262812,3784610129,export
local_affliction_notable_darting_movements,3101629583,846491278,export
local_affliction_notable_deadly_repartee,1820275760,1013470938,export
local_affliction_notable_deep_chill,3147263335,1703766309,export
local_affliction_notable_deep_cuts,2974783361,410939404,export
local_affliction_notable_depression,2346984293,3832665876,export
local_affliction_notable_determined_preparation,103895419,382360671,export
local_affliction_notable_devastator,3372699086,3711553948,export
local_affliction_notable_disciples,967446402,3177526694,export
local_affliction_notable_disciplined_preparation,4142385120,3025453294,export
local_affliction_notable_disease_vector,3017842480,183591019,export
local_affliction_notable_disorienting_display,2208682049,3206911230,export
local_affliction_notable_disorienting_wounds,94027052,3351136461,export
local_affliction_notable_distilled_perfection,4247151569,3652138990,export
local_affliction_notable_doedres_apathy,1457351607,1381945089,export
local_affliction_notable_doedres_gluttony,900577581,2695848124,export
local_affliction_notable_doryanis_lesson,2929125548,228455793,export
local_affliction_notable_dragon_hunter,2807656475,1038955006,export
local_affliction_notable_dread_march,247729505,3087667389,export
local_affliction_notable_drive_the_destruction,3383576914,1911162866,export
local_affliction_notable_eldritch_inspiration,116297079,3737604164,export
local_affliction_notable_elegant_form,4230656063,289714529,export
local_affliction_notable_empowered_envoy,689294947,2032453153,export
local_affliction_notable_endbringer,314872206,2150878631,export
local_affliction_notable_enduring_composure,1317198276,2043284086,export
local_affliction_notable_enduring_focus,512544301,2522970386,export
local_affliction_notable_enduring_ward,4052020369,252724319,export
local_affliction_notable_energy_from_naught,2947952805,2195518432,export
local_affliction_notable_essence_rush,3105547613,1096136223,export
local_affliction_notable_eternal_suffering,3528386129,2144634814,export
local_affliction_notable_evil_eye,1963035124,4291066912,export
local_affliction_notable_expansive_might,3208960657,394918362,export
local_affliction_notable_expendability,2311107940,2020075345,export
local_affliction_notable_expert_sabotage,2629207069,2084371547,export
local_affliction_notable_explosive_force,3888414548,2017927451,export
local_affliction_notable_exposure_therapy,2432548380,131358113,export
local_affliction_notable_eye_of_the_storm,3842628807,3818661553,export
local_affliction_notable_eye_to_eye,914510060,392942015,export
local_affliction_notable_fan_of_blades,2652072441,2484082827,export
local_affliction_notable_fan_the_flames,3436495723,2918755450,export
local_affliction_notable_fasting,1047060735,37078857,export
local_affliction_notable_fearsome_warrior,3956247103,3134222965,export
local_affliction_notable_feast_of_flesh,376806847,2396755365,export
local_affliction_notable_feasting_fiends,2261977584,383245807,export
local_affliction_notable_feed_the_fury,3397462112,3944525413,export
local_affliction_notable_fettle,3885993902,1353571444,export
local_affliction_notable_fiery_aegis,2880108531,3233538204,export
local_affliction_notable_fire_attunement,3270180220,3188756614,export
local_affliction_notable_first_among_equals,3068262711,1134501245,export
local_affliction_notable_flaming_doom,2506565854,2055715585,export
local_affliction_notable_flexible_sentry,1219691815,982290947,export
local_affliction_notable_flow_of_life,457464118,2350430215,export
local_affliction_notable_follow_through,3838277367,3984980429,export
local_affliction_notable_force_multiplier,2574294968,1904581068,export
local_affliction_notable_frost_breath,487990538,3758712376,export
local_affliction_notable_fuel_the_fight,4073411055,3599340381,export
local_affliction_notable_furious_assault,1449096023,3415827027,export
local_affliction_notable_genius,2423556270,2763732093,export
local_affliction_notable_gladiatorial_combat,388474988,1543731719,export
local_affliction_notable_gladiators_fortitude,1398511599,1591995797,export
local_affliction_notable_graceful_execution,2601375527,1903496649,export
local_affliction_notable_graceful_preparation,3703583766,2251304016,export
local_affliction_notable_grand_design,824933777,2350900742,export
local_affliction_notable_grim_oath,3931833579,2194205899,export
local_affliction_notable_grounded_commander,3853724691,1309218394,export
local_affliction_notable_guerilla_tactics,1972300703,1882129725,export
local_affliction_notable_haemorrhage,715043057,72129119,export
local_affliction_notable_haunting_shout,2740821043,1080363357,export
local_affliction_notable_heart_of_iron,151416961,1483358825,export
local_affliction_notable_heavy_hitter,2835173161,3640252904,export
local_affliction_notable_heavy_trauma,1740462183,50129423,export
local_affliction_notable_heraldry,2493251225,3274270612,export
local_affliction_notable_hex_breaker,870090616,2341828832,export
local_affliction_notable_hibernator,726392498,2294919888,export
local_affliction_notable_hit_and_run,1546106343,2665170385,export
local_affliction_notable_holistic_health,4084258379,3667965781,export
local_affliction_notable_holy_conquest,614596783,3898572660,export
local_affliction_notable_holy_word,4173367775,3697635701,export
local_affliction_notable_hounds_mark,71430995,555800967,export
local_affliction_notable_hulking_corpses,1907068384,3467711950,export
local_affliction_notable_improvisor,2157396789,810219447,export
local_affliction_notable_insatiable_killer,1859175937,3904970959,export
local_affliction_notable_inspired_oppression,4058403119,3872380586,export
local_affliction_notable_insulated,3999055712,212648555,export
local_affliction_notable_intensity,4203798805,2785835061,export
local_affliction_notable_invigorating_portents,2310640272,2262034536,export
local_affliction_notable_iron_breaker,341523505,3258653591,export
local_affliction_notable_lasting_impression,1015742015,426715778,export
local_affliction_notable_lead_by_example,1172438548,2195406641,export
local_affliction_notable_life_from_death,3802396244,2337273077,export
local_affliction_notable_lightnings_call,3230791189,348883745,export
local_affliction_notable_liquid_inspiration,2138234441,1094635162,export
local_affliction_notable_low_tolerance,1834449469,3989400244,export
local_affliction_notable_mage_bane,3284670449,684155617,export
local_affliction_notable_mage_hunter,548868306,2118664144,export
local_affliction_notable_magnifier,3750441206,2886441936,export
local_affliction_notable_martial_mastery,409357675,1015189426,export
local_affliction_notable_martial_momentum,4146414959,2978494217,export
local_affliction_notable_martial_prowess,3188189489,1152182658,export
local_affliction_notable_master_of_command,3452954315,3257074218,export
local_affliction_notable_master_of_fear,3971419092,2771217016,export
local_affliction_notable_master_of_fire,321331043,1462135249,export
local_affliction_notable_master_of_the_maelstrom,455056782,185592058,export
local_affliction_notable_master_the_fundamentals,2440061393,3585232432,export
local_affliction_notable_menders_wellspring,512261749,4291434923,export
local_affliction_notable_militarism,3812254991,4154709486,export
local_affliction_notable_mindfulness,356768207,2595115995,export
local_affliction_notable_mob_mentality,679516093,1048879642,export
local_affliction_notable_molten_ones_mark,1978181856,3875792669,export
local_affliction_notable_mystical_ward,2053677539,2314111938,export
local_affliction_notable_natural_vigour,2720279742,510654792,export
local_affliction_notable_no_witnesses,1728333391,1722480396,export
local_affliction_notable_non_flammable,509143044,731840035,export
local_affliction_notable_numbing_elixir,2925364584,1028754276,export
local_affliction_notable_one_with_the_shield,3676176545,1976069869,export
local_affliction_notable_openness,4097287121,633943719,export
local_affliction_notable_opportunistic_fusilade,1291755948,4281625943,export
local_affliction_notable_overlord,1267289692,2250169390,export
local_affliction_notable_overshock,2974441144,3777170562,export
local_affliction_notable_overwhelming_malice,3052497859,770408103,export
local_affliction_notable_paralysis,2004886962,4272503233,export
local_affliction_notable_peace_amidst_chaos,1393063567,1734275536,export
local_affliction_notable_peak_vigour,496682989,1722821275,export
local_affliction_notable_phlebotomist,77579141,3057154383,export
local_affliction_notable_powerful_assault,3900320638,1005475168,export
local_affliction_notable_powerful_ward,4222644599,164032122,export
local_affliction_notable_practiced_caster,2143502391,3435403756,export
local_affliction_notable_precise_commander,3142701509,3860179422,export
local_affliction_notable_precise_focus,1566809192,2913581789,export
local_affliction_notable_precise_retaliation,4104717209,2335364359,export
local_affliction_notable_pressure_points,319853046,3391925584,export
local_affliction_notable_primordial_bond,840921343,622362787,export
local_affliction_notable_prismatic_carapace,3671994568,3492924480,export
local_affliction_notable_prismatic_dance,1214800705,1149662934,export
local_affliction_notable_prismatic_heart,410443993,2342448236,export
local_affliction_notable_prodigious_defense,548272438,1705633890,export
local_affliction_notable_provocateur,3600550325,814369372,export
local_affliction_notable_pure_agony,624101843,1507409483,export
local_affliction_notable_pure_aptitude,3487771941,3509724289,export
local_affliction_notable_pure_commander,3044699558,3950683692,export
local_affliction_notable_pure_guile,1972382153,1621496909,export
local_affliction_notable_pure_might,450710676,2372915005,export
local_affliction_notable_purposeful_harbinger,2448114757,507505131,export
local_affliction_notable_quick_and_deadly,3707627720,2169345147,export
local_affliction_notable_quick_getaway,1687064380,1626818279,export
local_affliction_notable_rapid_infusion,2638775913,1570474940,export
local_affliction_notable_rattling_bellow,3235065851,4288473380,export
local_affliction_notable_raze_and_pillage,3793093779,1038897629,export
local_affliction_notable_readiness,1538959889,845306697,export
local_affliction_notable_remarkable,1309782651,691431951,export
local_affliction_notable_rend,694124359,4263287206,export
local_affliction_notable_renewal,280117282,3607300552,export
local_affliction_notable_repeater,2751855429,2233272527,export
local_affliction_notable_replenishing_presence,3033866245,1496043857,export
local_affliction_notable_riot_queller,307215772,254194892,export
local_affliction_notable_rot_resistant,1115713820,713945233,export
local_affliction_notable_rote_reinforcement,3592870326,2478282326,export
local_affliction_notable_rotten_claws,1959723185,2289610642,export
local_affliction_notable_run_through,1894801868,1488030420,export
local_affliction_notable_sadist,2930345595,3638731729,export
local_affliction_notable_sage,3308950029,478147593,export
local_affliction_notable_sap_psyche,466309683,715786975,export
local_affliction_notable_savage_response,502147870,4222635921,export
local_affliction_notable_savour_the_moment,1383923377,3539175001,export
local_affliction_notable_scintillating_idea,470490578,2589589781,export
local_affliction_notable_seal_mender,259077329,876846990,export
local_affliction_notable_second_skin,3698547326,2773515950,export
local_affliction_notable_seeker_runes,3444078549,2261237498,export
local_affliction_notable_self_fulfilling_prophecy,1858760611,2644533453,export
local_affliction_notable_septic_spells,2535474105,4290522695,export
local_affliction_notable_set_and_forget,4086962422,1101250813,export
local_affliction_notable_shifting_shadow,3510774239,1476913894,export
local_affliction_notable_shrieking_bolts,98340374,2783012144,export
local_affliction_notable_skeletal_atrophy,3308750625,1290215329,export
local_affliction_notable_skullbreaker,187310594,315697256,export
local_affliction_notable_sleepless_sentries,1611795194,3993957711,export
local_affliction_notable_smite_the_weak,4009295576,540300548,export
local_affliction_notable_smoking_remains,1689794039,2322980282,export
local_affliction_notable_snaring_spirits,3510149354,3319205340,export
local_affliction_notable_snowstorm,3600982299,1595367309,export
local_affliction_notable_special_reserve,2772234720,4235300427,export
local_affliction_notable_spiked_concoction,3296895405,3372255769,export
local_affliction_notable_spring_back,3902399996,3603695769,export
local_affliction_notable_stalwart_commander,368864084,2350668735,export
local_affliction_notable_steady_torment,58153784,3500334379,export
local_affliction_notable_stoic_focus,4182443351,1088949570,export
local_affliction_notable_storm_drinker,1090484876,2087561637,export
local_affliction_notable_stormrider,1449392524,889728548,export
local_affliction_notable_storms_hand,1927654100,1122051203,export
local_affliction_notable_streamlined,3696725460,1397498432,export
local_affliction_notable_strike_leader,581434470,282062371,export
local_affliction_notable_stubborn_student,1279139353,2383914651,export
local_affliction_notable_student_of_decay,775824890,3202667190,export
local_affliction_notable_sublime_sensation,1344023151,1364858171,export
local_affliction_notable_summer_commander,299966797,3881737087,export
local_affliction_notable_supercharge,273362,3226074658,export
local_affliction_notable_surefooted_striker,2593936819,3410752193,export
local_affliction_notable_surging_vitality,530175940,2410501331,export
local_affliction_notable_surprise_sabotage,133036249,3051562738,export
local_affliction_notable_tempered_arrowheads,3300986509,2631806437,export
local_affliction_notable_thaumophage,348007728,177215332,export
local_affliction_notable_thunderstruck,3748296319,1741700339,export
local_affliction_notable_titanic_swings,935111404,2930275641,export
local_affliction_notable_touch_of_cruelty,4026922888,2780712583,export
local_affliction_notable_towering_threat,4101040624,3536778624,export
local_affliction_notable_unholy_grace,3719867270,4186213466,export
local_affliction_notable_unspeakable_gifts,1237648168,729163974,export
local_affliction_notable_untouchable,3660581982,2758966888,export
local_affliction_notable_unwavering_focus,1891731280,367638058,export
local_affliction_notable_unwaveringly_evil,1450898172,2788982914,export
local_affliction_notable_vast_power,1099435931,1996576560,export
local_affliction_notable_vengeful_commander,1463594585,2620267328,export
local_affliction_notable_veteran_defender,2549433768,664010431,export
local_affliction_notable_vicious_bite,1605742802,882876854,export
local_affliction_notable_vicious_guard_,1833323471,4054656914,export
local_affliction_notable_vicious_skewering,1823829637,567971948,export
local_affliction_notable_victim_maker,2986873400,1936135020,export
local_affliction_notable_vile_reinvigoration,631830258,647201233,export
local_affliction_notable_vital_focus,1464788134,2134141047,export
local_affliction_notable_vivid_hues,300400875,3957006524,export
local_affliction_notable_wall_of_muscle,796418456,1363668533,export
local_affliction_notable_wardbreaker,2010173448,2454339320,export
local_affliction_notable_warning_call,3606485277,578355556,export
local_affliction_notable_wasting_affliction,2719267268,2066820199,export
local_affliction_notable_weight_advantage,2164219224,2244243943,export
local_affliction_notable_whispers_of_death,3958709264,156080652,export+pob
local_affliction_notable_wicked_pall,1677772163,1616734644,export
local_affliction_notable_widespread_destruction,3770974812,1678643716,export
local_affliction_notable_will_shaper,1458190460,1162352537,export
local_affliction_notable_wind_up,322265632,1938661964,export
local_affliction_notable_winter_commander,1259417607,792262925,export
local_affliction_notable_winter_prowler,794995864,755881431,export
local_affliction_notable_wish_for_death,1601218507,608164368,export
local_affliction_notable_wizardry,540072752,3078065247,export
local_affliction_notable_wound_aggravation,3842803034,69078820,export
local_affliction_notable_wrapped_in_flame,4003324827,241783558,export
local_all_damage_can_poison,155518569,264042990,export
local_all_sockets_are_blue,2245159846,2803653753,export
local_all_sockets_are_green,1880635539,2849380136,export
local_all_sockets_are_red,2151668518,1918718830,export
local_all_sockets_are_white,2637741478,211836731,export
local_all_sockets_linked,2201898024,2740018301,export
local_always_hit,3285383611,4126210832,export
local_always_hit_burning_enemies,195155428,270993809,export
local_apply_extra_herald_mod_when_synthesised,421886273,3461563650,export
local_area_of_effect_+%_per_4%_quality,165247083,334333797,export
local_armour_and_energy_shield_+%,3507128598,3321629045,export
local_armour_and_evasion_+%,3407429089,2451402625,export
local_armour_and_evasion_and_energy_shield_+%,2375680503,3523867985,export
local_attack_and_cast_speed_+%_if_item_corrupted,3524674181,26867112,export
local_attack_damage_+%_if_item_corrupted,864990377,2347923784,export
local_attack_speed_+%,3818994251,210067635,export
local_attack_speed_+%_per_8%_quality,3418951424,3331111689,export
local_attack_speed_+%_per_socketed_searching_jewel,2429290374,1635906349,export
local_attacks_grant_onslaught_on_kill_chance_%_with_ranged_abyss_jewel_socketed,3304158314,2863332749,export
local_attacks_impale_on_hit_%_chance,1061737495,725880290,export+pob
local_attacks_intimidate_on_hit_for_4_seconds_with_melee_abyss_jewel_socketed,1126910271,642457541,export
local_attacks_maim_on_hit_for_4_seconds_with_ranged_abyss_jewel_socketed,729591326,2750004091,export
local_attacks_with_this_weapon_elemental_damage_+%,1998279012,17526298,export
local_attribute_requirements_+%,2245784553,3639275092,export
local_avoid_chill_%_during_flask_effect,272862311,1619168299,export+pob
local_avoid_freeze_%_during_flask_effect,3086058179,475518267,export+pob
local_avoid_ignite_%_during_flask_effect,4125770384,20251177,export
local_avoid_shock_%_during_flask_effect,2944708211,3642618258,export
local_base_evasion_rating,2317586958,53045048,export
local_base_physical_damage_reduction_rating,4144227533,3484657501,export
local_bleed_on_critical_strike_chance_%,2633797382,513681673,export
local_bleeding_ailment_dot_multiplier_+,327374194,951608773,export
local_blind_enemies_on_attack_hits_with_ranged_abyss_jewel_socketed,334751911,2044840211,export
local_block_chance_+%,3149833675,2481353198,export
local_can_be_anointed,1139173180,52068049,export
local_can_have_X_additional_runesmith_enchantments,1228372085,1045438865,export
local_can_have_additional_crafted_mods,4247284855,1963398329,export
local_can_have_any_one_hand_runesmith_enchantments,679473447,3221277412,export
local_can_only_deal_damage_with_this_weapon,1703200560,3128318472,export
local_can_only_socket_corrupted_gems,4022553095,608438307,export
local_can_socket_gems_ignoring_colour,808341876,899329924,export
local_cannot_be_used_with_chaos_innoculation,1915834387,623651254,export
local_cannot_generate_toxicity_stacks_over_time,3731407921,1330482101,pob
local_cannot_have_blue_sockets,865924646,3837805260,export
local_cannot_have_green_sockets,2509402221,1615727675,export
local_cannot_have_non_abyssal_sockets,2080534278,847997388,export
local_cannot_have_red_sockets,3306490717,320043039,export
local_chance_bleed_on_hit_%_vs_ignited_enemies,1711247106,3148418088,export
local_chance_for_bleeding_damage_+100%_final_inflicted_with_this_weapon,1327236738,1560880986,export
local_chance_for_poison_damage_+100%_final_inflicted_with_this_weapon,1401191352,2523146878,export
local_chance_for_poison_damage_+300%_final_inflicted_with_weapon,91786730,768124628,export
local_chance_to_bleed_on_hit_%,688657705,1519615863,export+pob
local_chance_to_bleed_on_hit_25%,688657705,1519615863,export
local_chance_to_blind_on_hit_%,2140246308,2301191210,export
local_chance_to_gain_phasing_on_hit_%,3723258360,1793331740,pob
local_chance_to_intimidate_on_hit_%,327556843,2089652545,export+pob
local_chance_to_poison_on_hit_%_during_flask_effect,843154909,2777278657,export
local_chaos_damage_taken_per_minute_during_flask_effect,3666616592,308618188,export
local_chaos_penetration_%,4119043614,3762412853,export
local_charges_added_+%,3724547640,3196823591,export
local_chill_on_hit_ms_if_in_off_hand,860591197,1488891279,export
local_cold_penetration_%,2552092208,1740229525,export
local_cold_resistance_%_per_2%_quality,4082468978,1665106429,export
local_consecrate_ground_on_flask_use_radius,521412472,2146730404,export
local_crafting_bench_options_cost_nothing,2091442602,4149961555,export
local_critical_strike_chance_+%,2583454213,2375316951,export
local_critical_strike_chance_+%_if_item_corrupted,641334490,4023723828,export
local_critical_strike_chance_+%_per_4%_quality,2813773087,3103053611,export
local_critical_strike_chance_+%_per_socketed_hypnotic_jewel,2895787929,1714168814,export
local_culling_strike_vs_bleeding_enemies,494591110,2558253923,export
local_damage_+%_if_item_corrupted,4124284311,767196662,export
local_damage_taken_+%_if_item_corrupted,1493491199,3309607228,export
local_dexterity_per_2%_quality,1428623321,452753731,export
local_dexterity_requirement_+,1535465443,1133453872,export
local_display_attack_with_level_X_bone_nova_on_bleeding_enemy_kill,3422691995,2634885412,export
local_display_aura_allies_have_culling_strike,3724953963,1560540713,export
local_display_aura_allies_have_increased_item_rarity_+%,3648342360,1722463112,export
local_display_aura_base_chaos_damage_to_deal_per_minute,2065287238,2280313599,export
local_display_aura_curse_effect_on_self_+%,3768085871,443525707,export
local_display_aura_damage_+%,576935069,637766438,export
local_display_aura_damage_+%_allies_only,2466682421,3175679225,export
local_display_avoid_interruption_%_while_using_socketed_attack_skills,529693862,1439818705,export
local_display_cast_animate_weapon_on_kill_%_chance,802095619,1973890509,export
local_display_cast_cold_aegis_on_gain_skill,2179981423,3918947537,export
local_display_cast_elemental_aegis_on_gain_skill,110001574,2602585351,export
local_display_cast_fire_aegis_on_gain_skill,378546951,1128763150,export
local_display_cast_fire_burst_on_hit,2878725763,1606553462,export
local_display_cast_level_1_summon_lesser_shrine_on_kill_%,2783318819,1010340836,export
local_display_cast_level_X_consecrate_on_crit,988379626,899293871,export
local_display_cast_level_x_manifest_dancing_dervish,2031029410,4007938693,export
local_display_cast_level_x_shock_ground_on_hit,1172509342,2845525306,export
local_display_cast_level_x_shock_ground_when_hit,115458340,2668070396,export
local_display_cast_lightning_aegis_on_gain_skill,1486112772,850729424,export
local_display_cast_lightning_on_critical_strike,67856729,3241494164,export
local_display_cast_lightning_on_melee_hit_with_this_weapon,2307315655,3195558548,export
local_display_cast_physical_aegis_on_gain_skill,926866099,1892084828,export
local_display_cast_summon_arbalists_on_gain_skill,3806925773,3664803307,export
local_display_chance_to_trigger_socketed_spell_on_kill_%,1083169926,3414107447,export
local_display_curse_enemies_with_socketed_curse_on_hit_%_chance,1338653558,1352418057,export
local_display_deepwater_chart_implicit,3254454509,3582759801,export
local_display_enemies_killed_nearby_count_as_being_killed_by_you,2417009505,2307982579,export
local_display_fire_and_cold_resist_debuff,3320212015,4273356746,export
local_display_fire_burst_on_hit_%,929928880,1621470436,export
local_display_gain_fragile_growth_each_second,2959684370,1086623733,export
local_display_gain_power_charge_on_spending_mana,2201222265,3269060224,export
local_display_grant_level_x_petrification_statue,1533164013,1904419785,export
local_display_grant_level_x_snipe_skill,1527799263,2343098806,export
local_display_grants_biting_braid_skill_level_x,3992403477,124458098,export
local_display_grants_level_X_affliction,1017377659,3486646279,export
local_display_grants_level_X_envy,695065222,52953650,export
local_display_grants_level_X_ghost_cannons,3398781756,1273709603,export
local_display_grants_level_X_pacify,2763561244,913306901,export
local_display_grants_level_X_penance_mark,3475515848,88120117,export
local_display_grants_level_X_queens_demand_skill,2930162474,509572644,export
local_display_grants_level_X_reckoning,867824153,2434330144,export
local_display_grants_level_X_vengeance,3518065994,4122367945,export
local_display_grants_level_x_blood_offering_skill,4232175406,3985468650,export
local_display_grants_level_x_curse_pillar_skil_and_20%_less_curse_effect,2164246397,1757548756,export
local_display_grants_level_x_curse_pillar_skill,2677054788,1517357911,export
local_display_grants_level_x_despair,1118390123,2044547677,export
local_display_grants_level_x_hidden_blade,874361622,3165215973,export
local_display_grants_level_x_summon_stone_golem,1783083908,3056188914,export
local_display_grants_level_x_wintertide_brand,1696100633,1826753218,export
local_display_grants_restless_dead_skill_level_x,2773503012,2397674290,export
local_display_grants_skil_convocation_level,3420125782,1786401772,export
local_display_grants_skill_abyssal_cry_level,3002940613,1271338211,export
local_display_grants_skill_accuracy_crits_aura_level,720710496,2721815210,export
local_display_grants_skill_anger_level,235878501,484879947,export
local_display_grants_skill_animosity_phys_degen_level,2514894585,1714905437,export
local_display_grants_skill_arakaali_aspect_level,394264459,1094971653,export
local_display_grants_skill_battlemages_cry_level,1745316903,2356594418,export
local_display_grants_skill_bear_trap_level,942880460,3541114083,export
local_display_grants_skill_bird_aspect_level,511033453,3914740665,export
local_display_grants_skill_blight_level,711292519,1198418726,export
local_display_grants_skill_blood_sacrament_level,576788842,738386056,export
local_display_grants_skill_brand_detonate_level,2751900087,2859437049,export
local_display_grants_skill_breach_hand_trap_level,226411365,608058997,export
local_display_grants_skill_brine_king_aspect_level,2556752346,3054487153,export
local_display_grants_skill_call_of_steel,2908929886,3637628300,export
local_display_grants_skill_cat_aspect_level,3466206283,1265282021,export
local_display_grants_skill_clarity_level,1460406354,3511815065,export
local_display_grants_skill_conductivity_level,1715053427,461472247,export
local_display_grants_skill_corpse_sacrifice,509719725,636370122,export
local_display_grants_skill_crab_aspect_level,3841435049,4102318278,export
local_display_grants_skill_create_barnacle_level,1869133331,4009462747,export
local_display_grants_skill_critical_weakness_level,476285421,3736925508,export
local_display_grants_skill_dash_level,1974509222,3883691934,export
local_display_grants_skill_death_aura_level,733836118,825352061,export
local_display_grants_skill_death_wish_level,3452904530,1965393792,export
local_display_grants_skill_decoy_totem_level,2164684221,3566242751,export
local_display_grants_skill_determination_level,3361420272,4265392510,export
local_display_grants_skill_discipline_level,2366638957,2578176147,export
local_display_grants_skill_doryanis_touch_level,1390916664,2498303876,export
local_display_grants_skill_elemental_weakness_level,1531276983,3792821911,export
local_display_grants_skill_embrace_madness_level,3689502762,1749783861,export
local_display_grants_skill_enduring_cry_level,2916600921,1031644844,export
local_display_grants_skill_flammability_level,1321432021,2209668839,export
local_display_grants_skill_frostbite_level,3376250177,1169502663,export
local_display_grants_skill_frostblink_level,1970186868,2911866787,export
local_display_grants_skill_gluttony_of_elements_level,4073261060,3321235265,export
local_display_grants_skill_grace_level,3373322745,3914774028,export
local_display_grants_skill_haste_level,3125533515,2923442950,export
local_display_grants_skill_hatred_level,3648150352,2429546158,export
local_display_grants_skill_herald_of_agony_level,2728086994,1504952168,export
local_display_grants_skill_herald_of_ash_level,2078363206,3880462354,export
local_display_grants_skill_herald_of_ice_level,139486091,3846248551,export
local_display_grants_skill_herald_of_purity_level,2298035452,738207023,export
local_display_grants_skill_herald_of_the_breach_level,1187052191,3610535490,export
local_display_grants_skill_herald_of_thunder_level,2603171167,1665492921,export
local_display_grants_skill_icestorm_level,3688948654,2103009393,export
local_display_grants_skill_lightning_warp_level,2977131732,243713911,export
local_display_grants_skill_lunaris_aspect_level,4092715781,937577116,export
local_display_grants_skill_malevolence_level,933663388,3086585712,export
local_display_grants_skill_mirage_chieftain,3020719674,3131535174,export
local_display_grants_skill_pride_level,1885542776,4184565463,export
local_display_grants_skill_projectile_weakness_level,3705458084,3536689603,export
local_display_grants_skill_purity_level,1873512724,105466375,export
local_display_grants_skill_purity_of_cold_level,2233673092,4193390599,export
local_display_grants_skill_purity_of_fire_level,2829033474,3970432307,export
local_display_grants_skill_purity_of_lightning_level,4266893076,3822878124,export
local_display_grants_skill_rallying_cry_level,1655325942,2007746338,export
local_display_grants_skill_resentment_fire_degen_level,3747585880,4015227054,export
local_display_grants_skill_scorching_ray_level,2832285188,1540840,export
local_display_grants_skill_smite_level,2337907182,979973117,export
local_display_grants_skill_solaris_aspect_level,2715223247,4280547417,export
local_display_grants_skill_spider_aspect_level,3691287835,956546305,export
local_display_grants_skill_temporal_chains_level,872334503,940324562,export
local_display_grants_skill_touch_of_fire_level,4087119794,1943415243,export
local_display_grants_skill_unhinge_level,2500210259,3239991868,export
local_display_grants_skill_vaal_impurity_of_fire_level,1201966862,2700934265,export
local_display_grants_skill_vaal_impurity_of_ice_level,1024015276,1300125165,export
local_display_grants_skill_vaal_impurity_of_lightning_level,1717201994,2959369472,export
local_display_grants_skill_vampiric_icon_level,2168566001,1209807941,export
local_display_grants_skill_vitality_level,2159814767,2410613176,export
local_display_grants_skill_vulnerability_level,938500429,1447222021,export
local_display_grants_skill_wrath_level,1162932251,2265307453,export
local_display_grants_skill_zealotry_level,1509388443,3734675602,export
local_display_grants_solartwine_skill_level_x,2715657997,3696252104,export
local_display_grants_summon_beast_companion,4169143349,2878779644,export
local_display_grants_summon_void_spawn,3712518084,658873122,export
local_display_grants_unholy_might,1242549875,1646760085,export
local_display_has_additional_implicit_mod,3649600593,2489070122,export
local_display_hits_against_nearby_enemies_critical_strike_chance_+50%,2080643989,992435560,export
local_display_illusory_warp_level,914021909,3279574030,export
local_display_item_found_rarity_+%_for_you_and_nearby_allies,1453283601,549203380,export
local_display_lose_soul_eater_stack_every_x_seconds_while_no_unique_in_your_presence,1632157083,1331907976,export
local_display_manifest_dancing_dervish_destroy_on_end_rampage,3876559414,1414945937,export
local_display_manifest_dancing_dervish_disables_weapons,1584258014,398335579,export
local_display_mod_aura_mana_regeration_rate_+%,2292585505,2936084533,export
local_display_molten_burst_on_melee_hit_%,963708390,4125471110,export
local_display_movement_speed_+%_for_you_and_nearby_allies,3377314504,3410049114,export
local_display_nearby_allies_action_speed_cannot_be_reduced_below_base,2403480588,1356468153,export
local_display_nearby_allies_critical_strike_multiplier_+,3274701414,3152714748,export
local_display_nearby_allies_extra_damage_rolls,1084106730,655871604,export
local_display_nearby_allies_have_fortify,677828601,244825991,export
local_display_nearby_enemies_all_resistances_%,2464063204,668145148,export
local_display_nearby_enemies_are_blinded,1947829718,2826979740,export
local_display_nearby_enemies_are_chilled,1262093569,2480873346,export
local_display_nearby_enemies_are_covered_in_ash,3667369856,746994389,export
local_display_nearby_enemies_are_crushed,4281342130,3608782127,export
local_display_nearby_enemies_are_debilitated,719611628,2006060276,export
local_display_nearby_enemies_are_intimidated,3881375174,2899095498,export
local_display_nearby_enemies_cannot_crit,1384912118,1177959871,export
local_display_nearby_enemies_critical_strike_chance_+%_against_self,2690477728,3896241826,export
local_display_nearby_enemies_flask_charges_granted_+%,3942233810,3547189490,export
local_display_nearby_enemies_have_malediction,506864884,2774148053,export
local_display_nearby_enemies_movement_speed_+%,355020873,607839150,export
local_display_nearby_enemies_scorched,3222320982,3733114005,export
local_display_nearby_enemies_stun_and_block_recovery_+%,3085864507,3169825297,export
local_display_nearby_enemy_chaos_damage_resistance_%,3718627719,1902595112,export
local_display_nearby_enemy_cold_damage_resistance_%,880590766,2674336304,export
local_display_nearby_enemy_elemental_damage_taken_+%,3991967507,639595152,export
local_display_nearby_enemy_fire_damage_resistance_%,4016676454,3914021960,export
local_display_nearby_enemy_life_reserved_by_stat_%,3661052417,1063263585,export
local_display_nearby_enemy_lightning_damage_resistance_%,823503572,1849749435,export
local_display_nearby_enemy_no_chaos_damage_resistance,682319778,663080464,export
local_display_nearby_enemy_physical_damage_taken_+%,1702512609,415837237,export
local_display_nearby_stationary_enemies_gain_a_grasping_vine_every_x_ms,4273604826,3469279727,export
local_display_raise_spider_on_kill_%_chance,3659069066,3844016207,export
local_display_self_crushed,649547234,846313030,export
local_display_socketed_attack_damage_+%_final,3126199860,1970781345,export
local_display_socketed_attacks_additional_critical_strike_chance,2980228609,2867348718,export
local_display_socketed_attacks_critical_strike_multiplier_+,4257349155,356456977,export
local_display_socketed_attacks_mana_cost_+,3199823894,2264586521,export
local_display_socketed_curse_gems_have_mana_reservation_+%,695962681,1471600638,export
local_display_socketed_curse_gems_supported_by_level_x_blasphemy,402608890,539747809,export
local_display_socketed_gems_additional_critical_strike_chance_%,2461502952,1681904129,export
local_display_socketed_gems_attack_and_cast_speed_+%_final,4231343188,346351023,export
local_display_socketed_gems_chain_X_additional_times,2328049423,2788729902,export
local_display_socketed_gems_curse_auras_also_affect_you,4069209839,2965611853,export
local_display_socketed_gems_damage_+%_final_while_on_low_life,3482109450,1235873320,export
local_display_socketed_gems_damage_over_time_+%_final,2188911238,3846088475,export
local_display_socketed_gems_elemental_damage_+%_final,4176541017,3835899275,export
local_display_socketed_gems_exposure_on_hit,1792100864,2192875806,export
local_display_socketed_gems_get_added_chaos_damage_level,2801478195,411460446,export
local_display_socketed_gems_get_added_fire_damage_level,3649301307,2572192375,export
local_display_socketed_gems_get_added_lightning_damage_level,3698000940,1647529598,export
local_display_socketed_gems_get_additional_accuracy_level,4206114557,1567462963,export
local_display_socketed_gems_get_blind_level,1896990106,2223640518,export
local_display_socketed_gems_get_blood_magic_level,1651897793,3922006600,export
local_display_socketed_gems_get_cast_on_crit_level,1586519378,2325632050,export
local_display_socketed_gems_get_cast_on_death_level,2962310522,3878987051,export
local_display_socketed_gems_get_cast_when_stunned_level,3401455842,1079148723,export
local_display_socketed_gems_get_chance_to_bleed_level,3597848599,2178803872,export
local_display_socketed_gems_get_cold_to_fire_level,2881251403,550444281,export
local_display_socketed_gems_get_concentrated_area_level,1803614317,2388360415,export
local_display_socketed_gems_get_curse_reflection,1591749402,32859524,export
local_display_socketed_gems_get_echo_level,123753995,438778966,export+pob
local_display_socketed_gems_get_elemental_proliferation_level,2993761859,2929101122,export
local_display_socketed_gems_get_faster_attacks_level,3683221562,928701213,export
local_display_socketed_gems_get_faster_cast_level,509259779,2169938251,export
local_display_socketed_gems_get_faster_projectiles_level,1285651229,99089516,export
local_display_socketed_gems_get_fire_penetration_level,219562676,3265951306,export+pob
local_display_socketed_gems_get_flee_level,1685422037,952060721,export
local_display_socketed_gems_get_fork_level,1232316755,2062753054,export
local_display_socketed_gems_get_generosity_level,846915347,2593773031,export
local_display_socketed_gems_get_increased_area_level,2024974429,3720936304,export
local_display_socketed_gems_get_increased_critical_damage_level,3462963473,1108755349,export
local_display_socketed_gems_get_iron_will_level,2828172653,906997920,export
local_display_socketed_gems_get_life_leech_level,1727143697,891277550,export
local_display_socketed_gems_get_mana_multplier_%,4148475348,2865550257,export
local_display_socketed_gems_get_melee_physical_damage_level,593962778,2985291457,export
local_display_socketed_gems_get_melee_splash_level,4001200471,1811422871,export
local_display_socketed_gems_get_multistrike_level,1918056341,2501237765,export
local_display_socketed_gems_get_pierce_level,2513303731,254728692,export
local_display_socketed_gems_get_reduced_mana_cost_level,2311463261,1866911844,export
local_display_socketed_gems_get_remote_mine_level,2152139205,1710508327,export
local_display_socketed_gems_get_spell_totem_level,1842004203,2962840349,export
local_display_socketed_gems_get_stun_level,3325268076,689720069,export
local_display_socketed_gems_get_trap_level,52190839,1122134690,export
local_display_socketed_gems_get_weapon_elemental_damage_level,3283476434,2532625478,export
local_display_socketed_gems_have_%_chance_to_ignite_with_fire_damage,1023648290,3984519770,export
local_display_socketed_gems_have_blood_magic,3943287221,1104246401,export
local_display_socketed_gems_have_chance_to_flee_%,2675041401,3418772,export
local_display_socketed_gems_have_elemental_equilibrium,499528668,2605850929,export
local_display_socketed_gems_have_mana_reservation_+%,2230483660,3289633055,export
local_display_socketed_gems_have_number_of_additional_projectiles,3701579314,4016885052,export
local_display_socketed_gems_have_secrets_of_suffering,685758723,4051493629,export
local_display_socketed_gems_mana_cost_-%,1561377089,2816901897,export
local_display_socketed_gems_physical_damage_%_to_add_as_lightning,300722737,1859937391,export
local_display_socketed_gems_projectile_damage_+%_final,2300356332,2443457281,export
local_display_socketed_gems_projectile_spells_cooldown_modifier_ms,3461202633,470459031,export
local_display_socketed_gems_projectiles_nova,2406270480,967556848,export
local_display_socketed_gems_supported_by_X_lesser_poison,2076592282,228165595,export
local_display_socketed_gems_supported_by_X_vile_toxins,751319205,1002855537,export
local_display_socketed_gems_supported_by_level_1_greater_spell_echo,3285203706,2530022765,export
local_display_socketed_gems_supported_by_level_x_arcane_surge,357513197,2287264161,export
local_display_socketed_gems_supported_by_level_x_archmage,3845725857,3652278215,export
local_display_socketed_gems_supported_by_level_x_aura_duration,778116398,3274973940,export
local_display_socketed_gems_supported_by_level_x_barrage,2396903658,3827538724,export
local_display_socketed_gems_supported_by_level_x_behead,4269157093,1019145105,export
local_display_socketed_gems_supported_by_level_x_bloodlust,1960575549,804508379,export
local_display_socketed_gems_supported_by_level_x_bonechill,1578596418,1859244771,export
local_display_socketed_gems_supported_by_level_x_brutality,3842706132,715256302,export
local_display_socketed_gems_supported_by_level_x_cast_on_damage_taken,2408636111,3036440332,export
local_display_socketed_gems_supported_by_level_x_cast_on_kill,3732290469,3312593243,export
local_display_socketed_gems_supported_by_level_x_cast_on_ward_break,4125695418,668102856,export
local_display_socketed_gems_supported_by_level_x_cast_while_channelling,837930415,1316646496,export
local_display_socketed_gems_supported_by_level_x_chain,100385722,2643665787,export
local_display_socketed_gems_supported_by_level_x_chance_to_bleed,2260518494,4197676934,export
local_display_socketed_gems_supported_by_level_x_chance_to_ignite,4268314853,1828254451,export
local_display_socketed_gems_supported_by_level_x_chaos_attacks,2228134755,3287477747,export
local_display_socketed_gems_supported_by_level_x_charged_mines,399660875,1365328494,export
local_display_socketed_gems_supported_by_level_x_close_combat,1466584757,694651314,export
local_display_socketed_gems_supported_by_level_x_cluster_trap,1817900852,2854183975,export
local_display_socketed_gems_supported_by_level_x_companionship,3560692383,2020568221,export
local_display_socketed_gems_supported_by_level_x_controlled_blaze,1505773329,124226929,export
local_display_socketed_gems_supported_by_level_x_cooldown_recovery,3101999521,654335115,export
local_display_socketed_gems_supported_by_level_x_corrupting_cry,2001133316,3486166615,export
local_display_socketed_gems_supported_by_level_x_cull_the_weak,3481238355,2252088501,export
local_display_socketed_gems_supported_by_level_x_culling_strike,3662352045,1135493957,export
local_display_socketed_gems_supported_by_level_x_curse_on_hit,2154245445,2697741965,export
local_display_socketed_gems_supported_by_level_x_cursed_ground,1212643097,3998071134,export
local_display_socketed_gems_supported_by_level_x_deadly_ailments,1816393815,103909236,export
local_display_socketed_gems_supported_by_level_x_deathmark,233833765,4082662318,export
local_display_socketed_gems_supported_by_level_x_decay,1790334610,388696990,export
local_display_socketed_gems_supported_by_level_x_devour,3574436396,2820883532,export
local_display_socketed_gems_supported_by_level_x_divine_sentinel,1142070848,2755724036,export
local_display_socketed_gems_supported_by_level_x_earthbreaker,2704611774,940684417,export
local_display_socketed_gems_supported_by_level_x_eclipse,3835699854,3207084920,export
local_display_socketed_gems_supported_by_level_x_efficacy,1814295889,3924539382,export
local_display_socketed_gems_supported_by_level_x_eldritch_blasphemy,1758330007,1628375748,export
local_display_socketed_gems_supported_by_level_x_elemental_focus,3228573450,1169422227,export
local_display_socketed_gems_supported_by_level_x_elemental_penetration,3041902178,1994143317,export
local_display_socketed_gems_supported_by_level_x_empower,1636094809,3581578643,export
local_display_socketed_gems_supported_by_level_x_endurance_charge_on_stun,3560368197,3375208082,export
local_display_socketed_gems_supported_by_level_x_energy_leech,2051330952,799443127,export
local_display_socketed_gems_supported_by_level_x_enhance,3023291640,2556436882,export
local_display_socketed_gems_supported_by_level_x_enlighten,2420761375,2065361612,export
local_display_socketed_gems_supported_by_level_x_eternal_blessing,399504818,3062849155,export
local_display_socketed_gems_supported_by_level_x_excommunicate,4098892196,1385879224,export
local_display_socketed_gems_supported_by_level_x_expert_retaliation,1903774968,3570337997,export
local_display_socketed_gems_supported_by_level_x_feeding_frenzy,559669922,2269282877,export
local_display_socketed_gems_supported_by_level_x_fire_penetration,219562676,3265951306,export
local_display_socketed_gems_supported_by_level_x_fist_of_war,3222179379,2419657101,export
local_display_socketed_gems_supported_by_level_x_flamewood,3739099647,285773939,export
local_display_socketed_gems_supported_by_level_x_focused_channelling,1637246764,1948535732,export
local_display_socketed_gems_supported_by_level_x_focussed_ballista,3197696038,921536976,export
local_display_socketed_gems_supported_by_level_x_fortify,2924608774,107118693,export
local_display_socketed_gems_supported_by_level_x_fragility,3650364821,1679136,export
local_display_socketed_gems_supported_by_level_x_frenzy_power_on_trap_trigger,326201638,479453859,export
local_display_socketed_gems_supported_by_level_x_fresh_meat,2245538639,3713917371,export
local_display_socketed_gems_supported_by_level_x_frigid_bond,2463995891,3031999964,export
local_display_socketed_gems_supported_by_level_x_greater_fork,620198866,2336972637,export
local_display_socketed_gems_supported_by_level_x_greater_multiple_projectiles,2228238720,359450079,export
local_display_socketed_gems_supported_by_level_x_greater_multistrike,1536642006,3144811156,export
local_display_socketed_gems_supported_by_level_x_greater_spell_cascade,4028394650,2292610865,export
local_display_socketed_gems_supported_by_level_x_greater_spell_echo,65035431,3388448323,export
local_display_socketed_gems_supported_by_level_x_greater_unleash,979523839,90008414,export
local_display_socketed_gems_supported_by_level_x_greater_volley,3163098850,2223565123,export
local_display_socketed_gems_supported_by_level_x_guardians_blessing,3657945579,3434296257,export
local_display_socketed_gems_supported_by_level_x_hex_bloom,1923945923,3199084318,export
local_display_socketed_gems_supported_by_level_x_hexpass,669221143,3684412823,export
local_display_socketed_gems_supported_by_level_x_hextoad,2498344009,2172297405,export
local_display_socketed_gems_supported_by_level_x_ignite_proliferation,1520605541,3593797653,export
local_display_socketed_gems_supported_by_level_x_immolate,1473777678,2420410470,export
local_display_socketed_gems_supported_by_level_x_impale,775909441,1900098804,export
local_display_socketed_gems_supported_by_level_x_impending_doom,2619552293,3227145554,export
local_display_socketed_gems_supported_by_level_x_increased_burning_damage,3590710033,2680613507,export
local_display_socketed_gems_supported_by_level_x_increased_critical_strikes,625495717,2259700079,export
local_display_socketed_gems_supported_by_level_x_increased_duration,92625637,407317553,export
local_display_socketed_gems_supported_by_level_x_infernal_legion,1495621382,2201102274,export
local_display_socketed_gems_supported_by_level_x_intensify,136002904,1876637240,export
local_display_socketed_gems_supported_by_level_x_invert_the_rules,1157426449,2475469642,export
local_display_socketed_gems_supported_by_level_x_iron_grip,3967329668,251446805,export
local_display_socketed_gems_supported_by_level_x_item_quantity,1479597411,248646071,export
local_display_socketed_gems_supported_by_level_x_item_rarity,2858277961,3587013273,export
local_display_socketed_gems_supported_by_level_x_life_gain_on_hit,282971079,2032386732,export
local_display_socketed_gems_supported_by_level_x_lifetap,1037711201,1079239905,export
local_display_socketed_gems_supported_by_level_x_lightning_penetration,302846010,3354027870,export
local_display_socketed_gems_supported_by_level_x_living_lightning,2213436572,4096329121,export
local_display_socketed_gems_supported_by_level_x_maim,3618336662,3826977109,export
local_display_socketed_gems_supported_by_level_x_manaforged_arrows,3311901877,4022502578,export
local_display_socketed_gems_supported_by_level_x_mark_on_hit,1859995428,3485498591,export
local_display_socketed_gems_supported_by_level_x_meat_shield,4270771227,858460086,export
local_display_socketed_gems_supported_by_level_x_melee_crit_minion,4013184242,3370631451,export
local_display_socketed_gems_supported_by_level_x_melee_damage_on_full_life,2252599342,2126431157,export
local_display_socketed_gems_supported_by_level_x_minefield,2721768568,2805586447,export
local_display_socketed_gems_supported_by_level_x_minion_pact,344945510,991044906,export
local_display_socketed_gems_supported_by_level_x_mirage_archer,1883427129,3239503729,export
local_display_socketed_gems_supported_by_level_x_multi_totem,886531349,807186595,export
local_display_socketed_gems_supported_by_level_x_multi_trap,9522592,3016436615,export
local_display_socketed_gems_supported_by_level_x_multicast,2745072096,913919528,export
local_display_socketed_gems_supported_by_level_x_nightblade,382641678,2861649515,export
local_display_socketed_gems_supported_by_level_x_obliteration,998056105,833438017,export
local_display_socketed_gems_supported_by_level_x_onslaught,3915036176,3237923082,export
local_display_socketed_gems_supported_by_level_x_overcharge,3244110729,3462081007,export
local_display_socketed_gems_supported_by_level_x_parallel_projectiles,984145534,2696557965,export
local_display_socketed_gems_supported_by_level_x_physical_projectile_attack_damage,2541781909,2513293614,export
local_display_socketed_gems_supported_by_level_x_physical_to_lightning,2560096559,3327487371,export
local_display_socketed_gems_supported_by_level_x_pinpoint,1959814824,1609369521,export
local_display_socketed_gems_supported_by_level_x_point_blank,3721500860,3754129682,export
local_display_socketed_gems_supported_by_level_x_poison,2085934061,2228279620,export
local_display_socketed_gems_supported_by_level_x_power_charge_on_crit,3106007072,4015918489,export
local_display_socketed_gems_supported_by_level_x_prismatic_burst,3908185210,2910545715,export
local_display_socketed_gems_supported_by_level_x_pulverise,2526938779,282757414,export
local_display_socketed_gems_supported_by_level_x_rage,3471197181,369650395,export
local_display_socketed_gems_supported_by_level_x_rain,3157204838,1331336999,export
local_display_socketed_gems_supported_by_level_x_ranged_attack_totem,3388749771,3030692053,export
local_display_socketed_gems_supported_by_level_x_rapid_decay,2224369693,1636220212,export
local_display_socketed_gems_supported_by_level_x_reduced_block_chance,2479493988,1966051190,export
local_display_socketed_gems_supported_by_level_x_reduced_duration,3597754723,2487643588,export
local_display_socketed_gems_supported_by_level_x_remote_mine_2,886008897,2116100988,export
local_display_socketed_gems_supported_by_level_x_returning_projectiles,3407247071,1549219417,export
local_display_socketed_gems_supported_by_level_x_rupture,4002132208,970734352,export
local_display_socketed_gems_supported_by_level_x_ruthless,4188928572,3796013729,export
local_display_socketed_gems_supported_by_level_x_sacred_wisps,780923756,3304737450,export
local_display_socketed_gems_supported_by_level_x_sacrifice,1074683350,2302807931,export
local_display_socketed_gems_supported_by_level_x_sadism,3382193494,794471597,export
local_display_socketed_gems_supported_by_level_x_second_wind,2945125755,402499111,export
local_display_socketed_gems_supported_by_level_x_shockwave,3399836892,1344789934,export
local_display_socketed_gems_supported_by_level_x_slower_projectiles,860317018,1390285657,export
local_display_socketed_gems_supported_by_level_x_snipe,501330405,3282302743,export
local_display_socketed_gems_supported_by_level_x_spell_cascade,1282833375,503990161,export
local_display_socketed_gems_supported_by_level_x_spell_focus,136002904,1876637240,export+pob
local_display_socketed_gems_supported_by_level_x_spellblade,710134936,633235561,export
local_display_socketed_gems_supported_by_level_x_spirit_strike,2737367377,696805682,export
local_display_socketed_gems_supported_by_level_x_storm_barrier,1059049858,4048257027,export
local_display_socketed_gems_supported_by_level_x_summon_elemental_resistance,2659205447,514705332,export
local_display_socketed_gems_supported_by_level_x_summon_ghost_on_kill,3044887156,3155072742,export
local_display_socketed_gems_supported_by_level_x_swift_assembly,2279606371,4021476585,export
local_display_socketed_gems_supported_by_level_x_swiftbrand,3153396399,2127532091,export
local_display_socketed_gems_supported_by_level_x_transfusion,2513668152,3740740992,export
local_display_socketed_gems_supported_by_level_x_trap_and_mine_damage,2176559611,3814066599,export
local_display_socketed_gems_supported_by_level_x_trap_cooldown,2544922428,3839163699,export
local_display_socketed_gems_supported_by_level_x_trauma,762554703,1715139253,export
local_display_socketed_gems_supported_by_level_x_trinity,2898787989,3111091501,export
local_display_socketed_gems_supported_by_level_x_unbound_ailments,929377256,3699494172,export
local_display_socketed_gems_supported_by_level_x_undead_army,2736772787,1674086814,export
local_display_socketed_gems_supported_by_level_x_unleash,3964397188,3356013982,export
local_display_socketed_gems_supported_by_level_x_urgent_orders,3158424457,1485525812,export
local_display_socketed_gems_supported_by_level_x_void_manipulation,1513865080,1866583932,export
local_display_socketed_gems_supported_by_level_x_void_shockwave,1246602809,3455096360,export
local_display_socketed_gems_supported_by_level_x_volatility,5121813,4184135167,export
local_display_socketed_gems_supported_by_pierce_level,1044828117,2433615566,export
local_display_socketed_gems_supported_by_x_added_cold_damage,3807895677,4020144606,export
local_display_socketed_gems_supported_by_x_cold_penetration,2449622790,1991958615,export
local_display_socketed_gems_supported_by_x_combustion_level,483286432,961135393,export+pob
local_display_socketed_gems_supported_by_x_controlled_destruction,609719385,3718597497,export
local_display_socketed_gems_supported_by_x_focused_channelling_level,1637246764,1948535732,export+pob
local_display_socketed_gems_supported_by_x_hypothermia,2273234244,13669281,export
local_display_socketed_gems_supported_by_x_ice_bite,2224289269,1384629003,export
local_display_socketed_gems_supported_by_x_increased_minion_damage_level,49110436,808939569,export
local_display_socketed_gems_supported_by_x_increased_minion_life_level,3510901256,1337327984,export
local_display_socketed_gems_supported_by_x_increased_minion_speed_level,2630442182,995332031,export
local_display_socketed_gems_supported_by_x_innervate_level,3258458976,1106668565,export
local_display_socketed_gems_supported_by_x_intensify_level,4163269008,1792524915,export+pob
local_display_socketed_gems_supported_by_x_knockback_level,3145591126,4066711249,export
local_display_socketed_gems_supported_by_x_lesser_multiple_projectiles_level,1594839987,584144941,export
local_display_socketed_gems_supported_by_x_mana_leech,3061983621,2608615082,export
local_display_socketed_gems_supported_by_x_reduced_mana_cost,1126768265,749770518,export+pob
local_display_socketed_gems_supported_by_x_returning_projectiles_level,3407247071,1549219417,export+pob
local_display_socketed_gems_supported_by_x_summon_phantasm_level,1496015931,2169409479,export+pob
local_display_socketed_golem_attack_and_cast_speed_+%,1871292676,706212417,export
local_display_socketed_golem_buff_effect_+%,117293699,2813516522,export
local_display_socketed_golem_chance_to_taunt_%,1351002990,178057093,export
local_display_socketed_golem_life_regeneration_rate_per_minute_%,3954827993,693460617,export
local_display_socketed_golem_skill_grants_onslaught_when_summoned,136069430,1693676706,export
local_display_socketed_golem_skills_minions_life_%_to_add_as_energy_shield,1995433573,1199118714,export
local_display_socketed_melee_gems_have_area_radius_+%,3511680423,2462976337,export
local_display_socketed_movement_skills_have_no_mana_cost,4115766139,3263216405,export
local_display_socketed_projectile_spells_duration_+%_final,2826261818,3104895675,export
local_display_socketed_red_gems_have_%_of_physical_damage_to_add_as_fire,1977611657,2629366488,export
local_display_socketed_skills_attack_speed_+%,3765490662,2881124988,export
local_display_socketed_skills_cast_speed_+%,1710691170,3425934849,export
local_display_socketed_skills_deal_double_damage,2547706082,2132884933,export
local_display_socketed_skills_fork,3560546334,1519665289,export
local_display_socketed_spell_damage_+%_final,4243645774,2964800094,export
local_display_socketed_spells_additional_critical_strike_chance,3841185147,135378852,export
local_display_socketed_spells_additional_projectiles,3911836639,973574623,export
local_display_socketed_spells_critical_strike_multiplier_+,2054328344,2828710986,export
local_display_socketed_spells_mana_cost_+%,2919248646,1688834903,export
local_display_socketed_spells_projectiles_circle,3149219849,3235941702,export
local_display_socketed_trap_skills_create_smoke_cloud,1629360403,1263384098,export
local_display_socketed_travel_skills_damage_+%_final,4278950140,1020412108,export
local_display_socketed_triggered_skills_deal_double_damage,1891384866,4021083819,export
local_display_socketed_vaal_skills_area_of_effect_+%,1460308517,2505291583,export
local_display_socketed_vaal_skills_aura_effect_+%,59707205,2932121832,export
local_display_socketed_vaal_skills_damage_+%_final,4266002509,3106951888,export
local_display_socketed_vaal_skills_effect_duration_+%,779052773,476204410,export
local_display_socketed_vaal_skills_elusive_on_use,894627391,1831825995,export
local_display_socketed_vaal_skills_extra_damage_rolls,3920517996,1274200851,export
local_display_socketed_vaal_skills_ignore_monster_phys_reduction,515216317,1388374928,export
local_display_socketed_vaal_skills_ignore_monster_resistances,285695441,2540508981,export
local_display_socketed_vaal_skills_no_soul_gain_prevention_duration,2336817998,1292359483,export
local_display_socketed_vaal_skills_projectile_speed_+%,3661383413,2237174578,export
local_display_socketed_vaal_skills_soul_gain_prevention_duration_+%,2024391314,2599305231,export
local_display_socketed_vaal_skills_soul_requirement_+%_final,3900807550,2198756560,export
local_display_socketed_vaal_skills_store_uses_+,2595028049,207863952,export
local_display_socketed_warcry_skills_cooldown_use_+,68225889,3784504781,export
local_display_spend_energy_shield_for_costs_before_mana_for_socketed_skills,1727334170,563547620,export
local_display_starfall_on_melee_critical_hit_%,3855759292,1505174316,export
local_display_summon_harbinger_x_on_equip,478589333,3872739249,export
local_display_summon_raging_spirit_on_kill_%,1282758997,3751996449,export
local_display_summon_wolf_on_kill_%,1239454165,1785942004,export
local_display_summon_writhing_worm_every_2000_ms,4209951265,933024928,export
local_display_supported_by_crab_totem,2794719851,3361806635,pob
local_display_supported_by_level_10_controlled_destruction,3636418349,3425526049,export
local_display_supported_by_level_10_intensify,2175129609,3561676020,export
local_display_supported_by_level_10_spell_echo,21489997,725896422,export
local_display_supported_by_level_x_awakened_added_chaos_damage,1554132299,2722592119,export
local_display_supported_by_level_x_awakened_added_cold_damage,3981980053,2509486489,export
local_display_supported_by_level_x_awakened_added_fire_damage,3840359732,339131601,export
local_display_supported_by_level_x_awakened_added_lightning_damage,1121585479,3429304534,export
local_display_supported_by_level_x_awakened_ancestral_call,2602567598,4055526353,export
local_display_supported_by_level_x_awakened_blasphemy,1547949959,1046449631,export
local_display_supported_by_level_x_awakened_brutality,311434355,3610200044,export
local_display_supported_by_level_x_awakened_burning_damage,3396947340,493707013,export
local_display_supported_by_level_x_awakened_chain,582472330,2249251344,export
local_display_supported_by_level_x_awakened_cold_penetration,1629481867,1889095429,export
local_display_supported_by_level_x_awakened_controlled_destruction,3565362167,271119551,export
local_display_supported_by_level_x_awakened_deadly_ailments,3416356645,1621366871,export
local_display_supported_by_level_x_awakened_elemental_focus,974656731,2111661233,export
local_display_supported_by_level_x_awakened_empower,1158019914,3739157305,export
local_display_supported_by_level_x_awakened_enhance,400193915,2133566731,export
local_display_supported_by_level_x_awakened_fire_penetration,970520641,170274897,export
local_display_supported_by_level_x_awakened_fork,3379977831,1803865171,export
local_display_supported_by_level_x_awakened_generosity,3855444848,1007586373,export
local_display_supported_by_level_x_awakened_greater_multiple_projectiles,967176332,1980028507,export
local_display_supported_by_level_x_awakened_increased_area_of_effect,798641127,2333301609,export
local_display_supported_by_level_x_awakened_lightning_penetration,1330175785,1544223714,export
local_display_supported_by_level_x_awakened_melee_physical_damage,1223486704,2173069393,export
local_display_supported_by_level_x_awakened_melee_splash,218997316,2253550081,export
local_display_supported_by_level_x_awakened_minion_damage,1349347,2100048639,export
local_display_supported_by_level_x_awakened_multistrike,811863894,511417258,export
local_display_supported_by_level_x_awakened_spell_cascade,306899297,2222752567,export
local_display_supported_by_level_x_awakened_spell_echo,645845469,48859060,export
local_display_supported_by_level_x_awakened_swift_affliction,2735328256,4089933397,export
local_display_supported_by_level_x_awakened_unbound_ailments,2747197010,2116002108,export
local_display_supported_by_level_x_awakened_unleash,989388710,3428829446,export
local_display_supported_by_level_x_awakened_vicious_projectiles,3709080842,2647355055,export
local_display_supported_by_level_x_awakened_void_manipulation,4162203900,1882929618,export
local_display_supported_by_level_x_awakened_weapon_elemental_damage,4076125041,1786672841,export
local_display_tailwind_if_socketed_vaal_skill_used_recently,640384685,1678234826,export
local_display_trigger_commandment_of_inferno_on_crit_%,2465241343,3251948367,export
local_display_trigger_corpse_walk_on_equip_level,1758153563,779168081,export
local_display_trigger_death_walk_on_equip_level,2658899504,651875072,export
local_display_trigger_level_18_summon_spectral_wolf_on_kill_10%_chance,3901825362,1468606528,export
local_display_trigger_level_1_blood_rage_on_kill_chance_%,363607355,205619502,export
local_display_trigger_level_20_animate_guardian_weapon_on_guardian_kill_%_chance,95363165,3682009780,export
local_display_trigger_level_20_animate_guardian_weapon_on_weapon_kill_%_chance,1562823448,919960234,export
local_display_trigger_level_20_shade_form_on_skill_use_%,590480592,3308936917,export
local_display_trigger_level_20_shade_form_when_hit_%,2931856908,2603798371,export
local_display_trigger_level_20_summon_spectral_wolf_on_crit_with_this_weapon_%_chance,4202998966,4221489692,export
local_display_trigger_level_20_tornado_when_you_gain_avians_flight_or_avians_might_%,4017812431,2554328719,export
local_display_trigger_level_X_assassins_mark_when_you_hit_rare_or_unique_enemy,926176320,3924520095,export+pob
local_display_trigger_level_X_atziri_flameblast,3469129766,2766423342,export
local_display_trigger_level_X_atziri_storm_call,1300673623,758006884,export
local_display_trigger_level_X_blinding_aura_skill_on_equip,4145055379,125312907,export
local_display_trigger_level_X_feast_of_flesh_every_5_seconds,4082357606,1024189516,export
local_display_trigger_level_X_offering_every_5_seconds,4161934519,1663239249,export
local_display_trigger_level_X_poachers_mark_when_you_hit_rare_or_unique_enemy,2469129386,3904501306,export+pob
local_display_trigger_level_X_shield_shatter_on_block,3038922428,401685616,export
local_display_trigger_level_X_void_gaze_on_skill_use,2506952104,1869144397,export
local_display_trigger_level_X_warlords_mark_when_you_hit_rare_or_unique_enemy,422364855,2049471530,export
local_display_trigger_level_x_create_fungal_ground_on_kill,2203977263,3159312340,export
local_display_trigger_level_x_curse_nova_on_hit_while_cursed,1320933465,810166817,export
local_display_trigger_level_x_fiery_impact_on_melee_hit_with_this_weapon,1050417062,1523888729,export
local_display_trigger_level_x_flame_dash_when_you_use_a_socketed_skill,1301199138,1633778432,export
local_display_trigger_level_x_gore_shockwave_on_melee_hit_with_atleast_150_strength,2065412564,252427115,export
local_display_trigger_level_x_icicle_nova_on_hit_vs_frozen_enemy,3614660885,1357672429,export
local_display_trigger_level_x_intimidating_cry_when_you_lose_cats_stealth,2212954248,3892608176,export
local_display_trigger_level_x_lightning_warp_on_hit_with_this_weapon,1528255494,1527893390,export
local_display_trigger_level_x_rain_of_arrows_on_bow_attack,3255003180,2935409762,export
local_display_trigger_level_x_reflection_skill_on_equip,831506578,3451043685,export
local_display_trigger_level_x_smoke_cloud_on_trap_triggered,988845839,208447205,export
local_display_trigger_level_x_spirit_burst_on_skill_use_if_have_spirit_charge,377287426,1992516007,export
local_display_trigger_level_x_stalking_pustule_on_kill,611139753,1662669872,export
local_display_trigger_level_x_storm_cascade_on_attack,2889004151,818329660,export
local_display_trigger_level_x_summon_phantasm_on_corpse_consume,437720684,3252082366,export
local_display_trigger_level_x_toxic_rain_on_bow_attack,1384645888,767464019,export
local_display_trigger_level_x_void_shot_on_arrow_fire_while_you_have_void_arrow,4159866210,3262369040,export
local_display_trigger_socketed_curses_on_casting_curse_%_chance,546702913,3657377047,export
local_display_trigger_summon_taunting_contraption_on_flask_use,3580945541,1774370437,export
local_display_trigger_temporal_anomaly_when_hit_%_chance,4200619045,3141831683,export
local_display_trigger_tentacle_smash_on_kill_%_chance,3460858439,1350938937,export
local_display_trigger_void_sphere_on_kill_%_chance,1722679301,2143990571,export
local_display_use_level_X_abyssal_cry_on_hit,518101500,1795756125,export
local_display_you_get_elemental_ailments_instead_of_allies,2494103535,979288792,export
local_double_damage_to_chilled_enemies,1354556104,625037258,export
local_double_damage_with_attacks,4141224871,1506185293,export
local_elemental_damage_+%,1389026331,692420067,export
local_elemental_damage_+%_per_2%_quality,2141219834,1482025771,export
local_elemental_penetration_%,2834319078,4064396395,export
local_emberglow_ignite_proliferation_radius,721798500,1010930352,export
local_enchant_stat_magnitude_+%,212291254,2636298851,export
local_energy_shield,2945001719,4052037485,export
local_energy_shield_+%,2444162928,4015621042,export
local_energy_shield_regeneration_per_minute_%_if_crit_recently,863725367,298613712,export
local_evasion_and_energy_shield_+%,268656011,1999113824,export
local_evasion_rating_+%,3259741431,124859000,export
local_evasion_rating_and_energy_shield,593379265,1549868759,export
local_explicit_mod_effect_+%,1516548490,1581907402,export
local_fire_and_lightning_hit_and_dot_damage_%_taken_as_cold_during_effect,1344539911,1349002319,export
local_fire_damage_from_life_%,1506435131,3228133944,export
local_fire_penetration_%,3838726968,3398283493,export
local_fire_resistance_%_per_2%_quality,3356360306,2787227226,export
local_flask_-%_of_your_damage_cannot_be_reflected,863171856,603134774,pob
local_flask_accuracy_rating_+%_during_effect,4117263515,3337754340,export
local_flask_additional_x%_life_recovery_per_second_over_10_seconds_if_not_on_full_life,1362236629,307410279,export
local_flask_adds_knockback_while_healing,836079805,251342217,export
local_flask_amount_to_recover_+%,978608437,700317374,export
local_flask_amount_to_recover_+%_when_on_low_life,3459628069,886931978,export
local_flask_area_of_consecrated_ground_+%,2323213582,806698863,export
local_flask_area_of_effect_+%_during_flask_effect,596027707,215882879,export
local_flask_armour_+%_while_healing,39806384,1693613464,export
local_flask_attack_speed_+%_while_healing,1423439368,968369591,export
local_flask_avoid_stun_chance_%_during_flask_effect,2879953175,2312652600,export
local_flask_bleeding_immunity_if_bleeding_and_remove_corrupted_blood,3216993982,3233646242,export
local_flask_bleeding_immunity_if_bleeding_and_remove_corrupted_blood_s,4174652923,182714578,export
local_flask_cannot_gain_charges_during_flask_effect,2239544486,4123533923,export
local_flask_cast_speed_+%_while_healing,2142705445,3256116097,export
local_flask_chance_to_freeze_shock_ignite_%_while_healing,1312373914,97064873,export
local_flask_chill_or_freeze_immunity_if_chilled_or_frozen,4251377773,3570046771,export
local_flask_chill_or_freeze_immunity_if_chilled_or_frozen_s,629307929,3869628136,export
local_flask_chilled_ground_on_flask_use_radius,1281975865,3311869501,export
local_flask_consumes_max_charges_on_use,72922514,3426614534,export
local_flask_consumes_x_frenzy_charges_on_use,3772222194,570159344,export
local_flask_critical_strike_chance_+%_during_flask_effect,725307549,2008255263,export
local_flask_critical_strike_chance_against_enemies_on_consecrated_ground_%_during_effect,554231477,1535051459,export
local_flask_culling_strike_during_flask_effect,3844174283,2175889777,export
local_flask_deals_%_maximum_life_as_chaos_damage_on_use,151537980,2301696196,export
local_flask_debilitate_nearby_enemies_for_X_seconds_when_flask_effect_ends,3134655962,545593248,export
local_flask_dispels_burning_and_ignite_immunity_during_effect,4291560258,658443507,export
local_flask_duration_+%_final,208825940,1506355899,export
local_flask_during_effect_enemy_damage_taken_+%_on_consecrated_ground,1816986790,1866211373,export
local_flask_effect_ends_when_hit_by_player,3941570485,3399320226,export
local_flask_effect_not_removed_at_full_mana,859308131,3969608626,export
local_flask_enemies_ignited_during_flask_effect_damage_taken_+%,209435274,3477833022,export
local_flask_energy_shield_leech_from_spell_damage_permyriad_while_healing,852403322,1456464057,export
local_flask_energy_shield_recharge_not_delayed_by_damage_during_effect,867097898,23814088,export
local_flask_evasion_+%_while_healing,961208996,299054775,export
local_flask_gain_X_charges_on_consuming_ignited_corpse,4235700905,2557247391,export
local_flask_gain_X_charges_when_hit,1804019096,1582728645,export
local_flask_gain_charges_consumed_as_vaal_souls_on_use,1911085951,1655460656,export
local_flask_gain_endurance_charge_per_second_during_flask_effect,2793231891,3916499001,export
local_flask_gain_endurance_charges_on_use,1286448273,3986030307,export
local_flask_gain_frenzy_charges_on_use,2113643435,3230795453,export
local_flask_gain_power_charges_on_use,332173727,2697049014,export
local_flask_gain_x_seconds_of_onslaught_per_frenzy_charge_consumed,3222111002,661376813,export
local_flask_hinder_nearby_enemies_%_for_4_seconds_if_not_on_full_life,2317430408,1462364052,export
local_flask_hinder_nearby_enemies_%_for_4_seconds_if_not_on_full_mana,1049868294,2313899959,export
local_flask_ignite_immunity_if_ignited_and_remove_burning,2041857162,2695527599,export
local_flask_ignite_immunity_if_ignited_and_remove_burning_s,3977187240,2361218755,export
local_flask_ignite_proliferation_radius_during_effect,1750301802,3052040294,export
local_flask_ignited_enemies_during_effect_have_malediction,813729484,1558071928,export
local_flask_immune_to_bleeding_and_corrupted_blood_during_flask_effect,2589443359,3965637181,export
local_flask_immune_to_freeze_and_chill_during_flask_effect,3435203901,3838369929,export
local_flask_immune_to_hinder_for_x_seconds_if_hindered,2104730535,4003593289,export
local_flask_immune_to_maim_for_x_seconds_if_maimed,4145959301,4232582040,export
local_flask_immune_to_poison_during_flask_effect,3240034259,1349296959,export
local_flask_immune_to_shock_during_flask_effect,2729509971,589991690,export
local_flask_inflict_fire_cold_lightning_exposure_on_nearby_enemies_on_use,4013480791,3933226405,export
local_flask_is_petrified,1611765275,1935500672,export
local_flask_item_found_rarity_+%_during_flask_effect,321496646,3251705960,export
local_flask_life_gain_on_skill_use_%_mana_cost,2668924214,3686711832,export
local_flask_life_leech_expected_ignite_damage_permyriad_during_effect,2161432127,96869632,export
local_flask_life_leech_from_attack_damage_permyriad_while_healing,3120631405,1173558568,export
local_flask_life_leech_on_damage_taken_%_permyriad_during_flask_effect,2123120062,3824033729,export
local_flask_life_leech_permyriad_while_healing,170055202,3111255591,export+pob
local_flask_life_recovery_from_flasks_also_recovers_energy_shield,2342600015,74462130,export
local_flask_life_regeneration_per_minute_%_during_flask_effect,2969547708,871270154,export
local_flask_life_to_recover_+%,3096008181,1261982764,export
local_flask_lose_all_charges_on_entering_new_area,18827620,776020689,export
local_flask_lose_all_endurance_charges_and_recover_%_life_for_each_on_use,17168618,521653232,export
local_flask_mana_leech_permyriad_while_healing,2070318590,374891408,export+pob
local_flask_mana_recovery_occurs_instantly_at_end_of_flask_effect,3263805092,4204954479,export
local_flask_mana_to_recover_+%,395902594,1811130680,export
local_flask_minion_heal_%,722168523,2416869319,export
local_flask_movement_speed_+%_while_healing,805174023,3182498570,export
local_flask_no_mana_recovery_during_effect,1375367226,2198697797,export
local_flask_non_damaging_ailment_effect_+%_during_flask_effect,167498597,1122693835,export
local_flask_number_of_additional_curses_allowed_during_effect,2114932805,3897433431,export
local_flask_number_of_additional_projectiles_during_flask_effect,2825964613,323705912,export
local_flask_physical_damage_can_ignite_during_effect,731464202,3914001710,export
local_flask_poison_immunity_if_poisoned,1805851607,3596333054,export
local_flask_poison_immunity_if_poisoned_s,2785745611,542375676,export
local_flask_recover_%_maximum_energy_shield_on_kill_during_flask_effect,1909458305,2347201221,export
local_flask_recover_%_maximum_life_on_kill_during_flask_effect,104084093,1217476473,export
local_flask_recover_%_maximum_mana_on_kill_during_flask_effect,76559814,3247931236,export
local_flask_recover_instantly_when_on_low_life,98024418,3812107348,export
local_flask_recovers_instantly,764623902,1526933524,export+pob
local_flask_recovery_amount_%_to_recover_instantly,3272279437,2503377690,export
local_flask_recovery_speed_+%,1556748148,173226756,export
local_flask_remove_curses_on_use,4189483632,3895393544,export
local_flask_remove_effect_when_ward_breaks,3377983310,3617672145,export
local_flask_removes_%_maximum_energy_shield_on_use,1471437587,2917449574,export
local_flask_removes_%_of_life_recovery_from_mana_on_use,3834642191,648019518,export
local_flask_removes_%_of_mana_recovery_from_life_on_use,1776438094,959641748,export
local_flask_resistances_+%_while_healing,2294598209,962725504,export
local_flask_restore_ward,379009135,2451856207,export
local_flask_shock_immunity_if_shocked,1915230553,1823903967,export
local_flask_shock_immunity_if_shocked_s,551398241,3854439683,export
local_flask_skill_mana_cost_+%_during_flask_effect,1566172229,683273571,export
local_flask_stun_recovery_+%_while_healing,1604829150,3479987487,export
local_flask_taunt_enemies_on_use_radius,1148708152,2005503156,export
local_flask_unholy_might_during_flask_effect,4108501341,207573834,export
local_flask_use_causes_area_knockback,2902033542,3591397930,export
local_flask_use_causes_monster_flee_chance_%,3310769551,1457911472,export
local_flask_use_on_adjacent_flask_use,2592972243,2219523244,export
local_flask_use_on_affected_by_bleed,216955197,3676540188,export
local_flask_use_on_affected_by_chill,2960874198,3944779636,export
local_flask_use_on_affected_by_freeze,2021332543,1691862754,export
local_flask_use_on_affected_by_ignite,1356327007,585126960,export
local_flask_use_on_affected_by_poison,941330208,1412682799,export
local_flask_use_on_affected_by_shock,1383196862,3699444296,export
local_flask_use_on_damage_blocked,2942599869,3831658908,export
local_flask_use_on_flask_effect_ended,1512235389,1932727102,export
local_flask_use_on_full_charges,1465796129,3287581721,export
local_flask_use_on_guard_skill_used,1854990143,3884539386,export
local_flask_use_on_hitting_rare_unique_enemy_while_inactive,3627359417,2247138020,export
local_flask_use_on_taking_savage_hit,18710229,1914436944,export
local_flask_use_on_travel_skill_used,2309782218,1260843520,export
local_flask_use_on_using_a_life_flask,3255190627,359574900,export
local_flask_ward_+%_during_effect,461723867,2891175306,export
local_flask_ward_does_not_break_during_effect,3904274481,80764074,export
local_flask_zealots_oath,183444261,851224302,export
local_gain_X_rage_on_attack_hit_with_melee_abyss_jewel_socketed,861275257,3892691596,export
local_gain_fortify_on_melee_hit_chance_%_with_melee_abyss_jewel_socketed,267073518,186482813,export
local_gain_immortal_ambition_if_all_socketed_gems_red,1169600616,2954550164,export
local_gain_vaal_pact_if_all_socketed_gems_red,3058204604,3242537102,export
local_gain_x_soul_eater_stacks_on_kill_vs_rare_or_unique_with_this_weapon,526610343,2859483755,export
local_gem_level_+,3753511374,2843100721,export
local_gems_socketed_have_no_attribute_requirements,981557095,3850932596,export
local_gems_socketed_in_blue_sockets_have_no_attribute_requirements,172853831,2852307173,export
local_grant_eldritch_battery_during_flask_effect,2178451241,1544417021,export
local_grant_perfect_agony_during_flask_effect,1358621177,3741365813,export
local_grant_skeleton_warriors_triple_damage_on_hit,595695349,697059777,export
local_has_X_abyss_sockets,60843797,3527617737,export
local_has_X_sockets,2085866430,4077843608,export
local_has_X_white_sockets,3933860909,931294424,export
local_has_no_sockets,4152283182,1493091477,export
local_hit_causes_monster_flee_%,3944612256,3181974858,export
local_hit_damage_+%_vs_frozen_enemies,1829740960,196313911,export
local_hit_damage_+%_vs_ignited_enemies,2809514553,3095345438,export
local_hit_damage_+%_vs_shocked_enemies,1586233912,1470894892,export
local_hits_always_inflict_elemental_ailments,3113355045,2451774989,export
local_hits_ignore_enemy_monster_physical_damage_reduction_%_chance,3659720915,1907260000,export
local_hits_with_this_weapon_freeze_as_though_damage_+%_final,139971252,2071306253,export
local_hits_with_this_weapon_shock_as_though_damage_+%_final,428845889,1386792919,export
local_ignite_damage_+%_final_with_this_weapon,520678336,3165905801,export
local_immune_to_curses_if_item_corrupted,1738738137,1954526925,export
local_implicit_mod_cannot_be_changed,1512325884,532463031,export
local_implicit_modifier_magnitudes_doubled,3459047887,4249200326,export
local_implicit_modifier_magnitudes_tripled,4138804572,3910859570,export
local_implicit_stat_magnitude_+%,1397562713,2304729532,export
local_inflict_hallowing_flame_on_hit,1617011857,254952564,export
local_inflict_malignant_madness_on_critical_strike_%_if_eater_of_worlds_dominant,2835932816,1109900829,export
local_intelligence_per_2%_quality,3434489540,2748574832,export
local_intelligence_requirement_+,1659554495,2153364323,export
local_intelligence_requirement_+%,1196620531,18234720,export
local_is_alternate_tree_jewel,2564787165,3787436548,export
local_is_survival_jewel,3428123250,2995661301,export
local_item_allow_modification_while_corrupted,456687459,1161337167,export
local_item_can_have_x_additional_enchantments,2728284052,1135194732,export
local_item_can_roll_all_influences,2325225183,1795443614,export
local_item_drops_on_death_if_equipped_by_animate_armour,3774402165,3909846940,export
local_item_implicit_modifier_limit,1741862524,1161341806,export
local_item_quality_+,3868577740,2016708976,export
local_item_sell_price_doubled,2616711687,3513534186,export
local_item_stats_are_doubled_in_breach,4260136239,202275580,export
local_jewel_+%_effect_per_passive_between_jewel_and_class_start,3897697367,372478711,export
local_jewel_allocated_non_notable_passives_in_radius_grant_nothing,4253869062,325204898,export
local_jewel_allocated_notable_passives_in_radius_grant_nothing,3624647401,680202695,export
local_jewel_copy_stats_from_unallocated_non_notable_passives_in_radius,3324890426,737702863,export
local_jewel_copy_stats_from_unallocated_notable_passives_in_radius,2325098295,3530244373,export
local_jewel_disable_combust_with_40_strength_in_radius,4105294916,2471517399,export
local_jewel_expansion_jewels_count,2649554621,4079888060,export
local_jewel_expansion_jewels_count_override,1855756235,247746531,export
local_jewel_expansion_keystone_disciple_of_kitava,472530157,3860869243,export
local_jewel_expansion_keystone_hollow_palm_technique,4031572614,1376530950,export
local_jewel_expansion_keystone_kineticism,2558620799,1798719926,export
local_jewel_expansion_keystone_lone_messenger,2639667367,1505850286,export
local_jewel_expansion_keystone_natures_patience,1995888010,1360925132,export
local_jewel_expansion_keystone_secrets_of_suffering,2878958928,56720831,export
local_jewel_expansion_keystone_veterans_awareness,1705529262,1379205566,export
local_jewel_expansion_passive_node_count,3367599490,3086156145,export
local_jewel_expansion_passive_node_index,1480323797,3948993189,pob
local_jewel_fireball_cannot_ignite,477559961,480975218,export
local_jewel_fireball_chance_to_scorch_%,3625018159,1482194094,export
local_jewel_infernal_cry_exerted_attacks_ignite_damage_+%_final_with_for_strength_in_radius,3351763489,2298311736,export
local_jewel_magma_orb_damage_+%_final_per_chain_with_40_int_in_radius,3133514757,1141756390,export
local_jewel_magma_orb_damage_+%_final_with_40_int_in_radius,773892687,3131110290,export
local_jewel_molten_strike_projectiles_chain_count_+_with_40_str_in_radius,1534025256,2295439133,export
local_jewel_molten_strike_projectiles_chain_when_impacting_ground_with_40_str_in_radius,2279573144,670814047,export
local_jewel_molten_strike_projectiles_count_+%_final_with_40_str_in_radius,437550322,786380548,export
local_jewel_nearby_passives_dex_to_int,831184841,2075199521,export
local_jewel_nearby_passives_dex_to_str,1192632305,4097174922,export
local_jewel_nearby_passives_int_to_dex,1305244873,1608425196,export
local_jewel_nearby_passives_int_to_str,3877021083,1285587221,export
local_jewel_nearby_passives_str_to_dex,4034421442,2237528173,export
local_jewel_nearby_passives_str_to_int,211934883,3771273420,export
local_jewel_variable_ring_radius_value,2019931607,3642528642,export
local_kill_enemy_on_hit_if_under_15%_life_if_searing_exarch_dominant,2965435276,3768948090,export
local_left_ring_slot_-%_of_your_elemental_damage_cannot_be_reflected,2797818608,3991837781,pob
local_left_ring_slot_base_all_ailment_duration_on_self_+%,1624903684,221309863,export
local_left_ring_slot_cold_damage_taken_%_as_fire,3521923569,1323927995,export
local_left_ring_slot_cover_in_ash_for_x_seconds_when_igniting_enemy,1153085855,2533512212,export
local_left_ring_slot_curse_effect_on_self_+%,738204458,496053892,export
local_left_ring_slot_energy_shield,2422531855,1497601437,export
local_left_ring_slot_evasion_rating,880330982,674502195,export
local_left_ring_slot_fire_damage_taken_%_as_lightning,112496724,17730902,export
local_left_ring_slot_lightning_damage_taken_%_as_cold,2911412443,450178102,export
local_left_ring_slot_mana_regeneration_rate_+%,1813997456,195090426,export
local_left_ring_slot_mana_regeneration_rate_per_minute,2198061237,3241234878,export
local_left_ring_slot_minion_damage_taken_+%,3339514828,1916904011,export
local_left_ring_slot_no_energy_shield_recharge_or_regeneration,2351642096,4263540840,export
local_left_ring_slot_projectiles_from_spells_cannot_chain,3135742664,3647242059,export
local_left_ring_slot_projectiles_from_spells_fork,330994793,2437476305,export
local_left_ring_slot_skill_effect_duration_+%,491553217,3320868777,export
local_left_ring_slot_support_anticipation_rapid_fire_count,607680116,597522922,export
local_left_ring_socketed_curse_replaces_skitterbots_chilling_aura,1641422740,625885138,export
local_life_and_mana_gain_per_target,172928614,1420170973,export
local_life_gain_per_target,2741429671,821021828,export
local_life_gain_per_target_vs_blinded_enemies,1967600048,1649099067,export
local_life_leech_from_any_damage_permyriad,2265157768,1828023575,export+pob
local_life_leech_from_physical_damage_permyriad,3904844858,55876295,export
local_life_leech_is_instant,3857292626,1765389199,export
local_life_loss_%_to_prevent_during_flask_effect_to_lose_over_time,1953035726,41860024,export
local_lightning_penetration_%,2468160773,2387539034,export
local_lightning_resistance_%_per_2%_quality,3171223792,2702369635,export
local_maim_on_hit,3939614910,3418949024,export
local_maim_on_hit_%,1419836781,2763429652,export
local_mana_gain_per_target,2389873372,640052854,export
local_mana_leech_from_physical_damage_permyriad,2946870566,669069897,export
local_mana_leech_is_instant,1513351976,3287200156,export
local_maximum_energy_shield_+%_if_item_corrupted,3660461740,1025108940,export
local_maximum_life_+%_if_item_corrupted,181499997,3887484120,export
local_maximum_life_per_2%_quality,1321661716,2711867632,export
local_maximum_mana_per_2%_quality,1111779831,3764009282,export
local_maximum_prefixes_allowed_+,4112273418,3182714256,export
local_maximum_quality_+,1392903781,2039822488,export
local_maximum_quality_is_%,2408506467,275498888,export
local_maximum_sockets_+,3893611639,4099204231,export
local_maximum_suffixes_allowed_+,3821498189,718638445,export
local_minion_accuracy_rating_with_minion_abyss_jewel_socketed,1855661789,2388362438,export
local_minions_chance_to_gain_unholy_might_on_spell_hit_4_seconds_%_with_minion_abyss_jewel_socketed,1769973220,4122732904,export
local_movement_speed_+%_if_item_corrupted,607356640,2880601380,export
local_nearby_enemies_base_physical_damage_%_to_convert_to_fire,1406395975,3729324251,export
local_no_attribute_requirements,246192931,2739148464,export
local_no_block_chance,3962768127,1023752508,export
local_no_critical_strike_multiplier,204825111,1508661598,export
local_no_critical_strike_multiplier_during_flask_effect,635579421,2893557981,export
local_no_energy_shield,145914234,3109875952,export
local_num_additional_poisons_to_inflict_when_inflicting_poison,3665049186,2087599022,export
local_number_of_bloodworms_to_spawn_on_flask_use,2181268788,2434293916,export
local_physical_damage_%_to_convert_to_a_random_element,4105704333,1431238626,export
local_physical_damage_%_to_gain_as_cold_or_lightning,1978098616,1023968711,export
local_physical_damage_+%_per_socketed_murderous_jewel,2630109786,3081449522,export
local_physical_damage_reduction_rating_+%,2691333346,1062208444,export
local_poison_dot_multiplier_+,3890982945,4096656097,export
local_poison_duration_+%_during_flask_effect,3649009017,510304734,export
local_poison_on_critical_strike_chance_%,358779214,374737750,export
local_poison_on_hit,1453472125,4075957192,export
local_poison_on_hit_%,278958941,3885634897,export
local_prefix_mod_effect_+%,622491922,1794120699,export
local_quality_does_not_increase_defences,934921420,2677401098,export
local_quality_does_not_increase_physical_damage,3426923419,2052525717,export
local_recharge_on_crit,3760575456,2961372685,export
local_recharge_on_crit_%,609034184,3738001379,export
local_recharge_on_take_crit,646075130,3662336899,export
local_resist_all_elements_%_if_item_corrupted,2845134264,3731630482,export
local_right_ring_slot_-%_of_your_physical_damage_cannot_be_reflected,3581115374,3829555156,pob
local_right_ring_slot_base_all_ailment_duration_on_self_+%,3854032968,2457848738,export
local_right_ring_slot_base_energy_shield_regeneration_rate_per_minute_%,3853264534,3676958605,export
local_right_ring_slot_cold_damage_taken_%_as_lightning,2021531529,744858137,export
local_right_ring_slot_cover_in_frost_for_x_seconds_when_freezing_enemy,3186381666,3536082205,export
local_right_ring_slot_curse_effect_on_self_+%,1267360165,4279053153,export
local_right_ring_slot_fire_damage_taken_%_as_cold,542616671,2478238773,export
local_right_ring_slot_lightning_damage_taken_%_as_fire,4021210892,1905512385,export
local_right_ring_slot_maximum_mana,2727964276,417509375,export
local_right_ring_slot_minion_damage_taken_+%,2004164539,1069618951,export
local_right_ring_slot_no_mana_regeneration,3331475366,783864527,export
local_right_ring_slot_number_of_additional_chains_for_spell_projectiles,2333698047,1555918911,export
local_right_ring_slot_physical_damage_reduction_rating,1818207049,1223912433,export
local_right_ring_slot_projectiles_from_spells_cannot_fork,3683067796,2933024469,export
local_right_ring_slot_shockwave_support_added_cooldown_count,637856684,651133374,export
local_right_ring_slot_skill_effect_duration_+%,3144444068,2239667237,export
local_right_ring_socketed_curse_replaces_skitterbots_shocking_aura,2271069545,1809329372,export
local_ring_attack_speed_+%_final,2597676154,2418322751,export+pob
local_ring_burning_damage_+%_final,1172401368,3134513219,export+pob
local_ring_disable_other_ring,1745078165,64726306,export
local_ring_duplicate_other_ring,2666375161,746505085,export
local_ring_impaled_debuff_duration_+%_final,525462395,1961864874,export
local_ring_nova_spells_area_of_effect_+%_final,2344687893,200113086,export
local_self_chill_effect_+%_during_flask_effect,500241376,2434101731,export
local_self_curse_effect_+%_during_flask_effect,2221233596,4265534424,export
local_self_freeze_duration_+%_during_flask_effect,4074459771,774474440,export
local_self_shock_effect_+%_during_flask_effect,4096876562,1878455805,export
local_sentinel_drone_difficulty_+%,1022407965,2377438118,export
local_shield_trigger_socketed_elemental_spell_on_block_display_cooldown,575777931,3591112611,export
local_six_linked_random_sockets,2196223219,3192592092,export
local_smoke_ground_on_flask_use_radius,830989547,538730182,export
local_socketed_abyss_jewel_effect_+%,3826263877,1482572705,export
local_socketed_active_skill_gem_level_+,2619580073,524797741,export
local_socketed_active_skill_gem_quality_+,1536319122,1325783255,export
local_socketed_area_of_effect_gem_level_+,2016376154,2551600084,export
local_socketed_area_of_effect_gem_quality_+,333825622,768982451,export
local_socketed_aura_gem_level_+,3028295786,2452998583,export
local_socketed_aura_gem_quality_+,3829082949,2276941637,export
local_socketed_bow_gem_level_+,3859853893,2027269580,export
local_socketed_bow_gem_quality_+,2156237660,3280600715,export
local_socketed_chaos_gem_level_+,217505773,2675603254,export
local_socketed_chaos_gem_quality_+,2862626417,2062835769,export
local_socketed_cold_gem_level_+,3629117662,1645459191,export
local_socketed_cold_gem_quality_+,3878603306,1164882313,export
local_socketed_curse_gem_level_+,2441023490,3691695237,export
local_socketed_dexterity_gem_level_+,1858081654,2718698372,export
local_socketed_dexterity_gem_quality_+,202612096,2877754099,export
local_socketed_duration_gem_level_+,766263065,2115168758,export
local_socketed_elemental_gem_level_+,448002239,3571342795,export
local_socketed_fire_gem_level_+,3395006374,339179093,export
local_socketed_fire_gem_quality_+,1618979308,3422008440,export
local_socketed_gem_level_+,3753511374,2843100721,export+pob
local_socketed_gem_level_+_if_only_socketed_gem,3184534845,3298991976,export
local_socketed_gem_level_+_per_filled_socket,1769941591,2503682584,export
local_socketed_gem_quality_+,3085497169,3828613551,export
local_socketed_gems_in_blue_sockets_experience_gained_+%,2896589692,2236460050,export
local_socketed_gems_in_green_sockets_get_quality_%,1325008562,3799930101,export
local_socketed_gems_in_red_sockets_get_level_+,4212584490,2886998024,export
local_socketed_golem_gem_level_+,284129123,3448743676,export
local_socketed_herald_gem_level_+,2343367143,1344805487,export
local_socketed_intelligence_gem_level_+,2462876261,1719423857,export
local_socketed_intelligence_gem_quality_+,3395937911,3174776455,export
local_socketed_lightning_gem_level_+,2179572717,4043416969,export
local_socketed_lightning_gem_quality_+,3077394080,1065580342,export
local_socketed_magic_ghastly_jewel_effect_+%,1828227761,2526952837,export
local_socketed_magic_hypnotic_jewel_effect_+%,1873760512,654501336,export
local_socketed_magic_murderous_jewel_effect_+%,1194651592,3949536301,export
local_socketed_magic_searching_jewel_effect_+%,4175750924,1938324031,export
local_socketed_melee_gem_level_+,4262977618,829382474,export
local_socketed_melee_gem_quality_+,3452646472,1396421504,export
local_socketed_minion_gem_level_+,2854494877,3604946673,export
local_socketed_movement_gem_level_+,2527053224,3852526385,export
local_socketed_non_vaal_gem_level_+,1518000507,2574694107,export
local_socketed_physical_gem_level_+,925327022,516565950,export
local_socketed_projectile_gem_level_+,545847712,2176571093,export
local_socketed_projectile_gem_quality_+,154635184,2428621158,export
local_socketed_rare_ghastly_jewel_effect_+%,3847192187,1974290842,export
local_socketed_rare_hypnotic_jewel_effect_+%,1604762340,1337730278,export
local_socketed_rare_murderous_jewel_effect_+%,759236643,1217940944,export
local_socketed_rare_searching_jewel_effect_+%,2266697470,3524275808,export
local_socketed_skill_gem_level_+1_per_x_player_levels,278829764,1435838855,export
local_socketed_spell_gem_level_+,2067256389,446733281,export
local_socketed_strength_gem_level_+,448535453,916797432,export
local_socketed_strength_gem_quality_+,936238391,122841557,export
local_socketed_support_gem_level_+,1766044488,4154259475,export
local_socketed_support_gem_quality_+,1694534299,1328548975,export
local_socketed_trap_and_mine_gem_level_+,480789993,150668988,export
local_socketed_trap_gem_level_+,332921449,407139870,export
local_socketed_vaal_gem_level_+,124046901,1170386874,export
local_socketed_warcry_gem_level_+,1893120900,1672793731,export
local_spell_damage_+%_if_item_corrupted,381752436,374116820,export
local_spells_gain_arcane_surge_on_hit_with_caster_abyss_jewel_socketed,2028552039,3153744598,export
local_strength_and_intelligence_requirement_+,1805178287,4272453892,export
local_strength_per_2%_quality,3967104520,1519019245,export
local_strength_requirement_+,968890293,2833226514,export
local_strength_requirement_+%,931825658,295075366,export
local_stun_threshold_reduction_+%,3253871787,832404842,export
local_suffix_mod_effect_+%,2475843713,1033086302,export
local_tincture_cooldown_recovery_+%,2047019381,239144,pob
local_tincture_mod_effect_+%,1928308322,3529940209,pob
local_tincture_toxicity_rate_+%,3365013865,116232170,pob
local_treat_enemy_resistances_as_negated_on_elemental_damage_hit,3740379076,2750800428,export
local_treat_treat_enemy_chaos_resistances_as_negated_on_hit,3015993719,3897054103,export
local_unique_attacks_cast_socketed_lightning_spells_%,633994239,654971543,export
local_unique_can_be_runesmith_enchanted,2120992473,4005027470,export
local_unique_can_have_crucible_unique_staff_passive_tree_mods,3911042339,3031897787,export
local_unique_can_have_shield_weapon_passive_tree,2469820530,1827605890,export
local_unique_can_have_two_handed_sword_weapon_passive_tree,967678610,2141582975,export
local_unique_cast_socketed_cold_skills_on_melee_critical_strike,3069652658,2295303426,export
local_unique_cast_socketed_spell_on_block,2413064003,1565744562,export
local_unique_chaos_damage_does_not_bypass_energy_shield_during_flask_effect,1730112106,2229840047,export
local_unique_counts_as_dual_wielding,3145237476,2797075304,export
local_unique_expedition_flask_ward_+%_final_during_flask_effect,2740891927,3615541554,export
local_unique_flask_additional_maximum_all_elemental_resistances_%_while_healing,1472745330,4026156644,export
local_unique_flask_avoid_chill_%_while_healing,272862311,1619168299,export
local_unique_flask_avoid_freeze_%_while_healing,2076694647,2872815301,export
local_unique_flask_block_%_while_healing,1301505836,2519106214,export
local_unique_flask_cannot_recover_life_while_healing,2620405066,1731620212,export
local_unique_flask_chaos_damage_%_of_maximum_life_to_deal_per_minute_while_healing,446579485,3232201443,export
local_unique_flask_charges_gained_+%_during_flask_effect,3903640539,1085359447,export
local_unique_flask_critical_poison_dot_multiplier_+_during_flask_effect,572032291,1691221049,export
local_unique_flask_critical_strike_chance_+%_vs_enemies_on_consecrated_ground_during_flask_effect,524733289,3278399103,export
local_unique_flask_damage_over_time_+%_during_flask_effect,3036660839,1140739168,export
local_unique_flask_elemental_damage_%_to_add_as_chaos_while_healing,1510674113,3562241510,export
local_unique_flask_elemental_damage_taken_+%_of_lowest_uncapped_resistance_type,2941452325,1869678332,export
local_unique_flask_elemental_penetration_%_of_highest_uncapped_resistance_type,2535635819,2444301311,export
local_unique_flask_explode_enemies_for_10%_life_as_random_element_on_kill_chance_%_during_flask_effect,383682346,2165415361,export
local_unique_flask_instantly_recovers_%_maximum_life,3851329412,2629106530,export
local_unique_flask_instantly_removes_%_maximum_life,6281325,3860231079,export
local_unique_flask_item_quantity_+%_while_healing,1942856514,3736953565,export
local_unique_flask_item_rarity_+%_while_healing,3075109781,1740200922,export+pob
local_unique_flask_kiaras_determination,1591771651,803730540,export
local_unique_flask_leech_is_instant_during_flask_effect,2747399090,1102362593,export
local_unique_flask_leech_lightning_damage_%_as_life_during_flask_effect,3291804459,2687254633,export
local_unique_flask_leech_lightning_damage_%_as_mana_during_flask_effect,2473001348,1454377049,export
local_unique_flask_life_leech_from_chaos_damage_permyriad_while_healing,325050853,1341148741,export
local_unique_flask_light_radius_+%_while_healing,980660961,2745936267,export
local_unique_flask_lightning_resistance_penetration_%_during_flask_effect,2112208184,4164990693,export
local_unique_flask_nearby_enemies_cursed_with_level_x_despair_during_flask_effect,3348533893,1604995720,export
local_unique_flask_nearby_enemies_cursed_with_level_x_vulnerability_during_flask_effect,153358230,1660373569,export
local_unique_flask_no_mana_cost_while_healing,3052510756,1669220541,export
local_unique_flask_physical_damage_%_converted_to_lightning_during_flask_effect,2876547395,660386148,export
local_unique_flask_physical_damage_%_to_add_as_chaos_while_healing,2470662462,2818167778,export
local_unique_flask_physical_damage_%_to_add_as_cold_while_healing,1165763291,2661163721,export
local_unique_flask_physical_damage_taken_%_as_cold_while_healing,2502206426,625682777,export
local_unique_flask_recover_%_maximum_life_when_effect_reaches_duration,2508057092,4078194486,export
local_unique_flask_resist_all_elements_%_during_flask_effect,4005264012,3110554274,export
local_unique_flask_shock_nearby_enemies_during_flask_effect,4086208176,3446170049,export
local_unique_flask_shocked_during_flask_effect,4045054404,1187803783,export
local_unique_flask_spell_block_%_while_healing,2910882624,215754572,export
local_unique_flask_start_energy_shield_recharge,1283829295,3130697435,export
local_unique_flask_vaal_skill_critical_strike_chance_+%_during_flask_effect,3824129153,778036553,export
local_unique_flask_vaal_skill_damage_+%_during_flask_effect,756334218,4067144129,export
local_unique_flask_vaal_skill_damage_+%_final_during_flask_effect,69373133,4147528862,export
local_unique_flask_vaal_skill_does_not_apply_soul_gain_prevention_during_flask_effect,1677286433,2344590267,export
local_unique_flask_vaal_skill_soul_cost_+%_during_flask_effect,3182749959,1274125114,export
local_unique_flask_vaal_skill_soul_gain_preventation_duration_+%_during_flask_effect,1865267399,902947445,export
local_unique_jewel_X_dexterity_per_1_dexterity_allocated_in_radius,3389112086,172076472,export
local_unique_jewel_X_intelligence_per_1_intelligence_allocated_in_radius,3231217020,1070347065,export
local_unique_jewel_X_strength_per_1_strength_allocated_in_radius,546956302,552705983,export
local_unique_jewel_accuracy_rating_+_per_10_dex_unallocated_in_radius,3500697790,100820057,export
local_unique_jewel_accuracy_rating_+_per_10_int_unallocated_in_radius,1140674158,3996149330,export
local_unique_jewel_additional_life_per_X_int_in_radius,503023564,2865989731,export
local_unique_jewel_additional_physical_damage_reduction_%_per_10_str_allocated_in_radius,1654136657,2519848087,export
local_unique_jewel_animate_weapon_can_animate_up_to_x_additional_ranged_weapons_with_50_dex_in_radius,2271478359,3585572043,export
local_unique_jewel_barrage_final_volley_fires_x_additional_projectiles_simultaneously_with_50_dex_in_radius,1747190351,630867098,export
local_unique_jewel_blight_applies_wither_for_ms_with_40_int_in_radius,3668261977,3881647885,export
local_unique_jewel_blight_applies_wither_for_two_seconds_with_40_int_in_radius,2509633499,435737693,export
local_unique_jewel_blight_cast_speed_+%_with_40_int_in_radius,499894792,222829382,export
local_unique_jewel_blight_hinder_duration_+%_with_40_int_in_radius,3548338084,2181499453,export
local_unique_jewel_chaos_damage_+%_per_10_int_in_radius,3013028698,2582360791,export
local_unique_jewel_claw_physical_damage_+%_per_X_dex_in_radius,2122087042,1619923327,export
local_unique_jewel_cleave_+1_base_radius_per_nearby_enemy_up_to_10_with_40_str_in_radius,642913571,1539696482,export
local_unique_jewel_cleave_fortify_on_hit_with_50_str_in_radius,186462992,1248507170,export
local_unique_jewel_cold_damage_increases_applies_to_physical_damage,808286262,3772485866,export
local_unique_jewel_cold_resistance_also_grants_cold_damage_to_convert_to_chaos_%,1797675563,248241207,export
local_unique_jewel_cold_resistance_also_grants_frenzy_charge_on_kill_chance,2683753352,509677462,export
local_unique_jewel_cold_resistance_also_grants_maximum_mana_scaled_%,3462078097,1535088208,export
local_unique_jewel_cold_resistance_also_grants_spell_suppression_chance_scaled_%,324202348,1409669176,export
local_unique_jewel_cold_snap_uses_gains_power_charges_instead_of_frenzy_with_40_int_in_radius,1524387630,2560038623,export
local_unique_jewel_critical_strike_multiplier_+_per_10_str_unallocated_in_radius,340153174,1154827254,export
local_unique_jewel_damage_increases_applies_to_fire_damage,2731276057,3446950357,export
local_unique_jewel_dex_and_int_apply_to_str_melee_damage_bonus_in_radius,2024937370,842363566,export
local_unique_jewel_discharge_area_of_effect_+%_final_with_40_int_in_radius,819511434,2045330446,export
local_unique_jewel_discharge_cooldown_override_ms_with_40_int_in_radius,3832027078,1213084913,export
local_unique_jewel_discharge_damage_+%_final_with_40_int_in_radius,1771459270,2818653316,export
local_unique_jewel_dot_multiplier_+_per_10_int_unallocated_in_radius,116932074,1994121713,export
local_unique_jewel_dual_strike_accuracy_rating_+%_while_wielding_sword_with_40_dex_in_radius,4153623082,2869420801,export
local_unique_jewel_dual_strike_attack_speed_+%_while_wielding_claw_with_40_dex_in_radius,75494870,1795260970,export
local_unique_jewel_dual_strike_critical_strike_multiplier_+_while_wielding_dagger_with_40_dex_in_radius,3448836485,1503812817,export
local_unique_jewel_dual_strike_intimidate_on_hit_while_wielding_axe_with_40_dex_in_radius,1216779701,100088509,export
local_unique_jewel_dual_strike_main_hand_deals_double_damage_%_with_40_dex_in_radius,1536878579,3765671129,export
local_unique_jewel_dual_strike_melee_splash_while_wielding_mace_with_40_dex_in_radius,3075326315,2562474285,export
local_unique_jewel_dual_strike_melee_splash_with_off_hand_weapon_with_50_dex_in_radius,533369357,3603019813,export
local_unique_jewel_elemental_hit_50%_less_cold_damage_per_40_str_and_int,1800710545,3286480398,export
local_unique_jewel_elemental_hit_50%_less_fire_damage_per_40_int_and_dex,1076551373,1813069390,export
local_unique_jewel_elemental_hit_50%_less_lightning_damage_per_40_str_and_dex,3132916756,2053992416,export
local_unique_jewel_elemental_hit_cannot_roll_cold_damage_with_40_int_+_str_in_radius,2402934347,2864618930,export
local_unique_jewel_elemental_hit_cannot_roll_fire_damage_with_40_int_+_dex_in_radius,1475432407,63111803,export
local_unique_jewel_elemental_hit_cannot_roll_lightning_damage_with_40_dex_+_str_in_radius,2711756811,637033100,export
local_unique_jewel_energy_shield_increases_applies_to_armour_doubled,114274141,2605119037,export
local_unique_jewel_energy_shield_regeneration_rate_per_minute_%_per_10_int_allocated_in_radius,1066433761,615595418,export
local_unique_jewel_ethereal_knives_number_of_additional_projectiles_with_50_dex_in_radius,2045816861,2822821681,export
local_unique_jewel_ethereal_knives_projectiles_nova_with_50_dex_in_radius,3764263219,2511280084,export
local_unique_jewel_evasion_increases_applies_to_armour,3635450423,2548156334,export
local_unique_jewel_evasion_rating_+%_per_X_dex_in_radius,3771310130,4113852051,export
local_unique_jewel_fire_resistance_also_grants_block_chance_scaled_%,2102593002,3931143552,export
local_unique_jewel_fire_resistance_also_grants_endurance_charge_on_kill_chance,3808908069,1645524575,export
local_unique_jewel_fire_resistance_also_grants_fire_damage_to_convert_to_chaos_%,1644184554,1124207360,export
local_unique_jewel_fire_resistance_also_grants_maximum_life_scaled_%,2486288340,4068640319,export
local_unique_jewel_fireball_base_radius_up_to_+_at_longer_ranges_with_40_int_in_radius,4201181573,1351893427,export
local_unique_jewel_fireball_radius_up_to_+%_at_longer_ranges_with_50_int_in_radius,2286169336,24977021,export
local_unique_jewel_freezing_pulse_damage_+%_if_enemy_shattered_recently_with_50_int_in_radius,4074343081,2074744008,export
local_unique_jewel_freezing_pulse_number_of_additional_projectiles_with_50_int_in_radius,935528686,2098320128,export
local_unique_jewel_frost_blades_melee_damage_penetrates_%_cold_resistance_with_40_dex_in_radius,578365436,2412100590,export
local_unique_jewel_frost_blades_projectile_speed_+%_with_40_dex_in_radius,880770067,2092708508,export
local_unique_jewel_frostbolt_additional_projectiles_with_40_int_in_radius,2596388800,3790108551,export
local_unique_jewel_frostbolt_projectile_acceleration_with_50_int_in_radius,3544239386,2727977666,export
local_unique_jewel_galvanic_arrow_area_damage_+%_with_40_dex_in_radius,566183969,1170556324,export
local_unique_jewel_glacial_cascade_number_of_additional_bursts_with_40_int_in_radius,2303729247,1367987042,export
local_unique_jewel_glacial_cascade_physical_damage_%_to_convert_to_cold_with_40_int_in_radius,1166476128,1478305007,export
local_unique_jewel_glacial_hammer_item_rarity_on_shattering_enemy_+%_with_50_strength_in_radius,2672574867,1250317014,export
local_unique_jewel_glacial_hammer_melee_splash_with_cold_damage_with_50_str_in_radius,467519682,3565558422,export
local_unique_jewel_glacial_hammer_physical_damage_%_to_convert_to_cold_with_50_str_in_radius,4102942236,3738331820,export
local_unique_jewel_grants_x_empty_passives,157814389,1085446536,export
local_unique_jewel_ground_slam_angle_+%_with_50_str_in_radius,1469272516,156016608,export
local_unique_jewel_ground_slam_chance_to_gain_endurance_charge_%_on_stun_with_50_str_in_radius,12599409,1559361866,export
local_unique_jewel_heavy_strike_chance_to_deal_double_damage_%_with_50_strength_in_radius,353046139,1025503586,export
local_unique_jewel_ice_shot_additional_pierce_per_10_old_with_40_dex_in_radius,1377043333,3103494675,export
local_unique_jewel_ice_shot_explosion_skill_area_of_effect_+%_with_50_dex_in_radius,1562694432,3442130499,export
local_unique_jewel_ice_shot_pierce_+_with_40_dex_in_radius,1377043333,3103494675,export+pob
local_unique_jewel_life_increases_applies_to_energy_shield,4052524110,3194864913,export
local_unique_jewel_life_increases_applies_to_mana_doubled,1133372368,2479374428,export
local_unique_jewel_life_recovery_rate_+%_per_10_str_allocated_in_radius,3956404849,235105674,export
local_unique_jewel_life_recovery_rate_+%_per_10_str_unallocated_in_radius,3325462437,4144221848,export
local_unique_jewel_lightning_resistance_also_grants_block_spells_chance_scaled_%,1956141105,1224928411,export
local_unique_jewel_lightning_resistance_also_grants_lightning_damage_to_convert_to_chaos_%,3494071476,1525329150,export
local_unique_jewel_lightning_resistance_also_grants_maximum_energy_shield_scaled_%,2845773128,1348513056,export
local_unique_jewel_lightning_resistance_also_grants_power_charge_on_kill_chance,3436645147,926444104,export
local_unique_jewel_magma_orb_additional_projectiles_with_40_int_in_radius,802066234,2542542825,export
local_unique_jewel_magma_orb_skill_area_of_effect_+%_per_bounce_with_50_int_in_radius,4160817382,160933750,export
local_unique_jewel_mana_recovery_rate_+%_per_10_int_allocated_in_radius,890796047,514215387,export
local_unique_jewel_mana_recovery_rate_+%_per_10_int_unallocated_in_radius,2272457765,1439347620,export
local_unique_jewel_maximum_mana_+_per_10_dex_unallocated_in_radius,1178340594,1276712564,export
local_unique_jewel_melee_applies_to_bow,148331341,854030602,export
local_unique_jewel_molten_strike_number_of_additional_projectiles_with_50_str_in_radius,641720736,2845889407,export
local_unique_jewel_molten_strike_skill_area_of_effect_+%_with_50_str_in_radius,1643793478,1163758055,export
local_unique_jewel_movement_speed_+%_per_10_dex_allocated_in_radius,1578333990,1795365307,export
local_unique_jewel_movement_speed_+%_per_10_dex_unallocated_in_radius,3354376655,4169318921,export
local_unique_jewel_nearby_disconnected_keystone_passives_can_be_allocated,213771153,1211779989,export
local_unique_jewel_non_keystone_passive_in_radius_effect_+%,3728244663,607548408,export
local_unique_jewel_notable_passive_in_radius_does_nothing,3003341543,2627243269,export
local_unique_jewel_notable_passives_in_radius_instead_grant_minion_damage_taken_+%,666079321,3659983276,export
local_unique_jewel_notable_passives_in_radius_instead_grant_minion_movement_speed_+%,3784744621,3362879252,export
local_unique_jewel_one_additional_maximum_lightning_damage_per_X_dex,3179690308,778050954,export
local_unique_jewel_passive_jewel_socket_mod_effect_+%_with_corrupted_magic_jewel_socketed,313113883,461663422,export
local_unique_jewel_passives_in_radius_grant_additional_all_attributes,2519602191,3587101704,export
local_unique_jewel_passives_in_radius_grant_base_chaos_damage_resistance_%,3267890334,1812306107,export
local_unique_jewel_passives_in_radius_grant_base_maximum_life,1084696046,1223932609,export
local_unique_jewel_passives_in_radius_grant_base_maximum_mana,3426915572,3382199855,export
local_unique_jewel_passives_in_radius_grant_chaos_damage_+%,2240514088,1313763128,export
local_unique_jewel_passives_in_radius_grant_cold_damage_+%,2514534442,2999571636,export
local_unique_jewel_passives_in_radius_grant_critical_strike_chance_+%,414821374,3901726941,export
local_unique_jewel_passives_in_radius_grant_evasion_rating_+%,2086333732,3761482453,export
local_unique_jewel_passives_in_radius_grant_fire_damage_+%,119060096,719810173,export
local_unique_jewel_passives_in_radius_grant_lightning_damage_+%,3478595605,3556460433,export
local_unique_jewel_passives_in_radius_grant_maximum_energy_shield_+%,831154241,4215928287,export
local_unique_jewel_passives_in_radius_grant_physical_damage_+%,2808710267,3252387974,export
local_unique_jewel_passives_in_radius_grant_physical_damage_reduction_rating_+%,3013889985,1647724040,export
local_unique_jewel_physical_damage_increases_applies_to_cold_damage,1812739271,738100799,export
local_unique_jewel_shrapnel_shot_radius_+%_with_50_dex_in_radius,2869385317,3945934607,export
local_unique_jewel_skills_in_radius_grant_%_unarmed_melee_attack_speed,4256574915,3087912144,export
local_unique_jewel_spark_number_of_additional_projectiles_with_40_int_in_radius,4246083890,1650632809,export
local_unique_jewel_spark_projectiles_nova_with_40_int_in_radius,1384753876,935386993,export
local_unique_jewel_spectral_shield_throw_additional_chains_with_total_40_str_+_dex_in_radius,2886031405,2105355711,export
local_unique_jewel_spectral_shield_throw_less_shard_projectiles_with_total_40_str_+_dex_in_radius,710393183,894768849,export
local_unique_jewel_spectral_throw_damage_for_each_enemy_hit_with_spectral_weapon_+%_with_50_dexterity_in_radius,1311232991,811386429,export
local_unique_jewel_spectres_gain_soul_eater_on_kill_%_chance_with_50_int_in_radius,1181594177,2390273715,export
local_unique_jewel_tattoos_in_radius_effect_+%,2702763040,4149388787,export
local_unique_jewel_totem_life_+X%_per_10_str_in_radius,32418296,747037697,export
local_unique_jewel_unarmed_damage_+%_per_X_dex_in_radius,852976299,915233352,export
local_unique_jewel_vigilant_strike_fortifies_nearby_allies_for_x_seconds_with_50_str_in_radius,2496750739,530280833,export
local_unique_jewel_viper_strike_attack_damage_per_poison_on_enemy_+%_with_50_dexterity_in_radius,956233031,695031402,export
local_unique_jewel_viper_strike_chance_to_gain_unholy_might_%_on_hit_per_poison_stack_on_enemy_with_50_dex_in_radius,3685089605,235847153,export
local_unique_jewel_warcry_damage_taken_goes_to_mana_%_with_40_int_in_radius,2465607537,303219716,export
local_unique_jewel_with_4_notables_gain_X_random_rare_monster_mods_on_kill,1172822906,3807518091,export
local_unique_jewel_with_50_int_in_radius_summon_X_melee_skeletons_as_mage_skeletons,3736266242,3088991881,export
local_unique_jewel_with_no_notables_gain_X_random_rare_monster_mods_on_kill,1135679012,4151744887,export
local_unique_jewel_with_x_small_nodes_gain_1_random_rare_monster_mods_on_kill,2029260148,370099215,export
local_unique_jewel_zombie_slam_cooldown_speed_+%_with_50_int_in_radius,3681136590,1097026492,export
local_unique_jewel_zombie_slam_damage_+%_with_50_int_in_radius,1177189971,781633505,export
local_unique_lions_roar_melee_physical_damage_+%_final_during_flask_effect,747576881,3636096208,export
local_unique_overflowing_chalice_flask_cannot_gain_flask_charges_during_flask_effect,412919083,3741956733,export
local_unique_soul_ripper_flask_cannot_gain_flask_charges_during_flask_effect,577293843,2748763342,export
local_unique_vinktars_flask_shock_effect_+%_during_flask_effect,4175230875,3338065776,export
local_unique_vinktars_flask_shock_proliferation_radius_during_flask_effect,3447071803,911839512,export
local_varunastra_weapon_counts_as_all_1h_melee_weapon_types,2930253866,1524882321,export
local_ward,424650318,774059442,export+pob
local_ward_+%,3756776243,830161081,export+pob
local_weapon_crit_chance_is_%,3073249423,1672183492,export
local_weapon_crit_chance_is_100,1567440904,1963540179,export
local_weapon_enemy_phys_reduction_%_penalty,870969270,3579673398,export
local_weapon_range_+,2208486562,350598685,export
local_weapon_range_+_per_10%_quality,989434596,2967267655,export
local_weapon_trigger_socketed_fire_spell_on_hit_display_cooldown,385891761,3676763995,export
local_weapon_trigger_socketed_spell_on_skill_use_display_cooldown_ms,1269465679,1582781759,export
local_weapon_uses_both_hands,3363827906,2846730569,export
local_wither_on_hit_vs_enemies_with_X_or_higher_poisons,1040217420,4202723071,export
local_withered_on_hit_for_2_seconds_%_chance,1600313651,1226121733,export
lose_%_of_es_on_crit,3654761598,1229725509,export
lose_%_of_life_on_crit,3958272183,1862591837,export
lose_%_of_mana_when_you_use_an_attack_skill,1603113602,113147867,export
lose_10%_of_maximum_mana_on_skill_use_%_chance,3552599617,2858930612,export
lose_a_frenzy_charge_on_travel_skill_use_%_chance,428421915,445906009,export
lose_a_power_charge_when_you_gain_elusive_%_chance,1921260788,1819086604,export
lose_adrenaline_on_losing_flame_touched,431378530,138579627,export
lose_all_charges_on_starting_movement,710062568,31415336,export
lose_all_endurance_charges_when_reaching_maximum,269165134,3590104875,export
lose_all_fragile_regrowth_when_hit,2015646914,1306791873,export
lose_all_power_charges_on_block,3484421580,3898799092,export
lose_all_power_charges_on_reaching_maximum_power_charges,1475307847,2135899247,export
lose_an_endurance_charge_on_fortify_gain_%_chance,1200819445,1087146228,export
lose_endurance_charge_on_kill_%,3147677926,627015097,export
lose_endurance_charges_on_rampage_end,2425083405,2881426199,export
lose_frenzy_charge_on_kill_%,769846940,2142803347,export
lose_power_charge_each_second_if_not_detonated_mines_recently,1142877722,3530865840,export
lose_power_charge_on_kill_%,790210504,2939195168,export
lose_soul_eater_souls_on_flask_use,608654088,3577316952,export
lose_spirit_charges_on_savage_hit_taken,3224459985,2663792764,export
lose_x_mana_when_you_use_skill,1059650304,2924302129,export
mace_accuracy_rating_+%,1593823747,3208450870,export
mace_attack_speed_+%,1792355518,2515515064,export
mace_critical_strike_multiplier_+,2919113416,458899422,export
mace_damage_+%,3348270209,1181419800,export
magic_flask_effect_+%_if_no_flasks_adjacent,1420138469,2649904663,export
magic_items_drop_identified,4043973578,3020069394,export
magic_monster_dropped_item_rarity_+%,1318458579,3433676080,export
magic_utility_flask_effect_+%,2302085077,2564857472,export
magic_utility_flasks_cannot_be_removed,1161713482,344389721,export
magic_utility_flasks_cannot_be_used,4042926525,3986704288,export
magma_orb_damage_+%,3548993496,600891507,export
magma_orb_num_of_additional_projectiles_in_chain,178155184,2589980605,export
magma_orb_radius_+%,2040266276,1646093658,export
maim_on_crit_%_with_attacks,4257337386,996483959,export
maim_on_hit_%,695643056,1510714129,export
main_hand_attack_speed_+%_final,1757903928,56401364,export
main_hand_critical_strike_chance_+%_per_melee_abyss_jewel_up_to_+200%,958491984,3454830051,export
main_hand_trigger_socketed_spell_on_freezing_hit,884911868,537034483,export
malevolence_mana_reservation_efficiency_+%,793059173,3383226338,export+pob
malevolence_mana_reservation_efficiency_-2%_per_1,793059173,3383226338,export
mamba_strike_area_of_effect_+%,4242535535,3787328468,export
mamba_strike_damage_+%,2349352021,856157011,export
mamba_strike_duration_+%,198650229,64670441,export
mana_%_gained_on_block,2679135607,3041288981,export
mana_%_to_add_as_energy_shield,1178802194,2663376056,export
mana_cost_+%_for_2_seconds_when_you_spend_800_mana,2748603436,1375431760,export
mana_cost_+%_on_totemified_aura_skills,34804669,2701327257,export
mana_cost_+%_per_10_devotion,350359284,3293275880,export
mana_cost_+%_per_200_mana_spent_recently,3305565332,2650053239,export
mana_cost_+%_when_on_low_life,3185700072,73272763,export
mana_cost_-%_per_endurance_charge,1009977020,1774881905,export
mana_degeneration_per_minute,3870582111,2589042711,export
mana_degeneration_per_minute_%,1180716137,2936435999,export
mana_degeneration_per_minute_not_in_grace,1076363867,838272676,export
mana_flask_effects_are_not_removed_at_full_mana,1658067465,1548467016,export
mana_flask_recovery_is_instant_while_on_low_mana,3320759664,1839832419,export
mana_flasks_gain_X_charges_every_3_seconds,610444908,1193925814,export
mana_gain_per_target,4105539260,820939409,export
mana_gained_on_attack_hit_vs_cursed_enemies,1335434607,2087996552,export
mana_gained_on_block,2461460169,2122183138,export
mana_gained_on_cull,697278661,2845511711,export
mana_gained_on_enemy_death_per_level,995609070,1064067689,export
mana_gained_on_hitting_enemies_with_tinctured_weapons,3174210412,766380077,pob
mana_gained_on_hitting_taunted_enemy,1527504462,1834588299,export
mana_gained_on_spell_hit,1772285154,2474196346,export
mana_increased_per_x_overcapped_lightning_resistance_choir_of_the_storm,1111202542,3178534707,export
mana_leech_from_attack_damage_permyriad_per_power_charge,3611040365,2628721358,export
mana_leech_from_attack_damage_permyriad_vs_poisoned_enemies,2955146321,3067409450,export
mana_leech_from_lightning_damage_permyriad_while_affected_by_wrath,1021177130,2889601846,export
mana_leech_from_physical_attack_damage_permyriad,4180172822,3237948413,export+pob
mana_leech_permyriad_vs_frozen_enemies,3024717841,2908111053,export
mana_leech_speed_+%,338501074,690135178,export
mana_leech_speed_+%_per_equipped_corrupted_item,3282651963,2679819855,export
mana_per_level,3838873125,2563691316,export
mana_recharge_rate_per_minute_with_all_corrupted_equipped_items,2379457626,2760138143,export
mana_recovery_rate_+%,69363055,3513180117,export
mana_recovery_rate_+%_if_havent_killed_recently,2392166944,630994130,export
mana_recovery_rate_+%_while_affected_by_clarity,654389147,556659145,export
mana_regeneration_rate_+%,915714296,789117908,export
mana_regeneration_rate_+%_during_flask_effect,2865011826,2993091567,export
mana_regeneration_rate_+%_per_power_charge,577952650,2847548062,export
mana_regeneration_rate_+%_per_raised_spectre,2911618151,2666795121,export
mana_regeneration_rate_+%_while_moving,2636413072,1327522346,export
mana_regeneration_rate_+%_while_shocked,1473513799,2076519255,export
mana_regeneration_rate_+%_while_stationary,1288095962,3308030688,export
mana_regeneration_rate_per_minute_%,2009634733,3188455409,export
mana_regeneration_rate_per_minute_%_if_consumed_corpse_recently,450798943,1309492287,export
mana_regeneration_rate_per_minute_%_if_enemy_hit_recently,1885417572,2602865453,export
mana_regeneration_rate_per_minute_per_10_devotion,4075216835,2042813020,export
mana_regeneration_rate_per_minute_per_power_charge,1563801847,4084763463,export
mana_regeneration_rate_per_minute_while_dual_wielding,2992109137,1361343333,export
mana_regeneration_rate_per_minute_while_holding_shield,847134110,3762868276,export
mana_regeneration_rate_per_minute_while_wielding_staff,4077578155,1388668644,export
mana_regeneration_rate_per_minute_while_you_have_avians_flight,1326339684,1495376076,export
mana_reservation_+%_per_250_total_attributes,1934588922,3229976559,export
mana_reservation_+%_with_curse_skills,2402348039,3292930705,export
mana_reservation_efficiency_+%_for_skills_that_throw_mines,3802053898,2265342288,export
mana_reservation_efficiency_+%_per_250_total_attributes,1187829369,1212083058,export+pob
mana_reservation_efficiency_-2%_per_1,4181080180,1269219558,export+pob
mana_reservation_efficiency_-2%_per_250_total_attributes,3183457812,2676451350,export
manabond_damage_+%,318497799,1609869231,export
manabond_lightning_penetration_%_while_on_low_mana,3912931675,2052200782,export
manabond_skill_area_of_effect_+%,4098399137,441455463,export
manifest_dancing_dervish_number_of_additional_copies,481097602,1820083363,export
map_X_additional_random_unallocated_notables,2356979590,2834034653,export
map_abyss_jewels_%_chance_to_drop_corrupted_with_more_mods,3346308222,4842372,export
map_abyss_monster_spawn_amount_+%,3679425564,944630113,export
map_abyss_scarab_more_likely_%,479988128,1849225887,export
map_actor_scale_+%,2856486303,4033049853,export
map_additional_number_of_packs_to_choose,867243716,3561450806,export
map_additional_player_maximum_resistances_%,3390383510,3376488707,export
map_adds_X_extra_synthesis_mods,4146660499,4003278965,export
map_adds_X_extra_synthesis_special_mods,2528749353,2132807290,export
map_affliction_pack_size_+%,2066759526,3465791711,export
map_affliction_reward_kills_+%,4280406147,4139181362,export
map_anarchy_scarab_more_likely_%,436145770,723578929,export
map_area_contains_arcanists_strongbox,2771755331,571003610,export
map_area_contains_cartographers_strongbox,2275431577,4197398087,export
map_area_contains_currency_chest,3081289260,3955574239,export
map_area_contains_gemcutters_strongbox,1361010142,49998574,export
map_area_contains_jewellery_chest,2390273582,1105638781,export
map_area_contains_map_chest,2812975803,3294034100,export
map_area_contains_metamorphs,4006274466,1994562755,export
map_area_contains_perandus_coin_chest,3501088387,2299389484,export
map_area_contains_rituals,2734604227,1671749203,export
map_area_contains_tormented_embezzler,2264057121,3884309250,export
map_area_contains_tormented_seditionist,4055307290,1077576866,export
map_area_contains_tormented_vaal_cultist,2059996797,468681962,export
map_area_contains_ultimatum,1961654551,2055257822,export
map_area_contains_unique_item_chest,532665199,411810300,export
map_area_contains_unique_strongbox,3598774615,194037675,export
map_area_contains_x_additional_clusters_of_beacon_barrels,2886254253,4019701925,export
map_area_contains_x_rare_monsters_with_inner_treasure,1652455027,3057529096,export
map_area_ritual_additional_chance_%,3666598975,1314822783,export
map_atlas_influence_type,2288687132,1792283443,export
map_base_ground_desecration_damage_to_deal_per_minute,600587120,3577222856,export
map_base_ground_fire_damage_to_deal_per_minute,869241627,3665534869,export
map_bestiary_scarab_more_likely_%,787187905,9949109,export
map_betrayal_intelligence_+%,3867748377,1682417271,export
map_betrayal_scarab_more_likely_%,3342827377,1048062553,export
map_beyond_basic_currency_quantity_+%_final_from_pale_faction,194899422,3062743459,export
map_beyond_demon_desecrate_on_spawn_damage_per_second,1564364674,2624514051,export
map_beyond_demon_faction_chance_+%,3767990572,3175325766,export
map_beyond_divination_card_quantity_+%_final_from_demon_faction,840386808,1340524145,export
map_beyond_flesh_faction_chance_+%,654857462,2541655454,export
map_beyond_pale_faction_chance_+%,3396652619,3857813970,export
map_beyond_portal_chance_+%,2164306009,3036422124,export
map_beyond_portal_spawn_additional_demon_%_chance,1541971333,4008016019,export
map_beyond_rules,3201624502,1837040413,export
map_beyond_scarab_more_likely_%,312561916,2507275343,export
map_beyond_unique_item_quantity_+%_final_from_flesh_faction,1735448556,303527630,export
map_blight_chest_%_chance_for_additional_drop,878877535,1260718722,export
map_blight_encounter_spawn_rate_+%,2573137458,1837341489,export
map_blight_lane_additional_chest_chance_%,3144388549,3986662538,export
map_blight_oils_chance_to_drop_a_tier_higher_%,3771082884,3259960466,export
map_blight_scarab_more_likely_%,4282548810,3866432319,export
map_blight_tower_cost_+%,2624504539,2078691497,export
map_blight_tower_cost_doubled,428626205,3804597710,export
map_blight_up_to_X_additional_bosses,465661008,1000620493,export
map_blighted_map_encounter_duration_-_sec,827092014,3122413716,export
map_bloodline_packs_drop_x_additional_currency_items,1067350223,200299748,export
map_bloodline_packs_drop_x_additional_rare_items,827273251,2309624770,export
map_blueprint_drop_revealed_chance_%,2436953880,3113439544,export
map_boss_accompanied_by_bodyguards,2266715321,3481854423,export
map_boss_accompanied_by_harbinger,3159764163,397012377,export
map_boss_area_of_effect_+%,2719410865,3040667106,export
map_boss_attack_and_cast_speed_+%,889654243,2109106920,export
map_boss_chance_to_be_surrounded_by_spirits_%,2963280831,906368454,export
map_boss_damage_+%,671690131,124877078,export
map_boss_damage_+%_final_from_boss_drops_guardian_map_sextant,3453602337,3917452877,export
map_boss_dropped_unique_items_+,621156442,3760667977,export
map_boss_drops_additional_currency_shards,3966430073,1508220097,export
map_boss_is_possessed,483452411,2588474575,export
map_boss_life_+%_final_from_boss_drops_guardian_map_sextant,911487783,3407367154,export
map_boss_maximum_life_+%,852711804,1959158336,export
map_boss_surrounded_by_tormented_spirits,1802740815,3750528071,export
map_breach_chance_to_be_esh_+%,2247161025,2147182152,export
map_breach_chance_to_be_tul_+%,1274596958,622901199,export
map_breach_chance_to_be_uul_netol_+%,477517813,2819193674,export
map_breach_chance_to_be_xoph_+%,4154764318,3963266703,export
map_breach_has_boss,3867561207,1386808918,export
map_breach_has_large_chest,3356574614,488900289,export
map_breach_monster_quantity_+%,1055568230,1210760818,export
map_breach_rules,875626599,2180286756,export
map_breach_splinters_drop_as_stones_permyriad,1791743996,3394339562,export
map_breach_time_passed_+%,3138018938,2504358770,export
map_breaches_num_additional_chests_to_spawn,49221182,2224050171,export
map_can_only_damage_enemies_in_X_radius,482841076,3791071930,export
map_cannot_evade,1032207557,1011537121,export
map_chance_for_area_%_to_contain_harvest,3065767005,1145451936,export
map_chance_for_breach_bosses_to_drop_breachstone_%,1657613298,988187710,export
map_chance_to_not_consume_sextant_use_%,1790905120,1353140041,export
map_chest_item_quantity_+%,126149612,1502389239,export
map_chest_item_rarity_+%,1884170584,3457143479,export
map_contains_X_additional_tricksters,3737233003,2180070554,export
map_contains_X_additional_uber_harbingers,2210400620,3982634141,export
map_contains_X_additional_untainted_packs,1383364613,162627873,export
map_contains_X_harvest_bear_bosses,4066427412,204196526,export
map_contains_X_harvest_bird_bosses,2570877041,3831356603,export
map_contains_X_harvest_cat_bosses,1927007169,2319738353,export
map_contains_X_rogue_giants,2253697469,2814396031,export
map_contains_X_sirus_storms,1340938579,129937324,export
map_contains_additional_atlas_bosses,1666761894,290923864,export
map_contains_additional_clutching_talisman,3873199714,2270693644,export
map_contains_additional_fangjaw_talisman,1983267886,3381731475,export
map_contains_additional_packs_of_chaos_monsters,1914239253,3728052911,export
map_contains_additional_packs_of_cold_monsters,23129256,3194736016,export
map_contains_additional_packs_of_fire_monsters,1016258821,2366645974,export
map_contains_additional_packs_of_lightning_monsters,1558082784,545950479,export
map_contains_additional_packs_of_physical_monsters,1229819807,3989543665,export
map_contains_additional_packs_of_vaal_monsters,1952337595,1867024035,export
map_contains_additional_reviving_packs,3877488023,2264039874,export
map_contains_additional_three_rat_talisman,2460498768,2530071726,export
map_contains_additional_tormented_betrayers,1103834985,504023787,export
map_contains_additional_tormented_graverobbers,947640151,1463704577,export
map_contains_additional_tormented_heretics,1209903732,373209496,export
map_contains_additional_unique_talisman,2104020453,3956623857,export
map_contains_additional_unstable_breaches,446079112,1385280440,export
map_contains_chayula_breach,228224707,370321141,export
map_contains_citadel,3707677203,2563183002,export
map_contains_corrupted_strongbox,2573555526,2517911661,export
map_contains_creeping_agony,79708006,2482214457,export
map_contains_evil_einhar,1183127916,2573185638,export
map_contains_frogs,844012036,2752993899,export
map_contains_keepers_of_the_trove_bloodline_pack,488665034,2471600316,export
map_contains_nevalis_monkey,1398461490,482341163,export
map_contains_perandus_boss,2755413750,341698555,export
map_contains_talisman_boss_with_higher_tier,1618892998,2589977608,export
map_contains_the_elderslayers,394700528,691726702,export
map_contains_the_feared,495513038,758191285,export
map_contains_the_forgotten,3876181413,2599114883,export
map_contains_the_formed,2813459509,437006027,export
map_contains_the_hidden,2939980816,840743474,export
map_contains_the_remembered,1340611210,1210020540,export
map_contains_the_twisted,556454468,2440093109,export
map_contains_uul_netol_breach,3837616,2130441002,export
map_contains_wealthy_pack,3115554301,3900181441,export
map_contains_x_additional_animated_weapon_packs,258527874,550012797,export
map_contains_x_additional_healing_packs,2471128410,3059368202,export
map_contains_x_additional_magic_packs,3833112156,581013336,export
map_contains_x_additional_packs_on_their_own_team,2115590485,3747734818,export
map_contains_x_additional_packs_that_convert_on_death,687057521,249139784,export
map_contains_x_additional_packs_with_mirrored_rare_monsters,2844022767,21993405,export
map_contains_x_additional_poison_packs,1405171776,3094365680,export
map_contains_x_additional_rare_packs,2370839076,2810286377,export
map_contains_x_additional_sulphite_golem_packs,1697563267,3144021288,export
map_contains_x_labyrinth_hazards,1122309707,2577650864,export
map_contracts_drop_with_additional_special_implicit_%_chance,1678765201,2256808958,export
map_corpse_cannot_be_destroyed,4288557393,2411886876,export
map_cowards_trial_extra_ghosts,2898383573,3397728378,export
map_cowards_trial_extra_oriath_citizens,400417262,4261620841,export
map_cowards_trial_extra_phantasms,4293909520,2681416653,export
map_cowards_trial_extra_raging_spirits,3104942630,1217959763,export
map_cowards_trial_extra_rhoas,1890493452,2210267337,export
map_cowards_trial_extra_skeleton_cannons,315406380,2481080006,export
map_cowards_trial_extra_zombies,1673263931,2724985127,export
map_crucible_combining_+_chance_%_for_upgraded_tiers,2140611882,4226044796,export
map_crucible_combining_additional_sell_node,3587978635,2801601300,export
map_crucible_combining_item_has_30_quality,1324100325,881299808,export
map_crucible_combining_item_has_corruption_implicit,403765850,3478814676,export
map_crucible_combining_item_has_mod_values_rerolled,3921406100,2418755296,export
map_crucible_combining_item_is_fully_linked,452693281,2592705940,export
map_crucible_combining_more_likely_skills_are_kept,2357849573,1736735948,export
map_crucible_combining_tiers_cannot_be_downgraded,1206666936,4294430899,export
map_crucible_contains_forge_that_can_apply_weapon_tree_to_unique,2905244195,245814726,export
map_crucible_contains_forge_that_can_remove_weapon_tree,4154243541,3673969640,export
map_crucible_forge_display,993537702,3001853534,export
map_crucible_forge_display_uber,818718581,422450559,export
map_crucible_rare_unique_monster_drop_itemised_weapon_tree_experience_%_chance,581659810,2779247747,export
map_crucible_rare_unique_monster_drop_melee_weapon_with_tree_%_chance,918091638,1745401062,export
map_crucible_rare_unique_monster_drop_ranged_weapon_with_tree_%_chance,2429442226,3243514586,export
map_crucible_rare_unique_monster_drop_shield_with_tree_%_chance,128956708,1131820918,export
map_crucible_rare_unique_monster_drop_unique_weapon_divination_cards_%_chance,326434117,1777881400,export
map_crucible_unique_monster_drop_unique_melee_weapon_%_chance,3441085161,2123200297,export
map_crucible_unique_monster_drop_unique_ranged_weapon_%_chance,766363299,648161868,export
map_crucible_unique_monster_drop_unique_shield_%_chance,3467444702,1344329033,export
map_crucible_unique_monster_drop_unique_with_weapon_tree_%_chance,3541535732,798723493,export
map_crucible_unique_monsters_+%,3977705890,1240390128,export
map_damage_+%_per_poison_stack,1238405694,1520798835,export
map_damage_removed_from_player_life_before_totem_life_%,2010288416,297552946,export
map_damage_taken_+%_from_beyond_monsters,2120669149,3045897926,export
map_damage_taken_+%_per_nearby_ally,1049168585,4045850340,export
map_death_and_taxes_boss_drops_additional_currency,3688801886,1733969225,export
map_debuff_time_passed_+%,2494890780,195978073,export
map_delirium_scarab_more_likely_%,3485847276,1571899068,export
map_delve_scarab_more_likely_%,1950833206,1395445308,export
map_disable_ultimatum_from_chance,574723698,3819443367,export
map_display_area_contains_unbridged_gaps_to_cross,2446913050,860864690,export
map_display_insanity,259992036,3084283832,export
map_display_strongbox_monsters_are_enraged,960428688,3123392503,export
map_display_unique_boss_drops_X_maps,3363596647,655278200,export
map_divination_scarab_more_likely_%,879462460,1684527465,export
map_doesnt_consume_sextant_use,753092963,989837434,export
map_domination_scarab_more_likely_%,3235619317,2477998669,export
map_dropped_maps_are_corrupted_with_8_mods,2579182139,1223360315,export
map_duplicate_captured_beasts_chance_%,2510045707,2836003955,export
map_elder_boss_variation,90546019,3624393862,export
map_endgame_fog_depth,557763977,1715784068,export
map_essence_monolith_contains_essence_of_corruption_%,1839911715,1439991839,export
map_essence_monsters_are_corrupted,3086083732,1384838464,export
map_essence_monsters_chance_for_3_additional_essences_%,734027642,3011076420,export
map_essence_monsters_drop_rare_item_with_random_essence_mod_%_chance,3813846438,1445968994,export
map_essence_monsters_have_additional_essences,129422534,679682964,export
map_essence_monsters_higher_tier,3944837400,2996332612,export
map_essence_scarab_more_likely_%,1251099948,751635784,export
map_essences_are_1_tier_higher_chance_%,774657287,1506277901,export
map_exarch_traps,3502130121,2073168229,export
map_expedition_artifact_quantity_+%,2820343354,4219583418,export
map_expedition_chest_double_drops_chance_%,712841959,3239978999,export
map_expedition_chest_marker_count_+,903281669,4160330571,export
map_expedition_elite_marker_count_+%,1258097017,1640965354,export
map_expedition_encounter_additional_chance_%,571194700,4154778375,export
map_expedition_explosion_radius_+%,171645208,3289828378,export
map_expedition_explosives_+%,1036280920,3051490307,export
map_expedition_extra_relic_suffix_chance_%,3163191198,1871805225,export
map_expedition_faridun_elite_marker_count_+,669108196,1669429179,export
map_expedition_faridun_monster_marker_count_+,148717170,3936576079,export
map_expedition_league,294805299,3557750122,export
map_expedition_maximum_placement_distance_+%,555325020,1539368271,export
map_expedition_number_of_monster_markers_+%,132544686,1915989164,export
map_expedition_relics_+,3695488314,3753446846,export
map_expedition_relics_+%,4161384998,2991413918,export
map_expedition_saga_additional_terrain_features,41626712,1160596338,export
map_expedition_saga_contains_boss,1473503825,3159649981,export
map_expedition_scarab_more_likely_%,2758606072,46751559,export
map_expedition_vendor_reroll_currency_quantity_+%,2681318204,2934907255,export
map_experience_gain_+%,59734715,57434274,export
map_extra_monoliths,2806795141,395808938,export
map_first_invasion_boss_killed_drops_x_additional_currency,3299060118,2962051214,export
map_first_strongbox_contains_x_additional_rare_monsters,1191986582,648923098,export
map_first_unique_beyond_boss_slain_drops_x_beyond_uniques,1349350523,1928796626,export
map_flask_charges_recovered_per_3_seconds_%,1238356684,3228973398,export
map_force_side_area,3203943544,73209495,export
map_force_stone_circle,487257284,3005800306,export
map_gain_onslaught_for_x_ms_on_killing_rare_monster,1600018167,1260064327,export
map_grants_players_level_20_dash_skill,405887411,1413930902,export
map_ground_consecrated_life_regeneration_rate_per_minute_%,2597585964,1948962470,export
map_ground_ice,2015559384,389725673,export
map_ground_lightning,3874968962,3477720557,export
map_ground_lightning_base_magnitude,3044789766,3246076198,export
map_ground_orion_meteor,992391972,563277852,export
map_harbinger_cooldown_speed_+%,2827619213,1972294007,export
map_harbinger_portal_drops_additional_fragments,4275619794,1432093361,export
map_harbinger_scarab_more_likely_%,219217870,1560748306,export
map_harbingers_%_chance_to_be_replaced_as_atlas_boss,969865733,3511358099,export
map_harbingers_drops_additional_currency_shards,422825103,906446422,export
map_harvest_chance_for_other_plot_to_not_wither_%,1680950803,1565587169,export
map_harvest_crafting_outcomes_X_lucky_rolls,2186785460,3651651560,export
map_harvest_double_lifeforce_dropped,2151673262,3250634678,export
map_harvest_monster_life_+%_final_from_sextant,3552876742,2067409550,export
map_harvest_scarab_more_likely_%,2008286315,316950976,export
map_harvest_seeds_%_chance_to_spawn_additional_monster,1731703547,4128958145,export
map_harvest_t3_chance_+%,175711839,2992379436,export
map_has_X_seconds_between_waves,1832649386,2609732382,export
map_has_X_waves_of_monsters,2323117756,4182502594,export
map_has_x%_quality,3918367768,425606182,export
map_heist_contract_additional_reveals_granted,969539118,2309146693,export
map_heist_contract_chest_no_rewards_%_chance,1460611413,3038236553,export
map_heist_contract_npc_items_cannot_drop,2940933215,1045213941,export
map_heist_contract_primary_target_value_+%_final,3858423306,3009603087,export
map_heist_monster_life_+%_final_from_sextant,1854857812,3026134008,export
map_heist_npc_perks_effect_+%_final,1604632323,898812928,export
map_hellscape_additional_boss,193257980,555053464,export
map_hellscape_blood_consumed_+%_final,3782416002,1854652099,export
map_hellscape_fire_damage_taken_when_switching,1104892307,3388448809,export
map_hellscape_gimmick_%_maximum_life_and_es_taken_as_physical_damage_per_minute_per_%_hellscape_charge_while_hellscape_can_be_activated,2715452346,1919253863,export
map_hellscape_gimmick_double_debuff_gain_lose_debuff_over_time,2930884917,2802961816,export
map_hellscape_gimmick_shift_on_killing_rare_unique_kills_drain_resource,1694375769,3227755143,export
map_hellscape_gimmick_shift_on_reaching_full_resource_kills_drain_resource,1406468670,1721804958,export
map_hellscape_gimmick_shift_randomly,2620277751,834961782,export
map_hellscape_item_drop_quantity_+%,1730741755,3133835437,export
map_hellscape_item_drop_rarity_+%,3070068119,1723063621,export
map_hellscape_lightning_damage_taken_when_switching,2557185833,3876624283,export
map_hellscape_monster_damage_+%_final,228301544,1862513109,export
map_hellscape_monster_damage_taken_+%_final,967874157,1272526351,export
map_hellscape_monster_life_+%_final,3476398508,1037674518,export
map_hellscape_monster_life_regeneration_rate_per_minute_%,1609071179,4194727975,export
map_hellscape_monster_slain_experience_+%_final,1980926312,1450558011,export
map_hellscape_pack_size_+%,1980313346,2113810473,export
map_hellscape_physical_damage_taken_when_switching,2420555756,950721230,export
map_hellscape_rare_monster_drop_additional_abyss_jewel,3935878179,1868833914,export
map_hellscape_rare_monster_drop_additional_basic_currency_item,3456730262,2614920781,export
map_hellscape_rare_monster_drop_additional_blight_oil,3199439355,2476677955,export
map_hellscape_rare_monster_drop_additional_breach_splinters,680622899,1903167683,export
map_hellscape_rare_monster_drop_additional_delirium_splinters,1177919964,2717147327,export
map_hellscape_rare_monster_drop_additional_delve_fossil,3516504892,3749656638,export
map_hellscape_rare_monster_drop_additional_enchanted_item,1488561501,3239455349,export
map_hellscape_rare_monster_drop_additional_essence,1160722644,4190187707,export
map_hellscape_rare_monster_drop_additional_expedition_currency,1603337644,1841571309,export
map_hellscape_rare_monster_drop_additional_fractured_item,1412994106,1080258032,export
map_hellscape_rare_monster_drop_additional_gem,3885116884,680848795,export
map_hellscape_rare_monster_drop_additional_incubator,3088110790,3071604267,export
map_hellscape_rare_monster_drop_additional_influence_item,4087479037,3007446134,export
map_hellscape_rare_monster_drop_additional_legion_splinters,1464160051,500060059,export
map_hellscape_rare_monster_drop_additional_map_item,3852151445,1156260371,export
map_hellscape_rare_monster_drop_additional_metamorph_catalyst,40649634,2138514702,export
map_hellscape_rare_monster_drop_additional_scarab,3126482525,2537141444,export
map_hellscape_rare_monster_drop_additional_scourged_item,3128184360,1111686834,export
map_hellscape_rare_monster_drop_additional_stacked_decks,778442732,1619848225,export
map_hellscape_rare_monster_drop_additional_tainted_currency,507715774,602265718,export
map_hellscape_rare_monster_drop_additional_unique_item,1555576846,3507985713,export
map_hellscape_rare_monster_drop_items_X_levels_higher,2350367402,286664435,export
map_ichor_pump_one_durability,4041889479,1158433054,export
map_impales_on_players_detonate_when_players_have_X_impale_debuffs,2135729611,1353527704,export
map_implicit_item_drop_quantity_+%,205628695,2023217031,export
map_implicit_item_drop_rarity_+%,379141815,190932737,export
map_implicit_pack_size_+%,1240007458,948600126,export
map_imprisoned_monsters_action_speed_+%,1987627597,712621072,export
map_imprisoned_monsters_damage_taken_+%,1130849841,4003821677,export
map_incursion_architects_are_possessed_chance_%,1861152086,617548179,export
map_incursion_architects_drop_incursion_rare_chance_%,3738898649,3349136454,export
map_incursion_scarab_more_likely_%,375878781,1215465898,export
map_inscribed_ultimatum_reward_currency_items_chance_+%,4043332499,2412871991,export
map_inscribed_ultimatum_reward_divination_cards_chance_+%,1573327627,2367226239,export
map_inscribed_ultimatum_reward_unique_items_chance_+%,936889572,2112979059,export
map_invasion_bosses_are_twinned,2136464624,442509523,export
map_invasion_bosses_drop_x_additional_vaal_orbs,896104180,899928542,export
map_invasion_bosses_dropped_items_are_fully_linked,1022551476,2004028089,export
map_invasion_bosses_dropped_items_have_x_additional_sockets,66513307,444117960,export
map_invasion_monsters_guarded_by_x_magic_packs,1252358301,3209835461,export
map_is_branchy,3388478516,1959271744,export
map_is_overrun_by_faridun,1879291618,2436559047,export
map_item_drop_quality_also_applies_to_map_item_drop_rarity,3505934016,4265846487,export
map_item_drop_quantity_+%_final_from_zana_influence,2044859925,1187817277,export
map_item_found_rarity_+%_per_15_rampage_stacks,629233630,1489997462,export
map_item_level_override,3349753258,284496119,export
map_item_zana_influence_+,2592342630,1568365503,export
map_items_drop_corrupted_%,3748819523,728267040,export
map_kill_enemy_on_hit_if_under_20%_life,4085306989,822476873,export
map_leaguestone_beyond_monster_item_quantity_and_rarity_+%_final,3688175263,3422445312,export
map_leaguestone_contains_warband_leader,2729293448,1415399260,export
map_leaguestone_explicit_warband_type_override,188368391,3560379096,export
map_leaguestone_imprisoned_monsters_item_quantity_+%_final,1356496273,1436593527,export
map_leaguestone_imprisoned_monsters_item_rarity_+%_final,3099953071,3130378100,export
map_leaguestone_invasion_boss_item_quantity_and_rarity_+%_final,374251651,1984366275,export
map_leaguestone_monolith_contains_essence_type,2509632172,445988468,export
map_leaguestone_override_base_num_invasion_bosses,411561120,3849207804,export
map_leaguestone_override_base_num_monoliths,2454501826,1050286373,export
map_leaguestone_override_base_num_perandus_chests,1580753146,49787903,export
map_leaguestone_override_base_num_prophecy_coins,940450397,585159631,export
map_leaguestone_override_base_num_rogue_exiles,1860076991,548865797,export
map_leaguestone_override_base_num_shrines,617548372,2878321598,export
map_leaguestone_override_base_num_strongboxes,2382035759,2570943032,export
map_leaguestone_override_base_num_talismans,2740983163,1900164129,export
map_leaguestone_override_base_num_tormented_spirits,69904293,2949489150,export
map_leaguestone_override_base_num_warband_packs,2514041737,3907094951,export
map_leaguestone_perandus_chests_have_item_quantity_+%_final,3812345773,1532770406,export
map_leaguestone_perandus_chests_have_item_rarity_+%_final,3948766649,3535403838,export
map_leaguestone_rogue_exiles_dropped_item_rarity_+%_final,1561514141,2008953542,export
map_leaguestone_shrine_monster_rarity_override,4183262971,3738127245,export
map_leaguestone_strongboxes_rarity_override,4289469858,1037449707,export
map_leaguestone_warbands_packs_have_item_quantity_+%_final,3096589454,121093551,export
map_leaguestone_warbands_packs_have_item_rarity_+%_final,2578721347,751847284,export
map_leaguestone_x_monsters_spawn_abaxoth,1894909262,1669870438,export
map_leaguestone_x_monsters_spawn_random_beyond_boss,4095730599,4077883829,export
map_leaguestones_currency_items_drop_when_first_reaching_x_rampage_stacks,2249086740,4048158159,export
map_leaguestones_spawn_powerful_monster_when_reaching_x_rampage_stacks,4245555673,329336318,export
map_legion_additional_number_of_sergeants,3635098720,480028751,export
map_legion_generals_spawn_both_generals,3638436490,2347014488,export
map_legion_league_extra_spawns,481758606,3897451709,export
map_legion_monster_life_+%_final_from_sextant,4079856044,1829593182,export
map_legion_monster_splinter_emblem_drops_duplicated,2334800573,387722020,export
map_legion_scarab_more_likely_%,2922554332,1858240316,export
map_level_+,2150421515,2629689891,export
map_magic_monsters_are_maimed,2975764550,3879236300,export
map_magic_monsters_damage_taken_+%,4039341373,3056215807,export
map_magic_pack_size_+%,1844556902,1714706956,export
map_map_item_drop_chance_+%,1218341371,2777224821,export
map_maps_scarab_more_likely_%,1639709793,1762451150,export
map_melee_physical_damage_taken_%_to_deal_to_attacker,3213534107,3749823751,export
map_metamorph_catalyst_drops_duplicated,1766518230,3011365432,export
map_metamorph_life_+%_final_from_sextant,984576732,2428040317,export
map_mini_monolith_monsters_are_magic,2487783207,1335713735,export
map_minion_attack_speed_+%,301153614,1308016791,export
map_minion_cast_speed_+%,1138678400,1237051929,export
map_minion_movement_speed_+%,349022087,3991644188,export
map_monster_action_speed_cannot_be_reduced_below_base,1586305649,2758454849,export
map_monster_add_x_grasping_vines_on_hit,217533989,1751584857,export
map_monster_all_damage_can_ignite_freeze_shock,4237929922,2919181457,export
map_monster_attack_cast_and_movement_speed_+%,4006992638,3909654181,export
map_monster_beyond_portal_chance_+%,210506432,3051860083,export
map_monster_chance_to_gain_endurance_charge_when_hit_%,1861708814,3707756896,export
map_monster_curse_effect_on_self_+%,1210656841,1661698405,export
map_monster_damage_taken_+%_while_possessed,3385341586,261224780,export
map_monster_debuff_time_passed_+%,3106185660,1200027417,export
map_monster_malediction_on_hit,699761855,3444140926,export
map_monster_maximum_endurance_charges,755024341,4067268731,export
map_monster_maximum_frenzy_charges,2583320544,3900284865,export
map_monster_maximum_power_charges,4054751831,1103106414,export
map_monster_melee_attacks_apply_random_curses,3180992389,41394014,export
map_monster_movement_speed_cannot_be_reduced_below_base,2249022014,777421120,export
map_monster_no_drops,2984673642,2243070229,export
map_monster_projectile_chain_from_terrain_chance_%,1791152961,2753403220,export
map_monster_skills_chain_X_additional_times,1893612035,3183973644,export
map_monster_slain_experience_+%,1038843606,598809739,export
map_monster_unaffected_by_shock,2032131296,2453321622,export
map_monsters_%_chance_to_inflict_status_ailments,2759292290,2553656203,export
map_monsters_%_physical_damage_to_add_as_chaos,3800391531,1840747977,export
map_monsters_%_physical_damage_to_add_as_cold,311873525,3448216135,export
map_monsters_%_physical_damage_to_add_as_fire,1035617724,1497673356,export
map_monsters_%_physical_damage_to_add_as_lightning,2479867045,3416853625,export
map_monsters_accuracy_rating_+%,2903877015,1588049749,export
map_monsters_action_speed_-%,3374918074,3231732417,export
map_monsters_add_endurance_charge_on_hit_%,228850320,687813731,export
map_monsters_add_frenzy_charge_on_hit_%,2395904363,1742567045,export
map_monsters_add_power_charge_on_hit_%,2831443152,406353061,export
map_monsters_additional_chaos_resistance,3216123378,365540634,export
map_monsters_additional_cold_resistance,749495686,1430380429,export
map_monsters_additional_elemental_resistance,403958173,1054098949,export
map_monsters_additional_fire_resistance,2623513372,2319127046,export
map_monsters_additional_lightning_resistance,3616495046,162742068,export
map_monsters_additional_maximum_all_elemental_resistances_%,3506745060,3783555531,export
map_monsters_additional_physical_damage_reduction,1636473302,839186746,export
map_monsters_all_damage_can_freeze,1481549284,3669353918,export
map_monsters_all_damage_can_ignite,425941508,891135228,export
map_monsters_all_damage_can_poison,1890186627,3555807120,export
map_monsters_all_damage_can_shock,2621732332,165059239,export
map_monsters_always_crit,109226537,3337579297,export
map_monsters_always_hit,3368578232,1534390486,export
map_monsters_always_ignite,1942465026,816367946,export
map_monsters_are_hexproof,1175354252,4154059009,export
map_monsters_area_of_effect_+%,2053330935,1708461270,export
map_monsters_attack_speed_+%,79931786,1913583994,export
map_monsters_avoid_ailments_%,2729386520,376585490,export
map_monsters_avoid_elemental_ailments_%,4273514820,322206271,export
map_monsters_avoid_poison_bleed_impale_%,1826921444,144665660,export
map_monsters_avoid_shock_%,298882341,3757930834,export
map_monsters_base_bleed_duration_+%,1391028527,1882837088,export
map_monsters_base_block_%,1832841865,881836292,export
map_monsters_base_chance_to_freeze_%,1650458836,2227428689,export
map_monsters_base_chance_to_ignite_%,3773423561,2130085756,export
map_monsters_base_chance_to_shock_%,1833224388,3428180555,export
map_monsters_base_poison_duration_+%,1858499617,134839587,export
map_monsters_base_self_critical_strike_multiplier_-%,953639573,337935900,export
map_monsters_base_spell_block_%,3119043535,395617565,export
map_monsters_cannot_be_leeched_from,2060179937,1140978125,export
map_monsters_cannot_be_stunned,1024795660,1041951480,export
map_monsters_cannot_be_taunted,3563762733,1106651798,export
map_monsters_cast_speed_+%,2272112143,2488361432,export
map_monsters_chance_to_blind_on_hit_%,1118441363,1629869774,export
map_monsters_chance_to_impale_%,2825425861,1541224187,export
map_monsters_critical_strike_chance_+%,923639380,2753083623,export
map_monsters_critical_strike_multiplier_+,4131871667,57326096,export
map_monsters_curse_effect_+%,1904894482,2999796964,export
map_monsters_curse_effect_on_self_+%_final,2605653986,3796523155,export
map_monsters_damage_+%,3124420005,1890519597,export
map_monsters_damage_taken_+%,3865290142,3007862517,export
map_monsters_enemy_phys_reduction_%_penalty_vs_hit,1296411900,1280322024,export
map_monsters_enrage_on_low_life,557426332,4118076613,export
map_monsters_freeze_duration_+%,1600370248,3865186586,export
map_monsters_gain_x_endurance_charges_every_20_seconds,2153685902,622678123,export
map_monsters_gain_x_frenzy_charges_every_20_seconds,2666086692,3580556037,export
map_monsters_gain_x_power_charges_every_20_seconds,460305648,70389693,export
map_monsters_global_bleed_on_hit,4145980391,1091321491,export
map_monsters_have_onslaught,494115834,1277237365,export
map_monsters_ignite_duration_+%,3124992850,2849040018,export
map_monsters_immune_to_a_random_status_ailment_or_stun,152290457,2355312681,export
map_monsters_life_+%,3349847752,2710898947,export
map_monsters_life_leech_resistance_%,1015922703,526251910,export
map_monsters_maim_on_hit_%_chance,916396849,4164174520,export
map_monsters_mana_leech_resistance_%,2490575338,918170065,export
map_monsters_maximum_life_%_to_add_to_maximum_energy_shield,302161442,2887760183,export
map_monsters_movement_speed_+%,2503988429,2306522833,export
map_monsters_movement_speed_cannot_be_reduced_below_base,1567788680,798009319,export
map_monsters_near_shrines_are_chilled,3230837418,2473016979,export
map_monsters_penetrate_elemental_resistances_%,687351003,1898978455,export
map_monsters_petrification_for_X_seconds_on_hit,119712847,3437613601,export
map_monsters_physical_damage_%_to_add_as_random_element,2327890161,4062840317,export
map_monsters_poison_on_hit,1840393928,3350803563,export
map_monsters_reflect_%_elemental_damage,3285219897,2764017512,export
map_monsters_reflect_%_physical_damage,3617731854,3464419871,export
map_monsters_reflect_curses,3435421665,1341845920,export
map_monsters_shock_effect_+%,450558236,2029018782,export
map_monsters_spawned_with_talisman_drop_additional_rare_items,674892548,1819739544,export
map_monsters_spell_damage_%_suppressed,2719333539,1260060682,export
map_monsters_spell_suppression_chance_%,3052594647,2138205941,export
map_monsters_spells_chance_to_hinder_on_hit_%_chance,2357444009,962720646,export
map_monsters_steal_charges,210641801,3222482040,export
map_monsters_that_drop_silver_coin_drop_x_additional_silver_coins,71569968,3679287686,export
map_monsters_unaffected_by_curses,3584452053,1472832594,export
map_monsters_with_silver_coins_drop_x_additional_currency_items,4086829546,1183247801,export
map_monsters_with_silver_coins_drop_x_additional_rare_items,2667240127,3877259945,export
map_monsters_withered_on_hit_for_2_seconds_%_chance,2887566255,3044826007,export
map_movement_velocity_+%_per_poison_stack,3297305882,453789911,export
map_nemesis_dropped_items_+,2107341233,2329255938,export
map_next_area_contains_x_additional_bearers_of_the_guardian_packs,3668985837,3387914367,export
map_next_area_contains_x_additional_voidspawn_of_abaxoth_packs,2348543212,2978408106,export
map_no_experience_gain,3891810537,3781201833,export
map_non_unique_equipment_drops_as_sell_price,2442162628,449526948,export
map_non_unique_monsters_spawn_X_monsters_on_death,4169847311,637101875,export
map_nuke_everything,72524993,2656027173,export
map_num_additional_random_scarab_effects,2383031656,754268389,export
map_num_extra_blights_,2775783210,2459443694,export
map_num_extra_gloom_shrines,2458398594,1992047981,export
map_num_extra_harbingers,3096464800,504850499,export
map_num_extra_invasion_bosses,1325421951,279246355,export
map_num_extra_resonating_shrines,143119510,1274634881,export
map_num_extra_shrines,3527007021,1468737867,export
map_number_of_additional_mines_to_place,2700211174,3633247582,export
map_number_of_additional_mods,3568338751,588512487,export
map_number_of_additional_prefixes,2193324826,23537505,export
map_number_of_additional_suffixes,2897217754,1153966848,export
map_number_of_additional_totems_allowed,798615922,2912613786,export
map_number_of_additional_traps_to_throw,1744256795,3693062339,export
map_on_complete_drop_additional_conqueror_map,3549647834,3903190985,export
map_on_complete_drop_additional_elder_guardian_map,3555274156,3844573517,export
map_on_complete_drop_additional_shaper_guardian_map,1252366251,493747147,export
map_on_complete_drop_x_additional_maps,3545142643,696413077,export
map_packs_are_abomination_monsters,2097808382,2961018200,export
map_packs_are_animals,520947866,4198346809,export
map_packs_are_bandits,2434650167,643741006,export
map_packs_are_bone_husks,168552558,2798324429,export
map_packs_are_demons,1712713639,3916182167,export
map_packs_are_ghosts,191055752,3516340048,export
map_packs_are_goatmen,1282674186,1813544255,export
map_packs_are_humanoids,147325990,2651141461,export
map_packs_are_kitava,759851855,4252630904,export
map_packs_are_kitava_heralds,96948375,632768824,export
map_packs_are_porcupines,3107301530,1169165579,export
map_packs_are_sea_witches_and_spawn,2893432895,25085466,export
map_packs_are_skeletons,2939409970,45546355,export
map_packs_are_totems,3630959393,1000591322,export
map_packs_are_undead_and_necromancers,475568805,808491979,export
map_packs_are_vaal,3532165260,2609768284,export
map_packs_fire_projectiles,2245239713,645841425,export
map_packs_have_detonate_dead_totems,3252213453,3325532974,export
map_packs_have_uber_tentacle_fiends,1257415849,1943574423,export
map_perandus_guards_are_rare,3768773886,2156472123,export
map_perandus_monsters_drop_perandus_coin_stack_%,2483189692,3689836025,export
map_percent_increased_effect_of_atlas_passives,1806124931,3737068014,export
map_petrificiation_statue_ambush,2021613755,3709982550,export
map_player_accuracy_rating_+%_final,1695837132,3667574329,export
map_player_action_speed_+%_per_recent_skill_use,3963886821,3479892158,export
map_player_additional_physical_damage_reduction_%_in_hellscape,2770631378,1138521520,export
map_player_attack_cast_and_movement_speed_+%_during_onslaught,3664470661,1061545609,export
map_player_base_aura_skills_affecting_allies_also_affect_enemies,2202103201,2156372077,export
map_player_base_chaos_damage_taken_per_minute,2571628998,3031766225,export
map_player_block_chance_%_in_hellscape,1352894168,2122435676,export
map_player_buff_time_passed_+%_only_buff_category,183021521,1217583941,export
map_player_cannot_block,1414887564,419810844,export
map_player_cannot_block_attacks,2088426518,2736953535,export
map_player_cannot_block_spells,1354200166,4261179672,export
map_player_cannot_expose,1720455728,1026390635,export
map_player_cannot_recharge_energy_shield,1772835406,1888489569,export
map_player_cannot_suppress_spell_damage,1428946293,3203905334,export
map_player_chance_to_evade_attacks_%_in_hellscape,3843266344,3078099912,export
map_player_chance_to_gain_vaal_soul_on_kill_%,30872647,3416709884,export
map_player_charges_gained_+%,1399319662,2549889921,export
map_player_cooldown_speed_+%_final,1595572156,941368244,export
map_player_create_enemy_meteor_daemon_on_flask_use_%_chance,1738169534,4102870672,export
map_player_damage_+%_vs_breach_monsters,3163974544,2908391015,export
map_player_damage_taken_+%_vs_breach_monsters,2660233980,1755438602,export
map_player_damage_taken_+%_while_rampaging,121832098,3045094957,export
map_player_damage_while_dead_+%,536899773,2272004210,export
map_player_death_mark_on_rare_unique_kill_ms,2306933354,436406826,export
map_player_disable_soul_gain_prevention,4001414923,977063976,export
map_player_es_loss_per_second_in_hellscape,1585803605,3811376579,export
map_player_flask_effect_+%_final,2850197605,1207482628,export
map_player_flask_recovery_is_instant,3605214722,3137138073,export
map_player_global_defences_+%,2620786048,943960754,export
map_player_has_blood_magic_keystone,4068981527,86122490,export
map_player_has_level_X_conductivity,3532592250,376158712,export
map_player_has_level_X_despair,338533819,1551563177,export
map_player_has_level_X_elemental_weakness,1063568076,558910024,export
map_player_has_level_X_enfeeble,2135671587,4103440490,export
map_player_has_level_X_flammability,2237307580,989228672,export
map_player_has_level_X_frostbite,352655378,3442976749,export
map_player_has_level_X_temporal_chains,1195167817,2326202293,export
map_player_has_level_X_vulnerability,1063724554,1366534040,export
map_player_life_and_es_recovery_speed_+%_final,4173429793,4181072906,export
map_player_life_loss_per_second_in_hellscape,1837287475,1886325728,export
map_player_life_regeneration_rate_per_minute_%_per_25_rampage_stacks,3240807790,3072066782,export
map_player_maximum_leech_rate_+%,4061285892,2946888410,export
map_player_movement_speed_+%_final_in_hellscape,1848418905,1284275793,export
map_player_movement_velocity_+%,344643163,3463633447,export
map_player_no_regeneration,3117502503,1890969167,export
map_player_non_curse_aura_effect_+%,893917871,2450628570,export
map_player_onslaught_on_kill_%,1148063738,3563824294,export
map_player_periodically_affected_by_random_marks,1470679007,2796704737,export
map_player_shrine_buff_effect_on_self_+%,666171297,866902458,export
map_player_shrine_effect_duration_+%,3935517708,495713612,export
map_player_spell_suppression_chance_%_in_hellscape,3876598924,1982917702,export
map_player_travel_skills_disabled,2088887797,1555263964,export
map_players_and_monsters_chaos_damage_taken_+%,2652393330,1984484581,export
map_players_and_monsters_cold_damage_taken_+%,683917006,3207852985,export
map_players_and_monsters_fire_damage_taken_+%,256701485,2187439577,export
map_players_and_monsters_lightning_damage_taken_+%,1379320389,2400448724,export
map_players_and_monsters_physical_damage_taken_+%,775989264,3541635261,export
map_players_armour_+%_final,1506866523,272758639,export
map_players_block_chance_+%,2042443025,3729221884,export
map_players_cannot_gain_endurance_charges,1627364632,3532144131,export
map_players_cannot_gain_flask_charges,3315399839,36406748,export
map_players_cannot_gain_frenzy_charges,4070084401,620879593,export
map_players_cannot_gain_power_charges,529230252,1282233725,export
map_players_cannot_take_reflected_damage,1462522618,3151377452,export
map_players_cost_+%_per_skill_used_recently,4190085642,4039124672,export
map_players_damage_+%_final_per_equipped_item,733692952,802316710,export
map_players_gain_1_rare_monster_mods_on_kill_for_20_seconds_%,1488786569,3941376120,export
map_players_gain_instability_on_kill,1437263808,2886495370,export
map_players_gain_onslaught_during_flask_effect,1439940697,2576546039,export
map_players_gain_rampage_stacks,3876061345,452077019,export
map_players_gain_rare_monster_mods_on_kill_%_chance,2299890262,3609345433,export
map_players_have_point_blank,1236743633,2835888248,export
map_players_have_shroud_walker,3853746363,428119274,export
map_players_minion_damage_+%_final_per_equipped_item,1238802192,3854489687,export
map_players_movement_skills_cooldown_speed_+%,721599275,2159994279,export
map_players_no_regeneration_including_es,160466725,1910157106,export
map_players_skill_area_of_effect_+%_final,3056722301,2312028586,export
map_players_spell_damage_%_suppressed,4141055505,286947568,export
map_portal_expires_every_X_seconds,3325107833,2757672659,export
map_portal_limit,1201144362,3418377329,export
map_portals_expire_on_death_instead,3298576832,3596335518,export
map_possessed_monsters_drop_gilded_scarab_chance_%,50449841,1480568810,export
map_possessed_monsters_drop_map_chance_%,738643977,3340686967,export
map_possessed_monsters_drop_polished_scarab_chance_%,293000246,1317250154,export
map_possessed_monsters_drop_rusted_scarab_chance_%,1704930404,3789079511,export
map_possessed_monsters_drop_unique_chance_%,99186281,2392278281,export
map_possessed_monsters_drop_winged_scarab_chance_%,2371745412,1697321918,export
map_quality_instead_applies_to_pack_size,4228207852,3036505016,export
map_rampage_time_+%,2574362461,1406039617,export
map_random_unique_monster_is_possessed,1519309324,1945607273,export
map_random_zana_mod,1991201254,1389457945,export
map_rare_breach_monster_additional_breach_ring_drop_chance_%,2333180029,4157714333,export
map_rare_breach_monsters_drop_additional_shards,2606304624,3097206473,export
map_rare_monster_essence_daemon,650950103,2220602676,export
map_rare_monster_fracture_on_death_chance_%,4164058323,3097694855,export
map_rare_monster_items_drop_corrupted_%,3417442486,2736953654,export
map_rare_monster_num_additional_modifiers,4015715308,2550456553,export
map_rare_monster_volatile_on_death_%,2347430828,1706239920,export
map_rare_monsters_are_hindered,1022590455,3628993863,export
map_rare_monsters_drop_rare_prismatic_ring_on_death_%,2453618519,3266549586,export
map_rare_monsters_drop_x_additional_rare_items,728078331,3190223614,export
map_rare_monsters_have_final_gasp,3011231764,1593763475,export
map_rare_monsters_shaper_touched,1507725308,2931889194,export
map_rare_monsters_spawn_map_boss_on_death_chance_%,2388224299,118849615,export
map_rare_unique_monsters_remove_%_life_mana_es_on_hit,4220605252,3270788481,export
map_rare_unique_monsters_spawn_tormented_spirit_on_low_life,373167545,1864874865,export
map_reliquary_must_complete_abysses,4029008634,2818281118,export
map_reliquary_must_complete_blights,2208920947,3641521906,export
map_reliquary_must_complete_expedition,3808792125,385496396,export
map_reliquary_must_complete_incursions,46074258,3697237382,export
map_reliquary_must_complete_legions,3243195716,1351226837,export
map_reliquary_must_complete_rituals,2593845640,43034837,export
map_reliquary_must_complete_settlers_ore,1120190583,3981126005,export
map_reliquary_must_complete_strongboxes,676951718,357180449,export
map_reliquary_must_complete_ultimatum,3972743691,2776366800,export
map_reliquary_must_complete_unstable_breaches,3221364152,2004435129,export
map_reliquary_must_open_heist_caches,359762946,2569941273,export
map_ritual_additional_reward_rerolls,3702639434,120737942,export
map_ritual_cannot_recover_life_or_energy_shield_above_X_%,1224111275,1467713556,export
map_ritual_number_of_free_rerolls,4071359731,2425554673,export
map_ritual_scarab_more_likely_%,2428443237,2810822634,export
map_ritual_tribute_+%,2810993548,159726667,export
map_ritual_uber_rune_type_weighting_+%,4173044234,2172921782,export
map_rogue_exile_attack_cast_and_movement_speed_+%,1929894528,399295164,export
map_rogue_exile_drop_skill_gem_with_quality,3646271516,3795004497,export
map_rogue_exiles_are_doubled,449744836,2653164718,export
map_rogue_exiles_damage_+%,1430958981,1080855680,export
map_rogue_exiles_drop_additional_currency_items_with_quality,3431341382,600723636,export
map_rogue_exiles_drop_x_additional_jewels,9885804,4143730600,export
map_rogue_exiles_dropped_items_are_corrupted,1123206672,663447087,export
map_rogue_exiles_dropped_items_are_duplicated,1419022426,2047177714,export
map_rogue_exiles_dropped_items_are_fully_linked,97802976,898094766,export
map_rogue_exiles_maximum_life_+%,2417846960,471027242,export
map_runic_monster_damage_+%_final,3924447589,795239488,export
map_runic_monster_life_+%_final,2617892539,120845723,export
map_settlers_scarab_more_likely_%,4092881937,3346769137,export
map_shrines_drop_x_currency_items_on_activation,3472048052,2305944553,export
map_shrines_grant_a_random_additional_effect,813817855,1594755360,export
map_size_+%,3146737840,1012100113,export
map_solo_mode,1389551809,2521230387,export
map_spawn_additional_empowered_vaal_chests,3312249863,1612402470,export
map_spawn_affliction_mirror,3478144703,2398157267,export
map_spawn_beyond_boss_when_beyond_boss_slain_%,1369232197,531937370,export
map_spawn_cadiro_%_chance,1020778528,3788235244,export
map_spawn_extra_exiles,1743029755,3550168289,export
map_spawn_extra_torment_spirits,3767136051,358129101,export
map_spawn_heist_smugglers_cache,2520420874,3960907415,export
map_spawn_two_bosses,2561710462,799271621,export
map_spawn_x_additional_heist_smugglers_caches,3595444982,3307533469,export
map_storm_area_of_effect_+%,1693836327,3643076184,export
map_strongbox_monsters_item_quantity_+%,2959356401,1854137416,export
map_strongbox_scarab_more_likely_%,2096765196,3017211510,export
map_strongboxes_additional_pack_chance_%,4196884311,403369937,export
map_strongboxes_are_corrupted,3529389155,2681419531,export
map_strongboxes_at_least_rare,197675391,1564500422,export
map_strongboxes_chance_to_be_unique_+%,782366152,2731689292,export
map_strongboxes_drop_x_additional_rare_items,3614929271,3089506271,export
map_strongboxes_vaal_orb_drop_chance_%,4160484605,607308532,export
map_supporter_al_hezmin_spawn_daemon,3040222115,2866498028,export
map_supporter_all_influence_packs,3645184282,2720707,export
map_supporter_all_spawn_daemon,168905307,2283806768,export
map_supporter_atziri_spawn_daemon,4221660250,4263525693,export
map_supporter_baran_spawn_daemon,2820474751,4283248632,export
map_supporter_comet_spawn_daemon,179729740,2846886500,export
map_supporter_curse_field_daemon_spawn,395388739,4017859836,export
map_supporter_dangerous_area,3902207666,2265281226,export
map_supporter_drox_daemon,1429805068,2768602791,export
map_supporter_heist_cache,357689816,3343561142,export
map_supporter_maddening_tentacle_daemon_spawn,1615482641,3346320695,export
map_supporter_maven_follower,3543562268,1594156261,export
map_supporter_players_random_movement_velocity_+%_final_when_hit,513275024,1718051959,export
map_supporter_players_sent_to_void_league_on_death,224392574,1095765106,export
map_supporter_ruin_ghost_daemon_spawn,2594645138,2818657516,export
map_supporter_sirus_spawn_daemon,851665201,3847635614,export
map_supporter_uber_elder_spawn_daemon,2796370350,631346032,export
map_supporter_uber_shaper_spawn_daemon,3866871626,3925252825,export
map_supporter_union_of_souls,2431999008,3458622626,export
map_supporter_veritania_spawn_daemon,2973001722,4041943326,export
map_supporter_volatile_on_death_chance_%,3626953787,4222719527,export
map_supporter_volatile_on_death_chance_legion,2425540034,2416852492,export
map_synthesised_monster_pack_size_+%,3174258244,2049349490,export
map_talismans_dropped_as_rare,776554170,1401233515,export
map_talismans_higher_tier,3451098042,2800333900,export
map_tempest_frequency_+%,1412706904,478341845,export
map_torment_scarab_more_likely_%,1542378757,3070577277,export
map_tormented_spirits_drop_x_additional_rare_items,2862945397,4268822436,export
map_tormented_spirits_duration_+%,968155811,663610248,export
map_trialmaster_drops_stack_of_catalysts,3350680775,236047788,export
map_uber_drowning_orb_ambush,1993510169,25225034,export
map_uber_map_additional_synthesis_boss,3311402336,4150353141,export
map_uber_map_player_damage_cycle,930555212,2408625104,export
map_uber_sawblades_ambush,2708538530,3052102815,export
map_ultimatum_conquer_encounter_chance_+%,2826823774,802960755,export
map_ultimatum_conquer_encounter_radius_+%,551945647,1805474879,export
map_ultimatum_defense_encounter_altar_life_+%,1825318649,4281937233,export
map_ultimatum_defense_encounter_chance_+%,2868561050,4236665456,export
map_ultimatum_encounter_additional_chance_%,2387025974,1365687125,export
map_ultimatum_exterminate_encounter_chance_+%,940057205,2014727907,export
map_ultimatum_exterminate_encounter_monsters_required_+%,3076684858,340836576,export
map_ultimatum_lasts_13_rounds,1725887132,3283585444,export
map_ultimatum_modifiers_are_chosen_for_you,2274999023,3845167239,export
map_ultimatum_modifiers_start_1_tier_higher,3314599633,1901628087,export
map_ultimatum_monster_experience_+%,3714206287,3027114376,export
map_ultimatum_monster_quantity_+%,2867630152,3025100555,export
map_ultimatum_reward_abyss_chance_+%,3964052583,3093967539,export
map_ultimatum_reward_blight_chance_+%,2337536086,1763481236,export
map_ultimatum_reward_breach_chance_+%,268665540,502838809,export
map_ultimatum_reward_catalyst_chance_+%,3629691829,4234425443,export
map_ultimatum_reward_corrupted_rares_chance_+%,1925507176,1528872781,export
map_ultimatum_reward_currency_items_chance_+%,2187366333,1656757869,export
map_ultimatum_reward_delirium_chance_+%,1560441284,3324186704,export
map_ultimatum_reward_divination_cards_chance_+%,2223948728,297961897,export
map_ultimatum_reward_duplicated_chance_%,265251154,1683239984,export
map_ultimatum_reward_essence_chance_+%,2069948460,3860246335,export
map_ultimatum_reward_fossils_chance_+%,1637339796,469837536,export
map_ultimatum_reward_fragments_chance_+%,272013820,3116664709,export
map_ultimatum_reward_gem_chance_+%,2409340112,2091246228,export
map_ultimatum_reward_heist_chance_+%,1583742142,1322064377,export
map_ultimatum_reward_inscribed_ultimatums_chance_+%,3583562159,294140055,export
map_ultimatum_reward_jewellery_chance_+%,2017438899,3814215147,export
map_ultimatum_reward_legion_chance_+%,594430208,3962675867,export
map_ultimatum_reward_maps_chance_+%,3216751145,3261121444,export
map_ultimatum_reward_tiers_+,3832826153,1937345315,export
map_ultimatum_reward_unique_items_chance_+%,1037167977,1280423224,export
map_ultimatum_scarab_more_likely_%,934999159,2263557454,export
map_ultimatum_survival_encounter_chance_+%,3517471277,306537703,export
map_ultimatum_survival_encounter_time_+%,3076349623,3099069648,export
map_ultimatum_trialmaster_cannot_spawn,4040333336,2694161522,export
map_unique_boss_drops_divination_cards,2247458986,2170294665,export
map_unique_monster_items_drop_corrupted_%,1445085885,1852765051,export
map_unique_monsters_drop_corrupted_items,3398506022,804187877,export
map_unique_monsters_have_X_shrine_effects,1755490559,872972810,export
map_uniques_scarab_more_likely_%,1758399380,2584308379,export
map_unstable_breach_spawns_boss,343410394,3789157216,export
map_vaal_monster_items_drop_corrupted_%,1325992535,3045497140,export
map_vaal_mortal_strongbox_chance_per_fragment_%,2233118784,1076056376,export
map_vaal_sacrifice_strongbox_chance_per_fragment_%,560200611,2649372092,export
map_vaal_side_area_chance_%,315248141,2156201537,export
map_vaal_side_area_vaal_vessel_%_chance_to_duplicate_rewards,67194918,4131593417,export
map_vaal_temple_spawn_additional_vaal_vessels,450864145,44159086,export
map_village_secondary_ore_chance_+%,3695081219,2843145261,export
map_warbands_packs_have_additional_elites,3970260182,3628411738,export
map_warbands_packs_have_additional_grunts,2424838772,4072582319,export
map_warbands_packs_have_additional_supports,519918895,1773553795,export
map_watchstone_additional_packs_of_elder_monsters,2999385520,2608186870,export
map_watchstone_additional_packs_of_shaper_monsters,3236590179,2528440851,export
map_watchstone_monsters_damage_+%_final,2516811278,1263311755,export
map_weapon_and_shields_drop_corrupted_with_implicit_%_chance,1287281493,1747220877,export
map_weapon_and_shields_drop_fractured_%_chance,2583842989,4280114386,export
map_weapon_and_shields_drop_fully_linked_%_chance,1727135927,375750705,export
map_weapon_and_shields_drop_fully_socketed_%_chance,908074002,3785942492,export
map_weapons_drop_animated,4064923875,1624503220,export
map_zana_influence,4043681086,2696470877,export
map_zana_influence_equipment_item_chance_+%,2138746704,4012065952,export
mark_skill_cast_speed_+%,1590029358,4189061307,export
mark_skills_curse_effect_+%,2285199345,803185500,export
maven_fight_layout_override,538936924,3606985138,export
max_chance_to_block_attacks_if_not_blocked_recently,3237995935,2584264074,export
max_endurance_charges,2881474434,1515657623,export
max_endurance_charges_if_6_warlord_items,3133316919,2657325376,export
max_fortification_+1_per_5,3821180809,335507772,export+pob
max_fortification_while_affected_by_glorious_madness_+1_per_4,1689073943,2611224062,export
max_fortification_while_focused_+1_per_5,3697749595,922014346,export
max_frenzy_charges,3618851738,4078695,export
max_frenzy_charges_if_6_redeemer_items,1663861192,1138578442,export
max_power_charges,84542420,227523295,export
max_power_charges_if_6_crusader_items,2623548108,1460122571,export
maximum_2_of_same_totem,1277675689,1121911611,export
maximum_absorption_charges_is_equal_to_maximum_power_charges,4087829027,2494027711,export
maximum_affliction_charges_is_equal_to_maximum_frenzy_charges,2358566832,2817027713,export
maximum_block_%,3071393198,4124805414,export
maximum_block_%_if_4_elder_items,3815398173,2662252183,export
maximum_blood_scythe_charges,1681979912,4218649240,export
maximum_brutal_charges_is_equal_to_maximum_endurance_charges,2704519856,3710150470,export
maximum_celestial_charges,1149120248,3469876297,export
maximum_cold_damage_resistance_%_while_affected_by_herald_of_ice,450032676,950661692,export
maximum_critical_strike_chance_is_50%,4135145783,1463929958,export
maximum_divine_charges,110331549,3997368968,export
maximum_endurance_charges_+_while_affected_by_determination,2318981357,2110586221,export
maximum_endurance_charges_is_equal_to_maximum_frenzy_charges,1680425661,3443585706,export
maximum_endurance_frenzy_power_charges_is_0,4035250085,2957871460,export
maximum_energy_shield_%_lost_on_kill,1004478701,1699499433,export+pob
maximum_energy_shield_+%,3224406378,2482852589,export
maximum_energy_shield_+%_and_lightning_resistance_-%,1508496223,1381972535,export
maximum_energy_shield_+_if_no_defence_modifiers_on_equipment_except_body_armour,3829783535,2236622399,export
maximum_energy_shield_+_per_100_life_reserved,1711114859,4270089231,export
maximum_energy_shield_+_per_5_armour_on_shield,25023816,3636098185,export
maximum_energy_shield_+_per_5_strength,881817125,3788706881,export
maximum_energy_shield_from_body_armour_+%,2917870273,1195319608,export
maximum_energy_shield_is_x%_of_maximum_life,725377440,4053338379,export
maximum_energy_shield_leech_amount_per_leech_+%,2274306347,3589396689,export
maximum_energy_shield_leech_amount_per_leech_is_doubled,1702207520,4113811490,export
maximum_energy_shield_leech_rate_+%,415061198,2013799819,export
maximum_energy_shield_leech_rate_+%_while_affected_by_zealotry,3000399261,3848992177,export
maximum_es_+%_per_equipped_corrupted_item,1493415598,3916980068,export
maximum_fire_damage_resistance_%_while_affected_by_herald_of_ash,3733892667,3716758077,export
maximum_frenzy_charges_+_while_affected_by_grace,915466551,3458080964,export
maximum_frenzy_charges_is_equal_to_maximum_power_charges,1938774692,2238831336,export
maximum_life_%_lost_on_kill,55129256,751813227,export+pob
maximum_life_%_to_add_as_maximum_armour,3199771889,4118694562,export
maximum_life_%_to_add_as_maximum_energy_shield,2014062531,67280387,export
maximum_life_%_to_add_as_maximum_energy_shield_with_no_corrupted_equipped_items,2151707458,70766949,export
maximum_life_%_to_convert_to_maximum_energy_shield,2195301823,2458962764,export
maximum_life_+%,2847595757,983749596,export
maximum_life_+%_and_fire_resistance_-%,1495797869,3018691556,export
maximum_life_+%_for_corpses_you_create,3759143349,586568910,export
maximum_life_+%_if_2_elder_items,1585457327,370215510,export
maximum_life_+%_per_abyssal_jewel_affecting_you,1953907730,3185671537,export
maximum_life_+%_per_equipped_corrupted_item,609633335,4169430079,export
maximum_life_+%_per_stackable_unique_jewel,2271759065,332217711,export
maximum_life_+_if_no_life_modifiers_on_equipment_except_body_armour,2821787761,2927667525,export
maximum_life_+_per_empty_red_socket,1477004520,726359715,export
maximum_life_leech_amount_per_leech_+%,3656185991,3101897388,export
maximum_life_leech_amount_per_leech_+%_per_5%_life_reserved,1380892280,3389810339,export
maximum_life_leech_rate_+%,396321202,4118987751,export
maximum_life_leech_rate_+1%_per_12_stat_value,1301958280,2916634441,export+pob
maximum_life_mana_and_energy_shield_+%,547522145,3899352861,export
maximum_life_per_10_dexterity,877896670,3806100539,export
maximum_life_per_10_intelligence,2820955560,1114351662,export
maximum_life_per_equipped_elder_item,2730353911,3849523464,export
maximum_lightning_damage_resistance_%_while_affected_by_herald_of_thunder,1358697475,3259396413,export
maximum_mana_%_gained_on_kill,512031894,1604736568,export+pob
maximum_mana_%_to_add_to_energy_shield_while_affected_by_clarity,1477974185,2831391506,export
maximum_mana_+%,2215298461,2748665614,export
maximum_mana_+%_and_cold_resistance_-%,163148515,1156957589,export
maximum_mana_+%_if_2_shaper_items,1624296871,2440345251,export
maximum_mana_+%_per_abyssal_jewel_affecting_you,4183049556,2135370196,export
maximum_mana_+1%_per_X_strength_when_in_main_hand_from_foulborn_doon_cuebiyari,834605820,3548542256,export
maximum_mana_+_per_2_intelligence,33957060,3822999954,export
maximum_mana_+_per_empty_blue_socket,388180732,2962020005,export
maximum_mana_leech_rate_+%,3652492231,96977651,export
maximum_number_of_X_minion_type_doubled,148759512,56473917,export
maximum_number_of_blades_left_in_ground,3278080554,3954265754,export
maximum_power_and_endurance_charges_+,1824379419,4138979329,export
maximum_power_charges_+_while_affected_by_discipline,2698605047,1465672972,export
maximum_rage,1622307427,1181501418,export
maximum_rage_is_halved,2697761526,73569783,export
maximum_rage_per_equipped_one_handed_sword,3677131150,406887685,export
maximum_siphoning_charges_per_elder_or_shaper_item_equipped,390221748,1872128565,export
maximum_spirit_charges_per_abyss_jewel_equipped,2902677265,4053097676,export
maximum_void_arrows,3404072967,1209237645,export
melee_ancestor_totem_damage_+%,3167213037,2596239449,export
melee_ancestor_totem_elemental_resistance_%,670986195,1220207954,export
melee_ancestor_totem_grant_owner_attack_speed_+%,348422995,1303996723,export
melee_ancestor_totem_placement_speed_+%,3918447125,592861938,export
melee_attack_critical_strike_chance_against_enemies_that_are_excommunicated_%,933940086,4154636328,export
melee_attack_number_of_spirit_strikes,1240910089,1661253443,export
melee_attacks_usable_without_life_cost,4231007723,2461005744,export
melee_attacks_usable_without_mana_cost,318434812,1852317988,export
melee_critical_strike_chance_+%,1635284354,1199429645,export
melee_damage_+%,3051435112,1002362373,export
melee_damage_+%_during_flask_effect,4083076070,4091369450,export
melee_damage_+%_per_20_intelligence,4291714843,2645167381,export
melee_damage_+%_per_endurance_charge,1469650466,1275066948,export
melee_damage_+%_when_on_full_life,919672249,3579807004,export
melee_damage_vs_bleeding_enemies_+%,4229973421,1282978314,export
melee_fire_damage_+%,2285498825,3630160064,export
melee_hits_cannot_be_evaded_while_wielding_sword,955845344,2537902937,export
melee_hits_grant_rampage_stacks,1870268034,2889807051,export
melee_knockback,2867844013,3962823719,export
melee_movement_skill_chance_to_fortify_on_hit_%,469937604,59547568,export
melee_physical_damage_+%_per_10_dexterity,1766771801,2355151849,export
melee_physical_damage_+%_vs_ignited_enemies,3657210973,1332534089,export
melee_physical_damage_+%_while_holding_shield,2773709120,3501769159,export
melee_physical_damage_taken_%_to_deal_to_attacker,4265177673,1092987622,export
melee_range_+,297439715,2264295449,export
melee_range_+_while_unarmed,3293353210,3273962791,export
melee_skill_gem_level_+,3477215479,9187492,export
melee_splash,2879798600,3675300253,export
melee_strike_skill_strike_previous_location,2890048154,719626796,export
melee_weapon_critical_strike_multiplier_+,3919422521,4237442815,export
melee_weapon_range_+_if_you_have_killed_recently,3608069022,3255961830,export
memory_line_number_of_breaches,4090595594,392469782,export
memory_line_number_of_strongboxes,2295752622,3240183538,export
mine_%_chance_to_detonate_twice,2248396127,2445634879,export
mine_area_of_effect_+%,3662325222,2228913626,export
mine_arming_speed_+%,2524761010,3362665206,export
mine_aura_effect_+%,3964254159,2121424530,export
mine_critical_strike_chance_+%,2651427122,214031493,export
mine_critical_strike_multiplier_+,3996147865,2529112796,export
mine_damage_+%,2886111834,2137912951,export
mine_damage_leeched_as_life_to_you_permyriad,1644503215,807450540,export
mine_detonation_speed_+%,2398241791,3085465082,export
mine_duration_+%,3939414014,117667746,export
mine_extra_uses,3984252818,325437053,export
mine_laying_speed_+%,2979050594,1896971621,export
minimum_endurance_charges_per_stackable_unique_jewel,1667754108,2276643899,export
minimum_frenzy_charges_per_stackable_unique_jewel,152897870,596758264,export
minimum_frenzy_endurance_power_charges_are_equal_to_maximum_while_stationary,4046778352,3410776118,export
minimum_frenzy_power_endurance_charges,473925330,66303477,export
minimum_power_charges_per_stackable_unique_jewel,3993246888,308799121,export
minion_accuracy_rating,3058119297,1661151735,export
minion_accuracy_rating_+%,2287455633,1718147982,export
minion_accuracy_rating_per_10_devotion,3989274255,2830135449,export
minion_additional_base_critical_strike_chance,837754954,440812751,export
minion_additional_physical_damage_reduction_%,1799006214,3119612865,export
minion_additional_spell_block_%,2518499453,2762046953,export
minion_attack_and_cast_speed_+%,1302697480,3091578504,export
minion_attack_and_cast_speed_+%_if_you_or_minions_have_killed_enemy_recently,3492141672,4227567885,export
minion_attack_and_cast_speed_+%_per_10_devotion,1731494155,3808469650,export
minion_attack_and_cast_speed_+%_per_active_skeleton,3458347403,729367217,export
minion_attack_speed_+%,3473079270,3375935924,export
minion_attack_speed_+%_per_50_dex,434879570,4047895119,export
minion_attacks_chance_to_blind_on_hit_%,194678224,2431643207,export
minion_attacks_chance_to_taunt_on_hit_%,1084562757,2911442053,export
minion_base_fire_damage_%_to_convert_to_chaos,3573611171,2727256287,export
minion_base_physical_damage_%_to_convert_to_chaos_per_empty_gem_socket,3045941346,3913835403,export
minion_base_physical_damage_%_to_convert_to_chaos_per_white_socket_on_item,3920368667,199362230,export
minion_base_physical_damage_%_to_convert_to_cold,4156219722,264042266,export
minion_base_physical_damage_%_to_convert_to_cold_per_green_socket_on_item,20275153,306443498,export
minion_base_physical_damage_%_to_convert_to_cold_per_socketed_green_gem,2281403787,421707701,export
minion_base_physical_damage_%_to_convert_to_fire_per_red_socket_on_item,3912895261,2139569643,export
minion_base_physical_damage_%_to_convert_to_fire_per_socketed_red_gem,2913355043,3011514440,export
minion_base_physical_damage_%_to_convert_to_lightning_per_blue_socket_on_item,3205259553,3366426512,export
minion_base_physical_damage_%_to_convert_to_lightning_per_socketed_blue_gem,2339938073,3681649269,export
minion_bleed_on_hit_with_attacks_%,264031746,3998967779,export
minion_block_%,497751138,3374054207,export
minion_cast_speed_+%,3904856410,4000101551,export
minion_caustic_cloud_on_death_maximum_life_per_minute_to_deal_as_chaos_damage_%,2900672048,688802590,export
minion_chance_to_deal_double_damage_%,1038600318,755922799,export
minion_chance_to_deal_double_damage_%_per_fortification,3845846113,1793564431,export
minion_chance_to_freeze_shock_ignite_%,48941564,1994549323,export
minion_chance_to_gain_unholy_might_on_kill_for_4_seconds_%,107347835,3131367308,export
minion_chance_to_ignite_%,1429616825,3945908658,export
minion_chance_to_impale_on_attack_hit_%_per_socketed_ghastly_jewel,3628212566,2415223729,export
minion_chaos_damage_does_not_bypass_energy_shield,1113578552,3008104268,export
minion_chaos_resistance_%,2858160471,3837707023,export
minion_cold_damage_resistance_%,1910369803,2200407711,export
minion_cooldown_recovery_+%,3560676096,1691403182,export
minion_critical_strike_chance_+%,3219628119,491450213,export
minion_critical_strike_chance_+%_per_maximum_power_charge,1487895350,446070669,export
minion_critical_strike_multiplier_+,1649397203,1854213750,export
minion_critical_strike_multiplier_+_per_stackable_unique_jewel,3319899557,482240997,export
minion_damage_+%,1629152159,1589917703,export
minion_damage_+%_if_enemy_hit_recently,4269151138,2337295272,export
minion_damage_+%_if_have_used_a_minion_skill_recently,2849861075,412745376,export
minion_damage_+%_per_5_dex,3324616523,4187741589,export
minion_damage_+%_per_active_spectre,4107617455,3191537057,export
minion_damage_+%_vs_abyssal_monsters,1476039704,1086057912,export
minion_damage_increases_and_reductions_also_affects_you,2342821854,1631928082,export
minion_damage_over_time_multiplier_+_per_minion_abyss_jewel_up_to_+30,1255281590,613055432,export
minion_deal_no_non_cold_damage,2824653085,935592011,export
minion_duration_+%_per_active_zombie,3142080996,777246604,export
minion_elemental_damage_%_to_add_as_chaos,147269525,247168950,export
minion_elemental_resistance_%,4063404482,1423639565,export
minion_energy_shield_delay_-%,4210848814,2834476618,export
minion_energy_shield_leech_from_elemental_damage_permyriad,3282779447,2809815072,export
minion_fire_cloud_on_death_maximum_life_per_minute_to_deal_as_fire_damage_%,1416802229,4099989681,export
minion_fire_damage_resistance_%,1384683499,1889350679,export
minion_flask_charges_used_+%,1530262153,180240697,export
minion_has_unholy_might,2582318143,1436083424,export
minion_hits_ignore_enemy_elemental_resistances_while_has_energy_shield,1720184909,1360359242,export
minion_larger_aggro_radius,2771296000,128585622,export
minion_life_%_to_gain_as_flesh_shield_on_nearby_minion_death,483733582,1960869129,export
minion_life_increased_by_overcapped_fire_resistance,1357675414,1586164348,export
minion_life_leech_from_any_damage_permyriad,1847644558,2770782267,export+pob
minion_life_leech_permyriad_vs_poisoned_enemies,257976496,548721233,export
minion_life_regeneration_rate_per_minute_%,3221882849,2479683456,export
minion_life_regeneration_rate_per_second,221011012,3062329212,export
minion_maim_on_hit_%,3439942444,2138548436,export
minion_maximum_all_elemental_resistances_%,920291705,10224385,export
minion_maximum_life_%_to_convert_to_maximum_energy_shield_per_1%_chaos_resistance,430980210,433536969,export
minion_maximum_life_+%,2304021269,770672621,export
minion_movement_speed_+%,907033517,174664100,export
minion_movement_speed_+%_per_50_dex,619494270,4017879067,export
minion_physical_damage_%_to_add_as_cold,2637846110,1236638414,export
minion_physical_damage_%_to_add_as_fire,3833062784,3217428772,export
minion_physical_damage_reduction_rating,3221064726,2048970144,export
minion_raging_spirit_%_of_maximum_life_taken_per_minute_as_chaos_damage,4182827624,1063920218,export
minion_raging_spirit_maximum_life_+%,3965270781,3999870307,export
minion_recover_%_of_maximum_life_on_block,1592069008,676967140,export
minion_skill_area_of_effect_+%,3471234389,3811191316,export
minion_skill_gem_level_+,2259608151,2162097452,export
minion_skill_gem_quality_+,2004689738,1723333214,export
minion_skill_mana_cost_+%,1268004823,2969128501,export
minion_spell_suppression_chance_%,1001713772,3195300715,export
minion_spells_chance_to_hinder_on_hit_%,147620240,2323739383,export
minion_summoned_recently_critical_strike_chance_+%,222474967,3913090641,export
minion_unholy_might_on_kill_duration_ms,1767484027,3835570161,export
minions_%_chance_to_blind_on_hit,2427007524,2939409392,export
minions_cannot_be_blinded,1844144033,2684385509,export
minions_chance_to_poison_on_hit_%,2477430495,1974445926,export
minions_deal_%_of_physical_damage_as_additional_chaos_damage,827796030,2656936969,export
minions_gain_half_your_strength_from_ascendancy,1747265664,2195137717,export
minions_gain_x_percent_of_your_resistances,1864491131,2370748292,export
minions_gain_your_strength,1747265664,2195137717,export+pob
minions_go_crazy_on_crit_ms,912976179,2735021664,export
minions_have_%_chance_to_inflict_wither_on_hit,582519503,1387367793,export
minions_have_+%_critical_strike_multiplier_per_wither_on_enemies,923793481,1494965559,export
minions_have_-%_of_thier_damage_cannot_be_reflected,106090691,2467518140,pob
minions_have_non_curse_aura_effect_+%_from_parent_skills,794664638,634031003,export
minions_have_same_maximum_num_of_charges_as_owner,1409073888,3879726065,export
minions_have_same_num_of_charges_as_owner,2799066107,2797097751,export
minions_hits_can_only_kill_ignited_enemies,2498578373,1736403946,export
minions_recover_%_maximum_life_on_killing_poisoned_enemy,2251734512,2602664175,export
minions_recover_%_maximum_life_when_you_focus,10234613,3500359417,export
minions_reflected_damage_taken_+%,1573825768,3056045252,export
minions_use_parents_flasks_on_summon,3947047727,1827636152,export
minions_use_your_main_hand_base_crit_chance_from_weapon,3198489846,3700085184,export
mirage_archer_duration_+%,3467444876,3663580344,export
mirror_arrow_and_mirror_arrow_clone_attack_speed_+%,3533928468,3653459847,export
mirror_arrow_and_mirror_arrow_clone_damage_+%,2400917919,4136186767,export
mirror_arrow_cooldown_speed_+%,592400192,1781106044,export
missing_unreserved_life_%_gained_as_life_before_hit,2180236330,1383676476,export
missing_unreserved_mana_%_gained_as_mana_before_hit,3695920339,1441107401,export
mist_footprints_from_item,2093882744,2519043677,export
modifiers_to_attributes_instead_apply_to_ascendance,2986733466,1411347992,export
modifiers_to_claw_attack_speed_also_affect_unarmed_melee_attack_speed,1989340751,2988055461,export
modifiers_to_claw_critical_strike_chance_also_affect_unarmed_melee_critical_strike_chance,2681325051,531932482,export
modifiers_to_claw_damage_also_affect_unarmed_melee_damage,3162241138,2865232420,export
modifiers_to_map_item_drop_quantity_also_apply_to_map_item_drop_rarity,1728162857,436556261,export
modifiers_to_minimum_endurance_charges_instead_apply_to_brutal_charges,259456494,2966482502,export
modifiers_to_minimum_frenzy_charges_instead_apply_to_affliction_charges,606293306,1424305790,export
modifiers_to_minimum_power_charges_instead_apply_to_absorption_charges,3530053912,1752582590,export
modifiers_to_number_of_projectiles_instead_apply_to_splitting,4073693498,2057712935,export
molten_shell_buff_effect_+%,4145183722,1949390531,export
molten_shell_damage_+%,156018188,815390778,export
molten_shell_duration_+%,1074769411,4255043252,export
molten_strike_damage_+%,3838004769,2038865857,export
molten_strike_num_of_additional_projectiles,4216021397,995860222,export
molten_strike_radius_+%,1672036007,2524620107,export
monster_base_block_%,1721900770,2530372417,export
mortar_barrage_mine_damage_+%,1977165158,4048820315,export
mortar_barrage_mine_num_projectiles,2293693415,841281094,export
mortar_barrage_mine_throwing_speed_halved_+%,4055568087,2432759583,export
movement_skills_cooldown_speed_+%,1554362318,1124980805,export
movement_skills_cooldown_speed_+%_while_affected_by_haste,3561881953,3332055899,export
movement_speed_+%_during_flask_effect,62946834,304970526,export
movement_speed_+%_if_enemy_hit_recently,4110749185,3178542354,export
movement_speed_+%_if_enemy_killed_recently,2101573175,279227559,export
movement_speed_+%_if_have_cast_dash_recently,2961294557,2659793306,export
movement_speed_+%_if_have_not_taken_damage_recently,2788248069,3854949926,export
movement_speed_+%_if_have_used_a_vaal_skill_recently,4257220658,1285172810,export
movement_speed_+%_if_used_a_warcry_recently,1096164602,2546417825,export
movement_speed_+%_per_endurance_charge,2744016557,2116250000,export
movement_speed_+%_per_nearby_corpse,1985956932,504462346,export
movement_speed_+%_per_nearby_enemy_up_to_50%,4240947261,1426967889,export
movement_speed_+%_per_poison_up_to_50%,591897687,1360723495,export
movement_speed_+%_per_power_charge,2566404014,3774108776,export
movement_speed_+%_while_affected_by_grace,2237033911,3329402420,export
movement_speed_+%_while_bleeding,119558520,696659555,export
movement_speed_+%_while_on_burning_chilled_shocked_ground,3201257934,1521863824,export
movement_speed_+%_while_poisoned,2805595552,3265807022,export
movement_speed_+%_while_you_have_cats_stealth,4241627665,673704994,export
movement_speed_cannot_be_reduced_below_base,1272456718,3875592188,export
movement_speed_is_%_of_base,3901715316,3945685369,export
movement_velocity_+%_on_full_energy_shield,2314735078,2825197711,export
movement_velocity_+%_per_frenzy_charge,1389368142,1541516339,export
movement_velocity_+%_per_shock,1940238485,542923416,export
movement_velocity_+%_when_on_full_life,2054717152,3393547195,export
movement_velocity_+%_when_on_low_life,915372831,649025131,export
movement_velocity_+%_when_on_shocked_ground,429062258,3678841229,export
movement_velocity_+%_while_chilled,85937281,2203777380,export
movement_velocity_+%_while_ignited,3610432993,581625445,export
movement_velocity_+%_while_phasing,1747780042,3684879618,export
movement_velocity_+%_with_magic_abyss_jewel_socketed,1497880097,3874817029,export
movement_velocity_+1%_per_X_evasion_rating,3253769588,2591020064,export
movement_velocity_+x%_per_1800_evasion_rating_up_to_25%,1912564045,2223256941,export
movement_velocity_while_not_hit_+%,1846932942,1177358866,export
nearby_corpses_explode_dealing_%_maximum_life_physical_damage_on_warcry,1759199389,293071889,export
nearby_enemies_are_blinded_if_2_redeemer_items,4214926116,3844045281,export
nearby_enemies_are_blinded_while_you_have_active_physical_aegis,1437330481,2504709365,export
nearby_enemies_are_chilled,1262093569,2480873346,export+pob
nearby_enemies_are_crushed_while_you_have_X_rage,4140266804,3069588220,export
nearby_enemies_are_intimidated_if_2_warlord_items,4136615111,1142276332,export
nearby_enemies_are_unnerved,4160111379,1439308328,export
nearby_enemies_are_unnerved_if_2_elder_items,1789912795,282325999,export
nearby_enemies_chilled_on_block,4217313092,583277599,export
nearby_enemies_have_fire_exposure_while_you_are_at_maximum_rage,2780015589,3952509108,export
nearby_enemies_lightning_resist_equal_to_yours,3519854713,3549734978,export
nearby_enemies_physical_damage_taken_+%_per_2fortification_on_you,3893785757,4187518631,export
nearby_party_members_max_endurance_charges_is_equal_to_yours,2465483090,598215770,export
necrotic_footprints_from_item,361359664,214242256,export
never_block,3090073705,4127720801,export
never_freeze_or_chill,4064371254,612223930,export
never_ignite,93189465,4198497576,export
never_ignite_chill_freeze_shock,1502574539,3281123655,export
never_shock,2833269780,990377349,export
no_barrage_projectile_spread,202871549,3953699641,export
no_critical_strike_multiplier,1796063493,4058681894,export+pob
no_energy_shield,2080209308,1482608021,export
no_energy_shield_recovery,3058118359,206243615,export
no_extra_bleed_damage_while_moving,3960593518,935326447,export
no_life_regeneration,2779180596,854225133,export
no_mana_regeneration,1438583563,1052246654,export
no_physical_damage_reduction,2228783333,489372526,export
non_aura_hexes_gain_20%_effect_per_second,3722586973,3266609002,export
non_aura_vaal_skills_soul_requirement_+%,82867244,3533432197,export
non_chaos_damage_%_to_add_as_chaos_damage_per_siphoning_charge,1115490524,3296019532,export
non_chaos_damage_%_to_add_as_chaos_damage_per_void_spawn,912525008,1621629493,export
non_chaos_damage_to_add_as_chaos_damage_%,3402125616,2063695047,export
non_chilled_enemies_you_bleed_are_chilled,995404736,398940995,export
non_chilled_enemies_you_poison_are_chilled,1736542872,3998191356,export
non_critical_damage_multiplier_+%,731575129,1711683262,export
non_critical_strikes_deal_no_damage,614993202,2511969244,export
non_curse_aura_effect_+%,1655874921,1880071428,export
non_curse_aura_effect_+%_per_10_devotion,1092795354,2585926696,export
non_curse_aura_effect_+%_vs_enemies,923468536,1636209393,export
non_curse_aura_effect_+%_while_linked,4247836363,3995650818,export
non_curse_auras_only_apply_to_you_and_linked_targets,1493074269,3678739763,export
non_damaging_ailment_effect_+%,565791412,782230869,export
non_damaging_ailment_effect_+%_on_self,788104673,1519474779,export
non_damaging_ailment_effect_+%_on_self_while_you_have_arcane_surge,2478282340,3014823981,export
non_damaging_ailment_effect_+%_per_10_devotion,1538633782,1810368194,export
non_damaging_ailment_effect_+%_per_blue_skill_gem,67797697,2324668473,export
non_damaging_ailment_effect_+%_per_equipped_elder_item,2832387293,4133552694,export
non_damaging_ailment_effect_+%_with_critical_strikes,4224238102,3772078232,export
non_damaging_ailment_effect_+%_with_critical_strikes_per_100_max_player_life,3608266789,1572854306,export
non_damaging_ailments_as_though_damage_+%_final,448445504,1345113611,export
non_exceptional_support_gem_level_+_if_6_shaper_items,3061045180,1592303791,export
non_exerted_attacks_deal_no_damage,1637716423,3303984198,export
non_instant_mana_recovery_from_flasks_also_recovers_life,2016763946,2262007777,export
non_instant_warcries_have_no_cooldown,382118717,1863128284,export
non_spectre_minions_use_your_main_hand_base_attack_duration_from_weapon,2788781755,3305441882,export
normal_monster_dropped_item_quantity_+%,4120268449,1342790450,export
num_magic_utility_flasks_always_apply,4001043856,2388347909,export
num_magic_utility_flasks_always_apply_rightmost,1229311881,2651470813,export
num_of_additional_chains_at_max_frenzy_charges,1916874721,285624304,export
number_of_additional_arrows,1574944052,3885405204,export
number_of_additional_arrows_if_havent_cast_dash_recently,1970891285,2482927318,export
number_of_additional_chains_for_projectiles_while_phasing,2539693718,383509486,export
number_of_additional_curses_allowed,830678665,30642521,export
number_of_additional_curses_allowed_if_6_hunter_items,603170630,1397871191,export
number_of_additional_curses_allowed_on_self,2906780,3112863846,export
number_of_additional_curses_allowed_while_affected_by_malevolence,1673101831,4102244881,export
number_of_additional_curses_allowed_while_at_maximum_power_charges,3652993005,761598374,export
number_of_additional_ignites_allowed,2130420011,2837603657,export
number_of_additional_mines_to_place,1917445842,2395088636,export
number_of_additional_mines_to_place_with_at_least_500_dex,3184545035,1917661185,export
number_of_additional_mines_to_place_with_at_least_500_int,2739269597,5955083,export
number_of_additional_projectiles,2418272691,74338099,export
number_of_additional_projectiles_if_you_have_been_hit_recently,4126320021,988207959,export
number_of_additional_projectiles_if_you_have_used_movement_skill_recently,1566432038,2809802678,export
number_of_additional_remote_mines_allowed,1510870489,60263468,export
number_of_additional_searing_bond_totems_allowed,1306220799,2674643140,export
number_of_additional_shrapnel_ballistae_per_200_strength,4261484188,1124661381,export
number_of_additional_siege_ballistae_per_200_dexterity,2493882435,2125178364,export
number_of_additional_totems_allowed,2960677444,429867172,export+pob
number_of_additional_traps_allowed,665340709,2224292784,export
number_of_additional_traps_to_throw,4214871745,1220800126,export
number_of_chains,860057348,1787073323,export
number_of_crab_charges_lost_when_hit,502419450,455217103,export
number_of_endurance_charges_to_gain_every_4_seconds_while_stationary,3229059102,2156210979,export
number_of_ghost_totems_allowed,1856677455,4154520427,export
number_of_golems_allowed_with_3_primordial_jewels,585206336,920385757,export
number_of_skeletons_allowed_per_2_old,3070147218,1225383362,export
number_of_zombies_allowed_+%,4121774005,4041805509,export
number_of_zombies_allowed_+1_per_X_intelligence_from_foulborn_baron,3392958545,900892599,export
number_of_zombies_allowed_+1_per_X_strength,636065116,4056985119,export
off_hand_critical_strike_chance_+_per_10_es_on_shield,3455025931,3285400610,export
off_hand_critical_strike_multiplier_+_per_10_es_on_shield,1891436087,240790947,export
off_hand_critical_strike_multiplier_+_per_melee_abyss_jewel_up_to_+100,2911848431,3699529133,export
offering_duration_+%,3605594940,2957407601,export
offering_spells_effect_+%,2192484854,3191479793,export
old_do_not_use_base_life_leech_from_cold_damage_permyriad,1412436367,3999401129,export
old_do_not_use_base_life_leech_from_elemental_damage_permyriad,355595712,720395808,export
old_do_not_use_base_life_leech_from_fire_damage_permyriad,3916056049,3848282610,export
old_do_not_use_base_life_leech_from_lightning_damage_permyriad,2302898697,2696663331,export
old_do_not_use_base_life_leech_from_physical_damage_permyriad,1072861012,3764265320,export
old_do_not_use_global_mana_leech_from_physical_attack_damage_%_per_blue_socket_on_item,789897735,172852114,export
old_do_not_use_life_leech_%_vs_frozen_enemies,324513741,593279674,export
old_do_not_use_life_leech_from_attack_damage_permyriad_vs_chilled_enemies,1419235042,748813744,export
old_do_not_use_life_leech_from_physical_damage_%,315670835,3593843976,export
old_do_not_use_life_leech_permyriad_on_crit,1038891508,958088871,export
old_do_not_use_life_leech_permyriad_vs_shocked_enemies,2979992796,2614321687,export
old_do_not_use_local_flask_life_leech_%_while_healing,170055202,3111255591,export
old_do_not_use_local_flask_mana_leech_%_while_healing,2070318590,374891408,export
old_do_not_use_mana_leech_%_vs_shocked_enemies,4197684510,112201073,export
old_do_not_use_mana_leech_from_physical_damage_%,4180172822,3237948413,export
old_do_not_use_mana_leech_from_physical_damage_%_per_power_charge,3198692371,604298782,export
old_do_not_use_minion_life_leech_from_any_damage_permyriad,1847644558,2770782267,export
old_do_not_use_spell_block_%_from_assumed_block_value,1484398156,2881111359,export
old_do_not_use_spell_block_%_while_on_low_life_from_assumed_block_value,2196443651,4070519133,export
on_cast_lose_all_mana_gain_%_as_maximum_lightning_damage_for_4_seconds,1047348465,820827484,export
on_leaving_banner_area_recover_%_of_planted_banner_resources,4104021272,3906150898,export
on_weapon_global_damage_+%,1955431210,819529588,export
one_handed_melee_attack_speed_+%,2080132379,1813451228,export
one_handed_melee_critical_strike_chance_+%,4204616166,2381842786,export
one_handed_melee_critical_strike_multiplier_+,2558326086,670153687,export
one_handed_melee_physical_damage_+%,3584405402,1334465904,export
onslaught_buff_duration_on_culling_strike_ms,2039962326,3818161429,export
onslaught_buff_duration_on_kill_ms,3730789477,1195849808,export
onslaught_buff_duration_on_killing_taunted_enemy_ms,4101254897,2580101523,export
onslaught_effect_+%,1632576338,3151397056,export
onslaught_on_crit_duration_ms,2189094861,1055188639,export
onslaught_on_vaal_skill_use_duration_ms,2340313514,2654043939,export
open_nearby_chests_on_warcry,28344682,3452963763,export
orb_of_storms_cast_speed_+%,2101168530,2778301298,export
orb_of_storms_damage_+%,2838896938,4084540709,export
overcapped_fire_resistance_gain_as_fire_penetration,3340059563,133804429,export
override_maximum_damage_resistance_%,2254233408,798767971,export
overwhelm_phys_reduction_%_while_have_sacrificial_zeal,3173548126,1415418540,export
pact_cast_speed_+%,455723883,3120620173,export
pact_cooldown_speed_+%,367969893,1144742318,export
penance_brand_area_of_effect_+%,1969078025,1486948114,export
penance_brand_cast_speed_+%,3779618915,709541481,export
penance_brand_damage_+%,1814634700,610562666,export
penetrate_elemental_resistance_%_per_15_ascendance,3934687391,2757041809,export
penetrate_elemental_resistance_%_per_abyssal_jewel_affecting_you,2980194572,4250752669,export
penetrate_elemental_resistances_%_per_toxicity_with_tinctured_weapons,971723028,3685214225,pob
penetrate_elemental_resistances_%_with_tinctured_weapons,406956206,2499808413,pob
perandus_double_number_of_coins_found,1724350630,1271391587,export
permanently_intimidate_enemy_on_block,839161326,2930706364,export
petrified_blood_mana_reservation_efficiency_-2%_per_1,3104966860,1829483269,export
petrified_blood_reservation_+%,2332935285,4062159806,export
phantasm_refresh_duration_on_hit_vs_rare_or_unique_%_chance,3529796992,7847395,export
phase_on_vaal_skill_use_duration_ms,3909817515,4089413281,export
phase_run_%_chance_to_not_consume_frenzy_charges,1879294862,4259029320,export
phase_run_skill_effect_duration_+%,2218195772,2556095677,export
phasing_for_4_seconds_on_kill_%,1682369648,2918708827,export
phasing_if_blocked_recently,2417194092,3492654051,export
phys_cascade_trap_cooldown_speed_+%,2005996187,3618430531,export
phys_cascade_trap_damage_+%,3988002960,1175282728,export
phys_cascade_trap_duration_+%,3115482894,1615912303,export
phys_cascade_trap_number_of_additional_cascades,3453304172,1389191919,export
physical_and_chaos_damage_taken_+%_final_while_not_unhinged,325339704,388639924,export
physical_attack_damage_taken_+,2244986440,3441651621,export
physical_axe_damage_+%,3038306943,2008219439,export
physical_bow_damage_+%,204052327,402920808,export
physical_claw_damage_+%,140443962,635761691,export
physical_claw_damage_+%_when_on_low_life,1040455099,1081444608,export
physical_dagger_damage_+%,3605314683,3882531569,export
physical_damage_%_taken_from_mana_before_life,2203039126,3743438423,export
physical_damage_%_to_add_as_chaos,285603753,3319896421,export
physical_damage_%_to_add_as_chaos_if_have_used_amethyst_flask_recently,3670375355,2417314413,export
physical_damage_%_to_add_as_cold,1648505627,979246511,export
physical_damage_%_to_add_as_cold_if_have_used_sapphire_flask_recently,2862929252,4015395070,export
physical_damage_%_to_add_as_each_element_if_6_shaper_items,1056105179,725571864,export
physical_damage_%_to_add_as_each_element_per_spirit_charge,3767942636,4288824781,export
physical_damage_%_to_add_as_fire,2922959622,369494213,export
physical_damage_%_to_add_as_fire_damage_while_affected_by_anger,1446453764,4245204226,export
physical_damage_%_to_add_as_fire_if_have_crit_recently,1565679458,2810434465,export
physical_damage_%_to_add_as_fire_if_have_used_ruby_flask_recently,2462550985,128992179,export
physical_damage_%_to_add_as_fire_per_rage,1987134297,1431402553,export
physical_damage_%_to_add_as_lightning,2975054989,219391121,export
physical_damage_%_to_add_as_lightning_damage_while_affected_by_wrath,2504817080,2255914633,export
physical_damage_%_to_add_as_lightning_if_have_used_topaz_flask_recently,248415684,270706555,export
physical_damage_%_to_add_as_random_element,2372289813,3753703249,export
physical_damage_%_to_add_as_random_element_while_ignited,56436978,3595519743,export
physical_damage_%_to_convert_to_fire_while_you_have_avatar_of_fire,367819825,2052379536,export
physical_damage_%_to_gain_as_chaos_while_at_maximum_power_charges,3989847112,3492297134,export
physical_damage_+%,3841183813,1310194496,export
physical_damage_+%_per_10_rage,3784978792,2688118197,export
physical_damage_+%_vs_ignited_enemies,3663434041,3375415245,export
physical_damage_+%_while_affected_by_herald_of_purity,1534495533,3294232483,export
physical_damage_+%_while_frozen,2603746124,2614654450,export
physical_damage_+%_while_you_have_resolute_technique,2810262524,1258679667,export
physical_damage_+%_with_unholy_might,3779411131,1609570656,export
physical_damage_can_chill,1175426219,2227042420,export
physical_damage_can_freeze,3408632765,1526975429,export
physical_damage_can_shock,3277910558,3848047105,export
physical_damage_cannot_poison,3294155372,733138911,export
physical_damage_over_time_+%,2404640750,1692565595,export
physical_damage_over_time_multiplier_+_with_attacks,3261984256,709768359,export
physical_damage_over_time_per_10_dexterity_+%,4069142296,555311393,export
physical_damage_per_endurance_charge_+%,4132648662,2481358827,export
physical_damage_reduction_%_while_affected_by_herald_of_purity,3214564290,3163114700,export
physical_damage_reduction_percent_per_frenzy_charge,2454677701,1226049915,export
physical_damage_reduction_percent_per_power_charge,15867909,3986347319,export
physical_damage_reduction_rating_%_while_not_moving,1298613933,2181129193,export
physical_damage_reduction_rating_+%,3268290990,2866361420,export
physical_damage_reduction_rating_+%_against_projectiles,2868368583,706246936,export
physical_damage_reduction_rating_+%_per_endurance_charge,3053622722,1447080724,export
physical_damage_reduction_rating_+%_while_not_ignited_frozen_shocked,816160145,1164767410,export
physical_damage_reduction_rating_+1%_per_X_strength_when_in_off_hand,878220768,2192181096,export
physical_damage_reduction_rating_during_soul_gain_prevention,4091735485,1539825365,export
physical_damage_reduction_rating_if_you_have_hit_an_enemy_recently,2269968899,2368149582,export
physical_damage_reduction_rating_per_5_evasion_on_shield,3553739082,3088183606,export
physical_damage_reduction_rating_per_endurance_charge,792722484,513221334,export
physical_damage_reduction_rating_while_frozen,1236150479,504366827,export
physical_damage_taken_%_as_chaos,219898528,4129825612,export
physical_damage_taken_%_as_cold,3003366731,1871056256,export
physical_damage_taken_%_as_cold_if_4_redeemer_items,879219856,2351364973,export
physical_damage_taken_%_as_cold_while_affected_by_purity_of_elements,1820403768,1710207583,export
physical_damage_taken_%_as_cold_while_affected_by_purity_of_ice,1795401151,1779027621,export
physical_damage_taken_%_as_fire,1864800293,3342989455,export
physical_damage_taken_%_as_fire_if_4_warlord_items,2957544814,3003230483,export
physical_damage_taken_%_as_fire_while_affected_by_purity_of_elements,3061136050,1722775216,export
physical_damage_taken_%_as_fire_while_affected_by_purity_of_fire,1903801746,1798459983,export
physical_damage_taken_%_as_lightning,3332259070,425242359,export
physical_damage_taken_%_as_lightning_if_4_crusader_items,317975135,2006105838,export
physical_damage_taken_%_as_lightning_while_affected_by_purity_of_elements,4167297680,873224517,export
physical_damage_taken_%_as_lightning_while_affected_by_purity_of_lightning,800297046,254131992,export
physical_damage_taken_+,3064041815,321765853,export
physical_damage_taken_+%,2530828151,3853018505,export
physical_damage_taken_+_vs_beasts,169261392,3277537093,export
physical_damage_taken_on_minion_death,628977049,4176970656,export
physical_damage_taken_per_minute_per_siphoning_charge_if_have_used_a_skill_recently,4244452269,2440172920,export
physical_damage_taken_recouped_as_life_%,3698004033,4021566756,export
physical_damage_to_return_to_melee_attacker,4154342101,3767873853,export
physical_damage_while_dual_wielding_+%,1758582977,1274831335,export
physical_damage_with_attack_skills_+%,2552061080,2266750692,export
physical_damage_with_spell_skills_+%,3867816352,1430255627,export
physical_dot_multiplier_+,1222825950,1314617696,export
physical_hit_and_dot_damage_%_taken_as_fire,2797427387,1004468512,export
physical_mace_damage_+%,1862394874,3774831856,export
physical_ranged_attack_damage_taken_+,931094619,3612407781,export
physical_reflect_damage_taken_+%,3362347140,3158958938,export
physical_reflect_damage_taken_and_minion_physical_reflect_damage_taken_+%,1067168962,129035625,export
physical_skill_effect_duration_per_12_intelligence_+%,3396475811,2632037464,export
physical_skill_gem_level_+,717179611,619213329,export
physical_skill_gem_level_+_if_6_elder_items,1432889406,3564190077,export
physical_spell_skill_gem_level_+,2029893559,1600707273,export
physical_staff_damage_+%,932143818,3150705301,export
physical_sword_damage_+%,2133884384,3814560373,export
physical_wand_damage_+%,1844590324,2769075491,export
physical_weapon_damage_+%_per_10_str,4097512073,2594215131,export
placing_traps_cooldown_recovery_+%,2556971614,3417757416,export
player_can_be_touched_by_tormented_spirits,4126539865,4197792189,export
player_far_shot,427084520,2483362276,export
player_gain_rampage_stacks,4216015688,2397408229,export
poachers_mark_curse_effect_+%,1443724353,3278819254,export
poachers_mark_duration_+%,304526606,4227497218,export
poison_cursed_enemies_on_hit,2358214570,4266201818,export
poison_damage_+%_per_frenzy_charge,1809056335,1221011086,export
poison_damage_+%_per_power_charge,997821596,4230767876,export
poison_damage_+%_with_over_300_dexterity,832880990,256730087,export
poison_dot_multiplier_+_per_frenzy_charge,1952116621,3504652942,export
poison_duration_+%_per_poison_applied_recently,1913892519,86516932,export
poison_duration_+%_per_power_charge,77304025,3491499175,export
poison_duration_+%_with_over_150_intelligence,4221813797,2771181375,export
poison_reflected_to_self,1137567057,2374357674,export
poison_time_passed_+%,2210332296,2443132097,export
poisonous_concoction_damage_+%,2050417555,295557151,export
poisonous_concoction_flask_charges_consumed_+%,809795156,1474722052,export
poisonous_concoction_skill_area_of_effect_+%,51978149,3892584986,export
power_charge_duration_+%,3601157782,3872306017,export
power_charge_duration_+%_final,3583539329,2625134410,export
power_charge_on_block_%_chance,1034598720,3945147290,export+pob
power_frenzy_or_endurance_charge_on_kill_%,2415612559,498214257,export
power_siphon_%_chance_to_gain_power_charge_on_kill,850524521,3609207587,export
power_siphon_attack_speed_+%,1806783872,2753191013,export
power_siphon_damage_+%,434186145,78767457,export
power_siphon_number_of_additional_projectiles,393596184,1177831984,export
precision_mana_reservation_+%,2168358890,3468905159,export
precision_mana_reservation_-50%_final,2043813109,3736628755,export
precision_mana_reservation_efficiency_+%,2209372099,3859865977,export+pob
precision_mana_reservation_efficiency_+100%,1509870932,1291925008,export
precision_mana_reservation_efficiency_-2%_per_1,2209372099,3859865977,export
pride_aura_effect_+%,1597548939,4247488219,export
pride_chance_to_deal_double_damage_%,734020953,3371719014,export
pride_chance_to_impale_with_attacks_%,715162555,4173751044,export
pride_intimidate_enemy_for_4_seconds_on_hit,2192878408,3772848194,export
pride_mana_reservation_+%,4255778062,250961191,export
pride_mana_reservation_efficiency_+%,1963146590,3993865658,export+pob
pride_mana_reservation_efficiency_-2%_per_1,1963146590,3993865658,export
pride_physical_damage_+%,3843671208,576528026,export
pride_reserves_no_mana,118755259,3554614456,export
pride_your_impaled_debuff_lasts_+_additional_hits,93182721,1011863394,export
primordial_jewel_count,2496783187,1089165168,export
prismatic_rain_beam_frequency_+%,2082042351,1799087078,export
prismatic_skills_always_inflict_frostburn,7239514,2034210174,export
prismatic_skills_always_inflict_sapped,2006803495,2355907154,export
prismatic_skills_always_scorch,4183464911,2324756482,export
profane_ground_on_crit_chance_%_if_highest_attribute_is_intelligence,3107125208,2047846165,export
projecitle_chance_to_be_able_to_chain_from_terrain_%_per_ranged_abyss_jewel_up_to_20%,3190886491,1485085047,export
projectile_attack_damage_+%,2387190646,2162876159,export
projectile_attack_damage_+%_during_flask_effect,999100336,2771016039,export
projectile_attack_damage_+%_per_200_accuracy,2897692746,4157767905,export
projectile_attack_damage_+%_per_400_accuracy,3547370607,1426001733,export
projectile_attack_damage_+%_with_at_least_200_dex,1159443607,1822142649,export
projectile_attack_skill_critical_strike_chance_+%,50430376,4095169720,export
projectile_attacks_chance_to_bleed_on_hit_%_if_you_have_beast_minion,1385931260,4058504226,export
projectile_attacks_chance_to_maim_on_hit_%_if_you_have_beast_minion,2228014933,1753916791,export
projectile_attacks_chance_to_poison_on_hit_%_if_you_have_beast_minion,4046556217,1114411822,export
projectile_base_number_of_targets_to_pierce,1387367751,2902845638,export
projectile_base_number_of_targets_to_pierce_if_2_hunter_items,832034294,2813428845,export
projectile_chain_from_terrain_chance_%,4180206856,2140446632,export
projectile_damage_+%,2929161554,1839076647,export
projectile_damage_+%_in_blood_stance,2055906285,2982500944,export
projectile_damage_+%_max_as_distance_travelled_increases,3711334844,2083727359,export
projectile_damage_+%_per_chain,3035778393,1923210508,export
projectile_damage_+%_per_pierced_enemy,1141614803,883169830,export
projectile_damage_+%_per_power_charge,3877786918,3816512110,export
projectile_damage_taken_+%,1218004446,1425651005,export
projectile_non_chaos_damage_to_add_as_chaos_damage_%_if_chained,2642987706,1698276268,export
projectile_non_chaos_damage_to_add_as_chaos_damage_%_per_chain,1735346924,1924041432,export
projectile_number_to_split,119636533,3464380325,export
projectile_object_collision_behaviour_only_explode,870865346,1732165753,export
projectile_speed_+%_per_20_strength,1898508386,1998937909,export
projectile_speed_+%_per_frenzy_charge,1833891004,3159161267,export
projectile_speed_+1%_per_X_evasion_rating_up_to_75%,2042220254,1382953917,export
projectile_speed_variation_+%_final_with_melee_weapon_attacks,3040402787,1563068812,export
projectile_weakness_curse_effect_+%,4120619057,2789561878,export
projectile_weakness_duration_+%,3341126644,1654191578,export
projectiles_always_pierce_you,589139115,1457679290,export
projectiles_chain_any_number_of_additional_times_at_close_range,3100090805,2940232338,export
projectiles_fork,3372614955,942938211,export
projectiles_from_spells_cannot_pierce,2825176014,3826125995,export
projectiles_pierce_all_nearby_targets,3230293199,1284333657,export
projectiles_pierce_while_phasing,3620846780,2636403786,export
projectiles_pierce_x_additional_targets_while_you_have_phasing,1266214888,97250660,export
protective_link_duration_+%,3583220007,3917923501,export
puncture_damage_+%,3346629339,3496292484,export
puncture_duration_+%,2933830090,3186938438,export
puncture_maim_on_hit_%_chance,4065138141,244125450,export
punishment_curse_effect_+%,1462688969,2844206732,export
punishment_duration_+%,1127665097,1924239636,export
punishment_no_reservation,974263357,2097195894,export
purge_additional_enemy_resistance_%,3873269848,3139672534,export
purge_damage_+%,2413968706,309198891,export
purge_duration_+%,645543990,2412561418,export
purity_of_elements_aura_effect_+%,2349633752,3541970927,export
purity_of_elements_mana_reservation_+%,1906941157,1849664701,export
purity_of_elements_mana_reservation_efficiency_+%,3914359331,3303293173,export+pob
purity_of_elements_mana_reservation_efficiency_-2%_per_1,3914359331,3303293173,export
purity_of_elements_reserves_no_mana,2725697722,1826480903,export
purity_of_fire_aura_effect_+%,2571408463,2539726203,export
purity_of_fire_mana_reservation_+%,722416945,3215042347,export
purity_of_fire_mana_reservation_efficiency_+%,2422012643,3003688066,export+pob
purity_of_fire_mana_reservation_efficiency_-2%_per_1,2422012643,3003688066,export
purity_of_fire_reserves_no_mana,3371872835,2278589942,export
purity_of_ice_aura_effect_+%,2013298919,1944316218,export
purity_of_ice_mana_reservation_+%,2088052348,3192966873,export
purity_of_ice_mana_reservation_efficiency_+%,3719217589,139925400,export+pob
purity_of_ice_mana_reservation_efficiency_-2%_per_1,715913466,2665518524,export
purity_of_ice_reserves_no_mana,95293128,1622979279,export
purity_of_lightning_aura_effect_+%,2335104251,45589825,export
purity_of_lightning_mana_reservation_+%,2957782180,1285430327,export
purity_of_lightning_mana_reservation_efficiency_+%,3559199269,3411256933,export+pob
purity_of_lightning_mana_reservation_efficiency_-2%_per_1,3559199269,3411256933,export
purity_of_lightning_reserves_no_mana,2610173107,2308225900,export
quick_dodge_added_cooldown_count,2812385385,4172171622,export
quick_dodge_travel_distance_+%,2315267484,4147746721,export
quick_guard_additional_physical_damage_reduction_%,2923921148,680880155,export
quicksilver_flasks_apply_to_nearby_allies,3440539227,699756626,export
quiver_mod_effect_+%,972851435,1200678966,export
quiver_projectiles_pierce_2_additional_targets,2528781654,3640956958,export
rage_decay_speed_+%,147609466,3645269560,export
rage_effect_+%,2900045621,2194261591,export
rage_grants_cast_speed_instead,4248651544,1903477793,export
rage_grants_spell_damage_instead,148849251,2933909365,export
rage_grants_spell_damage_instead_at_50%_value,2149183868,3007107372,export
rage_loss_delay_ms,1809335185,2842935061,export
rage_vortex_area_of_effect_+%,1640609769,3988628118,export
rage_vortex_damage_+%,2966478875,3153431030,export
raging_spirit_damage_+%,2732558344,2085855914,export
raging_spirits_always_ignite,3685671236,3954637034,export
raging_spirits_refresh_duration_on_hit_vs_rare_or_unique_%_chance,1992434120,4070754804,export
raging_spirits_refresh_duration_when_they_kill_ignited_enemy,4087160446,2761732967,export
rain_of_arrows_additional_sequence_chance_%,526669459,3505939359,export
rain_of_arrows_attack_speed_+%,1270311446,3825617457,export
rain_of_arrows_damage_+%,4231976467,3432170876,export
rain_of_arrows_radius_+%,1878884447,2205814812,export
raise_spectre_gem_level_+,1954782179,3235814433,export
raise_spectre_mana_cost_+%,3877218729,262301496,export
raise_zombie_does_not_use_corpses,1378302456,16924183,export
raise_zombie_gem_level_+,950560055,2739830820,export
raised_zombies_are_usable_as_corpses_when_alive,2959089451,3951269079,export
raised_zombies_cover_in_ash_on_hit_%,2289037697,613525808,export
raised_zombies_fire_damage_%_of_maximum_life_taken_per_minute,2708582242,3733496041,export
raised_zombies_have_avatar_of_fire,4201563404,1474437010,export
rallying_cry_buff_effect_+%,2579006157,4147277532,export
rallying_cry_duration_+%,2856728689,4199670252,export
rallying_cry_exerts_x_additional_attacks,2757359776,2080441723,export
random_curse_on_hit_%_against_uncursed_enemies,517806999,1726444796,export
random_curse_when_hit_%_ignoring_curse_limit,1191016196,2674214144,export
random_projectile_direction,2651077623,4159765624,export
randomly_cursed_when_totems_die_curse_level,1076485565,2918129907,export
ranged_weapon_physical_damage_+%,359040261,766615564,export
rare_or_unique_monster_dropped_item_rarity_+%,1883797568,2161689853,export
reave_damage_+%,13366374,862824495,export
reave_radius_+%,1289471267,1486490067,export
receive_bleeding_chance_%_when_hit_by_attack,576803349,2155467472,export
recharge_flasks_on_crit,3402978728,1546046884,export+pob
recharge_flasks_on_crit_while_affected_by_precision,2592453739,3772841281,export
reckoning_cooldown_speed_+%,3863773630,804983774,export
reckoning_damage_+%,2750836512,308326229,export
recoup_%_of_damage_taken_by_your_totems_as_life,2727249167,825316273,export
recover_%_life_when_you_chill_a_non_chilled_enemy,940062422,3883840239,export
recover_%_maximum_life_on_enemy_ignited,103148304,3112776239,export
recover_%_maximum_life_on_flask_use,2889900770,3184268466,export
recover_%_maximum_life_on_kill,1794209065,2023107756,export
recover_%_maximum_life_on_killing_enemy_while_you_have_rage,92778775,3305072079,export
recover_%_maximum_life_on_mana_flask_use,3943928604,1926816773,export
recover_%_maximum_life_on_rampage_threshold,1606475339,2737492258,export
recover_%_maximum_mana_on_kill,512031894,1604736568,export
recover_%_maximum_mana_when_enemy_shocked,1398246661,2524029637,export
recover_%_of_maximum_life_on_block,1330744155,2442647190,export
recover_10%_mana_on_skill_use_%_chance_while_affected_by_clarity,3011452990,1699077932,export
recover_10%_of_maximum_mana_on_skill_use_%,1272880012,308309328,export
recover_X_life_on_block,3006720062,1678831767,export
recover_X_life_on_enemy_ignited,990094350,4045269075,export
recover_X_life_on_suppressing_spell,2387560134,1807705940,export
recover_X_mana_on_killing_frozen_enemy,3136224043,3304801725,export
recover_energy_shield_%_on_kill,1430629792,2406605753,export
reduce_enemy_chaos_resistance_%,622542140,4264312960,export
reduce_enemy_chaos_resistance_with_weapons_%,1170310242,2237902788,export
reduce_enemy_cold_resistance_%_while_affected_by_hatred,3962266709,1222888897,export
reduce_enemy_cold_resistance_with_weapons_%,3885032068,1211769158,export
reduce_enemy_elemental_resistance_%,3302868891,2101383955,export
reduce_enemy_elemental_resistance_with_weapons_%,3893508239,1736172673,export
reduce_enemy_fire_resistance_%_vs_blinded_enemies,1445583799,1748657990,export
reduce_enemy_fire_resistance_%_while_affected_by_anger,1154420827,3111519953,export
reduce_enemy_fire_resistance_with_weapons_%,3889492770,1123291426,export
reduce_enemy_lightning_resistance_%_while_affected_by_wrath,4292301166,1077131949,export
reduce_enemy_lightning_resistance_with_weapons_%,3301796772,3301510262,export
reflect_curses,49188235,1731672673,export
reflect_damage_taken_+%,1055599321,3846810663,export
reflect_damage_taken_and_minion_reflect_damage_taken_+%,2926900799,3577248251,export
reflect_shocks,2050580990,3291999509,export
reflect_shocks_to_enemies_in_radius,547627159,615884286,export
refresh_ignite_duration_on_tinctured_weapon_hit_%_chance,3321064628,93054948,pob
regenerate_%_life_over_1_second_when_hit_while_affected_by_vitality,400001915,1366273824,export
regenerate_%_life_over_1_second_when_hit_while_not_unhinged,432266446,2504632495,export
regenerate_%_maximum_energy_shield_over_2_seconds_on_consuming_corpse,374563319,2900084972,export
regenerate_%_maximum_mana_over_2_seconds_on_consuming_corpse,3658771098,3721828090,export
regenerate_1_rage_per_x_life_regeneration,1594398132,4103111421,export
regenerate_X_life_over_1_second_on_cast,3249478403,1955882986,export
regenerate_energy_shield_instead_of_life,1260997558,632761194,export
rejuvenation_totem_%_life_regeneration_added_as_mana_regeneration,1227080490,1803063132,export
rejuvenation_totem_aura_effect_+%,1362893026,1588572574,export
remove_bleed_on_flask_use,978065308,2202201823,export
remove_bleeding_on_warcry,2857693842,3936926420,export
remove_chill_and_freeze_on_flask_use,2976530558,3296873305,export
remove_ignite_and_burning_on_flask_use,3799269183,1162425204,export
remove_random_ailment_on_flask_use_if_all_equipped_items_are_elder,1368485682,2917587077,export
remove_shock_on_flask_use,140609346,561861132,export
replica_unique_hyrris_truth_hatred_mana_reservation_+%_final,3353163877,47734694,export
reservation_efficiency_+%_with_unique_abyss_jewel_socketed,1016286512,2811179011,export
reservation_efficiency_-2%_per_1,2195344177,4202507508,export+pob
reserve_life_instead_of_loss_from_damage_for_x_ms,870814650,1777740627,export
resist_all_%,3616753781,2016723660,export
resist_all_%_for_enemies_you_inflict_spiders_web_upon,2847870952,785655723,export
resist_all_elements_%_per_endurance_charge,282544527,1852896268,export
resist_all_elements_%_with_200_or_more_strength,3394984709,2415398184,export
resolute_technique,2508614955,3943945975,export
restore_energy_shield_and_mana_when_you_focus_%,3603320734,2992263716,export
restore_ward_on_hit_%,2771596562,1925110785,export
retaliation_skill_damage_+%,522932535,1531617714,export
retaliation_skills_become_usable_every_x_ms,2766000279,1631195850,export
retaliation_use_window_duration_+%,3181246879,2547149004,export
righteous_fire_damage_+%,2765923941,3359178310,export
righteous_fire_radius_+%,4073296159,2430635444,export
righteous_fire_spell_damage_+%,4224072216,3316822388,export
riposte_cooldown_speed_+%,161831148,2287986752,export
riposte_damage_+%,2387555501,4071708873,export
rune_blast_teleports_to_detonated_rune_with_150_ms_cooldown,3319269657,242209782,export
sacrifice_%_life_on_spell_skill,1957285094,545408899,export
sacrifice_%_maximum_life_to_gain_as_es_on_spell_cast,2439301959,613752285,export
sacrifice_minion_to_fire_X_additional_arrows,2959182026,151300265,export
sanctify_area_of_effect_+%_when_targeting_consecrated_ground,566622907,1954529734,export
sanctify_consecrated_ground_enemy_damage_taken_+%,130912137,3100629498,export
sanctify_damage_+%,1503623224,944311193,export
scorch_effect_+%,1419519103,344570534,export
scorch_enemies_in_close_range_on_block,2410638139,41178696,export
scorched_earth_ground_scorch_duration_ms,660415666,1558131185,export
scorched_enemies_explode_on_death_for_8%_life_as_fire_degen_chance,1474467669,3717165313,export
scourge_arrow_damage_+%,3791810350,192534517,export
searing_bond_damage_+%,2271264678,2298223148,export
searing_bond_totem_placement_speed_+%,4217891943,708179348,export
searing_totem_elemental_resistance_+%,1781234669,2519689029,export
seismic_cry_exerted_attack_damage_+%,3202613840,3252913608,export
seismic_cry_minimum_power,2378934884,355086768,export
self_bleed_duration_+%,2874203474,1692879867,export
self_chill_duration_-%,1631867717,1874553720,export
self_cold_damage_on_reaching_maximum_power_charges,604833471,3664778308,export
self_critical_strike_multiplier_-%_per_endurance_charge,921275512,2380848911,export
self_curse_duration_+%,715681902,2920970371,export
self_curse_duration_+%_per_10_devotion,922088939,4235333770,export
self_cursed_with_level_x_vulnerability,2258358089,3947740014,export
self_debilitated,1175791140,1989416016,export
self_elemental_status_duration_-%,3978364567,1745952865,export
self_elemental_status_duration_-%_per_10_devotion,275463876,730530528,export
self_fire_damage_on_skill_use,874749555,4076381228,export
self_freeze_duration_-%,2279925014,2160282525,export
self_ignite_duration_-%,3384927813,986397080,export
self_offering_effect_+%,2175970761,2071120096,export
self_physical_damage_on_movement_skill_use,1160473224,2590715472,export
self_physical_damage_on_skill_use_%_mana_cost,1367721504,99487834,export
self_physical_damage_on_skill_use_%_max_life_per_warcry_exerting_action,2564698805,1615324731,export
self_poison_duration_+%,984231131,3301100256,export
self_shock_duration_-%,150347000,99927264,export
self_take_no_extra_damage_from_critical_strikes,4165435776,4294267596,export
self_take_no_extra_damage_from_critical_strikes_if_energy_shield_recharge_started_recently,3953787698,3753680856,export
self_take_no_extra_damage_from_critical_strikes_if_left_ring_is_magic_item,256692111,611839381,export
self_take_no_extra_damage_from_critical_strikes_while_affected_by_elusive,765185610,2953854044,export
sentinel_of_purity_damage_+%,1703322930,650630047,export
shaper_apparition_ability,3514396714,367775264,export
shapers_seed_unique_aura_life_regeneration_rate_per_minute_%,2613562037,3462673103,export
shapers_seed_unique_aura_mana_regeneration_rate_+%,1875266540,778848857,export
shatter_on_kill_vs_bleeding_enemies,643646961,881917501,export
shatter_on_kill_vs_poisoned_enemies,3299468082,3350228283,export
shattering_steel_%_chance_to_not_consume_ammo,634733437,4072657110,export
shattering_steel_damage_+%,1683149727,2313072099,export
shattering_steel_fortify_on_hit_close_range,2705055266,611022108,export
shattering_steel_number_of_additional_projectiles,791459488,2833259811,export
shield_armour_+%,1669549715,1215155013,export
shield_block_%,2421507490,4061558269,export
shield_charge_attack_speed_+%,842247416,648343221,export
shield_charge_damage_+%,2756204936,3490662882,export
shield_charge_damage_per_target_hit_+%,2773238665,3208939528,export
shield_crush_attack_speed_+%,3528605730,1948292587,export
shield_crush_damage_+%,3517687604,1451671945,export
shield_crush_helmet_enchantment_aoe_+%_final,833046295,734712401,export
shield_defences_+%_per_10_devotion,4026126698,2803981661,export
shield_spell_block_%,3608592875,938645499,export
shock_X_nearby_enemies_for_2_s_on_killing_shocked_enemy,541515355,3462132936,export
shock_attackers_for_4_seconds_on_block_%_chance,3354405287,575111651,export
shock_duration_+%,3067915077,3668351662,export
shock_effect_+%,489875771,2527686725,export
shock_effect_+%_while_es_leeching,884327726,3578946428,export
shock_maximum_magnitude_+,1606340069,4264358613,export+pob
shock_maximum_magnitude_is_60%,1606340069,4264358613,export
shock_minimum_damage_taken_increase_%,2147873787,1712740586,export
shock_nearby_enemies_for_x_ms_when_you_focus,1113507873,3031766858,export
shock_nova_damage_+%,4251263215,3948894096,export
shock_nova_radius_+%,237436751,565901339,export
shock_nova_ring_damage_+%,2652696171,3652051346,export
shock_prevention_ms_when_shocked,2423463476,215346464,export
shock_proliferation_radius_is_at_least_15,4029885297,1640259660,export
shock_self_for_x_ms_when_you_focus,2048408817,3181879507,export
shocked_chilled_effect_on_self_+%,3969406581,1984113628,export
shocked_effect_on_self_+%,338710464,3801067695,export
shocked_enemies_explode_for_%_life_as_lightning_damage,3677075096,2706994884,export
shocked_for_4_seconds_on_reaching_maximum_power_charges,3044091509,4256314560,export
shocked_ground_when_hit_%,4232284284,3355479537,export
shocks_reflected_to_self,1587171119,807955413,export
shockwave_slam_attack_speed_+%,907317935,1999307054,export
shockwave_slam_damage_+%,1397008028,4033078288,export
shockwave_slam_radius_+%,1247204470,3316767657,export
shockwave_totem_cast_speed_+%,4143556287,2259906777,export
shockwave_totem_damage_+%,1429768094,2440551805,export
shockwave_totem_radius_+%,3226947411,1153159301,export
should_use_alternate_fortify,873893110,3560157887,export
shrapnel_ballista_num_additional_arrows,4056057071,959534996,export
shrapnel_ballista_num_pierce,1803414777,1494168614,export
shrapnel_ballista_projectile_speed_+%,1776522176,1213017413,export
shrapnel_shot_damage_+%,326092632,2634945088,export
shrapnel_shot_physical_damage_%_to_add_as_lightning_damage,2997198413,1943147282,export
shrapnel_shot_radius_+%,3776572373,354556858,export
shrapnel_trap_area_of_effect_+%,3889204182,1694915226,export
shrapnel_trap_damage_+%,236492959,4207255685,export
shrapnel_trap_number_of_additional_secondary_explosions,842916054,3078026860,export
shrine_buff_effect_on_self_+%,1802855618,1939175721,export
shrine_buff_effect_on_self_+%_per_5%_maximum_life_reserved,2134927898,1674759049,export
shrine_effect_duration_+%,1854179926,1877661946,export
siege_ballista_attack_speed_+%,1095986688,444858149,export
siege_ballista_damage_+%,201168059,840189382,export
siege_ballista_totem_placement_speed_+%,2051364620,2896357741,export
sigil_damage_+%,366489584,1323465399,export
sigil_damage_+%_per_10_devotion,3542761880,2697019412,export
sigil_duration_+%,3568816911,3089482869,export
sigil_target_search_range_+%,2094379398,4223377453,export
silver_footprints_from_item,2494653953,3970396418,export
siphon_duration_+%,2893898487,3698833303,export
skeletal_chains_area_of_effect_+%,701339260,957864706,export
skeletal_chains_cast_speed_+%,69297201,1549594869,export
skeletal_chains_damage_+%,3581328883,1573799461,export
skeleton_attack_speed_+%,3691301786,3413085237,export
skeleton_cast_speed_+%,655499167,2725259389,export
skeleton_duration_+%,4142958209,1331384105,export
skeleton_movement_speed_+%,1001513057,3295031203,export
skeletons_are_permanent_minions,437881645,1021552211,export
skeletons_damage_+%,3664573130,3059357595,export
skill_area_of_effect_+%_if_enemy_killed_recently,3089127454,3481736410,export
skill_area_of_effect_+%_in_sand_stance,1609654535,1647746883,export
skill_area_of_effect_+%_per_power_charge,1356016901,3094501804,export
skill_area_of_effect_when_unarmed_+%,1385632280,2216127021,export
skill_effect_duration_+%,183850661,3377888098,export
skill_effect_duration_+%_per_red_skill_gem,3347325800,1430991954,export
skill_effect_duration_+%_with_non_curse_aura_skills,657712608,4152389562,export
skill_life_cost_+%_final_while_on_low_life,2831535796,3452986510,export
skill_mana_cost_+,4290648813,3736589033,export
skill_mana_cost_+_for_each_equipped_corrupted_item,2516045372,3750572810,export
skill_mana_cost_+_while_affected_by_clarity,3819408855,2445618239,export
skill_mana_cost_+_with_channelling_skills,3396203604,2421446548,export
skill_mana_cost_+_with_non_channelling_skills,875973595,677564538,export
skill_mana_cost_+_with_non_channelling_skills_while_affected_by_clarity,881994672,1853636813,export
skills_cost_no_mana_while_focused,913114833,849152640,export
skills_fire_x_additional_projectiles_for_4_seconds_after_consuming_8_steel_ammo,1017150776,1031404836,export
skills_gain_intensity_every_x_milliseconds_if_gained_intensity_recently,3113792827,2540626225,export
skills_lose_intensity_every_x_milliseconds_if_gained_intensity_recently,1271985566,2122561670,export
skills_that_throw_mines_reserve_life,3485227549,1192252020,export
skip_life_sacrifice_chance_%,1340974747,1761297940,export
skitterbots_mana_reservation_efficiency_-2%_per_1,4238582104,3818053347,export
slam_ancestor_totem_damage_+%,4224157929,78239163,export
slam_ancestor_totem_grant_owner_melee_damage_+%,2649154268,3543257184,export
slam_ancestor_totem_radius_+%,1003730844,3320271130,export
slash_ancestor_totem_damage_+%,3016514009,4166834934,export
slash_ancestor_totem_radius_+%,2269521677,3171507121,export
slither_elusive_effect_+%,3188226205,281958409,export
smite_aura_effect_+%,1286619894,2294732229,export
smite_chance_for_lighting_to_strike_extra_target_%,4195237356,3946561324,export
smite_damage_+%,2361358810,3901016205,export
smoke_mine_base_movement_velocity_+%,775499033,3564777492,export
smoke_mine_duration_+%,3237578503,3719728947,export
snapping_adder_%_chance_to_retain_projectile_on_release,3003219747,2563177940,export
snapping_adder_damage_+%,399241668,1404787106,export
snapping_adder_withered_on_hit_for_2_seconds_%_chance,970409213,2157671820,export
snipe_attack_speed_+%,254803964,2513745555,export
soul_eater_maximum_stacks,2559982602,3153125103,export
soul_eater_maximum_stacks_+,3597228057,1915836277,export
soul_link_duration_+%,269231055,3975033889,export
soulcord_have_acceleration_shrine_effect_if_affected_by_no_flasks,1141192959,845062586,export
soulcord_have_brutal_shrine_effect_if_affected_by_no_flasks,20891876,1665800734,export
soulcord_have_chilling_shrine_effect_if_affected_by_no_flasks,3110310513,3677336814,export
soulcord_have_diamond_shrine_effect_if_affected_by_no_flasks,1909780579,1962944794,export
soulcord_have_echoing_shrine_effect_if_affected_by_no_flasks,1356339129,1941745370,export
soulcord_have_gloom_shrine_effect_if_affected_by_no_flasks,230508579,1525347447,export
soulcord_have_impenetrable_shrine_effect_if_affected_by_no_flasks,155988869,1451444229,export
soulcord_have_massive_shrine_effect_if_affected_by_no_flasks,3373746823,3810260531,export
soulcord_have_replenishing_shrine_effect_if_affected_by_no_flasks,818066581,2752009372,export
soulcord_have_resistance_shrine_effect_if_affected_by_no_flasks,3497257841,3934633832,export
soulcord_have_resonating_shrine_effect_if_affected_by_no_flasks,3944474008,736980450,export
soulcord_have_shocking_shrine_effect_if_affected_by_no_flasks,1834714564,1838429243,export
soulcord_have_skeleton_shrine_effect_if_affected_by_no_flasks,1378498392,3878995435,export
soulrend_applies_hinder_movement_speed_+%,2861834056,303359279,export
soulrend_damage_+%,1156597425,4117042530,export
soulrend_number_of_additional_projectiles,3458097192,3371533847,export
spark_damage_+%,670464211,1208019382,export
spark_num_of_additional_projectiles,4067285362,186513618,export
spark_projectile_speed_+%,1666436661,103922739,export
spark_projectiles_nova,1162818849,3803013948,export
spark_skill_effect_duration_+%,1564790257,3420284170,export
spectral_helix_damage_+%,16866350,183131376,export
spectral_helix_projectile_speed_+%,3122269490,1952647315,export
spectral_helix_rotations_%,4221165490,4175166318,export
spectral_shield_throw_damage_+%,1125833520,1891516164,export
spectral_shield_throw_num_of_additional_projectiles,2887324778,3608981617,export
spectral_shield_throw_projectile_speed_+%,3350794850,1561141582,export
spectral_throw_damage_+%,1016418084,3755794090,export
spectral_throw_projectile_deceleration_+%,1962575981,444686294,export
spectral_throw_projectile_speed_+%,2053400789,1062615953,export
spectre_attack_and_cast_speed_+%,4158575077,4137556603,export
spectre_damage_+%,569941673,3645693773,export
spectre_elemental_resistances_%,1980117033,27640220,export
spectre_maximum_life_+,3937129343,3111456397,export
spectres_additional_base_critical_strike_chance,250733707,2341487846,export
spectres_base_maximum_all_resistances_%,2493658282,2472962676,export
spectres_base_skill_area_of_effect_+%,3145138231,3724637507,export
spectres_critical_strike_chance_+%,1833184,1862097882,export
spectres_gain_arcane_surge_when_you_do,1405476866,3462113315,export
spectres_have_base_duration_ms,2606622580,1210937073,export
spectres_number_of_additional_projectiles,2646544375,1275218140,export
spell_additional_critical_strike_chance_permyriad,2325581491,791835907,export
spell_additional_critical_strike_chance_permyriad_if_4_shaper_items,2378730436,4216579611,export
spell_area_of_effect_+%,3485244151,1967040409,export
spell_block_%_if_blocked_a_spell_recently,4217506406,4263513561,export
spell_block_%_if_blocked_an_attack_recently,3927582795,1214153650,export
spell_block_%_while_on_low_life,2105660555,2253286128,export
spell_block_chance_%_per_50_strength,3797852488,1114429046,export
spell_block_is_maximum_if_not_blocked_recently,2479432138,1817677817,export
spell_block_while_dual_wielding_%,2363734143,138741818,export
spell_block_with_staff_%,2795043445,2120297997,export
spell_chance_to_deal_double_damage_%,3563979316,2813626504,export
spell_chance_to_shock_frozen_enemies_%,1253333719,288651645,export
spell_critical_strike_chance_+%,2387850488,737908626,export
spell_critical_strike_chance_+%_if_removed_maximum_number_of_seals,2909877594,2897207025,export
spell_critical_strike_chance_+%_per_100_max_life,1124370114,3775574601,export
spell_critical_strike_chance_+%_per_raised_spectre,3456494893,495095219,export
spell_critical_strike_chance_+%_while_dual_wielding,1952708767,1218939541,export
spell_critical_strike_chance_+%_while_holding_shield,831897848,952509814,export
spell_critical_strike_chance_+%_while_wielding_staff,1818406872,140429540,export
spell_critical_strike_multiplier_+_while_dual_wielding,2784038315,2349237916,export
spell_critical_strike_multiplier_+_while_holding_shield,3324058610,2311200892,export
spell_critical_strike_multiplier_+_while_wielding_staff,2777406637,3629080637,export
spell_damage_%_suppressed_if_not_suppressed_spell_recently,330583323,1409317489,export
spell_damage_%_suppressed_while_on_full_energy_shield,3785124630,1493325653,export
spell_damage_+%,78851980,2974417149,export
spell_damage_+%_during_flask_effect,1115916264,2080171093,export
spell_damage_+%_if_have_crit_in_past_8_seconds,2064445306,467806158,export
spell_damage_+%_if_have_crit_recently,585132223,1550015622,export
spell_damage_+%_if_other_ring_is_elder_item,3025978494,2921373173,export
spell_damage_+%_per_100_max_life,816837348,3491815140,export
spell_damage_+%_per_10_int,1533128742,2818518881,export
spell_damage_+%_per_10_strength,2675084499,1073314277,export
spell_damage_+%_per_16_dex,3827243597,2612056840,export
spell_damage_+%_per_16_int,1663178101,3961014595,export
spell_damage_+%_per_16_strength,3102263514,4249521944,export
spell_damage_+%_per_200_mana_spent_recently,1162220480,347220474,export
spell_damage_+%_per_5%_block_chance,1073169265,2449668043,export
spell_damage_+%_per_500_maximum_mana,573994454,3555662994,export
spell_damage_+%_per_power_charge,2526275461,827329571,export
spell_damage_+%_while_dual_wielding,886096780,1678690824,export
spell_damage_+%_while_holding_shield,3267122450,1766142294,export
spell_damage_+%_while_no_mana_reserved,3840596605,3779823630,export
spell_damage_taken_+%_from_blinded_enemies,2674374417,1165847826,export
spell_damage_taken_+%_when_on_low_mana,4126999654,3557561376,export
spell_hits_against_you_inflict_poison_%,3077415941,2043747322,export
spell_impale_on_crit_%_chance,2770356213,4084476257,export
spell_skill_gem_level_+,2384191944,124131830,export
spell_skills_always_crit_on_final_repeat,945288836,3738009328,export
spell_skills_critical_strike_chance_+%_on_final_repeat,2725296948,1090897989,export
spell_skills_deal_no_damage,2419460077,291644318,export
spell_skills_never_crit_except_on_final_repeat,1106746268,2516869940,export
spell_staff_damage_+%,1627525224,3496944181,export
spell_suppression_chance_%_if_suppressed_spell_recently,4224516661,3273678959,export
spell_suppression_chance_%_if_taken_spell_damage_recently,2069051250,1503864797,export
spell_suppression_chance_%_per_endurance_charge,2054611179,161741084,export
spell_suppression_chance_%_per_fortification,1094558720,2731261141,export
spell_suppression_chance_%_per_frenzy_charge,400872818,482967934,export
spell_suppression_chance_%_per_power_charge,563710555,1309947938,export
spell_suppression_chance_%_while_affected_by_grace,1280005760,4071658793,export
spell_suppression_chance_%_while_affected_by_haste,2234056533,2170859717,export
spell_suppression_chance_%_while_channelling,1835482077,4108186648,export
spell_suppression_chance_%_while_moving,3141613466,2907896585,export
spell_suppression_chance_%_while_off_hand_empty,2462055161,2076926581,export
spell_suppression_chance_modifiers_apply_to_avoid_all_elemental_ailments_at_%_value,992974656,2401345409,export
spell_suppression_chance_modifiers_apply_to_chance_to_double_armour_effect_on_hit_at_%_value,104244372,860891010,export
spells_chance_to_blind_on_hit_%,1460084385,1012291104,export
spells_chance_to_hinder_on_hit_%,2692938940,3002506763,export
spells_corrosion_on_hit_%,3023180079,1960314688,export
spells_have_culling_strike,1083166598,3238189103,export
spells_impale_on_hit_%_chance,4184145543,3094222195,export
spells_inflict_intimidate_on_crit,3138962542,181229988,export
spells_number_of_additional_projectiles,2283341867,1011373762,export
spells_you_cast_gain_%_of_base_main_hand_weapon_damage_as_added_spell_damage,2414969139,3362832740,export
spellslinger_cooldown_duration_+%,665550256,465162370,export
spellslinger_mana_reservation_+%,3715079035,2561956001,export
spellslinger_mana_reservation_efficiency_+%,619477927,3305838454,export+pob
spellslinger_mana_reservation_efficiency_-2%_per_1,619477927,3305838454,export
spider_aspect_debuff_duration_+%,1542416198,332854027,export
spider_aspect_skill_area_of_effect_+%,1866299949,3686780108,export
spider_aspect_web_interval_ms_override,3131653126,3832130495,export
spirit_offering_critical_strike_multiplier_+,1364997842,1793005352,export
spirit_offering_duration_+%,168507599,1063173946,export
spirit_offering_effect_+%,692527300,3544391750,export
spirit_offering_physical_damage_%_to_add_as_chaos,1399117044,3229261553,export
split_arrow_critical_strike_chance_+%,2654844192,1028884162,export
split_arrow_damage_+%,1737586601,2555469486,export
split_arrow_num_of_additional_projectiles,2215355679,2278715446,export
splitting_steel_area_of_effect_+%,2620260257,1977935782,export
splitting_steel_damage_+%,86442948,866725377,export
spread_poison_to_nearby_enemies_on_kill,1844429645,3559020159,export
staff_accuracy_rating_+%,1527831504,1617235962,export
staff_attack_speed_+%,3775850110,1394963553,export
staff_block_%,2932853319,1001829678,export
staff_critical_strike_multiplier_+,3144520995,1474913037,export
staff_damage_+%,3312874845,4087089130,export
static_strike_additional_number_of_beam_targets,44957312,2537202749,export
static_strike_damage_+%,3773067829,551375258,export
static_strike_duration_+%,3894448402,2906742892,export
static_strike_radius_+%,3862930343,2685860927,export
status_ailments_you_inflict_duration_+%_while_focused,309563700,1840751341,export
steel_ammo_consumed_per_use_with_attacks_that_fire_projectiles,704565026,591162856,export
steel_steal_area_of_effect_+%,2160052412,2067717830,export
steel_steal_cast_speed_+%,3983929675,109671187,export
steel_steal_reflect_damage_+%,3363603877,2879593163,export
steelskin_damage_limit_+%,3501635325,4102483123,export
stone_golem_damage_+%,2337832885,1171483499,export
stone_golem_elemental_resistances_%,329894637,1601558321,export
storm_blade_has_local_attack_speed_+%,3664672162,1217516474,export
storm_blade_has_local_lightning_penetration_%,2657202664,1501151168,export
storm_brand_additional_chain_chance_%,129214923,1510381560,export
storm_brand_attached_target_lightning_penetration_%,2236209565,3318254108,export
storm_brand_damage_+%,1556055804,531461618,export
storm_burst_15_%_chance_to_create_additional_orb,1352988367,339673147,export
storm_burst_additional_object_chance_%,1483492295,1898356067,export
storm_burst_area_of_effect_+%,2307892306,3961497709,export
storm_burst_avoid_interruption_while_casting_%,2706454205,884220218,export
storm_burst_damage_+%,3708043072,2948719994,export
storm_call_damage_+%,1343225333,3359777583,export
storm_call_duration_+%,1293179735,1843506018,export
storm_call_radius_+%,1172046686,2070247068,export
storm_cloud_critical_strike_chance_+%,1690668704,168538372,export
storm_cloud_radius_+%,1674891819,2875508213,export
storm_rain_damage_+%,3932002451,1463790510,export
storm_rain_num_additional_arrows,393502346,3548112418,export
stormbind_skill_area_of_effect_+%,3052217572,3823033989,export
stormbind_skill_damage_+%,1046023399,1235531589,export
strength_+%,806221670,734614379,export
strength_+%_if_2_warlord_items,454872902,2003094183,export
strength_applies_to_fish_reel_speed_at_20%_value,317810722,4039414411,export
strength_damage_bonus_grants_melee_physical_damage_+3%_per_10_strength_instead,3681439935,1531241759,export
strength_skill_gem_level_+,2891065456,2339012908,export
strike_skills_fortify_on_hit,2107301784,3049891689,export
strike_skills_knockback_on_melee_hit,1112907722,1737583880,export
strong_casting,2574185396,4092697134,export
stun_duration_+%_with_tinctured_weapons,3082000304,2791825817,pob
stun_duration_on_self_+%,1152510981,1067429236,export
stun_threshold_+%,1344955616,680068163,export
stun_threshold_based_on_%_mana_instead_of_life,2040188850,2280488002,export
stun_threshold_based_on_energy_shield_instead_of_life,829703626,2562665460,export
stun_threshold_increased_by_overcapped_fire_resistance,3281622976,2898944747,export
stun_threshold_reduction_+%_while_using_flask,3039967981,4228951304,export
summon_arbalist_attack_speed_+%,2634081474,4054463312,export
summon_arbalist_chains_+,2767607385,3010688059,export
summon_arbalist_chance_to_bleed_%,2478694286,1841503755,export
summon_arbalist_chance_to_crush_on_hit_%,2322344450,1658936540,export
summon_arbalist_chance_to_deal_double_damage_%,299776724,3057722139,export
summon_arbalist_chance_to_freeze_%,2000405409,2052458107,export
summon_arbalist_chance_to_ignite_%,3980642544,831284309,export
summon_arbalist_chance_to_ignite_freeze_shock_%,3696143442,357325557,export
summon_arbalist_chance_to_inflict_cold_exposure_on_hit_%,1824957790,157070900,export
summon_arbalist_chance_to_inflict_fire_exposure_on_hit_%,1767170218,3327243369,export
summon_arbalist_chance_to_inflict_lightning_exposure_on_hit_%,374501452,223656429,export
summon_arbalist_chance_to_intimidate_for_4_seconds_on_hit_%,642012743,3964074505,export
summon_arbalist_chance_to_maim_for_4_seconds_on_hit_%,2431646048,3652224635,export
summon_arbalist_chance_to_poison_%,1632804604,2894626576,export
summon_arbalist_chance_to_shock_%,1734513077,2144847042,export
summon_arbalist_chance_to_unnerve_for_4_seconds_on_hit_%,2740120123,3976916585,export
summon_arbalist_number_of_additional_projectiles,2443914670,2087104263,export
summon_arbalist_number_of_splits,1024293586,1857935842,export
summon_arbalist_physical_damage_%_to_add_as_cold,4192943386,655918588,export
summon_arbalist_physical_damage_%_to_add_as_fire,4255588073,1477474340,export
summon_arbalist_physical_damage_%_to_add_as_lightning,529533006,2631827343,export
summon_arbalist_physical_damage_%_to_convert_to_cold,1127943217,1094808741,export
summon_arbalist_physical_damage_%_to_convert_to_fire,3223375455,2954406821,export
summon_arbalist_physical_damage_%_to_convert_to_lightning,3300901244,2934219859,export
summon_arbalist_projectiles_fork,3117553349,2461270975,export
summon_arbalist_targets_to_pierce,2165881437,3741465646,export
summon_fire_skitterbot,2620968656,3402861859,export
summon_raging_spirit_melee_splash_fire_damage_only,1847415056,221328679,export
summon_reaper_cooldown_speed_+%,440349062,82475304,export
summon_skeletons_additional_warrior_skeleton_one_twentieth_chance,4070569767,1040958896,export
summon_skeletons_cooldown_modifier_ms,2727474122,3013430129,export
summon_skeletons_num_additional_warrior_skeletons,4206572925,1589090910,export
summon_skitterbots_area_of_effect_+%,260039028,2844839137,export
summon_skitterbots_mana_reservation_+%,1274225743,3798244977,export
summon_totem_cast_speed_+%,3824376908,3374165039,export
summoned_phantasms_grant_buff,2109641582,943553365,export
summoned_raging_spirit_chance_to_spawn_additional_minion_%,1731154973,1381908541,export
summoned_raging_spirit_duration_+%,1042197908,38715141,export
summoned_reaper_damage_+%,1727398239,2516903912,export
summoned_reaper_physical_dot_multiplier_+,151774426,1975621585,export
summoned_skeleton_warriors_get_weapon_stats_in_main_hand,2062150702,2646007123,export
summoned_skeletons_cover_in_ash_on_hit_%,1099414112,3074608753,export
summoned_skeletons_fire_damage_%_of_maximum_life_taken_per_minute,1322223377,2912438397,export
summoned_skeletons_have_avatar_of_fire,986189644,1958210928,export
summoned_skitterbots_auras_also_affect_you,3149044806,2483115633,export
summoned_skitterbots_non_damaging_ailment_effect_+%,3627100937,1268010771,export
sunder_wave_delay_+%,427358581,40032620,export
support_anticipation_charge_gain_frequency_+%,993994914,1504513372,export
support_gems_socketed_in_amulet_also_support_body_skills,422482454,591645420,export
support_gems_socketed_in_off_hand_also_support_main_hand_skills,3440149344,806627038,export
suppressed_spell_damage_bypass_energy_shield_%,431206720,247456045,export
suppressed_spell_damage_taken_%_recouped_as_es,643647470,1993646143,export
sweep_add_endurance_charge_on_hit_%,1353379614,609916976,export
sweep_damage_+%,744267410,253870897,export
sweep_knockback_chance_%,3721251347,4118537428,export
sweep_radius_+%,1334356061,4202548383,export
sword_accuracy_rating_+%,814552329,2090868905,export
sword_attack_speed_+%,1781295952,3293699237,export
sword_critical_strike_multiplier_+,107476939,3114492047,export
sword_damage_+%,2756650917,83050999,export
sword_physical_damage_%_to_add_as_fire,3532488444,754005431,export
tailwind_effect_on_self_+%,760687066,2172944497,export
tailwind_if_have_crit_recently,1107292591,1085545682,export
take_20%_less_area_damage_from_hits_%_chance_per_2%_overcapped_cold_resistance,299434873,1469603435,export
take_X_lightning_damage_when_herald_of_thunder_hits_an_enemy,902029651,2007062029,export
take_half_area_damage_from_hit_%_chance,4268806869,4253777805,export
take_no_extra_damage_from_critical_strikes_if_cast_enfeeble_in_past_10_seconds,4106384783,4077357269,export
take_no_fire_damage_over_time_if_stopped_taking_fire_damage_over_time_recently,1363409375,2738190959,export
talisman_implicit_projectiles_pierce_1_additional_target_per_10,1387367751,2902845638,export+pob
targets_are_unaffected_by_your_hexes,3841007130,2325471503,export
taunt_duration_+%,3362993647,3651611160,export
taunted_enemies_by_warcry_damage_taken_+%,3528926995,3610197448,export
taunted_enemies_damage_taken_+%,4254311375,1282219780,export
tectonic_slam_%_chance_to_do_charged_slam,161705340,3214665792,export
tectonic_slam_1%_chance_to_do_charged_slam_per_2_stat_value,1924670751,2020183023,export
tectonic_slam_area_of_effect_+%,477820941,340193547,export
tectonic_slam_damage_+%,145552631,3999206457,export
tectonic_slam_side_crack_additional_chance_1%_per_2_stat_value,2400543163,2462686988,export
tempest_shield_buff_effect_+%,2692113561,2662416009,export
tempest_shield_damage_+%,2714322421,2121581717,export
tempest_shield_num_of_additional_projectiles_in_chain,4274630654,3096183736,export
temporal_chains_curse_effect_+%,3104404419,1662974426,export
temporal_chains_duration_+%,1267608444,888039248,export
temporal_chains_effeciveness_+%,474434768,1152934561,export
temporal_chains_mana_reservation_+%,3430417451,3779771090,export
temporal_chains_no_reservation,211797798,2100165275,export
temporal_rift_cooldown_speed_+%,3832646126,3614009195,export
thaumaturgy_rotation_active,3680389986,2918150296,export
throw_X_additional_traps_if_dual_wielding,1796632842,2130824945,export
tinctured_weapon_cover_in_ash_on_hit_for_X_seconds_vs_full_life_enemies,3890135464,2428064388,pob
tinctured_weapon_damage_+%_vs_enemies_that_are_on_low_life,3413680257,259714394,pob
tornado_damage_+%,4006464414,2681941384,export
tornado_movement_speed_+%,3667647549,3713499406,export
tornado_shot_critical_strike_chance_+%,3501744857,1815368527,export
tornado_shot_damage_+%,3684720094,3555919553,export
tornado_skill_area_of_effect_+%,1432081421,1866415366,export
total_recovery_per_minute_from_life_leech_is_doubled,2323166610,1277035917,export
totem_%_maximum_life_inflicted_as_aoe_fire_damage_when_hit,3380227633,1723061251,export
totem_additional_physical_damage_reduction_%,2519317206,3616562963,export
totem_damage_+%,3366363247,3851254963,export
totem_damage_+%_per_10_devotion,3622742690,2566390555,export
totem_damage_leeched_as_life_to_you_permyriad,1970853204,3812562802,export
totem_duration_+%,871295963,2357996603,export
totem_elemental_resistance_%,691603917,1809006367,export
totem_life_+%,1320174630,686254215,export
totem_life_increased_by_overcapped_fire_resistance,2437553174,284063465,export
totem_movement_speed_+%,4063532631,1778855371,export
totem_number_of_additional_projectiles,888155143,736847554,export
totem_skill_area_of_effect_+%,4204868104,869436347,export
totems_cannot_be_stunned,1045588504,335735137,export
totems_taunt_enemies_around_them_for_x_seconds_when_summoned,177916424,2076876595,export
toxic_rain_damage_+%,3996047320,865511246,export
toxic_rain_num_of_additional_projectiles,3071680339,2140127102,export
toxic_rain_physical_damage_%_to_add_as_chaos,607777844,1798919988,export
transfer_hexes_to_X_nearby_enemies_on_kill,2287164429,986616727,export
trap_%_chance_to_trigger_twice,2590369546,1087710344,export
trap_and_mine_area_of_effect_+%,3192196063,1372249491,export
trap_and_mine_throwing_speed_+%,1039748062,464535071,export
trap_critical_strike_chance_+%,757832133,1192661666,export
trap_critical_strike_multiplier_+,1446777033,1780168381,export
trap_damage_+%,3359137464,2941585404,export
trap_duration_+%,1253436669,2001530951,export
trap_mine_skill_num_of_additional_chains,1442913638,2999750998,export
trap_skill_added_cooldown_count,1638980098,4001105802,export
trap_skill_area_of_effect_+%,3666710818,4050593908,export
trap_skill_effect_duration_+%,3469341681,2546859843,export
trap_throw_skills_have_blood_magic,1339422530,2420786978,export
trap_throwing_speed_+%,3767675802,118398748,export
trap_trigger_radius_+%,3600132497,497716276,export
traps_and_mines_%_chance_to_poison,2209713286,3192135716,export
traps_cannot_be_triggered_by_enemies,2762220883,1861759600,export
travel_skill_cooldown_speed_+%,2993915923,2308278768,export
travel_skills_cannot_be_exerted,1747299721,2174134106,export
travel_skills_cooldown_speed_+%_per_frenzy_charge,809367363,3083201633,export
travel_skills_crit_every_X_uses,321418390,335741860,export
travel_skills_poison_reflected_to_self_up_to_5_poisons,2673479994,130616495,export
treat_enemy_resistances_as_negated_on_elemental_damage_hit_%_chance,1304478036,3593401321,export
trigger_socketed_bow_skills_on_spell_cast_while_wielding_a_bow_%,3609655688,1378815167,export
trigger_socketed_spell_on_attack_%,1743152641,209056835,export
trigger_socketed_spell_on_skill_use_%,956300105,3079007202,export
trigger_socketed_spells_when_you_focus_%,3759133432,2062792091,export
trigger_socketed_warcry_when_endurance_charge_expires_or_consumed_%_chance,3371665573,1112135314,export
triggered_spell_spell_damage_+%,280834171,3067892458,export
triggered_spells_all_damage_can_poison,1238182431,373509484,export
triggered_spells_poison_on_hit,941917888,3484434547,export
two_handed_melee_attack_speed_+%,1092730748,1917910910,export
two_handed_melee_critical_strike_chance_+%,2682965666,764295120,export
two_handed_melee_critical_strike_multiplier_+,1095722958,252507949,export
two_handed_melee_physical_damage_+%,2947492087,2056783069,export
unaffected_by_bleed_if_cast_vulnerability_in_past_10_seconds,2482477814,971937289,export
unaffected_by_bleeding_while_affected_by_malevolence,574523857,4104891138,export
unaffected_by_bleeding_while_leeching,2815102773,2291122510,export
unaffected_by_blind,1255399977,4193902224,export
unaffected_by_burning_ground,3333227775,1643688236,export
unaffected_by_burning_ground_while_affected_by_purity_of_fire,508253736,3308185931,export
unaffected_by_chill,2063078313,937372143,export
unaffected_by_chill_if_2_redeemer_items,3145323566,3910756536,export
unaffected_by_chill_while_mana_leeching,2051604644,4014328139,export
unaffected_by_chilled_ground,1024673162,3653191834,export
unaffected_by_chilled_ground_while_affected_by_purity_of_ice,4242118876,2647344903,export
unaffected_by_conductivity_while_affected_by_purity_of_lightning,756889794,1567542124,export
unaffected_by_curses,1934196471,3809896400,export
unaffected_by_curses_while_affected_by_zealotry,4224296397,3403419549,export
unaffected_by_damaging_ailments,657267744,1575046591,export
unaffected_by_desecrated_ground,3165134726,4004298002,export
unaffected_by_elemental_weakness_while_affected_by_purity_of_elements,892996293,3223142064,export
unaffected_by_enfeeble_while_affected_by_grace,4275438829,2365917222,export
unaffected_by_flammability_while_affected_by_purity_of_fire,3371231514,1173690938,export
unaffected_by_freeze_if_cast_frostbite_in_past_10_seconds,2445842142,4194606073,export
unaffected_by_frostbite_while_affected_by_purity_of_ice,1642718760,4012281889,export
unaffected_by_ignite,234504126,2635869389,export
unaffected_by_ignite_and_shock_while_max_life_mana_within_500,2419184971,2716882575,export
unaffected_by_ignite_if_2_warlord_items,496117127,621302497,export
unaffected_by_ignite_if_cast_flammability_in_past_10_seconds,4180024284,40907696,export
unaffected_by_poison_while_affected_by_malevolence,891312080,34059570,export
unaffected_by_shock,819028733,1473289174,export
unaffected_by_shock_if_2_crusader_items,4158571407,1060931694,export
unaffected_by_shock_if_cast_conductivity_in_past_10_seconds,3404657733,2517037025,export
unaffected_by_shock_while_channelling,1124885708,2967697688,export
unaffected_by_shock_while_es_leeching,3780447653,4102393882,export
unaffected_by_shocked_ground,1604355094,2234049899,export
unaffected_by_shocked_ground_while_affected_by_purity_of_lightning,4161017962,2567659895,export
unaffected_by_temporal_chains,2531860289,4212372504,export
unaffected_by_temporal_chains_while_affected_by_haste,1937626476,2806391472,export
unaffected_by_vulnerability_while_affected_by_determination,3435796820,3207781478,export
unarmed_melee_attack_critical_strike_multiplier_+,4156823299,468580269,export
unearth_additional_corpse_level,3130902086,586167247,export
unholy_might_while_you_have_no_energy_shield,74315237,2353201291,export
unique_add_power_charge_on_melee_knockback_%,1633480124,2179619644,export
unique_attacks_fire_X_additional_projectiles_while_in_off_hand,2137381469,4209631466,export
unique_attacks_have_area_+%_while_in_main_hand,1813461837,421841616,export
unique_body_armour_unarmed_melee_attack_speed_+%_final,2211187850,906039557,export
unique_boots_all_damage_inflicts_poison_against_enemies_with_at_least_x_grasping_vines,1518815076,3190526553,export
unique_bow_arborix_close_range_bow_damage_+%_final_while_have_iron_reflexes,2133162733,304032021,export
unique_chill_duration_+%_when_in_off_hand,2554010217,4199402748,export
unique_chin_sol_close_range_bow_damage_+%_final,391740974,2749166636,export
unique_chin_sol_close_range_knockback,1613013469,3261557635,export
unique_cold_damage_can_also_ignite,4101749217,3573591118,export+pob
unique_cold_damage_ignites,3641475238,1261612903,export
unique_cold_damage_resistance_%_when_green_gem_socketed,353651490,1064331314,export
unique_critical_strike_chance_+%_final,3045708555,4181057577,export
unique_facebreaker_unarmed_melee_physical_damage_+%_final,2378301671,1814782245,export
unique_fire_damage_resistance_%_when_red_gem_socketed,3738240925,3051845758,export
unique_fire_damage_shocks,1406015025,2949096603,export
unique_foulborn_chin_sol_not_close_range_bow_damage_+%_final,3909928241,402730593,export
unique_gain_onslaught_when_hit_duration_ms,3797387593,2764164760,export
unique_gain_onslaught_when_hit_duration_ms_per_endurance_charge,1594078803,3714207489,export
unique_gain_power_charge_on_non_crit,4240791890,1592029809,export
unique_helmet_cast_speed_+%_applies_to_attack_speed_at_%_of_original_value,3034436553,4126447694,export
unique_helmet_damage_+%_final_per_warcry_exerting_action,4233660293,2023285759,export
unique_ignite_chance_%_when_in_main_hand,2840889461,2919089822,export
unique_jewel_flask_charges_gained_+%_final_from_kills,1021948620,3790386828,export+pob
unique_jewel_grants_notable_hash_part_1,2849875181,1190333629,pob
unique_jewel_grants_notable_hash_part_2,192579001,2460506030,pob
unique_jewel_reserved_blood_maximum_life_+%_final,3335448990,2783958145,export
unique_lightning_damage_freezes,1819663085,1011772129,export
unique_lightning_damage_resistance_%_when_blue_gem_socketed,2211297660,289814996,export
unique_lose_all_endurance_charges_when_hit,4094159745,2994477068,export
unique_lose_all_power_charges_on_crit,3514491184,2735889191,export
unique_mine_damage_+%_final,3260932403,3298440988,export
unique_monster_dropped_item_rarity_+%,3697892811,121185030,export
unique_nearby_allies_recover_permyriad_max_life_on_death,97572479,3484267929,export
unique_primordial_tether_golem_damage_+%_final,3238533887,2861397339,export
unique_primordial_tether_golem_life_+%_final,3696706907,3730242558,export
unique_quill_rain_damage_+%_final,718781001,412462523,export
unique_quiver_chill_as_though_damage_+%_final,1948137330,2223307291,export
unique_recover_%_maximum_life_on_x_altenator,2150040096,3938394827,export
unique_replica_volkuurs_guidance_ignite_duration_+%_final,3782411875,2614885550,export
unique_ryuslathas_clutches_maximum_physical_attack_damage_+%_final,2719889955,3029185248,export
unique_ryuslathas_clutches_minimum_physical_attack_damage_+%_final,1934825628,1715495976,export
unique_soulless_elegance_energy_shield_recharge_rate_+%_final,273124407,3432301333,export
unique_spell_block_%_when_in_off_hand,760646948,2040964235,export
unique_spread_poison_to_nearby_enemies_on_kill,2256392690,456916387,export
unique_sunblast_throw_traps_in_circle_radius,3108805658,2727188901,export
unique_volkuurs_clutch_poison_duration_+%_final,3852820470,1237693206,export
unique_voltaxic_rift_shock_as_though_damage_+%_final,1534415548,2206792089,export
unique_voltaxic_rift_shock_maximum_magnitude_override,2944666810,4007740198,export
unveiled_mod_effect_+%,4209336048,586037801,export
utility_flask_charges_recovered_per_3_seconds,4222477725,2567919918,export
vaal_attack_rage_cost_instead_of_souls_per_use,1836908357,1103075489,export
vaal_skill_critical_strike_chance_+%,4017007154,3165492062,export
vaal_skill_damage_+%,2861814930,2257141320,export
vaal_skill_effect_duration_+%,4194434478,547412107,export
vaal_skill_gem_level_+,1841712970,4180346416,export
vaal_skill_soul_gain_preventation_duration_+%,82201772,1980613100,export
vaal_skill_soul_refund_chance_%,3599580965,2833218772,export
vampiric_link_duration_+%,241905739,1238426677,export
vengeance_cooldown_speed_+%,255660103,1447427508,export
vengeance_damage_+%,520503797,1972101281,export
vigilant_strike_damage_+%,1028935127,2287764959,export
vigilant_strike_fortify_duration_+%,3968142404,2275055843,export
viper_strike_critical_strike_chance_+%,357067701,3734756042,export
viper_strike_damage_+%,1312300010,2585271359,export
viper_strike_poison_duration_+%,3574300339,3869217625,export
virulent_arrow_additional_spores_at_max_stages,1826657183,1044970549,export
virulent_arrow_chance_to_poison_%_per_stage,876830401,2257652056,export
vitality_mana_reservation_+%,98369741,1122074043,export
vitality_mana_reservation_efficiency_+%,2508023397,3972739758,export+pob
vitality_mana_reservation_efficiency_-2%_per_1,2508023397,3972739758,export
vitality_reserves_no_mana,2249712339,438083873,export
void_sphere_cooldown_speed_+%,3201915137,2690342765,export
volatile_dead_base_number_of_corpses_to_consume,1258797978,3034788766,export
volatile_dead_cast_speed_+%,3332538490,3179781611,export
volatile_dead_consume_additional_corpse,905898914,4006050359,export
volatile_dead_damage_+%,3303055224,1212590278,export
volcanic_fissure_damage_+%,26380116,1124690737,export
volcanic_fissure_number_of_additional_projectiles,2709744584,1460853241,export
volcanic_fissure_speed_+%,3722115268,373677479,export
voltaxic_burst_damage_+%,4252191493,2913890852,export
voltaxic_burst_damage_+%_per_100ms_duration,277496261,3472104870,export
voltaxic_burst_skill_area_of_effect_+%,1993440472,2982851186,export
vortex_area_of_effect_+%_when_cast_on_frostbolt,2879297206,2295263113,export
vulnerability_curse_effect_+%,264707685,1065909420,export
vulnerability_duration_+%,3047397510,3229878341,export
vulnerability_mana_reservation_+%,3594603649,1798031916,export
vulnerability_no_reservation,621575776,531868030,export
wake_of_destruction_ground_lightning_duration_ms,2070949240,3002060175,export
wand_accuracy_rating_+%,362619878,2150183156,export
wand_attack_speed_+%,2736065081,3720627346,export
wand_critical_strike_multiplier_+,1516322602,1241396104,export
wand_damage_+%,3937523997,379328644,export
war_banner_aura_effect_+%,1099663094,2592211591,export
warcries_apply_cover_in_ash_for_X_ms,567212325,3946593978,export
warcries_cost_%_of_life,555594451,1427553227,export
warcries_knock_back_enemies,519924160,519622288,export
warcry_buff_effect_+%,939912600,3037553757,export
warcry_cooldown_modifier_ms,1125390959,1504905117,export
warcry_cooldown_speed_+%,3567604841,4159248054,export
warcry_empowers_next_x_melee_attacks,2805693978,1434716233,export
warcry_skill_area_of_effect_+%,3744236244,2567751411,export
warcry_skills_cooldown_is_4_seconds,2961664065,684268017,export
warcry_speed_+%,440716142,1316278494,export
ward_+%,3756776243,830161081,export
ward_delay_recovery_+%,773183286,1130670241,export
ward_instead_of_%_body_armour_and_evasion,2583832831,767698281,export
warden_tracker,122975569,2543266731,export
warlords_mark_curse_effect_+%,632478629,1528965411,export
warlords_mark_duration_+%,2387004358,3766479096,export
water_sphere_cold_lightning_exposure_%,3874816221,3831546273,export
water_sphere_damage_+%,3052222554,1040582501,export
weapon_physical_damage_%_to_add_as_each_element,3402803061,3913265126,export
weapon_physical_damage_%_to_add_as_random_element,665395760,1038949719,export
while_curse_is_25%_expired_hinder_enemy_%,3545964188,313419608,export
while_curse_is_50%_expired_curse_effect_+%,2258125430,2339022735,export
while_curse_is_75%_expired_enemy_damage_taken_+%,2227469742,2057136736,export
whirling_blades_attack_speed_+%,3895250721,1902197291,export
whirling_blades_damage_+%,3150284959,3723124286,export
wild_strike_damage_+%,1724616829,1666713639,export
wild_strike_num_of_additional_projectiles_in_chain,3579658152,2447447843,export
wild_strike_radius_+%,3700318065,524936200,export
winter_brand_chill_effect_+%,2222147206,1831757355,export
winter_brand_damage_+%,3098353758,770334536,export
winter_brand_max_number_of_stages_+,1718672922,35081783,export
wither_duration_+%,3392247280,447560345,export
wither_expire_speed_+%,1849535697,1625982517,export
wither_radius_+%,3818750651,1810898461,export
withered_effect_+%,2686619780,2545584555,export
withered_on_hit_chance_%_vs_cursed_enemies,1327992817,465526645,export
withered_on_hit_for_2_seconds_%_chance,3065917830,1957711555,export
wrath_aura_effect_+%,48774957,2181791238,export
wrath_mana_reservation_+%,2388430978,3600749521,export
wrath_mana_reservation_efficiency_+%,3636099213,3444518809,export+pob
wrath_mana_reservation_efficiency_-2%_per_1,3636099213,3444518809,export
wrath_reserves_no_mana,214417958,1865987277,export
x%_life_regeneration_applies_to_energy_shield_with_no_corrupted_equipped_items,15683036,1750141122,export
x_to_maximum_life_per_2_intelligence,2394077394,4284915962,export
you_and_allies_additional_block_%_if_have_attacked_recently,2007383829,1453771408,export
you_and_allies_additional_spell_block_%_if_cast_spell_recently,4060040705,1952992278,export
you_and_nearby_allies_life_regeneration_rate_per_minute_%_if_corpse_consumed_recently,465388029,4089969970,export
you_and_nearby_allies_life_regeneration_rate_per_minute_%_if_have_blocked_recently,4209140977,176085824,export
you_and_totem_life_regeneration_rate_per_minute_%_per_active_totem,3695102859,1496370423,export
you_are_cursed_with_conductivity,1172789862,4256430383,export
you_are_cursed_with_despair,3478995992,2177148618,export
you_are_cursed_with_elemental_weakness,3880394339,916233227,export
you_are_cursed_with_enfeeble,2573552440,2102270408,export
you_are_cursed_with_flammability,3733013502,469425157,export
you_are_cursed_with_frostbite,1513039700,469418792,export
you_are_cursed_with_temporal_chains,2755829736,226443538,export
you_are_cursed_with_vulnerability,2258358089,3947740014,export+pob
you_cannot_be_hindered,4173144287,721014846,export
you_cannot_have_non_animated_minions,2937653584,1220105149,export
you_cannot_have_non_golem_minions,1397945178,1826605755,export
you_cannot_have_non_spectre_minions,3343621910,2836980154,export
you_cannot_inflict_curses,2709324241,1925222248,export
you_count_as_full_life_while_affected_by_vulnerability,1227795122,3257374551,export
you_count_as_low_life_while_affected_by_vulnerability,2215448036,2304300603,export
you_have_no_armour_or_energy_shield,4273144712,3591359751,export
you_have_zealots_oath_if_you_havent_been_hit_recently,1167548356,2391255504,export
your_ailments_deal_damage_faster_%_while_affected_by_malevolence,1552008965,3468843137,export
your_attacks_cannot_be_blocked,1735304240,4136294199,export
your_auras_except_anger_are_disabled,3871145170,2185337019,export
your_auras_except_clarity_are_disabled,3031032349,2010835448,export
your_auras_except_determination_are_disabled,1874802298,460973817,export
your_auras_except_discipline_are_disabled,1705763571,2204523353,export
your_auras_except_grace_are_disabled,1018178827,1747401945,export
your_auras_except_haste_are_disabled,2142321805,3067441492,export
your_auras_except_hatred_are_disabled,2922194189,3348211884,export
your_auras_except_malevolence_are_disabled,2091547464,3540033124,export
your_auras_except_precision_are_disabled,3685177567,2800254163,export
your_auras_except_pride_are_disabled,3581431639,3970941380,export
your_auras_except_purity_of_elements_are_disabled,2818271236,2225434657,export
your_auras_except_purity_of_fire_are_disabled,2849798958,3192291777,export
your_auras_except_purity_of_ice_are_disabled,3227310192,2517644375,export
your_auras_except_purity_of_lightning_are_disabled,835994222,2523986538,export
your_auras_except_vitality_are_disabled,3236640971,110034065,export
your_auras_except_wrath_are_disabled,881566649,3292388799,export
your_auras_except_zealotry_are_disabled,3682954841,374559518,export
your_charges_cannot_be_stolen,3919954558,1455353008,export
your_consecrated_ground_effect_lingers_for_ms_after_leaving_the_area,1213210200,4113372195,export
your_consecrated_ground_grants_max_chaos_resistance_+,3614562444,1235229114,export
your_marks_transfer_to_nearby_enemies_on_death_%_chance,3583815975,1104120660,export
your_minions_gain_added_physical_damage_equal_to_%_of_energy_shield_on_helmet,3062020568,2268802111,export
your_movement_skills_are_disabled,3453925276,86000920,export
your_profane_ground_effect_lingers_for_ms_after_leaving_the_area,382927587,3636871122,export
your_skeletons_gain_added_chaos_damage_equal_to_%_of_energy_shield_on_shield,1550406870,1475598909,export
your_spells_are_disabled,1694447490,1981749265,export
your_spells_cannot_be_suppressed,969272480,870219767,export
your_travel_skills_except_dash_are_disabled,2042093931,3066073024,export
your_warcry_skills_are_disabled,1535774198,345628839,export
zealotry_aura_effect_+%,2390833466,4096052153,export
zealotry_mana_reservation_+%,1382528159,478612089,export
zealotry_mana_reservation_efficiency_+%,3145664754,168308685,export+pob
zealotry_mana_reservation_efficiency_-2%_per_1,3226947945,4216444167,export
zealotry_reserves_no_mana,844512614,1741242318,export
zero_chaos_resistance,3641049401,2439129490,export
zero_elemental_resistance,3817452802,85576425,export
zombie_attack_speed_+%,1843983168,2499559911,export
zombie_chaos_elemental_damage_resistance_%,550328818,3150000576,export
zombie_damage_+%,3552891477,2228518621,export
zombie_damage_leeched_as_energy_shield_to_you_permyriad_if_over_1000_intelligence,452460048,1919087214,export
zombie_damage_leeched_as_life_to_you_permyriad_if_over_1000_strength,2010617577,2802263253,export
zombie_elemental_resistances_%,1431983519,2871777604,export
zombie_explode_on_kill_%_fire_damage_to_deal,431929472,2857427872,export
zombie_maximum_life_+,638711453,4116579804,export
zombie_physical_damage_+%_final,1738530432,568070507,export
zombie_scale_+%,523850934,3563667308,export
